ISO-10303-21;
HEADER;
FILE_DESCRIPTION (( 'STEP AP203' ),
    '1' );
FILE_NAME ('600mmAlExt.step',
    '2026-08-22T11:38:46',
    ( '' ),
    ( '' ),
    'SwSTEP 2.0',
    'SolidWorks 2026',
    '' );
FILE_SCHEMA (( 'CONFIG_CONTROL_DESIGN' ));
ENDSEC;

DATA;
#1 = LINE ( 'NONE', #1095, #263 ) ;
#2 = AXIS2_PLACEMENT_3D ( 'NONE', #1455, #242, #105 ) ;
#3 = ORIENTED_EDGE ( 'NONE', *, *, #1176, .F. ) ;
#4 = ORIENTED_EDGE ( 'NONE', *, *, #246, .T. ) ;
#5 = LINE ( 'NONE', #1110, #545 ) ;
#6 = CARTESIAN_POINT ( 'NONE',  ( -1.103293939535485491, 600.0000000000000000, -1.143609452747016419 ) ) ;
#7 = CARTESIAN_POINT ( 'NONE',  ( -5.087621801062966576, 0.000000000000000000, -8.315956369597751419 ) ) ;
#8 = EDGE_CURVE ( 'NONE', #838, #1526, #1655, .T. ) ;
#9 = DIRECTION ( 'NONE',  ( -0.7100591715976337648, 0.000000000000000000, -0.7041420118343189039 ) ) ;
#10 = EDGE_LOOP ( 'NONE', ( #1460, #1442, #527, #1753 ) ) ;
#11 = PERSON_AND_ORGANIZATION ( #1332, #1760 ) ;
#12 = DIRECTION ( 'NONE',  ( 1.000000000000000000, -0.000000000000000000, 0.000000000000000000 ) ) ;
#13 = ORIENTED_EDGE ( 'NONE', *, *, #739, .F. ) ;
#14 = ORIENTED_EDGE ( 'NONE', *, *, #1039, .F. ) ;
#15 = DIRECTION ( 'NONE',  ( -8.673617379884035472E-17, 0.000000000000000000, -1.000000000000000000 ) ) ;
#16 = ORIENTED_EDGE ( 'NONE', *, *, #1727, .F. ) ;
#17 = LINE ( 'NONE', #1757, #70 ) ;
#18 = VECTOR ( 'NONE', #1730, 1000.000000000000000 ) ;
#19 = CARTESIAN_POINT ( 'NONE',  ( -2.660795067367058842, 0.000000000000000000, -10.10045085163731748 ) ) ;
#20 = ORIENTED_EDGE ( 'NONE', *, *, #1543, .F. ) ;
#21 = DIRECTION ( 'NONE',  ( 1.000000000000000000, 0.000000000000000000, -2.430272961665444135E-15 ) ) ;
#22 = CARTESIAN_POINT ( 'NONE',  ( -3.300930889375950805, 600.0000000000000000, -3.273423131964485311 ) ) ;
#23 = ORIENTED_EDGE ( 'NONE', *, *, #1201, .F. ) ;
#24 = ORIENTED_EDGE ( 'NONE', *, *, #1091, .F. ) ;
#25 = EDGE_CURVE ( 'NONE', #1739, #1750, #705, .T. ) ;
#26 = DIRECTION ( 'NONE',  ( -0.7041420118343195700, 0.000000000000000000, -0.7100591715976332097 ) ) ;
#27 = ORIENTED_EDGE ( 'NONE', *, *, #25, .T. ) ;
#28 = DIRECTION ( 'NONE',  ( 0.7185108077017455797, 0.000000000000000000, -0.6955157936494219539 ) ) ;
#29 = CARTESIAN_POINT ( 'NONE',  ( -9.595795067367058451, 0.000000000000000000, 7.099549148362684470 ) ) ;
#30 = EDGE_LOOP ( 'NONE', ( #1309, #1695, #166, #1063 ) ) ;
#31 = DIRECTION ( 'NONE',  ( -0.000000000000000000, -1.000000000000000000, -0.000000000000000000 ) ) ;
#32 = AXIS2_PLACEMENT_3D ( 'NONE', #1570, #1050, #1594 ) ;
#33 = ORIENTED_EDGE ( 'NONE', *, *, #1603, .T. ) ;
#34 = CARTESIAN_POINT ( 'NONE',  ( 3.708518230849593866, 600.0000000000000000, -3.677613912259180662 ) ) ;
#35 = CARTESIAN_POINT ( 'NONE',  ( 0.7903489696169425649, 0.000000000000000000, -0.8164793405280369454 ) ) ;
#36 = VECTOR ( 'NONE', #578, 1000.000000000000000 ) ;
#37 = FACE_OUTER_BOUND ( 'NONE', #759, .T. ) ;
#38 = EDGE_CURVE ( 'NONE', #435, #1340, #817, .T. ) ;
#39 = LINE ( 'NONE', #1282, #447 ) ;
#40 = ORIENTED_EDGE ( 'NONE', *, *, #1048, .F. ) ;
#41 = VERTEX_POINT ( 'NONE', #1100 ) ;
#42 = PLANE ( 'NONE',  #882 ) ;
#43 = DIRECTION ( 'NONE',  ( -2.501839987839680395E-15, 0.000000000000000000, -1.000000000000000000 ) ) ;
#44 = FACE_OUTER_BOUND ( 'NONE', #10, .T. ) ;
#45 = EDGE_CURVE ( 'NONE', #1600, #399, #449, .T. ) ;
#46 = CARTESIAN_POINT ( 'NONE',  ( -9.595795067367060227, 0.000000000000000000, -10.90045085163731464 ) ) ;
#47 = VECTOR ( 'NONE', #932, 1000.000000000000000 ) ;
#48 = ORIENTED_EDGE ( 'NONE', *, *, #97, .F. ) ;
#49 = VECTOR ( 'NONE', #1608, 1000.000000000000000 ) ;
#50 = EDGE_CURVE ( 'NONE', #553, #1631, #981, .T. ) ;
#51 = DIRECTION ( 'NONE',  ( -1.000000000000000000, 0.000000000000000000, 2.430272961665491466E-15 ) ) ;
#52 = PLANE ( 'NONE',  #785 ) ;
#53 = CARTESIAN_POINT ( 'NONE',  ( -8.595795067367060227, 600.0000000000000000, 8.099549148362683582 ) ) ;
#54 = ORIENTED_EDGE ( 'NONE', *, *, #743, .F. ) ;
#55 = CARTESIAN_POINT ( 'NONE',  ( 9.404204932632943326, 0.000000000000000000, 7.099549148362684470 ) ) ;
#56 = AXIS2_PLACEMENT_3D ( 'NONE', #1171, #95, #1720 ) ;
#57 = DIRECTION ( 'NONE',  ( -0.000000000000000000, -1.000000000000000000, -0.000000000000000000 ) ) ;
#58 = AXIS2_PLACEMENT_3D ( 'NONE', #913, #1183, #767 ) ;
#59 = CARTESIAN_POINT ( 'NONE',  ( 4.304204932632917924, 600.0000000000000000, -4.965450851637291940 ) ) ;
#60 = EDGE_CURVE ( 'NONE', #64, #1431, #847, .T. ) ;
#61 = ORIENTED_EDGE ( 'NONE', *, *, #442, .F. ) ;
#62 = PLANE ( 'NONE',  #952 ) ;
#63 = CARTESIAN_POINT ( 'NONE',  ( 0.7903489696169425649, 600.0000000000000000, -0.8164793405280369454 ) ) ;
#64 = VERTEX_POINT ( 'NONE', #1547 ) ;
#65 = LINE ( 'NONE', #613, #833 ) ;
#66 = PERSON_AND_ORGANIZATION ( #1332, #1760 ) ;
#67 = EDGE_CURVE ( 'NONE', #1190, #877, #1688, .T. ) ;
#68 = ORIENTED_EDGE ( 'NONE', *, *, #357, .T. ) ;
#69 = LINE ( 'NONE', #1528, #1769 ) ;
#70 = VECTOR ( 'NONE', #161, 1000.000000000000000 ) ;
#71 = CARTESIAN_POINT ( 'NONE',  ( 1.492998484843117923, 0.000000000000000000, -1.547554209282115067 ) ) ;
#72 = EDGE_CURVE ( 'NONE', #516, #1431, #856, .T. ) ;
#73 = CC_DESIGN_PERSON_AND_ORGANIZATION_ASSIGNMENT ( #66, #201, ( #737 ) ) ;
#74 = AXIS2_PLACEMENT_3D ( 'NONE', #1454, #777, #1318 ) ;
#75 = CARTESIAN_POINT ( 'NONE',  ( -9.595795067367058451, 600.0000000000000000, 7.099549148362684470 ) ) ;
#76 = ORIENTED_EDGE ( 'NONE', *, *, #50, .T. ) ;
#77 = DIRECTION ( 'NONE',  ( -0.7041420118343195700, 0.000000000000000000, 0.7100591715976330986 ) ) ;
#78 = LINE ( 'NONE', #988, #1000 ) ;
#79 = LINE ( 'NONE', #373, #230 ) ;
#80 = EDGE_CURVE ( 'NONE', #841, #1194, #1103, .T. ) ;
#81 = AXIS2_PLACEMENT_3D ( 'NONE', #1464, #288, #437 ) ;
#82 = FACE_OUTER_BOUND ( 'NONE', #452, .T. ) ;
#83 = ORIENTED_EDGE ( 'NONE', *, *, #60, .F. ) ;
#84 = LINE ( 'NONE', #637, #130 ) ;
#85 = EDGE_CURVE ( 'NONE', #265, #1265, #465, .T. ) ;
#86 = VECTOR ( 'NONE', #736, 1000.000000000000114 ) ;
#87 = DIRECTION ( 'NONE',  ( 0.000000000000000000, 0.000000000000000000, -1.000000000000000000 ) ) ;
#88 = CARTESIAN_POINT ( 'NONE',  ( 8.604204932632942615, 600.0000000000000000, -4.965450851637322138 ) ) ;
#89 = FACE_OUTER_BOUND ( 'NONE', #544, .T. ) ;
#90 = ORIENTED_EDGE ( 'NONE', *, *, #334, .T. ) ;
#91 = PLANE ( 'NONE',  #1044 ) ;
#92 = EDGE_CURVE ( 'NONE', #1021, #249, #1007, .T. ) ;
#93 = DIRECTION ( 'NONE',  ( 1.000000000000000000, -0.000000000000000000, 0.000000000000000000 ) ) ;
#94 = AXIS2_PLACEMENT_3D ( 'NONE', #603, #319, #51 ) ;
#95 = DIRECTION ( 'NONE',  ( 0.7041420118343195700, -0.000000000000000000, 0.7100591715976330986 ) ) ;
#96 = VECTOR ( 'NONE', #798, 1000.000000000000000 ) ;
#97 = EDGE_CURVE ( 'NONE', #959, #213, #1561, .T. ) ;
#98 = PLANE ( 'NONE',  #1192 ) ;
#99 = VERTEX_POINT ( 'NONE', #335 ) ;
#100 =( GEOMETRIC_REPRESENTATION_CONTEXT ( 3 ) GLOBAL_UNCERTAINTY_ASSIGNED_CONTEXT ( ( #685 ) ) GLOBAL_UNIT_ASSIGNED_CONTEXT ( ( #1761, #677, #570 ) ) REPRESENTATION_CONTEXT ( 'NONE', 'WORKASPACE' ) );
#101 = CARTESIAN_POINT ( 'NONE',  ( 9.404204932632941549, 0.000000000000000000, -10.90045085163731464 ) ) ;
#102 = ORIENTED_EDGE ( 'NONE', *, *, #1398, .F. ) ;
#103 = DIRECTION ( 'NONE',  ( -1.000000000000000000, 0.000000000000000000, 5.659782955878652504E-16 ) ) ;
#104 = VERTEX_POINT ( 'NONE', #1537 ) ;
#105 = DIRECTION ( 'NONE',  ( 0.000000000000000000, 0.000000000000000000, 1.000000000000000000 ) ) ;
#106 = ADVANCED_FACE ( 'NONE', ( #1696 ), #878, .T. ) ;
#107 = LINE ( 'NONE', #533, #717 ) ;
#108 = EDGE_LOOP ( 'NONE', ( #807, #186, #1283, #405 ) ) ;
#109 = VECTOR ( 'NONE', #212, 1000.000000000000000 ) ;
#110 = DIRECTION ( 'NONE',  ( -0.000000000000000000, -1.000000000000000000, -0.000000000000000000 ) ) ;
#111 = ORIENTED_EDGE ( 'NONE', *, *, #490, .T. ) ;
#112 = CARTESIAN_POINT ( 'NONE',  ( 0.4042049326329404946, 600.0000000000000000, -1.900450851637315974 ) ) ;
#113 = LINE ( 'NONE', #1752, #519 ) ;
#114 = VECTOR ( 'NONE', #844, 1000.000000000000000 ) ;
#115 = VERTEX_POINT ( 'NONE', #873 ) ;
#116 = VERTEX_POINT ( 'NONE', #1292 ) ;
#117 = LINE ( 'NONE', #1099, #374 ) ;
#118 = ORIENTED_EDGE ( 'NONE', *, *, #185, .F. ) ;
#119 = FACE_OUTER_BOUND ( 'NONE', #565, .T. ) ;
#120 = EDGE_CURVE ( 'NONE', #838, #1359, #1243, .T. ) ;
#121 = LINE ( 'NONE', #665, #36 ) ;
#122 = ORIENTED_EDGE ( 'NONE', *, *, #1048, .T. ) ;
#123 = CARTESIAN_POINT ( 'NONE',  ( 3.469204932632941496, 600.0000000000000000, 6.299549148362684647 ) ) ;
#124 = PLANE ( 'NONE',  #1598 ) ;
#125 = VERTEX_POINT ( 'NONE', #477 ) ;
#126 = ORIENTED_EDGE ( 'NONE', *, *, #1395, .F. ) ;
#127 = LINE ( 'NONE', #1137, #1427 ) ;
#128 = ORIENTED_EDGE ( 'NONE', *, *, #1686, .T. ) ;
#129 = APPROVAL ( #1377, 'UNSPECIFIED' ) ;
#130 = VECTOR ( 'NONE', #1708, 1000.000000000000000 ) ;
#131 = CARTESIAN_POINT ( 'NONE',  ( 5.254204932632941194, 600.0000000000000000, 8.099549148362683582 ) ) ;
#132 = CARTESIAN_POINT ( 'NONE',  ( 1.492998484843117923, 600.0000000000000000, -1.547554209282115067 ) ) ;
#133 = ORIENTED_EDGE ( 'NONE', *, *, #1223, .F. ) ;
#134 = LINE ( 'NONE', #936, #1432 ) ;
#135 = ORIENTED_EDGE ( 'NONE', *, *, #1156, .T. ) ;
#136 = ORIENTED_EDGE ( 'NONE', *, *, #1727, .T. ) ;
#137 = EDGE_CURVE ( 'NONE', #461, #730, #342, .T. ) ;
#138 = CARTESIAN_POINT ( 'NONE',  ( 3.469204932632941496, 0.000000000000000000, -10.10045085163731748 ) ) ;
#139 = VERTEX_POINT ( 'NONE', #1014 ) ;
#140 = CARTESIAN_POINT ( 'NONE',  ( -2.660795067367058842, 600.0000000000000000, 6.299549148362684647 ) ) ;
#141 = VECTOR ( 'NONE', #1620, 1000.000000000000000 ) ;
#142 = DIRECTION ( 'NONE',  ( 0.7041420118343195700, 0.000000000000000000, -0.7100591715976330986 ) ) ;
#143 = ORIENTED_EDGE ( 'NONE', *, *, #926, .F. ) ;
#144 = CALENDAR_DATE ( 2026, 22, 8 ) ;
#145 = EDGE_CURVE ( 'NONE', #1265, #1190, #921, .T. ) ;
#146 = DIRECTION ( 'NONE',  ( -1.000000000000000000, 0.000000000000000000, 3.402382146331606563E-15 ) ) ;
#147 = VECTOR ( 'NONE', #1032, 1000.000000000000000 ) ;
#148 = ORIENTED_EDGE ( 'NONE', *, *, #1749, .T. ) ;
#149 = AXIS2_PLACEMENT_3D ( 'NONE', #1211, #1758, #933 ) ;
#150 = DIRECTION ( 'NONE',  ( -1.000000000000000000, 0.000000000000000000, -0.000000000000000000 ) ) ;
#151 = ORIENTED_EDGE ( 'NONE', *, *, #903, .F. ) ;
#152 = DIRECTION ( 'NONE',  ( -0.000000000000000000, -1.000000000000000000, -0.000000000000000000 ) ) ;
#153 = DIRECTION ( 'NONE',  ( 2.334660469299946561E-15, 0.000000000000000000, 1.000000000000000000 ) ) ;
#154 = ORIENTED_EDGE ( 'NONE', *, *, #1499, .F. ) ;
#155 = APPLICATION_PROTOCOL_DEFINITION ( 'international standard', 'config_control_design', 1994, #664 ) ;
#156 = EDGE_CURVE ( 'NONE', #1166, #484, #740, .T. ) ;
#157 = DIRECTION ( 'NONE',  ( -0.6955157936494249515, 0.000000000000000000, -0.7185108077017425821 ) ) ;
#158 = ORIENTED_EDGE ( 'NONE', *, *, #681, .T. ) ;
#159 = CARTESIAN_POINT ( 'NONE',  ( 0.000000000000000000, 600.0000000000000000, -10.10045085163731748 ) ) ;
#160 = DIRECTION ( 'NONE',  ( 8.673617379884035472E-17, 0.000000000000000000, 1.000000000000000000 ) ) ;
#161 = DIRECTION ( 'NONE',  ( -0.6943076225630967491, 0.000000000000000000, -0.7196783484660216335 ) ) ;
#162 = AXIS2_PLACEMENT_3D ( 'NONE', #101, #1310, #1733 ) ;
#163 = PLANE ( 'NONE',  #1575 ) ;
#164 = EDGE_LOOP ( 'NONE', ( #136, #1701, #48, #402 ) ) ;
#165 = CARTESIAN_POINT ( 'NONE',  ( 1.309203555201697736E-14, 600.0000000000000000, 3.591375882058629898 ) ) ;
#166 = ORIENTED_EDGE ( 'NONE', *, *, #825, .F. ) ;
#167 = SECURITY_CLASSIFICATION ( '', '', #462 ) ;
#168 = CARTESIAN_POINT ( 'NONE',  ( 0.4042049326329407721, 600.0000000000000000, 0.1995491483626843643 ) ) ;
#169 = DIRECTION ( 'NONE',  ( 0.000000000000000000, 0.000000000000000000, -1.000000000000000000 ) ) ;
#170 = ADVANCED_FACE ( 'NONE', ( #350 ), #62, .F. ) ;
#171 = DIRECTION ( 'NONE',  ( -0.7100591715976330986, 0.000000000000000000, 0.7041420118343195700 ) ) ;
#172 = LINE ( 'NONE', #182, #1407 ) ;
#173 = ORIENTED_EDGE ( 'NONE', *, *, #1448, .F. ) ;
#174 = LINE ( 'NONE', #842, #763 ) ;
#175 = VECTOR ( 'NONE', #1170, 999.9999999999998863 ) ;
#176 = ORIENTED_EDGE ( 'NONE', *, *, #550, .F. ) ;
#177 = LINE ( 'NONE', #724, #622 ) ;
#178 = CARTESIAN_POINT ( 'NONE',  ( 0.4042049326329404946, 600.0000000000000000, -1.900450851637315974 ) ) ;
#179 = EDGE_CURVE ( 'NONE', #804, #1750, #1426, .T. ) ;
#180 = VECTOR ( 'NONE', #820, 1000.000000000000000 ) ;
#181 = DIRECTION ( 'NONE',  ( 1.000000000000000000, 0.000000000000000000, -2.137236315371885467E-15 ) ) ;
#182 = CARTESIAN_POINT ( 'NONE',  ( 0.7903489696169425649, 600.0000000000000000, -0.8164793405280369454 ) ) ;
#183 = ORIENTED_EDGE ( 'NONE', *, *, #1271, .F. ) ;
#184 = APPROVAL_DATE_TIME ( #1019, #345 ) ;
#185 = EDGE_CURVE ( 'NONE', #376, #484, #1111, .T. ) ;
#186 = ORIENTED_EDGE ( 'NONE', *, *, #85, .T. ) ;
#187 = DIRECTION ( 'NONE',  ( 0.7041420118343195700, 0.000000000000000000, 0.7100591715976330986 ) ) ;
#188 = EDGE_CURVE ( 'NONE', #774, #912, #732, .T. ) ;
#189 = CARTESIAN_POINT ( 'NONE',  ( -7.795795067367063957, 600.0000000000000000, -7.400450851637264904 ) ) ;
#190 = CARTESIAN_POINT ( 'NONE',  ( 0.000000000000000000, 600.0000000000000000, 6.299549148362684647 ) ) ;
#191 = VECTOR ( 'NONE', #277, 1000.000000000000000 ) ;
#192 = DIRECTION ( 'NONE',  ( 0.000000000000000000, 0.000000000000000000, 1.000000000000000000 ) ) ;
#193 = COORDINATED_UNIVERSAL_TIME_OFFSET ( 0, 0, .AHEAD. ) ;
#194 = VECTOR ( 'NONE', #450, 1000.000000000000000 ) ;
#195 = EDGE_LOOP ( 'NONE', ( #1532, #797, #1607, #1022 ) ) ;
#196 = VECTOR ( 'NONE', #93, 1000.000000000000000 ) ;
#197 = CARTESIAN_POINT ( 'NONE',  ( -7.795795067367044417, 600.0000000000000000, 1.950383183654221134E-14 ) ) ;
#198 = EDGE_CURVE ( 'NONE', #376, #744, #590, .T. ) ;
#199 = DIRECTION ( 'NONE',  ( -0.7185108077017454686, 0.000000000000000000, -0.6955157936494219539 ) ) ;
#200 = LINE ( 'NONE', #1564, #379 ) ;
#201 = PERSON_AND_ORGANIZATION_ROLE ( 'design_supplier' ) ;
#202 = ORIENTED_EDGE ( 'NONE', *, *, #723, .F. ) ;
#203 = AXIS2_PLACEMENT_3D ( 'NONE', #487, #626, #502 ) ;
#204 = DIRECTION ( 'NONE',  ( 0.000000000000000000, 0.000000000000000000, 1.000000000000000000 ) ) ;
#205 = FACE_OUTER_BOUND ( 'NONE', #627, .T. ) ;
#206 = AXIS2_PLACEMENT_3D ( 'NONE', #22, #285, #657 ) ;
#207 = DIRECTION ( 'NONE',  ( 0.000000000000000000, 0.000000000000000000, 1.000000000000000000 ) ) ;
#208 = DATE_TIME_ROLE ( 'classification_date' ) ;
#209 = ORIENTED_EDGE ( 'NONE', *, *, #1346, .F. ) ;
#210 = EDGE_CURVE ( 'NONE', #1222, #1625, #1279, .T. ) ;
#211 = LINE ( 'NONE', #1440, #602 ) ;
#212 = DIRECTION ( 'NONE',  ( -0.000000000000000000, -1.000000000000000000, -0.000000000000000000 ) ) ;
#213 = VERTEX_POINT ( 'NONE', #866 ) ;
#214 = LINE ( 'NONE', #388, #483 ) ;
#215 = EDGE_LOOP ( 'NONE', ( #1230, #1408, #316, #892 ) ) ;
#216 = EDGE_CURVE ( 'NONE', #538, #1029, #1143, .T. ) ;
#217 = DIRECTION ( 'NONE',  ( -1.000000000000000000, 0.000000000000000000, 3.645409442498240749E-15 ) ) ;
#218 = CARTESIAN_POINT ( 'NONE',  ( 10.40420493263294155, 600.0000000000000000, 7.099549148362684470 ) ) ;
#219 = APPROVAL_PERSON_ORGANIZATION ( #271, #1274, #955 ) ;
#220 = DIRECTION ( 'NONE',  ( -0.000000000000000000, 1.000000000000000000, -0.000000000000000000 ) ) ;
#221 = VERTEX_POINT ( 'NONE', #235 ) ;
#222 = ADVANCED_FACE ( 'NONE', ( #1040 ), #1585, .T. ) ;
#223 = CARTESIAN_POINT ( 'NONE',  ( -2.660795067367058842, 0.000000000000000000, 1.999549148362684825 ) ) ;
#224 = FACE_OUTER_BOUND ( 'NONE', #941, .T. ) ;
#225 = CARTESIAN_POINT ( 'NONE',  ( -6.011300585327465029, 0.000000000000000000, -7.400450851637269345 ) ) ;
#226 = VECTOR ( 'NONE', #895, 1000.000000000000000 ) ;
#227 = ADVANCED_FACE ( 'NONE', ( #778 ), #786, .F. ) ;
#228 = DIRECTION ( 'NONE',  ( 0.7100591715976330986, 0.000000000000000000, -0.7041420118343195700 ) ) ;
#229 = VERTEX_POINT ( 'NONE', #907 ) ;
#230 = VECTOR ( 'NONE', #383, 1000.000000000000000 ) ;
#231 = FACE_OUTER_BOUND ( 'NONE', #1709, .T. ) ;
#232 = ORIENTED_EDGE ( 'NONE', *, *, #80, .F. ) ;
#233 = DIRECTION ( 'NONE',  ( 8.673617379884035472E-17, 0.000000000000000000, 1.000000000000000000 ) ) ;
#234 = ADVANCED_FACE ( 'NONE', ( #1196 ), #1328, .T. ) ;
#235 = CARTESIAN_POINT ( 'NONE',  ( -2.660795067367058842, 0.000000000000000000, 6.299549148362684647 ) ) ;
#236 = LINE ( 'NONE', #515, #794 ) ;
#237 = ORIENTED_EDGE ( 'NONE', *, *, #1548, .F. ) ;
#238 = PLANE ( 'NONE',  #58 ) ;
#239 = PLANE ( 'NONE',  #1326 ) ;
#240 = EDGE_LOOP ( 'NONE', ( #896, #270, #1639, #1707 ) ) ;
#241 = VECTOR ( 'NONE', #1553, 1000.000000000000000 ) ;
#242 = DIRECTION ( 'NONE',  ( 0.000000000000000000, 1.000000000000000000, -0.000000000000000000 ) ) ;
#243 = VECTOR ( 'NONE', #1303, 1000.000000000000000 ) ;
#244 = DIRECTION ( 'NONE',  ( -0.000000000000000000, -1.000000000000000000, -0.000000000000000000 ) ) ;
#245 = EDGE_LOOP ( 'NONE', ( #1731, #111, #703, #302 ) ) ;
#246 = EDGE_CURVE ( 'NONE', #744, #444, #1163, .T. ) ;
#247 = CC_DESIGN_APPROVAL ( #1274, ( #1209 ) ) ;
#248 = CARTESIAN_POINT ( 'NONE',  ( -1.103293939535485491, 600.0000000000000000, -1.143609452747016419 ) ) ;
#249 = VERTEX_POINT ( 'NONE', #225 ) ;
#250 = DIRECTION ( 'NONE',  ( -0.000000000000000000, -1.000000000000000000, -0.000000000000000000 ) ) ;
#251 = ORIENTED_EDGE ( 'NONE', *, *, #327, .F. ) ;
#252 = VERTEX_POINT ( 'NONE', #1434 ) ;
#253 = DIRECTION ( 'NONE',  ( 1.000000000000000000, 0.000000000000000000, -5.659782955878652504E-16 ) ) ;
#254 = EDGE_LOOP ( 'NONE', ( #1479, #1552, #1486, #128 ) ) ;
#255 = AXIS2_PLACEMENT_3D ( 'NONE', #1218, #554, #15 ) ;
#256 = EDGE_CURVE ( 'NONE', #139, #1021, #754, .T. ) ;
#257 = LINE ( 'NONE', #279, #96 ) ;
#258 = PLANE ( 'NONE',  #1267 ) ;
#259 = EDGE_CURVE ( 'NONE', #252, #116, #908, .T. ) ;
#260 = ORIENTED_EDGE ( 'NONE', *, *, #1398, .T. ) ;
#261 = DIRECTION ( 'NONE',  ( 1.000000000000000000, 0.000000000000000000, 0.000000000000000000 ) ) ;
#262 = LINE ( 'NONE', #668, #1744 ) ;
#263 = VECTOR ( 'NONE', #529, 1000.000000000000000 ) ;
#264 = EDGE_LOOP ( 'NONE', ( #861, #275, #1618, #693, #24, #573, #202, #934, #552, #534, #1653, #520, #389, #1658, #470, #333, #1075, #1079, #237, #803, #423, #102, #644, #1011, #173, #958, #1636, #503, #118, #1289, #1276, #630, #984, #54, #931, #420, #780, #814, #403, #581, #1245, #158, #20, #669, #340, #126, #286, #1348 ) ) ;
#265 = VERTEX_POINT ( 'NONE', #218 ) ;
#266 = CARTESIAN_POINT ( 'NONE',  ( -8.595795067367062003, 600.0000000000000000, -11.90045085163731642 ) ) ;
#267 = ORIENTED_EDGE ( 'NONE', *, *, #743, .T. ) ;
#268 = DIRECTION ( 'NONE',  ( 0.000000000000000000, 0.000000000000000000, 1.000000000000000000 ) ) ;
#269 = LINE ( 'NONE', #1770, #300 ) ;
#270 = ORIENTED_EDGE ( 'NONE', *, *, #334, .F. ) ;
#271 = PERSON_AND_ORGANIZATION ( #1332, #1760 ) ;
#272 = CARTESIAN_POINT ( 'NONE',  ( -8.595795067367062003, 600.0000000000000000, -11.90045085163731642 ) ) ;
#273 = EDGE_CURVE ( 'NONE', #435, #1021, #770, .T. ) ;
#274 = VERTEX_POINT ( 'NONE', #1319 ) ;
#275 = ORIENTED_EDGE ( 'NONE', *, *, #1302, .T. ) ;
#276 = CARTESIAN_POINT ( 'NONE',  ( -6.011300585327472135, 600.0000000000000000, 3.591375882058586821 ) ) ;
#277 = DIRECTION ( 'NONE',  ( 0.7100591715976332097, 0.000000000000000000, -0.7041420118343195700 ) ) ;
#278 = VECTOR ( 'NONE', #1466, 999.9999999999998863 ) ;
#279 = CARTESIAN_POINT ( 'NONE',  ( 10.40420493263294155, 600.0000000000000000, -6.750450851637320504 ) ) ;
#280 = EDGE_CURVE ( 'NONE', #1051, #249, #1314, .T. ) ;
#281 = LOCAL_TIME ( 12, 38, 46.00000000000000000, #284 ) ;
#282 = CARTESIAN_POINT ( 'NONE',  ( -1.400546577805566351, 600.0000000000000000, 1.388875356323853394 ) ) ;
#283 = ORIENTED_EDGE ( 'NONE', *, *, #1268, .T. ) ;
#284 = COORDINATED_UNIVERSAL_TIME_OFFSET ( 0, 0, .AHEAD. ) ;
#285 = DIRECTION ( 'NONE',  ( 0.7100591715976330986, -0.000000000000000000, 0.7041420118343195700 ) ) ;
#286 = ORIENTED_EDGE ( 'NONE', *, *, #1169, .T. ) ;
#287 = ORIENTED_EDGE ( 'NONE', *, *, #723, .T. ) ;
#288 = DIRECTION ( 'NONE',  ( 1.000000000000000000, 0.000000000000000000, -8.673617379884035472E-17 ) ) ;
#289 = VERTEX_POINT ( 'NONE', #1055 ) ;
#290 = EDGE_CURVE ( 'NONE', #454, #1265, #1737, .T. ) ;
#291 = CARTESIAN_POINT ( 'NONE',  ( 6.819710450593335693, 600.0000000000000000, -7.400450851637299543 ) ) ;
#292 = LINE ( 'NONE', #1669, #944 ) ;
#293 = ORIENTED_EDGE ( 'NONE', *, *, #596, .T. ) ;
#294 = APPROVAL_DATE_TIME ( #1246, #1274 ) ;
#295 = CARTESIAN_POINT ( 'NONE',  ( -8.595795067367062003, 0.000000000000000000, -10.90045085163731464 ) ) ;
#296 = VECTOR ( 'NONE', #597, 999.9999999999998863 ) ;
#297 = ORIENTED_EDGE ( 'NONE', *, *, #308, .F. ) ;
#298 = ORIENTED_EDGE ( 'NONE', *, *, #1566, .T. ) ;
#299 = EDGE_CURVE ( 'NONE', #1621, #1142, #641, .T. ) ;
#300 = VECTOR ( 'NONE', #1342, 1000.000000000000000 ) ;
#301 = CARTESIAN_POINT ( 'NONE',  ( 1.309203555201697736E-14, 0.000000000000000000, 3.591375882058629898 ) ) ;
#302 = ORIENTED_EDGE ( 'NONE', *, *, #1123, .F. ) ;
#303 = CARTESIAN_POINT ( 'NONE',  ( -9.595795067367058451, 600.0000000000000000, 8.323025487012041902E-16 ) ) ;
#304 = DIRECTION ( 'NONE',  ( -1.000000000000000000, 0.000000000000000000, 0.000000000000000000 ) ) ;
#305 = ORIENTED_EDGE ( 'NONE', *, *, #1749, .F. ) ;
#306 = LINE ( 'NONE', #551, #114 ) ;
#307 = VERTEX_POINT ( 'NONE', #88 ) ;
#308 = EDGE_CURVE ( 'NONE', #1300, #1431, #1178, .T. ) ;
#309 = DIRECTION ( 'NONE',  ( -0.000000000000000000, -1.000000000000000000, -0.000000000000000000 ) ) ;
#310 = DIRECTION ( 'NONE',  ( -2.501839987839680395E-15, 0.000000000000000000, -1.000000000000000000 ) ) ;
#311 = CARTESIAN_POINT ( 'NONE',  ( 3.469204932632942384, 0.000000000000000000, -5.800450851637321215 ) ) ;
#312 = VECTOR ( 'NONE', #1089, 1000.000000000000000 ) ;
#313 = DIRECTION ( 'NONE',  ( 8.673617379884035472E-17, 0.000000000000000000, 1.000000000000000000 ) ) ;
#314 = ORIENTED_EDGE ( 'NONE', *, *, #1468, .T. ) ;
#315 = CARTESIAN_POINT ( 'NONE',  ( 6.819710450593385431, 600.0000000000000000, 3.591375882058604585 ) ) ;
#316 = ORIENTED_EDGE ( 'NONE', *, *, #539, .T. ) ;
#317 = VECTOR ( 'NONE', #1195, 1000.000000000000000 ) ;
#318 = DIRECTION ( 'NONE',  ( 0.000000000000000000, 0.000000000000000000, 1.000000000000000000 ) ) ;
#319 = DIRECTION ( 'NONE',  ( -2.430272961665491466E-15, 0.000000000000000000, -1.000000000000000000 ) ) ;
#320 = LINE ( 'NONE', #598, #1391 ) ;
#321 = EDGE_CURVE ( 'NONE', #116, #252, #1288, .T. ) ;
#322 = FACE_OUTER_BOUND ( 'NONE', #986, .T. ) ;
#323 = ORIENTED_EDGE ( 'NONE', *, *, #1302, .F. ) ;
#324 = DATE_AND_TIME ( #862, #429 ) ;
#325 = VECTOR ( 'NONE', #1349, 1000.000000000000000 ) ;
#326 = ORIENTED_EDGE ( 'NONE', *, *, #145, .F. ) ;
#327 = EDGE_CURVE ( 'NONE', #761, #1161, #522, .T. ) ;
#328 = LINE ( 'NONE', #301, #577 ) ;
#329 = CARTESIAN_POINT ( 'NONE',  ( -1.400546577805566351, 0.000000000000000000, 1.388875356323853394 ) ) ;
#330 = CARTESIAN_POINT ( 'NONE',  ( -7.795795067367058628, 600.0000000000000000, -4.965450851637321250 ) ) ;
#331 = DIRECTION ( 'NONE',  ( -3.574057125485275739E-15, 0.000000000000000000, -1.000000000000000000 ) ) ;
#332 = DIRECTION ( 'NONE',  ( 0.000000000000000000, 0.000000000000000000, 1.000000000000000000 ) ) ;
#333 = ORIENTED_EDGE ( 'NONE', *, *, #843, .T. ) ;
#334 = EDGE_CURVE ( 'NONE', #937, #221, #211, .T. ) ;
#335 = CARTESIAN_POINT ( 'NONE',  ( 5.254204932632941194, 600.0000000000000000, 8.099549148362683582 ) ) ;
#336 = CARTESIAN_POINT ( 'NONE',  ( 0.7917581168980944994, 600.0000000000000000, -0.7664189169459756368 ) ) ;
#337 = VECTOR ( 'NONE', #1023, 1000.000000000000000 ) ;
#338 = LINE ( 'NONE', #876, #654 ) ;
#339 = AXIS2_PLACEMENT_3D ( 'NONE', #662, #1487, #268 ) ;
#340 = ORIENTED_EDGE ( 'NONE', *, *, #973, .T. ) ;
#341 = VECTOR ( 'NONE', #1599, 1000.000000000000000 ) ;
#342 = LINE ( 'NONE', #747, #1320 ) ;
#343 = FACE_OUTER_BOUND ( 'NONE', #1611, .T. ) ;
#344 = EDGE_CURVE ( 'NONE', #1600, #435, #508, .T. ) ;
#345 = APPROVAL ( #1573, 'UNSPECIFIED' ) ;
#346 = DIRECTION ( 'NONE',  ( 1.000000000000000000, 0.000000000000000000, -2.430272961665491466E-15 ) ) ;
#347 = APPROVAL_DATE_TIME ( #324, #129 ) ;
#348 = VERTEX_POINT ( 'NONE', #1593 ) ;
#349 = AXIS2_PLACEMENT_3D ( 'NONE', #816, #1755, #961 ) ;
#350 = FACE_OUTER_BOUND ( 'NONE', #1355, .T. ) ;
#351 = CARTESIAN_POINT ( 'NONE',  ( -2.517916185241519939E-14, 600.0000000000000000, -7.400450851637275562 ) ) ;
#352 = ORIENTED_EDGE ( 'NONE', *, *, #1005, .T. ) ;
#353 = AXIS2_PLACEMENT_3D ( 'NONE', #1232, #698, #9 ) ;
#354 = DIRECTION ( 'NONE',  ( -3.820353495218088492E-15, 0.000000000000000000, -1.000000000000000000 ) ) ;
#355 = ORIENTED_EDGE ( 'NONE', *, *, #455, .F. ) ;
#356 = DIRECTION ( 'NONE',  ( 0.000000000000000000, 0.000000000000000000, -1.000000000000000000 ) ) ;
#357 = EDGE_CURVE ( 'NONE', #1475, #1508, #79, .T. ) ;
#358 = CARTESIAN_POINT ( 'NONE',  ( -6.011300585327465029, 600.0000000000000000, -7.400450851637269345 ) ) ;
#359 = CARTESIAN_POINT ( 'NONE',  ( 9.404204932632943326, 600.0000000000000000, 7.099549148362684470 ) ) ;
#360 = VERTEX_POINT ( 'NONE', #1187 ) ;
#361 = DIRECTION ( 'NONE',  ( -0.000000000000000000, -1.000000000000000000, 0.000000000000000000 ) ) ;
#362 = ORIENTED_EDGE ( 'NONE', *, *, #1543, .T. ) ;
#363 = DIRECTION ( 'NONE',  ( 0.000000000000000000, 1.000000000000000000, -0.000000000000000000 ) ) ;
#364 = VECTOR ( 'NONE', #1476, 1000.000000000000000 ) ;
#365 = ADVANCED_FACE ( 'NONE', ( #1762 ), #1106, .F. ) ;
#366 = DIRECTION ( 'NONE',  ( 1.000000000000000000, 0.000000000000000000, 0.000000000000000000 ) ) ;
#367 = DIRECTION ( 'NONE',  ( -0.7041420118343182377, 0.000000000000000000, 0.7100591715976344309 ) ) ;
#368 = ORIENTED_EDGE ( 'NONE', *, *, #1527, .F. ) ;
#369 = DIRECTION ( 'NONE',  ( -0.000000000000000000, -1.000000000000000000, -0.000000000000000000 ) ) ;
#370 = ADVANCED_FACE ( 'NONE', ( #1214 ), #124, .T. ) ;
#371 = CARTESIAN_POINT ( 'NONE',  ( -5.087621801062966576, 600.0000000000000000, -8.315956369597751419 ) ) ;
#372 = ORIENTED_EDGE ( 'NONE', *, *, #625, .F. ) ;
#373 = CARTESIAN_POINT ( 'NONE',  ( 10.40420493263294155, 0.000000000000000000, -9.024209272756028056E-16 ) ) ;
#374 = VECTOR ( 'NONE', #930, 1000.000000000000000 ) ;
#375 = LINE ( 'NONE', #1706, #226 ) ;
#376 = VERTEX_POINT ( 'NONE', #401 ) ;
#377 = VECTOR ( 'NONE', #1298, 1000.000000000000000 ) ;
#378 = LINE ( 'NONE', #1443, #507 ) ;
#379 = VECTOR ( 'NONE', #346, 1000.000000000000000 ) ;
#380 = ORIENTED_EDGE ( 'NONE', *, *, #478, .F. ) ;
#381 = CARTESIAN_POINT ( 'NONE',  ( 0.000000000000000000, 600.0000000000000000, 6.299549148362684647 ) ) ;
#382 = ORIENTED_EDGE ( 'NONE', *, *, #995, .F. ) ;
#383 = DIRECTION ( 'NONE',  ( 8.673617379884035472E-17, 0.000000000000000000, 1.000000000000000000 ) ) ;
#384 = DIRECTION ( 'NONE',  ( 8.673617379884035472E-17, 0.000000000000000000, 1.000000000000000000 ) ) ;
#385 = EDGE_CURVE ( 'NONE', #99, #877, #134, .T. ) ;
#386 = CARTESIAN_POINT ( 'NONE',  ( 8.604204932632947944, 0.000000000000000000, 3.591375882058598812 ) ) ;
#387 = ORIENTED_EDGE ( 'NONE', *, *, #501, .T. ) ;
#388 = CARTESIAN_POINT ( 'NONE',  ( 3.469204932632941496, 600.0000000000000000, 1.999549148362688156 ) ) ;
#389 = ORIENTED_EDGE ( 'NONE', *, *, #8, .F. ) ;
#390 = DIRECTION ( 'NONE',  ( 0.000000000000000000, 0.000000000000000000, -1.000000000000000000 ) ) ;
#391 = EDGE_LOOP ( 'NONE', ( #1722, #382, #154, #1425 ) ) ;
#392 = DIRECTION ( 'NONE',  ( -0.000000000000000000, -1.000000000000000000, -0.000000000000000000 ) ) ;
#393 = EDGE_CURVE ( 'NONE', #1249, #1756, #262, .T. ) ;
#394 = AXIS2_PLACEMENT_3D ( 'NONE', #1394, #1563, #1016 ) ;
#395 = CARTESIAN_POINT ( 'NONE',  ( 5.904204932632940661, 0.000000000000000000, 4.515054666323120358 ) ) ;
#396 = ORIENTED_EDGE ( 'NONE', *, *, #995, .T. ) ;
#397 = LINE ( 'NONE', #291, #1353 ) ;
#398 = EDGE_CURVE ( 'NONE', #1117, #831, #813, .T. ) ;
#399 = VERTEX_POINT ( 'NONE', #540 ) ;
#400 = CARTESIAN_POINT ( 'NONE',  ( 10.40420493263293977, 600.0000000000000000, -10.90045085163731464 ) ) ;
#401 = CARTESIAN_POINT ( 'NONE',  ( -7.795795067367063957, 600.0000000000000000, -7.400450851637264904 ) ) ;
#402 = ORIENTED_EDGE ( 'NONE', *, *, #512, .T. ) ;
#403 = ORIENTED_EDGE ( 'NONE', *, *, #478, .T. ) ;
#404 = PLANE ( 'NONE',  #859 ) ;
#405 = ORIENTED_EDGE ( 'NONE', *, *, #512, .F. ) ;
#406 = VECTOR ( 'NONE', #1401, 999.9999999999998863 ) ;
#407 = DIRECTION ( 'NONE',  ( 8.673617379884035472E-17, 0.000000000000000000, 1.000000000000000000 ) ) ;
#408 = ADVANCED_FACE ( 'NONE', ( #1513 ), #1084, .F. ) ;
#409 = FACE_OUTER_BOUND ( 'NONE', #1125, .T. ) ;
#410 = ORIENTED_EDGE ( 'NONE', *, *, #256, .T. ) ;
#411 = MECHANICAL_CONTEXT ( 'NONE', #664, 'mechanical' ) ;
#412 = CARTESIAN_POINT ( 'NONE',  ( -4.445795067367058984, 600.0000000000000000, -11.90045085163731642 ) ) ;
#413 = CIRCLE ( 'NONE', #799, 1.000000000000000888 ) ;
#414 = VERTEX_POINT ( 'NONE', #412 ) ;
#415 = EDGE_CURVE ( 'NONE', #730, #1492, #497, .T. ) ;
#416 = CARTESIAN_POINT ( 'NONE',  ( 8.604204932632947944, 600.0000000000000000, 3.591375882058598812 ) ) ;
#417 = ORIENTED_EDGE ( 'NONE', *, *, #185, .T. ) ;
#418 = LINE ( 'NONE', #951, #1301 ) ;
#419 = CARTESIAN_POINT ( 'NONE',  ( -3.283025528180589347, 0.000000000000000000, -3.310613977997233004 ) ) ;
#420 = ORIENTED_EDGE ( 'NONE', *, *, #25, .F. ) ;
#421 = DIRECTION ( 'NONE',  ( 0.000000000000000000, 0.000000000000000000, 1.000000000000000000 ) ) ;
#422 = DIRECTION ( 'NONE',  ( 0.000000000000000000, 0.000000000000000000, -1.000000000000000000 ) ) ;
#423 = ORIENTED_EDGE ( 'NONE', *, *, #926, .T. ) ;
#424 = VECTOR ( 'NONE', #989, 1000.000000000000000 ) ;
#425 = ADVANCED_FACE ( 'NONE', ( #700 ), #1247, .F. ) ;
#426 = LINE ( 'NONE', #1207, #1545 ) ;
#427 = VERTEX_POINT ( 'NONE', #1204 ) ;
#428 = CARTESIAN_POINT ( 'NONE',  ( 10.40420493263294155, 600.0000000000000000, 2.949549148362682338 ) ) ;
#429 = LOCAL_TIME ( 12, 38, 46.00000000000000000, #193 ) ;
#430 = EDGE_CURVE ( 'NONE', #1508, #801, #1660, .T. ) ;
#431 = CARTESIAN_POINT ( 'NONE',  ( 4.304204932632917924, 0.000000000000000000, -4.965450851637291940 ) ) ;
#432 = ORIENTED_EDGE ( 'NONE', *, *, #1582, .F. ) ;
#433 = PERSON_AND_ORGANIZATION_ROLE ( 'design_owner' ) ;
#434 = DIRECTION ( 'NONE',  ( 0.000000000000000000, 0.000000000000000000, 1.000000000000000000 ) ) ;
#435 = VERTEX_POINT ( 'NONE', #1525 ) ;
#436 = VERTEX_POINT ( 'NONE', #272 ) ;
#437 = DIRECTION ( 'NONE',  ( -8.673617379884035472E-17, 0.000000000000000000, -1.000000000000000000 ) ) ;
#438 = ORIENTED_EDGE ( 'NONE', *, *, #556, .T. ) ;
#439 = PRODUCT_RELATED_PRODUCT_CATEGORY ( 'detail', '', ( #1385 ) ) ;
#440 = CARTESIAN_POINT ( 'NONE',  ( -2.660795067367058842, 600.0000000000000000, -10.10045085163731748 ) ) ;
#441 = VECTOR ( 'NONE', #1485, 1000.000000000000000 ) ;
#442 = EDGE_CURVE ( 'NONE', #1739, #104, #306, .T. ) ;
#443 = DIRECTION ( 'NONE',  ( -2.430272961665444135E-15, 0.000000000000000000, -1.000000000000000000 ) ) ;
#444 = VERTEX_POINT ( 'NONE', #1628 ) ;
#445 = DIRECTION ( 'NONE',  ( -1.000000000000000000, 0.000000000000000000, -0.000000000000000000 ) ) ;
#446 = ORIENTED_EDGE ( 'NONE', *, *, #1603, .F. ) ;
#447 = VECTOR ( 'NONE', #850, 1000.000000000000000 ) ;
#448 = DIRECTION ( 'NONE',  ( 1.000000000000000000, 0.000000000000000000, -8.673617379884035472E-17 ) ) ;
#449 = LINE ( 'NONE', #6, #481 ) ;
#450 = DIRECTION ( 'NONE',  ( 1.000000000000000000, 0.000000000000000000, 5.659782955878652504E-16 ) ) ;
#451 = LINE ( 'NONE', #1429, #604 ) ;
#452 = EDGE_LOOP ( 'NONE', ( #76, #1060, #1399, #562 ) ) ;
#453 = COORDINATED_UNIVERSAL_TIME_OFFSET ( 0, 0, .AHEAD. ) ;
#454 = VERTEX_POINT ( 'NONE', #678 ) ;
#455 = EDGE_CURVE ( 'NONE', #1369, #274, #113, .T. ) ;
#456 = FACE_OUTER_BOUND ( 'NONE', #658, .T. ) ;
#457 = DIRECTION ( 'NONE',  ( 0.000000000000000000, -1.000000000000000000, 0.000000000000000000 ) ) ;
#458 = CARTESIAN_POINT ( 'NONE',  ( 9.404204932632941549, 600.0000000000000000, -10.90045085163731464 ) ) ;
#459 = EDGE_CURVE ( 'NONE', #360, #863, #1, .T. ) ;
#460 = DIRECTION ( 'NONE',  ( 0.000000000000000000, 1.000000000000000000, -0.000000000000000000 ) ) ;
#461 = VERTEX_POINT ( 'NONE', #1617 ) ;
#462 = SECURITY_CLASSIFICATION_LEVEL ( 'unclassified' ) ;
#463 = VERTEX_POINT ( 'NONE', #1503 ) ;
#464 = DIRECTION ( 'NONE',  ( 1.000000000000000000, 0.000000000000000000, -2.430272961665491466E-15 ) ) ;
#465 = LINE ( 'NONE', #997, #1179 ) ;
#466 = DIRECTION ( 'NONE',  ( -8.673617379884035472E-17, 0.000000000000000000, -1.000000000000000000 ) ) ;
#467 = LINE ( 'NONE', #869, #722 ) ;
#468 = EDGE_CURVE ( 'NONE', #938, #1029, #822, .T. ) ;
#469 = AXIS2_PLACEMENT_3D ( 'NONE', #731, #26, #574 ) ;
#470 = ORIENTED_EDGE ( 'NONE', *, *, #473, .F. ) ;
#471 = VECTOR ( 'NONE', #1609, 999.9999999999998863 ) ;
#472 = DIRECTION ( 'NONE',  ( -0.000000000000000000, -1.000000000000000000, -0.000000000000000000 ) ) ;
#473 = EDGE_CURVE ( 'NONE', #928, #1359, #691, .T. ) ;
#474 = DIRECTION ( 'NONE',  ( 0.000000000000000000, 0.000000000000000000, 1.000000000000000000 ) ) ;
#475 = CYLINDRICAL_SURFACE ( 'NONE', #864, 1.000000000000000888 ) ;
#476 = ORIENTED_EDGE ( 'NONE', *, *, #843, .F. ) ;
#477 = CARTESIAN_POINT ( 'NONE',  ( 4.304204932632940128, 600.0000000000000000, 1.164549148362711950 ) ) ;
#478 = EDGE_CURVE ( 'NONE', #229, #788, #998, .T. ) ;
#479 = CC_DESIGN_PERSON_AND_ORGANIZATION_ASSIGNMENT ( #1551, #1565, ( #167 ) ) ;
#480 = LINE ( 'NONE', #1428, #706 ) ;
#481 = VECTOR ( 'NONE', #555, 1000.000000000000000 ) ;
#482 = CARTESIAN_POINT ( 'NONE',  ( -2.660795067367058842, 600.0000000000000000, 1.999549148362684825 ) ) ;
#483 = VECTOR ( 'NONE', #369, 1000.000000000000000 ) ;
#484 = VERTEX_POINT ( 'NONE', #330 ) ;
#485 = AXIS2_PLACEMENT_3D ( 'NONE', #112, #1046, #390 ) ;
#486 = CARTESIAN_POINT ( 'NONE',  ( 9.404204932632941549, 600.0000000000000000, -10.90045085163731464 ) ) ;
#487 = CARTESIAN_POINT ( 'NONE',  ( -7.795795067367044417, 600.0000000000000000, 1.950383183654221134E-14 ) ) ;
#488 = VERTEX_POINT ( 'NONE', #1375 ) ;
#489 = CARTESIAN_POINT ( 'NONE',  ( 0.000000000000000000, 600.0000000000000000, -11.90045085163731642 ) ) ;
#490 = EDGE_CURVE ( 'NONE', #1359, #1237, #269, .T. ) ;
#491 = ORIENTED_EDGE ( 'NONE', *, *, #1517, .T. ) ;
#492 = CARTESIAN_POINT ( 'NONE',  ( 0.000000000000000000, 600.0000000000000000, -11.90045085163731642 ) ) ;
#493 = VECTOR ( 'NONE', #220, 1000.000000000000000 ) ;
#494 = DIRECTION ( 'NONE',  ( 2.137236315371885467E-15, 0.000000000000000000, 1.000000000000000000 ) ) ;
#495 = DIRECTION ( 'NONE',  ( 0.7185108077017470229, 0.000000000000000000, 0.6955157936494203996 ) ) ;
#496 = ORIENTED_EDGE ( 'NONE', *, *, #1767, .T. ) ;
#497 = CIRCLE ( 'NONE', #886, 1.000000000000000888 ) ;
#498 = DIRECTION ( 'NONE',  ( 0.000000000000000000, 0.000000000000000000, 1.000000000000000000 ) ) ;
#499 = LINE ( 'NONE', #1335, #1705 ) ;
#500 = CARTESIAN_POINT ( 'NONE',  ( -0.3992869873572704176, 0.000000000000000000, -0.4124881396086252927 ) ) ;
#501 = EDGE_CURVE ( 'NONE', #1121, #1631, #945, .T. ) ;
#502 = DIRECTION ( 'NONE',  ( 2.501839987839680395E-15, 0.000000000000000000, 1.000000000000000000 ) ) ;
#503 = ORIENTED_EDGE ( 'NONE', *, *, #156, .T. ) ;
#504 = CARTESIAN_POINT ( 'NONE',  ( 6.819710450593335693, 600.0000000000000000, -7.400450851637299543 ) ) ;
#505 = ADVANCED_FACE ( 'NONE', ( #1500 ), #1488, .F. ) ;
#506 = DIRECTION ( 'NONE',  ( 0.000000000000000000, 1.000000000000000000, -0.000000000000000000 ) ) ;
#507 = VECTOR ( 'NONE', #77, 999.9999999999998863 ) ;
#508 = LINE ( 'NONE', #1306, #517 ) ;
#509 = DIRECTION ( 'NONE',  ( -0.000000000000000000, -1.000000000000000000, -0.000000000000000000 ) ) ;
#510 = ORIENTED_EDGE ( 'NONE', *, *, #60, .T. ) ;
#511 = DIRECTION ( 'NONE',  ( -1.000000000000000000, 0.000000000000000000, -0.000000000000000000 ) ) ;
#512 = EDGE_CURVE ( 'NONE', #959, #454, #121, .T. ) ;
#513 = DIRECTION ( 'NONE',  ( 0.000000000000000000, 0.000000000000000000, 1.000000000000000000 ) ) ;
#514 = CARTESIAN_POINT ( 'NONE',  ( 0.7917581168980944994, 0.000000000000000000, -0.7664189169459756368 ) ) ;
#515 = CARTESIAN_POINT ( 'NONE',  ( 8.604204932632939062, 600.0000000000000000, 1.164549148362685971 ) ) ;
#516 = VERTEX_POINT ( 'NONE', #709 ) ;
#517 = VECTOR ( 'NONE', #1049, 1000.000000000000000 ) ;
#518 = CARTESIAN_POINT ( 'NONE',  ( -8.595795067367060227, 600.0000000000000000, 7.099549148362684470 ) ) ;
#519 = VECTOR ( 'NONE', #1224, 1000.000000000000000 ) ;
#520 = ORIENTED_EDGE ( 'NONE', *, *, #1066, .F. ) ;
#521 = DIRECTION ( 'NONE',  ( -0.6943076225630967491, 0.000000000000000000, -0.7196783484660216335 ) ) ;
#522 = LINE ( 'NONE', #1065, #471 ) ;
#523 = ADVANCED_FACE ( 'NONE', ( #558 ), #1104, .T. ) ;
#524 = CARTESIAN_POINT ( 'NONE',  ( -5.087621801062966576, 600.0000000000000000, 0.000000000000000000 ) ) ;
#525 = VERTEX_POINT ( 'NONE', #1082 ) ;
#526 = CARTESIAN_POINT ( 'NONE',  ( -5.087621801062966576, 0.000000000000000000, -10.10045085163731748 ) ) ;
#527 = ORIENTED_EDGE ( 'NONE', *, *, #782, .F. ) ;
#528 = LINE ( 'NONE', #123, #317 ) ;
#529 = DIRECTION ( 'NONE',  ( -1.000000000000000000, 0.000000000000000000, 3.402382146331606563E-15 ) ) ;
#530 = ORIENTED_EDGE ( 'NONE', *, *, #1566, .F. ) ;
#531 = ORIENTED_EDGE ( 'NONE', *, *, #259, .T. ) ;
#532 = ADVANCED_FACE ( 'NONE', ( #568 ), #163, .T. ) ;
#533 = CARTESIAN_POINT ( 'NONE',  ( 5.904204932632940661, 600.0000000000000000, 0.000000000000000000 ) ) ;
#534 = ORIENTED_EDGE ( 'NONE', *, *, #459, .F. ) ;
#535 = VECTOR ( 'NONE', #1054, 1000.000000000000000 ) ;
#536 = CARTESIAN_POINT ( 'NONE',  ( -5.087621801062966576, 600.0000000000000000, 4.515054666323120358 ) ) ;
#537 = LINE ( 'NONE', #1364, #1033 ) ;
#538 = VERTEX_POINT ( 'NONE', #431 ) ;
#539 = EDGE_CURVE ( 'NONE', #99, #1105, #292, .T. ) ;
#540 = CARTESIAN_POINT ( 'NONE',  ( -6.011300585327472135, 600.0000000000000000, 3.591375882058586821 ) ) ;
#541 = ORIENTED_EDGE ( 'NONE', *, *, #910, .F. ) ;
#542 = VERTEX_POINT ( 'NONE', #19 ) ;
#543 = LINE ( 'NONE', #266, #1260 ) ;
#544 = EDGE_LOOP ( 'NONE', ( #1685, #579, #1514, #672 ) ) ;
#545 = VECTOR ( 'NONE', #1495, 1000.000000000000000 ) ;
#546 = CARTESIAN_POINT ( 'NONE',  ( 8.604204932632942615, 600.0000000000000000, 0.000000000000000000 ) ) ;
#547 = CARTESIAN_POINT ( 'NONE',  ( 0.000000000000000000, 0.000000000000000000, -10.10045085163731748 ) ) ;
#548 = ORIENTED_EDGE ( 'NONE', *, *, #550, .T. ) ;
#549 = DIRECTION ( 'NONE',  ( 3.645409442498240749E-15, -0.000000000000000000, 1.000000000000000000 ) ) ;
#550 = EDGE_CURVE ( 'NONE', #348, #1334, #1646, .T. ) ;
#551 = CARTESIAN_POINT ( 'NONE',  ( -9.595795067367058451, 600.0000000000000000, 8.323025487012041902E-16 ) ) ;
#552 = ORIENTED_EDGE ( 'NONE', *, *, #1148, .T. ) ;
#553 = VERTEX_POINT ( 'NONE', #975 ) ;
#554 = DIRECTION ( 'NONE',  ( 1.000000000000000000, 0.000000000000000000, -8.673617379884035472E-17 ) ) ;
#555 = DIRECTION ( 'NONE',  ( -0.7196783484660199681, 0.000000000000000000, 0.6943076225630984144 ) ) ;
#556 = EDGE_CURVE ( 'NONE', #854, #699, #1510, .T. ) ;
#557 = CARTESIAN_POINT ( 'NONE',  ( 0.7917581168980944994, 600.0000000000000000, -0.7664189169459756368 ) ) ;
#558 = FACE_OUTER_BOUND ( 'NONE', #215, .T. ) ;
#559 = ORIENTED_EDGE ( 'NONE', *, *, #1582, .T. ) ;
#560 = DATE_TIME_ROLE ( 'creation_date' ) ;
#561 = DIRECTION ( 'NONE',  ( -3.574057125485275739E-15, 0.000000000000000000, -1.000000000000000000 ) ) ;
#562 = ORIENTED_EDGE ( 'NONE', *, *, #917, .T. ) ;
#563 = AXIS2_PLACEMENT_3D ( 'NONE', #178, #1130, #1682 ) ;
#564 = LINE ( 'NONE', #1641, #141 ) ;
#565 = EDGE_LOOP ( 'NONE', ( #824, #1259, #1473, #438 ) ) ;
#566 = CARTESIAN_POINT ( 'NONE',  ( 8.604204932632942615, 0.000000000000000000, -7.400450851637304872 ) ) ;
#567 = CC_DESIGN_SECURITY_CLASSIFICATION ( #167, ( #737 ) ) ;
#568 = FACE_OUTER_BOUND ( 'NONE', #689, .T. ) ;
#569 = ORIENTED_EDGE ( 'NONE', *, *, #216, .T. ) ;
#570 =( NAMED_UNIT ( * ) SI_UNIT ( $, .STERADIAN. ) SOLID_ANGLE_UNIT ( ) );
#571 = ADVANCED_FACE ( 'NONE', ( #1092 ), #1244, .F. ) ;
#572 = ORIENTED_EDGE ( 'NONE', *, *, #1616, .T. ) ;
#573 = ORIENTED_EDGE ( 'NONE', *, *, #455, .T. ) ;
#574 = DIRECTION ( 'NONE',  ( -0.7100591715976332097, 0.000000000000000000, 0.7041420118343195700 ) ) ;
#575 = EDGE_LOOP ( 'NONE', ( #1093, #1647, #355, #670 ) ) ;
#576 = CARTESIAN_POINT ( 'NONE',  ( 8.604204932632935510, 600.0000000000000000, -3.075191994861229720E-14 ) ) ;
#577 = VECTOR ( 'NONE', #217, 1000.000000000000000 ) ;
#578 = DIRECTION ( 'NONE',  ( -0.000000000000000000, -1.000000000000000000, -0.000000000000000000 ) ) ;
#579 = ORIENTED_EDGE ( 'NONE', *, *, #256, .F. ) ;
#580 = ADVANCED_FACE ( 'NONE', ( #1221 ), #258, .T. ) ;
#581 = ORIENTED_EDGE ( 'NONE', *, *, #601, .T. ) ;
#582 = FACE_OUTER_BOUND ( 'NONE', #836, .T. ) ;
#583 = CARTESIAN_POINT ( 'NONE',  ( 9.404204932632943326, 600.0000000000000000, 8.099549148362683582 ) ) ;
#584 = PLANE ( 'NONE',  #394 ) ;
#585 = CC_DESIGN_PERSON_AND_ORGANIZATION_ASSIGNMENT ( #1542, #1004, ( #737 ) ) ;
#586 = DIRECTION ( 'NONE',  ( -0.000000000000000000, -1.000000000000000000, -0.000000000000000000 ) ) ;
#587 = ORIENTED_EDGE ( 'NONE', *, *, #1091, .T. ) ;
#588 = ORIENTED_EDGE ( 'NONE', *, *, #1156, .F. ) ;
#589 = LINE ( 'NONE', #1576, #1400 ) ;
#590 = LINE ( 'NONE', #189, #1516 ) ;
#591 = ADVANCED_FACE ( 'NONE', ( #1387 ), #1256, .F. ) ;
#592 = DIRECTION ( 'NONE',  ( -2.137236315371885467E-15, 0.000000000000000000, -1.000000000000000000 ) ) ;
#593 = VECTOR ( 'NONE', #1070, 1000.000000000000000 ) ;
#594 = CARTESIAN_POINT ( 'NONE',  ( -8.595795067367062003, 600.0000000000000000, -10.90045085163731464 ) ) ;
#595 = EDGE_LOOP ( 'NONE', ( #1330, #1212, #1069, #122 ) ) ;
#596 = EDGE_CURVE ( 'NONE', #979, #1161, #1634, .T. ) ;
#597 = DIRECTION ( 'NONE',  ( -0.7041420118343195700, 0.000000000000000000, -0.7100591715976330986 ) ) ;
#598 = CARTESIAN_POINT ( 'NONE',  ( 5.254204932632941194, 600.0000000000000000, -11.90045085163731642 ) ) ;
#599 = LINE ( 'NONE', #482, #1629 ) ;
#600 = VERTEX_POINT ( 'NONE', #29 ) ;
#601 = EDGE_CURVE ( 'NONE', #788, #937, #537, .T. ) ;
#602 = VECTOR ( 'NONE', #392, 1000.000000000000000 ) ;
#603 = CARTESIAN_POINT ( 'NONE',  ( 8.728023701344501690E-15, 600.0000000000000000, 3.591375882058572166 ) ) ;
#604 = VECTOR ( 'NONE', #750, 1000.000000000000000 ) ;
#605 = CARTESIAN_POINT ( 'NONE',  ( -5.087621801062966576, 0.000000000000000000, 4.515054666323120358 ) ) ;
#606 = ADVANCED_FACE ( 'NONE', ( #1624, #409 ), #688, .F. ) ;
#607 = CARTESIAN_POINT ( 'NONE',  ( 4.304204932632935687, 0.000000000000000000, -1.644358435851917443E-14 ) ) ;
#608 = ORIENTED_EDGE ( 'NONE', *, *, #344, .F. ) ;
#609 = CARTESIAN_POINT ( 'NONE',  ( -1.131701418934480418E-15, 600.0000000000000000, 1.999549148362686157 ) ) ;
#610 = DIRECTION ( 'NONE',  ( -0.6955157936494203996, 0.000000000000000000, 0.7185108077017470229 ) ) ;
#611 = ORIENTED_EDGE ( 'NONE', *, *, #198, .T. ) ;
#612 = EDGE_CURVE ( 'NONE', #959, #265, #467, .T. ) ;
#613 = CARTESIAN_POINT ( 'NONE',  ( 5.904204932632940661, 600.0000000000000000, 0.000000000000000000 ) ) ;
#614 = VECTOR ( 'NONE', #354, 1000.000000000000000 ) ;
#615 = EDGE_LOOP ( 'NONE', ( #531, #1571 ) ) ;
#616 = DIRECTION ( 'NONE',  ( 1.000000000000000000, -0.000000000000000000, 0.000000000000000000 ) ) ;
#617 = CARTESIAN_POINT ( 'NONE',  ( -5.087621801062966576, 600.0000000000000000, 0.000000000000000000 ) ) ;
#618 = PLANE ( 'NONE',  #203 ) ;
#619 = ORIENTED_EDGE ( 'NONE', *, *, #1578, .T. ) ;
#620 = DIRECTION ( 'NONE',  ( 0.000000000000000000, 0.000000000000000000, -1.000000000000000000 ) ) ;
#621 = LINE ( 'NONE', #159, #1119 ) ;
#622 = VECTOR ( 'NONE', #233, 1000.000000000000000 ) ;
#623 = EDGE_CURVE ( 'NONE', #414, #1252, #39, .T. ) ;
#624 = DIRECTION ( 'NONE',  ( 0.7185108077017424710, 0.000000000000000000, -0.6955157936494249515 ) ) ;
#625 = EDGE_CURVE ( 'NONE', #436, #461, #413, .T. ) ;
#626 = DIRECTION ( 'NONE',  ( -1.000000000000000000, 0.000000000000000000, 2.501839987839680395E-15 ) ) ;
#627 = EDGE_LOOP ( 'NONE', ( #1158, #209, #1358, #1619 ) ) ;
#628 = VECTOR ( 'NONE', #992, 1000.000000000000000 ) ;
#629 = CARTESIAN_POINT ( 'NONE',  ( -8.595795067367060227, 0.000000000000000000, 7.099549148362684470 ) ) ;
#630 = ORIENTED_EDGE ( 'NONE', *, *, #746, .F. ) ;
#631 = LINE ( 'NONE', #371, #341 ) ;
#632 = CARTESIAN_POINT ( 'NONE',  ( 10.40420493263294155, 0.000000000000000000, -9.024209272756028056E-16 ) ) ;
#633 = CARTESIAN_POINT ( 'NONE',  ( 3.469204932632941496, 600.0000000000000000, -10.10045085163731748 ) ) ;
#634 = ORIENTED_EDGE ( 'NONE', *, *, #1702, .T. ) ;
#635 = EDGE_CURVE ( 'NONE', #1739, #1121, #1698, .T. ) ;
#636 = VECTOR ( 'NONE', #43, 1000.000000000000000 ) ;
#637 = CARTESIAN_POINT ( 'NONE',  ( 5.904204932632940661, 600.0000000000000000, 6.299549148362684647 ) ) ;
#638 = LINE ( 'NONE', #381, #1538 ) ;
#639 = VECTOR ( 'NONE', #331, 1000.000000000000000 ) ;
#640 = APPLICATION_CONTEXT ( 'configuration controlled 3d designs of mechanical parts and assemblies' ) ;
#641 = LINE ( 'NONE', #71, #1690 ) ;
#642 = CC_DESIGN_APPROVAL ( #345, ( #167 ) ) ;
#643 = CARTESIAN_POINT ( 'NONE',  ( 0.4042049326329407721, 600.0000000000000000, 0.1995491483626843643 ) ) ;
#644 = ORIENTED_EDGE ( 'NONE', *, *, #1499, .T. ) ;
#645 = PLANE ( 'NONE',  #1278 ) ;
#646 = VERTEX_POINT ( 'NONE', #1160 ) ;
#647 = CARTESIAN_POINT ( 'NONE',  ( 0.000000000000000000, 600.0000000000000000, 0.000000000000000000 ) ) ;
#648 = ADVANCED_FACE ( 'NONE', ( #1153 ), #1287, .F. ) ;
#649 = CARTESIAN_POINT ( 'NONE',  ( 8.604204932632942615, 600.0000000000000000, 0.000000000000000000 ) ) ;
#650 = AXIS2_PLACEMENT_3D ( 'NONE', #1270, #448, #1392 ) ;
#651 = LINE ( 'NONE', #524, #441 ) ;
#652 = ORIENTED_EDGE ( 'NONE', *, *, #299, .T. ) ;
#653 = PLANE ( 'NONE',  #815 ) ;
#654 = VECTOR ( 'NONE', #1264, 1000.000000000000000 ) ;
#655 = ORIENTED_EDGE ( 'NONE', *, *, #1307, .F. ) ;
#656 = FACE_BOUND ( 'NONE', #916, .T. ) ;
#657 = DIRECTION ( 'NONE',  ( 0.7041420118343195700, 0.000000000000000000, -0.7100591715976330986 ) ) ;
#658 = EDGE_LOOP ( 'NONE', ( #33, #835, #143, #792 ) ) ;
#659 = ORIENTED_EDGE ( 'NONE', *, *, #1271, .T. ) ;
#660 = LINE ( 'NONE', #276, #970 ) ;
#661 = ORIENTED_EDGE ( 'NONE', *, *, #1381, .F. ) ;
#662 = CARTESIAN_POINT ( 'NONE',  ( -5.087621801062966576, 600.0000000000000000, 0.000000000000000000 ) ) ;
#663 = EDGE_CURVE ( 'NONE', #139, #1051, #172, .T. ) ;
#664 = APPLICATION_CONTEXT ( 'configuration controlled 3d designs of mechanical parts and assemblies' ) ;
#665 = CARTESIAN_POINT ( 'NONE',  ( 10.40420493263294155, 600.0000000000000000, 2.949549148362682338 ) ) ;
#666 = ORIENTED_EDGE ( 'NONE', *, *, #1012, .T. ) ;
#667 = FACE_OUTER_BOUND ( 'NONE', #195, .T. ) ;
#668 = CARTESIAN_POINT ( 'NONE',  ( 8.604204932632935510, 0.000000000000000000, -3.075191994861229720E-14 ) ) ;
#669 = ORIENTED_EDGE ( 'NONE', *, *, #1201, .T. ) ;
#670 = ORIENTED_EDGE ( 'NONE', *, *, #1254, .T. ) ;
#671 = DIRECTION ( 'NONE',  ( 0.000000000000000000, 0.000000000000000000, 1.000000000000000000 ) ) ;
#672 = ORIENTED_EDGE ( 'NONE', *, *, #280, .T. ) ;
#673 = ADVANCED_FACE ( 'NONE', ( #322 ), #475, .T. ) ;
#674 = DIRECTION ( 'NONE',  ( -0.000000000000000000, -1.000000000000000000, -0.000000000000000000 ) ) ;
#675 = DIRECTION ( 'NONE',  ( 0.7100591715976332097, 0.000000000000000000, -0.7041420118343195700 ) ) ;
#676 = ORIENTED_EDGE ( 'NONE', *, *, #887, .T. ) ;
#677 =( NAMED_UNIT ( * ) PLANE_ANGLE_UNIT ( ) SI_UNIT ( $, .RADIAN. ) );
#678 = CARTESIAN_POINT ( 'NONE',  ( 10.40420493263294155, 0.000000000000000000, 2.949549148362682338 ) ) ;
#679 = EDGE_LOOP ( 'NONE', ( #1277, #1343, #634, #90 ) ) ;
#680 = ORIENTED_EDGE ( 'NONE', *, *, #1448, .T. ) ;
#681 = EDGE_CURVE ( 'NONE', #854, #979, #1531, .T. ) ;
#682 = CARTESIAN_POINT ( 'NONE',  ( -1.382641216610194901, 0.000000000000000000, 1.394260050363224313 ) ) ;
#683 = EDGE_LOOP ( 'NONE', ( #676, #1397, #476, #1535 ) ) ;
#684 = VECTOR ( 'NONE', #509, 1000.000000000000000 ) ;
#685 = UNCERTAINTY_MEASURE_WITH_UNIT (LENGTH_MEASURE( 1.000000000000000082E-05 ), #1761, 'distance_accuracy_value', 'NONE');
#686 = CARTESIAN_POINT ( 'NONE',  ( 0.000000000000000000, 0.000000000000000000, 8.099549148362683582 ) ) ;
#687 = AXIS2_PLACEMENT_3D ( 'NONE', #649, #918, #1712 ) ;
#688 = PLANE ( 'NONE',  #1601 ) ;
#689 = EDGE_LOOP ( 'NONE', ( #1154, #608, #1322, #410 ) ) ;
#690 = DATE_AND_TIME ( #144, #1505 ) ;
#691 = LINE ( 'NONE', #1236, #748 ) ;
#692 = EDGE_LOOP ( 'NONE', ( #1588, #823, #619, #396 ) ) ;
#693 = ORIENTED_EDGE ( 'NONE', *, *, #97, .T. ) ;
#694 = LINE ( 'NONE', #1630, #769 ) ;
#695 = EDGE_LOOP ( 'NONE', ( #753, #1458, #1233, #1523 ) ) ;
#696 = LINE ( 'NONE', #1081, #593 ) ;
#697 = EDGE_CURVE ( 'NONE', #229, #427, #1404, .T. ) ;
#698 = DIRECTION ( 'NONE',  ( 0.7041420118343189039, 0.000000000000000000, -0.7100591715976337648 ) ) ;
#699 = VERTEX_POINT ( 'NONE', #1275 ) ;
#700 = FACE_OUTER_BOUND ( 'NONE', #683, .T. ) ;
#701 = VERTEX_POINT ( 'NONE', #59 ) ;
#702 = VECTOR ( 'NONE', #169, 1000.000000000000000 ) ;
#703 = ORIENTED_EDGE ( 'NONE', *, *, #957, .F. ) ;
#704 = CARTESIAN_POINT ( 'NONE',  ( -0.3789929703653585058, 600.0000000000000000, -0.3656323811649612177 ) ) ;
#705 = LINE ( 'NONE', #950, #191 ) ;
#706 = VECTOR ( 'NONE', #171, 999.9999999999998863 ) ;
#707 = DIRECTION ( 'NONE',  ( -0.6955157936494219539, 0.000000000000000000, -0.7185108077017455797 ) ) ;
#708 = AXIS2_PLACEMENT_3D ( 'NONE', #165, #549, #1659 ) ;
#709 = CARTESIAN_POINT ( 'NONE',  ( 5.904204932632940661, 600.0000000000000000, 4.515054666323120358 ) ) ;
#710 = EDGE_LOOP ( 'NONE', ( #380, #1544, #1670, #1035 ) ) ;
#711 = CARTESIAN_POINT ( 'NONE',  ( 8.604204932632942615, 0.000000000000000000, -0.000000000000000000 ) ) ;
#712 = ORIENTED_EDGE ( 'NONE', *, *, #1362, .T. ) ;
#713 = EDGE_CURVE ( 'NONE', #1047, #761, #599, .T. ) ;
#714 = DIRECTION ( 'NONE',  ( -0.000000000000000000, -1.000000000000000000, -0.000000000000000000 ) ) ;
#715 = DIRECTION ( 'NONE',  ( -1.000000000000000000, 0.000000000000000000, 0.000000000000000000 ) ) ;
#716 = DIRECTION ( 'NONE',  ( 1.000000000000000000, 0.000000000000000000, -8.673617379884035472E-17 ) ) ;
#717 = VECTOR ( 'NONE', #1746, 1000.000000000000000 ) ;
#718 = PRODUCT_DEFINITION_SHAPE ( 'NONE', 'NONE',  #1209 ) ;
#719 = DIRECTION ( 'NONE',  ( -0.7185108077017470229, 0.000000000000000000, -0.6955157936494203996 ) ) ;
#720 = ORIENTED_EDGE ( 'NONE', *, *, #198, .F. ) ;
#721 = EDGE_LOOP ( 'NONE', ( #948, #1592, #659, #3 ) ) ;
#722 = VECTOR ( 'NONE', #313, 1000.000000000000000 ) ;
#723 = EDGE_CURVE ( 'NONE', #125, #274, #1146, .T. ) ;
#724 = CARTESIAN_POINT ( 'NONE',  ( -9.595795067367058451, 0.000000000000000000, 8.323025487012041902E-16 ) ) ;
#725 = DIRECTION ( 'NONE',  ( 5.659782955878652504E-16, 0.000000000000000000, -1.000000000000000000 ) ) ;
#726 = LINE ( 'NONE', #1281, #194 ) ;
#727 = EDGE_CURVE ( 'NONE', #488, #289, #338, .T. ) ;
#728 = DIRECTION ( 'NONE',  ( 0.000000000000000000, 1.000000000000000000, -0.000000000000000000 ) ) ;
#729 = ORIENTED_EDGE ( 'NONE', *, *, #809, .F. ) ;
#730 = VERTEX_POINT ( 'NONE', #46 ) ;
#731 = CARTESIAN_POINT ( 'NONE',  ( -3.283025528180589347, 600.0000000000000000, -3.310613977997233004 ) ) ;
#732 = LINE ( 'NONE', #1568, #1453 ) ;
#733 = DIRECTION ( 'NONE',  ( -0.000000000000000000, -1.000000000000000000, -0.000000000000000000 ) ) ;
#734 = AXIS2_PLACEMENT_3D ( 'NONE', #518, #1061, #775 ) ;
#735 = EDGE_CURVE ( 'NONE', #1621, #538, #1684, .T. ) ;
#736 = DIRECTION ( 'NONE',  ( 0.7196783484660250751, 0.000000000000000000, 0.6943076225630930853 ) ) ;
#737 = PRODUCT_DEFINITION_FORMATION_WITH_SPECIFIED_SOURCE ( 'ANY', '', #1385, .NOT_KNOWN. ) ;
#738 = ORIENTED_EDGE ( 'NONE', *, *, #145, .T. ) ;
#739 = EDGE_CURVE ( 'NONE', #348, #831, #1002, .T. ) ;
#740 = LINE ( 'NONE', #885, #337 ) ;
#741 = DIRECTION ( 'NONE',  ( -0.000000000000000000, -1.000000000000000000, -0.000000000000000000 ) ) ;
#742 = DIRECTION ( 'NONE',  ( 0.000000000000000000, -1.000000000000000000, 0.000000000000000000 ) ) ;
#743 = EDGE_CURVE ( 'NONE', #804, #399, #200, .T. ) ;
#744 = VERTEX_POINT ( 'NONE', #881 ) ;
#745 = VECTOR ( 'NONE', #1155, 1000.000000000000000 ) ;
#746 = EDGE_CURVE ( 'NONE', #1600, #139, #451, .T. ) ;
#747 = CARTESIAN_POINT ( 'NONE',  ( -9.595795067367060227, 0.000000000000000000, -10.90045085163731464 ) ) ;
#748 = VECTOR ( 'NONE', #12, 1000.000000000000000 ) ;
#749 = DIRECTION ( 'NONE',  ( 1.000000000000000000, 0.000000000000000000, -3.402382146331606563E-15 ) ) ;
#750 = DIRECTION ( 'NONE',  ( -2.334660469299946561E-15, 0.000000000000000000, -1.000000000000000000 ) ) ;
#751 = COORDINATED_UNIVERSAL_TIME_OFFSET ( 0, 0, .AHEAD. ) ;
#752 = ORIENTED_EDGE ( 'NONE', *, *, #772, .F. ) ;
#753 = ORIENTED_EDGE ( 'NONE', *, *, #735, .T. ) ;
#754 = LINE ( 'NONE', #1462, #377 ) ;
#755 = CARTESIAN_POINT ( 'NONE',  ( 10.40420493263294155, 0.000000000000000000, 7.099549148362684470 ) ) ;
#756 = VERTEX_POINT ( 'NONE', #1294 ) ;
#757 = LINE ( 'NONE', #781, #243 ) ;
#758 = EDGE_CURVE ( 'NONE', #774, #463, #65, .T. ) ;
#759 = EDGE_LOOP ( 'NONE', ( #1584, #720, #417, #135 ) ) ;
#760 = PLANE ( 'NONE',  #650 ) ;
#761 = VERTEX_POINT ( 'NONE', #223 ) ;
#762 = ADVANCED_FACE ( 'NONE', ( #1317 ), #238, .F. ) ;
#763 = VECTOR ( 'NONE', #1512, 1000.000000000000000 ) ;
#764 = DIRECTION ( 'NONE',  ( 0.7196783484660250751, 0.000000000000000000, 0.6943076225630930853 ) ) ;
#765 = PLANE ( 'NONE',  #32 ) ;
#766 = ORIENTED_EDGE ( 'NONE', *, *, #67, .F. ) ;
#767 = DIRECTION ( 'NONE',  ( 1.000000000000000000, 0.000000000000000000, -0.000000000000000000 ) ) ;
#768 = CARTESIAN_POINT ( 'NONE',  ( 5.904204932632940661, 600.0000000000000000, 0.000000000000000000 ) ) ;
#769 = VECTOR ( 'NONE', #253, 1000.000000000000000 ) ;
#770 = LINE ( 'NONE', #1745, #1741 ) ;
#771 = VECTOR ( 'NONE', #384, 1000.000000000000000 ) ;
#772 = EDGE_CURVE ( 'NONE', #947, #542, #757, .T. ) ;
#773 = CARTESIAN_POINT ( 'NONE',  ( -9.595795067367058451, 600.0000000000000000, -6.750450851637320504 ) ) ;
#774 = VERTEX_POINT ( 'NONE', #1324 ) ;
#775 = DIRECTION ( 'NONE',  ( 0.000000000000000000, 0.000000000000000000, -1.000000000000000000 ) ) ;
#776 = ADVANCED_FACE ( 'NONE', ( #231 ), #91, .T. ) ;
#777 = DIRECTION ( 'NONE',  ( -1.000000000000000000, 0.000000000000000000, 0.000000000000000000 ) ) ;
#778 = FACE_OUTER_BOUND ( 'NONE', #1380, .T. ) ;
#779 = LINE ( 'NONE', #1449, #109 ) ;
#780 = ORIENTED_EDGE ( 'NONE', *, *, #442, .T. ) ;
#781 = CARTESIAN_POINT ( 'NONE',  ( 0.000000000000000000, 0.000000000000000000, -10.10045085163731748 ) ) ;
#782 = EDGE_CURVE ( 'NONE', #1237, #1475, #1467, .T. ) ;
#783 = ORIENTED_EDGE ( 'NONE', *, *, #85, .F. ) ;
#784 = CARTESIAN_POINT ( 'NONE',  ( -3.282929286650870921E-15, 600.0000000000000000, -5.800450851637318550 ) ) ;
#785 = AXIS2_PLACEMENT_3D ( 'NONE', #1420, #199, #982 ) ;
#786 = PLANE ( 'NONE',  #687 ) ;
#787 = PLANE ( 'NONE',  #81 ) ;
#788 = VERTEX_POINT ( 'NONE', #1451 ) ;
#789 = DIRECTION ( 'NONE',  ( 0.6943076225630984144, -0.000000000000000000, 0.7196783484660199681 ) ) ;
#790 = ORIENTED_EDGE ( 'NONE', *, *, #216, .F. ) ;
#791 = CARTESIAN_POINT ( 'NONE',  ( 5.904204932632939773, 600.0000000000000000, -8.315956369597751419 ) ) ;
#792 = ORIENTED_EDGE ( 'NONE', *, *, #898, .T. ) ;
#793 = ORIENTED_EDGE ( 'NONE', *, *, #1764, .F. ) ;
#794 = VECTOR ( 'NONE', #1721, 1000.000000000000000 ) ;
#795 = ADVANCED_FACE ( 'NONE', ( #1331 ), #645, .T. ) ;
#796 = FACE_OUTER_BOUND ( 'NONE', #108, .T. ) ;
#797 = ORIENTED_EDGE ( 'NONE', *, *, #1686, .F. ) ;
#798 = DIRECTION ( 'NONE',  ( -0.000000000000000000, -1.000000000000000000, -0.000000000000000000 ) ) ;
#799 = AXIS2_PLACEMENT_3D ( 'NONE', #1140, #460, #1396 ) ;
#800 = DIRECTION ( 'NONE',  ( -0.000000000000000000, -1.000000000000000000, -0.000000000000000000 ) ) ;
#801 = VERTEX_POINT ( 'NONE', #1716 ) ;
#802 = DIRECTION ( 'NONE',  ( 1.000000000000000000, -0.000000000000000000, 0.000000000000000000 ) ) ;
#803 = ORIENTED_EDGE ( 'NONE', *, *, #727, .F. ) ;
#804 = VERTEX_POINT ( 'NONE', #1167 ) ;
#805 = ADVANCED_BREP_SHAPE_REPRESENTATION ( '600mmAlExt', ( #1067, #991 ), #100 ) ;
#806 = DIRECTION ( 'NONE',  ( 0.7041420118343195700, 0.000000000000000000, -0.7100591715976330986 ) ) ;
#807 = ORIENTED_EDGE ( 'NONE', *, *, #612, .T. ) ;
#808 = CARTESIAN_POINT ( 'NONE',  ( 6.819710450593335693, 0.000000000000000000, -7.400450851637299543 ) ) ;
#809 = EDGE_CURVE ( 'NONE', #125, #1621, #1027, .T. ) ;
#810 = DIRECTION ( 'NONE',  ( -1.000000000000000000, 0.000000000000000000, 2.334660469299946561E-15 ) ) ;
#811 = ORIENTED_EDGE ( 'NONE', *, *, #782, .T. ) ;
#812 = LINE ( 'NONE', #1116, #929 ) ;
#813 = LINE ( 'NONE', #1649, #1338 ) ;
#814 = ORIENTED_EDGE ( 'NONE', *, *, #1627, .T. ) ;
#815 = AXIS2_PLACEMENT_3D ( 'NONE', #248, #789, #1740 ) ;
#816 = CARTESIAN_POINT ( 'NONE',  ( -0.3789929703653585058, 600.0000000000000000, -0.3656323811649612177 ) ) ;
#817 = LINE ( 'NONE', #1361, #872 ) ;
#818 = VECTOR ( 'NONE', #1533, 1000.000000000000000 ) ;
#819 = LINE ( 'NONE', #557, #1108 ) ;
#820 = DIRECTION ( 'NONE',  ( -0.000000000000000000, -1.000000000000000000, -0.000000000000000000 ) ) ;
#821 = ORIENTED_EDGE ( 'NONE', *, *, #1650, .T. ) ;
#822 = LINE ( 'NONE', #1367, #1484 ) ;
#823 = ORIENTED_EDGE ( 'NONE', *, *, #623, .F. ) ;
#824 = ORIENTED_EDGE ( 'NONE', *, *, #1323, .T. ) ;
#825 = EDGE_CURVE ( 'NONE', #427, #600, #1586, .T. ) ;
#826 = DIRECTION ( 'NONE',  ( 0.000000000000000000, 0.000000000000000000, -1.000000000000000000 ) ) ;
#827 = EDGE_LOOP ( 'NONE', ( #559, #889, #61, #1663 ) ) ;
#828 = DIRECTION ( 'NONE',  ( -0.000000000000000000, -1.000000000000000000, -0.000000000000000000 ) ) ;
#829 = VECTOR ( 'NONE', #624, 1000.000000000000114 ) ;
#830 = CARTESIAN_POINT ( 'NONE',  ( -1.798511560886810279E-14, 600.0000000000000000, -7.400450851637284444 ) ) ;
#831 = VERTEX_POINT ( 'NONE', #897 ) ;
#832 = PERSON_AND_ORGANIZATION_ROLE ( 'creator' ) ;
#833 = VECTOR ( 'NONE', #983, 1000.000000000000000 ) ;
#834 = DIRECTION ( 'NONE',  ( -0.000000000000000000, -1.000000000000000000, 0.000000000000000000 ) ) ;
#835 = ORIENTED_EDGE ( 'NONE', *, *, #1689, .F. ) ;
#836 = EDGE_LOOP ( 'NONE', ( #1199, #962, #27, #314 ) ) ;
#837 = FACE_OUTER_BOUND ( 'NONE', #966, .T. ) ;
#838 = VERTEX_POINT ( 'NONE', #1597 ) ;
#839 = CARTESIAN_POINT ( 'NONE',  ( 4.304204932632917924, 600.0000000000000000, -4.965450851637291940 ) ) ;
#840 = DIRECTION ( 'NONE',  ( -0.7196783484660250751, 0.000000000000000000, -0.6943076225630930853 ) ) ;
#841 = VERTEX_POINT ( 'NONE', #1191 ) ;
#842 = CARTESIAN_POINT ( 'NONE',  ( 3.683848051972810733, 0.000000000000000000, -3.714804758291923470 ) ) ;
#843 = EDGE_CURVE ( 'NONE', #928, #912, #378, .T. ) ;
#844 = DIRECTION ( 'NONE',  ( 8.673617379884035472E-17, 0.000000000000000000, 1.000000000000000000 ) ) ;
#845 = ORIENTED_EDGE ( 'NONE', *, *, #80, .T. ) ;
#846 = LINE ( 'NONE', #168, #1168 ) ;
#847 = LINE ( 'NONE', #1642, #702 ) ;
#848 = VECTOR ( 'NONE', #1363, 1000.000000000000000 ) ;
#849 = CARTESIAN_POINT ( 'NONE',  ( 6.819710450593385431, 0.000000000000000000, 3.591375882058604585 ) ) ;
#850 = DIRECTION ( 'NONE',  ( -0.000000000000000000, -1.000000000000000000, -0.000000000000000000 ) ) ;
#851 = ORIENTED_EDGE ( 'NONE', *, *, #1370, .T. ) ;
#852 = LINE ( 'NONE', #711, #1732 ) ;
#853 = EDGE_CURVE ( 'NONE', #115, #64, #84, .T. ) ;
#854 = VERTEX_POINT ( 'NONE', #1175 ) ;
#855 = PLANE ( 'NONE',  #469 ) ;
#856 = LINE ( 'NONE', #1262, #1013 ) ;
#857 = ADVANCED_FACE ( 'NONE', ( #1724 ), #653, .F. ) ;
#858 = DIRECTION ( 'NONE',  ( 0.000000000000000000, -1.000000000000000000, 0.000000000000000000 ) ) ;
#859 = AXIS2_PLACEMENT_3D ( 'NONE', #1765, #826, #940 ) ;
#860 = CARTESIAN_POINT ( 'NONE',  ( -5.087621801062966576, 600.0000000000000000, 0.000000000000000000 ) ) ;
#861 = ORIENTED_EDGE ( 'NONE', *, *, #385, .T. ) ;
#862 = CALENDAR_DATE ( 2026, 22, 8 ) ;
#863 = VERTEX_POINT ( 'NONE', #504 ) ;
#864 = AXIS2_PLACEMENT_3D ( 'NONE', #594, #1414, #192 ) ;
#865 = DIRECTION ( 'NONE',  ( 0.6955157936494219539, 0.000000000000000000, -0.7185108077017454686 ) ) ;
#866 = CARTESIAN_POINT ( 'NONE',  ( 8.604204932632939062, 600.0000000000000000, 1.164549148362685971 ) ) ;
#867 = EDGE_CURVE ( 'NONE', #125, #701, #1572, .T. ) ;
#868 = LINE ( 'NONE', #1403, #1250 ) ;
#869 = CARTESIAN_POINT ( 'NONE',  ( 10.40420493263294155, 600.0000000000000000, -9.024209272756028056E-16 ) ) ;
#870 = ADVANCED_FACE ( 'NONE', ( #1459 ), #1589, .T. ) ;
#871 = ORIENTED_EDGE ( 'NONE', *, *, #308, .T. ) ;
#872 = VECTOR ( 'NONE', #1350, 1000.000000000000000 ) ;
#873 = CARTESIAN_POINT ( 'NONE',  ( 5.904204932632940661, 600.0000000000000000, 6.299549148362684647 ) ) ;
#874 = CARTESIAN_POINT ( 'NONE',  ( 5.254204932632941194, 0.000000000000000000, -11.90045085163731642 ) ) ;
#875 = VECTOR ( 'NONE', #57, 1000.000000000000000 ) ;
#876 = CARTESIAN_POINT ( 'NONE',  ( -3.282929286650870921E-15, 600.0000000000000000, -5.800450851637318550 ) ) ;
#877 = VERTEX_POINT ( 'NONE', #1606 ) ;
#878 = PLANE ( 'NONE',  #94 ) ;
#879 = EDGE_CURVE ( 'NONE', #946, #1300, #214, .T. ) ;
#880 = CARTESIAN_POINT ( 'NONE',  ( -9.595795067367058451, 0.000000000000000000, 2.949549148362682338 ) ) ;
#881 = CARTESIAN_POINT ( 'NONE',  ( -7.795795067367063957, 0.000000000000000000, -7.400450851637264904 ) ) ;
#882 = AXIS2_PLACEMENT_3D ( 'NONE', #1410, #1129, #1030 ) ;
#883 = SHAPE_DEFINITION_REPRESENTATION ( #718, #805 ) ;
#884 = ORIENTED_EDGE ( 'NONE', *, *, #188, .T. ) ;
#885 = CARTESIAN_POINT ( 'NONE',  ( -1.382641216610194901, 600.0000000000000000, 1.394260050363224313 ) ) ;
#886 = AXIS2_PLACEMENT_3D ( 'NONE', #295, #834, #434 ) ;
#887 = EDGE_CURVE ( 'NONE', #1115, #1334, #922, .T. ) ;
#888 = DIRECTION ( 'NONE',  ( 3.402382146331606563E-15, -0.000000000000000000, 1.000000000000000000 ) ) ;
#889 = ORIENTED_EDGE ( 'NONE', *, *, #1217, .T. ) ;
#890 = LINE ( 'NONE', #1210, #1613 ) ;
#891 = PERSON_AND_ORGANIZATION ( #1332, #1760 ) ;
#892 = ORIENTED_EDGE ( 'NONE', *, *, #1632, .T. ) ;
#893 = LINE ( 'NONE', #1305, #1311 ) ;
#894 = DIRECTION ( 'NONE',  ( 0.000000000000000000, 0.000000000000000000, 1.000000000000000000 ) ) ;
#895 = DIRECTION ( 'NONE',  ( 1.000000000000000000, 0.000000000000000000, 5.659782955878652504E-16 ) ) ;
#896 = ORIENTED_EDGE ( 'NONE', *, *, #1381, .T. ) ;
#897 = CARTESIAN_POINT ( 'NONE',  ( 5.904204932632939773, 0.000000000000000000, -8.315956369597751419 ) ) ;
#898 = EDGE_CURVE ( 'NONE', #488, #646, #890, .T. ) ;
#899 = LINE ( 'NONE', #400, #535 ) ;
#900 = DIRECTION ( 'NONE',  ( 0.000000000000000000, 0.000000000000000000, -1.000000000000000000 ) ) ;
#901 = DIRECTION ( 'NONE',  ( -0.000000000000000000, -1.000000000000000000, -0.000000000000000000 ) ) ;
#902 = ORIENTED_EDGE ( 'NONE', *, *, #853, .F. ) ;
#903 = EDGE_CURVE ( 'NONE', #376, #1051, #696, .T. ) ;
#904 = CARTESIAN_POINT ( 'NONE',  ( -3.300930889375950805, 0.000000000000000000, -3.273423131964485311 ) ) ;
#905 = PLANE ( 'NONE',  #74 ) ;
#906 = AXIS2_PLACEMENT_3D ( 'NONE', #63, #610, #495 ) ;
#907 = CARTESIAN_POINT ( 'NONE',  ( -8.595795067367060227, 600.0000000000000000, 8.099549148362683582 ) ) ;
#908 = CIRCLE ( 'NONE', #2, 2.100000000000000089 ) ;
#909 = AXIS2_PLACEMENT_3D ( 'NONE', #1074, #1357, #422 ) ;
#910 = EDGE_CURVE ( 'NONE', #1222, #1190, #1242, .T. ) ;
#911 = DIRECTION ( 'NONE',  ( 0.7100591715976344309, 0.000000000000000000, 0.7041420118343182377 ) ) ;
#912 = VERTEX_POINT ( 'NONE', #964 ) ;
#913 = CARTESIAN_POINT ( 'NONE',  ( 0.000000000000000000, 600.0000000000000000, 6.299549148362684647 ) ) ;
#914 = ORIENTED_EDGE ( 'NONE', *, *, #853, .T. ) ;
#915 = DIRECTION ( 'NONE',  ( 1.000000000000000000, -0.000000000000000000, 0.000000000000000000 ) ) ;
#916 = EDGE_LOOP ( 'NONE', ( #232, #1766 ) ) ;
#917 = EDGE_CURVE ( 'NONE', #804, #553, #1497, .T. ) ;
#918 = DIRECTION ( 'NONE',  ( 1.000000000000000000, 0.000000000000000000, 0.000000000000000000 ) ) ;
#919 = DIRECTION ( 'NONE',  ( -0.7041420118343195700, 0.000000000000000000, -0.7100591715976330986 ) ) ;
#920 = ORIENTED_EDGE ( 'NONE', *, *, #1667, .F. ) ;
#921 = CIRCLE ( 'NONE', #1415, 1.000000000000000000 ) ;
#922 = LINE ( 'NONE', #904, #278 ) ;
#923 = VERTEX_POINT ( 'NONE', #7 ) ;
#924 = PLANE ( 'NONE',  #1623 ) ;
#925 = AXIS2_PLACEMENT_3D ( 'NONE', #1539, #1555, #474 ) ;
#926 = EDGE_CURVE ( 'NONE', #488, #1347, #17, .T. ) ;
#927 = ORIENTED_EDGE ( 'NONE', *, *, #1169, .F. ) ;
#928 = VERTEX_POINT ( 'NONE', #1200 ) ;
#929 = VECTOR ( 'NONE', #31, 1000.000000000000000 ) ;
#930 = DIRECTION ( 'NONE',  ( -0.000000000000000000, -1.000000000000000000, -0.000000000000000000 ) ) ;
#931 = ORIENTED_EDGE ( 'NONE', *, *, #179, .T. ) ;
#932 = DIRECTION ( 'NONE',  ( -0.000000000000000000, -1.000000000000000000, -0.000000000000000000 ) ) ;
#933 = DIRECTION ( 'NONE',  ( -0.7041420118343195700, 0.000000000000000000, 0.7100591715976330986 ) ) ;
#934 = ORIENTED_EDGE ( 'NONE', *, *, #867, .T. ) ;
#935 = CARTESIAN_POINT ( 'NONE',  ( 0.000000000000000000, 0.000000000000000000, 6.299549148362684647 ) ) ;
#936 = CARTESIAN_POINT ( 'NONE',  ( 0.000000000000000000, 600.0000000000000000, 8.099549148362683582 ) ) ;
#937 = VERTEX_POINT ( 'NONE', #140 ) ;
#938 = VERTEX_POINT ( 'NONE', #566 ) ;
#939 = AXIS2_PLACEMENT_3D ( 'NONE', #1239, #1372, #150 ) ;
#940 = DIRECTION ( 'NONE',  ( -1.000000000000000000, 0.000000000000000000, -0.000000000000000000 ) ) ;
#941 = EDGE_LOOP ( 'NONE', ( #530, #572, #496, #1651 ) ) ;
#942 = EDGE_CURVE ( 'NONE', #461, #1166, #1231, .T. ) ;
#943 = PLANE ( 'NONE',  #339 ) ;
#944 = VECTOR ( 'NONE', #1354, 999.9999999999998863 ) ;
#945 = LINE ( 'NONE', #419, #977 ) ;
#946 = VERTEX_POINT ( 'NONE', #1102 ) ;
#947 = VERTEX_POINT ( 'NONE', #526 ) ;
#948 = ORIENTED_EDGE ( 'NONE', *, *, #942, .F. ) ;
#949 = FACE_OUTER_BOUND ( 'NONE', #721, .T. ) ;
#950 = CARTESIAN_POINT ( 'NONE',  ( -3.283025528180589347, 600.0000000000000000, -3.310613977997233004 ) ) ;
#951 = CARTESIAN_POINT ( 'NONE',  ( 8.604204932632942615, 600.0000000000000000, -4.965450851637322138 ) ) ;
#952 = AXIS2_PLACEMENT_3D ( 'NONE', #609, #725, #1704 ) ;
#953 = CARTESIAN_POINT ( 'NONE',  ( -5.087621801062966576, 600.0000000000000000, 4.515054666323120358 ) ) ;
#954 = ORIENTED_EDGE ( 'NONE', *, *, #825, .T. ) ;
#955 = APPROVAL_ROLE ( '' ) ;
#956 = DIRECTION ( 'NONE',  ( -0.7185108077017425821, 0.000000000000000000, 0.6955157936494249515 ) ) ;
#957 = EDGE_CURVE ( 'NONE', #1115, #1237, #1113, .T. ) ;
#958 = ORIENTED_EDGE ( 'NONE', *, *, #625, .T. ) ;
#959 = VERTEX_POINT ( 'NONE', #428 ) ;
#960 = AXIS2_PLACEMENT_3D ( 'NONE', #1009, #716, #466 ) ;
#961 = DIRECTION ( 'NONE',  ( 0.6943076225630967491, 0.000000000000000000, -0.7196783484660216335 ) ) ;
#962 = ORIENTED_EDGE ( 'NONE', *, *, #635, .F. ) ;
#963 = APPROVAL_PERSON_ORGANIZATION ( #967, #129, #1295 ) ;
#964 = CARTESIAN_POINT ( 'NONE',  ( 3.469204932632941496, 600.0000000000000000, -10.10045085163731748 ) ) ;
#965 = CARTESIAN_POINT ( 'NONE',  ( -5.087621801062966576, 600.0000000000000000, 6.299549148362684647 ) ) ;
#966 = EDGE_LOOP ( 'NONE', ( #1379, #1501, #1390, #666 ) ) ;
#967 = PERSON_AND_ORGANIZATION ( #1332, #1760 ) ;
#968 = DIRECTION ( 'NONE',  ( 0.000000000000000000, 0.000000000000000000, -1.000000000000000000 ) ) ;
#969 = ORIENTED_EDGE ( 'NONE', *, *, #1494, .T. ) ;
#970 = VECTOR ( 'NONE', #244, 1000.000000000000000 ) ;
#971 = DIRECTION ( 'NONE',  ( 1.000000000000000000, -0.000000000000000000, 0.000000000000000000 ) ) ;
#972 = ORIENTED_EDGE ( 'NONE', *, *, #1413, .F. ) ;
#973 = EDGE_CURVE ( 'NONE', #946, #516, #819, .T. ) ;
#974 = DIRECTION ( 'NONE',  ( 1.000000000000000000, -0.000000000000000000, 0.000000000000000000 ) ) ;
#975 = CARTESIAN_POINT ( 'NONE',  ( -7.795795067367035536, 0.000000000000000000, 3.591375882058591262 ) ) ;
#976 = ORIENTED_EDGE ( 'NONE', *, *, #67, .T. ) ;
#977 = VECTOR ( 'NONE', #675, 1000.000000000000000 ) ;
#978 = CARTESIAN_POINT ( 'NONE',  ( 1.783463740402442044, 0.000000000000000000, 1.798450830657924548 ) ) ;
#979 = VERTEX_POINT ( 'NONE', #536 ) ;
#980 = LINE ( 'NONE', #1297, #1687 ) ;
#981 = LINE ( 'NONE', #1529, #1726 ) ;
#982 = DIRECTION ( 'NONE',  ( -0.6955157936494219539, 0.000000000000000000, 0.7185108077017454686 ) ) ;
#983 = DIRECTION ( 'NONE',  ( 0.000000000000000000, 0.000000000000000000, 1.000000000000000000 ) ) ;
#984 = ORIENTED_EDGE ( 'NONE', *, *, #45, .T. ) ;
#985 = PLANE ( 'NONE',  #708 ) ;
#986 = EDGE_LOOP ( 'NONE', ( #372, #972, #1096, #1436 ) ) ;
#987 = EDGE_CURVE ( 'NONE', #289, #1117, #1748, .T. ) ;
#988 = CARTESIAN_POINT ( 'NONE',  ( 0.000000000000000000, 600.0000000000000000, -11.90045085163731642 ) ) ;
#989 = DIRECTION ( 'NONE',  ( -0.7100591715976344309, 0.000000000000000000, -0.7041420118343182377 ) ) ;
#990 = PLANE ( 'NONE',  #1560 ) ;
#991 = AXIS2_PLACEMENT_3D ( 'NONE', #1126, #421, #1648 ) ;
#992 = DIRECTION ( 'NONE',  ( 0.000000000000000000, 0.000000000000000000, -1.000000000000000000 ) ) ;
#993 = ORIENTED_EDGE ( 'NONE', *, *, #1667, .T. ) ;
#994 = ORIENTED_EDGE ( 'NONE', *, *, #623, .T. ) ;
#995 = EDGE_CURVE ( 'NONE', #41, #542, #1509, .T. ) ;
#996 = CARTESIAN_POINT ( 'NONE',  ( 10.40420493263294155, 600.0000000000000000, -6.750450851637320504 ) ) ;
#997 = CARTESIAN_POINT ( 'NONE',  ( 10.40420493263294155, 0.000000000000000000, 7.099549148362684470 ) ) ;
#998 = LINE ( 'NONE', #1008, #1058 ) ;
#999 = PLANE ( 'NONE',  #960 ) ;
#1000 = VECTOR ( 'NONE', #616, 1000.000000000000000 ) ;
#1001 = EDGE_CURVE ( 'NONE', #863, #1029, #397, .T. ) ;
#1002 = LINE ( 'NONE', #1550, #1150 ) ;
#1003 = AXIS2_PLACEMENT_3D ( 'NONE', #1602, #1577, #894 ) ;
#1004 = PERSON_AND_ORGANIZATION_ROLE ( 'creator' ) ;
#1005 = EDGE_CURVE ( 'NONE', #701, #538, #1220, .T. ) ;
#1006 = EDGE_LOOP ( 'NONE', ( #1208, #729, #287, #1107 ) ) ;
#1007 = LINE ( 'NONE', #35, #241 ) ;
#1008 = CARTESIAN_POINT ( 'NONE',  ( 0.000000000000000000, 600.0000000000000000, 8.099549148362683582 ) ) ;
#1009 = CARTESIAN_POINT ( 'NONE',  ( -9.595795067367058451, 600.0000000000000000, 8.323025487012041902E-16 ) ) ;
#1010 = CARTESIAN_POINT ( 'NONE',  ( 0.000000000000000000, 0.000000000000000000, 0.000000000000000000 ) ) ;
#1011 = ORIENTED_EDGE ( 'NONE', *, *, #1578, .F. ) ;
#1012 = EDGE_CURVE ( 'NONE', #1526, #1508, #257, .T. ) ;
#1013 = VECTOR ( 'NONE', #472, 1000.000000000000000 ) ;
#1014 = CARTESIAN_POINT ( 'NONE',  ( -3.495795067367066800, 600.0000000000000000, -4.965450851637312368 ) ) ;
#1015 = DIRECTION ( 'NONE',  ( 1.000000000000000000, -0.000000000000000000, 0.000000000000000000 ) ) ;
#1016 = DIRECTION ( 'NONE',  ( 3.820353495218088492E-15, 0.000000000000000000, 1.000000000000000000 ) ) ;
#1017 = VECTOR ( 'NONE', #1157, 1000.000000000000000 ) ;
#1018 = CARTESIAN_POINT ( 'NONE',  ( 1.492998484843117923, 600.0000000000000000, -1.547554209282115067 ) ) ;
#1019 = DATE_AND_TIME ( #1430, #1562 ) ;
#1020 = CIRCLE ( 'NONE', #1652, 1.000000000000000000 ) ;
#1021 = VERTEX_POINT ( 'NONE', #1622 ) ;
#1022 = ORIENTED_EDGE ( 'NONE', *, *, #1558, .T. ) ;
#1023 = DIRECTION ( 'NONE',  ( 0.7100591715976337648, 0.000000000000000000, 0.7041420118343189039 ) ) ;
#1024 = LINE ( 'NONE', #773, #1017 ) ;
#1025 = VERTEX_POINT ( 'NONE', #1341 ) ;
#1026 = ADVANCED_FACE ( 'NONE', ( #119 ), #943, .F. ) ;
#1027 = LINE ( 'NONE', #1052, #1703 ) ;
#1028 = AXIS2_PLACEMENT_3D ( 'NONE', #1299, #367, #911 ) ;
#1029 = VERTEX_POINT ( 'NONE', #808 ) ;
#1030 = DIRECTION ( 'NONE',  ( 0.6943076225630967491, 0.000000000000000000, 0.7196783484660216335 ) ) ;
#1031 = EDGE_LOOP ( 'NONE', ( #1269, #133, #260, #1083 ) ) ;
#1032 = DIRECTION ( 'NONE',  ( -0.000000000000000000, -1.000000000000000000, -0.000000000000000000 ) ) ;
#1033 = VECTOR ( 'NONE', #142, 999.9999999999998863 ) ;
#1034 = CARTESIAN_POINT ( 'NONE',  ( 3.469204932632941496, 0.000000000000000000, 1.999549148362688156 ) ) ;
#1035 = ORIENTED_EDGE ( 'NONE', *, *, #1596, .F. ) ;
#1036 = EDGE_CURVE ( 'NONE', #99, #1222, #1351, .T. ) ;
#1037 = CARTESIAN_POINT ( 'NONE',  ( 0.000000000000000000, 600.0000000000000000, -10.10045085163731748 ) ) ;
#1038 = DIRECTION ( 'NONE',  ( 0.000000000000000000, 1.000000000000000000, -0.000000000000000000 ) ) ;
#1039 = EDGE_CURVE ( 'NONE', #360, #307, #1768, .T. ) ;
#1040 = FACE_OUTER_BOUND ( 'NONE', #595, .T. ) ;
#1041 = DIRECTION ( 'NONE',  ( 8.673617379884035472E-17, 0.000000000000000000, 1.000000000000000000 ) ) ;
#1042 = ORIENTED_EDGE ( 'NONE', *, *, #973, .F. ) ;
#1043 = DIRECTION ( 'NONE',  ( 0.000000000000000000, -0.000000000000000000, 1.000000000000000000 ) ) ;
#1044 = AXIS2_PLACEMENT_3D ( 'NONE', #489, #620, #511 ) ;
#1045 = VECTOR ( 'NONE', #802, 1000.000000000000000 ) ;
#1046 = DIRECTION ( 'NONE',  ( -0.000000000000000000, -1.000000000000000000, -0.000000000000000000 ) ) ;
#1047 = VERTEX_POINT ( 'NONE', #1633 ) ;
#1048 = EDGE_CURVE ( 'NONE', #307, #801, #418, .T. ) ;
#1049 = DIRECTION ( 'NONE',  ( -0.000000000000000000, -1.000000000000000000, -0.000000000000000000 ) ) ;
#1050 = DIRECTION ( 'NONE',  ( -1.000000000000000000, 0.000000000000000000, 3.574057125485275739E-15 ) ) ;
#1051 = VERTEX_POINT ( 'NONE', #1144 ) ;
#1052 = CARTESIAN_POINT ( 'NONE',  ( 4.304204932632940128, 600.0000000000000000, 1.164549148362711950 ) ) ;
#1053 = ADVANCED_FACE ( 'NONE', ( #1530 ), #999, .F. ) ;
#1054 = DIRECTION ( 'NONE',  ( -0.000000000000000000, 1.000000000000000000, -0.000000000000000000 ) ) ;
#1055 = CARTESIAN_POINT ( 'NONE',  ( 3.469204932632942384, 600.0000000000000000, -5.800450851637321215 ) ) ;
#1056 = VECTOR ( 'NONE', #494, 1000.000000000000000 ) ;
#1057 = CC_DESIGN_DATE_AND_TIME_ASSIGNMENT ( #690, #560, ( #1209 ) ) ;
#1058 = VECTOR ( 'NONE', #1015, 1000.000000000000000 ) ;
#1059 = CARTESIAN_POINT ( 'NONE',  ( 3.708518230849593866, 600.0000000000000000, -3.677613912259180662 ) ) ;
#1060 = ORIENTED_EDGE ( 'NONE', *, *, #1468, .F. ) ;
#1061 = DIRECTION ( 'NONE',  ( 0.000000000000000000, -1.000000000000000000, 0.000000000000000000 ) ) ;
#1062 = EDGE_CURVE ( 'NONE', #761, #1300, #726, .T. ) ;
#1063 = ORIENTED_EDGE ( 'NONE', *, *, #697, .F. ) ;
#1064 = CARTESIAN_POINT ( 'NONE',  ( -8.595795067367060227, 600.0000000000000000, 7.099549148362684470 ) ) ;
#1065 = CARTESIAN_POINT ( 'NONE',  ( -0.3789929703653585058, 0.000000000000000000, -0.3656323811649612177 ) ) ;
#1066 = EDGE_CURVE ( 'NONE', #1526, #307, #480, .T. ) ;
#1067 = MANIFOLD_SOLID_BREP ( 'Fillet1', #1643 ) ;
#1068 = PLANE ( 'NONE',  #349 ) ;
#1069 = ORIENTED_EDGE ( 'NONE', *, *, #1066, .T. ) ;
#1070 = DIRECTION ( 'NONE',  ( 1.000000000000000000, 0.000000000000000000, -2.430272961665444135E-15 ) ) ;
#1071 = EDGE_LOOP ( 'NONE', ( #83, #902, #1174, #1118 ) ) ;
#1072 = LINE ( 'NONE', #1734, #1045 ) ;
#1073 = VECTOR ( 'NONE', #407, 1000.000000000000000 ) ;
#1074 = CARTESIAN_POINT ( 'NONE',  ( 0.4042049326329404946, 600.0000000000000000, -1.900450851637315974 ) ) ;
#1075 = ORIENTED_EDGE ( 'NONE', *, *, #188, .F. ) ;
#1076 = ADVANCED_FACE ( 'NONE', ( #44 ), #1691, .T. ) ;
#1077 = CIRCLE ( 'NONE', #1470, 2.100000000000000089 ) ;
#1078 = CARTESIAN_POINT ( 'NONE',  ( -6.011300585327472135, 0.000000000000000000, 3.591375882058586821 ) ) ;
#1079 = ORIENTED_EDGE ( 'NONE', *, *, #758, .T. ) ;
#1080 = ADVANCED_FACE ( 'NONE', ( #1152 ), #1549, .T. ) ;
#1081 = CARTESIAN_POINT ( 'NONE',  ( -1.798511560886810279E-14, 600.0000000000000000, -7.400450851637284444 ) ) ;
#1082 = CARTESIAN_POINT ( 'NONE',  ( -9.595795067367058451, 0.000000000000000000, -6.750450851637320504 ) ) ;
#1083 = ORIENTED_EDGE ( 'NONE', *, *, #1689, .T. ) ;
#1084 = CYLINDRICAL_SURFACE ( 'NONE', #909, 2.100000000000000089 ) ;
#1085 = ORIENTED_EDGE ( 'NONE', *, *, #713, .F. ) ;
#1086 = VECTOR ( 'NONE', #250, 1000.000000000000000 ) ;
#1087 = PLANE ( 'NONE',  #939 ) ;
#1088 = ORIENTED_EDGE ( 'NONE', *, *, #290, .T. ) ;
#1089 = DIRECTION ( 'NONE',  ( 0.000000000000000000, 0.000000000000000000, 1.000000000000000000 ) ) ;
#1090 = VECTOR ( 'NONE', #1423, 1000.000000000000000 ) ;
#1091 = EDGE_CURVE ( 'NONE', #1369, #213, #1668, .T. ) ;
#1092 = FACE_OUTER_BOUND ( 'NONE', #1672, .T. ) ;
#1093 = ORIENTED_EDGE ( 'NONE', *, *, #1527, .T. ) ;
#1094 = LINE ( 'NONE', #315, #818 ) ;
#1095 = CARTESIAN_POINT ( 'NONE',  ( -2.517916185241519939E-14, 600.0000000000000000, -7.400450851637275562 ) ) ;
#1096 = ORIENTED_EDGE ( 'NONE', *, *, #415, .F. ) ;
#1097 = ORIENTED_EDGE ( 'NONE', *, *, #1336, .T. ) ;
#1098 = ADVANCED_FACE ( 'NONE', ( #1697 ), #584, .F. ) ;
#1099 = CARTESIAN_POINT ( 'NONE',  ( 8.604204932632942615, 600.0000000000000000, -7.400450851637304872 ) ) ;
#1100 = CARTESIAN_POINT ( 'NONE',  ( -2.660795067367058842, 600.0000000000000000, -10.10045085163731748 ) ) ;
#1101 = DESIGN_CONTEXT ( 'detailed design', #640, 'design' ) ;
#1102 = CARTESIAN_POINT ( 'NONE',  ( 3.469204932632941496, 600.0000000000000000, 1.999549148362688156 ) ) ;
#1103 = CIRCLE ( 'NONE', #563, 2.100000000000000089 ) ;
#1104 = PLANE ( 'NONE',  #1127 ) ;
#1105 = VERTEX_POINT ( 'NONE', #1273 ) ;
#1106 = PLANE ( 'NONE',  #1228 ) ;
#1107 = ORIENTED_EDGE ( 'NONE', *, *, #1736, .T. ) ;
#1108 = VECTOR ( 'NONE', #1656, 1000.000000000000000 ) ;
#1109 = ADVANCED_FACE ( 'NONE', ( #343 ), #1676, .F. ) ;
#1110 = CARTESIAN_POINT ( 'NONE',  ( 0.000000000000000000, 0.000000000000000000, 6.299549148362684647 ) ) ;
#1111 = LINE ( 'NONE', #1285, #745 ) ;
#1112 = APPROVAL_PERSON_ORGANIZATION ( #891, #345, #1266 ) ;
#1113 = LINE ( 'NONE', #1644, #1184 ) ;
#1114 = CARTESIAN_POINT ( 'NONE',  ( -3.495795067367054365, 600.0000000000000000, 8.161494552555607186E-15 ) ) ;
#1115 = VERTEX_POINT ( 'NONE', #874 ) ;
#1116 = CARTESIAN_POINT ( 'NONE',  ( 0.4042049326329404946, 600.0000000000000000, -4.000450851637316063 ) ) ;
#1117 = VERTEX_POINT ( 'NONE', #311 ) ;
#1118 = ORIENTED_EDGE ( 'NONE', *, *, #72, .T. ) ;
#1119 = VECTOR ( 'NONE', #1536, 1000.000000000000000 ) ;
#1120 = DIRECTION ( 'NONE',  ( -1.000000000000000000, 0.000000000000000000, -0.000000000000000000 ) ) ;
#1121 = VERTEX_POINT ( 'NONE', #880 ) ;
#1122 = FACE_OUTER_BOUND ( 'NONE', #254, .T. ) ;
#1123 = EDGE_CURVE ( 'NONE', #928, #1115, #320, .T. ) ;
#1124 = DIRECTION ( 'NONE',  ( -0.7100591715976330986, 0.000000000000000000, 0.7041420118343195700 ) ) ;
#1125 = EDGE_LOOP ( 'NONE', ( #1088, #738, #541, #1515, #1506, #510, #297, #1128, #1376, #1296, #821, #661, #1205, #954, #432, #387, #1541, #969, #1511, #1754, #1678, #793, #4, #1240, #183, #1337, #993, #491, #752, #1496, #446, #1368, #1759, #13, #548, #1580, #1469, #811, #68, #1226, #305, #1605, #790, #1182, #652, #368, #1595, #16 ) ) ;
#1126 = CARTESIAN_POINT ( 'NONE',  ( 0.000000000000000000, 0.000000000000000000, 0.000000000000000000 ) ) ;
#1127 = AXIS2_PLACEMENT_3D ( 'NONE', #282, #1124, #1522 ) ;
#1128 = ORIENTED_EDGE ( 'NONE', *, *, #1062, .F. ) ;
#1129 = DIRECTION ( 'NONE',  ( -0.7196783484660216335, 0.000000000000000000, 0.6943076225630967491 ) ) ;
#1130 = DIRECTION ( 'NONE',  ( 0.000000000000000000, 1.000000000000000000, -0.000000000000000000 ) ) ;
#1131 = LINE ( 'NONE', #1263, #875 ) ;
#1132 = CARTESIAN_POINT ( 'NONE',  ( -9.595795067367058451, 600.0000000000000000, 2.949549148362682338 ) ) ;
#1133 = ORIENTED_EDGE ( 'NONE', *, *, #1036, .T. ) ;
#1134 = EDGE_LOOP ( 'NONE', ( #251, #1085, #362, #293 ) ) ;
#1135 = VECTOR ( 'NONE', #828, 1000.000000000000000 ) ;
#1136 = ADVANCED_FACE ( 'NONE', ( #1122 ), #52, .T. ) ;
#1137 = CARTESIAN_POINT ( 'NONE',  ( 0.000000000000000000, 0.000000000000000000, 8.099549148362683582 ) ) ;
#1138 = DIRECTION ( 'NONE',  ( -0.000000000000000000, -1.000000000000000000, -0.000000000000000000 ) ) ;
#1139 = CARTESIAN_POINT ( 'NONE',  ( -9.595795067367058451, 600.0000000000000000, -6.750450851637320504 ) ) ;
#1140 = CARTESIAN_POINT ( 'NONE',  ( -8.595795067367062003, 600.0000000000000000, -10.90045085163731464 ) ) ;
#1141 = CC_DESIGN_PERSON_AND_ORGANIZATION_ASSIGNMENT ( #1671, #433, ( #1385 ) ) ;
#1142 = VERTEX_POINT ( 'NONE', #849 ) ;
#1143 = LINE ( 'NONE', #500, #829 ) ;
#1144 = CARTESIAN_POINT ( 'NONE',  ( -6.011300585327465029, 600.0000000000000000, -7.400450851637269345 ) ) ;
#1145 = AXIS2_PLACEMENT_3D ( 'NONE', #359, #1329, #671 ) ;
#1146 = LINE ( 'NONE', #1018, #86 ) ;
#1147 = VECTOR ( 'NONE', #1728, 1000.000000000000000 ) ;
#1148 = EDGE_CURVE ( 'NONE', #701, #863, #868, .T. ) ;
#1149 = ORIENTED_EDGE ( 'NONE', *, *, #879, .T. ) ;
#1150 = VECTOR ( 'NONE', #332, 1000.000000000000000 ) ;
#1151 = DIRECTION ( 'NONE',  ( 0.000000000000000000, 1.000000000000000000, -0.000000000000000000 ) ) ;
#1152 = FACE_OUTER_BOUND ( 'NONE', #1504, .T. ) ;
#1153 = FACE_OUTER_BOUND ( 'NONE', #391, .T. ) ;
#1154 = ORIENTED_EDGE ( 'NONE', *, *, #273, .F. ) ;
#1155 = DIRECTION ( 'NONE',  ( 2.137236315371885467E-15, 0.000000000000000000, 1.000000000000000000 ) ) ;
#1156 = EDGE_CURVE ( 'NONE', #484, #444, #1131, .T. ) ;
#1157 = DIRECTION ( 'NONE',  ( -0.000000000000000000, -1.000000000000000000, -0.000000000000000000 ) ) ;
#1158 = ORIENTED_EDGE ( 'NONE', *, *, #468, .F. ) ;
#1159 = AXIS2_PLACEMENT_3D ( 'NONE', #629, #361, #498 ) ;
#1160 = CARTESIAN_POINT ( 'NONE',  ( -2.660795067367058842, 0.000000000000000000, -5.800450851637316774 ) ) ;
#1161 = VERTEX_POINT ( 'NONE', #605 ) ;
#1162 = CARTESIAN_POINT ( 'NONE',  ( 10.40420493263293977, 0.000000000000000000, -10.90045085163731464 ) ) ;
#1163 = LINE ( 'NONE', #1447, #1056 ) ;
#1164 = ADVANCED_FACE ( 'NONE', ( #37 ), #990, .T. ) ;
#1165 = CARTESIAN_POINT ( 'NONE',  ( -4.445795067367058984, 0.000000000000000000, -11.90045085163731642 ) ) ;
#1166 = VERTEX_POINT ( 'NONE', #1139 ) ;
#1167 = CARTESIAN_POINT ( 'NONE',  ( -7.795795067367035536, 600.0000000000000000, 3.591375882058591262 ) ) ;
#1168 = VECTOR ( 'NONE', #714, 1000.000000000000000 ) ;
#1169 = EDGE_CURVE ( 'NONE', #115, #1105, #1683, .T. ) ;
#1170 = DIRECTION ( 'NONE',  ( -0.6943076225630967491, 0.000000000000000000, 0.7196783484660216335 ) ) ;
#1171 = CARTESIAN_POINT ( 'NONE',  ( 1.783463740402442044, 600.0000000000000000, 1.798450830657924548 ) ) ;
#1172 = VECTOR ( 'NONE', #304, 1000.000000000000000 ) ;
#1173 = FACE_OUTER_BOUND ( 'NONE', #164, .T. ) ;
#1174 = ORIENTED_EDGE ( 'NONE', *, *, #1395, .T. ) ;
#1175 = CARTESIAN_POINT ( 'NONE',  ( -5.087621801062966576, 600.0000000000000000, 6.299549148362684647 ) ) ;
#1176 = EDGE_CURVE ( 'NONE', #1166, #525, #1024, .T. ) ;
#1177 = DIRECTION ( 'NONE',  ( 0.000000000000000000, 0.000000000000000000, 1.000000000000000000 ) ) ;
#1178 = LINE ( 'NONE', #514, #1147 ) ;
#1179 = VECTOR ( 'NONE', #457, 1000.000000000000000 ) ;
#1180 = EDGE_CURVE ( 'NONE', #912, #1334, #1457, .T. ) ;
#1181 = CARTESIAN_POINT ( 'NONE',  ( 5.254204932632941194, 0.000000000000000000, 8.099549148362683582 ) ) ;
#1182 = ORIENTED_EDGE ( 'NONE', *, *, #735, .F. ) ;
#1183 = DIRECTION ( 'NONE',  ( 0.000000000000000000, -0.000000000000000000, 1.000000000000000000 ) ) ;
#1184 = VECTOR ( 'NONE', #974, 1000.000000000000000 ) ;
#1185 = VECTOR ( 'NONE', #21, 1000.000000000000000 ) ;
#1186 = CARTESIAN_POINT ( 'NONE',  ( 0.4042049326329404946, 600.0000000000000000, -1.900450851637315974 ) ) ;
#1187 = CARTESIAN_POINT ( 'NONE',  ( 8.604204932632942615, 600.0000000000000000, -7.400450851637304872 ) ) ;
#1188 = DIRECTION ( 'NONE',  ( -2.334660469299946561E-15, 0.000000000000000000, -1.000000000000000000 ) ) ;
#1189 = CARTESIAN_POINT ( 'NONE',  ( 9.404204932632941549, 0.000000000000000000, -11.90045085163731642 ) ) ;
#1190 = VERTEX_POINT ( 'NONE', #1308 ) ;
#1191 = CARTESIAN_POINT ( 'NONE',  ( 0.4042049326329404946, 600.0000000000000000, -4.000450851637316063 ) ) ;
#1192 = AXIS2_PLACEMENT_3D ( 'NONE', #351, #888, #749 ) ;
#1193 = ADVANCED_FACE ( 'NONE', ( #1604 ), #765, .T. ) ;
#1194 = VERTEX_POINT ( 'NONE', #643 ) ;
#1195 = DIRECTION ( 'NONE',  ( -0.000000000000000000, -1.000000000000000000, -0.000000000000000000 ) ) ;
#1196 = FACE_OUTER_BOUND ( 'NONE', #1031, .T. ) ;
#1197 = VECTOR ( 'NONE', #800, 1000.000000000000000 ) ;
#1198 = CARTESIAN_POINT ( 'NONE',  ( -5.087621801062966576, 600.0000000000000000, -8.315956369597751419 ) ) ;
#1199 = ORIENTED_EDGE ( 'NONE', *, *, #501, .F. ) ;
#1200 = CARTESIAN_POINT ( 'NONE',  ( 5.254204932632941194, 600.0000000000000000, -11.90045085163731642 ) ) ;
#1201 = EDGE_CURVE ( 'NONE', #1047, #946, #375, .T. ) ;
#1202 = ORIENTED_EDGE ( 'NONE', *, *, #156, .F. ) ;
#1203 = CARTESIAN_POINT ( 'NONE',  ( 4.304204932632940128, 0.000000000000000000, 1.164549148362711950 ) ) ;
#1204 = CARTESIAN_POINT ( 'NONE',  ( -8.595795067367060227, 0.000000000000000000, 8.099549148362683582 ) ) ;
#1205 = ORIENTED_EDGE ( 'NONE', *, *, #1433, .F. ) ;
#1206 = ORIENTED_EDGE ( 'NONE', *, *, #879, .F. ) ;
#1207 = CARTESIAN_POINT ( 'NONE',  ( 1.808133919279209412, 0.000000000000000000, 1.793066136618549411 ) ) ;
#1208 = ORIENTED_EDGE ( 'NONE', *, *, #299, .F. ) ;
#1209 = PRODUCT_DEFINITION ( 'UNKNOWN', '', #737, #1101 ) ;
#1210 = CARTESIAN_POINT ( 'NONE',  ( -2.660795067367058842, 600.0000000000000000, -5.800450851637316774 ) ) ;
#1211 = CARTESIAN_POINT ( 'NONE',  ( 1.808133919279209412, 600.0000000000000000, 1.793066136618549411 ) ) ;
#1212 = ORIENTED_EDGE ( 'NONE', *, *, #1012, .F. ) ;
#1213 = PLANE ( 'NONE',  #1304 ) ;
#1214 = FACE_OUTER_BOUND ( 'NONE', #679, .T. ) ;
#1215 = ORIENTED_EDGE ( 'NONE', *, *, #1413, .T. ) ;
#1216 = EDGE_LOOP ( 'NONE', ( #655, #1405, #1438, #1450 ) ) ;
#1217 = EDGE_CURVE ( 'NONE', #600, #104, #1315, .T. ) ;
#1218 = CARTESIAN_POINT ( 'NONE',  ( 10.40420493263294155, 600.0000000000000000, -9.024209272756028056E-16 ) ) ;
#1219 = ORIENTED_EDGE ( 'NONE', *, *, #1062, .T. ) ;
#1220 = LINE ( 'NONE', #839, #364 ) ;
#1221 = FACE_OUTER_BOUND ( 'NONE', #1006, .T. ) ;
#1222 = VERTEX_POINT ( 'NONE', #1181 ) ;
#1223 = EDGE_CURVE ( 'NONE', #756, #947, #1441, .T. ) ;
#1224 = DIRECTION ( 'NONE',  ( -1.000000000000000000, 0.000000000000000000, 3.645409442498240749E-15 ) ) ;
#1225 = ORIENTED_EDGE ( 'NONE', *, *, #344, .T. ) ;
#1226 = ORIENTED_EDGE ( 'NONE', *, *, #430, .T. ) ;
#1227 = VECTOR ( 'NONE', #865, 1000.000000000000000 ) ;
#1228 = AXIS2_PLACEMENT_3D ( 'NONE', #1378, #157, #956 ) ;
#1229 = FACE_OUTER_BOUND ( 'NONE', #710, .T. ) ;
#1230 = ORIENTED_EDGE ( 'NONE', *, *, #210, .F. ) ;
#1231 = LINE ( 'NONE', #303, #1073 ) ;
#1232 = CARTESIAN_POINT ( 'NONE',  ( -1.382641216610194901, 600.0000000000000000, 1.394260050363224313 ) ) ;
#1233 = ORIENTED_EDGE ( 'NONE', *, *, #867, .F. ) ;
#1234 = CARTESIAN_POINT ( 'NONE',  ( 8.604204932632939062, 0.000000000000000000, 1.164549148362685971 ) ) ;
#1235 = ADVANCED_FACE ( 'NONE', ( #82 ), #618, .F. ) ;
#1236 = CARTESIAN_POINT ( 'NONE',  ( 0.000000000000000000, 600.0000000000000000, -11.90045085163731642 ) ) ;
#1237 = VERTEX_POINT ( 'NONE', #1189 ) ;
#1238 = ORIENTED_EDGE ( 'NONE', *, *, #72, .F. ) ;
#1239 = CARTESIAN_POINT ( 'NONE',  ( 0.000000000000000000, 600.0000000000000000, 8.099549148362683582 ) ) ;
#1240 = ORIENTED_EDGE ( 'NONE', *, *, #1336, .F. ) ;
#1241 = ADVANCED_FACE ( 'NONE', ( #1173 ), #1579, .F. ) ;
#1242 = LINE ( 'NONE', #686, #848 ) ;
#1243 = CIRCLE ( 'NONE', #1557, 1.000000000000000888 ) ;
#1244 = PLANE ( 'NONE',  #353 ) ;
#1245 = ORIENTED_EDGE ( 'NONE', *, *, #1702, .F. ) ;
#1246 = DATE_AND_TIME ( #1366, #281 ) ;
#1247 = PLANE ( 'NONE',  #206 ) ;
#1248 = ORIENTED_EDGE ( 'NONE', *, *, #1176, .T. ) ;
#1249 = VERTEX_POINT ( 'NONE', #386 ) ;
#1250 = VECTOR ( 'NONE', #1286, 1000.000000000000114 ) ;
#1251 = CARTESIAN_POINT ( 'NONE',  ( 10.40420493263294155, 0.000000000000000000, -6.750450851637320504 ) ) ;
#1252 = VERTEX_POINT ( 'NONE', #1165 ) ;
#1253 = LOCAL_TIME ( 12, 38, 46.00000000000000000, #1699 ) ;
#1254 = EDGE_CURVE ( 'NONE', #1369, #1249, #779, .T. ) ;
#1255 = DIRECTION ( 'NONE',  ( 0.000000000000000000, 0.000000000000000000, -1.000000000000000000 ) ) ;
#1256 = PLANE ( 'NONE',  #149 ) ;
#1257 = EDGE_LOOP ( 'NONE', ( #1742, #976, #1715, #1133 ) ) ;
#1258 = LINE ( 'NONE', #1637, #1185 ) ;
#1259 = ORIENTED_EDGE ( 'NONE', *, *, #596, .F. ) ;
#1260 = VECTOR ( 'NONE', #1610, 1000.000000000000000 ) ;
#1261 = LINE ( 'NONE', #34, #406 ) ;
#1262 = CARTESIAN_POINT ( 'NONE',  ( 5.904204932632940661, 600.0000000000000000, 4.515054666323120358 ) ) ;
#1263 = CARTESIAN_POINT ( 'NONE',  ( -7.795795067367058628, 600.0000000000000000, -4.965450851637321250 ) ) ;
#1264 = DIRECTION ( 'NONE',  ( 1.000000000000000000, 0.000000000000000000, -5.659782955878652504E-16 ) ) ;
#1265 = VERTEX_POINT ( 'NONE', #755 ) ;
#1266 = APPROVAL_ROLE ( '' ) ;
#1267 = AXIS2_PLACEMENT_3D ( 'NONE', #132, #1657, #840 ) ;
#1268 = EDGE_CURVE ( 'NONE', #213, #1756, #236, .T. ) ;
#1269 = ORIENTED_EDGE ( 'NONE', *, *, #1444, .F. ) ;
#1270 = CARTESIAN_POINT ( 'NONE',  ( 10.40420493263294155, 600.0000000000000000, -9.024209272756028056E-16 ) ) ;
#1271 = EDGE_CURVE ( 'NONE', #730, #525, #1738, .T. ) ;
#1272 = DIRECTION ( 'NONE',  ( -0.000000000000000000, -1.000000000000000000, 0.000000000000000000 ) ) ;
#1273 = CARTESIAN_POINT ( 'NONE',  ( 3.469204932632941496, 600.0000000000000000, 6.299549148362684647 ) ) ;
#1274 = APPROVAL ( #1356, 'UNSPECIFIED' ) ;
#1275 = CARTESIAN_POINT ( 'NONE',  ( -5.087621801062966576, 0.000000000000000000, 6.299549148362684647 ) ) ;
#1276 = ORIENTED_EDGE ( 'NONE', *, *, #663, .F. ) ;
#1277 = ORIENTED_EDGE ( 'NONE', *, *, #1650, .F. ) ;
#1278 = AXIS2_PLACEMENT_3D ( 'NONE', #1037, #1043, #1581 ) ;
#1279 = LINE ( 'NONE', #329, #296 ) ;
#1280 = ADVANCED_FACE ( 'NONE', ( #1321 ), #1587, .T. ) ;
#1281 = CARTESIAN_POINT ( 'NONE',  ( -1.131701418934480418E-15, 0.000000000000000000, 1.999549148362686157 ) ) ;
#1282 = CARTESIAN_POINT ( 'NONE',  ( -4.445795067367058984, 600.0000000000000000, -11.90045085163731642 ) ) ;
#1283 = ORIENTED_EDGE ( 'NONE', *, *, #290, .F. ) ;
#1284 = ADVANCED_FACE ( 'NONE', ( #205 ), #98, .T. ) ;
#1285 = CARTESIAN_POINT ( 'NONE',  ( -7.795795067367047970, 600.0000000000000000, 1.666145632517386873E-14 ) ) ;
#1286 = DIRECTION ( 'NONE',  ( 0.7185108077017424710, 0.000000000000000000, -0.6955157936494249515 ) ) ;
#1287 = PLANE ( 'NONE',  #1666 ) ;
#1288 = CIRCLE ( 'NONE', #1003, 2.100000000000000089 ) ;
#1289 = ORIENTED_EDGE ( 'NONE', *, *, #903, .T. ) ;
#1290 = VECTOR ( 'NONE', #1491, 999.9999999999998863 ) ;
#1291 = ADVANCED_FACE ( 'NONE', ( #89 ), #1293, .T. ) ;
#1292 = CARTESIAN_POINT ( 'NONE',  ( 0.4042049326329407721, 0.000000000000000000, 0.1995491483626843643 ) ) ;
#1293 = PLANE ( 'NONE',  #906 ) ;
#1294 = CARTESIAN_POINT ( 'NONE',  ( -5.087621801062966576, 600.0000000000000000, -10.10045085163731748 ) ) ;
#1295 = APPROVAL_ROLE ( '' ) ;
#1296 = ORIENTED_EDGE ( 'NONE', *, *, #1323, .F. ) ;
#1297 = CARTESIAN_POINT ( 'NONE',  ( 5.904204932632940661, 600.0000000000000000, -10.10045085163731748 ) ) ;
#1298 = DIRECTION ( 'NONE',  ( -0.000000000000000000, -1.000000000000000000, -0.000000000000000000 ) ) ;
#1299 = CARTESIAN_POINT ( 'NONE',  ( 3.683848051972810733, 600.0000000000000000, -3.714804758291923470 ) ) ;
#1300 = VERTEX_POINT ( 'NONE', #1034 ) ;
#1301 = VECTOR ( 'NONE', #741, 1000.000000000000000 ) ;
#1302 = EDGE_CURVE ( 'NONE', #877, #265, #1452, .T. ) ;
#1303 = DIRECTION ( 'NONE',  ( 1.000000000000000000, -0.000000000000000000, 0.000000000000000000 ) ) ;
#1304 = AXIS2_PLACEMENT_3D ( 'NONE', #768, #261, #87 ) ;
#1305 = CARTESIAN_POINT ( 'NONE',  ( 8.728023701344501690E-15, 0.000000000000000000, 3.591375882058572166 ) ) ;
#1306 = CARTESIAN_POINT ( 'NONE',  ( -3.495795067367052145, 600.0000000000000000, 1.164549148362681752 ) ) ;
#1307 = EDGE_CURVE ( 'NONE', #646, #1117, #694, .T. ) ;
#1308 = CARTESIAN_POINT ( 'NONE',  ( 9.404204932632943326, 0.000000000000000000, 8.099549148362683582 ) ) ;
#1309 = ORIENTED_EDGE ( 'NONE', *, *, #1627, .F. ) ;
#1310 = DIRECTION ( 'NONE',  ( -0.000000000000000000, -1.000000000000000000, 0.000000000000000000 ) ) ;
#1311 = VECTOR ( 'NONE', #464, 1000.000000000000000 ) ;
#1312 = CARTESIAN_POINT ( 'NONE',  ( -3.495795067367052145, 600.0000000000000000, 1.164549148362681752 ) ) ;
#1313 = ADVANCED_FACE ( 'NONE', ( #796 ), #1474, .T. ) ;
#1314 = LINE ( 'NONE', #358, #147 ) ;
#1315 = LINE ( 'NONE', #75, #493 ) ;
#1316 = ORIENTED_EDGE ( 'NONE', *, *, #713, .T. ) ;
#1317 = FACE_OUTER_BOUND ( 'NONE', #1763, .T. ) ;
#1318 = DIRECTION ( 'NONE',  ( 0.000000000000000000, 0.000000000000000000, 1.000000000000000000 ) ) ;
#1319 = CARTESIAN_POINT ( 'NONE',  ( 6.819710450593385431, 600.0000000000000000, 3.591375882058604585 ) ) ;
#1320 = VECTOR ( 'NONE', #1402, 1000.000000000000000 ) ;
#1321 = FACE_OUTER_BOUND ( 'NONE', #692, .T. ) ;
#1322 = ORIENTED_EDGE ( 'NONE', *, *, #746, .T. ) ;
#1323 = EDGE_CURVE ( 'NONE', #699, #1161, #564, .T. ) ;
#1324 = CARTESIAN_POINT ( 'NONE',  ( 5.904204932632940661, 600.0000000000000000, -10.10045085163731748 ) ) ;
#1325 = EDGE_LOOP ( 'NONE', ( #569, #1574, #1472, #352 ) ) ;
#1326 = AXIS2_PLACEMENT_3D ( 'NONE', #784, #1327, #103 ) ;
#1327 = DIRECTION ( 'NONE',  ( -5.659782955878652504E-16, 0.000000000000000000, -1.000000000000000000 ) ) ;
#1328 = PLANE ( 'NONE',  #1371 ) ;
#1329 = DIRECTION ( 'NONE',  ( 0.000000000000000000, 1.000000000000000000, -0.000000000000000000 ) ) ;
#1330 = ORIENTED_EDGE ( 'NONE', *, *, #430, .F. ) ;
#1331 = FACE_OUTER_BOUND ( 'NONE', #1383, .T. ) ;
#1332 = PERSON ( 'UNSPECIFIED', 'UNSPECIFIED', 'UNSPECIFIED', ('UNSPECIFIED'), ('UNSPECIFIED'), ('UNSPECIFIED') ) ;
#1333 = AXIS2_PLACEMENT_3D ( 'NONE', #492, #356, #1120 ) ;
#1334 = VERTEX_POINT ( 'NONE', #138 ) ;
#1335 = CARTESIAN_POINT ( 'NONE',  ( 1.520234610978202561, 0.000000000000000000, -1.466641980735153838 ) ) ;
#1336 = EDGE_CURVE ( 'NONE', #525, #444, #1339, .T. ) ;
#1337 = ORIENTED_EDGE ( 'NONE', *, *, #415, .T. ) ;
#1338 = VECTOR ( 'NONE', #1345, 1000.000000000000000 ) ;
#1339 = LINE ( 'NONE', #682, #325 ) ;
#1340 = VERTEX_POINT ( 'NONE', #1078 ) ;
#1341 = CARTESIAN_POINT ( 'NONE',  ( -4.445795067367058984, 0.000000000000000000, 8.099549148362683582 ) ) ;
#1342 = DIRECTION ( 'NONE',  ( 0.000000000000000000, -1.000000000000000000, 0.000000000000000000 ) ) ;
#1343 = ORIENTED_EDGE ( 'NONE', *, *, #556, .F. ) ;
#1344 = CARTESIAN_POINT ( 'NONE',  ( -7.795795067367041753, 0.000000000000000000, 1.164549148362665543 ) ) ;
#1345 = DIRECTION ( 'NONE',  ( 0.6955157936494219539, 0.000000000000000000, -0.7185108077017454686 ) ) ;
#1346 = EDGE_CURVE ( 'NONE', #360, #938, #117, .T. ) ;
#1347 = VERTEX_POINT ( 'NONE', #1198 ) ;
#1348 = ORIENTED_EDGE ( 'NONE', *, *, #539, .F. ) ;
#1349 = DIRECTION ( 'NONE',  ( 0.7100591715976337648, 0.000000000000000000, 0.7041420118343189039 ) ) ;
#1350 = DIRECTION ( 'NONE',  ( -0.7196783484660199681, 0.000000000000000000, 0.6943076225630984144 ) ) ;
#1351 = LINE ( 'NONE', #131, #1729 ) ;
#1352 = ADVANCED_FACE ( 'NONE', ( #949 ), #787, .F. ) ;
#1353 = VECTOR ( 'NONE', #1521, 1000.000000000000000 ) ;
#1354 = DIRECTION ( 'NONE',  ( -0.7041420118343195700, 0.000000000000000000, -0.7100591715976330986 ) ) ;
#1355 = EDGE_LOOP ( 'NONE', ( #1219, #1206, #23, #1316 ) ) ;
#1356 = APPROVAL_STATUS ( 'not_yet_approved' ) ;
#1357 = DIRECTION ( 'NONE',  ( -0.000000000000000000, -1.000000000000000000, -0.000000000000000000 ) ) ;
#1358 = ORIENTED_EDGE ( 'NONE', *, *, #459, .T. ) ;
#1359 = VERTEX_POINT ( 'NONE', #1360 ) ;
#1360 = CARTESIAN_POINT ( 'NONE',  ( 9.404204932632941549, 600.0000000000000000, -11.90045085163731642 ) ) ;
#1361 = CARTESIAN_POINT ( 'NONE',  ( -1.103293939535485491, 0.000000000000000000, -1.143609452747016419 ) ) ;
#1362 = EDGE_CURVE ( 'NONE', #64, #1625, #5, .T. ) ;
#1363 = DIRECTION ( 'NONE',  ( 1.000000000000000000, -0.000000000000000000, 0.000000000000000000 ) ) ;
#1364 = CARTESIAN_POINT ( 'NONE',  ( 1.808133919279209412, 600.0000000000000000, 1.793066136618549411 ) ) ;
#1365 = EDGE_LOOP ( 'NONE', ( #1493, #1719, #151, #611 ) ) ;
#1366 = CALENDAR_DATE ( 2026, 22, 8 ) ;
#1367 = CARTESIAN_POINT ( 'NONE',  ( -2.517916185241519939E-14, 0.000000000000000000, -7.400450851637275562 ) ) ;
#1368 = ORIENTED_EDGE ( 'NONE', *, *, #1307, .T. ) ;
#1369 = VERTEX_POINT ( 'NONE', #416 ) ;
#1370 = EDGE_CURVE ( 'NONE', #399, #1340, #660, .T. ) ;
#1371 = AXIS2_PLACEMENT_3D ( 'NONE', #617, #366, #900 ) ;
#1372 = DIRECTION ( 'NONE',  ( 0.000000000000000000, 0.000000000000000000, -1.000000000000000000 ) ) ;
#1373 = ORIENTED_EDGE ( 'NONE', *, *, #393, .F. ) ;
#1374 = CARTESIAN_POINT ( 'NONE',  ( -7.795795067367035536, 600.0000000000000000, 3.591375882058591262 ) ) ;
#1375 = CARTESIAN_POINT ( 'NONE',  ( -2.660795067367058842, 600.0000000000000000, -5.800450851637316774 ) ) ;
#1376 = ORIENTED_EDGE ( 'NONE', *, *, #327, .T. ) ;
#1377 = APPROVAL_STATUS ( 'not_yet_approved' ) ;
#1378 = CARTESIAN_POINT ( 'NONE',  ( -0.3992869873572704176, 600.0000000000000000, -0.4124881396086252927 ) ) ;
#1379 = ORIENTED_EDGE ( 'NONE', *, *, #357, .F. ) ;
#1380 = EDGE_LOOP ( 'NONE', ( #148, #40, #14, #1465 ) ) ;
#1381 = EDGE_CURVE ( 'NONE', #1025, #221, #426, .T. ) ;
#1382 = LINE ( 'NONE', #1439, #1713 ) ;
#1383 = EDGE_LOOP ( 'NONE', ( #176, #1567, #884, #1393 ) ) ;
#1384 = DIRECTION ( 'NONE',  ( -0.000000000000000000, -1.000000000000000000, -0.000000000000000000 ) ) ;
#1385 = PRODUCT ( '600mmAlExt', '600mmAlExt', '', ( #411 ) ) ;
#1386 = ADVANCED_FACE ( 'NONE', ( #1654 ), #1068, .T. ) ;
#1387 = FACE_OUTER_BOUND ( 'NONE', #240, .T. ) ;
#1388 = ORIENTED_EDGE ( 'NONE', *, *, #1767, .F. ) ;
#1389 = FACE_OUTER_BOUND ( 'NONE', #575, .T. ) ;
#1390 = ORIENTED_EDGE ( 'NONE', *, *, #8, .T. ) ;
#1391 = VECTOR ( 'NONE', #733, 1000.000000000000000 ) ;
#1392 = DIRECTION ( 'NONE',  ( -8.673617379884035472E-17, 0.000000000000000000, -1.000000000000000000 ) ) ;
#1393 = ORIENTED_EDGE ( 'NONE', *, *, #1180, .T. ) ;
#1394 = CARTESIAN_POINT ( 'NONE',  ( 4.304204932632935687, 600.0000000000000000, -1.644358435851917443E-14 ) ) ;
#1395 = EDGE_CURVE ( 'NONE', #115, #516, #107, .T. ) ;
#1396 = DIRECTION ( 'NONE',  ( 0.000000000000000000, 0.000000000000000000, 1.000000000000000000 ) ) ;
#1397 = ORIENTED_EDGE ( 'NONE', *, *, #1180, .F. ) ;
#1398 = EDGE_CURVE ( 'NONE', #756, #1347, #651, .T. ) ;
#1399 = ORIENTED_EDGE ( 'NONE', *, *, #179, .F. ) ;
#1400 = VECTOR ( 'NONE', #1710, 1000.000000000000000 ) ;
#1401 = DIRECTION ( 'NONE',  ( 0.7041420118343195700, 0.000000000000000000, 0.7100591715976330986 ) ) ;
#1402 = DIRECTION ( 'NONE',  ( 0.000000000000000000, -1.000000000000000000, 0.000000000000000000 ) ) ;
#1403 = CARTESIAN_POINT ( 'NONE',  ( -0.3992869873572704176, 600.0000000000000000, -0.4124881396086252927 ) ) ;
#1404 = LINE ( 'NONE', #53, #1693 ) ;
#1405 = ORIENTED_EDGE ( 'NONE', *, *, #898, .F. ) ;
#1406 = DATE_AND_TIME ( #1424, #1253 ) ;
#1407 = VECTOR ( 'NONE', #719, 1000.000000000000000 ) ;
#1408 = ORIENTED_EDGE ( 'NONE', *, *, #1036, .F. ) ;
#1409 = ADVANCED_FACE ( 'NONE', ( #1507 ), #404, .F. ) ;
#1410 = CARTESIAN_POINT ( 'NONE',  ( 1.520234610978202561, 600.0000000000000000, -1.466641980735153838 ) ) ;
#1411 = DIRECTION ( 'NONE',  ( -0.000000000000000000, 1.000000000000000000, -0.000000000000000000 ) ) ;
#1412 = CARTESIAN_POINT ( 'NONE',  ( -7.795795067367047970, 600.0000000000000000, 1.666145632517386873E-14 ) ) ;
#1413 = EDGE_CURVE ( 'NONE', #1492, #436, #543, .T. ) ;
#1414 = DIRECTION ( 'NONE',  ( 0.000000000000000000, 1.000000000000000000, 0.000000000000000000 ) ) ;
#1415 = AXIS2_PLACEMENT_3D ( 'NONE', #55, #1272, #1418 ) ;
#1416 = EDGE_LOOP ( 'NONE', ( #845, #298, #1559, #1388 ) ) ;
#1417 = AXIS2_PLACEMENT_3D ( 'NONE', #458, #858, #1255 ) ;
#1418 = DIRECTION ( 'NONE',  ( 0.000000000000000000, 0.000000000000000000, 1.000000000000000000 ) ) ;
#1419 = CC_DESIGN_APPROVAL ( #129, ( #737 ) ) ;
#1420 = CARTESIAN_POINT ( 'NONE',  ( -1.107687832066692080, 600.0000000000000000, -1.072237708017153013 ) ) ;
#1421 = ADVANCED_FACE ( 'NONE', ( #1229 ), #1087, .F. ) ;
#1422 = CC_DESIGN_PERSON_AND_ORGANIZATION_ASSIGNMENT ( #11, #832, ( #1209 ) ) ;
#1423 = DIRECTION ( 'NONE',  ( -3.820353495218088492E-15, 0.000000000000000000, -1.000000000000000000 ) ) ;
#1424 = CALENDAR_DATE ( 2026, 22, 8 ) ;
#1425 = ORIENTED_EDGE ( 'NONE', *, *, #1223, .T. ) ;
#1426 = LINE ( 'NONE', #197, #636 ) ;
#1427 = VECTOR ( 'NONE', #971, 1000.000000000000000 ) ;
#1428 = CARTESIAN_POINT ( 'NONE',  ( 1.783463740402442044, 600.0000000000000000, 1.798450830657924548 ) ) ;
#1429 = CARTESIAN_POINT ( 'NONE',  ( -3.495795067367054365, 600.0000000000000000, 8.161494552555607186E-15 ) ) ;
#1430 = CALENDAR_DATE ( 2026, 22, 8 ) ;
#1431 = VERTEX_POINT ( 'NONE', #395 ) ;
#1432 = VECTOR ( 'NONE', #1481, 1000.000000000000000 ) ;
#1433 = EDGE_CURVE ( 'NONE', #427, #1025, #127, .T. ) ;
#1434 = CARTESIAN_POINT ( 'NONE',  ( 0.4042049326329404946, 0.000000000000000000, -4.000450851637316063 ) ) ;
#1435 = CARTESIAN_POINT ( 'NONE',  ( -5.087621801062966576, 600.0000000000000000, -10.10045085163731748 ) ) ;
#1436 = ORIENTED_EDGE ( 'NONE', *, *, #137, .F. ) ;
#1437 = CARTESIAN_POINT ( 'NONE',  ( 4.304204932632935687, 600.0000000000000000, -1.644358435851917443E-14 ) ) ;
#1438 = ORIENTED_EDGE ( 'NONE', *, *, #727, .T. ) ;
#1439 = CARTESIAN_POINT ( 'NONE',  ( 3.708518230849593866, 0.000000000000000000, -3.677613912259180662 ) ) ;
#1440 = CARTESIAN_POINT ( 'NONE',  ( -2.660795067367058842, 600.0000000000000000, 6.299549148362684647 ) ) ;
#1441 = LINE ( 'NONE', #1435, #1569 ) ;
#1442 = ORIENTED_EDGE ( 'NONE', *, *, #1675, .F. ) ;
#1443 = CARTESIAN_POINT ( 'NONE',  ( -3.300930889375950805, 600.0000000000000000, -3.273423131964485311 ) ) ;
#1444 = EDGE_CURVE ( 'NONE', #947, #923, #69, .T. ) ;
#1445 = DIRECTION ( 'NONE',  ( 0.000000000000000000, 0.000000000000000000, 1.000000000000000000 ) ) ;
#1446 = ADVANCED_FACE ( 'NONE', ( #837 ), #760, .T. ) ;
#1447 = CARTESIAN_POINT ( 'NONE',  ( -7.795795067367047970, 0.000000000000000000, 1.666145632517386873E-14 ) ) ;
#1448 = EDGE_CURVE ( 'NONE', #436, #414, #78, .T. ) ;
#1449 = CARTESIAN_POINT ( 'NONE',  ( 8.604204932632947944, 600.0000000000000000, 3.591375882058598812 ) ) ;
#1450 = ORIENTED_EDGE ( 'NONE', *, *, #987, .T. ) ;
#1451 = CARTESIAN_POINT ( 'NONE',  ( -4.445795067367058984, 600.0000000000000000, 8.099549148362683582 ) ) ;
#1452 = CIRCLE ( 'NONE', #1145, 1.000000000000000000 ) ;
#1453 = VECTOR ( 'NONE', #715, 1000.000000000000000 ) ;
#1454 = CARTESIAN_POINT ( 'NONE',  ( 5.904204932632940661, 600.0000000000000000, 0.000000000000000000 ) ) ;
#1455 = CARTESIAN_POINT ( 'NONE',  ( 0.4042049326329404946, 0.000000000000000000, -1.900450851637315974 ) ) ;
#1456 = ADVANCED_FACE ( 'NONE', ( #456 ), #42, .F. ) ;
#1457 = LINE ( 'NONE', #633, #684 ) ;
#1458 = ORIENTED_EDGE ( 'NONE', *, *, #1005, .F. ) ;
#1459 = FACE_OUTER_BOUND ( 'NONE', #30, .T. ) ;
#1460 = ORIENTED_EDGE ( 'NONE', *, *, #120, .F. ) ;
#1461 = FACE_OUTER_BOUND ( 'NONE', #1216, .T. ) ;
#1462 = CARTESIAN_POINT ( 'NONE',  ( -3.495795067367066800, 600.0000000000000000, -4.965450851637312368 ) ) ;
#1463 = VECTOR ( 'NONE', #160, 1000.000000000000000 ) ;
#1464 = CARTESIAN_POINT ( 'NONE',  ( -9.595795067367058451, 600.0000000000000000, 8.323025487012041902E-16 ) ) ;
#1465 = ORIENTED_EDGE ( 'NONE', *, *, #1346, .T. ) ;
#1466 = DIRECTION ( 'NONE',  ( -0.7041420118343195700, 0.000000000000000000, 0.7100591715976330986 ) ) ;
#1467 = CIRCLE ( 'NONE', #162, 1.000000000000000888 ) ;
#1468 = EDGE_CURVE ( 'NONE', #1750, #1631, #589, .T. ) ;
#1469 = ORIENTED_EDGE ( 'NONE', *, *, #957, .T. ) ;
#1470 = AXIS2_PLACEMENT_3D ( 'NONE', #1186, #506, #1445 ) ;
#1471 = LINE ( 'NONE', #791, #49 ) ;
#1472 = ORIENTED_EDGE ( 'NONE', *, *, #1148, .F. ) ;
#1473 = ORIENTED_EDGE ( 'NONE', *, *, #681, .F. ) ;
#1474 = PLANE ( 'NONE',  #255 ) ;
#1475 = VERTEX_POINT ( 'NONE', #1162 ) ;
#1476 = DIRECTION ( 'NONE',  ( -0.000000000000000000, -1.000000000000000000, -0.000000000000000000 ) ) ;
#1477 = VECTOR ( 'NONE', #1041, 1000.000000000000000 ) ;
#1478 = DIRECTION ( 'NONE',  ( -1.000000000000000000, 0.000000000000000000, 2.430272961665444135E-15 ) ) ;
#1479 = ORIENTED_EDGE ( 'NONE', *, *, #398, .F. ) ;
#1480 = CYLINDRICAL_SURFACE ( 'NONE', #485, 2.100000000000000089 ) ;
#1481 = DIRECTION ( 'NONE',  ( 1.000000000000000000, -0.000000000000000000, 0.000000000000000000 ) ) ;
#1482 = ORIENTED_EDGE ( 'NONE', *, *, #1370, .F. ) ;
#1483 = ADVANCED_FACE ( 'NONE', ( #1546 ), #1518, .T. ) ;
#1484 = VECTOR ( 'NONE', #146, 1000.000000000000000 ) ;
#1485 = DIRECTION ( 'NONE',  ( 0.000000000000000000, 0.000000000000000000, 1.000000000000000000 ) ) ;
#1486 = ORIENTED_EDGE ( 'NONE', *, *, #1548, .T. ) ;
#1487 = DIRECTION ( 'NONE',  ( -1.000000000000000000, 0.000000000000000000, 0.000000000000000000 ) ) ;
#1488 = PLANE ( 'NONE',  #1520 ) ;
#1489 = EDGE_LOOP ( 'NONE', ( #1771, #1482, #1662, #1225 ) ) ;
#1490 = APPLICATION_PROTOCOL_DEFINITION ( 'international standard', 'config_control_design', 1994, #640 ) ;
#1491 = DIRECTION ( 'NONE',  ( -0.7100591715976330986, 0.000000000000000000, 0.7041420118343195700 ) ) ;
#1492 = VERTEX_POINT ( 'NONE', #1681 ) ;
#1493 = ORIENTED_EDGE ( 'NONE', *, *, #1764, .T. ) ;
#1494 = EDGE_CURVE ( 'NONE', #553, #1340, #893, .T. ) ;
#1495 = DIRECTION ( 'NONE',  ( -1.000000000000000000, 0.000000000000000000, 0.000000000000000000 ) ) ;
#1496 = ORIENTED_EDGE ( 'NONE', *, *, #1444, .T. ) ;
#1497 = LINE ( 'NONE', #1374, #1135 ) ;
#1498 = VECTOR ( 'NONE', #152, 1000.000000000000000 ) ;
#1499 = EDGE_CURVE ( 'NONE', #756, #41, #621, .T. ) ;
#1500 = FACE_OUTER_BOUND ( 'NONE', #1365, .T. ) ;
#1501 = ORIENTED_EDGE ( 'NONE', *, *, #1675, .T. ) ;
#1502 = DIRECTION ( 'NONE',  ( 0.000000000000000000, 0.000000000000000000, 1.000000000000000000 ) ) ;
#1503 = CARTESIAN_POINT ( 'NONE',  ( 5.904204932632939773, 600.0000000000000000, -8.315956369597751419 ) ) ;
#1504 = EDGE_LOOP ( 'NONE', ( #323, #766, #326, #783 ) ) ;
#1505 = LOCAL_TIME ( 12, 38, 46.00000000000000000, #453 ) ;
#1506 = ORIENTED_EDGE ( 'NONE', *, *, #1362, .F. ) ;
#1507 = FACE_OUTER_BOUND ( 'NONE', #1257, .T. ) ;
#1508 = VERTEX_POINT ( 'NONE', #1251 ) ;
#1509 = LINE ( 'NONE', #440, #47 ) ;
#1510 = LINE ( 'NONE', #965, #1197 ) ;
#1511 = ORIENTED_EDGE ( 'NONE', *, *, #38, .F. ) ;
#1512 = DIRECTION ( 'NONE',  ( -0.7100591715976344309, 0.000000000000000000, -0.7041420118343182377 ) ) ;
#1513 = FACE_OUTER_BOUND ( 'NONE', #1416, .T. ) ;
#1514 = ORIENTED_EDGE ( 'NONE', *, *, #663, .T. ) ;
#1515 = ORIENTED_EDGE ( 'NONE', *, *, #210, .T. ) ;
#1516 = VECTOR ( 'NONE', #1138, 1000.000000000000000 ) ;
#1517 = EDGE_CURVE ( 'NONE', #1252, #542, #1382, .T. ) ;
#1518 = PLANE ( 'NONE',  #1333 ) ;
#1519 = ORIENTED_EDGE ( 'NONE', *, *, #917, .F. ) ;
#1520 = AXIS2_PLACEMENT_3D ( 'NONE', #830, #443, #1478 ) ;
#1521 = DIRECTION ( 'NONE',  ( -0.000000000000000000, -1.000000000000000000, -0.000000000000000000 ) ) ;
#1522 = DIRECTION ( 'NONE',  ( 0.7041420118343195700, 0.000000000000000000, 0.7100591715976330986 ) ) ;
#1523 = ORIENTED_EDGE ( 'NONE', *, *, #809, .T. ) ;
#1524 = CARTESIAN_POINT ( 'NONE',  ( -9.595795067367058451, 600.0000000000000000, 2.949549148362682338 ) ) ;
#1525 = CARTESIAN_POINT ( 'NONE',  ( -3.495795067367052145, 0.000000000000000000, 1.164549148362681752 ) ) ;
#1526 = VERTEX_POINT ( 'NONE', #996 ) ;
#1527 = EDGE_CURVE ( 'NONE', #1249, #1142, #328, .T. ) ;
#1528 = CARTESIAN_POINT ( 'NONE',  ( -5.087621801062966576, 0.000000000000000000, 0.000000000000000000 ) ) ;
#1529 = CARTESIAN_POINT ( 'NONE',  ( -7.795795067367044417, 0.000000000000000000, 1.950383183654221134E-14 ) ) ;
#1530 = FACE_OUTER_BOUND ( 'NONE', #827, .T. ) ;
#1531 = LINE ( 'NONE', #860, #628 ) ;
#1532 = ORIENTED_EDGE ( 'NONE', *, *, #739, .T. ) ;
#1533 = DIRECTION ( 'NONE',  ( -0.000000000000000000, -1.000000000000000000, -0.000000000000000000 ) ) ;
#1534 = CC_DESIGN_DATE_AND_TIME_ASSIGNMENT ( #1406, #208, ( #167 ) ) ;
#1535 = ORIENTED_EDGE ( 'NONE', *, *, #1123, .T. ) ;
#1536 = DIRECTION ( 'NONE',  ( 1.000000000000000000, -0.000000000000000000, 0.000000000000000000 ) ) ;
#1537 = CARTESIAN_POINT ( 'NONE',  ( -9.595795067367058451, 600.0000000000000000, 7.099549148362684470 ) ) ;
#1538 = VECTOR ( 'NONE', #915, 1000.000000000000000 ) ;
#1539 = CARTESIAN_POINT ( 'NONE',  ( 9.404204932632943326, 600.0000000000000000, 7.099549148362684470 ) ) ;
#1540 = DIRECTION ( 'NONE',  ( 0.000000000000000000, 0.000000000000000000, -1.000000000000000000 ) ) ;
#1541 = ORIENTED_EDGE ( 'NONE', *, *, #50, .F. ) ;
#1542 = PERSON_AND_ORGANIZATION ( #1332, #1760 ) ;
#1543 = EDGE_CURVE ( 'NONE', #1047, #979, #1664, .T. ) ;
#1544 = ORIENTED_EDGE ( 'NONE', *, *, #697, .T. ) ;
#1545 = VECTOR ( 'NONE', #806, 999.9999999999998863 ) ;
#1546 = FACE_OUTER_BOUND ( 'NONE', #245, .T. ) ;
#1547 = CARTESIAN_POINT ( 'NONE',  ( 5.904204932632940661, 0.000000000000000000, 6.299549148362684647 ) ) ;
#1548 = EDGE_CURVE ( 'NONE', #289, #463, #1718, .T. ) ;
#1549 = CYLINDRICAL_SURFACE ( 'NONE', #925, 1.000000000000000000 ) ;
#1550 = CARTESIAN_POINT ( 'NONE',  ( 5.904204932632940661, 0.000000000000000000, -0.000000000000000000 ) ) ;
#1551 = PERSON_AND_ORGANIZATION ( #1332, #1760 ) ;
#1552 = ORIENTED_EDGE ( 'NONE', *, *, #987, .F. ) ;
#1553 = DIRECTION ( 'NONE',  ( -0.7185108077017470229, 0.000000000000000000, -0.6955157936494203996 ) ) ;
#1554 = ADVANCED_FACE ( 'NONE', ( #582 ), #855, .T. ) ;
#1555 = DIRECTION ( 'NONE',  ( 0.000000000000000000, 1.000000000000000000, 0.000000000000000000 ) ) ;
#1556 = DIRECTION ( 'NONE',  ( -0.000000000000000000, -1.000000000000000000, -0.000000000000000000 ) ) ;
#1557 = AXIS2_PLACEMENT_3D ( 'NONE', #486, #1151, #204 ) ;
#1558 = EDGE_CURVE ( 'NONE', #774, #348, #980, .T. ) ;
#1559 = ORIENTED_EDGE ( 'NONE', *, *, #259, .F. ) ;
#1560 = AXIS2_PLACEMENT_3D ( 'NONE', #1412, #181, #592 ) ;
#1561 = LINE ( 'NONE', #1674, #424 ) ;
#1562 = LOCAL_TIME ( 12, 38, 46.00000000000000000, #751 ) ;
#1563 = DIRECTION ( 'NONE',  ( -1.000000000000000000, 0.000000000000000000, 3.820353495218088492E-15 ) ) ;
#1564 = CARTESIAN_POINT ( 'NONE',  ( 8.728023701344501690E-15, 600.0000000000000000, 3.591375882058572166 ) ) ;
#1565 = PERSON_AND_ORGANIZATION_ROLE ( 'classification_officer' ) ;
#1566 = EDGE_CURVE ( 'NONE', #1194, #116, #846, .T. ) ;
#1567 = ORIENTED_EDGE ( 'NONE', *, *, #1558, .F. ) ;
#1568 = CARTESIAN_POINT ( 'NONE',  ( 0.000000000000000000, 600.0000000000000000, -10.10045085163731748 ) ) ;
#1569 = VECTOR ( 'NONE', #901, 1000.000000000000000 ) ;
#1570 = CARTESIAN_POINT ( 'NONE',  ( 8.604204932632935510, 600.0000000000000000, -3.075191994861229720E-14 ) ) ;
#1571 = ORIENTED_EDGE ( 'NONE', *, *, #321, .T. ) ;
#1572 = LINE ( 'NONE', #1437, #614 ) ;
#1573 = APPROVAL_STATUS ( 'not_yet_approved' ) ;
#1574 = ORIENTED_EDGE ( 'NONE', *, *, #1001, .F. ) ;
#1575 = AXIS2_PLACEMENT_3D ( 'NONE', #1114, #810, #153 ) ;
#1576 = CARTESIAN_POINT ( 'NONE',  ( -7.795795067367041753, 600.0000000000000000, 1.164549148362665543 ) ) ;
#1577 = DIRECTION ( 'NONE',  ( 0.000000000000000000, 1.000000000000000000, -0.000000000000000000 ) ) ;
#1578 = EDGE_CURVE ( 'NONE', #414, #41, #1261, .T. ) ;
#1579 = PLANE ( 'NONE',  #1028 ) ;
#1580 = ORIENTED_EDGE ( 'NONE', *, *, #887, .F. ) ;
#1581 = DIRECTION ( 'NONE',  ( 1.000000000000000000, 0.000000000000000000, -0.000000000000000000 ) ) ;
#1582 = EDGE_CURVE ( 'NONE', #1121, #600, #177, .T. ) ;
#1583 = LINE ( 'NONE', #1751, #1086 ) ;
#1584 = ORIENTED_EDGE ( 'NONE', *, *, #246, .F. ) ;
#1585 = PLANE ( 'NONE',  #56 ) ;
#1586 = CIRCLE ( 'NONE', #1159, 1.000000000000000000 ) ;
#1587 = PLANE ( 'NONE',  #1661 ) ;
#1588 = ORIENTED_EDGE ( 'NONE', *, *, #1517, .F. ) ;
#1589 = CYLINDRICAL_SURFACE ( 'NONE', #734, 1.000000000000000000 ) ;
#1590 = ADVANCED_FACE ( 'NONE', ( #656, #1615 ), #924, .T. ) ;
#1591 = FACE_OUTER_BOUND ( 'NONE', #1071, .T. ) ;
#1592 = ORIENTED_EDGE ( 'NONE', *, *, #137, .T. ) ;
#1593 = CARTESIAN_POINT ( 'NONE',  ( 5.904204932632940661, 0.000000000000000000, -10.10045085163731748 ) ) ;
#1594 = DIRECTION ( 'NONE',  ( 3.574057125485275739E-15, 0.000000000000000000, 1.000000000000000000 ) ) ;
#1595 = ORIENTED_EDGE ( 'NONE', *, *, #393, .T. ) ;
#1596 = EDGE_CURVE ( 'NONE', #788, #1025, #1583, .T. ) ;
#1597 = CARTESIAN_POINT ( 'NONE',  ( 10.40420493263293977, 600.0000000000000000, -10.90045085163731464 ) ) ;
#1598 = AXIS2_PLACEMENT_3D ( 'NONE', #1638, #968, #445 ) ;
#1599 = DIRECTION ( 'NONE',  ( -0.000000000000000000, -1.000000000000000000, -0.000000000000000000 ) ) ;
#1600 = VERTEX_POINT ( 'NONE', #1312 ) ;
#1601 = AXIS2_PLACEMENT_3D ( 'NONE', #1010, #728, #207 ) ;
#1602 = CARTESIAN_POINT ( 'NONE',  ( 0.4042049326329404946, 0.000000000000000000, -1.900450851637315974 ) ) ;
#1603 = EDGE_CURVE ( 'NONE', #646, #923, #499, .T. ) ;
#1604 = FACE_OUTER_BOUND ( 'NONE', #1679, .T. ) ;
#1605 = ORIENTED_EDGE ( 'NONE', *, *, #468, .T. ) ;
#1606 = CARTESIAN_POINT ( 'NONE',  ( 9.404204932632943326, 600.0000000000000000, 8.099549148362683582 ) ) ;
#1607 = ORIENTED_EDGE ( 'NONE', *, *, #758, .F. ) ;
#1608 = DIRECTION ( 'NONE',  ( -0.000000000000000000, -1.000000000000000000, -0.000000000000000000 ) ) ;
#1609 = DIRECTION ( 'NONE',  ( -0.6943076225630967491, 0.000000000000000000, 0.7196783484660216335 ) ) ;
#1610 = DIRECTION ( 'NONE',  ( -0.000000000000000000, 1.000000000000000000, -0.000000000000000000 ) ) ;
#1611 = EDGE_LOOP ( 'NONE', ( #871, #1238, #1042, #1149 ) ) ;
#1612 = CARTESIAN_POINT ( 'NONE',  ( 3.469204932632942384, 600.0000000000000000, -5.800450851637321215 ) ) ;
#1613 = VECTOR ( 'NONE', #1384, 1000.000000000000000 ) ;
#1614 = ORIENTED_EDGE ( 'NONE', *, *, #1632, .F. ) ;
#1615 = FACE_OUTER_BOUND ( 'NONE', #264, .T. ) ;
#1616 = EDGE_CURVE ( 'NONE', #1194, #841, #1077, .T. ) ;
#1617 = CARTESIAN_POINT ( 'NONE',  ( -9.595795067367060227, 600.0000000000000000, -10.90045085163731464 ) ) ;
#1618 = ORIENTED_EDGE ( 'NONE', *, *, #612, .F. ) ;
#1619 = ORIENTED_EDGE ( 'NONE', *, *, #1001, .T. ) ;
#1620 = DIRECTION ( 'NONE',  ( 0.000000000000000000, 0.000000000000000000, -1.000000000000000000 ) ) ;
#1621 = VERTEX_POINT ( 'NONE', #1203 ) ;
#1622 = CARTESIAN_POINT ( 'NONE',  ( -3.495795067367066800, 0.000000000000000000, -4.965450851637312368 ) ) ;
#1623 = AXIS2_PLACEMENT_3D ( 'NONE', #647, #1038, #1177 ) ;
#1624 = FACE_BOUND ( 'NONE', #615, .T. ) ;
#1625 = VERTEX_POINT ( 'NONE', #1725 ) ;
#1626 = CARTESIAN_POINT ( 'NONE',  ( -7.795795067367041753, 600.0000000000000000, 1.164549148362665543 ) ) ;
#1627 = EDGE_CURVE ( 'NONE', #104, #229, #1020, .T. ) ;
#1628 = CARTESIAN_POINT ( 'NONE',  ( -7.795795067367058628, 0.000000000000000000, -4.965450851637321250 ) ) ;
#1629 = VECTOR ( 'NONE', #1556, 1000.000000000000000 ) ;
#1630 = CARTESIAN_POINT ( 'NONE',  ( -3.282929286650870921E-15, 0.000000000000000000, -5.800450851637318550 ) ) ;
#1631 = VERTEX_POINT ( 'NONE', #1344 ) ;
#1632 = EDGE_CURVE ( 'NONE', #1105, #1625, #528, .T. ) ;
#1633 = CARTESIAN_POINT ( 'NONE',  ( -2.660795067367058842, 600.0000000000000000, 1.999549148362684825 ) ) ;
#1634 = LINE ( 'NONE', #953, #180 ) ;
#1635 = ADVANCED_FACE ( 'NONE', ( #224 ), #1480, .F. ) ;
#1636 = ORIENTED_EDGE ( 'NONE', *, *, #942, .T. ) ;
#1637 = CARTESIAN_POINT ( 'NONE',  ( -1.798511560886810279E-14, 0.000000000000000000, -7.400450851637284444 ) ) ;
#1638 = CARTESIAN_POINT ( 'NONE',  ( 0.000000000000000000, 600.0000000000000000, 6.299549148362684647 ) ) ;
#1639 = ORIENTED_EDGE ( 'NONE', *, *, #601, .F. ) ;
#1640 = ORIENTED_EDGE ( 'NONE', *, *, #1254, .F. ) ;
#1641 = CARTESIAN_POINT ( 'NONE',  ( -5.087621801062966576, 0.000000000000000000, -0.000000000000000000 ) ) ;
#1642 = CARTESIAN_POINT ( 'NONE',  ( 5.904204932632940661, 0.000000000000000000, 0.000000000000000000 ) ) ;
#1643 = CLOSED_SHELL ( 'NONE', ( #408, #1554, #1053, #1421, #591, #370, #1026, #1386, #170, #1109, #1692, #762, #523, #1409, #1313, #1241, #1193, #1723, #580, #1098, #365, #1284, #227, #222, #1446, #1483, #425, #795, #1680, #1136, #1711, #1456, #234, #648, #1280, #776, #1352, #571, #1164, #505, #1291, #532, #857, #106, #1635, #1235, #1590, #606, #1080, #870, #1076, #673 ) ) ;
#1644 = CARTESIAN_POINT ( 'NONE',  ( 0.000000000000000000, 0.000000000000000000, -11.90045085163731642 ) ) ;
#1645 = AXIS2_PLACEMENT_3D ( 'NONE', #336, #28, #707 ) ;
#1646 = LINE ( 'NONE', #547, #1172 ) ;
#1647 = ORIENTED_EDGE ( 'NONE', *, *, #1736, .F. ) ;
#1648 = DIRECTION ( 'NONE',  ( 1.000000000000000000, 0.000000000000000000, 0.000000000000000000 ) ) ;
#1649 = CARTESIAN_POINT ( 'NONE',  ( -1.107687832066692080, 0.000000000000000000, -1.072237708017153013 ) ) ;
#1650 = EDGE_CURVE ( 'NONE', #699, #221, #1743, .T. ) ;
#1651 = ORIENTED_EDGE ( 'NONE', *, *, #321, .F. ) ;
#1652 = AXIS2_PLACEMENT_3D ( 'NONE', #1064, #363, #513 ) ;
#1653 = ORIENTED_EDGE ( 'NONE', *, *, #1039, .T. ) ;
#1654 = FACE_OUTER_BOUND ( 'NONE', #1134, .T. ) ;
#1655 = LINE ( 'NONE', #1665, #1463 ) ;
#1656 = DIRECTION ( 'NONE',  ( 0.6955157936494219539, 0.000000000000000000, 0.7185108077017455797 ) ) ;
#1657 = DIRECTION ( 'NONE',  ( 0.6943076225630931964, 0.000000000000000000, -0.7196783484660251862 ) ) ;
#1658 = ORIENTED_EDGE ( 'NONE', *, *, #120, .T. ) ;
#1659 = DIRECTION ( 'NONE',  ( 1.000000000000000000, 0.000000000000000000, -3.645409442498240749E-15 ) ) ;
#1660 = LINE ( 'NONE', #978, #1290 ) ;
#1661 = AXIS2_PLACEMENT_3D ( 'NONE', #1059, #228, #919 ) ;
#1662 = ORIENTED_EDGE ( 'NONE', *, *, #45, .F. ) ;
#1663 = ORIENTED_EDGE ( 'NONE', *, *, #635, .T. ) ;
#1664 = LINE ( 'NONE', #704, #175 ) ;
#1665 = CARTESIAN_POINT ( 'NONE',  ( 10.40420493263294155, 600.0000000000000000, -9.024209272756028056E-16 ) ) ;
#1666 = AXIS2_PLACEMENT_3D ( 'NONE', #1677, #1540, #1694 ) ;
#1667 = EDGE_CURVE ( 'NONE', #1492, #1252, #1072, .T. ) ;
#1668 = LINE ( 'NONE', #576, #639 ) ;
#1669 = CARTESIAN_POINT ( 'NONE',  ( -1.400546577805566351, 600.0000000000000000, 1.388875356323853394 ) ) ;
#1670 = ORIENTED_EDGE ( 'NONE', *, *, #1433, .T. ) ;
#1671 = PERSON_AND_ORGANIZATION ( #1332, #1760 ) ;
#1672 = EDGE_LOOP ( 'NONE', ( #1097, #588, #1202, #1248 ) ) ;
#1673 = CARTESIAN_POINT ( 'NONE',  ( -1.107687832066692080, 600.0000000000000000, -1.072237708017153013 ) ) ;
#1674 = CARTESIAN_POINT ( 'NONE',  ( 3.683848051972810733, 600.0000000000000000, -3.714804758291923470 ) ) ;
#1675 = EDGE_CURVE ( 'NONE', #1475, #838, #899, .T. ) ;
#1676 = PLANE ( 'NONE',  #1645 ) ;
#1677 = CARTESIAN_POINT ( 'NONE',  ( 0.000000000000000000, 600.0000000000000000, -10.10045085163731748 ) ) ;
#1678 = ORIENTED_EDGE ( 'NONE', *, *, #92, .T. ) ;
#1679 = EDGE_LOOP ( 'NONE', ( #1373, #1640, #587, #283 ) ) ;
#1680 = ADVANCED_FACE ( 'NONE', ( #667 ), #1213, .F. ) ;
#1681 = CARTESIAN_POINT ( 'NONE',  ( -8.595795067367062003, 0.000000000000000000, -11.90045085163731642 ) ) ;
#1682 = DIRECTION ( 'NONE',  ( 0.000000000000000000, 0.000000000000000000, 1.000000000000000000 ) ) ;
#1683 = LINE ( 'NONE', #190, #18 ) ;
#1684 = LINE ( 'NONE', #607, #1090 ) ;
#1685 = ORIENTED_EDGE ( 'NONE', *, *, #92, .F. ) ;
#1686 = EDGE_CURVE ( 'NONE', #463, #831, #1471, .T. ) ;
#1687 = VECTOR ( 'NONE', #309, 1000.000000000000000 ) ;
#1688 = LINE ( 'NONE', #583, #1700 ) ;
#1689 = EDGE_CURVE ( 'NONE', #1347, #923, #631, .T. ) ;
#1690 = VECTOR ( 'NONE', #764, 1000.000000000000114 ) ;
#1691 = CYLINDRICAL_SURFACE ( 'NONE', #1417, 1.000000000000000888 ) ;
#1692 = ADVANCED_FACE ( 'NONE', ( #1591 ), #905, .T. ) ;
#1693 = VECTOR ( 'NONE', #742, 1000.000000000000000 ) ;
#1694 = DIRECTION ( 'NONE',  ( -1.000000000000000000, 0.000000000000000000, -0.000000000000000000 ) ) ;
#1695 = ORIENTED_EDGE ( 'NONE', *, *, #1217, .F. ) ;
#1696 = FACE_OUTER_BOUND ( 'NONE', #1735, .T. ) ;
#1697 = FACE_OUTER_BOUND ( 'NONE', #695, .T. ) ;
#1698 = LINE ( 'NONE', #1132, #1717 ) ;
#1699 = COORDINATED_UNIVERSAL_TIME_OFFSET ( 0, 0, .AHEAD. ) ;
#1700 = VECTOR ( 'NONE', #1411, 1000.000000000000000 ) ;
#1701 = ORIENTED_EDGE ( 'NONE', *, *, #1268, .F. ) ;
#1702 = EDGE_CURVE ( 'NONE', #854, #937, #638, .T. ) ;
#1703 = VECTOR ( 'NONE', #110, 1000.000000000000000 ) ;
#1704 = DIRECTION ( 'NONE',  ( -1.000000000000000000, 0.000000000000000000, -5.659782955878652504E-16 ) ) ;
#1705 = VECTOR ( 'NONE', #521, 1000.000000000000000 ) ;
#1706 = CARTESIAN_POINT ( 'NONE',  ( -1.131701418934480418E-15, 600.0000000000000000, 1.999549148362686157 ) ) ;
#1707 = ORIENTED_EDGE ( 'NONE', *, *, #1596, .T. ) ;
#1708 = DIRECTION ( 'NONE',  ( -0.000000000000000000, -1.000000000000000000, -0.000000000000000000 ) ) ;
#1709 = EDGE_LOOP ( 'NONE', ( #920, #1215, #680, #994 ) ) ;
#1710 = DIRECTION ( 'NONE',  ( -0.000000000000000000, -1.000000000000000000, -0.000000000000000000 ) ) ;
#1711 = ADVANCED_FACE ( 'NONE', ( #1461 ), #239, .T. ) ;
#1712 = DIRECTION ( 'NONE',  ( 0.000000000000000000, 0.000000000000000000, -1.000000000000000000 ) ) ;
#1713 = VECTOR ( 'NONE', #187, 999.9999999999998863 ) ;
#1714 = CARTESIAN_POINT ( 'NONE',  ( -9.595795067367058451, 0.000000000000000000, 8.323025487012041902E-16 ) ) ;
#1715 = ORIENTED_EDGE ( 'NONE', *, *, #385, .F. ) ;
#1716 = CARTESIAN_POINT ( 'NONE',  ( 8.604204932632942615, 0.000000000000000000, -4.965450851637322138 ) ) ;
#1717 = VECTOR ( 'NONE', #586, 1000.000000000000000 ) ;
#1718 = LINE ( 'NONE', #1673, #1227 ) ;
#1719 = ORIENTED_EDGE ( 'NONE', *, *, #280, .F. ) ;
#1720 = DIRECTION ( 'NONE',  ( 0.7100591715976330986, 0.000000000000000000, -0.7041420118343195700 ) ) ;
#1721 = DIRECTION ( 'NONE',  ( -0.000000000000000000, -1.000000000000000000, -0.000000000000000000 ) ) ;
#1722 = ORIENTED_EDGE ( 'NONE', *, *, #772, .T. ) ;
#1723 = ADVANCED_FACE ( 'NONE', ( #1389 ), #985, .F. ) ;
#1724 = FACE_OUTER_BOUND ( 'NONE', #1489, .T. ) ;
#1725 = CARTESIAN_POINT ( 'NONE',  ( 3.469204932632941496, 0.000000000000000000, 6.299549148362684647 ) ) ;
#1726 = VECTOR ( 'NONE', #310, 1000.000000000000000 ) ;
#1727 = EDGE_CURVE ( 'NONE', #454, #1756, #174, .T. ) ;
#1728 = DIRECTION ( 'NONE',  ( 0.6955157936494219539, 0.000000000000000000, 0.7185108077017455797 ) ) ;
#1729 = VECTOR ( 'NONE', #674, 1000.000000000000000 ) ;
#1730 = DIRECTION ( 'NONE',  ( -1.000000000000000000, 0.000000000000000000, 0.000000000000000000 ) ) ;
#1731 = ORIENTED_EDGE ( 'NONE', *, *, #473, .T. ) ;
#1732 = VECTOR ( 'NONE', #1502, 1000.000000000000000 ) ;
#1733 = DIRECTION ( 'NONE',  ( 0.000000000000000000, 0.000000000000000000, 1.000000000000000000 ) ) ;
#1734 = CARTESIAN_POINT ( 'NONE',  ( 0.000000000000000000, 0.000000000000000000, -11.90045085163731642 ) ) ;
#1735 = EDGE_LOOP ( 'NONE', ( #1747, #1519, #267, #851 ) ) ;
#1736 = EDGE_CURVE ( 'NONE', #274, #1142, #1094, .T. ) ;
#1737 = LINE ( 'NONE', #632, #771 ) ;
#1738 = LINE ( 'NONE', #1714, #1477 ) ;
#1739 = VERTEX_POINT ( 'NONE', #1524 ) ;
#1740 = DIRECTION ( 'NONE',  ( 0.7196783484660199681, 0.000000000000000000, -0.6943076225630984144 ) ) ;
#1741 = VECTOR ( 'NONE', #1188, 1000.000000000000000 ) ;
#1742 = ORIENTED_EDGE ( 'NONE', *, *, #910, .T. ) ;
#1743 = LINE ( 'NONE', #935, #196 ) ;
#1744 = VECTOR ( 'NONE', #561, 1000.000000000000000 ) ;
#1745 = CARTESIAN_POINT ( 'NONE',  ( -3.495795067367054365, 0.000000000000000000, 8.161494552555607186E-15 ) ) ;
#1746 = DIRECTION ( 'NONE',  ( 0.000000000000000000, 0.000000000000000000, -1.000000000000000000 ) ) ;
#1747 = ORIENTED_EDGE ( 'NONE', *, *, #1494, .F. ) ;
#1748 = LINE ( 'NONE', #1612, #1498 ) ;
#1749 = EDGE_CURVE ( 'NONE', #938, #801, #852, .T. ) ;
#1750 = VERTEX_POINT ( 'NONE', #1626 ) ;
#1751 = CARTESIAN_POINT ( 'NONE',  ( -4.445795067367058984, 600.0000000000000000, 8.099549148362683582 ) ) ;
#1752 = CARTESIAN_POINT ( 'NONE',  ( 1.309203555201697736E-14, 600.0000000000000000, 3.591375882058629898 ) ) ;
#1753 = ORIENTED_EDGE ( 'NONE', *, *, #490, .F. ) ;
#1754 = ORIENTED_EDGE ( 'NONE', *, *, #273, .T. ) ;
#1755 = DIRECTION ( 'NONE',  ( 0.7196783484660216335, -0.000000000000000000, 0.6943076225630967491 ) ) ;
#1756 = VERTEX_POINT ( 'NONE', #1234 ) ;
#1757 = CARTESIAN_POINT ( 'NONE',  ( 1.520234610978202561, 600.0000000000000000, -1.466641980735153838 ) ) ;
#1758 = DIRECTION ( 'NONE',  ( -0.7100591715976330986, 0.000000000000000000, -0.7041420118343195700 ) ) ;
#1759 = ORIENTED_EDGE ( 'NONE', *, *, #398, .T. ) ;
#1760 = ORGANIZATION ( 'UNSPECIFIED', 'UNSPECIFIED', '' ) ;
#1761 =( LENGTH_UNIT ( ) NAMED_UNIT ( * ) SI_UNIT ( .MILLI., .METRE. ) );
#1762 = FACE_OUTER_BOUND ( 'NONE', #1325, .T. ) ;
#1763 = EDGE_LOOP ( 'NONE', ( #712, #1614, #927, #914 ) ) ;
#1764 = EDGE_CURVE ( 'NONE', #744, #249, #1258, .T. ) ;
#1765 = CARTESIAN_POINT ( 'NONE',  ( 0.000000000000000000, 600.0000000000000000, 8.099549148362683582 ) ) ;
#1766 = ORIENTED_EDGE ( 'NONE', *, *, #1616, .F. ) ;
#1767 = EDGE_CURVE ( 'NONE', #841, #252, #812, .T. ) ;
#1768 = LINE ( 'NONE', #546, #312 ) ;
#1769 = VECTOR ( 'NONE', #318, 1000.000000000000000 ) ;
#1770 = CARTESIAN_POINT ( 'NONE',  ( 9.404204932632941549, 600.0000000000000000, -11.90045085163731642 ) ) ;
#1771 = ORIENTED_EDGE ( 'NONE', *, *, #38, .T. ) ;
ENDSEC;
END-ISO-10303-21;
