ISO-10303-21;
HEADER;
FILE_DESCRIPTION (( 'STEP AP203' ),
    '1' );
FILE_NAME ('AlExtrusionFixingNut.step',
    '2026-08-22T11:38:48',
    ( '' ),
    ( '' ),
    'SwSTEP 2.0',
    'SolidWorks 2026',
    '' );
FILE_SCHEMA (( 'CONFIG_CONTROL_DESIGN' ));
ENDSEC;

DATA;
#1 = CIRCLE ( 'NONE', #684, 2.500000000000000444 ) ;
#2 = AXIS2_PLACEMENT_3D ( 'NONE', #3118, #867, #791 ) ;
#3 = CARTESIAN_POINT ( 'NONE',  ( -13.86648729581990658, 5.000000000000000000, 5.051926360195067467 ) ) ;
#4 = CARTESIAN_POINT ( 'NONE',  ( -13.69463538050740858, 6.344156923407640924, 4.569061776428158694 ) ) ;
#5 = CARTESIAN_POINT ( 'NONE',  ( -10.20241325347615557, 7.016235385111460054, 5.045311776428159867 ) ) ;
#6 = EDGE_CURVE ( 'NONE', #875, #2238, #3578, .T. ) ;
#7 = VECTOR ( 'NONE', #1722, 1000.000000000000000 ) ;
#8 = CARTESIAN_POINT ( 'NONE',  ( -13.86648729581990480, 5.000000000000000000, 3.146926360195067662 ) ) ;
#9 = LINE ( 'NONE', #1497, #3697 ) ;
#10 = CARTESIAN_POINT ( 'NONE',  ( -12.53056133816365758, 2.983764614888540390, 7.188436776428159369 ) ) ;
#11 = CARTESIAN_POINT ( 'NONE',  ( -12.53056133816365403, 7.016235385111460054, 3.828228443094825018 ) ) ;
#12 = CARTESIAN_POINT ( 'NONE',  ( -9.038339211132404571, 6.344156923407640036, 4.383853443094825941 ) ) ;
#13 = CARTESIAN_POINT ( 'NONE',  ( -8.866487295819906578, 5.000000000000000000, 7.075988859327917879 ) ) ;
#14 = CARTESIAN_POINT ( 'NONE',  ( -12.61648729581990658, 2.834936490538903620, 2.842655525994582266 ) ) ;
#15 = CARTESIAN_POINT ( 'NONE',  ( -11.36648729581990658, 2.311686153184720371, 7.135520109761492868 ) ) ;
#16 = CARTESIAN_POINT ( 'NONE',  ( -10.20241325347615557, 7.016235385111460054, 5.442186776428159511 ) ) ;
#17 = VERTEX_POINT ( 'NONE', #347 ) ;
#18 = CARTESIAN_POINT ( 'NONE',  ( -13.86648729581990480, 6.443375672974065438, 2.763280525994581627 ) ) ;
#19 = DATE_AND_TIME ( #897, #847 ) ;
#20 = CARTESIAN_POINT ( 'NONE',  ( -10.11648729581990480, 7.165063509461097269, 6.851093026861735602 ) ) ;
#21 = LINE ( 'NONE', #3519, #7 ) ;
#22 = EDGE_LOOP ( 'NONE', ( #3757, #3158, #721, #2002 ) ) ;
#23 = CARTESIAN_POINT ( 'NONE',  ( -13.86648729581990480, 3.556624327025936338, 3.490884693528401250 ) ) ;
#24 = CARTESIAN_POINT ( 'NONE',  ( -8.468056510804446546, 10.00000000000000000, 3.348562319248791663 ) ) ;
#25 = CARTESIAN_POINT ( 'NONE',  ( -9.038339211132406348, 5.000000000000000000, 5.389270109761493011 ) ) ;
#26 = CARTESIAN_POINT ( 'NONE',  ( -13.69463538050740503, 6.344156923407640036, 4.172186776428158161 ) ) ;
#27 = CARTESIAN_POINT ( 'NONE',  ( -11.36648729581990480, 7.886751345948129099, 2.115051360195068675 ) ) ;
#28 = CARTESIAN_POINT ( 'NONE',  ( -13.86648729581990480, 3.556624327025936338, 6.665884693528401073 ) ) ;
#29 = CARTESIAN_POINT ( 'NONE',  ( -11.36648729581990658, 5.000000000000000000, 7.391651446600888242 ) ) ;
#30 = EDGE_CURVE ( 'NONE', #2851, #17, #644, .T. ) ;
#31 = CARTESIAN_POINT ( 'NONE',  ( -12.53056133816365403, 7.016235385111460054, 3.193228443094825231 ) ) ;
#32 = CARTESIAN_POINT ( 'NONE',  ( -13.69463538050740681, 5.000000000000000000, 5.468645109761491874 ) ) ;
#33 = CARTESIAN_POINT ( 'NONE',  ( -10.20241325347615557, 2.983764614888539057, 1.843853443094825906 ) ) ;
#34 = ADVANCED_FACE ( 'NONE', ( #913 ), #1038, .F. ) ;
#35 = CARTESIAN_POINT ( 'NONE',  ( -10.11648729581990480, 7.165063509461097269, 5.898593026861735922 ) ) ;
#36 = CARTESIAN_POINT ( 'NONE',  ( -9.038339211132406348, 3.655843076592359520, 2.505311776428159831 ) ) ;
#37 = EDGE_CURVE ( 'NONE', #3702, #3620, #3384, .T. ) ;
#38 = CARTESIAN_POINT ( 'NONE',  ( -12.53056133816365580, 7.016235385111460054, 6.447603443094825693 ) ) ;
#39 = EDGE_LOOP ( 'NONE', ( #1017, #2294, #346, #3810 ) ) ;
#40 = VERTEX_POINT ( 'NONE', #199 ) ;
#41 = PERSON_AND_ORGANIZATION ( #193, #1828 ) ;
#42 = CARTESIAN_POINT ( 'NONE',  ( -13.86648729581990658, 5.000000000000000000, 5.012238859327914575 ) ) ;
#43 = CARTESIAN_POINT ( 'NONE',  ( -13.69463538050740681, 6.344156923407640924, 1.711561776428158321 ) ) ;
#44 = ORIENTED_EDGE ( 'NONE', *, *, #403, .F. ) ;
#45 = LINE ( 'NONE', #2957, #2097 ) ;
#46 = CARTESIAN_POINT ( 'NONE',  ( -10.11648729581990835, 2.834936490538902287, 5.753072192661250028 ) ) ;
#47 = CARTESIAN_POINT ( 'NONE',  ( -12.53056133816365580, 7.016235385111460054, 6.130103443094825799 ) ) ;
#48 = CARTESIAN_POINT ( 'NONE',  ( -12.53056133816365403, 7.016235385111460054, 4.145728443094824911 ) ) ;
#49 = CARTESIAN_POINT ( 'NONE',  ( -11.36648729581990480, 2.113248654051870901, 3.543801360195068639 ) ) ;
#50 = DIRECTION ( 'NONE',  ( 2.992521824128285357E-16, -0.000000000000000000, -1.000000000000000000 ) ) ;
#51 = CARTESIAN_POINT ( 'NONE',  ( -11.36648729581990658, 2.311686153184720371, 7.214895109761492620 ) ) ;
#52 = CARTESIAN_POINT ( 'NONE',  ( -13.69463538050740503, 5.000000000000000000, 3.563645109761491181 ) ) ;
#53 = CARTESIAN_POINT ( 'NONE',  ( -9.038339211132406348, 5.000000000000000000, 6.262395109761492940 ) ) ;
#54 = CARTESIAN_POINT ( 'NONE',  ( -11.36648729581990658, 2.113248654051870901, 6.361613859327917453 ) ) ;
#55 = FACE_OUTER_BOUND ( 'NONE', #3402, .T. ) ;
#56 = CARTESIAN_POINT ( 'NONE',  ( -10.20241325347615557, 2.983764614888539057, 2.161353443094825799 ) ) ;
#57 = CARTESIAN_POINT ( 'NONE',  ( -13.69463538050740681, 5.000000000000000000, 6.500520109761491305 ) ) ;
#58 = ORIENTED_EDGE ( 'NONE', *, *, #3683, .F. ) ;
#59 = CARTESIAN_POINT ( 'NONE',  ( -10.11648729581990303, 7.165063509461097269, 2.048905525994582977 ) ) ;
#60 = CARTESIAN_POINT ( 'NONE',  ( -10.11648729581990658, 2.834936490538902287, 4.165572192661249673 ) ) ;
#61 = CARTESIAN_POINT ( 'NONE',  ( -13.86648729581991368, 6.443375672974059221, 2.802968026861734963 ) ) ;
#62 = FACE_OUTER_BOUND ( 'NONE', #3148, .T. ) ;
#63 = CARTESIAN_POINT ( 'NONE',  ( -11.36648729581990658, 2.311686153184720371, 5.944895109761493046 ) ) ;
#64 = CARTESIAN_POINT ( 'NONE',  ( -9.038339211132406348, 3.655843076592359520, 4.965936776428159227 ) ) ;
#65 = CIRCLE ( 'NONE', #370, 2.500000000000000444 ) ;
#66 = CARTESIAN_POINT ( 'NONE',  ( -8.866487295819904801, 6.443375672974065438, 3.967134693528401979 ) ) ;
#67 =( BOUNDED_CURVE ( )  B_SPLINE_CURVE ( 2, ( #1465, #1187, #3512, #891, #505, #1681, #2837 ),
 .UNSPECIFIED., .F., .T. ) 
 B_SPLINE_CURVE_WITH_KNOTS ( ( 3, 2, 2, 3 ),
 ( 0.1388888888888888118, 0.1481481481481480844, 0.1574074074074073570, 0.1666666666666666297 ),
 .UNSPECIFIED. ) 
 CURVE ( )  GEOMETRIC_REPRESENTATION_ITEM ( )  RATIONAL_B_SPLINE_CURVE ( ( 1.000000000000001332, 0.8660254037844375974, 1.000000000000000000, 0.8660254037844387076, 1.000000000000000000, 0.8660254037844391517, 0.9999999999999995559 ) ) 
 REPRESENTATION_ITEM ( '' )  );
#68 = AXIS2_PLACEMENT_3D ( 'NONE', #2568, #3730, #2284 ) ;
#69 = CARTESIAN_POINT ( 'NONE',  ( -8.866487295819906578, 5.000000000000000000, 6.758488859327917986 ) ) ;
#70 = DIRECTION ( 'NONE',  ( 2.992521824128285357E-16, -0.000000000000000000, -1.000000000000000000 ) ) ;
#71 = VECTOR ( 'NONE', #1649, 1000.000000000000000 ) ;
#72 = CARTESIAN_POINT ( 'NONE',  ( -13.69463538050740681, 5.000000000000000000, 6.103645109761491661 ) ) ;
#73 = CARTESIAN_POINT ( 'NONE',  ( -10.20241325347615557, 7.016235385111460054, 6.950311776428159227 ) ) ;
#74 = CARTESIAN_POINT ( 'NONE',  ( -8.866487295819906578, 5.000000000000000000, 6.440988859327918092 ) ) ;
#75 = CARTESIAN_POINT ( 'NONE',  ( -8.866487295819906578, 5.000000000000000000, 6.480676360195069208 ) ) ;
#76 = CARTESIAN_POINT ( 'NONE',  ( -12.53056133816365580, 2.983764614888540390, 2.743436776428158641 ) ) ;
#77 = CARTESIAN_POINT ( 'NONE',  ( -12.53056133816365580, 7.016235385111460054, 6.130103443094825799 ) ) ;
#78 = VERTEX_POINT ( 'NONE', #3055 ) ;
#79 = CARTESIAN_POINT ( 'NONE',  ( -12.61648729581990658, 2.834936490538903620, 2.207655525994582479 ) ) ;
#80 = CARTESIAN_POINT ( 'NONE',  ( -8.866487295819904801, 5.000000000000000000, 4.535988859327916956 ) ) ;
#81 = CARTESIAN_POINT ( 'NONE',  ( -11.36648729581990658, 5.000000000000000000, 7.391651446600888242 ) ) ;
#82 = CARTESIAN_POINT ( 'NONE',  ( -8.866487295819906578, 5.000000000000000000, 6.440988859327918092 ) ) ;
#83 = CARTESIAN_POINT ( 'NONE',  ( -8.866487295819906578, 5.000000000000000000, 5.488488859327917524 ) ) ;
#84 = CARTESIAN_POINT ( 'NONE',  ( -11.36648729581990658, 2.311686153184720371, 5.627395109761492265 ) ) ;
#85 = CARTESIAN_POINT ( 'NONE',  ( -11.36648729581990658, 2.113248654051870901, 4.496301360195067431 ) ) ;
#86 = CARTESIAN_POINT ( 'NONE',  ( -8.866487295819924341, 6.443375672974076096, 5.832447192661251556 ) ) ;
#87 = CARTESIAN_POINT ( 'NONE',  ( -12.53056133816365758, 2.983764614888540390, 5.204061776428159369 ) ) ;
#88 =( BOUNDED_CURVE ( )  B_SPLINE_CURVE ( 2, ( #3, #1177, #3170, #1799, #2082, #1758, #312 ),
 .UNSPECIFIED., .F., .F. ) 
 B_SPLINE_CURVE_WITH_KNOTS ( ( 3, 2, 2, 3 ),
 ( 0.6388888888888887285, 0.6481481481481480289, 0.6574074074074074403, 0.6666666666666666297 ),
 .UNSPECIFIED. ) 
 CURVE ( )  GEOMETRIC_REPRESENTATION_ITEM ( )  RATIONAL_B_SPLINE_CURVE ( ( 1.000000000000001554, 0.8660254037844371533, 1.000000000000000000, 0.8660254037844387076, 1.000000000000000000, 0.8660254037844387076, 1.000000000000000000 ) ) 
 REPRESENTATION_ITEM ( '' )  );
#89 = CARTESIAN_POINT ( 'NONE',  ( -11.36648729581990658, 2.311686153184720371, 5.548020109761492513 ) ) ;
#90 = CARTESIAN_POINT ( 'NONE',  ( -11.36648729581990480, 7.688313846815280073, 2.611145109761491501 ) ) ;
#91 = CARTESIAN_POINT ( 'NONE',  ( -5.984660941943984014, 10.00000000000000000, 3.348562319248791663 ) ) ;
#92 = CARTESIAN_POINT ( 'NONE',  ( -10.20241325347615380, 7.016235385111460054, 2.584686776428159138 ) ) ;
#93 = CARTESIAN_POINT ( 'NONE',  ( -13.69463538050740681, 5.000000000000000000, 6.183020109761491412 ) ) ;
#94 = ORIENTED_EDGE ( 'NONE', *, *, #930, .F. ) ;
#95 = CARTESIAN_POINT ( 'NONE',  ( -12.61648729581990658, 2.834936490538903620, 2.525155525994582373 ) ) ;
#96 = CARTESIAN_POINT ( 'NONE',  ( -11.36648729581990658, 7.886751345948129099, 6.520363859327915179 ) ) ;
#97 = CARTESIAN_POINT ( 'NONE',  ( -12.53056133816365580, 2.983764614888540390, 2.425936776428158304 ) ) ;
#98 = CARTESIAN_POINT ( 'NONE',  ( -13.86648729581990658, 5.000000000000000000, 7.391651446600887354 ) ) ;
#99 = CARTESIAN_POINT ( 'NONE',  ( -11.36648729581990658, 5.000000000000000000, 7.391651446600888242 ) ) ;
#100 = CARTESIAN_POINT ( 'NONE',  ( -11.36648729581990658, 2.311686153184720371, 6.897395109761491838 ) ) ;
#101 = CC_DESIGN_APPROVAL ( #2235, ( #1949 ) ) ;
#102 = CARTESIAN_POINT ( 'NONE',  ( -12.61648729581990658, 7.165063509461097269, 5.316509693528401748 ) ) ;
#103 = FACE_OUTER_BOUND ( 'NONE', #2214, .T. ) ;
#104 = CARTESIAN_POINT ( 'NONE',  ( -13.86648729581990658, 5.000000000000000000, 6.282238859327915037 ) ) ;
#105 = CARTESIAN_POINT ( 'NONE',  ( -10.20241325347615557, 7.016235385111460054, 5.362811776428159760 ) ) ;
#106 = CARTESIAN_POINT ( 'NONE',  ( -13.86648729581990658, 5.000000000000000000, 5.647238859327915250 ) ) ;
#107 = CARTESIAN_POINT ( 'NONE',  ( -9.038339211132404571, 6.344156923407640036, 2.875728443094826225 ) ) ;
#108 = CARTESIAN_POINT ( 'NONE',  ( -13.86648729581991368, 3.556624327025941668, 4.403697192661248927 ) ) ;
#109 = CARTESIAN_POINT ( 'NONE',  ( -10.20241325347615735, 2.983764614888539057, 5.336353443094825622 ) ) ;
#110 = CARTESIAN_POINT ( 'NONE',  ( -11.36648729581990658, 2.311686153184720371, 6.897395109761491838 ) ) ;
#111 = EDGE_LOOP ( 'NONE', ( #661, #3577, #3768, #3421 ) ) ;
#112 = CARTESIAN_POINT ( 'NONE',  ( -13.86648729581990480, 6.443375672974065438, 3.398280525994581858 ) ) ;
#113 = DIRECTION ( 'NONE',  ( 3.086871669740821723E-16, 0.000000000000000000, -1.000000000000000000 ) ) ;
#114 = CARTESIAN_POINT ( 'NONE',  ( -11.36648729581990658, 5.000000000000000000, 7.391651446600888242 ) ) ;
#115 = VERTEX_POINT ( 'NONE', #3404 ) ;
#116 = ORIENTED_EDGE ( 'NONE', *, *, #2163, .T. ) ;
#117 = DIRECTION ( 'NONE',  ( 2.992521824128285357E-16, -0.000000000000000000, -1.000000000000000000 ) ) ;
#118 = CARTESIAN_POINT ( 'NONE',  ( -9.038339211132406348, 5.000000000000000000, 5.706770109761492904 ) ) ;
#119 = EDGE_CURVE ( 'NONE', #2273, #2195, #3203, .T. ) ;
#120 = ADVANCED_FACE ( 'NONE', ( #724 ), #746, .F. ) ;
#121 = CARTESIAN_POINT ( 'NONE',  ( -13.86648729581990835, 3.556624327025936338, 4.443384693528400931 ) ) ;
#122 = EDGE_CURVE ( 'NONE', #3597, #1049, #218, .T. ) ;
#123 = CARTESIAN_POINT ( 'NONE',  ( -11.36648729581990658, 2.113248654051870901, 6.361613859327916565 ) ) ;
#124 = CARTESIAN_POINT ( 'NONE',  ( -9.038339211132406348, 6.344156923407640036, 5.971353443094826297 ) ) ;
#125 = AXIS2_PLACEMENT_3D ( 'NONE', #1261, #360, #1538 ) ;
#126 = AXIS2_PLACEMENT_3D ( 'NONE', #1391, #1514, #2124 ) ;
#127 = CARTESIAN_POINT ( 'NONE',  ( -10.20241325347615380, 7.016235385111460054, 2.267186776428159245 ) ) ;
#128 = CARTESIAN_POINT ( 'NONE',  ( -13.86648729581990480, 5.000000000000000000, 3.107238859327915215 ) ) ;
#129 = CARTESIAN_POINT ( 'NONE',  ( -11.36648729581990480, 2.311686153184720371, 4.039895109761492797 ) ) ;
#130 = CARTESIAN_POINT ( 'NONE',  ( -9.038339211132404571, 6.344156923407640036, 2.161353443094825799 ) ) ;
#131 = ORIENTED_EDGE ( 'NONE', *, *, #1808, .F. ) ;
#132 = CARTESIAN_POINT ( 'NONE',  ( -11.36648729581990480, 2.113248654051870901, 3.186613859327916298 ) ) ;
#133 = CARTESIAN_POINT ( 'NONE',  ( -5.984660941943984014, 0.000000000000000000, 3.348562319248791663 ) ) ;
#134 = CARTESIAN_POINT ( 'NONE',  ( -12.53056133816365580, 7.016235385111460054, 6.368228443094825053 ) ) ;
#135 = CARTESIAN_POINT ( 'NONE',  ( -13.86648729581990480, 5.000000000000000000, 1.400676360195067360 ) ) ;
#136 = CARTESIAN_POINT ( 'NONE',  ( -12.53056133816365580, 2.983764614888540390, 4.013436776428158659 ) ) ;
#137 = VERTEX_POINT ( 'NONE', #2508 ) ;
#138 = ORIENTED_EDGE ( 'NONE', *, *, #2870, .F. ) ;
#139 = CARTESIAN_POINT ( 'NONE',  ( -13.86648729581990480, 5.000000000000000000, 2.472238859327914984 ) ) ;
#140 = CARTESIAN_POINT ( 'NONE',  ( -13.86648729581990480, 6.443375672974065438, 4.072968026861733648 ) ) ;
#141 = CARTESIAN_POINT ( 'NONE',  ( -13.86648729581990480, 3.556624327025936338, 4.125884693528401037 ) ) ;
#142 = FACE_OUTER_BOUND ( 'NONE', #765, .T. ) ;
#143 = CARTESIAN_POINT ( 'NONE',  ( -11.36648729581990658, 7.886751345948129099, 6.242551360195068177 ) ) ;
#144 =( BOUNDED_CURVE ( )  B_SPLINE_CURVE ( 2, ( #1510, #940, #258, #2919, #1441, #2599, #2024 ),
 .UNSPECIFIED., .F., .F. ) 
 B_SPLINE_CURVE_WITH_KNOTS ( ( 3, 2, 2, 3 ),
 ( 0.4722222222222222099, 0.4814814814814813992, 0.4907407407407406996, 0.4999999999999998890 ),
 .UNSPECIFIED. ) 
 CURVE ( )  GEOMETRIC_REPRESENTATION_ITEM ( )  RATIONAL_B_SPLINE_CURVE ( ( 1.000000000000000000, 0.8660254037844387076, 1.000000000000000000, 0.8660254037844387076, 1.000000000000000000, 0.8660254037844402619, 0.9999999999999984457 ) ) 
 REPRESENTATION_ITEM ( '' )  );
#145 = CARTESIAN_POINT ( 'NONE',  ( -11.36648729581990658, 2.311686153184720371, 4.595520109761491945 ) ) ;
#146 = CARTESIAN_POINT ( 'NONE',  ( -13.69463538050740503, 5.000000000000000000, 3.643020109761491820 ) ) ;
#147 = CARTESIAN_POINT ( 'NONE',  ( -13.86648729581992256, 3.556624327025945664, 5.356197192661247719 ) ) ;
#148 = CARTESIAN_POINT ( 'NONE',  ( -9.038339211132404571, 6.344156923407639148, 4.145728443094825799 ) ) ;
#149 = EDGE_CURVE ( 'NONE', #2751, #2175, #3113, .T. ) ;
#150 = CARTESIAN_POINT ( 'NONE',  ( -11.36648729581990480, 7.688313846815280073, 3.484270109761492318 ) ) ;
#151 = ORIENTED_EDGE ( 'NONE', *, *, #890, .F. ) ;
#152 = CARTESIAN_POINT ( 'NONE',  ( -13.86648729581990480, 5.000000000000000000, 3.742238859327915446 ) ) ;
#153 = CARTESIAN_POINT ( 'NONE',  ( -13.86648729581990480, 5.000000000000000000, 3.464426360195068000 ) ) ;
#154 = CARTESIAN_POINT ( 'NONE',  ( -13.69463538050740681, 3.655843076592360852, 6.130103443094824911 ) ) ;
#155 = ADVANCED_FACE ( 'NONE', ( #494 ), #451, .F. ) ;
#156 = CARTESIAN_POINT ( 'NONE',  ( -13.69463538050740503, 5.000000000000000000, 2.611145109761491501 ) ) ;
#157 = CARTESIAN_POINT ( 'NONE',  ( -10.20241325347615557, 2.983764614888539057, 4.066353443094825160 ) ) ;
#158 = ORIENTED_EDGE ( 'NONE', *, *, #930, .T. ) ;
#159 = ORIENTED_EDGE ( 'NONE', *, *, #1727, .F. ) ;
#160 = LINE ( 'NONE', #198, #1732 ) ;
#161 = CARTESIAN_POINT ( 'NONE',  ( -12.61648729581990658, 7.165063509461097269, 5.634009693528401641 ) ) ;
#162 = CARTESIAN_POINT ( 'NONE',  ( -11.36648729581990480, 2.113248654051870901, 2.234113859327916174 ) ) ;
#163 = CYLINDRICAL_SURFACE ( 'NONE', #2527, 2.500000000000000444 ) ;
#164 = CARTESIAN_POINT ( 'NONE',  ( -12.53056133816365758, 2.983764614888540390, 6.474061776428158055 ) ) ;
#165 = CARTESIAN_POINT ( 'NONE',  ( -13.69463538050740681, 3.655843076592360852, 2.716978443094824947 ) ) ;
#166 = CARTESIAN_POINT ( 'NONE',  ( -8.866487295819904801, 5.000000000000000000, 1.678488859327917027 ) ) ;
#167 = CARTESIAN_POINT ( 'NONE',  ( -11.36648729581990480, 7.688313846815280073, 4.198645109761492300 ) ) ;
#168 = CARTESIAN_POINT ( 'NONE',  ( -11.36648729581990480, 2.311686153184720371, 2.373020109761492691 ) ) ;
#169 = ORIENTED_EDGE ( 'NONE', *, *, #2994, .T. ) ;
#170 = CARTESIAN_POINT ( 'NONE',  ( -8.866487295819904801, 5.000000000000000000, 3.900988859327917169 ) ) ;
#171 = CARTESIAN_POINT ( 'NONE',  ( -11.36648729581990658, 5.000000000000000000, 7.391651446600888242 ) ) ;
#172 = CARTESIAN_POINT ( 'NONE',  ( -13.69463538050740681, 5.000000000000000000, 6.103645109761491661 ) ) ;
#173 = EDGE_CURVE ( 'NONE', #2003, #2188, #1040, .T. ) ;
#174 = CARTESIAN_POINT ( 'NONE',  ( -13.69463538050740681, 3.655843076592360852, 2.002603443094825408 ) ) ;
#175 = CARTESIAN_POINT ( 'NONE',  ( -10.20241325347615557, 2.983764614888539057, 2.796353443094825586 ) ) ;
#176 = ORIENTED_EDGE ( 'NONE', *, *, #983, .T. ) ;
#177 = EDGE_LOOP ( 'NONE', ( #2283, #3681 ) ) ;
#178 = DIRECTION ( 'NONE',  ( 2.992521824128285357E-16, -0.000000000000000000, -1.000000000000000000 ) ) ;
#179 = CARTESIAN_POINT ( 'NONE',  ( -13.86648729581990835, 3.556624327025936338, 6.665884693528401073 ) ) ;
#180 = CARTESIAN_POINT ( 'NONE',  ( -11.36648729581990658, 7.688313846815280073, 6.976770109761491589 ) ) ;
#181 = CARTESIAN_POINT ( 'NONE',  ( -9.038339211132406348, 3.655843076592359520, 3.060936776428159867 ) ) ;
#182 = CARTESIAN_POINT ( 'NONE',  ( -13.69463538050740681, 5.000000000000000000, 7.056145109761492229 ) ) ;
#183 = CARTESIAN_POINT ( 'NONE',  ( -12.53056133816365403, 7.016235385111460054, 4.225103443094825550 ) ) ;
#184 = APPROVAL ( #2062, 'UNSPECIFIED' ) ;
#185 = CARTESIAN_POINT ( 'NONE',  ( -8.866487295819904801, 5.000000000000000000, 4.218488859327917062 ) ) ;
#186 = CARTESIAN_POINT ( 'NONE',  ( -11.36648729581990480, 2.311686153184720371, 4.357395109761492691 ) ) ;
#187 = AXIS2_PLACEMENT_3D ( 'NONE', #1020, #3094, #1671 ) ;
#188 = CARTESIAN_POINT ( 'NONE',  ( -12.53056133816365403, 7.016235385111460054, 2.240728443094825550 ) ) ;
#189 = CARTESIAN_POINT ( 'NONE',  ( -11.36648729581990480, 2.113248654051870901, 3.504113859327916192 ) ) ;
#190 = CARTESIAN_POINT ( 'NONE',  ( -13.86648729581994210, 3.556624327025955878, 5.038697192661247826 ) ) ;
#191 = CARTESIAN_POINT ( 'NONE',  ( -10.20241325347615735, 2.983764614888539057, 6.209478443094826439 ) ) ;
#192 = AXIS2_PLACEMENT_3D ( 'NONE', #2352, #3797, #2008 ) ;
#193 = PERSON ( 'UNSPECIFIED', 'UNSPECIFIED', 'UNSPECIFIED', ('UNSPECIFIED'), ('UNSPECIFIED'), ('UNSPECIFIED') ) ;
#194 = CARTESIAN_POINT ( 'NONE',  ( -11.36648729581990480, 2.311686153184720371, 2.373020109761492691 ) ) ;
#195 = CARTESIAN_POINT ( 'NONE',  ( -11.36648729581990480, 7.688313846815280073, 3.881145109761491963 ) ) ;
#196 = ORIENTED_EDGE ( 'NONE', *, *, #530, .T. ) ;
#197 = VERTEX_POINT ( 'NONE', #802 ) ;
#198 = CARTESIAN_POINT ( 'NONE',  ( -8.866487295819906578, 5.000000000000000000, 7.391651446600889130 ) ) ;
#199 = CARTESIAN_POINT ( 'NONE',  ( -14.43148729581990430, 10.00000000000000000, 7.391651446600886466 ) ) ;
#200 = CARTESIAN_POINT ( 'NONE',  ( -10.11648729581990480, 7.165063509461097269, 6.533593026861735709 ) ) ;
#201 = EDGE_CURVE ( 'NONE', #2425, #917, #1914, .T. ) ;
#202 = CARTESIAN_POINT ( 'NONE',  ( -12.61648729581990658, 7.165063509461097269, 4.364009693528402067 ) ) ;
#203 = CARTESIAN_POINT ( 'NONE',  ( -12.53056133816365403, 7.016235385111460054, 2.875728443094825337 ) ) ;
#204 = EDGE_CURVE ( 'NONE', #1077, #3451, #2489, .T. ) ;
#205 = CARTESIAN_POINT ( 'NONE',  ( -9.038339211132406348, 6.344156923407640036, 6.288853443094826190 ) ) ;
#206 = DIRECTION ( 'NONE',  ( 0.000000000000000000, 0.000000000000000000, -1.000000000000000000 ) ) ;
#207 = CARTESIAN_POINT ( 'NONE',  ( -13.69463538050740681, 6.344156923407640036, 5.521561776428158375 ) ) ;
#208 = CARTESIAN_POINT ( 'NONE',  ( -10.20241325347615557, 2.983764614888539057, 2.399478443094825497 ) ) ;
#209 = CARTESIAN_POINT ( 'NONE',  ( -13.86648729581990658, 5.000000000000000000, 5.647238859327915250 ) ) ;
#210 = LINE ( 'NONE', #909, #2701 ) ;
#211 = CARTESIAN_POINT ( 'NONE',  ( -11.36648729581990658, 2.311686153184720371, 6.500520109761492193 ) ) ;
#212 = CARTESIAN_POINT ( 'NONE',  ( -9.038339211132404571, 5.000000000000000000, 2.134895109761492993 ) ) ;
#213 = CARTESIAN_POINT ( 'NONE',  ( -11.36648729581990480, 2.311686153184720371, 3.087395109761492229 ) ) ;
#214 = VERTEX_POINT ( 'NONE', #3725 ) ;
#215 = ORIENTED_EDGE ( 'NONE', *, *, #2286, .T. ) ;
#216 =( BOUNDED_CURVE ( )  B_SPLINE_CURVE ( 2, ( #3344, #2224, #1574, #3625, #982, #2738, #3685 ),
 .UNSPECIFIED., .F., .F. ) 
 B_SPLINE_CURVE_WITH_KNOTS ( ( 3, 2, 2, 3 ),
 ( 0.9722222222222223209, 0.9814814814814816213, 0.9907407407407406996, 0.9973377170258574953 ),
 .UNSPECIFIED. ) 
 CURVE ( )  GEOMETRIC_REPRESENTATION_ITEM ( )  RATIONAL_B_SPLINE_CURVE ( ( 0.9999999999999984457, 0.8660254037844402619, 1.000000000000000000, 0.8660254037844387076, 1.000000000000000000, 0.9045466587234475275, 0.9451092580539950383 ) ) 
 REPRESENTATION_ITEM ( '' )  );
#217 = CARTESIAN_POINT ( 'NONE',  ( -13.86648729581990658, 5.000000000000000000, 6.639426360195067822 ) ) ;
#218 = LINE ( 'NONE', #1347, #2058 ) ;
#219 = VECTOR ( 'NONE', #2077, 1000.000000000000000 ) ;
#220 = CARTESIAN_POINT ( 'NONE',  ( -13.86648729581990835, 6.443375672974065438, 5.660468026861734003 ) ) ;
#221 = CARTESIAN_POINT ( 'NONE',  ( -12.53056133816365758, 2.983764614888540390, 7.109061776428158730 ) ) ;
#222 = CARTESIAN_POINT ( 'NONE',  ( -10.20241325347615380, 7.016235385111460054, 1.870311776428159378 ) ) ;
#223 = CARTESIAN_POINT ( 'NONE',  ( -10.20241325347615735, 2.983764614888539057, 6.526978443094825444 ) ) ;
#224 = CARTESIAN_POINT ( 'NONE',  ( -8.866487295819908354, 3.556624327025934118, 5.501718026861737165 ) ) ;
#225 = CARTESIAN_POINT ( 'NONE',  ( -12.53056133816365758, 2.983764614888540390, 5.600936776428159014 ) ) ;
#226 = CARTESIAN_POINT ( 'NONE',  ( -9.038339211132406348, 3.655843076592358631, 4.965936776428159227 ) ) ;
#227 = CARTESIAN_POINT ( 'NONE',  ( -8.866487295819906578, 5.000000000000000000, 5.170988859327917631 ) ) ;
#228 = CARTESIAN_POINT ( 'NONE',  ( -13.86648729581990480, 5.000000000000000000, 2.511926360195067431 ) ) ;
#229 = CARTESIAN_POINT ( 'NONE',  ( -8.866487295819906578, 5.000000000000000000, 4.893176360195068852 ) ) ;
#230 = CARTESIAN_POINT ( 'NONE',  ( -13.69463538050740681, 3.655843076592360852, 4.225103443094824662 ) ) ;
#231 = CARTESIAN_POINT ( 'NONE',  ( -9.038339211132406348, 3.655843076592358631, 5.680311776428160542 ) ) ;
#232 = VERTEX_POINT ( 'NONE', #3665 ) ;
#233 = ORIENTED_EDGE ( 'NONE', *, *, #2906, .T. ) ;
#234 = CARTESIAN_POINT ( 'NONE',  ( -12.61648729581990835, 2.834936490538903620, 4.469843026861734181 ) ) ;
#235 = LINE ( 'NONE', #3222, #1853 ) ;
#236 = CC_DESIGN_PERSON_AND_ORGANIZATION_ASSIGNMENT ( #2313, #1174, ( #1165 ) ) ;
#237 =( BOUNDED_CURVE ( )  B_SPLINE_CURVE ( 2, ( #1280, #658, #327, #1813, #2364, #2129, #75 ),
 .UNSPECIFIED., .F., .T. ) 
 B_SPLINE_CURVE_WITH_KNOTS ( ( 3, 2, 2, 3 ),
 ( 0.8611111111111110494, 0.8703703703703702388, 0.8796296296296296502, 0.8888888888888888395 ),
 .UNSPECIFIED. ) 
 CURVE ( )  GEOMETRIC_REPRESENTATION_ITEM ( )  RATIONAL_B_SPLINE_CURVE ( ( 1.000000000000001554, 0.8660254037844371533, 1.000000000000000000, 0.8660254037844387076, 1.000000000000000000, 0.8660254037844387076, 1.000000000000000000 ) ) 
 REPRESENTATION_ITEM ( '' )  );
#238 = CARTESIAN_POINT ( 'NONE',  ( -13.86648729581990835, 3.556624327025936338, 6.983384693528400966 ) ) ;
#239 = CARTESIAN_POINT ( 'NONE',  ( -11.36648729581990658, 2.113248654051870901, 6.996613859327916352 ) ) ;
#240 = CARTESIAN_POINT ( 'NONE',  ( -10.20241325347615557, 2.983764614888539057, 1.764478443094825932 ) ) ;
#241 = CARTESIAN_POINT ( 'NONE',  ( -8.866487295819904801, 5.000000000000000000, 1.718176360195069030 ) ) ;
#242 = ORIENTED_EDGE ( 'NONE', *, *, #1562, .T. ) ;
#243 = CARTESIAN_POINT ( 'NONE',  ( -8.866487295819906578, 6.443375672974065438, 5.197447192661250881 ) ) ;
#244 = CARTESIAN_POINT ( 'NONE',  ( -11.36648729581990658, 7.688313846815280073, 6.738645109761493224 ) ) ;
#245 = CARTESIAN_POINT ( 'NONE',  ( -13.69463538050740858, 3.655843076592360852, 5.177603443094824343 ) ) ;
#246 = CARTESIAN_POINT ( 'NONE',  ( -8.866487295819906578, 5.000000000000000000, 4.853488859327917737 ) ) ;
#247 = CARTESIAN_POINT ( 'NONE',  ( -13.86648729581990480, 6.443375672974065438, 6.255780525994581787 ) ) ;
#248 = CARTESIAN_POINT ( 'NONE',  ( -9.038339211132406348, 3.655843076592359520, 6.870936776428159476 ) ) ;
#249 = VECTOR ( 'NONE', #950, 1000.000000000000000 ) ;
#250 = CARTESIAN_POINT ( 'NONE',  ( -13.69463538050740681, 5.000000000000000000, 5.865520109761491518 ) ) ;
#251 = ORIENTED_EDGE ( 'NONE', *, *, #1572, .T. ) ;
#252 = ORIENTED_EDGE ( 'NONE', *, *, #495, .T. ) ;
#253 = DATE_AND_TIME ( #2040, #663 ) ;
#254 = VECTOR ( 'NONE', #3304, 1000.000000000000000 ) ;
#255 = CARTESIAN_POINT ( 'NONE',  ( -8.866487295819959868, 6.443375672974094748, 7.102447192661252018 ) ) ;
#256 = AXIS2_PLACEMENT_3D ( 'NONE', #1114, #2843, #2296 ) ;
#257 = CARTESIAN_POINT ( 'NONE',  ( -8.866487295819904801, 5.000000000000000000, 2.670676360195069154 ) ) ;
#258 = CARTESIAN_POINT ( 'NONE',  ( -12.61648729581990658, 2.834936490538903620, 4.152343026861734288 ) ) ;
#259 = CARTESIAN_POINT ( 'NONE',  ( -13.69463538050740503, 5.000000000000000000, 4.278020109761492051 ) ) ;
#260 = CARTESIAN_POINT ( 'NONE',  ( -13.69463538050740503, 3.655843076592360852, 2.955103443094825089 ) ) ;
#261 = CARTESIAN_POINT ( 'NONE',  ( -8.866487295819904801, 6.443375672974065438, 3.649634693528401641 ) ) ;
#262 = VERTEX_POINT ( 'NONE', #2241 ) ;
#263 = CARTESIAN_POINT ( 'NONE',  ( -8.866487295819904801, 5.000000000000000000, 3.583488859327917275 ) ) ;
#264 = CARTESIAN_POINT ( 'NONE',  ( -9.038339211132406348, 3.655843076592359520, 6.950311776428159227 ) ) ;
#265 = CARTESIAN_POINT ( 'NONE',  ( -11.36648729581990480, 2.311686153184720371, 3.643020109761492265 ) ) ;
#266 = CARTESIAN_POINT ( 'NONE',  ( -13.86648729581990658, 5.000000000000000000, 5.964738859327915144 ) ) ;
#267 = DIRECTION ( 'NONE',  ( 0.000000000000000000, 0.000000000000000000, -1.000000000000000000 ) ) ;
#268 = CARTESIAN_POINT ( 'NONE',  ( -10.20241325347615380, 7.016235385111460054, 1.949686776428159352 ) ) ;
#269 = EDGE_CURVE ( 'NONE', #137, #547, #3682, .T. ) ;
#270 = CARTESIAN_POINT ( 'NONE',  ( -9.038339211132406348, 3.655843076592358631, 4.410311776428159192 ) ) ;
#271 = ORIENTED_EDGE ( 'NONE', *, *, #1771, .T. ) ;
#272 = ORIENTED_EDGE ( 'NONE', *, *, #2592, .F. ) ;
#273 = DATE_TIME_ROLE ( 'classification_date' ) ;
#274 = CARTESIAN_POINT ( 'NONE',  ( -13.86648729581992256, 3.556624327025945664, 4.086197192661248145 ) ) ;
#275 = CARTESIAN_POINT ( 'NONE',  ( -8.559122964586658000, 5.631031154641255476, 7.130496650089515498 ) ) ;
#276 = CARTESIAN_POINT ( 'NONE',  ( -10.11648729581990303, 7.165063509461097269, 2.683905525994583208 ) ) ;
#277 = CARTESIAN_POINT ( 'NONE',  ( -11.36648729581990658, 2.311686153184720371, 5.309895109761491483 ) ) ;
#278 = CARTESIAN_POINT ( 'NONE',  ( -12.53056133816365758, 2.983764614888540390, 4.569061776428158694 ) ) ;
#279 = CARTESIAN_POINT ( 'NONE',  ( -11.36648729581990480, 7.886751345948129099, 3.067551360195068355 ) ) ;
#280 = DIRECTION ( 'NONE',  ( 2.992521824128285357E-16, -0.000000000000000000, -1.000000000000000000 ) ) ;
#281 = CARTESIAN_POINT ( 'NONE',  ( -13.69463538050740681, 5.000000000000000000, 6.500520109761491305 ) ) ;
#282 = ORIENTED_EDGE ( 'NONE', *, *, #576, .F. ) ;
#283 = CARTESIAN_POINT ( 'NONE',  ( -13.69463538050740681, 6.344156923407640924, 3.854686776428158268 ) ) ;
#284 = CARTESIAN_POINT ( 'NONE',  ( -11.36648729581990658, 2.113248654051870901, 5.091613859327916103 ) ) ;
#285 = CARTESIAN_POINT ( 'NONE',  ( -12.53056133816365403, 7.016235385111460054, 2.002603443094825408 ) ) ;
#286 = DESIGN_CONTEXT ( 'detailed design', #3545, 'design' ) ;
#287 = ADVANCED_FACE ( 'NONE', ( #1933 ), #2178, .F. ) ;
#288 = CARTESIAN_POINT ( 'NONE',  ( -11.36648729581990658, 2.311686153184720371, 4.992395109761491589 ) ) ;
#289 = VERTEX_POINT ( 'NONE', #3133 ) ;
#290 = VERTEX_POINT ( 'NONE', #2827 ) ;
#291 = APPROVAL_DATE_TIME ( #2914, #1555 ) ;
#292 = CARTESIAN_POINT ( 'NONE',  ( -13.86648729581990658, 5.000000000000000000, 7.391651446600887354 ) ) ;
#293 = ADVANCED_FACE ( 'NONE', ( #2845 ), #2629, .F. ) ;
#294 = CARTESIAN_POINT ( 'NONE',  ( -8.866487295819906578, 6.443375672974065438, 4.879947192661250099 ) ) ;
#295 = CARTESIAN_POINT ( 'NONE',  ( -13.69463538050740503, 5.000000000000000000, 3.960520109761491714 ) ) ;
#296 = CARTESIAN_POINT ( 'NONE',  ( -10.20241325347615380, 7.016235385111460054, 3.457811776428159511 ) ) ;
#297 = CARTESIAN_POINT ( 'NONE',  ( -8.866487295819904801, 6.443375672974065438, 2.062134693528402618 ) ) ;
#298 = CARTESIAN_POINT ( 'NONE',  ( -8.866487295819926118, 3.556624327025924348, 6.136718026861736952 ) ) ;
#299 = DIRECTION ( 'NONE',  ( -1.000000000000000000, 0.000000000000000000, 2.829891477939326252E-16 ) ) ;
#300 = CARTESIAN_POINT ( 'NONE',  ( -12.53056133816365580, 2.983764614888540390, 2.981561776428158339 ) ) ;
#301 = CARTESIAN_POINT ( 'NONE',  ( -10.20241325347615557, 7.016235385111460054, 4.727811776428159973 ) ) ;
#302 = CARTESIAN_POINT ( 'NONE',  ( -12.53056133816365403, 7.016235385111460054, 1.685103443094825515 ) ) ;
#303 = CARTESIAN_POINT ( 'NONE',  ( -10.11648729581990658, 2.834936490538902287, 2.895572192661249655 ) ) ;
#304 = CARTESIAN_POINT ( 'NONE',  ( -13.86648729581990658, 5.000000000000000000, 7.391651446600887354 ) ) ;
#305 = CARTESIAN_POINT ( 'NONE',  ( -13.69463538050740681, 5.000000000000000000, 4.595520109761491945 ) ) ;
#306 = ORIENTED_EDGE ( 'NONE', *, *, #3269, .T. ) ;
#307 = CARTESIAN_POINT ( 'NONE',  ( -13.86648729581990480, 6.443375672974065438, 2.128280525994581840 ) ) ;
#308 = DATE_TIME_ROLE ( 'creation_date' ) ;
#309 = CARTESIAN_POINT ( 'NONE',  ( -8.866487295819904801, 6.443375672974065438, 1.704947192661250499 ) ) ;
#310 = AXIS2_PLACEMENT_3D ( 'NONE', #838, #2596, #2063 ) ;
#311 = AXIS2_PLACEMENT_3D ( 'NONE', #924, #3229, #1478 ) ;
#312 = CARTESIAN_POINT ( 'NONE',  ( -8.866487295819906578, 5.000000000000000000, 5.210676360195068746 ) ) ;
#313 = EDGE_LOOP ( 'NONE', ( #306, #1327, #2772, #2611 ) ) ;
#314 = CARTESIAN_POINT ( 'NONE',  ( -8.866487295819904801, 5.000000000000000000, 1.400676360195069137 ) ) ;
#315 = DIRECTION ( 'NONE',  ( -0.000000000000000000, -1.000000000000000000, -0.000000000000000000 ) ) ;
#316 = CARTESIAN_POINT ( 'NONE',  ( -10.20241325347615557, 7.016235385111460054, 5.124686776428159618 ) ) ;
#317 = CARTESIAN_POINT ( 'NONE',  ( -12.53056133816365580, 7.016235385111460054, 4.463228443094824804 ) ) ;
#318 =( BOUNDED_CURVE ( )  B_SPLINE_CURVE ( 2, ( #2413, #3664, #1841, #1310, #2752, #368, #3054 ),
 .UNSPECIFIED., .F., .T. ) 
 B_SPLINE_CURVE_WITH_KNOTS ( ( 3, 2, 2, 3 ),
 ( 0.02777777777777781440, 0.03703703703703706274, 0.04629629629629631454, 0.05555555555555556635 ),
 .UNSPECIFIED. ) 
 CURVE ( )  GEOMETRIC_REPRESENTATION_ITEM ( )  RATIONAL_B_SPLINE_CURVE ( ( 0.9999999999999994449, 0.8660254037844392627, 1.000000000000000000, 0.8660254037844387076, 1.000000000000000000, 0.8660254037844384856, 1.000000000000000222 ) ) 
 REPRESENTATION_ITEM ( '' )  );
#319 = EDGE_CURVE ( 'NONE', #2594, #855, #3247, .T. ) ;
#320 = CARTESIAN_POINT ( 'NONE',  ( -13.86648729581990480, 3.556624327025936338, 2.855884693528401019 ) ) ;
#321 = CARTESIAN_POINT ( 'NONE',  ( -8.866487295819906578, 5.000000000000000000, 6.163176360195069314 ) ) ;
#322 = EDGE_CURVE ( 'NONE', #115, #2824, #2004, .T. ) ;
#323 = CARTESIAN_POINT ( 'NONE',  ( -8.468056510804446546, 0.000000000000000000, 3.348562319248791663 ) ) ;
#324 = CARTESIAN_POINT ( 'NONE',  ( -12.53056133816365580, 2.983764614888540390, 4.251561776428158801 ) ) ;
#325 = CARTESIAN_POINT ( 'NONE',  ( -13.69463538050740858, 6.344156923407640924, 6.712186776428159973 ) ) ;
#326 = CARTESIAN_POINT ( 'NONE',  ( -12.61648729581990658, 7.165063509461097269, 7.181822192661249105 ) ) ;
#327 = CARTESIAN_POINT ( 'NONE',  ( -12.61648729581990835, 2.834936490538903620, 6.374843026861735318 ) ) ;
#328 = CARTESIAN_POINT ( 'NONE',  ( -11.36648729581990480, 2.311686153184720371, 3.722395109761492460 ) ) ;
#329 = CARTESIAN_POINT ( 'NONE',  ( -12.53056133816365580, 7.016235385111460054, 6.765103443094825586 ) ) ;
#330 = EDGE_LOOP ( 'NONE', ( #2215, #3674, #3031, #1161 ) ) ;
#331 = ORIENTED_EDGE ( 'NONE', *, *, #3235, .T. ) ;
#332 = CARTESIAN_POINT ( 'NONE',  ( -11.36648729581990480, 5.000000000000000000, 1.400676360195068249 ) ) ;
#333 = CYLINDRICAL_SURFACE ( 'NONE', #192, 2.500000000000000444 ) ;
#334 = CARTESIAN_POINT ( 'NONE',  ( -8.866487295819906578, 5.000000000000000000, 4.893176360195068852 ) ) ;
#335 = CARTESIAN_POINT ( 'NONE',  ( -9.263821855913951353, 3.327223111797295463, 7.080807778673077202 ) ) ;
#336 = CARTESIAN_POINT ( 'NONE',  ( -9.038339211132406348, 3.655843076592358631, 5.680311776428160542 ) ) ;
#337 = CARTESIAN_POINT ( 'NONE',  ( -10.20241325347615557, 2.983764614888539057, 3.986978443094825852 ) ) ;
#338 = CARTESIAN_POINT ( 'NONE',  ( -10.11648729581990303, 7.165063509461097269, 2.406093026861735318 ) ) ;
#339 =( BOUNDED_CURVE ( )  B_SPLINE_CURVE ( 2, ( #1507, #955, #20, #1544, #699, #664, #3279 ),
 .UNSPECIFIED., .F., .T. ) 
 B_SPLINE_CURVE_WITH_KNOTS ( ( 3, 2, 2, 3 ),
 ( 0.9444444444444444198, 0.9537037037037037202, 0.9629629629629629095, 0.9722222222222222099 ),
 .UNSPECIFIED. ) 
 CURVE ( )  GEOMETRIC_REPRESENTATION_ITEM ( )  RATIONAL_B_SPLINE_CURVE ( ( 1.000000000000000000, 0.8660254037844387076, 1.000000000000000000, 0.8660254037844387076, 1.000000000000000000, 0.8660254037844387076, 1.000000000000000000 ) ) 
 REPRESENTATION_ITEM ( '' )  );
#340 = CARTESIAN_POINT ( 'NONE',  ( -10.20241325347615380, 7.016235385111460054, 2.822811776428159281 ) ) ;
#341 = CARTESIAN_POINT ( 'NONE',  ( -9.038339211132406348, 3.655843076592358631, 5.283436776428159121 ) ) ;
#342 = CARTESIAN_POINT ( 'NONE',  ( -10.11648729581990835, 2.834936490538902287, 6.388072192661250703 ) ) ;
#343 = CARTESIAN_POINT ( 'NONE',  ( -10.11648729581990303, 7.165063509461097269, 2.048905525994582977 ) ) ;
#344 = CARTESIAN_POINT ( 'NONE',  ( -12.53056133816365403, 7.016235385111460054, 2.320103443094825302 ) ) ;
#345 = CARTESIAN_POINT ( 'NONE',  ( -9.408357049841200137, 3.442213177808874480, 7.259401610957821660 ) ) ;
#346 = ORIENTED_EDGE ( 'NONE', *, *, #3608, .F. ) ;
#347 = CARTESIAN_POINT ( 'NONE',  ( -8.866487295819904801, 5.000000000000000000, 2.948488859327917044 ) ) ;
#348 = CARTESIAN_POINT ( 'NONE',  ( -8.866487295819904801, 5.000000000000000000, 4.258176360195069066 ) ) ;
#349 = CARTESIAN_POINT ( 'NONE',  ( -12.61648729581990835, 2.834936490538903620, 4.787343026861734074 ) ) ;
#350 = CARTESIAN_POINT ( 'NONE',  ( -12.61648729581990658, 7.165063509461097269, 6.864322192661249211 ) ) ;
#351 = CARTESIAN_POINT ( 'NONE',  ( -12.53056133816365758, 2.983764614888540390, 5.918436776428158907 ) ) ;
#352 = CARTESIAN_POINT ( 'NONE',  ( -12.53056133816365580, 2.983764614888540390, 4.251561776428158801 ) ) ;
#353 = CARTESIAN_POINT ( 'NONE',  ( -11.36648729581990480, 2.113248654051870901, 4.178801360195068426 ) ) ;
#354 = ADVANCED_FACE ( 'NONE', ( #2041 ), #2276, .T. ) ;
#355 = CARTESIAN_POINT ( 'NONE',  ( -8.866487295819906578, 5.000000000000000000, 7.391651446600889130 ) ) ;
#356 = CARTESIAN_POINT ( 'NONE',  ( -9.038339211132404571, 6.344156923407640036, 4.066353443094826048 ) ) ;
#357 =( BOUNDED_CURVE ( )  B_SPLINE_CURVE ( 2, ( #3286, #1826, #2068, #886, #653, #2982, #3525 ),
 .UNSPECIFIED., .F., .F. ) 
 B_SPLINE_CURVE_WITH_KNOTS ( ( 3, 2, 2, 3 ),
 ( 0.5277777777777776791, 0.5370370370370369795, 0.5462962962962962798, 0.5555555555555555802 ),
 .UNSPECIFIED. ) 
 CURVE ( )  GEOMETRIC_REPRESENTATION_ITEM ( )  RATIONAL_B_SPLINE_CURVE ( ( 1.000000000000001554, 0.8660254037844371533, 1.000000000000000000, 0.8660254037844387076, 1.000000000000000000, 0.8660254037844387076, 1.000000000000000000 ) ) 
 REPRESENTATION_ITEM ( '' )  );
#358 = CARTESIAN_POINT ( 'NONE',  ( -11.36648729581990658, 7.688313846815280073, 6.024270109761491909 ) ) ;
#359 = CARTESIAN_POINT ( 'NONE',  ( -11.36648729581990658, 2.113248654051870901, 6.679113859327916458 ) ) ;
#360 = DIRECTION ( 'NONE',  ( 0.000000000000000000, -1.000000000000000000, 0.000000000000000000 ) ) ;
#361 = CARTESIAN_POINT ( 'NONE',  ( -9.038339211132406348, 3.655843076592359520, 3.140311776428159618 ) ) ;
#362 = CARTESIAN_POINT ( 'NONE',  ( -9.038339211132406348, 6.344156923407640036, 6.368228443094825941 ) ) ;
#363 = EDGE_LOOP ( 'NONE', ( #3242, #3401, #782, #2060 ) ) ;
#364 = CARTESIAN_POINT ( 'NONE',  ( -11.36648729581990480, 7.886751345948129099, 2.075363859327916671 ) ) ;
#365 = CARTESIAN_POINT ( 'NONE',  ( -13.86648729581990658, 5.000000000000000000, 7.391651446600887354 ) ) ;
#366 = CARTESIAN_POINT ( 'NONE',  ( -9.038339211132404571, 6.344156923407640036, 1.605728443094826208 ) ) ;
#367 = LINE ( 'NONE', #98, #942 ) ;
#368 = CARTESIAN_POINT ( 'NONE',  ( -8.866487295819904801, 3.556624327025935894, 1.691718026861735780 ) ) ;
#369 = CARTESIAN_POINT ( 'NONE',  ( -13.69463538050740858, 3.655843076592360852, 6.844478443094824449 ) ) ;
#370 = AXIS2_PLACEMENT_3D ( 'NONE', #171, #1358, #1584 ) ;
#371 = CARTESIAN_POINT ( 'NONE',  ( -10.11648729581990835, 2.834936490538902287, 5.157759693528402245 ) ) ;
#372 = CARTESIAN_POINT ( 'NONE',  ( -8.866487295819906578, 5.000000000000000000, 7.391651446600889130 ) ) ;
#373 = DIRECTION ( 'NONE',  ( -2.829891477939326252E-16, 0.000000000000000000, -1.000000000000000000 ) ) ;
#374 = VECTOR ( 'NONE', #423, 1000.000000000000000 ) ;
#375 = CARTESIAN_POINT ( 'NONE',  ( -10.20241325347615735, 2.983764614888539057, 5.574478443094826652 ) ) ;
#376 = CARTESIAN_POINT ( 'NONE',  ( -13.69463538050740858, 3.655843076592360852, 5.812603443094825018 ) ) ;
#377 = CARTESIAN_POINT ( 'NONE',  ( -11.36648729581990480, 7.688313846815280073, 3.563645109761492069 ) ) ;
#378 = FACE_OUTER_BOUND ( 'NONE', #1419, .T. ) ;
#379 = CARTESIAN_POINT ( 'NONE',  ( -9.038339211132404571, 5.000000000000000000, 3.484270109761492762 ) ) ;
#380 = CARTESIAN_POINT ( 'NONE',  ( -10.20241325347615557, 7.016235385111460054, 6.077186776428159298 ) ) ;
#381 = ORIENTED_EDGE ( 'NONE', *, *, #2958, .F. ) ;
#382 = CARTESIAN_POINT ( 'NONE',  ( -13.86648729581990480, 3.556624327025936338, 1.863697192661248669 ) ) ;
#383 = CARTESIAN_POINT ( 'NONE',  ( -12.61648729581990658, 2.834936490538903620, 3.199843026861734607 ) ) ;
#384 = CARTESIAN_POINT ( 'NONE',  ( -10.20241325347615380, 7.016235385111460054, 2.267186776428159245 ) ) ;
#385 = ORIENTED_EDGE ( 'NONE', *, *, #1614, .F. ) ;
#386 = DIRECTION ( 'NONE',  ( 2.992521824128285357E-16, -0.000000000000000000, -1.000000000000000000 ) ) ;
#387 = LINE ( 'NONE', #2177, #3570 ) ;
#388 = CARTESIAN_POINT ( 'NONE',  ( -13.69463538050740858, 6.344156923407640924, 6.791561776428158836 ) ) ;
#389 = CARTESIAN_POINT ( 'NONE',  ( -13.86648729581990835, 6.443375672974065438, 5.025468026861733328 ) ) ;
#390 = LINE ( 'NONE', #430, #1610 ) ;
#391 = CARTESIAN_POINT ( 'NONE',  ( -8.866487295819888814, 3.556624327025943444, 6.414530525994584842 ) ) ;
#392 = CARTESIAN_POINT ( 'NONE',  ( -11.36648729581990658, 7.688313846815280073, 4.754270109761492336 ) ) ;
#393 = CARTESIAN_POINT ( 'NONE',  ( -10.20241325347615557, 7.016235385111460054, 5.362811776428159760 ) ) ;
#394 = CLOSED_SHELL ( 'NONE', ( #2083, #1965, #1156, #1495, #2962, #1249, #287, #2529, #2483, #3482, #2218, #1639, #1693, #3120, #120, #1938, #2634, #3557, #2987, #841, #1014, #2291, #3007, #815, #458, #1522, #2198, #2166, #293, #3035, #2729, #1609, #1665, #155, #2007, #692, #970, #3560, #2168, #2242, #3411, #2250, #3648, #1660, #556, #3733, #2638, #354, #719, #1137, #2248, #2887, #3125, #34 ) ) ;
#395 = CARTESIAN_POINT ( 'NONE',  ( -10.20241325347615380, 7.016235385111460054, 3.537186776428159707 ) ) ;
#396 = CARTESIAN_POINT ( 'NONE',  ( -8.866487295819888814, 3.556624327025943444, 5.462030525994584274 ) ) ;
#397 = CARTESIAN_POINT ( 'NONE',  ( -13.69463538050740503, 3.655843076592360852, 2.399478443094824609 ) ) ;
#398 = CARTESIAN_POINT ( 'NONE',  ( -10.20241325347615557, 7.016235385111460054, 7.029686776428159867 ) ) ;
#399 = ORIENTED_EDGE ( 'NONE', *, *, #1130, .T. ) ;
#400 = CARTESIAN_POINT ( 'NONE',  ( -13.86648729581990480, 5.000000000000000000, 3.107238859327915215 ) ) ;
#401 = CARTESIAN_POINT ( 'NONE',  ( -8.866487295819906578, 5.000000000000000000, 6.440988859327918092 ) ) ;
#402 = EDGE_CURVE ( 'NONE', #3793, #419, #2006, .T. ) ;
#403 = EDGE_CURVE ( 'NONE', #1289, #1304, #3707, .T. ) ;
#404 = CARTESIAN_POINT ( 'NONE',  ( -10.20241325347615380, 7.016235385111460054, 2.584686776428159138 ) ) ;
#405 = EDGE_CURVE ( 'NONE', #2020, #2195, #235, .T. ) ;
#406 = ORIENTED_EDGE ( 'NONE', *, *, #2366, .T. ) ;
#407 = ORIENTED_EDGE ( 'NONE', *, *, #3192, .T. ) ;
#408 = DIRECTION ( 'NONE',  ( 2.992521824128285357E-16, -0.000000000000000000, -1.000000000000000000 ) ) ;
#409 = CARTESIAN_POINT ( 'NONE',  ( -9.038339211132406348, 3.655843076592358631, 6.950311776428161004 ) ) ;
#410 = CARTESIAN_POINT ( 'NONE',  ( -8.866487295819906578, 3.556624327025934118, 4.231718026861735815 ) ) ;
#411 = CARTESIAN_POINT ( 'NONE',  ( -11.36648729581990658, 5.000000000000000000, 7.391651446600888242 ) ) ;
#412 = CARTESIAN_POINT ( 'NONE',  ( -8.866487295819906578, 5.000000000000000000, 6.440988859327918092 ) ) ;
#413 =( BOUNDED_CURVE ( )  B_SPLINE_CURVE ( 2, ( #2654, #609, #2064, #1782, #46, #570, #1742 ),
 .UNSPECIFIED., .F., .F. ) 
 B_SPLINE_CURVE_WITH_KNOTS ( ( 3, 2, 2, 3 ),
 ( 0.6944444444444445308, 0.7037037037037038312, 0.7129629629629630205, 0.7222222222222223209 ),
 .UNSPECIFIED. ) 
 CURVE ( )  GEOMETRIC_REPRESENTATION_ITEM ( )  RATIONAL_B_SPLINE_CURVE ( ( 0.9999999999999984457, 0.8660254037844402619, 1.000000000000000000, 0.8660254037844387076, 1.000000000000000000, 0.8660254037844371533, 1.000000000000001554 ) ) 
 REPRESENTATION_ITEM ( '' )  );
#414 = CARTESIAN_POINT ( 'NONE',  ( -9.038339211132406348, 6.344156923407640036, 5.336353443094825622 ) ) ;
#415 = CARTESIAN_POINT ( 'NONE',  ( -9.038339211132406348, 3.655843076592358631, 3.140311776428159618 ) ) ;
#416 = CARTESIAN_POINT ( 'NONE',  ( -10.11648729581990303, 7.165063509461097269, 4.271405525994583563 ) ) ;
#417 = CARTESIAN_POINT ( 'NONE',  ( -11.36648729581990480, 7.688313846815280073, 3.881145109761492407 ) ) ;
#418 = CARTESIAN_POINT ( 'NONE',  ( -9.038339211132404571, 5.000000000000000000, 2.452395109761492886 ) ) ;
#419 = VERTEX_POINT ( 'NONE', #2915 ) ;
#420 = CARTESIAN_POINT ( 'NONE',  ( -12.61648729581990480, 7.165063509461097269, 4.006822192661249282 ) ) ;
#421 = DIRECTION ( 'NONE',  ( -1.000000000000000000, 0.000000000000000000, -3.469446951953613696E-16 ) ) ;
#422 = CARTESIAN_POINT ( 'NONE',  ( -12.53056133816365580, 7.016235385111460054, 5.415728443094825373 ) ) ;
#423 = DIRECTION ( 'NONE',  ( 2.992521824128285357E-16, -0.000000000000000000, -1.000000000000000000 ) ) ;
#424 = CARTESIAN_POINT ( 'NONE',  ( -8.866487295819904801, 6.443375672974065438, 2.697134693528401517 ) ) ;
#425 = VERTEX_POINT ( 'NONE', #1175 ) ;
#426 = ORIENTED_EDGE ( 'NONE', *, *, #578, .T. ) ;
#427 = CYLINDRICAL_SURFACE ( 'NONE', #3634, 2.500000000000000444 ) ;
#428 = CARTESIAN_POINT ( 'NONE',  ( -13.86648729581990480, 3.556624327025936338, 5.991197192661248394 ) ) ;
#429 = CARTESIAN_POINT ( 'NONE',  ( -12.61648729581990658, 7.165063509461097269, 4.364009693528402067 ) ) ;
#430 = CARTESIAN_POINT ( 'NONE',  ( -13.86648729581990658, 5.000000000000000000, 7.391651446600887354 ) ) ;
#431 = CARTESIAN_POINT ( 'NONE',  ( -12.61648729581990658, 7.165063509461097269, 6.269009693528401428 ) ) ;
#432 = EDGE_CURVE ( 'NONE', #3515, #2499, #1439, .T. ) ;
#433 = CARTESIAN_POINT ( 'NONE',  ( -12.53056133816365758, 2.983764614888540390, 5.839061776428158268 ) ) ;
#434 = AXIS2_PLACEMENT_3D ( 'NONE', #29, #1238, #2659 ) ;
#435 = EDGE_CURVE ( 'NONE', #1153, #425, #3654, .T. ) ;
#436 = CARTESIAN_POINT ( 'NONE',  ( -11.36648729581990480, 2.311686153184720371, 2.134895109761492549 ) ) ;
#437 = DIRECTION ( 'NONE',  ( 2.992521824128285357E-16, -0.000000000000000000, -1.000000000000000000 ) ) ;
#438 = CARTESIAN_POINT ( 'NONE',  ( -9.038339211132406348, 3.655843076592359520, 5.362811776428159760 ) ) ;
#439 = AXIS2_PLACEMENT_3D ( 'NONE', #2085, #3798, #2674 ) ;
#440 =( BOUNDED_CURVE ( )  B_SPLINE_CURVE ( 2, ( #2377, #2631, #276, #3562, #2936, #649, #2317 ),
 .UNSPECIFIED., .F., .F. ) 
 B_SPLINE_CURVE_WITH_KNOTS ( ( 3, 2, 2, 3 ),
 ( 0.1666666666666666297, 0.1759259259259259023, 0.1851851851851851194, 0.1944444444444443920 ),
 .UNSPECIFIED. ) 
 CURVE ( )  GEOMETRIC_REPRESENTATION_ITEM ( )  RATIONAL_B_SPLINE_CURVE ( ( 1.000000000000000222, 0.8660254037844382635, 1.000000000000000000, 0.8660254037844387076, 1.000000000000000000, 0.8660254037844394848, 0.9999999999999992228 ) ) 
 REPRESENTATION_ITEM ( '' )  );
#441 = CARTESIAN_POINT ( 'NONE',  ( -11.36648729581990480, 2.311686153184720371, 2.055520109761492353 ) ) ;
#442 = ORIENTED_EDGE ( 'NONE', *, *, #173, .T. ) ;
#443 = CARTESIAN_POINT ( 'NONE',  ( -11.36648729581990480, 2.113248654051870901, 4.139113859327915534 ) ) ;
#444 = CARTESIAN_POINT ( 'NONE',  ( -11.36648729581990658, 5.000000000000000000, 7.391651446600888242 ) ) ;
#445 = CARTESIAN_POINT ( 'NONE',  ( -10.20241325347615557, 7.016235385111460054, 5.680311776428158765 ) ) ;
#446 = CARTESIAN_POINT ( 'NONE',  ( -9.038339211132404571, 5.000000000000000000, 1.499895109761492762 ) ) ;
#447 = CARTESIAN_POINT ( 'NONE',  ( -9.038339211132404571, 6.344156923407640036, 4.145728443094825799 ) ) ;
#448 = ORIENTED_EDGE ( 'NONE', *, *, #2844, .T. ) ;
#449 = ORIENTED_EDGE ( 'NONE', *, *, #3527, .F. ) ;
#450 = FACE_OUTER_BOUND ( 'NONE', #1669, .T. ) ;
#451 = CYLINDRICAL_SURFACE ( 'NONE', #709, 2.500000000000000444 ) ;
#452 = CARTESIAN_POINT ( 'NONE',  ( -10.11648729581990480, 7.165063509461097269, 5.581093026861735140 ) ) ;
#453 = CARTESIAN_POINT ( 'NONE',  ( -8.866487295819904801, 5.000000000000000000, 3.265988859327916938 ) ) ;
#454 = CARTESIAN_POINT ( 'NONE',  ( -13.86648729581990658, 5.000000000000000000, 6.321926360195067929 ) ) ;
#455 = EDGE_CURVE ( 'NONE', #896, #3129, #1546, .T. ) ;
#456 = CARTESIAN_POINT ( 'NONE',  ( -10.20241325347615557, 7.016235385111460054, 5.680311776428158765 ) ) ;
#457 = ORIENTED_EDGE ( 'NONE', *, *, #3530, .T. ) ;
#458 = ADVANCED_FACE ( 'NONE', ( #1456 ), #3169, .F. ) ;
#459 = CARTESIAN_POINT ( 'NONE',  ( -10.20241325347615380, 7.016235385111460054, 2.902186776428159476 ) ) ;
#460 = CARTESIAN_POINT ( 'NONE',  ( -12.61648729581990658, 2.834936490538903620, 3.160155525994582604 ) ) ;
#461 = CARTESIAN_POINT ( 'NONE',  ( -11.36648729581990658, 2.311686153184720371, 4.674895109761491696 ) ) ;
#462 = CARTESIAN_POINT ( 'NONE',  ( -10.20241325347615380, 7.016235385111460054, 2.187811776428159050 ) ) ;
#463 = ORIENTED_EDGE ( 'NONE', *, *, #3706, .F. ) ;
#464 = CARTESIAN_POINT ( 'NONE',  ( -13.86648729581990480, 5.000000000000000000, 4.377238859327915677 ) ) ;
#465 = CARTESIAN_POINT ( 'NONE',  ( -8.866487295819904801, 5.000000000000000000, 3.305676360195068497 ) ) ;
#466 =( BOUNDED_CURVE ( )  B_SPLINE_CURVE ( 2, ( #1658, #108, #3714, #1921, #3391, #2743, #1942 ),
 .UNSPECIFIED., .F., .T. ) 
 B_SPLINE_CURVE_WITH_KNOTS ( ( 3, 2, 2, 3 ),
 ( 0.4722222222222221544, 0.4814814814814813992, 0.4907407407407407551, 0.5000000000000000000 ),
 .UNSPECIFIED. ) 
 CURVE ( )  GEOMETRIC_REPRESENTATION_ITEM ( )  RATIONAL_B_SPLINE_CURVE ( ( 1.000000000000000888, 0.8660254037844379305, 1.000000000000000000, 0.8660254037844387076, 1.000000000000000000, 0.8660254037844387076, 1.000000000000000000 ) ) 
 REPRESENTATION_ITEM ( '' )  );
#467 = CARTESIAN_POINT ( 'NONE',  ( -9.038339211132406348, 3.655843076592359520, 5.918436776428158907 ) ) ;
#468 = CARTESIAN_POINT ( 'NONE',  ( -13.69463538050740681, 6.344156923407640924, 2.267186776428158357 ) ) ;
#469 = CARTESIAN_POINT ( 'NONE',  ( -13.69463538050740681, 3.655843076592360852, 4.304478443094825302 ) ) ;
#470 = ORIENTED_EDGE ( 'NONE', *, *, #1412, .T. ) ;
#471 = ORIENTED_EDGE ( 'NONE', *, *, #1386, .T. ) ;
#472 = CARTESIAN_POINT ( 'NONE',  ( -11.36648729581990480, 7.886751345948129099, 3.345363859327916689 ) ) ;
#473 = CARTESIAN_POINT ( 'NONE',  ( -9.408360206666184666, 3.442211355215119006, 7.259401539206089105 ) ) ;
#474 = CC_DESIGN_DATE_AND_TIME_ASSIGNMENT ( #1208, #273, ( #2677 ) ) ;
#475 = CARTESIAN_POINT ( 'NONE',  ( -11.36648729581990658, 7.886751345948129099, 6.560051360195068071 ) ) ;
#476 = DIRECTION ( 'NONE',  ( 2.992521824128285357E-16, -0.000000000000000000, -1.000000000000000000 ) ) ;
#477 = LOCAL_TIME ( 12, 38, 48.00000000000000000, #1488 ) ;
#478 = CARTESIAN_POINT ( 'NONE',  ( -13.86648729581990480, 5.000000000000000000, 2.154738859327915534 ) ) ;
#479 = CARTESIAN_POINT ( 'NONE',  ( -10.20241325347615735, 2.983764614888539057, 6.844478443094825337 ) ) ;
#480 = CARTESIAN_POINT ( 'NONE',  ( -11.36648729581990480, 7.688313846815280073, 3.881145109761491963 ) ) ;
#481 = EDGE_CURVE ( 'NONE', #500, #3014, #1248, .T. ) ;
#482 = DIRECTION ( 'NONE',  ( 2.992521824128285357E-16, -0.000000000000000000, -1.000000000000000000 ) ) ;
#483 = CARTESIAN_POINT ( 'NONE',  ( -13.69463538050740681, 5.000000000000000000, 5.230520109761491732 ) ) ;
#484 = CARTESIAN_POINT ( 'NONE',  ( -10.20241325347615380, 7.016235385111460054, 2.505311776428159387 ) ) ;
#485 = CARTESIAN_POINT ( 'NONE',  ( -8.866487295819904801, 5.000000000000000000, 4.535988859327916956 ) ) ;
#486 = CARTESIAN_POINT ( 'NONE',  ( -10.11648729581990835, 2.834936490538902287, 5.118072192661250241 ) ) ;
#487 = CARTESIAN_POINT ( 'NONE',  ( -10.20241325347615735, 2.983764614888539057, 6.526978443094825444 ) ) ;
#488 = CARTESIAN_POINT ( 'NONE',  ( -5.984660941943984014, 0.000000000000000000, 4.968826501371166771 ) ) ;
#489 = CARTESIAN_POINT ( 'NONE',  ( -11.36648729581990480, 7.688313846815280073, 3.563645109761492069 ) ) ;
#490 = ORIENTED_EDGE ( 'NONE', *, *, #3192, .F. ) ;
#491 = VERTEX_POINT ( 'NONE', #2899 ) ;
#492 =( BOUNDED_CURVE ( )  B_SPLINE_CURVE ( 2, ( #2658, #28, #1217, #3546, #1807, #3249, #634 ),
 .UNSPECIFIED., .F., .F. ) 
 B_SPLINE_CURVE_WITH_KNOTS ( ( 3, 2, 2, 3 ),
 ( 0.9166666666666666297, 0.9259259259259259300, 0.9351851851851852304, 0.9444444444444444198 ),
 .UNSPECIFIED. ) 
 CURVE ( )  GEOMETRIC_REPRESENTATION_ITEM ( )  RATIONAL_B_SPLINE_CURVE ( ( 1.000000000000000000, 0.8660254037844387076, 1.000000000000000000, 0.8660254037844387076, 1.000000000000000000, 0.8660254037844387076, 1.000000000000000000 ) ) 
 REPRESENTATION_ITEM ( '' )  );
#493 = DIRECTION ( 'NONE',  ( 1.000000000000000000, -0.000000000000000000, 0.000000000000000000 ) ) ;
#494 = FACE_OUTER_BOUND ( 'NONE', #3046, .T. ) ;
#495 = EDGE_CURVE ( 'NONE', #1094, #78, #2328, .T. ) ;
#496 = CARTESIAN_POINT ( 'NONE',  ( -13.86648729581990835, 6.443375672974065438, 5.977968026861734785 ) ) ;
#497 = CARTESIAN_POINT ( 'NONE',  ( -14.26491808083536306, 10.00000000000000000, 3.348562319248790775 ) ) ;
#498 = CARTESIAN_POINT ( 'NONE',  ( -9.038339211132404571, 5.000000000000000000, 1.817395109761492877 ) ) ;
#499 = CARTESIAN_POINT ( 'NONE',  ( -11.36648729581990480, 2.113248654051870901, 1.956301360195068284 ) ) ;
#500 = VERTEX_POINT ( 'NONE', #365 ) ;
#501 = FACE_OUTER_BOUND ( 'NONE', #3440, .T. ) ;
#502 = CARTESIAN_POINT ( 'NONE',  ( -12.53056133816365758, 2.983764614888540390, 5.283436776428158232 ) ) ;
#503 = CARTESIAN_POINT ( 'NONE',  ( -13.69463538050740503, 5.000000000000000000, 2.928645109761491838 ) ) ;
#504 = CARTESIAN_POINT ( 'NONE',  ( -11.36648729581990658, 7.886751345948129099, 4.615363859327916707 ) ) ;
#505 = CARTESIAN_POINT ( 'NONE',  ( -10.11648729581990658, 2.834936490538902287, 2.578072192661250206 ) ) ;
#506 = CARTESIAN_POINT ( 'NONE',  ( -9.038339211132406348, 5.000000000000000000, 6.262395109761492940 ) ) ;
#507 = VECTOR ( 'NONE', #408, 1000.000000000000000 ) ;
#508 = DIRECTION ( 'NONE',  ( 2.992521824128285357E-16, -0.000000000000000000, -1.000000000000000000 ) ) ;
#509 = CARTESIAN_POINT ( 'NONE',  ( -13.69463538050740681, 3.655843076592360852, 3.034478443094824396 ) ) ;
#510 = VERTEX_POINT ( 'NONE', #80 ) ;
#511 = EDGE_LOOP ( 'NONE', ( #1093, #876, #3073, #1542 ) ) ;
#512 = CARTESIAN_POINT ( 'NONE',  ( -8.866487295819904801, 5.000000000000000000, 3.940676360195068728 ) ) ;
#513 = CARTESIAN_POINT ( 'NONE',  ( -12.61648729581990658, 7.165063509461097269, 6.269009693528401428 ) ) ;
#514 = CARTESIAN_POINT ( 'NONE',  ( -10.11648729581990303, 7.165063509461097269, 3.041093026861735549 ) ) ;
#515 = CARTESIAN_POINT ( 'NONE',  ( -9.038339211132406348, 3.655843076592359520, 1.790936776428159627 ) ) ;
#516 = CARTESIAN_POINT ( 'NONE',  ( -9.038339211132406348, 5.000000000000000000, 6.897395109761492726 ) ) ;
#517 = ORIENTED_EDGE ( 'NONE', *, *, #578, .F. ) ;
#518 = CARTESIAN_POINT ( 'NONE',  ( -10.20241325347615557, 7.016235385111460054, 6.394686776428160080 ) ) ;
#519 = CARTESIAN_POINT ( 'NONE',  ( -9.038339211132404571, 5.000000000000000000, 4.357395109761493579 ) ) ;
#520 = CARTESIAN_POINT ( 'NONE',  ( -8.866487295819906578, 6.443375672974065438, 5.197447192661250881 ) ) ;
#521 = CARTESIAN_POINT ( 'NONE',  ( -8.866487295819913683, 6.443375672974070767, 3.609947192661250526 ) ) ;
#522 = CARTESIAN_POINT ( 'NONE',  ( -12.53056133816365580, 2.983764614888540390, 1.790936776428158517 ) ) ;
#523 = CARTESIAN_POINT ( 'NONE',  ( -10.20241325347615380, 7.016235385111460054, 3.140311776428159618 ) ) ;
#524 = CARTESIAN_POINT ( 'NONE',  ( -13.69463538050740681, 3.655843076592360852, 2.716978443094824947 ) ) ;
#525 = ORIENTED_EDGE ( 'NONE', *, *, #2286, .F. ) ;
#526 = ORIENTED_EDGE ( 'NONE', *, *, #3408, .T. ) ;
#527 = DIRECTION ( 'NONE',  ( 2.992521824128285357E-16, -0.000000000000000000, -1.000000000000000000 ) ) ;
#528 = EDGE_CURVE ( 'NONE', #1049, #932, #2426, .T. ) ;
#529 = CARTESIAN_POINT ( 'NONE',  ( -12.61648729581990658, 7.165063509461097269, 7.181822192661249105 ) ) ;
#530 = EDGE_CURVE ( 'NONE', #2612, #3340, #2057, .T. ) ;
#531 = EDGE_CURVE ( 'NONE', #1320, #899, #3479, .T. ) ;
#532 = CARTESIAN_POINT ( 'NONE',  ( -13.86648729581990835, 6.443375672974065438, 6.930468026861734465 ) ) ;
#533 = CARTESIAN_POINT ( 'NONE',  ( -13.69463538050740858, 3.655843076592360852, 7.082603443094825479 ) ) ;
#534 = CARTESIAN_POINT ( 'NONE',  ( -9.038339211132404571, 6.344156923407639148, 3.431353443094826261 ) ) ;
#535 = CARTESIAN_POINT ( 'NONE',  ( -8.866487295819906578, 3.556624327025934118, 1.691718026861735558 ) ) ;
#536 = VECTOR ( 'NONE', #784, 1000.000000000000000 ) ;
#537 = ORIENTED_EDGE ( 'NONE', *, *, #3580, .F. ) ;
#538 = CARTESIAN_POINT ( 'NONE',  ( -10.11648729581990835, 2.834936490538902287, 5.475259693528402138 ) ) ;
#539 = CARTESIAN_POINT ( 'NONE',  ( -9.038339211132406348, 3.655843076592359520, 5.680311776428159654 ) ) ;
#540 = CARTESIAN_POINT ( 'NONE',  ( -9.038339211132404571, 6.344156923407640036, 3.748853443094826154 ) ) ;
#541 = CARTESIAN_POINT ( 'NONE',  ( -10.11648729581990480, 7.165063509461097269, 4.906405525994584238 ) ) ;
#542 = CARTESIAN_POINT ( 'NONE',  ( -14.26491808083536306, 0.000000000000000000, 3.348562319248790775 ) ) ;
#543 = CARTESIAN_POINT ( 'NONE',  ( -13.86648729581990480, 5.000000000000000000, 2.789738859327915321 ) ) ;
#544 =( BOUNDED_CURVE ( )  B_SPLINE_CURVE ( 2, ( #3443, #2217, #1988, #472, #767, #2240, #1932 ),
 .UNSPECIFIED., .F., .F. ) 
 B_SPLINE_CURVE_WITH_KNOTS ( ( 3, 2, 2, 3 ),
 ( 0.2777777777777777346, 0.2870370370370369795, 0.2962962962962962243, 0.3055555555555555247 ),
 .UNSPECIFIED. ) 
 CURVE ( )  GEOMETRIC_REPRESENTATION_ITEM ( )  RATIONAL_B_SPLINE_CURVE ( ( 1.000000000000000888, 0.8660254037844379305, 1.000000000000000000, 0.8660254037844387076, 1.000000000000000000, 0.8660254037844394848, 0.9999999999999992228 ) ) 
 REPRESENTATION_ITEM ( '' )  );
#545 = CARTESIAN_POINT ( 'NONE',  ( -13.69463538050740681, 5.000000000000000000, 5.230520109761491732 ) ) ;
#546 = ORIENTED_EDGE ( 'NONE', *, *, #2760, .F. ) ;
#547 = VERTEX_POINT ( 'NONE', #2670 ) ;
#548 = APPROVAL_ROLE ( '' ) ;
#549 = LINE ( 'NONE', #2023, #2346 ) ;
#550 = CARTESIAN_POINT ( 'NONE',  ( -12.61648729581990480, 7.165063509461097269, 3.094009693528401161 ) ) ;
#551 = CARTESIAN_POINT ( 'NONE',  ( -13.69463538050740858, 3.655843076592360852, 4.939478443094825089 ) ) ;
#552 = CARTESIAN_POINT ( 'NONE',  ( -10.20241325347615557, 2.983764614888539057, 2.716978443094825835 ) ) ;
#553 = CARTESIAN_POINT ( 'NONE',  ( -10.11648729581990658, 2.834936490538902287, 3.570259693528401446 ) ) ;
#554 = ORIENTED_EDGE ( 'NONE', *, *, #3708, .T. ) ;
#555 = CARTESIAN_POINT ( 'NONE',  ( -8.866487295819897696, 3.556624327025939891, 3.557030525994584025 ) ) ;
#556 = ADVANCED_FACE ( 'NONE', ( #975, #2135 ), #1247, .F. ) ;
#557 = CARTESIAN_POINT ( 'NONE',  ( -12.53056133816365580, 7.016235385111460054, 5.495103443094826012 ) ) ;
#558 = CARTESIAN_POINT ( 'NONE',  ( -11.36648729581990658, 7.688313846815280073, 4.754270109761492336 ) ) ;
#559 = CARTESIAN_POINT ( 'NONE',  ( -12.61648729581990658, 7.165063509461097269, 5.911822192661249531 ) ) ;
#560 = CARTESIAN_POINT ( 'NONE',  ( -8.866487295819904801, 5.000000000000000000, 3.583488859327917275 ) ) ;
#561 = CARTESIAN_POINT ( 'NONE',  ( -12.53056133816365758, 2.983764614888540390, 7.109061776428158730 ) ) ;
#562 = AXIS2_PLACEMENT_3D ( 'NONE', #1750, #3773, #1150 ) ;
#563 = CARTESIAN_POINT ( 'NONE',  ( -13.69463538050740858, 3.655843076592360852, 4.939478443094825089 ) ) ;
#564 = ORIENTED_EDGE ( 'NONE', *, *, #432, .F. ) ;
#565 = ORIENTED_EDGE ( 'NONE', *, *, #1296, .T. ) ;
#566 = PERSON_AND_ORGANIZATION_ROLE ( 'design_supplier' ) ;
#567 = AXIS2_PLACEMENT_3D ( 'NONE', #654, #3607, #1827 ) ;
#568 = DIRECTION ( 'NONE',  ( 2.992521824128285357E-16, -0.000000000000000000, -1.000000000000000000 ) ) ;
#569 = CARTESIAN_POINT ( 'NONE',  ( -8.866487295819904801, 3.556624327025935450, 1.969530525994583448 ) ) ;
#570 = CARTESIAN_POINT ( 'NONE',  ( -8.866487295819888814, 3.556624327025943444, 5.779530525994583279 ) ) ;
#571 = CARTESIAN_POINT ( 'NONE',  ( -9.038339211132404571, 6.344156923407640036, 4.145728443094825799 ) ) ;
#572 = CARTESIAN_POINT ( 'NONE',  ( -9.038339211132404571, 6.344156923407639148, 4.383853443094826829 ) ) ;
#573 = CARTESIAN_POINT ( 'NONE',  ( -13.86648729581990480, 5.000000000000000000, 2.511926360195067431 ) ) ;
#574 = EDGE_CURVE ( 'NONE', #2350, #2971, #3579, .T. ) ;
#575 = LINE ( 'NONE', #2833, #1065 ) ;
#576 = EDGE_CURVE ( 'NONE', #3129, #2350, #1819, .T. ) ;
#577 = CARTESIAN_POINT ( 'NONE',  ( -13.69463538050740681, 3.655843076592360852, 6.209478443094824662 ) ) ;
#578 = EDGE_CURVE ( 'NONE', #290, #3202, #339, .T. ) ;
#579 = CARTESIAN_POINT ( 'NONE',  ( -10.20241325347615735, 2.983764614888539057, 5.256978443094824982 ) ) ;
#580 = CARTESIAN_POINT ( 'NONE',  ( -11.36648729581990658, 2.113248654051870901, 6.044113859327915783 ) ) ;
#581 = CARTESIAN_POINT ( 'NONE',  ( -11.36648729581990480, 7.886751345948129099, 3.027863859327916352 ) ) ;
#582 = CARTESIAN_POINT ( 'NONE',  ( -12.53056133816365580, 7.016235385111460054, 7.003228443094824840 ) ) ;
#583 = CARTESIAN_POINT ( 'NONE',  ( -13.69463538050740858, 3.655843076592360852, 5.574478443094824875 ) ) ;
#584 = ORIENTED_EDGE ( 'NONE', *, *, #3731, .T. ) ;
#585 = ORIENTED_EDGE ( 'NONE', *, *, #3312, .F. ) ;
#586 = MECHANICAL_CONTEXT ( 'NONE', #3495, 'mechanical' ) ;
#587 = CARTESIAN_POINT ( 'NONE',  ( -13.86648729581990480, 5.000000000000000000, 1.837238859327915419 ) ) ;
#588 = CARTESIAN_POINT ( 'NONE',  ( -5.984660941943984014, 0.000000000000000000, 4.968826501371166771 ) ) ;
#589 = CARTESIAN_POINT ( 'NONE',  ( -8.866487295819906578, 3.556624327025934118, 2.326718026861736011 ) ) ;
#590 = CARTESIAN_POINT ( 'NONE',  ( -13.69463538050740858, 6.344156923407640924, 4.886561776428157700 ) ) ;
#591 = CARTESIAN_POINT ( 'NONE',  ( -12.53056133816365403, 7.016235385111460054, 3.510728443094825124 ) ) ;
#592 =( BOUNDED_CURVE ( )  B_SPLINE_CURVE ( 2, ( #2105, #2043, #3263, #2880, #1802, #1759, #3244 ),
 .UNSPECIFIED., .F., .F. ) 
 B_SPLINE_CURVE_WITH_KNOTS ( ( 3, 2, 2, 3 ),
 ( 0.7500000000000000000, 0.7592592592592593004, 0.7685185185185183787, 0.7777777777777776791 ),
 .UNSPECIFIED. ) 
 CURVE ( )  GEOMETRIC_REPRESENTATION_ITEM ( )  RATIONAL_B_SPLINE_CURVE ( ( 1.000000000000000000, 0.8660254037844387076, 1.000000000000000000, 0.8660254037844387076, 1.000000000000000000, 0.8660254037844402619, 0.9999999999999984457 ) ) 
 REPRESENTATION_ITEM ( '' )  );
#593 = PRODUCT_DEFINITION ( 'UNKNOWN', '', #1949, #286 ) ;
#594 = CARTESIAN_POINT ( 'NONE',  ( -10.11648729581990303, 7.165063509461097269, 2.723593026861735211 ) ) ;
#595 = CARTESIAN_POINT ( 'NONE',  ( -13.86648729581990658, 5.000000000000000000, 6.004426360195067147 ) ) ;
#596 = CARTESIAN_POINT ( 'NONE',  ( -10.20241325347615557, 7.016235385111460054, 6.077186776428159298 ) ) ;
#597 = CARTESIAN_POINT ( 'NONE',  ( -10.20241325347615557, 2.983764614888539057, 4.304478443094826190 ) ) ;
#598 = CARTESIAN_POINT ( 'NONE',  ( -10.20241325347615735, 2.983764614888539057, 4.939478443094825977 ) ) ;
#599 = CARTESIAN_POINT ( 'NONE',  ( -12.61648729581990835, 2.834936490538903620, 6.970155525994582213 ) ) ;
#600 = LINE ( 'NONE', #304, #1312 ) ;
#601 = PRODUCT_DEFINITION_SHAPE ( 'NONE', 'NONE',  #593 ) ;
#602 = CARTESIAN_POINT ( 'NONE',  ( -12.53056133816365758, 2.983764614888540390, 4.965936776428158339 ) ) ;
#603 = VERTEX_POINT ( 'NONE', #1837 ) ;
#604 = CARTESIAN_POINT ( 'NONE',  ( -10.11648729581990303, 7.165063509461097269, 2.683905525994583208 ) ) ;
#605 = CARTESIAN_POINT ( 'NONE',  ( -13.86648729581990480, 5.000000000000000000, 1.876926360195067423 ) ) ;
#606 = EDGE_CURVE ( 'NONE', #262, #2540, #2427, .T. ) ;
#607 = FACE_OUTER_BOUND ( 'NONE', #826, .T. ) ;
#608 = EDGE_CURVE ( 'NONE', #2886, #2824, #809, .T. ) ;
#609 = CARTESIAN_POINT ( 'NONE',  ( -13.86648729581989059, 3.556624327025926569, 5.673697192661250277 ) ) ;
#610 = CARTESIAN_POINT ( 'NONE',  ( -13.69463538050740858, 3.655843076592360852, 4.621978443094824307 ) ) ;
#611 = CARTESIAN_POINT ( 'NONE',  ( -10.20241325347615557, 7.016235385111460054, 4.410311776428160080 ) ) ;
#612 = CARTESIAN_POINT ( 'NONE',  ( -10.11648729581990303, 7.165063509461097269, 2.088593026861734980 ) ) ;
#613 =( BOUNDED_CURVE ( )  B_SPLINE_CURVE ( 2, ( #1275, #3606, #2756, #2471, #729, #3645, #1022, #2180, #1898, #3057, #240, #515, #498, #805, #222, #3137, #2848, #3173, #2528, #1709, #1673, #1425, #2882, #789, #1975, #2581, #1083, #2546, #844, #2813, #1405, #1655, #3766, #2866, #1141, #1158, #3467, #3728, #3711, #2300, #2011, #3155, #3407, #2280, #1098, #1957, #552, #1726, #2831, #2601, #2319, #2563, #203, #3116, #3746, #260, #3783, #1692, #3486, #181, #2026, #3191, #2263, #1368, #1992, #862, #2245, #1389, #3427, #1443, #1120, #3449, #824, #534, #296, #1761, #591, #2356, #651, #3265, #1459, #2656, #2173, #2961, #3246, #632, #1824, #2938, #3209, #2379, #1198, #1214, #1512, #3800, #337, #3585, #2978, #3543, #2676, #1180, #48, #26, #3522, #960, #352, #2902, #3505, #2087, #1744, #572, #611, #902, #317, #921, #2415, #2921, #278, #1475, #1531, #1235, #2696, #2618, #1804, #2338, #1494, #882, #2633, #2395, #3564, #943, #2107, #64, #1255, #2045, #5, #2066, #3226, #1784, #3738, #2234, #3719, #2211, #2191, #2502, #1927, #1052, #761, #1090, #422, #3398, #3355, #2786, #1947, #796, #2482, #3677, #3107, #2768, #445, #2537, #717, #779, #3659, #3377, #2822, #1323, #3087, #467, #1682, #2554, #1644, #1396, #1074, #1032, #172, #154, #740, #2254, #191, #1907, #506, #3418, #1964, #3124, #134, #1359, #3067, #1664, #1624, #211, #487, #1341, #1109, #2804, #3336, #3696, #2838, #3049, #1601, #2519, #1378, #1890, #2894, #248, #2348, #2929, #3807, #1188, #582, #1416, #892, #2055, #561, #15, #872, #1170, #2327 ),
 .UNSPECIFIED., .F., .F. ) 
 B_SPLINE_CURVE_WITH_KNOTS ( ( 3, 2, 2, 2, 2, 2, 2, 2, 2, 2, 2, 2, 2, 2, 2, 2, 2, 2, 2, 2, 2, 2, 2, 2, 2, 2, 2, 2, 2, 2, 2, 2, 2, 2, 2, 2, 2, 2, 2, 2, 2, 2, 2, 2, 2, 2, 2, 2, 2, 2, 2, 2, 2, 2, 2, 2, 2, 2, 2, 2, 2, 2, 2, 2, 2, 2, 2, 2, 2, 2, 2, 2, 2, 2, 2, 2, 2, 2, 2, 2, 2, 2, 2, 2, 2, 2, 2, 2, 2, 2, 2, 2, 2, 2, 2, 2, 2, 2, 2, 2, 2, 2, 2, 2, 2, 2, 2, 2, 3 ),
 ( 0.000000000000000000, 0.009283975539674199293, 0.01856795107934839859, 0.02785192661902259614, 0.03713590215869679717, 0.04641987769837099820, 0.05570385323804519229, 0.06498782877771940025, 0.07427180431739359434, 0.08355577985706778843, 0.09283975539674199640, 0.1021237309364161905, 0.1114077064760903846, 0.1206916820157645925, 0.1299756575554388005, 0.1392596330951129946, 0.1485436086347871887, 0.1578275841744614105, 0.1671115597141355769, 0.1763955352538097987, 0.1856795107934839928, 0.1949634863331581869, 0.2042474618728323810, 0.2135314374125066028, 0.2228154129521807691, 0.2320993884918549910, 0.2413833640315291851, 0.2506673395712034069, 0.2599513151108776010, 0.2692352906505517951, 0.2785192661902259892, 0.2878032417299001833, 0.2970872172695743774, 0.3063711928092486270, 0.3156551683489228211, 0.3249391438885970151, 0.3342231194282711537, 0.3435070949679454033, 0.3527910705076195974, 0.3620750460472937915, 0.3713590215869679856, 0.3806429971266422352, 0.3899269726663163738, 0.3992109482059905678, 0.4084949237456647619, 0.4177788992853390115, 0.4270628748250132056, 0.4363468503646873997, 0.4456308259043615383, 0.4549148014440357879, 0.4641987769837099820, 0.4734827525233841761, 0.4827667280630583702, 0.4920507036027326198, 0.5013346791424068138, 0.5106186546820810079, 0.5199026302217552020, 0.5291866057614293961, 0.5384705813011035902, 0.5477545568407777843, 0.5570385323804519784, 0.5663225079201261725, 0.5756064834598003666, 0.5848904589994746717, 0.5941744345391487547, 0.6034584100788229488, 0.6127423856184972539, 0.6220263611581713370, 0.6313103366978456421, 0.6405943122375197252, 0.6498782877771940303, 0.6591622633168682244, 0.6684462388565423074, 0.6777302143962166125, 0.6870141899358908066, 0.6962981654755650007, 0.7055821410152391948, 0.7148661165549132779, 0.7241500920945875830, 0.7334340676342617771, 0.7427180431739359712, 0.7520020187136101653, 0.7612859942532844704, 0.7705699697929585534, 0.7798539453326327475, 0.7891379208723070526, 0.7984218964119811357, 0.8077058719516554408, 0.8169898474913295239, 0.8262738230310038290, 0.8355577985706780231, 0.8448417741103521061, 0.8541257496500264113, 0.8634097251897006053, 0.8726937007293747994, 0.8819776762690489935, 0.8912616518087230766, 0.9005456273483973817, 0.9098296028880715758, 0.9191135784277457699, 0.9283975539674199640, 0.9376815295070942691, 0.9469655050467683521, 0.9562494805864425462, 0.9655334561261167403, 0.9748174316657909344, 0.9841014072054652395, 0.9933853827451393226, 1.000000000000000000 ),
 .UNSPECIFIED. ) 
 CURVE ( )  GEOMETRIC_REPRESENTATION_ITEM ( )  RATIONAL_B_SPLINE_CURVE ( ( 1.000000000000000000, 0.8660254037844387076, 1.000000000000000000, 0.8660254037844387076, 1.000000000000000000, 0.8660254037844387076, 1.000000000000000000, 0.8660254037844387076, 1.000000000000000000, 0.8660254037844387076, 1.000000000000000000, 0.8660254037844387076, 1.000000000000000000, 0.8660254037844387076, 1.000000000000000000, 0.8660254037844387076, 1.000000000000000000, 0.8660254037844387076, 1.000000000000000000, 0.8660254037844387076, 1.000000000000000000, 0.8660254037844387076, 1.000000000000000000, 0.8660254037844387076, 1.000000000000000000, 0.8660254037844387076, 1.000000000000000000, 0.8660254037844387076, 1.000000000000000000, 0.8660254037844387076, 1.000000000000000000, 0.8660254037844387076, 1.000000000000000000, 0.8660254037844387076, 1.000000000000000000, 0.8660254037844387076, 1.000000000000000000, 0.8660254037844387076, 1.000000000000000000, 0.8660254037844387076, 1.000000000000000000, 0.8660254037844387076, 1.000000000000000000, 0.8660254037844387076, 1.000000000000000000, 0.8660254037844387076, 1.000000000000000000, 0.8660254037844387076, 1.000000000000000000, 0.8660254037844387076, 1.000000000000000000, 0.8660254037844387076, 1.000000000000000000, 0.8660254037844387076, 1.000000000000000000, 0.8660254037844387076, 1.000000000000000000, 0.8660254037844387076, 1.000000000000000000, 0.8660254037844387076, 1.000000000000000000, 0.8660254037844387076, 1.000000000000000000, 0.8660254037844387076, 1.000000000000000000, 0.8660254037844387076, 1.000000000000000000, 0.8660254037844387076, 1.000000000000000000, 0.8660254037844387076, 1.000000000000000000, 0.8660254037844387076, 1.000000000000000000, 0.8660254037844387076, 1.000000000000000000, 0.8660254037844387076, 1.000000000000000000, 0.8660254037844387076, 1.000000000000000000, 0.8660254037844387076, 1.000000000000000000, 0.8660254037844387076, 1.000000000000000000, 0.8660254037844387076, 1.000000000000000000, 0.8660254037844387076, 1.000000000000000000, 0.8660254037844387076, 1.000000000000000000, 0.8660254037844387076, 1.000000000000000000, 0.8660254037844387076, 1.000000000000000000, 0.8660254037844387076, 1.000000000000000000, 0.8660254037844387076, 1.000000000000000000, 0.8660254037844387076, 1.000000000000000000, 0.8660254037844387076, 1.000000000000000000, 0.8660254037844387076, 1.000000000000000000, 0.8660254037844387076, 1.000000000000000000, 0.8660254037844387076, 1.000000000000000000, 0.8660254037844387076, 1.000000000000000000, 0.8660254037844387076, 1.000000000000000000, 0.8660254037844387076, 1.000000000000000000, 0.8660254037844387076, 1.000000000000000000, 0.8660254037844387076, 1.000000000000000000, 0.8660254037844387076, 1.000000000000000000, 0.8660254037844387076, 1.000000000000000000, 0.8660254037844387076, 1.000000000000000000, 0.8660254037844387076, 1.000000000000000000, 0.8660254037844387076, 1.000000000000000000, 0.8660254037844387076, 1.000000000000000000, 0.8660254037844387076, 1.000000000000000000, 0.8660254037844387076, 1.000000000000000000, 0.8660254037844387076, 1.000000000000000000, 0.8660254037844387076, 1.000000000000000000, 0.8660254037844387076, 1.000000000000000000, 0.8660254037844387076, 1.000000000000000000, 0.8660254037844387076, 1.000000000000000000, 0.8660254037844387076, 1.000000000000000000, 0.8660254037844387076, 1.000000000000000000, 0.8660254037844387076, 1.000000000000000000, 0.8660254037844387076, 1.000000000000000000, 0.8660254037844387076, 1.000000000000000000, 0.8660254037844387076, 1.000000000000000000, 0.8660254037844387076, 1.000000000000000000, 0.8660254037844387076, 1.000000000000000000, 0.8660254037844387076, 1.000000000000000000, 0.8660254037844387076, 1.000000000000000000, 0.8660254037844387076, 1.000000000000000000, 0.8660254037844387076, 1.000000000000000000, 0.8660254037844387076, 1.000000000000000000, 0.8660254037844387076, 1.000000000000000000, 0.8660254037844387076, 1.000000000000000000, 0.8660254037844387076, 1.000000000000000000, 0.8660254037844387076, 1.000000000000000000, 0.8660254037844387076, 1.000000000000000000, 0.8660254037844387076, 1.000000000000000000, 0.8660254037844387076, 1.000000000000000000, 0.8660254037844387076, 1.000000000000000000, 0.8660254037844387076, 1.000000000000000000, 0.8660254037844387076, 1.000000000000000000, 0.8660254037844387076, 1.000000000000000000, 0.8660254037844387076, 1.000000000000000000, 0.8660254037844387076, 1.000000000000000000, 0.8660254037844387076, 1.000000000000000000, 0.8660254037844387076, 1.000000000000000000, 0.8660254037844387076, 1.000000000000000000, 0.8660254037844387076, 1.000000000000000000, 0.8660254037844387076, 1.000000000000000000, 0.8660254037844387076, 1.000000000000000000, 0.8660254037844387076, 1.000000000000000000, 0.8660254037844387076, 1.000000000000000000, 0.8660254037844387076, 1.000000000000000000, 0.8660254037844387076, 1.000000000000000000, 0.9045465968412511604, 0.9451093106473444916 ) ) 
 REPRESENTATION_ITEM ( '' )  );
#614 = CARTESIAN_POINT ( 'NONE',  ( -11.36648729581990480, 7.886751345948129099, 3.702551360195068142 ) ) ;
#615 = CARTESIAN_POINT ( 'NONE',  ( -13.69463538050740681, 3.655843076592360852, 7.161978443094824343 ) ) ;
#616 = CARTESIAN_POINT ( 'NONE',  ( -10.20241325347615557, 2.983764614888539057, 3.351978443094825622 ) ) ;
#617 = CARTESIAN_POINT ( 'NONE',  ( -11.36648729581990658, 7.688313846815280073, 6.659270109761491696 ) ) ;
#618 = CARTESIAN_POINT ( 'NONE',  ( -10.20241325347615380, 7.016235385111460054, 1.632186776428159236 ) ) ;
#619 = CARTESIAN_POINT ( 'NONE',  ( -8.866487295819906578, 5.000000000000000000, 7.075988859327917879 ) ) ;
#620 = CARTESIAN_POINT ( 'NONE',  ( -9.038339211132404571, 6.344156923407639148, 2.875728443094826225 ) ) ;
#621 = CARTESIAN_POINT ( 'NONE',  ( -9.038339211132404571, 6.344156923407640036, 1.526353443094826234 ) ) ;
#622 = ORIENTED_EDGE ( 'NONE', *, *, #149, .F. ) ;
#623 = CARTESIAN_POINT ( 'NONE',  ( -12.61648729581990658, 2.834936490538903620, 1.890155525994582364 ) ) ;
#624 = COORDINATED_UNIVERSAL_TIME_OFFSET ( 0, 0, .AHEAD. ) ;
#625 = DIRECTION ( 'NONE',  ( 0.000000000000000000, 0.000000000000000000, 1.000000000000000000 ) ) ;
#626 = AXIS2_PLACEMENT_3D ( 'NONE', #733, #437, #2585 ) ;
#627 = CARTESIAN_POINT ( 'NONE',  ( -13.86648729581990658, 5.000000000000000000, 5.012238859327914575 ) ) ;
#628 = EDGE_LOOP ( 'NONE', ( #1505, #3072, #3616, #3722 ) ) ;
#629 = CARTESIAN_POINT ( 'NONE',  ( -8.866487295819904801, 6.443375672974065438, 3.927447192661250419 ) ) ;
#630 = CARTESIAN_POINT ( 'NONE',  ( -13.86648729581990480, 3.556624327025936338, 6.983384693528400966 ) ) ;
#631 = CARTESIAN_POINT ( 'NONE',  ( -11.36648729581990658, 2.311686153184720371, 6.579895109761491945 ) ) ;
#632 = CARTESIAN_POINT ( 'NONE',  ( -9.038339211132404571, 6.344156923407639148, 3.748853443094826154 ) ) ;
#633 = CARTESIAN_POINT ( 'NONE',  ( -13.86648729581990480, 3.556624327025936338, 3.490884693528401250 ) ) ;
#634 = CARTESIAN_POINT ( 'NONE',  ( -8.866487295819906578, 5.000000000000000000, 6.798176360195069101 ) ) ;
#635 = FACE_BOUND ( 'NONE', #972, .T. ) ;
#636 = CARTESIAN_POINT ( 'NONE',  ( -9.038339211132404571, 6.344156923407640036, 3.113853443094826368 ) ) ;
#637 =( BOUNDED_CURVE ( )  B_SPLINE_CURVE ( 2, ( #640, #1769, #2928, #2205, #3024, #1007, #3651 ),
 .UNSPECIFIED., .F., .T. ) 
 B_SPLINE_CURVE_WITH_KNOTS ( ( 3, 2, 2, 3 ),
 ( 0.4166666666666666297, 0.4259259259259258745, 0.4351851851851850639, 0.4444444444444443088 ),
 .UNSPECIFIED. ) 
 CURVE ( )  GEOMETRIC_REPRESENTATION_ITEM ( )  RATIONAL_B_SPLINE_CURVE ( ( 1.000000000000000888, 0.8660254037844379305, 1.000000000000000000, 0.8660254037844387076, 1.000000000000000000, 0.8660254037844402619, 0.9999999999999984457 ) ) 
 REPRESENTATION_ITEM ( '' )  );
#638 = CARTESIAN_POINT ( 'NONE',  ( -12.53056133816365758, 2.983764614888540390, 6.791561776428158836 ) ) ;
#639 = CARTESIAN_POINT ( 'NONE',  ( -9.038339211132404571, 6.344156923407640036, 1.923228443094826323 ) ) ;
#640 = CARTESIAN_POINT ( 'NONE',  ( -13.86648729581990480, 5.000000000000000000, 3.781926360195067893 ) ) ;
#641 = CARTESIAN_POINT ( 'NONE',  ( -11.36648729581990480, 7.688313846815280073, 3.563645109761492069 ) ) ;
#642 = CARTESIAN_POINT ( 'NONE',  ( -13.69463538050740681, 3.655843076592360852, 1.685103443094825071 ) ) ;
#643 = ORIENTED_EDGE ( 'NONE', *, *, #3446, .T. ) ;
#644 = LINE ( 'NONE', #1525, #219 ) ;
#645 = CARTESIAN_POINT ( 'NONE',  ( -11.36648729581990480, 7.886751345948129099, 2.432551360195068124 ) ) ;
#646 = FACE_OUTER_BOUND ( 'NONE', #2133, .T. ) ;
#647 = LINE ( 'NONE', #1232, #1069 ) ;
#648 = EDGE_CURVE ( 'NONE', #1568, #3640, #2591, .T. ) ;
#649 = CARTESIAN_POINT ( 'NONE',  ( -13.86648729581989592, 6.443375672974070767, 2.763280525994582071 ) ) ;
#650 = CARTESIAN_POINT ( 'NONE',  ( -13.69463538050740858, 3.655843076592360852, 6.526978443094825444 ) ) ;
#651 = CARTESIAN_POINT ( 'NONE',  ( -13.69463538050740503, 5.000000000000000000, 3.563645109761491181 ) ) ;
#652 = CARTESIAN_POINT ( 'NONE',  ( -8.866487295819908354, 3.556624327025934118, 4.866718026861735602 ) ) ;
#653 = CARTESIAN_POINT ( 'NONE',  ( -10.11648729581990835, 2.834936490538902287, 4.800572192661250348 ) ) ;
#654 = CARTESIAN_POINT ( 'NONE',  ( -11.36648729581990658, 5.000000000000000000, 7.391651446600888242 ) ) ;
#655 = CARTESIAN_POINT ( 'NONE',  ( -9.038339211132406348, 3.655843076592358631, 3.378436776428159760 ) ) ;
#656 = CARTESIAN_POINT ( 'NONE',  ( -12.53056133816365758, 2.983764614888540390, 5.839061776428158268 ) ) ;
#657 = CARTESIAN_POINT ( 'NONE',  ( -13.86648729581990658, 5.000000000000000000, 7.234738859327915605 ) ) ;
#658 = CARTESIAN_POINT ( 'NONE',  ( -13.86648729581992256, 3.556624327025945664, 6.348384693528400291 ) ) ;
#659 = CARTESIAN_POINT ( 'NONE',  ( -13.69463538050740503, 5.000000000000000000, 2.055520109761491465 ) ) ;
#660 = CARTESIAN_POINT ( 'NONE',  ( -13.69463538050740681, 5.000000000000000000, 6.818020109761492087 ) ) ;
#661 = ORIENTED_EDGE ( 'NONE', *, *, #606, .T. ) ;
#662 = CARTESIAN_POINT ( 'NONE',  ( -10.11648729581990658, 2.834936490538902287, 1.943072192661249975 ) ) ;
#663 = LOCAL_TIME ( 12, 38, 48.00000000000000000, #3480 ) ;
#664 = CARTESIAN_POINT ( 'NONE',  ( -13.86648729581990480, 6.443375672974065438, 6.930468026861732689 ) ) ;
#665 = CARTESIAN_POINT ( 'NONE',  ( -9.038339211132404571, 6.344156923407640036, 2.240728443094826439 ) ) ;
#666 = CARTESIAN_POINT ( 'NONE',  ( -13.86648729581990658, 5.000000000000000000, 7.391651446600887354 ) ) ;
#667 = CARTESIAN_POINT ( 'NONE',  ( -8.866487295819906578, 5.000000000000000000, 6.758488859327917986 ) ) ;
#668 = CARTESIAN_POINT ( 'NONE',  ( -9.038339211132406348, 3.655843076592358631, 6.315311776428159440 ) ) ;
#669 = CARTESIAN_POINT ( 'NONE',  ( -12.61648729581990658, 7.165063509461097269, 4.999009693528401854 ) ) ;
#670 = LINE ( 'NONE', #1763, #1547 ) ;
#671 = CARTESIAN_POINT ( 'NONE',  ( -13.86648729581990658, 5.000000000000000000, 7.391651446600887354 ) ) ;
#672 = CARTESIAN_POINT ( 'NONE',  ( -13.69463538050740858, 6.344156923407640924, 4.807186776428158836 ) ) ;
#673 = CARTESIAN_POINT ( 'NONE',  ( -9.038339211132406348, 5.000000000000000000, 5.309895109761492371 ) ) ;
#674 = CARTESIAN_POINT ( 'NONE',  ( -13.86648729581990835, 6.443375672974065438, 6.573280525994581680 ) ) ;
#675 = CARTESIAN_POINT ( 'NONE',  ( -13.86648729581991368, 3.556624327025941668, 2.816197192661249016 ) ) ;
#676 = CARTESIAN_POINT ( 'NONE',  ( -13.69463538050740503, 6.344156923407640036, 2.346561776428158552 ) ) ;
#677 = CARTESIAN_POINT ( 'NONE',  ( -13.69463538050740858, 3.655843076592360852, 6.526978443094825444 ) ) ;
#678 = ORIENTED_EDGE ( 'NONE', *, *, #2316, .T. ) ;
#679 = CARTESIAN_POINT ( 'NONE',  ( -10.11648729581990303, 7.165063509461097269, 2.366405525994583314 ) ) ;
#680 = CARTESIAN_POINT ( 'NONE',  ( -9.038339211132404571, 5.000000000000000000, 2.214270109761492744 ) ) ;
#681 = DIRECTION ( 'NONE',  ( 2.992521824128285357E-16, -0.000000000000000000, -1.000000000000000000 ) ) ;
#682 = CARTESIAN_POINT ( 'NONE',  ( -8.866487295819904801, 6.443375672974065438, 4.562447192661250206 ) ) ;
#683 = CARTESIAN_POINT ( 'NONE',  ( -13.69463538050740858, 6.344156923407640924, 5.521561776428158375 ) ) ;
#684 = AXIS2_PLACEMENT_3D ( 'NONE', #2748, #113, #716 ) ;
#685 = CARTESIAN_POINT ( 'NONE',  ( -11.36648729581990480, 2.113248654051870901, 3.861301360195068089 ) ) ;
#686 = CARTESIAN_POINT ( 'NONE',  ( -8.866487295819906578, 5.000000000000000000, 6.163176360195069314 ) ) ;
#687 = FACE_OUTER_BOUND ( 'NONE', #1586, .T. ) ;
#688 = AXIS2_PLACEMENT_3D ( 'NONE', #81, #2102, #3338 ) ;
#689 = CARTESIAN_POINT ( 'NONE',  ( -9.038339211132406348, 5.000000000000000000, 4.674895109761492584 ) ) ;
#690 = CARTESIAN_POINT ( 'NONE',  ( -12.53056133816365580, 7.016235385111460054, 6.368228443094825053 ) ) ;
#691 = CARTESIAN_POINT ( 'NONE',  ( -10.20241325347615557, 2.983764614888539057, 2.161353443094825799 ) ) ;
#692 = ADVANCED_FACE ( 'NONE', ( #795 ), #1306, .F. ) ;
#693 = LINE ( 'NONE', #1595, #3501 ) ;
#694 = CARTESIAN_POINT ( 'NONE',  ( -9.038339211132404571, 6.344156923407639148, 2.240728443094826439 ) ) ;
#695 = EDGE_CURVE ( 'NONE', #2540, #2038, #3658, .T. ) ;
#696 = CARTESIAN_POINT ( 'NONE',  ( -12.53056133816365580, 7.016235385111460054, 7.082603443094825479 ) ) ;
#697 = ORIENTED_EDGE ( 'NONE', *, *, #3524, .F. ) ;
#698 = CARTESIAN_POINT ( 'NONE',  ( -13.86648729581990480, 5.000000000000000000, 4.059738859327915783 ) ) ;
#699 = CARTESIAN_POINT ( 'NONE',  ( -12.61648729581990658, 7.165063509461097269, 6.904009693528401215 ) ) ;
#700 = CARTESIAN_POINT ( 'NONE',  ( -13.69463538050740503, 5.000000000000000000, 2.373020109761491359 ) ) ;
#701 = ORIENTED_EDGE ( 'NONE', *, *, #1972, .T. ) ;
#702 = CARTESIAN_POINT ( 'NONE',  ( -9.038339211132404571, 5.000000000000000000, 1.579270109761492957 ) ) ;
#703 = CARTESIAN_POINT ( 'NONE',  ( -13.86648729581987283, 6.443375672974085866, 4.707968026861733435 ) ) ;
#704 = CARTESIAN_POINT ( 'NONE',  ( -12.53056133816365758, 2.983764614888540390, 5.600936776428159014 ) ) ;
#705 = CARTESIAN_POINT ( 'NONE',  ( -13.86648729581990658, 5.000000000000000000, 4.734426360195067573 ) ) ;
#706 = CARTESIAN_POINT ( 'NONE',  ( -8.866487295819904801, 5.000000000000000000, 1.995988859327917142 ) ) ;
#707 = CARTESIAN_POINT ( 'NONE',  ( -13.69463538050740681, 5.000000000000000000, 5.786145109761491767 ) ) ;
#708 = CARTESIAN_POINT ( 'NONE',  ( -8.866487295819895920, 6.443375672974059221, 3.014634693528402298 ) ) ;
#709 = AXIS2_PLACEMENT_3D ( 'NONE', #2774, #178, #1402 ) ;
#710 = CARTESIAN_POINT ( 'NONE',  ( -10.20241325347615557, 2.983764614888539057, 3.113853443094825924 ) ) ;
#711 = LINE ( 'NONE', #1067, #1545 ) ;
#712 = CARTESIAN_POINT ( 'NONE',  ( -9.038339211132406348, 5.000000000000000000, 5.389270109761493011 ) ) ;
#713 = CARTESIAN_POINT ( 'NONE',  ( -12.53056133816365580, 2.983764614888540390, 2.981561776428158339 ) ) ;
#714 = ORIENTED_EDGE ( 'NONE', *, *, #1614, .T. ) ;
#715 = CARTESIAN_POINT ( 'NONE',  ( -10.11648729581990303, 7.165063509461097269, 3.318905525994583439 ) ) ;
#716 = DIRECTION ( 'NONE',  ( -1.000000000000000000, 0.000000000000000000, -3.469446951953613696E-16 ) ) ;
#717 = CARTESIAN_POINT ( 'NONE',  ( -12.53056133816365580, 7.016235385111460054, 5.733228443094825266 ) ) ;
#718 = CARTESIAN_POINT ( 'NONE',  ( -12.53056133816365403, 7.016235385111460054, 1.923228443094825213 ) ) ;
#719 = ADVANCED_FACE ( 'NONE', ( #3638 ), #1663, .F. ) ;
#720 = CARTESIAN_POINT ( 'NONE',  ( -13.86648729581990658, 5.000000000000000000, 5.647238859327915250 ) ) ;
#721 = ORIENTED_EDGE ( 'NONE', *, *, #432, .T. ) ;
#722 = ORIENTED_EDGE ( 'NONE', *, *, #1893, .T. ) ;
#723 = CARTESIAN_POINT ( 'NONE',  ( -13.86648729581990480, 5.000000000000000000, 3.464426360195068000 ) ) ;
#724 = FACE_OUTER_BOUND ( 'NONE', #628, .T. ) ;
#725 = EDGE_CURVE ( 'NONE', #3090, #3032, #1031, .T. ) ;
#726 = B_SPLINE_CURVE_WITH_KNOTS ( 'NONE', 3,
 ( #3086, #2210, #1377, #2253 ),
 .UNSPECIFIED., .F., .F.,
 ( 4, 4 ),
 ( 0.000000000000000000, 1.000000000000000000 ),
 .UNSPECIFIED. ) ;
#727 = EDGE_CURVE ( 'NONE', #40, #1647, #1643, .T. ) ;
#728 = CARTESIAN_POINT ( 'NONE',  ( -10.11648729581990303, 7.165063509461097269, 3.676093026861735780 ) ) ;
#729 = CARTESIAN_POINT ( 'NONE',  ( -12.53056133816365403, 7.016235385111460054, 1.605728443094825320 ) ) ;
#730 = CARTESIAN_POINT ( 'NONE',  ( -12.61648729581990835, 2.834936490538903620, 6.335155525994582426 ) ) ;
#731 = CARTESIAN_POINT ( 'NONE',  ( -13.69463538050740858, 3.655843076592360852, 4.860103443094825337 ) ) ;
#732 = CARTESIAN_POINT ( 'NONE',  ( -13.69463538050740681, 3.655843076592360852, 3.669478443094825515 ) ) ;
#733 = CARTESIAN_POINT ( 'NONE',  ( -11.36648729581990658, 5.000000000000000000, 7.391651446600888242 ) ) ;
#734 = CARTESIAN_POINT ( 'NONE',  ( -11.36648729581990658, 2.311686153184720371, 4.992395109761491589 ) ) ;
#735 = CARTESIAN_POINT ( 'NONE',  ( -12.53056133816365580, 2.983764614888540390, 2.664061776428158446 ) ) ;
#736 = EDGE_LOOP ( 'NONE', ( #2576, #2876, #1453, #3010, #2258, #1719, #1952, #2935 ) ) ;
#737 = CARTESIAN_POINT ( 'NONE',  ( -12.61648729581990658, 2.834936490538903620, 3.795155525994582835 ) ) ;
#738 = CARTESIAN_POINT ( 'NONE',  ( -8.866487295819904801, 5.000000000000000000, 3.623176360195068835 ) ) ;
#739 =( BOUNDED_CURVE ( )  B_SPLINE_CURVE ( 2, ( #2719, #86, #1276, #2434, #984, #2142, #1765 ),
 .UNSPECIFIED., .F., .F. ) 
 B_SPLINE_CURVE_WITH_KNOTS ( ( 3, 2, 2, 3 ),
 ( 0.7222222222222223209, 0.7314814814814816213, 0.7407407407407406996, 0.7500000000000000000 ),
 .UNSPECIFIED. ) 
 CURVE ( )  GEOMETRIC_REPRESENTATION_ITEM ( )  RATIONAL_B_SPLINE_CURVE ( ( 0.9999999999999984457, 0.8660254037844402619, 1.000000000000000000, 0.8660254037844387076, 1.000000000000000000, 0.8660254037844387076, 1.000000000000000000 ) ) 
 REPRESENTATION_ITEM ( '' )  );
#740 = CARTESIAN_POINT ( 'NONE',  ( -12.53056133816365758, 2.983764614888540390, 6.156561776428158161 ) ) ;
#741 = CARTESIAN_POINT ( 'NONE',  ( -12.53056133816365580, 2.983764614888540390, 2.664061776428158446 ) ) ;
#742 = CARTESIAN_POINT ( 'NONE',  ( -12.53056133816365580, 2.983764614888540390, 3.695936776428158765 ) ) ;
#743 = ORIENTED_EDGE ( 'NONE', *, *, #2047, .T. ) ;
#744 = EDGE_LOOP ( 'NONE', ( #1969, #1703, #1029, #2746 ) ) ;
#745 = CARTESIAN_POINT ( 'NONE',  ( -8.866487295819904801, 5.000000000000000000, 2.313488859327917258 ) ) ;
#746 = CYLINDRICAL_SURFACE ( 'NONE', #2368, 2.500000000000000444 ) ;
#747 = CARTESIAN_POINT ( 'NONE',  ( -13.86648729581990835, 3.556624327025936338, 6.030884693528400398 ) ) ;
#748 = CARTESIAN_POINT ( 'NONE',  ( -13.86648729581990480, 5.000000000000000000, 3.781926360195067893 ) ) ;
#749 = VECTOR ( 'NONE', #1155, 1000.000000000000000 ) ;
#750 = CARTESIAN_POINT ( 'NONE',  ( -13.86648729581990480, 5.000000000000000000, 1.559426360195067529 ) ) ;
#751 = CARTESIAN_POINT ( 'NONE',  ( -10.20241325347615557, 7.016235385111460054, 4.727811776428159973 ) ) ;
#752 = VECTOR ( 'NONE', #1556, 1000.000000000000000 ) ;
#753 = CARTESIAN_POINT ( 'NONE',  ( -9.038339211132404571, 5.000000000000000000, 3.801770109761492655 ) ) ;
#754 = CARTESIAN_POINT ( 'NONE',  ( -8.866487295819904801, 5.000000000000000000, 3.265988859327916938 ) ) ;
#755 = CARTESIAN_POINT ( 'NONE',  ( -9.038339211132406348, 6.344156923407639148, 5.098228443094826368 ) ) ;
#756 = VECTOR ( 'NONE', #3093, 1000.000000000000000 ) ;
#757 = CARTESIAN_POINT ( 'NONE',  ( -13.69463538050740681, 6.344156923407640924, 3.219686776428158037 ) ) ;
#758 = EDGE_LOOP ( 'NONE', ( #1356, #1605, #1400, #2732 ) ) ;
#759 = CARTESIAN_POINT ( 'NONE',  ( -8.866487295819904801, 6.443375672974065438, 4.244947192661250313 ) ) ;
#760 = CYLINDRICAL_SURFACE ( 'NONE', #1369, 2.500000000000000444 ) ;
#761 = CARTESIAN_POINT ( 'NONE',  ( -10.20241325347615557, 7.016235385111460054, 5.362811776428159760 ) ) ;
#762 = CARTESIAN_POINT ( 'NONE',  ( -13.69463538050740681, 6.344156923407640924, 1.632186776428158348 ) ) ;
#763 = CARTESIAN_POINT ( 'NONE',  ( -9.038339211132404571, 6.344156923407640036, 3.828228443094826350 ) ) ;
#764 = ORIENTED_EDGE ( 'NONE', *, *, #893, .F. ) ;
#765 = EDGE_LOOP ( 'NONE', ( #722, #2956, #1173, #2516 ) ) ;
#766 =( BOUNDED_CURVE ( )  B_SPLINE_CURVE ( 2, ( #104, #3668, #730, #123, #3020, #391, #412 ),
 .UNSPECIFIED., .F., .F. ) 
 B_SPLINE_CURVE_WITH_KNOTS ( ( 3, 2, 2, 3 ),
 ( 0.8055555555555555802, 0.8148148148148147696, 0.8240740740740741810, 0.8333333333333334814 ),
 .UNSPECIFIED. ) 
 CURVE ( )  GEOMETRIC_REPRESENTATION_ITEM ( )  RATIONAL_B_SPLINE_CURVE ( ( 1.000000000000000000, 0.8660254037844387076, 1.000000000000000000, 0.8660254037844387076, 1.000000000000000000, 0.8660254037844371533, 1.000000000000001554 ) ) 
 REPRESENTATION_ITEM ( '' )  );
#767 = CARTESIAN_POINT ( 'NONE',  ( -12.61648729581990480, 7.165063509461097269, 3.371822192661249051 ) ) ;
#768 = DIRECTION ( 'NONE',  ( 2.992521824128285357E-16, -0.000000000000000000, -1.000000000000000000 ) ) ;
#769 = CARTESIAN_POINT ( 'NONE',  ( -10.11648729581990480, 7.165063509461097269, 6.216093026861735815 ) ) ;
#770 = DIRECTION ( 'NONE',  ( 2.992521824128285357E-16, -0.000000000000000000, -1.000000000000000000 ) ) ;
#771 = CARTESIAN_POINT ( 'NONE',  ( -11.36648729581990658, 5.000000000000000000, 7.391651446600888242 ) ) ;
#772 = CARTESIAN_POINT ( 'NONE',  ( -12.53056133816365580, 7.016235385111460054, 6.368228443094825053 ) ) ;
#773 = CARTESIAN_POINT ( 'NONE',  ( -10.20241325347615557, 2.983764614888539057, 3.431353443094825817 ) ) ;
#774 = CARTESIAN_POINT ( 'NONE',  ( -13.86648729581990658, 5.000000000000000000, 5.329738859327914469 ) ) ;
#775 = CARTESIAN_POINT ( 'NONE',  ( -12.53056133816365580, 7.016235385111460054, 5.177603443094826119 ) ) ;
#776 = CARTESIAN_POINT ( 'NONE',  ( -13.69463538050740681, 6.344156923407640924, 3.537186776428158819 ) ) ;
#777 = CARTESIAN_POINT ( 'NONE',  ( -8.866487295819906578, 3.556624327025934118, 4.509530525994584593 ) ) ;
#778 = DIRECTION ( 'NONE',  ( -1.000000000000000000, 0.000000000000000000, -3.469446951953613696E-16 ) ) ;
#779 = CARTESIAN_POINT ( 'NONE',  ( -13.69463538050740681, 6.344156923407640036, 5.759686776428158517 ) ) ;
#780 = CARTESIAN_POINT ( 'NONE',  ( -12.53056133816365580, 2.983764614888540390, 2.029061776428158215 ) ) ;
#781 = CARTESIAN_POINT ( 'NONE',  ( -10.20241325347615380, 7.016235385111460054, 3.537186776428159707 ) ) ;
#782 = ORIENTED_EDGE ( 'NONE', *, *, #1299, .F. ) ;
#783 = ORIENTED_EDGE ( 'NONE', *, *, #2221, .T. ) ;
#784 = DIRECTION ( 'NONE',  ( -0.000000000000000000, -1.000000000000000000, -0.000000000000000000 ) ) ;
#785 = CARTESIAN_POINT ( 'NONE',  ( -10.11648729581990835, 2.834936490538902287, 6.070572192661250810 ) ) ;
#786 = CARTESIAN_POINT ( 'NONE',  ( -13.86648729581990835, 6.443375672974065438, 6.295468026861734678 ) ) ;
#787 = CARTESIAN_POINT ( 'NONE',  ( -10.11648729581990480, 7.165063509461097269, 4.311093026861735567 ) ) ;
#788 = APPROVAL_PERSON_ORGANIZATION ( #41, #2235, #2079 ) ;
#789 = CARTESIAN_POINT ( 'NONE',  ( -9.038339211132406348, 3.655843076592359520, 2.108436776428159742 ) ) ;
#790 = CARTESIAN_POINT ( 'NONE',  ( -12.61648729581990480, 7.165063509461097269, 1.506509693528401472 ) ) ;
#791 = DIRECTION ( 'NONE',  ( 0.000000000000000000, 0.000000000000000000, 1.000000000000000000 ) ) ;
#792 = CARTESIAN_POINT ( 'NONE',  ( -9.038339211132406348, 3.655843076592359520, 5.045311776428159867 ) ) ;
#793 = CARTESIAN_POINT ( 'NONE',  ( -12.53056133816365580, 2.983764614888540390, 2.346561776428158552 ) ) ;
#794 = CARTESIAN_POINT ( 'NONE',  ( -8.866487295819906578, 5.000000000000000000, 5.488488859327917524 ) ) ;
#795 = FACE_OUTER_BOUND ( 'NONE', #2692, .T. ) ;
#796 = CARTESIAN_POINT ( 'NONE',  ( -11.36648729581990658, 2.311686153184720371, 5.548020109761492513 ) ) ;
#797 = CARTESIAN_POINT ( 'NONE',  ( -8.866487295819906578, 5.000000000000000000, 7.391651446600889130 ) ) ;
#798 = CARTESIAN_POINT ( 'NONE',  ( -13.69463538050740503, 5.000000000000000000, 3.008020109761491589 ) ) ;
#799 = ORIENTED_EDGE ( 'NONE', *, *, #961, .T. ) ;
#800 = ORIENTED_EDGE ( 'NONE', *, *, #3530, .F. ) ;
#801 = CARTESIAN_POINT ( 'NONE',  ( -8.866487295819906578, 5.000000000000000000, 7.391651446600889130 ) ) ;
#802 = CARTESIAN_POINT ( 'NONE',  ( -8.866487295819904801, 5.000000000000000000, 2.630988859327916707 ) ) ;
#803 = CARTESIAN_POINT ( 'NONE',  ( -8.866487295819906578, 6.443375672974065438, 5.554634693528401002 ) ) ;
#804 = CARTESIAN_POINT ( 'NONE',  ( -8.866487295819906578, 5.000000000000000000, 7.075988859327917879 ) ) ;
#805 = CARTESIAN_POINT ( 'NONE',  ( -9.038339211132404571, 6.344156923407639148, 1.843853443094826128 ) ) ;
#806 = CARTESIAN_POINT ( 'NONE',  ( -11.36648729581990658, 7.688313846815280073, 6.659270109761491696 ) ) ;
#807 = CARTESIAN_POINT ( 'NONE',  ( -13.86648729581990658, 5.000000000000000000, 5.369426360195067360 ) ) ;
#808 = CARTESIAN_POINT ( 'NONE',  ( -12.53056133816365580, 7.016235385111460054, 7.082603443094825479 ) ) ;
#809 = CIRCLE ( 'NONE', #1729, 2.500000000000000444 ) ;
#810 = EDGE_CURVE ( 'NONE', #3641, #214, #726, .T. ) ;
#811 = CARTESIAN_POINT ( 'NONE',  ( -9.038339211132404571, 6.344156923407640036, 4.066353443094826048 ) ) ;
#812 = CARTESIAN_POINT ( 'NONE',  ( -12.61648729581990835, 2.834936490538903620, 5.700155525994582639 ) ) ;
#813 = DIRECTION ( 'NONE',  ( 2.992521824128285357E-16, -0.000000000000000000, -1.000000000000000000 ) ) ;
#814 = DIRECTION ( 'NONE',  ( -1.000000000000000000, 0.000000000000000000, -3.469446951953613696E-16 ) ) ;
#815 = ADVANCED_FACE ( 'NONE', ( #3376 ), #760, .F. ) ;
#816 = CARTESIAN_POINT ( 'NONE',  ( -9.038339211132404571, 6.344156923407640036, 3.431353443094826261 ) ) ;
#817 = CARTESIAN_POINT ( 'NONE',  ( -9.038339211132404571, 5.000000000000000000, 3.166770109761492424 ) ) ;
#818 = VERTEX_POINT ( 'NONE', #3066 ) ;
#819 = VERTEX_POINT ( 'NONE', #738 ) ;
#820 = CARTESIAN_POINT ( 'NONE',  ( -13.86648729581990658, 5.000000000000000000, 4.734426360195067573 ) ) ;
#821 = CARTESIAN_POINT ( 'NONE',  ( -11.36648729581990658, 5.000000000000000000, 7.391651446600888242 ) ) ;
#822 = CARTESIAN_POINT ( 'NONE',  ( -8.866487295819906578, 5.000000000000000000, 6.798176360195069101 ) ) ;
#823 = CARTESIAN_POINT ( 'NONE',  ( -8.866487295819906578, 5.000000000000000000, 5.488488859327917524 ) ) ;
#824 = CARTESIAN_POINT ( 'NONE',  ( -9.038339211132404571, 5.000000000000000000, 3.404895109761493011 ) ) ;
#825 = CARTESIAN_POINT ( 'NONE',  ( -12.61648729581990658, 2.834936490538903620, 1.612343026861734474 ) ) ;
#826 = EDGE_LOOP ( 'NONE', ( #1345, #426, #2522, #537 ) ) ;
#827 = CARTESIAN_POINT ( 'NONE',  ( -8.866487295819906578, 5.000000000000000000, 5.170988859327917631 ) ) ;
#828 = CARTESIAN_POINT ( 'NONE',  ( -10.20241325347615557, 7.016235385111460054, 6.712186776428159973 ) ) ;
#829 = CARTESIAN_POINT ( 'NONE',  ( -12.53056133816365580, 2.983764614888540390, 3.934061776428158907 ) ) ;
#830 = CARTESIAN_POINT ( 'NONE',  ( -13.86648729581990835, 3.556624327025936338, 5.038697192661247826 ) ) ;
#831 = CARTESIAN_POINT ( 'NONE',  ( -8.866487295819901249, 6.443375672974063662, 2.974947192661249407 ) ) ;
#832 = DIRECTION ( 'NONE',  ( 2.992521824128285357E-16, -0.000000000000000000, -1.000000000000000000 ) ) ;
#833 = CARTESIAN_POINT ( 'NONE',  ( -10.20241325347615557, 2.983764614888539057, 3.034478443094825728 ) ) ;
#834 = CARTESIAN_POINT ( 'NONE',  ( -9.038339211132406348, 6.344156923407640036, 5.415728443094827149 ) ) ;
#835 = ORIENTED_EDGE ( 'NONE', *, *, #531, .T. ) ;
#836 = VERTEX_POINT ( 'NONE', #2803 ) ;
#837 = PERSON_AND_ORGANIZATION_ROLE ( 'creator' ) ;
#838 = CARTESIAN_POINT ( 'NONE',  ( 0.000000000000000000, 10.00000000000000000, 0.000000000000000000 ) ) ;
#839 =( BOUNDED_CURVE ( )  B_SPLINE_CURVE ( 2, ( #745, #2862, #1421, #3403, #1912, #3074, #2542 ),
 .UNSPECIFIED., .F., .F. ) 
 B_SPLINE_CURVE_WITH_KNOTS ( ( 3, 2, 2, 3 ),
 ( 0.1111111111111111466, 0.1203703703703703637, 0.1296296296296295947, 0.1388888888888888118 ),
 .UNSPECIFIED. ) 
 CURVE ( )  GEOMETRIC_REPRESENTATION_ITEM ( )  RATIONAL_B_SPLINE_CURVE ( ( 0.9999999999999994449, 0.8660254037844392627, 1.000000000000000000, 0.8660254037844387076, 1.000000000000000000, 0.8660254037844399289, 0.9999999999999987788 ) ) 
 REPRESENTATION_ITEM ( '' )  );
#840 = CARTESIAN_POINT ( 'NONE',  ( -12.61648729581990658, 2.834936490538903620, 2.564843026861734376 ) ) ;
#841 = ADVANCED_FACE ( 'NONE', ( #1073 ), #2536, .F. ) ;
#842 = CARTESIAN_POINT ( 'NONE',  ( -13.86648729581992256, 6.443375672974054780, 5.620780525994581112 ) ) ;
#843 = CARTESIAN_POINT ( 'NONE',  ( -10.20241325347615557, 7.016235385111460054, 4.807186776428159725 ) ) ;
#844 = CARTESIAN_POINT ( 'NONE',  ( -12.53056133816365403, 7.016235385111460054, 2.240728443094825550 ) ) ;
#845 = EDGE_CURVE ( 'NONE', #2540, #3515, #2305, .T. ) ;
#846 = CARTESIAN_POINT ( 'NONE',  ( -11.36648729581990658, 7.688313846815280073, 6.976770109761491589 ) ) ;
#847 = LOCAL_TIME ( 12, 38, 48.00000000000000000, #1229 ) ;
#848 = CARTESIAN_POINT ( 'NONE',  ( -10.11648729581990658, 2.834936490538902287, 3.530572192661249886 ) ) ;
#849 = CARTESIAN_POINT ( 'NONE',  ( -9.038339211132406348, 6.344156923407639148, 6.368228443094826829 ) ) ;
#850 = CARTESIAN_POINT ( 'NONE',  ( -12.53056133816365580, 2.983764614888540390, 4.251561776428158801 ) ) ;
#851 = CARTESIAN_POINT ( 'NONE',  ( -13.86648729581990835, 6.443375672974065438, 4.668280525994581431 ) ) ;
#852 = CARTESIAN_POINT ( 'NONE',  ( -14.26491808083536306, 0.000000000000000000, 1.400676360195071801 ) ) ;
#853 = FACE_OUTER_BOUND ( 'NONE', #736, .T. ) ;
#854 = CARTESIAN_POINT ( 'NONE',  ( -12.53056133816365580, 7.016235385111460054, 5.495103443094826012 ) ) ;
#855 = VERTEX_POINT ( 'NONE', #3676 ) ;
#856 = ORIENTED_EDGE ( 'NONE', *, *, #1183, .F. ) ;
#857 = DATE_AND_TIME ( #3517, #2186 ) ;
#858 = CARTESIAN_POINT ( 'NONE',  ( -8.866487295819910130, 3.556624327025931009, 2.009218026861735229 ) ) ;
#859 = FACE_OUTER_BOUND ( 'NONE', #1870, .T. ) ;
#860 = FACE_OUTER_BOUND ( 'NONE', #2807, .T. ) ;
#861 = CARTESIAN_POINT ( 'NONE',  ( -12.53056133816365580, 2.983764614888540390, 4.330936776428158552 ) ) ;
#862 = CARTESIAN_POINT ( 'NONE',  ( -13.69463538050740503, 6.344156923407640036, 3.219686776428158037 ) ) ;
#863 =( BOUNDED_CURVE ( )  B_SPLINE_CURVE ( 2, ( #1042, #2453, #3386, #2776, #2141, #3097, #2160 ),
 .UNSPECIFIED., .F., .F. ) 
 B_SPLINE_CURVE_WITH_KNOTS ( ( 3, 2, 2, 3 ),
 ( 0.2500000000000000555, 0.2592592592592592449, 0.2685185185185185452, 0.2777777777777777346 ),
 .UNSPECIFIED. ) 
 CURVE ( )  GEOMETRIC_REPRESENTATION_ITEM ( )  RATIONAL_B_SPLINE_CURVE ( ( 0.9999999999999992228, 0.8660254037844394848, 1.000000000000000000, 0.8660254037844387076, 1.000000000000000000, 0.8660254037844394848, 0.9999999999999992228 ) ) 
 REPRESENTATION_ITEM ( '' )  );
#864 = EDGE_CURVE ( 'NONE', #3014, #500, #65, .T. ) ;
#865 = CARTESIAN_POINT ( 'NONE',  ( -8.866487295819906578, 3.556624327025934118, 2.644218026861735460 ) ) ;
#866 = ORIENTED_EDGE ( 'NONE', *, *, #2339, .F. ) ;
#867 = DIRECTION ( 'NONE',  ( -1.000000000000000000, 0.000000000000000000, 0.000000000000000000 ) ) ;
#868 = CARTESIAN_POINT ( 'NONE',  ( -10.20241325347615557, 7.016235385111460054, 5.759686776428159405 ) ) ;
#869 = CARTESIAN_POINT ( 'NONE',  ( -13.69463538050740681, 6.344156923407640924, 4.172186776428158161 ) ) ;
#870 = CARTESIAN_POINT ( 'NONE',  ( -10.11648729581990480, 7.165063509461097269, 6.176405525994582923 ) ) ;
#871 = CARTESIAN_POINT ( 'NONE',  ( -11.36648729581990658, 5.000000000000000000, 7.391651446600888242 ) ) ;
#872 = CARTESIAN_POINT ( 'NONE',  ( -10.20241325347615735, 2.983764614888539057, 7.161978443094826119 ) ) ;
#873 = AXIS2_PLACEMENT_3D ( 'NONE', #3255, #3613, #3216 ) ;
#874 = CARTESIAN_POINT ( 'NONE',  ( -13.69463538050740858, 3.655843076592360852, 5.256978443094825870 ) ) ;
#875 = VERTEX_POINT ( 'NONE', #3695 ) ;
#876 = ORIENTED_EDGE ( 'NONE', *, *, #405, .T. ) ;
#877 = CALENDAR_DATE ( 2026, 22, 8 ) ;
#878 = CARTESIAN_POINT ( 'NONE',  ( -8.866487295819904801, 5.000000000000000000, 1.400676360195069137 ) ) ;
#879 = FACE_OUTER_BOUND ( 'NONE', #895, .T. ) ;
#880 = CARTESIAN_POINT ( 'NONE',  ( -11.36648729581990480, 2.113248654051870901, 2.273801360195068177 ) ) ;
#881 = CARTESIAN_POINT ( 'NONE',  ( -11.36648729581990658, 2.311686153184720371, 4.674895109761491696 ) ) ;
#882 = CARTESIAN_POINT ( 'NONE',  ( -13.69463538050740681, 6.344156923407640036, 4.807186776428158836 ) ) ;
#883 = EDGE_CURVE ( 'NONE', #2824, #2886, #1, .T. ) ;
#884 = CARTESIAN_POINT ( 'NONE',  ( -10.11648729581990303, 7.165063509461097269, 3.041093026861735549 ) ) ;
#885 =( BOUNDED_SURFACE ( )  B_SPLINE_SURFACE ( 1, 2, ( 
 ( #446, #1075, #1360, #2212, #3088, #762, #1928, #1603, #3660, #1091, #1666, #2839, #3337, #1683, #3399, #1891, #718, #1948, #2555, #174, #780, #2805, #2236, #2255, #212, #1645, #2192, #1015, #3108, #468, #3050, #1397, #1966, #194, #1379, #1625, #2538, #2769, #3126, #3357, #3720, #3419, #156, #2174, #741, #1908, #3070, #2787, #1342, #925, #340, #2091, #1535, #2399, #1810, #3252, #300, #1516, #833, #3529, #1829, #636, #523, #906, #31, #2966, #2640, #2681, #2383, #1239, #616, #655, #1766, #816, #2984, #1479, #3571, #1701, #52, #947, #3755, #3145, #2111, #3213, #2070, #2271, #3271, #2292, #11, #1201, #2925, #3230, #1131, #2050, #2360, #1788, #2942, #356, #3739, #1110, #3438, #1984, #2858, #230, #324, #1417, #597, #1499, #2574, #3458, #2660, #1220, #3548, #2182, #1576, #1899, #1316, #145, #3327, #3366, #689, #3590, #751, #392, #2493, #672, #1023, #731, #2720, #2126, #1919, #2759, #1333, #3001, #3041, #3059, #2740, #1881, #2456, #3305, #87, #2473, #1557, #965, #1004, #414, #105, #3289, #3021, #2436, #3669, #1864, #3626, #1845, #375, #985, #2162, #3609, #456, #1044, #3647, #1297, #707, #3346, #433, #1593, #1277, #2143, #3079, #124, #1616, #2778, #2203, #2700, #72, #1258, #2419, #1694, #1977, #2832, #3729, #205, #1675, #1064, #772, #1710, #1121, #3468, #164, #2301, #223, #2512, #1351, #2565, #3174, #806, #1407, #3428, #3138, #2867, #1143, #2264, #479, #1635, #516, #1390, #3688, #846, #2584, #2850, #182, #3767, #1370, #1656, #2226, #2814, #2548, #3747, #2795 ),
 ( #2012, #2530, #1101, #2282, #790, #3450, #3712, #1084, #825, #1993, #3157, #535, #241, #1426, #3389, #1939, #3098, #2246, #1958, #3410, #3117, #499, #2396, #2657, #1159, #297, #612, #27, #3210, #3544, #2939, #1806, #1199, #1236, #2340, #1444, #3566, #2046, #338, #2320, #1215, #2380, #573, #3784, #944, #1785, #2963, #865, #903, #922, #594, #3523, #1476, #1181, #1745, #320, #3194, #2602, #2635, #2067, #1762, #3487, #884, #279, #1513, #3507, #8, #2027, #2903, #2619, #2357, #1460, #2108, #2678, #1496, #2922, #3227, #2088, #3248, #633, #3801, #49, #553, #1728, #2885, #261, #728, #2470, #2697, #1330, #2717, #3324, #3624, #685, #1573, #1861, #3302, #66, #2416, #3343, #2754, #2490, #1825, #141, #1879, #353, #2981, #410, #1041, #2452, #3038, #1293, #429, #1313, #2140, #121, #1256, #85, #3056, #3644, #2123, #3267, #3018, #980, #1532, #2775, #705, #3666, #2432, #1021, #1897, #652, #3587, #962, #1001, #3285, #669, #389, #2179, #1611, #1843, #2998, #371, #1590, #1553, #1274, #3604, #2736, #102, #2159, #1423, #1632, #2793, #3726, #1689, #3684, #3709, #803, #452, #1081, #161, #220, #2579, #1990, #3385, #3095, #2243, #2864, #3152, #3114, #3405, #1348, #1973, #496, #2525, #747, #1915, #2811, #2847, #2261, #2278, #1955, #769, #3363, #513, #786, #1934, #3076, #3134, #2509, #1403, #1060, #2222, #1672, #200, #475, #1118, #2544, #1653, #179, #2561, #1366, #3744, #3447, #822, #2828, #1387, #1096, #3425, #532, #1707, #238, #3764, #2200, #2900, #2671, #3241, #275, #3483 ) ),
 .UNSPECIFIED., .F., .F., .F. ) 
 B_SPLINE_SURFACE_WITH_KNOTS ( ( 2, 2 ),
 ( 3, 2, 2, 2, 2, 2, 2, 2, 2, 2, 2, 2, 2, 2, 2, 2, 2, 2, 2, 2, 2, 2, 2, 2, 2, 2, 2, 2, 2, 2, 2, 2, 2, 2, 2, 2, 2, 2, 2, 2, 2, 2, 2, 2, 2, 2, 2, 2, 2, 2, 2, 2, 2, 2, 2, 2, 2, 2, 2, 2, 2, 2, 2, 2, 2, 2, 2, 2, 2, 2, 2, 2, 2, 2, 2, 2, 2, 2, 2, 2, 2, 2, 2, 2, 2, 2, 2, 2, 2, 2, 2, 2, 2, 2, 2, 2, 2, 2, 2, 2, 2, 2, 2, 2, 2, 2, 2, 2, 2, 3 ),
 ( 0.000000000000000000, 1.000000000000000000 ),
 ( 0.000000000000000000, 0.009259259259259258745, 0.01851851851851851749, 0.02777777777777777624, 0.03703703703703703498, 0.04629629629629629373, 0.05555555555555555247, 0.06481481481481481122, 0.07407407407407406996, 0.08333333333333332871, 0.09259259259259258745, 0.1018518518518518462, 0.1111111111111111049, 0.1203703703703703637, 0.1296296296296296224, 0.1388888888888888951, 0.1481481481481481399, 0.1574074074074074125, 0.1666666666666666574, 0.1759259259259259300, 0.1851851851851851749, 0.1944444444444444475, 0.2037037037037036924, 0.2129629629629629650, 0.2222222222222222099, 0.2314814814814814825, 0.2407407407407407274, 0.2500000000000000000, 0.2592592592592592449, 0.2685185185185185452, 0.2777777777777777901, 0.2870370370370370350, 0.2962962962962962798, 0.3055555555555555802, 0.3148148148148148251, 0.3240740740740740700, 0.3333333333333333148, 0.3425925925925926152, 0.3518518518518518601, 0.3611111111111111049, 0.3703703703703703498, 0.3796296296296296502, 0.3888888888888888951, 0.3981481481481481399, 0.4074074074074073848, 0.4166666666666666852, 0.4259259259259259300, 0.4351851851851851749, 0.4444444444444444198, 0.4537037037037037202, 0.4629629629629629650, 0.4722222222222222099, 0.4814814814814814548, 0.4907407407407407551, 0.5000000000000000000, 0.5092592592592593004, 0.5185185185185184897, 0.5277777777777777901, 0.5370370370370370905, 0.5462962962962962798, 0.5555555555555555802, 0.5648148148148147696, 0.5740740740740740700, 0.5833333333333333703, 0.5925925925925925597, 0.6018518518518518601, 0.6111111111111111605, 0.6203703703703703498, 0.6296296296296296502, 0.6388888888888888395, 0.6481481481481481399, 0.6574074074074074403, 0.6666666666666666297, 0.6759259259259259300, 0.6851851851851852304, 0.6944444444444444198, 0.7037037037037037202, 0.7129629629629629095, 0.7222222222222222099, 0.7314814814814815103, 0.7407407407407406996, 0.7500000000000000000, 0.7592592592592593004, 0.7685185185185184897, 0.7777777777777777901, 0.7870370370370370905, 0.7962962962962962798, 0.8055555555555555802, 0.8148148148148147696, 0.8240740740740740700, 0.8333333333333333703, 0.8425925925925925597, 0.8518518518518518601, 0.8611111111111111605, 0.8703703703703703498, 0.8796296296296296502, 0.8888888888888888395, 0.8981481481481481399, 0.9074074074074074403, 0.9166666666666666297, 0.9259259259259259300, 0.9351851851851852304, 0.9444444444444444198, 0.9537037037037037202, 0.9629629629629629095, 0.9722222222222222099, 0.9814814814814815103, 0.9907407407407406996, 0.9973377213026630717, 1.007311098515689674 ),
 .UNSPECIFIED. ) 
 GEOMETRIC_REPRESENTATION_ITEM ( )  RATIONAL_B_SPLINE_SURFACE ( (
 ( 1.000000000000000000, 0.8660254037844387076, 1.000000000000000000, 0.8660254037844387076, 1.000000000000000000, 0.8660254037844387076, 1.000000000000000000, 0.8660254037844387076, 1.000000000000000000, 0.8660254037844387076, 1.000000000000000000, 0.8660254037844387076, 1.000000000000000000, 0.8660254037844387076, 1.000000000000000000, 0.8660254037844387076, 1.000000000000000000, 0.8660254037844387076, 1.000000000000000000, 0.8660254037844387076, 1.000000000000000000, 0.8660254037844387076, 1.000000000000000000, 0.8660254037844387076, 1.000000000000000000, 0.8660254037844387076, 1.000000000000000000, 0.8660254037844387076, 1.000000000000000000, 0.8660254037844387076, 1.000000000000000000, 0.8660254037844387076, 1.000000000000000000, 0.8660254037844387076, 1.000000000000000000, 0.8660254037844387076, 1.000000000000000000, 0.8660254037844387076, 1.000000000000000000, 0.8660254037844387076, 1.000000000000000000, 0.8660254037844387076, 1.000000000000000000, 0.8660254037844387076, 1.000000000000000000, 0.8660254037844387076, 1.000000000000000000, 0.8660254037844387076, 1.000000000000000000, 0.8660254037844387076, 1.000000000000000000, 0.8660254037844387076, 1.000000000000000000, 0.8660254037844387076, 1.000000000000000000, 0.8660254037844387076, 1.000000000000000000, 0.8660254037844387076, 1.000000000000000000, 0.8660254037844387076, 1.000000000000000000, 0.8660254037844387076, 1.000000000000000000, 0.8660254037844387076, 1.000000000000000000, 0.8660254037844387076, 1.000000000000000000, 0.8660254037844387076, 1.000000000000000000, 0.8660254037844387076, 1.000000000000000000, 0.8660254037844387076, 1.000000000000000000, 0.8660254037844387076, 1.000000000000000000, 0.8660254037844387076, 1.000000000000000000, 0.8660254037844387076, 1.000000000000000000, 0.8660254037844387076, 1.000000000000000000, 0.8660254037844387076, 1.000000000000000000, 0.8660254037844387076, 1.000000000000000000, 0.8660254037844387076, 1.000000000000000000, 0.8660254037844387076, 1.000000000000000000, 0.8660254037844387076, 1.000000000000000000, 0.8660254037844387076, 1.000000000000000000, 0.8660254037844387076, 1.000000000000000000, 0.8660254037844387076, 1.000000000000000000, 0.8660254037844387076, 1.000000000000000000, 0.8660254037844387076, 1.000000000000000000, 0.8660254037844387076, 1.000000000000000000, 0.8660254037844387076, 1.000000000000000000, 0.8660254037844387076, 1.000000000000000000, 0.8660254037844387076, 1.000000000000000000, 0.8660254037844387076, 1.000000000000000000, 0.8660254037844387076, 1.000000000000000000, 0.8660254037844387076, 1.000000000000000000, 0.8660254037844387076, 1.000000000000000000, 0.8660254037844387076, 1.000000000000000000, 0.8660254037844387076, 1.000000000000000000, 0.8660254037844387076, 1.000000000000000000, 0.8660254037844387076, 1.000000000000000000, 0.8660254037844387076, 1.000000000000000000, 0.8660254037844387076, 1.000000000000000000, 0.8660254037844387076, 1.000000000000000000, 0.8660254037844387076, 1.000000000000000000, 0.8660254037844387076, 1.000000000000000000, 0.8660254037844387076, 1.000000000000000000, 0.8660254037844387076, 1.000000000000000000, 0.8660254037844387076, 1.000000000000000000, 0.8660254037844387076, 1.000000000000000000, 0.8660254037844387076, 1.000000000000000000, 0.8660254037844387076, 1.000000000000000000, 0.8660254037844387076, 1.000000000000000000, 0.8660254037844387076, 1.000000000000000000, 0.8660254037844387076, 1.000000000000000000, 0.8660254037844387076, 1.000000000000000000, 0.8660254037844387076, 1.000000000000000000, 0.8660254037844387076, 1.000000000000000000, 0.8660254037844387076, 1.000000000000000000, 0.8660254037844387076, 1.000000000000000000, 0.8660254037844387076, 1.000000000000000000, 0.8660254037844387076, 1.000000000000000000, 0.8660254037844387076, 1.000000000000000000, 0.8660254037844387076, 1.000000000000000000, 0.8660254037844387076, 1.000000000000000000, 0.8660254037844387076, 1.000000000000000000, 0.8660254037844387076, 1.000000000000000000, 0.8660254037844387076, 1.000000000000000000, 0.8660254037844387076, 1.000000000000000000, 0.8660254037844387076, 1.000000000000000000, 0.8660254037844387076, 1.000000000000000000, 0.8660254037844387076, 1.000000000000000000, 0.8660254037844387076, 1.000000000000000000, 0.8660254037844387076, 1.000000000000000000, 0.8660254037844387076, 1.000000000000000000, 0.8660254037844387076, 1.000000000000000000, 0.8660254037844387076, 1.000000000000000000, 0.8660254037844387076, 1.000000000000000000, 0.8660254037844387076, 1.000000000000000000, 0.8660254037844387076, 1.000000000000000000, 0.8660254037844387076, 1.000000000000000000, 0.8660254037844387076, 1.000000000000000000, 0.8660254037844387076, 1.000000000000000000, 0.8660254037844387076, 1.000000000000000000, 0.8660254037844387076, 1.000000000000000000, 0.8660254037844387076, 1.000000000000000000, 0.9045465968412511604, 0.9451093106473444916, 0.9451093106473444916, 0.9451093106473444916),
 ( 1.000000000000000000, 0.8660254037844387076, 1.000000000000000000, 0.8660254037844387076, 1.000000000000000000, 0.8660254037844387076, 1.000000000000000000, 0.8660254037844387076, 1.000000000000000000, 0.8660254037844387076, 1.000000000000000000, 0.8660254037844387076, 1.000000000000000000, 0.8660254037844387076, 1.000000000000000000, 0.8660254037844387076, 1.000000000000000000, 0.8660254037844387076, 1.000000000000000000, 0.8660254037844387076, 1.000000000000000000, 0.8660254037844387076, 1.000000000000000000, 0.8660254037844387076, 1.000000000000000000, 0.8660254037844387076, 1.000000000000000000, 0.8660254037844387076, 1.000000000000000000, 0.8660254037844387076, 1.000000000000000000, 0.8660254037844387076, 1.000000000000000000, 0.8660254037844387076, 1.000000000000000000, 0.8660254037844387076, 1.000000000000000000, 0.8660254037844387076, 1.000000000000000000, 0.8660254037844387076, 1.000000000000000000, 0.8660254037844387076, 1.000000000000000000, 0.8660254037844387076, 1.000000000000000000, 0.8660254037844387076, 1.000000000000000000, 0.8660254037844387076, 1.000000000000000000, 0.8660254037844387076, 1.000000000000000000, 0.8660254037844387076, 1.000000000000000000, 0.8660254037844387076, 1.000000000000000000, 0.8660254037844387076, 1.000000000000000000, 0.8660254037844387076, 1.000000000000000000, 0.8660254037844387076, 1.000000000000000000, 0.8660254037844387076, 1.000000000000000000, 0.8660254037844387076, 1.000000000000000000, 0.8660254037844387076, 1.000000000000000000, 0.8660254037844387076, 1.000000000000000000, 0.8660254037844387076, 1.000000000000000000, 0.8660254037844387076, 1.000000000000000000, 0.8660254037844387076, 1.000000000000000000, 0.8660254037844387076, 1.000000000000000000, 0.8660254037844387076, 1.000000000000000000, 0.8660254037844387076, 1.000000000000000000, 0.8660254037844387076, 1.000000000000000000, 0.8660254037844387076, 1.000000000000000000, 0.8660254037844387076, 1.000000000000000000, 0.8660254037844387076, 1.000000000000000000, 0.8660254037844387076, 1.000000000000000000, 0.8660254037844387076, 1.000000000000000000, 0.8660254037844387076, 1.000000000000000000, 0.8660254037844387076, 1.000000000000000000, 0.8660254037844387076, 1.000000000000000000, 0.8660254037844387076, 1.000000000000000000, 0.8660254037844387076, 1.000000000000000000, 0.8660254037844387076, 1.000000000000000000, 0.8660254037844387076, 1.000000000000000000, 0.8660254037844387076, 1.000000000000000000, 0.8660254037844387076, 1.000000000000000000, 0.8660254037844387076, 1.000000000000000000, 0.8660254037844387076, 1.000000000000000000, 0.8660254037844387076, 1.000000000000000000, 0.8660254037844387076, 1.000000000000000000, 0.8660254037844387076, 1.000000000000000000, 0.8660254037844387076, 1.000000000000000000, 0.8660254037844387076, 1.000000000000000000, 0.8660254037844387076, 1.000000000000000000, 0.8660254037844387076, 1.000000000000000000, 0.8660254037844387076, 1.000000000000000000, 0.8660254037844387076, 1.000000000000000000, 0.8660254037844387076, 1.000000000000000000, 0.8660254037844387076, 1.000000000000000000, 0.8660254037844387076, 1.000000000000000000, 0.8660254037844387076, 1.000000000000000000, 0.8660254037844387076, 1.000000000000000000, 0.8660254037844387076, 1.000000000000000000, 0.8660254037844387076, 1.000000000000000000, 0.8660254037844387076, 1.000000000000000000, 0.8660254037844387076, 1.000000000000000000, 0.8660254037844387076, 1.000000000000000000, 0.8660254037844387076, 1.000000000000000000, 0.8660254037844387076, 1.000000000000000000, 0.8660254037844387076, 1.000000000000000000, 0.8660254037844387076, 1.000000000000000000, 0.8660254037844387076, 1.000000000000000000, 0.8660254037844387076, 1.000000000000000000, 0.8660254037844387076, 1.000000000000000000, 0.8660254037844387076, 1.000000000000000000, 0.8660254037844387076, 1.000000000000000000, 0.8660254037844387076, 1.000000000000000000, 0.8660254037844387076, 1.000000000000000000, 0.8660254037844387076, 1.000000000000000000, 0.8660254037844387076, 1.000000000000000000, 0.8660254037844387076, 1.000000000000000000, 0.8660254037844387076, 1.000000000000000000, 0.8660254037844387076, 1.000000000000000000, 0.8660254037844387076, 1.000000000000000000, 0.8660254037844387076, 1.000000000000000000, 0.8660254037844387076, 1.000000000000000000, 0.8660254037844387076, 1.000000000000000000, 0.8660254037844387076, 1.000000000000000000, 0.8660254037844387076, 1.000000000000000000, 0.8660254037844387076, 1.000000000000000000, 0.8660254037844387076, 1.000000000000000000, 0.8660254037844387076, 1.000000000000000000, 0.8660254037844387076, 1.000000000000000000, 0.8660254037844387076, 1.000000000000000000, 0.8660254037844387076, 1.000000000000000000, 0.8660254037844387076, 1.000000000000000000, 0.8660254037844387076, 1.000000000000000000, 0.8660254037844387076, 1.000000000000000000, 0.9045465968412511604, 0.9451093106473444916, 0.9451093106473444916, 0.9451093106473444916) ) ) 
 REPRESENTATION_ITEM ( '' )  SURFACE ( )  );
#886 = CARTESIAN_POINT ( 'NONE',  ( -11.36648729581990658, 2.113248654051870901, 4.774113859327915321 ) ) ;
#887 = CARTESIAN_POINT ( 'NONE',  ( -10.20241325347615735, 2.983764614888539057, 6.288853443094826190 ) ) ;
#888 = CARTESIAN_POINT ( 'NONE',  ( -10.20241325347615557, 2.983764614888539057, 3.986978443094825852 ) ) ;
#889 = CARTESIAN_POINT ( 'NONE',  ( -11.36648729581990658, 7.886751345948129099, 7.155363859327916742 ) ) ;
#890 = EDGE_CURVE ( 'NONE', #1685, #2231, #2767, .T. ) ;
#891 = CARTESIAN_POINT ( 'NONE',  ( -11.36648729581990480, 2.113248654051870901, 2.551613859327916511 ) ) ;
#892 = CARTESIAN_POINT ( 'NONE',  ( -13.69463538050740681, 5.000000000000000000, 7.056145109761492229 ) ) ;
#893 = EDGE_CURVE ( 'NONE', #2467, #40, #1906, .T. ) ;
#894 = CARTESIAN_POINT ( 'NONE',  ( -13.69463538050740681, 5.000000000000000000, 4.913020109761490950 ) ) ;
#895 = EDGE_LOOP ( 'NONE', ( #3167, #526, #3184, #3333 ) ) ;
#896 = VERTEX_POINT ( 'NONE', #2893 ) ;
#897 = CALENDAR_DATE ( 2026, 22, 8 ) ;
#898 = CARTESIAN_POINT ( 'NONE',  ( -10.11648729581990480, 7.165063509461097269, 4.906405525994584238 ) ) ;
#899 = VERTEX_POINT ( 'NONE', #228 ) ;
#900 = CARTESIAN_POINT ( 'NONE',  ( -11.36648729581990658, 2.113248654051870901, 7.036301360195068355 ) ) ;
#901 = CARTESIAN_POINT ( 'NONE',  ( -9.038339211132406348, 5.000000000000000000, 5.071770109761493117 ) ) ;
#902 = CARTESIAN_POINT ( 'NONE',  ( -11.36648729581990658, 7.688313846815280073, 4.436770109761493330 ) ) ;
#903 = CARTESIAN_POINT ( 'NONE',  ( -8.866487295819904801, 5.000000000000000000, 2.670676360195069154 ) ) ;
#904 = DIRECTION ( 'NONE',  ( 0.000000000000000000, 0.000000000000000000, 1.000000000000000000 ) ) ;
#905 = DIRECTION ( 'NONE',  ( -1.000000000000000000, 0.000000000000000000, 0.000000000000000000 ) ) ;
#906 = CARTESIAN_POINT ( 'NONE',  ( -11.36648729581990480, 7.688313846815280073, 3.166770109761491980 ) ) ;
#907 = CARTESIAN_POINT ( 'NONE',  ( -10.20241325347615557, 7.016235385111460054, 6.632811776428159334 ) ) ;
#908 = CARTESIAN_POINT ( 'NONE',  ( -10.11648729581990835, 2.834936490538902287, 6.705572192661249709 ) ) ;
#909 = CARTESIAN_POINT ( 'NONE',  ( -13.86648729581990658, 5.000000000000000000, 7.391651446600887354 ) ) ;
#910 = CARTESIAN_POINT ( 'NONE',  ( -13.69463538050740503, 5.000000000000000000, 2.690520109761491696 ) ) ;
#911 = CARTESIAN_POINT ( 'NONE',  ( -11.36648729581990658, 7.688313846815280073, 5.151145109761491980 ) ) ;
#912 = EDGE_LOOP ( 'NONE', ( #463, #1527, #743, #2789 ) ) ;
#913 = FACE_OUTER_BOUND ( 'NONE', #1737, .T. ) ;
#914 = CARTESIAN_POINT ( 'NONE',  ( 0.000000000000000000, 0.000000000000000000, 0.000000000000000000 ) ) ;
#915 = CARTESIAN_POINT ( 'NONE',  ( -10.11648729581990658, 2.834936490538902287, 3.252759693528401996 ) ) ;
#916 = CYLINDRICAL_SURFACE ( 'NONE', #1374, 2.500000000000000444 ) ;
#917 = VERTEX_POINT ( 'NONE', #2269 ) ;
#918 = DIRECTION ( 'NONE',  ( 2.992521824128285357E-16, -0.000000000000000000, -1.000000000000000000 ) ) ;
#919 = CARTESIAN_POINT ( 'NONE',  ( -8.866487295819906578, 5.000000000000000000, 4.575676360195068959 ) ) ;
#920 = CARTESIAN_POINT ( 'NONE',  ( -13.69463538050740681, 6.344156923407640924, 4.251561776428157913 ) ) ;
#921 = CARTESIAN_POINT ( 'NONE',  ( -13.69463538050740681, 6.344156923407640036, 4.489686776428158055 ) ) ;
#922 = CARTESIAN_POINT ( 'NONE',  ( -8.866487295819904801, 6.443375672974065438, 2.697134693528401961 ) ) ;
#923 = CARTESIAN_POINT ( 'NONE',  ( -8.866487295819904801, 5.000000000000000000, 3.623176360195068835 ) ) ;
#924 = CARTESIAN_POINT ( 'NONE',  ( -9.057995148352468107, 4.293871479842330530, 7.289630132066404755 ) ) ;
#925 = CARTESIAN_POINT ( 'NONE',  ( -9.038339211132404571, 6.344156923407640036, 2.796353443094826030 ) ) ;
#926 = CARTESIAN_POINT ( 'NONE',  ( -11.36648729581990658, 2.311686153184720371, 5.865520109761492407 ) ) ;
#927 = CARTESIAN_POINT ( 'NONE',  ( -13.86648729581990658, 5.000000000000000000, 6.282238859327915037 ) ) ;
#928 = DIRECTION ( 'NONE',  ( -0.000000000000000000, -1.000000000000000000, -0.000000000000000000 ) ) ;
#929 = CARTESIAN_POINT ( 'NONE',  ( -11.36648729581990480, 7.688313846815280073, 3.246145109761492176 ) ) ;
#930 = EDGE_CURVE ( 'NONE', #2467, #2274, #1982, .T. ) ;
#931 = CARTESIAN_POINT ( 'NONE',  ( -13.69463538050740858, 6.344156923407640924, 6.791561776428158836 ) ) ;
#932 = VERTEX_POINT ( 'NONE', #542 ) ;
#933 = CARTESIAN_POINT ( 'NONE',  ( -12.61648729581990658, 2.834936490538903620, 2.842655525994582266 ) ) ;
#934 = CARTESIAN_POINT ( 'NONE',  ( -13.86648729581990480, 6.443375672974065438, 2.167968026861734288 ) ) ;
#935 = EDGE_CURVE ( 'NONE', #2238, #836, #3435, .T. ) ;
#936 = VECTOR ( 'NONE', #3195, 1000.000000000000000 ) ;
#937 = CARTESIAN_POINT ( 'NONE',  ( -9.038339211132404571, 5.000000000000000000, 1.896770109761492851 ) ) ;
#938 = ORIENTED_EDGE ( 'NONE', *, *, #935, .T. ) ;
#939 = LINE ( 'NONE', #2104, #3193 ) ;
#940 = CARTESIAN_POINT ( 'NONE',  ( -13.86648729581990480, 3.556624327025936338, 4.125884693528401037 ) ) ;
#941 = CARTESIAN_POINT ( 'NONE',  ( -11.36648729581990658, 7.688313846815280073, 6.421145109761491554 ) ) ;
#942 = VECTOR ( 'NONE', #3321, 1000.000000000000000 ) ;
#943 = CARTESIAN_POINT ( 'NONE',  ( -11.36648729581990658, 2.311686153184720371, 4.913020109761490950 ) ) ;
#944 = CARTESIAN_POINT ( 'NONE',  ( -12.61648729581990658, 2.834936490538903620, 2.564843026861734376 ) ) ;
#945 = CARTESIAN_POINT ( 'NONE',  ( -10.11648729581990303, 7.165063509461097269, 3.676093026861735780 ) ) ;
#946 = CYLINDRICAL_SURFACE ( 'NONE', #567, 2.500000000000000444 ) ;
#947 = CARTESIAN_POINT ( 'NONE',  ( -13.69463538050740681, 3.655843076592360852, 3.590103443094824431 ) ) ;
#948 = CARTESIAN_POINT ( 'NONE',  ( -9.038339211132406348, 6.344156923407640036, 6.606353443094826083 ) ) ;
#949 = CARTESIAN_POINT ( 'NONE',  ( -13.69463538050740503, 5.000000000000000000, 2.055520109761491465 ) ) ;
#950 = DIRECTION ( 'NONE',  ( 0.6911200784254143414, 0.000000000000000000, 0.7227399512945504867 ) ) ;
#951 = CARTESIAN_POINT ( 'NONE',  ( -9.038339211132404571, 5.000000000000000000, 3.166770109761492424 ) ) ;
#952 = CARTESIAN_POINT ( 'NONE',  ( -9.038339211132404571, 6.344156923407640036, 1.843853443094826350 ) ) ;
#953 = ORIENTED_EDGE ( 'NONE', *, *, #2918, .F. ) ;
#954 = ORIENTED_EDGE ( 'NONE', *, *, #37, .F. ) ;
#955 = CARTESIAN_POINT ( 'NONE',  ( -8.866487295819906578, 6.443375672974065438, 6.824634693528403240 ) ) ;
#956 = CARTESIAN_POINT ( 'NONE',  ( -13.69463538050740681, 3.655843076592360852, 2.081978443094824716 ) ) ;
#957 = DIRECTION ( 'NONE',  ( 2.992521824128285357E-16, -0.000000000000000000, -1.000000000000000000 ) ) ;
#958 = CARTESIAN_POINT ( 'NONE',  ( -10.11648729581990480, 7.165063509461097269, 4.628593026861735460 ) ) ;
#959 = CARTESIAN_POINT ( 'NONE',  ( -11.36648729581990658, 7.688313846815280073, 7.056145109761494005 ) ) ;
#960 = CARTESIAN_POINT ( 'NONE',  ( -13.69463538050740503, 3.655843076592360852, 4.225103443094824662 ) ) ;
#961 = EDGE_CURVE ( 'NONE', #3478, #2188, #2450, .T. ) ;
#962 = CARTESIAN_POINT ( 'NONE',  ( -8.866487295819906578, 6.443375672974065438, 4.919634693528402103 ) ) ;
#963 = CARTESIAN_POINT ( 'NONE',  ( -11.36648729581990480, 7.886751345948129099, 1.797551360195068115 ) ) ;
#964 =( BOUNDED_SURFACE ( )  B_SPLINE_SURFACE ( 1, 2, ( 
 ( #1820, #366, #1231, #3639, #1604, #43, #1269, #2391, #3559, #2974, #976, #3030, #937, #2428, #2136, #1250, #1307, #3298, #3581, #956, #2153, #994, #2119, #2730, #680, #665, #384, #1838, #3319, #1567, #700, #1016, #97, #1288, #2445, #3619, #1874, #1585, #404, #2749, #3679, #1985, #1035, #524, #1398, #2539, #175, #2237, #3420, #2256, #1646, #3358, #1950, #1362, #798, #509, #2521, #213, #1967, #2193, #817, #2213, #2823, #3109, #3700, #1076, #3400, #3661, #1111, #1092, #3146, #2485, #3071, #2806, #781, #489, #2272, #1684, #1343, #1667, #742, #2556, #3439, #2840, #1909, #763, #1055, #195, #3127, #2770, #2504, #3740, #136, #1380, #157, #1325, #3721, #447, #1626, #2788, #3380, #1929, #3089, #469, #2610, #1717, #2593, #270, #1171, #3792, #2626, #2059, #3809, #3236, #305, #3514, #1190, #2019, #3218, #3775, #1452, #3535, #2349, #2293, #2329, #1752, #894, #563, #602, #288, #2930, #3496, #2369, #3476, #2575, #911, #1773, #1132, #545, #874, #1485, #2037, #2875, #3183, #2647, #834, #16, #1205, #854, #3200, #2075, #583, #1418, #1702, #2859, #231, #3756, #3459, #2001, #2310, #3165, #1736, #250, #1436, #1152, #2895, #2911, #1467, #2169, #3026, #380, #1834, #77, #1282, #93, #3276, #1226, #3596, #2990, #2441, #2148, #362, #1869, #3615, #38, #2460, #57, #677, #971, #1541, #2708, #1264, #1504, #2745, #2725, #3635, #329, #931, #660, #2424, #2131, #110, #3314, #2970, #3294, #2387, #398, #1303, #696, #3553, #2407, #1523, #1850, #990, #1010, #345, #1581 ),
 ( #2098, #621, #1795, #3257, #2947, #3576, #3009, #642, #2686, #1563, #2666, #1815, #1244, #952, #2116, #1106, #1961, #1375, #2819, #3673, #1087, #441, #3083, #1393, #1661, #130, #462, #3394, #188, #2207, #2534, #1944, #793, #168, #208, #1337, #418, #2551, #484, #2764, #2187, #1355, #3717, #1640, #735, #1048, #2251, #2478, #1679, #3415, #2498, #3121, #3735, #2230, #503, #3332, #713, #3373, #1886, #3045, #3655, #2800, #2835, #1597, #1923, #757, #3351, #1319, #2515, #1903, #1028, #3063, #3692, #1620, #2782, #150, #1070, #776, #3104, #2571, #1148, #265, #2287, #1185, #2606, #540, #3433, #2907, #1713, #283, #1463, #1448, #829, #2344, #888, #1167, #2891, #811, #3472, #3771, #2052, #869, #3141, #3751, #850, #1980, #2267, #3788, #519, #12, #1480, #1126, #3454, #1748, #2306, #2641, #1431, #1697, #2854, #3510, #2015, #2622, #301, #558, #1997, #3178, #1733, #3214, #3804, #2324, #598, #226, #2871, #1767, #2926, #3161, #1413, #3491, #2034, #245, #2587, #3197, #579, #341, #673, #1278, #393, #1577, #2661, #2985, #32, #1222, #2682, #89, #2437, #1789, #3022, #2384, #3290, #2127, #3549, #1558, #1259, #376, #656, #926, #966, #2741, #3572, #2721, #1846, #358, #3003, #2967, #3610, #1517, #986, #3591, #2144, #3231, #53, #2361, #1811, #3308, #690, #2092, #1202, #1240, #2401, #2071, #1865, #2420, #3531, #948, #907, #617, #2943, #325, #3253, #1536, #638, #2112, #3272, #1500, #1830, #2702, #73, #180, #2279, #1119, #2526, #533, #221, #3154, #3426, #1654, #3745 ) ),
 .UNSPECIFIED., .F., .F., .F. ) 
 B_SPLINE_SURFACE_WITH_KNOTS ( ( 2, 2 ),
 ( 3, 2, 2, 2, 2, 2, 2, 2, 2, 2, 2, 2, 2, 2, 2, 2, 2, 2, 2, 2, 2, 2, 2, 2, 2, 2, 2, 2, 2, 2, 2, 2, 2, 2, 2, 2, 2, 2, 2, 2, 2, 2, 2, 2, 2, 2, 2, 2, 2, 2, 2, 2, 2, 2, 2, 2, 2, 2, 2, 2, 2, 2, 2, 2, 2, 2, 2, 2, 2, 2, 2, 2, 2, 2, 2, 2, 2, 2, 2, 2, 2, 2, 2, 2, 2, 2, 2, 2, 2, 2, 2, 2, 2, 2, 2, 2, 2, 2, 2, 2, 2, 2, 2, 2, 2, 2, 2, 2, 3 ),
 ( 0.000000000000000000, 1.000000000000000000 ),
 ( 0.000000000000000000, 0.009259259259259258745, 0.01851851851851851749, 0.02777777777777777624, 0.03703703703703703498, 0.04629629629629629373, 0.05555555555555555247, 0.06481481481481481122, 0.07407407407407406996, 0.08333333333333332871, 0.09259259259259258745, 0.1018518518518518462, 0.1111111111111111049, 0.1203703703703703637, 0.1296296296296296224, 0.1388888888888888951, 0.1481481481481481399, 0.1574074074074074125, 0.1666666666666666574, 0.1759259259259259300, 0.1851851851851851749, 0.1944444444444444475, 0.2037037037037036924, 0.2129629629629629650, 0.2222222222222222099, 0.2314814814814814825, 0.2407407407407407274, 0.2500000000000000000, 0.2592592592592592449, 0.2685185185185185452, 0.2777777777777777901, 0.2870370370370370350, 0.2962962962962962798, 0.3055555555555555802, 0.3148148148148148251, 0.3240740740740740700, 0.3333333333333333148, 0.3425925925925926152, 0.3518518518518518601, 0.3611111111111111049, 0.3703703703703703498, 0.3796296296296296502, 0.3888888888888888951, 0.3981481481481481399, 0.4074074074074073848, 0.4166666666666666852, 0.4259259259259259300, 0.4351851851851851749, 0.4444444444444444198, 0.4537037037037037202, 0.4629629629629629650, 0.4722222222222222099, 0.4814814814814814548, 0.4907407407407407551, 0.5000000000000000000, 0.5092592592592593004, 0.5185185185185184897, 0.5277777777777777901, 0.5370370370370370905, 0.5462962962962962798, 0.5555555555555555802, 0.5648148148148147696, 0.5740740740740740700, 0.5833333333333333703, 0.5925925925925925597, 0.6018518518518518601, 0.6111111111111111605, 0.6203703703703703498, 0.6296296296296296502, 0.6388888888888888395, 0.6481481481481481399, 0.6574074074074074403, 0.6666666666666666297, 0.6759259259259259300, 0.6851851851851852304, 0.6944444444444444198, 0.7037037037037037202, 0.7129629629629629095, 0.7222222222222222099, 0.7314814814814815103, 0.7407407407407406996, 0.7500000000000000000, 0.7592592592592593004, 0.7685185185185184897, 0.7777777777777777901, 0.7870370370370370905, 0.7962962962962962798, 0.8055555555555555802, 0.8148148148148147696, 0.8240740740740740700, 0.8333333333333333703, 0.8425925925925925597, 0.8518518518518518601, 0.8611111111111111605, 0.8703703703703703498, 0.8796296296296296502, 0.8888888888888888395, 0.8981481481481481399, 0.9074074074074074403, 0.9166666666666666297, 0.9259259259259259300, 0.9351851851851852304, 0.9444444444444444198, 0.9537037037037037202, 0.9629629629629629095, 0.9722222222222222099, 0.9814814814814815103, 0.9907407407407406996, 0.9973377486519826585 ),
 .UNSPECIFIED. ) 
 GEOMETRIC_REPRESENTATION_ITEM ( )  RATIONAL_B_SPLINE_SURFACE ( (
 ( 1.000000000000000000, 0.8660254037844387076, 1.000000000000000000, 0.8660254037844387076, 1.000000000000000000, 0.8660254037844387076, 1.000000000000000000, 0.8660254037844387076, 1.000000000000000000, 0.8660254037844387076, 1.000000000000000000, 0.8660254037844387076, 1.000000000000000000, 0.8660254037844387076, 1.000000000000000000, 0.8660254037844387076, 1.000000000000000000, 0.8660254037844387076, 1.000000000000000000, 0.8660254037844387076, 1.000000000000000000, 0.8660254037844387076, 1.000000000000000000, 0.8660254037844387076, 1.000000000000000000, 0.8660254037844387076, 1.000000000000000000, 0.8660254037844387076, 1.000000000000000000, 0.8660254037844387076, 1.000000000000000000, 0.8660254037844387076, 1.000000000000000000, 0.8660254037844387076, 1.000000000000000000, 0.8660254037844387076, 1.000000000000000000, 0.8660254037844387076, 1.000000000000000000, 0.8660254037844387076, 1.000000000000000000, 0.8660254037844387076, 1.000000000000000000, 0.8660254037844387076, 1.000000000000000000, 0.8660254037844387076, 1.000000000000000000, 0.8660254037844387076, 1.000000000000000000, 0.8660254037844387076, 1.000000000000000000, 0.8660254037844387076, 1.000000000000000000, 0.8660254037844387076, 1.000000000000000000, 0.8660254037844387076, 1.000000000000000000, 0.8660254037844387076, 1.000000000000000000, 0.8660254037844387076, 1.000000000000000000, 0.8660254037844387076, 1.000000000000000000, 0.8660254037844387076, 1.000000000000000000, 0.8660254037844387076, 1.000000000000000000, 0.8660254037844387076, 1.000000000000000000, 0.8660254037844387076, 1.000000000000000000, 0.8660254037844387076, 1.000000000000000000, 0.8660254037844387076, 1.000000000000000000, 0.8660254037844387076, 1.000000000000000000, 0.8660254037844387076, 1.000000000000000000, 0.8660254037844387076, 1.000000000000000000, 0.8660254037844387076, 1.000000000000000000, 0.8660254037844387076, 1.000000000000000000, 0.8660254037844387076, 1.000000000000000000, 0.8660254037844387076, 1.000000000000000000, 0.8660254037844387076, 1.000000000000000000, 0.8660254037844387076, 1.000000000000000000, 0.8660254037844387076, 1.000000000000000000, 0.8660254037844387076, 1.000000000000000000, 0.8660254037844387076, 1.000000000000000000, 0.8660254037844387076, 1.000000000000000000, 0.8660254037844387076, 1.000000000000000000, 0.8660254037844387076, 1.000000000000000000, 0.8660254037844387076, 1.000000000000000000, 0.8660254037844387076, 1.000000000000000000, 0.8660254037844387076, 1.000000000000000000, 0.8660254037844387076, 1.000000000000000000, 0.8660254037844387076, 1.000000000000000000, 0.8660254037844387076, 1.000000000000000000, 0.8660254037844387076, 1.000000000000000000, 0.8660254037844387076, 1.000000000000000000, 0.8660254037844387076, 1.000000000000000000, 0.8660254037844387076, 1.000000000000000000, 0.8660254037844387076, 1.000000000000000000, 0.8660254037844387076, 1.000000000000000000, 0.8660254037844387076, 1.000000000000000000, 0.8660254037844387076, 1.000000000000000000, 0.8660254037844387076, 1.000000000000000000, 0.8660254037844387076, 1.000000000000000000, 0.8660254037844387076, 1.000000000000000000, 0.8660254037844387076, 1.000000000000000000, 0.8660254037844387076, 1.000000000000000000, 0.8660254037844387076, 1.000000000000000000, 0.8660254037844387076, 1.000000000000000000, 0.8660254037844387076, 1.000000000000000000, 0.8660254037844387076, 1.000000000000000000, 0.8660254037844387076, 1.000000000000000000, 0.8660254037844387076, 1.000000000000000000, 0.8660254037844387076, 1.000000000000000000, 0.8660254037844387076, 1.000000000000000000, 0.8660254037844387076, 1.000000000000000000, 0.8660254037844387076, 1.000000000000000000, 0.8660254037844387076, 1.000000000000000000, 0.8660254037844387076, 1.000000000000000000, 0.8660254037844387076, 1.000000000000000000, 0.8660254037844387076, 1.000000000000000000, 0.8660254037844387076, 1.000000000000000000, 0.8660254037844387076, 1.000000000000000000, 0.8660254037844387076, 1.000000000000000000, 0.8660254037844387076, 1.000000000000000000, 0.8660254037844387076, 1.000000000000000000, 0.8660254037844387076, 1.000000000000000000, 0.8660254037844387076, 1.000000000000000000, 0.8660254037844387076, 1.000000000000000000, 0.8660254037844387076, 1.000000000000000000, 0.8660254037844387076, 1.000000000000000000, 0.8660254037844387076, 1.000000000000000000, 0.8660254037844387076, 1.000000000000000000, 0.8660254037844387076, 1.000000000000000000, 0.8660254037844387076, 1.000000000000000000, 0.8660254037844387076, 1.000000000000000000, 0.8660254037844387076, 1.000000000000000000, 0.8660254037844387076, 1.000000000000000000, 0.8660254037844387076, 1.000000000000000000, 0.8660254037844387076, 1.000000000000000000, 0.8660254037844387076, 1.000000000000000000, 0.8660254037844387076, 1.000000000000000000, 0.8660254037844387076, 1.000000000000000000, 0.9045462011169338457, 0.9451096469740392081),
 ( 1.000000000000000000, 0.8660254037844387076, 1.000000000000000000, 0.8660254037844387076, 1.000000000000000000, 0.8660254037844387076, 1.000000000000000000, 0.8660254037844387076, 1.000000000000000000, 0.8660254037844387076, 1.000000000000000000, 0.8660254037844387076, 1.000000000000000000, 0.8660254037844387076, 1.000000000000000000, 0.8660254037844387076, 1.000000000000000000, 0.8660254037844387076, 1.000000000000000000, 0.8660254037844387076, 1.000000000000000000, 0.8660254037844387076, 1.000000000000000000, 0.8660254037844387076, 1.000000000000000000, 0.8660254037844387076, 1.000000000000000000, 0.8660254037844387076, 1.000000000000000000, 0.8660254037844387076, 1.000000000000000000, 0.8660254037844387076, 1.000000000000000000, 0.8660254037844387076, 1.000000000000000000, 0.8660254037844387076, 1.000000000000000000, 0.8660254037844387076, 1.000000000000000000, 0.8660254037844387076, 1.000000000000000000, 0.8660254037844387076, 1.000000000000000000, 0.8660254037844387076, 1.000000000000000000, 0.8660254037844387076, 1.000000000000000000, 0.8660254037844387076, 1.000000000000000000, 0.8660254037844387076, 1.000000000000000000, 0.8660254037844387076, 1.000000000000000000, 0.8660254037844387076, 1.000000000000000000, 0.8660254037844387076, 1.000000000000000000, 0.8660254037844387076, 1.000000000000000000, 0.8660254037844387076, 1.000000000000000000, 0.8660254037844387076, 1.000000000000000000, 0.8660254037844387076, 1.000000000000000000, 0.8660254037844387076, 1.000000000000000000, 0.8660254037844387076, 1.000000000000000000, 0.8660254037844387076, 1.000000000000000000, 0.8660254037844387076, 1.000000000000000000, 0.8660254037844387076, 1.000000000000000000, 0.8660254037844387076, 1.000000000000000000, 0.8660254037844387076, 1.000000000000000000, 0.8660254037844387076, 1.000000000000000000, 0.8660254037844387076, 1.000000000000000000, 0.8660254037844387076, 1.000000000000000000, 0.8660254037844387076, 1.000000000000000000, 0.8660254037844387076, 1.000000000000000000, 0.8660254037844387076, 1.000000000000000000, 0.8660254037844387076, 1.000000000000000000, 0.8660254037844387076, 1.000000000000000000, 0.8660254037844387076, 1.000000000000000000, 0.8660254037844387076, 1.000000000000000000, 0.8660254037844387076, 1.000000000000000000, 0.8660254037844387076, 1.000000000000000000, 0.8660254037844387076, 1.000000000000000000, 0.8660254037844387076, 1.000000000000000000, 0.8660254037844387076, 1.000000000000000000, 0.8660254037844387076, 1.000000000000000000, 0.8660254037844387076, 1.000000000000000000, 0.8660254037844387076, 1.000000000000000000, 0.8660254037844387076, 1.000000000000000000, 0.8660254037844387076, 1.000000000000000000, 0.8660254037844387076, 1.000000000000000000, 0.8660254037844387076, 1.000000000000000000, 0.8660254037844387076, 1.000000000000000000, 0.8660254037844387076, 1.000000000000000000, 0.8660254037844387076, 1.000000000000000000, 0.8660254037844387076, 1.000000000000000000, 0.8660254037844387076, 1.000000000000000000, 0.8660254037844387076, 1.000000000000000000, 0.8660254037844387076, 1.000000000000000000, 0.8660254037844387076, 1.000000000000000000, 0.8660254037844387076, 1.000000000000000000, 0.8660254037844387076, 1.000000000000000000, 0.8660254037844387076, 1.000000000000000000, 0.8660254037844387076, 1.000000000000000000, 0.8660254037844387076, 1.000000000000000000, 0.8660254037844387076, 1.000000000000000000, 0.8660254037844387076, 1.000000000000000000, 0.8660254037844387076, 1.000000000000000000, 0.8660254037844387076, 1.000000000000000000, 0.8660254037844387076, 1.000000000000000000, 0.8660254037844387076, 1.000000000000000000, 0.8660254037844387076, 1.000000000000000000, 0.8660254037844387076, 1.000000000000000000, 0.8660254037844387076, 1.000000000000000000, 0.8660254037844387076, 1.000000000000000000, 0.8660254037844387076, 1.000000000000000000, 0.8660254037844387076, 1.000000000000000000, 0.8660254037844387076, 1.000000000000000000, 0.8660254037844387076, 1.000000000000000000, 0.8660254037844387076, 1.000000000000000000, 0.8660254037844387076, 1.000000000000000000, 0.8660254037844387076, 1.000000000000000000, 0.8660254037844387076, 1.000000000000000000, 0.8660254037844387076, 1.000000000000000000, 0.8660254037844387076, 1.000000000000000000, 0.8660254037844387076, 1.000000000000000000, 0.8660254037844387076, 1.000000000000000000, 0.8660254037844387076, 1.000000000000000000, 0.8660254037844387076, 1.000000000000000000, 0.8660254037844387076, 1.000000000000000000, 0.8660254037844387076, 1.000000000000000000, 0.8660254037844387076, 1.000000000000000000, 0.8660254037844387076, 1.000000000000000000, 0.8660254037844387076, 1.000000000000000000, 0.8660254037844387076, 1.000000000000000000, 0.8660254037844387076, 1.000000000000000000, 0.8660254037844387076, 1.000000000000000000, 0.8660254037844387076, 1.000000000000000000, 0.9045462011169338457, 0.9451096469740392081) ) ) 
 REPRESENTATION_ITEM ( '' )  SURFACE ( )  );
#965 = CARTESIAN_POINT ( 'NONE',  ( -9.038339211132406348, 3.655843076592358631, 5.283436776428159121 ) ) ;
#966 = CARTESIAN_POINT ( 'NONE',  ( -10.20241325347615735, 2.983764614888539057, 5.891978443094826545 ) ) ;
#967 = CARTESIAN_POINT ( 'NONE',  ( -8.866487295819908354, 3.556624327025934118, 6.414530525994583954 ) ) ;
#968 = CARTESIAN_POINT ( 'NONE',  ( -11.36648729581990658, 5.000000000000000000, 7.391651446600888242 ) ) ;
#969 = CARTESIAN_POINT ( 'NONE',  ( -10.20241325347615380, 7.016235385111460054, 3.219686776428159369 ) ) ;
#970 = ADVANCED_FACE ( 'NONE', ( #3753 ), #3456, .F. ) ;
#971 = CARTESIAN_POINT ( 'NONE',  ( -12.53056133816365758, 2.983764614888540390, 6.553436776428158694 ) ) ;
#972 = EDGE_LOOP ( 'NONE', ( #3441, #2931 ) ) ;
#973 = CARTESIAN_POINT ( 'NONE',  ( -8.866487295819904801, 6.443375672974065438, 2.339947192661250508 ) ) ;
#974 = APPROVAL_PERSON_ORGANIZATION ( #1455, #1555, #3499 ) ;
#975 = FACE_BOUND ( 'NONE', #177, .T. ) ;
#976 = CARTESIAN_POINT ( 'NONE',  ( -10.20241325347615557, 2.983764614888539057, 1.843853443094825906 ) ) ;
#977 = FACE_OUTER_BOUND ( 'NONE', #2577, .T. ) ;
#978 = CARTESIAN_POINT ( 'NONE',  ( -13.69463538050740681, 5.000000000000000000, 5.548020109761491625 ) ) ;
#979 = EDGE_CURVE ( 'NONE', #214, #1289, #2952, .T. ) ;
#980 = CARTESIAN_POINT ( 'NONE',  ( -11.36648729581990658, 7.886751345948129099, 4.655051360195068710 ) ) ;
#981 = B_SPLINE_CURVE_WITH_KNOTS ( 'NONE', 1,
 ( #702, #1876 ),
 .UNSPECIFIED., .F., .F.,
 ( 2, 2 ),
 ( 0.000000000000000000, 1.000000000000000000 ),
 .UNSPECIFIED. ) ;
#982 = CARTESIAN_POINT ( 'NONE',  ( -10.11648729581990835, 2.834936490538902287, 7.340572192661249495 ) ) ;
#983 = EDGE_CURVE ( 'NONE', #2195, #818, #3080, .T. ) ;
#984 = CARTESIAN_POINT ( 'NONE',  ( -12.61648729581990658, 7.165063509461097269, 5.911822192661249531 ) ) ;
#985 = CARTESIAN_POINT ( 'NONE',  ( -9.038339211132406348, 3.655843076592358631, 5.600936776428159014 ) ) ;
#986 = CARTESIAN_POINT ( 'NONE',  ( -12.53056133816365758, 2.983764614888540390, 6.156561776428158161 ) ) ;
#987 = CARTESIAN_POINT ( 'NONE',  ( -9.038339211132404571, 5.000000000000000000, 3.484270109761492762 ) ) ;
#988 = CARTESIAN_POINT ( 'NONE',  ( -8.866487295819910130, 3.556624327025931009, 2.922030525994584682 ) ) ;
#989 = CARTESIAN_POINT ( 'NONE',  ( -10.20241325347615380, 7.016235385111460054, 3.537186776428159707 ) ) ;
#990 = CARTESIAN_POINT ( 'NONE',  ( -11.36648729581990658, 2.311686153184720371, 7.214895109761491732 ) ) ;
#991 = VERTEX_POINT ( 'NONE', #2347 ) ;
#992 = CARTESIAN_POINT ( 'NONE',  ( -10.11648729581990303, 7.165063509461097269, 3.636405525994583332 ) ) ;
#993 = CARTESIAN_POINT ( 'NONE',  ( -8.866487295819904801, 5.000000000000000000, 2.035676360195068924 ) ) ;
#994 = CARTESIAN_POINT ( 'NONE',  ( -11.36648729581990480, 2.311686153184720371, 2.134895109761492549 ) ) ;
#995 = ORIENTED_EDGE ( 'NONE', *, *, #403, .T. ) ;
#996 = CARTESIAN_POINT ( 'NONE',  ( -13.86648729581990480, 5.000000000000000000, 2.829426360195067769 ) ) ;
#997 = CARTESIAN_POINT ( 'NONE',  ( -8.866487295819887038, 6.443375672974054780, 4.602134693528401321 ) ) ;
#998 = CARTESIAN_POINT ( 'NONE',  ( -9.038339211132406348, 6.344156923407640036, 6.368228443094825941 ) ) ;
#999 = VECTOR ( 'NONE', #2463, 1000.000000000000000 ) ;
#1000 = AXIS2_PLACEMENT_3D ( 'NONE', #3164, #1466, #3436 ) ;
#1001 = CARTESIAN_POINT ( 'NONE',  ( -10.11648729581990480, 7.165063509461097269, 4.946093026861735353 ) ) ;
#1002 = CARTESIAN_POINT ( 'NONE',  ( -8.866487295819906578, 6.443375672974065438, 5.237134693528401996 ) ) ;
#1003 = CARTESIAN_POINT ( 'NONE',  ( -8.866487295819887038, 6.443375672974054780, 6.189634693528401677 ) ) ;
#1004 = CARTESIAN_POINT ( 'NONE',  ( -9.038339211132406348, 5.000000000000000000, 5.309895109761492371 ) ) ;
#1005 = CARTESIAN_POINT ( 'NONE',  ( -13.86648729581990658, 5.000000000000000000, 6.956926360195067716 ) ) ;
#1006 = CARTESIAN_POINT ( 'NONE',  ( -13.69463538050740681, 3.655843076592360852, 3.034478443094824396 ) ) ;
#1007 = CARTESIAN_POINT ( 'NONE',  ( -8.866487295819924341, 3.556624327025924348, 3.914218026861735478 ) ) ;
#1008 = CARTESIAN_POINT ( 'NONE',  ( -12.53056133816365758, 2.983764614888540390, 4.965936776428158339 ) ) ;
#1009 = EDGE_CURVE ( 'NONE', #17, #1454, #2690, .T. ) ;
#1010 = CARTESIAN_POINT ( 'NONE',  ( -10.20241325347615735, 2.983764614888539057, 7.241353443094825870 ) ) ;
#1011 = ORIENTED_EDGE ( 'NONE', *, *, #322, .T. ) ;
#1012 = CARTESIAN_POINT ( 'NONE',  ( -10.11648729581990658, 2.834936490538902287, 4.165572192661249673 ) ) ;
#1013 = CARTESIAN_POINT ( 'NONE',  ( 0.000000000000000000, 0.000000000000000000, 0.000000000000000000 ) ) ;
#1014 = ADVANCED_FACE ( 'NONE', ( #3163 ), #2589, .F. ) ;
#1015 = CARTESIAN_POINT ( 'NONE',  ( -11.36648729581990480, 7.688313846815280073, 2.214270109761492300 ) ) ;
#1016 = CARTESIAN_POINT ( 'NONE',  ( -13.69463538050740681, 3.655843076592360852, 2.399478443094825053 ) ) ;
#1017 = ORIENTED_EDGE ( 'NONE', *, *, #2731, .T. ) ;
#1018 = ORIENTED_EDGE ( 'NONE', *, *, #1690, .F. ) ;
#1019 = CARTESIAN_POINT ( 'NONE',  ( -13.86648729581990658, 5.000000000000000000, 4.694738859327915570 ) ) ;
#1020 = CARTESIAN_POINT ( 'NONE',  ( -11.36648729581990658, 5.000000000000000000, 7.391651446600888242 ) ) ;
#1021 = CARTESIAN_POINT ( 'NONE',  ( -11.36648729581990658, 2.113248654051870901, 4.813801360195068213 ) ) ;
#1022 = CARTESIAN_POINT ( 'NONE',  ( -13.69463538050740503, 5.000000000000000000, 1.658645109761491598 ) ) ;
#1023 = CARTESIAN_POINT ( 'NONE',  ( -13.69463538050740681, 5.000000000000000000, 4.833645109761492087 ) ) ;
#1024 = VECTOR ( 'NONE', #2810, 1000.000000000000000 ) ;
#1025 = CARTESIAN_POINT ( 'NONE',  ( -13.69463538050740503, 5.000000000000000000, 3.325520109761491927 ) ) ;
#1026 = CARTESIAN_POINT ( 'NONE',  ( -12.61648729581990835, 2.834936490538903620, 5.382655525994582746 ) ) ;
#1027 = CARTESIAN_POINT ( 'NONE',  ( -9.038339211132406348, 6.344156923407639148, 4.780728443094826474 ) ) ;
#1028 = CARTESIAN_POINT ( 'NONE',  ( -10.20241325347615557, 2.983764614888539057, 3.351978443094825622 ) ) ;
#1029 = ORIENTED_EDGE ( 'NONE', *, *, #2916, .F. ) ;
#1030 = CARTESIAN_POINT ( 'NONE',  ( -10.11648729581990303, 7.165063509461097269, 3.001405525994583545 ) ) ;
#1031 = LINE ( 'NONE', #3123, #3306 ) ;
#1032 = CARTESIAN_POINT ( 'NONE',  ( -13.69463538050740681, 6.344156923407640036, 6.077186776428158410 ) ) ;
#1033 = CARTESIAN_POINT ( 'NONE',  ( -8.866487295819904801, 5.000000000000000000, 3.623176360195068835 ) ) ;
#1034 = APPROVAL_PERSON_ORGANIZATION ( #2950, #184, #548 ) ;
#1035 = CARTESIAN_POINT ( 'NONE',  ( -13.69463538050740503, 5.000000000000000000, 2.690520109761491696 ) ) ;
#1036 = ORIENTED_EDGE ( 'NONE', *, *, #3287, .F. ) ;
#1037 = ORIENTED_EDGE ( 'NONE', *, *, #2731, .F. ) ;
#1038 =( BOUNDED_SURFACE ( )  B_SPLINE_SURFACE ( 1, 2, ( 
 ( #2710, #1228, #3238, #3278, #2688, #1543, #1565, #382, #623, #3598, #662, #1797, #1836, #2992, #59, #364, #2649, #307, #1246, #3296, #79, #2371, #2061, #1266, #2949, #973, #679, #1852, #1506, #3011, #1775, #2727, #95, #3259, #1284, #2443, #3220, #1207, #604, #3555, #1487, #18, #2668, #2389, #933, #2100, #2500, #1072, #2189, #3334, #1030, #2802, #2784, #2820, #400, #3047, #3085, #132, #2171, #2480, #1321, #2150, #715, #3657, #1945, #112, #1642, #3353, #1376, #189, #3617, #1888, #2209, #3675, #992, #1050, #1583, #1339, #152, #1357, #737, #3316, #3065, #2517, #170, #1305, #2747, #2462, #420, #1905, #698, #3694, #3637, #443, #1012, #3375, #1871, #759, #3105, #1599, #1622, #1925, #464, #2766, #2232, #3028, #3396, #777, #485, #1662, #2016, #504, #2288, #851, #3736, #2588, #1088, #1394, #3455, #2535, #246, #3789, #541, #1698, #2607, #3142, #1981, #830, #3416, #284, #3434, #3122, #227, #520, #2252, #1998, #2908, #1680, #1127, #2836, #1449, #3179, #2552, #1168, #794, #1432, #1107, #1149, #1962, #2307, #209, #2268, #812, #3772, #2855, #1414, #3473, #2892, #3162, #2325, #559, #3492, #266, #2572, #3752, #580, #1714, #3718, #2872, #1734, #870, #2035, #3198, #1749, #927, #2986, #1186, #54, #342, #967, #74, #3254, #2128, #3511, #3291, #674, #1831, #2093, #3532, #359, #908, #2345, #2662, #2623, #3573, #3805, #1223, #2421, #2703, #1260, #599, #3592, #1537, #3004, #13, #1203, #1847, #889, #326, #1464, #657, #2072, #2053, #3232, #1790, #1501, #1768 ),
 ( #3215, #2927, #618, #2944, #302, #1481, #2642, #2385, #2362, #2968, #33, #1518, #3550, #639, #1812, #2402, #2683, #1241, #949, #2113, #3273, #436, #691, #3329, #3670, #2145, #127, #2494, #1578, #1617, #2722, #3023, #2458, #1920, #3631, #1279, #1594, #1559, #1045, #90, #1317, #1352, #1636, #165, #3309, #2513, #3081, #1941, #2742, #107, #459, #2438, #3042, #2796, #3368, #1006, #1066, #2165, #710, #415, #1866, #3390, #2761, #2474, #2227, #3649, #1025, #3612, #3689, #2183, #773, #1883, #987, #1300, #395, #377, #3348, #2779, #146, #732, #1900, #3060, #1334, #2204, #753, #1197, #2355, #480, #2901, #3099, #295, #3208, #2632, #2655, #2617, #1442, #1157, #571, #3713, #2937, #183, #920, #259, #1140, #861, #2600, #2816, #3799, #3542, #2299, #1743, #3466, #2065, #4, #2010, #610, #1371, #881, #1724, #1760, #1657, #2920, #843, #3172, #2881, #590, #2531, #551, #1474, #3521, #1458, #1783, #901, #3225, #316, #3782, #2318, #1213, #3485, #2025, #3190, #277, #1179, #1493, #25, #2378, #2337, #3504, #2044, #683, #978, #1589, #704, #84, #2753, #336, #118, #1311, #2449, #1552, #2139, #1570, #2469, #2715, #351, #63, #3283, #2675, #1878, #2960, #3643, #2977, #47, #3584, #1530, #1803, #1273, #2086, #1234, #668, #2394, #998, #2735, #941, #3323, #1511, #3603, #650, #1859, #631, #3017, #3563, #2106, #1823, #3301, #3264, #2695, #388, #3623, #369, #3034, #100, #2157, #409, #1254, #2414, #3245, #959, #2122, #1842, #2997, #2431, #1292, #2260, #1688, #473, #2543 ) ),
 .UNSPECIFIED., .F., .F., .T. ) 
 B_SPLINE_SURFACE_WITH_KNOTS ( ( 2, 2 ),
 ( 3, 2, 2, 2, 2, 2, 2, 2, 2, 2, 2, 2, 2, 2, 2, 2, 2, 2, 2, 2, 2, 2, 2, 2, 2, 2, 2, 2, 2, 2, 2, 2, 2, 2, 2, 2, 2, 2, 2, 2, 2, 2, 2, 2, 2, 2, 2, 2, 2, 2, 2, 2, 2, 2, 2, 2, 2, 2, 2, 2, 2, 2, 2, 2, 2, 2, 2, 2, 2, 2, 2, 2, 2, 2, 2, 2, 2, 2, 2, 2, 2, 2, 2, 2, 2, 2, 2, 2, 2, 2, 2, 2, 2, 2, 2, 2, 2, 2, 2, 2, 2, 2, 2, 2, 2, 2, 2, 2, 3 ),
 ( 0.000000000000000000, 1.000000000000000000 ),
 ( 0.000000000000000000, 0.009259259259259258745, 0.01851851851851851749, 0.02777777777777777624, 0.03703703703703703498, 0.04629629629629629373, 0.05555555555555555247, 0.06481481481481481122, 0.07407407407407406996, 0.08333333333333332871, 0.09259259259259258745, 0.1018518518518518462, 0.1111111111111111049, 0.1203703703703703637, 0.1296296296296296224, 0.1388888888888888951, 0.1481481481481481399, 0.1574074074074074125, 0.1666666666666666574, 0.1759259259259259300, 0.1851851851851851749, 0.1944444444444444475, 0.2037037037037036924, 0.2129629629629629650, 0.2222222222222222099, 0.2314814814814814825, 0.2407407407407407274, 0.2500000000000000000, 0.2592592592592592449, 0.2685185185185185452, 0.2777777777777777901, 0.2870370370370370350, 0.2962962962962962798, 0.3055555555555555802, 0.3148148148148148251, 0.3240740740740740700, 0.3333333333333333148, 0.3425925925925926152, 0.3518518518518518601, 0.3611111111111111049, 0.3703703703703703498, 0.3796296296296296502, 0.3888888888888888951, 0.3981481481481481399, 0.4074074074074073848, 0.4166666666666666852, 0.4259259259259259300, 0.4351851851851851749, 0.4444444444444444198, 0.4537037037037037202, 0.4629629629629629650, 0.4722222222222222099, 0.4814814814814814548, 0.4907407407407407551, 0.5000000000000000000, 0.5092592592592593004, 0.5185185185185184897, 0.5277777777777777901, 0.5370370370370370905, 0.5462962962962962798, 0.5555555555555555802, 0.5648148148148147696, 0.5740740740740740700, 0.5833333333333333703, 0.5925925925925925597, 0.6018518518518518601, 0.6111111111111111605, 0.6203703703703703498, 0.6296296296296296502, 0.6388888888888888395, 0.6481481481481481399, 0.6574074074074074403, 0.6666666666666666297, 0.6759259259259259300, 0.6851851851851852304, 0.6944444444444444198, 0.7037037037037037202, 0.7129629629629629095, 0.7222222222222222099, 0.7314814814814815103, 0.7407407407407406996, 0.7500000000000000000, 0.7592592592592593004, 0.7685185185185184897, 0.7777777777777777901, 0.7870370370370370905, 0.7962962962962962798, 0.8055555555555555802, 0.8148148148148147696, 0.8240740740740740700, 0.8333333333333333703, 0.8425925925925925597, 0.8518518518518518601, 0.8611111111111111605, 0.8703703703703703498, 0.8796296296296296502, 0.8888888888888888395, 0.8981481481481481399, 0.9074074074074074403, 0.9166666666666666297, 0.9259259259259259300, 0.9351851851851852304, 0.9444444444444444198, 0.9537037037037037202, 0.9629629629629629095, 0.9722222222222222099, 0.9814814814814815103, 0.9907407407407406996, 0.9973377249285687585 ),
 .UNSPECIFIED. ) 
 GEOMETRIC_REPRESENTATION_ITEM ( )  RATIONAL_B_SPLINE_SURFACE ( (
 ( 1.000000000000000000, 0.8660254037844387076, 1.000000000000000000, 0.8660254037844387076, 1.000000000000000000, 0.8660254037844387076, 1.000000000000000000, 0.8660254037844387076, 1.000000000000000000, 0.8660254037844387076, 1.000000000000000000, 0.8660254037844387076, 1.000000000000000000, 0.8660254037844387076, 1.000000000000000000, 0.8660254037844387076, 1.000000000000000000, 0.8660254037844387076, 1.000000000000000000, 0.8660254037844387076, 1.000000000000000000, 0.8660254037844387076, 1.000000000000000000, 0.8660254037844387076, 1.000000000000000000, 0.8660254037844387076, 1.000000000000000000, 0.8660254037844387076, 1.000000000000000000, 0.8660254037844387076, 1.000000000000000000, 0.8660254037844387076, 1.000000000000000000, 0.8660254037844387076, 1.000000000000000000, 0.8660254037844387076, 1.000000000000000000, 0.8660254037844387076, 1.000000000000000000, 0.8660254037844387076, 1.000000000000000000, 0.8660254037844387076, 1.000000000000000000, 0.8660254037844387076, 1.000000000000000000, 0.8660254037844387076, 1.000000000000000000, 0.8660254037844387076, 1.000000000000000000, 0.8660254037844387076, 1.000000000000000000, 0.8660254037844387076, 1.000000000000000000, 0.8660254037844387076, 1.000000000000000000, 0.8660254037844387076, 1.000000000000000000, 0.8660254037844387076, 1.000000000000000000, 0.8660254037844387076, 1.000000000000000000, 0.8660254037844387076, 1.000000000000000000, 0.8660254037844387076, 1.000000000000000000, 0.8660254037844387076, 1.000000000000000000, 0.8660254037844387076, 1.000000000000000000, 0.8660254037844387076, 1.000000000000000000, 0.8660254037844387076, 1.000000000000000000, 0.8660254037844387076, 1.000000000000000000, 0.8660254037844387076, 1.000000000000000000, 0.8660254037844387076, 1.000000000000000000, 0.8660254037844387076, 1.000000000000000000, 0.8660254037844387076, 1.000000000000000000, 0.8660254037844387076, 1.000000000000000000, 0.8660254037844387076, 1.000000000000000000, 0.8660254037844387076, 1.000000000000000000, 0.8660254037844387076, 1.000000000000000000, 0.8660254037844387076, 1.000000000000000000, 0.8660254037844387076, 1.000000000000000000, 0.8660254037844387076, 1.000000000000000000, 0.8660254037844387076, 1.000000000000000000, 0.8660254037844387076, 1.000000000000000000, 0.8660254037844387076, 1.000000000000000000, 0.8660254037844387076, 1.000000000000000000, 0.8660254037844387076, 1.000000000000000000, 0.8660254037844387076, 1.000000000000000000, 0.8660254037844387076, 1.000000000000000000, 0.8660254037844387076, 1.000000000000000000, 0.8660254037844387076, 1.000000000000000000, 0.8660254037844387076, 1.000000000000000000, 0.8660254037844387076, 1.000000000000000000, 0.8660254037844387076, 1.000000000000000000, 0.8660254037844387076, 1.000000000000000000, 0.8660254037844387076, 1.000000000000000000, 0.8660254037844387076, 1.000000000000000000, 0.8660254037844387076, 1.000000000000000000, 0.8660254037844387076, 1.000000000000000000, 0.8660254037844387076, 1.000000000000000000, 0.8660254037844387076, 1.000000000000000000, 0.8660254037844387076, 1.000000000000000000, 0.8660254037844387076, 1.000000000000000000, 0.8660254037844387076, 1.000000000000000000, 0.8660254037844387076, 1.000000000000000000, 0.8660254037844387076, 1.000000000000000000, 0.8660254037844387076, 1.000000000000000000, 0.8660254037844387076, 1.000000000000000000, 0.8660254037844387076, 1.000000000000000000, 0.8660254037844387076, 1.000000000000000000, 0.8660254037844387076, 1.000000000000000000, 0.8660254037844387076, 1.000000000000000000, 0.8660254037844387076, 1.000000000000000000, 0.8660254037844387076, 1.000000000000000000, 0.8660254037844387076, 1.000000000000000000, 0.8660254037844387076, 1.000000000000000000, 0.8660254037844387076, 1.000000000000000000, 0.8660254037844387076, 1.000000000000000000, 0.8660254037844387076, 1.000000000000000000, 0.8660254037844387076, 1.000000000000000000, 0.8660254037844387076, 1.000000000000000000, 0.8660254037844387076, 1.000000000000000000, 0.8660254037844387076, 1.000000000000000000, 0.8660254037844387076, 1.000000000000000000, 0.8660254037844387076, 1.000000000000000000, 0.8660254037844387076, 1.000000000000000000, 0.8660254037844387076, 1.000000000000000000, 0.8660254037844387076, 1.000000000000000000, 0.8660254037844387076, 1.000000000000000000, 0.8660254037844387076, 1.000000000000000000, 0.8660254037844387076, 1.000000000000000000, 0.8660254037844387076, 1.000000000000000000, 0.8660254037844387076, 1.000000000000000000, 0.8660254037844387076, 1.000000000000000000, 0.8660254037844387076, 1.000000000000000000, 0.8660254037844387076, 1.000000000000000000, 0.8660254037844387076, 1.000000000000000000, 0.8660254037844387076, 1.000000000000000000, 0.8660254037844387076, 1.000000000000000000, 0.8660254037844387076, 1.000000000000000000, 0.8660254037844387076, 1.000000000000000000, 0.9045465443770921432, 0.9451093552364437933),
 ( 1.000000000000000000, 0.8660254037844387076, 1.000000000000000000, 0.8660254037844387076, 1.000000000000000000, 0.8660254037844387076, 1.000000000000000000, 0.8660254037844387076, 1.000000000000000000, 0.8660254037844387076, 1.000000000000000000, 0.8660254037844387076, 1.000000000000000000, 0.8660254037844387076, 1.000000000000000000, 0.8660254037844387076, 1.000000000000000000, 0.8660254037844387076, 1.000000000000000000, 0.8660254037844387076, 1.000000000000000000, 0.8660254037844387076, 1.000000000000000000, 0.8660254037844387076, 1.000000000000000000, 0.8660254037844387076, 1.000000000000000000, 0.8660254037844387076, 1.000000000000000000, 0.8660254037844387076, 1.000000000000000000, 0.8660254037844387076, 1.000000000000000000, 0.8660254037844387076, 1.000000000000000000, 0.8660254037844387076, 1.000000000000000000, 0.8660254037844387076, 1.000000000000000000, 0.8660254037844387076, 1.000000000000000000, 0.8660254037844387076, 1.000000000000000000, 0.8660254037844387076, 1.000000000000000000, 0.8660254037844387076, 1.000000000000000000, 0.8660254037844387076, 1.000000000000000000, 0.8660254037844387076, 1.000000000000000000, 0.8660254037844387076, 1.000000000000000000, 0.8660254037844387076, 1.000000000000000000, 0.8660254037844387076, 1.000000000000000000, 0.8660254037844387076, 1.000000000000000000, 0.8660254037844387076, 1.000000000000000000, 0.8660254037844387076, 1.000000000000000000, 0.8660254037844387076, 1.000000000000000000, 0.8660254037844387076, 1.000000000000000000, 0.8660254037844387076, 1.000000000000000000, 0.8660254037844387076, 1.000000000000000000, 0.8660254037844387076, 1.000000000000000000, 0.8660254037844387076, 1.000000000000000000, 0.8660254037844387076, 1.000000000000000000, 0.8660254037844387076, 1.000000000000000000, 0.8660254037844387076, 1.000000000000000000, 0.8660254037844387076, 1.000000000000000000, 0.8660254037844387076, 1.000000000000000000, 0.8660254037844387076, 1.000000000000000000, 0.8660254037844387076, 1.000000000000000000, 0.8660254037844387076, 1.000000000000000000, 0.8660254037844387076, 1.000000000000000000, 0.8660254037844387076, 1.000000000000000000, 0.8660254037844387076, 1.000000000000000000, 0.8660254037844387076, 1.000000000000000000, 0.8660254037844387076, 1.000000000000000000, 0.8660254037844387076, 1.000000000000000000, 0.8660254037844387076, 1.000000000000000000, 0.8660254037844387076, 1.000000000000000000, 0.8660254037844387076, 1.000000000000000000, 0.8660254037844387076, 1.000000000000000000, 0.8660254037844387076, 1.000000000000000000, 0.8660254037844387076, 1.000000000000000000, 0.8660254037844387076, 1.000000000000000000, 0.8660254037844387076, 1.000000000000000000, 0.8660254037844387076, 1.000000000000000000, 0.8660254037844387076, 1.000000000000000000, 0.8660254037844387076, 1.000000000000000000, 0.8660254037844387076, 1.000000000000000000, 0.8660254037844387076, 1.000000000000000000, 0.8660254037844387076, 1.000000000000000000, 0.8660254037844387076, 1.000000000000000000, 0.8660254037844387076, 1.000000000000000000, 0.8660254037844387076, 1.000000000000000000, 0.8660254037844387076, 1.000000000000000000, 0.8660254037844387076, 1.000000000000000000, 0.8660254037844387076, 1.000000000000000000, 0.8660254037844387076, 1.000000000000000000, 0.8660254037844387076, 1.000000000000000000, 0.8660254037844387076, 1.000000000000000000, 0.8660254037844387076, 1.000000000000000000, 0.8660254037844387076, 1.000000000000000000, 0.8660254037844387076, 1.000000000000000000, 0.8660254037844387076, 1.000000000000000000, 0.8660254037844387076, 1.000000000000000000, 0.8660254037844387076, 1.000000000000000000, 0.8660254037844387076, 1.000000000000000000, 0.8660254037844387076, 1.000000000000000000, 0.8660254037844387076, 1.000000000000000000, 0.8660254037844387076, 1.000000000000000000, 0.8660254037844387076, 1.000000000000000000, 0.8660254037844387076, 1.000000000000000000, 0.8660254037844387076, 1.000000000000000000, 0.8660254037844387076, 1.000000000000000000, 0.8660254037844387076, 1.000000000000000000, 0.8660254037844387076, 1.000000000000000000, 0.8660254037844387076, 1.000000000000000000, 0.8660254037844387076, 1.000000000000000000, 0.8660254037844387076, 1.000000000000000000, 0.8660254037844387076, 1.000000000000000000, 0.8660254037844387076, 1.000000000000000000, 0.8660254037844387076, 1.000000000000000000, 0.8660254037844387076, 1.000000000000000000, 0.8660254037844387076, 1.000000000000000000, 0.8660254037844387076, 1.000000000000000000, 0.8660254037844387076, 1.000000000000000000, 0.8660254037844387076, 1.000000000000000000, 0.8660254037844387076, 1.000000000000000000, 0.8660254037844387076, 1.000000000000000000, 0.8660254037844387076, 1.000000000000000000, 0.8660254037844387076, 1.000000000000000000, 0.8660254037844387076, 1.000000000000000000, 0.8660254037844387076, 1.000000000000000000, 0.9045465443770921432, 0.9451093552364437933) ) ) 
 REPRESENTATION_ITEM ( '' )  SURFACE ( )  );
#1039 = CARTESIAN_POINT ( 'NONE',  ( -11.36648729581990658, 5.000000000000000000, 7.391651446600888242 ) ) ;
#1040 = LINE ( 'NONE', #1080, #2849 ) ;
#1041 = CARTESIAN_POINT ( 'NONE',  ( -8.866487295819904801, 5.000000000000000000, 4.258176360195069066 ) ) ;
#1042 = CARTESIAN_POINT ( 'NONE',  ( -13.86648729581990480, 5.000000000000000000, 2.829426360195067769 ) ) ;
#1043 = CARTESIAN_POINT ( 'NONE',  ( -13.86648729581990658, 5.000000000000000000, 5.051926360195067467 ) ) ;
#1044 = CARTESIAN_POINT ( 'NONE',  ( -11.36648729581990658, 7.688313846815280073, 5.706770109761491128 ) ) ;
#1045 = CARTESIAN_POINT ( 'NONE',  ( -10.20241325347615380, 7.016235385111460054, 2.584686776428159138 ) ) ;
#1046 = CARTESIAN_POINT ( 'NONE',  ( -12.61648729581990658, 2.834936490538903620, 3.795155525994582835 ) ) ;
#1047 = CARTESIAN_POINT ( 'NONE',  ( -12.53056133816365580, 7.016235385111460054, 4.860103443094825337 ) ) ;
#1048 = CARTESIAN_POINT ( 'NONE',  ( -11.36648729581990480, 2.311686153184720371, 2.690520109761492584 ) ) ;
#1049 = VERTEX_POINT ( 'NONE', #852 ) ;
#1050 = CARTESIAN_POINT ( 'NONE',  ( -11.36648729581990480, 7.886751345948129099, 3.662863859327916582 ) ) ;
#1051 = CARTESIAN_POINT ( 'NONE',  ( -11.36648729581990658, 5.000000000000000000, 7.391651446600888242 ) ) ;
#1052 = CARTESIAN_POINT ( 'NONE',  ( -9.038339211132406348, 6.344156923407639148, 5.336353443094825622 ) ) ;
#1053 = EDGE_CURVE ( 'NONE', #290, #491, #2624, .T. ) ;
#1054 = LINE ( 'NONE', #2520, #3763 ) ;
#1055 = CARTESIAN_POINT ( 'NONE',  ( -10.20241325347615380, 7.016235385111460054, 3.854686776428159600 ) ) ;
#1056 = ORIENTED_EDGE ( 'NONE', *, *, #2954, .T. ) ;
#1057 = ORIENTED_EDGE ( 'NONE', *, *, #727, .F. ) ;
#1058 = LINE ( 'NONE', #1670, #756 ) ;
#1059 = CARTESIAN_POINT ( 'NONE',  ( -13.86648729581990658, 5.000000000000000000, 7.391651446600887354 ) ) ;
#1060 = CARTESIAN_POINT ( 'NONE',  ( -8.866487295819908354, 3.556624327025934118, 6.454218026861735957 ) ) ;
#1061 = CYLINDRICAL_SURFACE ( 'NONE', #3307, 2.500000000000000444 ) ;
#1062 = VECTOR ( 'NONE', #928, 1000.000000000000000 ) ;
#1063 = DIRECTION ( 'NONE',  ( -1.000000000000000000, 0.000000000000000000, -3.469446951953613696E-16 ) ) ;
#1064 = CARTESIAN_POINT ( 'NONE',  ( -11.36648729581990658, 7.688313846815280073, 6.341770109761491803 ) ) ;
#1065 = VECTOR ( 'NONE', #1978, 1000.000000000000000 ) ;
#1066 = CARTESIAN_POINT ( 'NONE',  ( -12.53056133816365580, 2.983764614888540390, 3.060936776428158534 ) ) ;
#1067 = CARTESIAN_POINT ( 'NONE',  ( -8.866487295819906578, 5.000000000000000000, 7.391651446600889130 ) ) ;
#1068 = CARTESIAN_POINT ( 'NONE',  ( -10.20241325347615735, 2.983764614888539057, 4.701353443094825835 ) ) ;
#1069 = VECTOR ( 'NONE', #386, 1000.000000000000000 ) ;
#1070 = CARTESIAN_POINT ( 'NONE',  ( -12.53056133816365403, 7.016235385111460054, 3.510728443094825124 ) ) ;
#1071 = ORIENTED_EDGE ( 'NONE', *, *, #37, .T. ) ;
#1072 = CARTESIAN_POINT ( 'NONE',  ( -8.866487295819906578, 3.556624327025934118, 2.922030525994583794 ) ) ;
#1073 = FACE_OUTER_BOUND ( 'NONE', #3166, .T. ) ;
#1074 = CARTESIAN_POINT ( 'NONE',  ( -12.53056133816365580, 7.016235385111460054, 6.050728443094825160 ) ) ;
#1075 = CARTESIAN_POINT ( 'NONE',  ( -9.038339211132404571, 6.344156923407640036, 1.526353443094826234 ) ) ;
#1076 = CARTESIAN_POINT ( 'NONE',  ( -13.69463538050740681, 6.344156923407640924, 3.299061776428158677 ) ) ;
#1077 = VERTEX_POINT ( 'NONE', #3790 ) ;
#1078 = EDGE_LOOP ( 'NONE', ( #457, #331, #2408, #1968, #449 ) ) ;
#1079 = CARTESIAN_POINT ( 'NONE',  ( -11.36648729581990658, 7.886751345948129099, 6.560051360195068071 ) ) ;
#1080 = CARTESIAN_POINT ( 'NONE',  ( -13.86648729581990658, 5.000000000000000000, 7.391651446600887354 ) ) ;
#1081 = CARTESIAN_POINT ( 'NONE',  ( -11.36648729581990658, 7.886751345948129099, 5.607551360195068391 ) ) ;
#1082 = DIRECTION ( 'NONE',  ( -1.000000000000000000, -0.000000000000000000, -0.000000000000000000 ) ) ;
#1083 = CARTESIAN_POINT ( 'NONE',  ( -10.20241325347615380, 7.016235385111460054, 2.187811776428159050 ) ) ;
#1084 = CARTESIAN_POINT ( 'NONE',  ( -13.86648729581990480, 3.556624327025936338, 1.585884693528401224 ) ) ;
#1085 = CARTESIAN_POINT ( 'NONE',  ( -8.975827272996905748, 4.268737628973512166, 7.289630132066404755 ) ) ;
#1086 = CARTESIAN_POINT ( 'NONE',  ( -13.69463538050740681, 6.344156923407640036, 4.569061776428158694 ) ) ;
#1087 = CARTESIAN_POINT ( 'NONE',  ( -12.53056133816365580, 2.983764614888540390, 2.029061776428158215 ) ) ;
#1088 = CARTESIAN_POINT ( 'NONE',  ( -12.61648729581990835, 2.834936490538903620, 4.747655525994582959 ) ) ;
#1089 = CARTESIAN_POINT ( 'NONE',  ( -10.11648729581990303, 7.165063509461097269, 3.358593026861735442 ) ) ;
#1090 = CARTESIAN_POINT ( 'NONE',  ( -11.36648729581990658, 7.688313846815280073, 5.389270109761492122 ) ) ;
#1091 = CARTESIAN_POINT ( 'NONE',  ( -11.36648729581990480, 2.311686153184720371, 1.738020109761492238 ) ) ;
#1092 = CARTESIAN_POINT ( 'NONE',  ( -11.36648729581990480, 2.311686153184720371, 3.404895109761492566 ) ) ;
#1093 = ORIENTED_EDGE ( 'NONE', *, *, #1808, .T. ) ;
#1094 = VERTEX_POINT ( 'NONE', #2326 ) ;
#1095 = DIRECTION ( 'NONE',  ( 2.992521824128285357E-16, -0.000000000000000000, -1.000000000000000000 ) ) ;
#1096 = CARTESIAN_POINT ( 'NONE',  ( -11.36648729581990658, 7.886751345948129099, 6.877551360195068852 ) ) ;
#1097 = DIRECTION ( 'NONE',  ( -0.000000000000000000, -1.000000000000000000, -0.000000000000000000 ) ) ;
#1098 = CARTESIAN_POINT ( 'NONE',  ( -12.53056133816365580, 2.983764614888540390, 2.664061776428158446 ) ) ;
#1099 = EDGE_CURVE ( 'NONE', #3469, #197, #67, .T. ) ;
#1100 = EDGE_CURVE ( 'NONE', #2877, #3340, #210, .T. ) ;
#1101 = CARTESIAN_POINT ( 'NONE',  ( -10.11648729581990303, 7.165063509461097269, 1.453593026861735193 ) ) ;
#1102 = ORIENTED_EDGE ( 'NONE', *, *, #1268, .F. ) ;
#1103 = EDGE_CURVE ( 'NONE', #1486, #1122, #237, .T. ) ;
#1104 = CARTESIAN_POINT ( 'NONE',  ( -8.866487295819906578, 5.000000000000000000, 7.391651446600889130 ) ) ;
#1105 = CARTESIAN_POINT ( 'NONE',  ( -9.038339211132406348, 6.344156923407639148, 5.733228443094826154 ) ) ;
#1106 = CARTESIAN_POINT ( 'NONE',  ( -11.36648729581990480, 7.688313846815280073, 1.896770109761492185 ) ) ;
#1107 = CARTESIAN_POINT ( 'NONE',  ( -10.11648729581990480, 7.165063509461097269, 5.541405525994584025 ) ) ;
#1108 = CARTESIAN_POINT ( 'NONE',  ( -8.866487295819904801, 5.000000000000000000, 2.948488859327917044 ) ) ;
#1109 = CARTESIAN_POINT ( 'NONE',  ( -9.038339211132406348, 5.000000000000000000, 6.579895109761492833 ) ) ;
#1110 = CARTESIAN_POINT ( 'NONE',  ( -11.36648729581990480, 7.688313846815280073, 4.119270109761492549 ) ) ;
#1111 = CARTESIAN_POINT ( 'NONE',  ( -12.53056133816365580, 2.983764614888540390, 3.378436776428158428 ) ) ;
#1112 = ORIENTED_EDGE ( 'NONE', *, *, #30, .T. ) ;
#1113 = ORIENTED_EDGE ( 'NONE', *, *, #2316, .F. ) ;
#1114 = CARTESIAN_POINT ( 'NONE',  ( -5.984660941943984014, 10.00000000000000000, 3.348562319248791663 ) ) ;
#1115 = CARTESIAN_POINT ( 'NONE',  ( -11.36648729581990658, 5.000000000000000000, 7.391651446600888242 ) ) ;
#1116 =( BOUNDED_CURVE ( )  B_SPLINE_CURVE ( 2, ( #1708, #3135, #3710, #239, #3765, #1404, #804 ),
 .UNSPECIFIED., .F., .F. ) 
 B_SPLINE_CURVE_WITH_KNOTS ( ( 3, 2, 2, 3 ),
 ( 0.9166666666666667407, 0.9259259259259261521, 0.9351851851851854525, 0.9444444444444447528 ),
 .UNSPECIFIED. ) 
 CURVE ( )  GEOMETRIC_REPRESENTATION_ITEM ( )  RATIONAL_B_SPLINE_CURVE ( ( 0.9999999999999984457, 0.8660254037844402619, 1.000000000000000000, 0.8660254037844387076, 1.000000000000000000, 0.8660254037844339337, 1.000000000000004885 ) ) 
 REPRESENTATION_ITEM ( '' )  );
#1117 = MANIFOLD_SOLID_BREP ( 'Thread2', #394 ) ;
#1118 = CARTESIAN_POINT ( 'NONE',  ( -12.61648729581990658, 7.165063509461097269, 6.586509693528401321 ) ) ;
#1119 = CARTESIAN_POINT ( 'NONE',  ( -13.69463538050740858, 6.344156923407640924, 7.029686776428158979 ) ) ;
#1120 = CARTESIAN_POINT ( 'NONE',  ( -10.20241325347615557, 2.983764614888539057, 3.351978443094825622 ) ) ;
#1121 = CARTESIAN_POINT ( 'NONE',  ( -13.69463538050740681, 5.000000000000000000, 6.421145109761492442 ) ) ;
#1122 = VERTEX_POINT ( 'NONE', #2114 ) ;
#1123 = CARTESIAN_POINT ( 'NONE',  ( -8.866487295819904801, 5.000000000000000000, 1.718176360195069030 ) ) ;
#1124 = CARTESIAN_POINT ( 'NONE',  ( -11.36648729581990658, 2.311686153184720371, 5.627395109761493153 ) ) ;
#1125 = AXIS2_PLACEMENT_3D ( 'NONE', #1770, #2270, #814 ) ;
#1126 = CARTESIAN_POINT ( 'NONE',  ( -11.36648729581990658, 7.688313846815280073, 4.436770109761492442 ) ) ;
#1127 = CARTESIAN_POINT ( 'NONE',  ( -13.86648729581990658, 5.000000000000000000, 5.329738859327914469 ) ) ;
#1128 = CARTESIAN_POINT ( 'NONE',  ( -10.11648729581990303, 7.165063509461097269, 3.001405525994583545 ) ) ;
#1129 = DIRECTION ( 'NONE',  ( -0.6911200784254143414, 0.000000000000000000, -0.7227399512945504867 ) ) ;
#1130 = EDGE_CURVE ( 'NONE', #2175, #17, #3223, .T. ) ;
#1131 = CARTESIAN_POINT ( 'NONE',  ( -12.53056133816365580, 2.983764614888540390, 3.934061776428158907 ) ) ;
#1132 = CARTESIAN_POINT ( 'NONE',  ( -13.69463538050740858, 6.344156923407640924, 5.204061776428158481 ) ) ;
#1133 = ORIENTED_EDGE ( 'NONE', *, *, #1771, .F. ) ;
#1134 = ORIENTED_EDGE ( 'NONE', *, *, #2918, .T. ) ;
#1135 = LINE ( 'NONE', #801, #71 ) ;
#1136 = CARTESIAN_POINT ( 'NONE',  ( -9.140163621785470482, 4.319003375435758407, 7.279708210674427526 ) ) ;
#1137 = ADVANCED_FACE ( 'NONE', ( #55 ), #2644, .T. ) ;
#1138 = CARTESIAN_POINT ( 'NONE',  ( -8.866487295819906578, 5.000000000000000000, 4.853488859327917737 ) ) ;
#1139 = DIRECTION ( 'NONE',  ( 2.992521824128285357E-16, -0.000000000000000000, -1.000000000000000000 ) ) ;
#1140 = CARTESIAN_POINT ( 'NONE',  ( -13.69463538050740681, 3.655843076592360852, 4.304478443094825302 ) ) ;
#1141 = CARTESIAN_POINT ( 'NONE',  ( -10.20241325347615557, 2.983764614888539057, 2.399478443094825497 ) ) ;
#1142 =( BOUNDED_CURVE ( )  B_SPLINE_CURVE ( 2, ( #1917, #3646, #3365, #2739, #1592, #1350, #750 ),
 .UNSPECIFIED., .F., .F. ) 
 B_SPLINE_CURVE_WITH_KNOTS ( ( 3, 2, 2, 3 ),
 ( 0.000000000000000000, 0.009259259259259272623, 0.01851851851851854525, 0.02777777777777781440 ),
 .UNSPECIFIED. ) 
 CURVE ( )  GEOMETRIC_REPRESENTATION_ITEM ( )  RATIONAL_B_SPLINE_CURVE ( ( 1.000000000000000000, 0.8660254037844387076, 1.000000000000000000, 0.8660254037844387076, 1.000000000000000000, 0.8660254037844381525, 1.000000000000000666 ) ) 
 REPRESENTATION_ITEM ( '' )  );
#1143 = CARTESIAN_POINT ( 'NONE',  ( -12.53056133816365758, 2.983764614888540390, 6.791561776428158836 ) ) ;
#1144 = EDGE_LOOP ( 'NONE', ( #2331, #1057, #764, #158 ) ) ;
#1145 = CARTESIAN_POINT ( 'NONE',  ( -11.36648729581990658, 5.000000000000000000, 7.391651446600888242 ) ) ;
#1146 = CARTESIAN_POINT ( 'NONE',  ( -10.20241325347615735, 2.983764614888539057, 5.971353443094826297 ) ) ;
#1147 = ORIENTED_EDGE ( 'NONE', *, *, #3683, .T. ) ;
#1148 = CARTESIAN_POINT ( 'NONE',  ( -12.53056133816365580, 2.983764614888540390, 3.616561776428158570 ) ) ;
#1149 = CARTESIAN_POINT ( 'NONE',  ( -11.36648729581990658, 7.886751345948129099, 5.567863859327916387 ) ) ;
#1150 = DIRECTION ( 'NONE',  ( -1.000000000000000000, 0.000000000000000000, -3.469446951953613696E-16 ) ) ;
#1151 = DIRECTION ( 'NONE',  ( 0.7227399512945504867, 0.000000000000000000, -0.6911200784254143414 ) ) ;
#1152 = CARTESIAN_POINT ( 'NONE',  ( -12.53056133816365758, 2.983764614888540390, 5.918436776428158907 ) ) ;
#1153 = VERTEX_POINT ( 'NONE', #619 ) ;
#1154 = ORIENTED_EDGE ( 'NONE', *, *, #2051, .T. ) ;
#1155 = DIRECTION ( 'NONE',  ( -0.000000000000000000, -1.000000000000000000, -0.000000000000000000 ) ) ;
#1156 = ADVANCED_FACE ( 'NONE', ( #378 ), #2073, .F. ) ;
#1157 = CARTESIAN_POINT ( 'NONE',  ( -9.038339211132404571, 5.000000000000000000, 4.119270109761492549 ) ) ;
#1158 = CARTESIAN_POINT ( 'NONE',  ( -9.038339211132406348, 3.655843076592359520, 2.425936776428159636 ) ) ;
#1159 = CARTESIAN_POINT ( 'NONE',  ( -8.866487295819904801, 5.000000000000000000, 2.035676360195068924 ) ) ;
#1160 = CC_DESIGN_SECURITY_CLASSIFICATION ( #2677, ( #1949 ) ) ;
#1161 = ORIENTED_EDGE ( 'NONE', *, *, #173, .F. ) ;
#1162 =( BOUNDED_CURVE ( )  B_SPLINE_CURVE ( 2, ( #2202, #1332, #1634, #2492, #2794, #3387, #1043 ),
 .UNSPECIFIED., .F., .F. ) 
 B_SPLINE_CURVE_WITH_KNOTS ( ( 3, 2, 2, 3 ),
 ( 0.6111111111111110494, 0.6203703703703702388, 0.6296296296296295392, 0.6388888888888887285 ),
 .UNSPECIFIED. ) 
 CURVE ( )  GEOMETRIC_REPRESENTATION_ITEM ( )  RATIONAL_B_SPLINE_CURVE ( ( 1.000000000000001554, 0.8660254037844371533, 1.000000000000000000, 0.8660254037844387076, 1.000000000000000000, 0.8660254037844402619, 0.9999999999999984457 ) ) 
 REPRESENTATION_ITEM ( '' )  );
#1163 = CARTESIAN_POINT ( 'NONE',  ( -12.61648729581990835, 2.834936490538903620, 5.422343026861734749 ) ) ;
#1164 = CARTESIAN_POINT ( 'NONE',  ( -9.038339211132406348, 6.344156923407639148, 6.050728443094826048 ) ) ;
#1165 = PRODUCT ( 'AlExtrusionFixingNut', 'AlExtrusionFixingNut', '', ( #586 ) ) ;
#1166 = ORIENTED_EDGE ( 'NONE', *, *, #2047, .F. ) ;
#1167 = CARTESIAN_POINT ( 'NONE',  ( -9.038339211132406348, 3.655843076592358631, 4.013436776428159547 ) ) ;
#1168 = CARTESIAN_POINT ( 'NONE',  ( -8.866487295819908354, 3.556624327025934118, 5.462030525994584274 ) ) ;
#1169 = CARTESIAN_POINT ( 'NONE',  ( -13.86648729581989770, 6.443375672974066326, 3.080780525994581964 ) ) ;
#1170 = CARTESIAN_POINT ( 'NONE',  ( -9.408360689157646561, 3.442211076648542534, 7.180026528239502603 ) ) ;
#1171 = CARTESIAN_POINT ( 'NONE',  ( -9.038339211132404571, 5.000000000000000000, 4.436770109761493330 ) ) ;
#1172 = ORIENTED_EDGE ( 'NONE', *, *, #3037, .F. ) ;
#1173 = ORIENTED_EDGE ( 'NONE', *, *, #1772, .F. ) ;
#1174 = PERSON_AND_ORGANIZATION_ROLE ( 'design_owner' ) ;
#1175 = CARTESIAN_POINT ( 'NONE',  ( -13.86648729581990658, 5.000000000000000000, 7.234738859327915605 ) ) ;
#1176 = EDGE_CURVE ( 'NONE', #2558, #2971, #1287, .T. ) ;
#1177 = CARTESIAN_POINT ( 'NONE',  ( -13.86648729581992256, 3.556624327025945664, 5.078384693528400717 ) ) ;
#1178 = CARTESIAN_POINT ( 'NONE',  ( -13.86648729581990480, 5.000000000000000000, 2.194426360195067538 ) ) ;
#1179 = CARTESIAN_POINT ( 'NONE',  ( -10.20241325347615735, 2.983764614888539057, 5.336353443094825622 ) ) ;
#1180 = CARTESIAN_POINT ( 'NONE',  ( -11.36648729581990480, 7.688313846815280073, 4.119270109761492549 ) ) ;
#1181 = CARTESIAN_POINT ( 'NONE',  ( -13.86648729581990480, 6.443375672974065438, 2.802968026861734518 ) ) ;
#1182 = CARTESIAN_POINT ( 'NONE',  ( -11.36648729581990658, 2.113248654051870901, 6.083801360195067787 ) ) ;
#1183 = EDGE_CURVE ( 'NONE', #2274, #1647, #3551, .T. ) ;
#1184 = CARTESIAN_POINT ( 'NONE',  ( -13.69463538050740681, 3.655843076592360852, 6.526978443094824556 ) ) ;
#1185 = CARTESIAN_POINT ( 'NONE',  ( -9.038339211132406348, 3.655843076592358631, 3.695936776428159654 ) ) ;
#1186 = CARTESIAN_POINT ( 'NONE',  ( -12.61648729581990835, 2.834936490538903620, 6.335155525994582426 ) ) ;
#1187 = CARTESIAN_POINT ( 'NONE',  ( -13.86648729581991901, 3.556624327025943888, 2.498697192661248234 ) ) ;
#1188 = CARTESIAN_POINT ( 'NONE',  ( -11.36648729581990658, 7.688313846815280073, 6.976770109761491589 ) ) ;
#1189 = AXIS2_PLACEMENT_3D ( 'NONE', #1013, #2233, #2518 ) ;
#1190 = CARTESIAN_POINT ( 'NONE',  ( -12.53056133816365758, 2.983764614888540390, 4.648436776428158446 ) ) ;
#1191 = ORIENTED_EDGE ( 'NONE', *, *, #3446, .F. ) ;
#1192 = ORIENTED_EDGE ( 'NONE', *, *, #2078, .T. ) ;
#1193 = CARTESIAN_POINT ( 'NONE',  ( -9.085384440131189621, 4.302249430129958974, 7.312781127196569031 ) ) ;
#1194 = VECTOR ( 'NONE', #1974, 1000.000000000000000 ) ;
#1195 = LINE ( 'NONE', #1491, #2884 ) ;
#1196 = CARTESIAN_POINT ( 'NONE',  ( -11.36648729581990658, 7.886751345948129099, 5.607551360195068391 ) ) ;
#1197 = CARTESIAN_POINT ( 'NONE',  ( -9.038339211132404571, 6.344156923407640036, 3.828228443094826350 ) ) ;
#1198 = CARTESIAN_POINT ( 'NONE',  ( -13.69463538050740503, 5.000000000000000000, 3.881145109761491518 ) ) ;
#1199 = CARTESIAN_POINT ( 'NONE',  ( -12.61648729581990658, 2.834936490538903620, 2.247343026861734483 ) ) ;
#1200 = CARTESIAN_POINT ( 'NONE',  ( -9.140163621785470482, 4.319003375435758407, 7.279708210674427526 ) ) ;
#1201 = CARTESIAN_POINT ( 'NONE',  ( -13.69463538050740681, 6.344156923407640924, 3.854686776428158268 ) ) ;
#1202 = CARTESIAN_POINT ( 'NONE',  ( -13.69463538050740681, 5.000000000000000000, 6.421145109761492442 ) ) ;
#1203 = CARTESIAN_POINT ( 'NONE',  ( -8.866487295819906578, 6.443375672974065438, 7.102447192661251130 ) ) ;
#1204 = CARTESIAN_POINT ( 'NONE',  ( -11.36648729581990480, 7.688313846815280073, 2.928645109761493170 ) ) ;
#1205 = CARTESIAN_POINT ( 'NONE',  ( -11.36648729581990658, 7.688313846815280073, 5.468645109761492762 ) ) ;
#1206 = ORIENTED_EDGE ( 'NONE', *, *, #3653, .T. ) ;
#1207 = CARTESIAN_POINT ( 'NONE',  ( -8.866487295819904801, 6.443375672974065438, 2.657447192661250401 ) ) ;
#1208 = DATE_AND_TIME ( #1739, #477 ) ;
#1209 = CARTESIAN_POINT ( 'NONE',  ( -8.866487295819904801, 5.000000000000000000, 3.305676360195068497 ) ) ;
#1210 = CARTESIAN_POINT ( 'NONE',  ( -13.86648729581990480, 5.000000000000000000, 1.837238859327915419 ) ) ;
#1211 = CARTESIAN_POINT ( 'NONE',  ( -11.36648729581990480, 2.113248654051870901, 3.543801360195068195 ) ) ;
#1212 = PLANE ( 'NONE',  #439 ) ;
#1213 = CARTESIAN_POINT ( 'NONE',  ( -13.69463538050740858, 6.344156923407640924, 5.204061776428158481 ) ) ;
#1214 = CARTESIAN_POINT ( 'NONE',  ( -13.69463538050740503, 3.655843076592360852, 3.907603443094824769 ) ) ;
#1215 = CARTESIAN_POINT ( 'NONE',  ( -12.61648729581990480, 7.165063509461097269, 2.459009693528401375 ) ) ;
#1216 = EDGE_CURVE ( 'NONE', #1904, #2370, #1406, .T. ) ;
#1217 = CARTESIAN_POINT ( 'NONE',  ( -12.61648729581990835, 2.834936490538903620, 6.692343026861735211 ) ) ;
#1218 = EDGE_CURVE ( 'NONE', #419, #2274, #3593, .T. ) ;
#1219 = CARTESIAN_POINT ( 'NONE',  ( -8.866487295819904801, 5.000000000000000000, 1.718176360195069030 ) ) ;
#1220 = CARTESIAN_POINT ( 'NONE',  ( -11.36648729581990658, 7.688313846815280073, 4.436770109761492442 ) ) ;
#1221 = EDGE_CURVE ( 'NONE', #875, #1685, #1224, .T. ) ;
#1222 = CARTESIAN_POINT ( 'NONE',  ( -13.69463538050740858, 3.655843076592360852, 5.495103443094825124 ) ) ;
#1223 = CARTESIAN_POINT ( 'NONE',  ( -12.61648729581990658, 7.165063509461097269, 6.864322192661249211 ) ) ;
#1224 = LINE ( 'NONE', #91, #1062 ) ;
#1225 = CARTESIAN_POINT ( 'NONE',  ( -9.038339211132404571, 5.000000000000000000, 2.531770109761493082 ) ) ;
#1226 = CARTESIAN_POINT ( 'NONE',  ( -12.53056133816365758, 2.983764614888540390, 6.235936776428158801 ) ) ;
#1227 = ORIENTED_EDGE ( 'NONE', *, *, #2081, .T. ) ;
#1228 = CARTESIAN_POINT ( 'NONE',  ( -8.866487295819904801, 6.443375672974065438, 1.704947192661250499 ) ) ;
#1229 = COORDINATED_UNIVERSAL_TIME_OFFSET ( 0, 0, .AHEAD. ) ;
#1230 = CARTESIAN_POINT ( 'NONE',  ( -8.866487295819924341, 6.443375672974076096, 6.467447192661252231 ) ) ;
#1231 = CARTESIAN_POINT ( 'NONE',  ( -10.20241325347615380, 7.016235385111460054, 1.632186776428159236 ) ) ;
#1232 = CARTESIAN_POINT ( 'NONE',  ( -8.866487295819906578, 5.000000000000000000, 7.391651446600889130 ) ) ;
#1233 = CARTESIAN_POINT ( 'NONE',  ( -13.86648729581990658, 5.000000000000000000, 6.956926360195067716 ) ) ;
#1234 = CARTESIAN_POINT ( 'NONE',  ( -10.20241325347615735, 2.983764614888539057, 6.288853443094826190 ) ) ;
#1235 = CARTESIAN_POINT ( 'NONE',  ( -9.038339211132406348, 3.655843076592359520, 4.648436776428159334 ) ) ;
#1236 = CARTESIAN_POINT ( 'NONE',  ( -11.36648729581990480, 2.113248654051870901, 2.273801360195068177 ) ) ;
#1237 = CYLINDRICAL_SURFACE ( 'NONE', #2033, 2.500000000000000444 ) ;
#1238 = DIRECTION ( 'NONE',  ( 2.992521824128285357E-16, -0.000000000000000000, -1.000000000000000000 ) ) ;
#1239 = CARTESIAN_POINT ( 'NONE',  ( -11.36648729581990480, 2.311686153184720371, 3.325520109761491927 ) ) ;
#1240 = CARTESIAN_POINT ( 'NONE',  ( -13.69463538050740858, 3.655843076592360852, 6.447603443094824804 ) ) ;
#1241 = CARTESIAN_POINT ( 'NONE',  ( -13.69463538050740681, 6.344156923407640924, 2.029061776428158215 ) ) ;
#1242 = CARTESIAN_POINT ( 'NONE',  ( -8.866487295819904801, 5.000000000000000000, 1.995988859327917142 ) ) ;
#1243 = CARTESIAN_POINT ( 'NONE',  ( -9.038339211132404571, 6.344156923407639148, 2.558228443094826332 ) ) ;
#1244 = CARTESIAN_POINT ( 'NONE',  ( -9.038339211132404571, 5.000000000000000000, 1.817395109761492877 ) ) ;
#1245 = ORIENTED_EDGE ( 'NONE', *, *, #574, .T. ) ;
#1246 = CARTESIAN_POINT ( 'NONE',  ( -13.86648729581990480, 5.000000000000000000, 2.154738859327915534 ) ) ;
#1247 = PLANE ( 'NONE',  #2029 ) ;
#1248 = CIRCLE ( 'NONE', #1484, 2.500000000000000444 ) ;
#1249 = ADVANCED_FACE ( 'NONE', ( #2094 ), #2439, .F. ) ;
#1250 = CARTESIAN_POINT ( 'NONE',  ( -11.36648729581990480, 7.688313846815280073, 1.976145109761492158 ) ) ;
#1251 = ORIENTED_EDGE ( 'NONE', *, *, #2363, .T. ) ;
#1252 = CARTESIAN_POINT ( 'NONE',  ( -8.866487295819926118, 3.556624327025924348, 4.866718026861736490 ) ) ;
#1253 = CARTESIAN_POINT ( 'NONE',  ( -11.36648729581990658, 7.886751345948129099, 4.615363859327916707 ) ) ;
#1254 = CARTESIAN_POINT ( 'NONE',  ( -9.038339211132406348, 5.000000000000000000, 6.976770109761493366 ) ) ;
#1255 = CARTESIAN_POINT ( 'NONE',  ( -9.038339211132406348, 5.000000000000000000, 4.992395109761492478 ) ) ;
#1256 = CARTESIAN_POINT ( 'NONE',  ( -12.61648729581990835, 2.834936490538903620, 4.469843026861734181 ) ) ;
#1257 = LINE ( 'NONE', #671, #752 ) ;
#1258 = CARTESIAN_POINT ( 'NONE',  ( -13.69463538050740858, 3.655843076592360852, 6.130103443094824911 ) ) ;
#1259 = CARTESIAN_POINT ( 'NONE',  ( -13.69463538050740681, 5.000000000000000000, 5.786145109761491767 ) ) ;
#1260 = CARTESIAN_POINT ( 'NONE',  ( -13.86648729581990835, 3.556624327025936338, 6.943697192661248963 ) ) ;
#1261 = CARTESIAN_POINT ( 'NONE',  ( -8.952413253476153798, 5.000000000000000000, 1.450285734978280949 ) ) ;
#1262 = CARTESIAN_POINT ( 'NONE',  ( -13.69463538050740503, 6.344156923407640036, 2.981561776428157895 ) ) ;
#1263 =( BOUNDED_CURVE ( )  B_SPLINE_CURVE ( 2, ( #3078, #1003, #3058, #143, #431, #1615, #454 ),
 .UNSPECIFIED., .F., .F. ) 
 B_SPLINE_CURVE_WITH_KNOTS ( ( 3, 2, 2, 3 ),
 ( 0.8333333333333332593, 0.8425925925925924487, 0.8518518518518517491, 0.8611111111111110494 ),
 .UNSPECIFIED. ) 
 CURVE ( )  GEOMETRIC_REPRESENTATION_ITEM ( )  RATIONAL_B_SPLINE_CURVE ( ( 1.000000000000001554, 0.8660254037844371533, 1.000000000000000000, 0.8660254037844387076, 1.000000000000000000, 0.8660254037844402619, 0.9999999999999984457 ) ) 
 REPRESENTATION_ITEM ( '' )  );
#1264 = CARTESIAN_POINT ( 'NONE',  ( -9.038339211132406348, 3.655843076592358631, 6.632811776428160222 ) ) ;
#1265 = EDGE_LOOP ( 'NONE', ( #3091, #783, #1056, #1987 ) ) ;
#1266 = CARTESIAN_POINT ( 'NONE',  ( -8.866487295819906578, 3.556624327025934118, 2.287030525994583563 ) ) ;
#1267 = CARTESIAN_POINT ( 'NONE',  ( -8.866487295819904801, 5.000000000000000000, 2.353176360195068817 ) ) ;
#1268 = EDGE_CURVE ( 'NONE', #2003, #2425, #637, .T. ) ;
#1269 = CARTESIAN_POINT ( 'NONE',  ( -13.69463538050740503, 5.000000000000000000, 1.738020109761491572 ) ) ;
#1270 = EDGE_CURVE ( 'NONE', #2321, #510, #466, .T. ) ;
#1271 = DIRECTION ( 'NONE',  ( -0.000000000000000000, -1.000000000000000000, -0.000000000000000000 ) ) ;
#1272 = CARTESIAN_POINT ( 'NONE',  ( -8.866487295819959868, 6.443375672974094748, 6.784947192661251236 ) ) ;
#1273 = CARTESIAN_POINT ( 'NONE',  ( -12.53056133816365758, 2.983764614888540390, 6.235936776428158801 ) ) ;
#1274 = CARTESIAN_POINT ( 'NONE',  ( -8.866487295819906578, 6.443375672974065438, 5.237134693528401996 ) ) ;
#1275 = CARTESIAN_POINT ( 'NONE',  ( -9.038339211132404571, 5.000000000000000000, 1.499895109761492762 ) ) ;
#1276 = CARTESIAN_POINT ( 'NONE',  ( -10.11648729581990480, 7.165063509461097269, 5.858905525994583030 ) ) ;
#1277 = CARTESIAN_POINT ( 'NONE',  ( -10.20241325347615735, 2.983764614888539057, 5.891978443094826545 ) ) ;
#1278 = CARTESIAN_POINT ( 'NONE',  ( -9.038339211132406348, 6.344156923407640036, 5.336353443094825622 ) ) ;
#1279 = CARTESIAN_POINT ( 'NONE',  ( -9.038339211132406348, 3.655843076592358631, 2.505311776428159831 ) ) ;
#1280 = CARTESIAN_POINT ( 'NONE',  ( -13.86648729581990658, 5.000000000000000000, 6.321926360195067929 ) ) ;
#1281 = CARTESIAN_POINT ( 'NONE',  ( -13.69463538050740503, 5.000000000000000000, 2.373020109761491359 ) ) ;
#1282 = CARTESIAN_POINT ( 'NONE',  ( -13.69463538050740858, 6.344156923407640924, 6.156561776428158161 ) ) ;
#1283 = VERTEX_POINT ( 'NONE', #3671 ) ;
#1284 = CARTESIAN_POINT ( 'NONE',  ( -10.11648729581990658, 2.834936490538902287, 2.578072192661250206 ) ) ;
#1285 = AXIS2_PLACEMENT_3D ( 'NONE', #914, #1776, #2372 ) ;
#1286 = CARTESIAN_POINT ( 'NONE',  ( -13.86648729581990658, 5.000000000000000000, 6.599738859327914930 ) ) ;
#1287 =( BOUNDED_CURVE ( )  B_SPLINE_CURVE ( 2, ( #1242, #1848, #343, #3233, #3292, #3533, #1832 ),
 .UNSPECIFIED., .F., .T. ) 
 B_SPLINE_CURVE_WITH_KNOTS ( ( 3, 2, 2, 3 ),
 ( 0.05555555555555557329, 0.06481481481481482509, 0.07407407407407406996, 0.08333333333333331483 ),
 .UNSPECIFIED. ) 
 CURVE ( )  GEOMETRIC_REPRESENTATION_ITEM ( )  RATIONAL_B_SPLINE_CURVE ( ( 0.9999999999999997780, 0.8660254037844390407, 1.000000000000000000, 0.8660254037844387076, 1.000000000000000000, 0.8660254037844389297, 0.9999999999999997780 ) ) 
 REPRESENTATION_ITEM ( '' )  );
#1288 = CARTESIAN_POINT ( 'NONE',  ( -11.36648729581990480, 2.311686153184720371, 2.452395109761491998 ) ) ;
#1289 = VERTEX_POINT ( 'NONE', #1867 ) ;
#1290 = PLANE ( 'NONE',  #3698 ) ;
#1291 = LINE ( 'NONE', #2448, #507 ) ;
#1292 = CARTESIAN_POINT ( 'NONE',  ( -12.53056133816365758, 2.983764614888540390, 7.188436776428159369 ) ) ;
#1293 = CARTESIAN_POINT ( 'NONE',  ( -11.36648729581990658, 7.886751345948129099, 4.337551360195068817 ) ) ;
#1294 = DIRECTION ( 'NONE',  ( -1.000000000000000000, 0.000000000000000000, -3.469446951953613696E-16 ) ) ;
#1295 = CARTESIAN_POINT ( 'NONE',  ( -11.36648729581990658, 5.000000000000000000, 7.391651446600888242 ) ) ;
#1296 = EDGE_CURVE ( 'NONE', #1454, #2038, #3628, .T. ) ;
#1297 = CARTESIAN_POINT ( 'NONE',  ( -13.69463538050740858, 6.344156923407640924, 5.759686776428158517 ) ) ;
#1298 = CARTESIAN_POINT ( 'NONE',  ( -11.36648729581990658, 7.886751345948129099, 5.567863859327916387 ) ) ;
#1299 = EDGE_CURVE ( 'NONE', #547, #3451, #2980, .T. ) ;
#1300 = CARTESIAN_POINT ( 'NONE',  ( -9.038339211132404571, 6.344156923407640036, 3.510728443094826456 ) ) ;
#1301 = CARTESIAN_POINT ( 'NONE',  ( -8.866487295819904801, 5.000000000000000000, 2.670676360195069154 ) ) ;
#1302 = CARTESIAN_POINT ( 'NONE',  ( -13.69463538050740681, 5.000000000000000000, 4.913020109761490950 ) ) ;
#1303 = CARTESIAN_POINT ( 'NONE',  ( -11.36648729581990658, 7.688313846815280073, 7.056145109761494005 ) ) ;
#1304 = VERTEX_POINT ( 'NONE', #3369 ) ;
#1305 = CARTESIAN_POINT ( 'NONE',  ( -8.866487295819904801, 6.443375672974065438, 3.927447192661250419 ) ) ;
#1306 = CYLINDRICAL_SURFACE ( 'NONE', #3002, 2.500000000000000444 ) ;
#1307 = CARTESIAN_POINT ( 'NONE',  ( -12.53056133816365403, 7.016235385111460054, 2.002603443094825408 ) ) ;
#1308 = ORIENTED_EDGE ( 'NONE', *, *, #810, .T. ) ;
#1309 = EDGE_LOOP ( 'NONE', ( #1437, #714, #3636, #3498 ) ) ;
#1310 = CARTESIAN_POINT ( 'NONE',  ( -11.36648729581990480, 2.113248654051870901, 1.638801360195068169 ) ) ;
#1311 = CARTESIAN_POINT ( 'NONE',  ( -9.038339211132406348, 6.344156923407640036, 5.733228443094826154 ) ) ;
#1312 = VECTOR ( 'NONE', #2910, 1000.000000000000000 ) ;
#1313 = CARTESIAN_POINT ( 'NONE',  ( -13.86648729581990835, 6.443375672974065438, 4.390468026861733541 ) ) ;
#1314 = CYLINDRICAL_SURFACE ( 'NONE', #1430, 2.500000000000000444 ) ;
#1315 = LINE ( 'NONE', #3345, #2883 ) ;
#1316 = CARTESIAN_POINT ( 'NONE',  ( -12.53056133816365758, 2.983764614888540390, 4.569061776428158694 ) ) ;
#1317 = CARTESIAN_POINT ( 'NONE',  ( -12.53056133816365403, 7.016235385111460054, 2.637603443094825195 ) ) ;
#1318 = CARTESIAN_POINT ( 'NONE',  ( -9.038339211132406348, 3.655843076592359520, 4.410311776428160080 ) ) ;
#1319 = CARTESIAN_POINT ( 'NONE',  ( -13.69463538050740681, 3.655843076592360852, 3.272603443094824982 ) ) ;
#1320 = VERTEX_POINT ( 'NONE', #1637 ) ;
#1321 = CARTESIAN_POINT ( 'NONE',  ( -8.866487295819904801, 5.000000000000000000, 3.265988859327916938 ) ) ;
#1322 = CARTESIAN_POINT ( 'NONE',  ( -8.866487295819908354, 3.556624327025934118, 5.144530525994584380 ) ) ;
#1323 = CARTESIAN_POINT ( 'NONE',  ( -11.36648729581990658, 2.311686153184720371, 5.865520109761492407 ) ) ;
#1324 = FACE_OUTER_BOUND ( 'NONE', #1598, .T. ) ;
#1325 = CARTESIAN_POINT ( 'NONE',  ( -9.038339211132406348, 3.655843076592358631, 4.092811776428160186 ) ) ;
#1326 = EDGE_LOOP ( 'NONE', ( #385, #407, #1930, #2825 ) ) ;
#1327 = ORIENTED_EDGE ( 'NONE', *, *, #402, .F. ) ;
#1328 = DIRECTION ( 'NONE',  ( 1.000000000000000000, 0.000000000000000000, 0.000000000000000000 ) ) ;
#1329 = DIRECTION ( 'NONE',  ( 2.992521824128285357E-16, -0.000000000000000000, -1.000000000000000000 ) ) ;
#1330 = CARTESIAN_POINT ( 'NONE',  ( -13.86648729581990480, 6.443375672974065438, 3.755468026861734643 ) ) ;
#1331 = CARTESIAN_POINT ( 'NONE',  ( -10.11648729581990480, 7.165063509461097269, 5.263593026861735247 ) ) ;
#1332 = CARTESIAN_POINT ( 'NONE',  ( -8.866487295819887038, 6.443375672974054780, 4.919634693528402103 ) ) ;
#1333 = CARTESIAN_POINT ( 'NONE',  ( -9.038339211132406348, 5.000000000000000000, 4.992395109761492478 ) ) ;
#1334 = CARTESIAN_POINT ( 'NONE',  ( -10.20241325347615557, 2.983764614888539057, 3.748853443094825710 ) ) ;
#1335 = CARTESIAN_POINT ( 'NONE',  ( -8.866487295819904801, 5.000000000000000000, 3.900988859327917169 ) ) ;
#1336 = CARTESIAN_POINT ( 'NONE',  ( -9.038339211132404571, 5.000000000000000000, 4.119270109761492549 ) ) ;
#1337 = CARTESIAN_POINT ( 'NONE',  ( -9.038339211132406348, 3.655843076592358631, 2.425936776428159636 ) ) ;
#1338 = ORIENTED_EDGE ( 'NONE', *, *, #528, .T. ) ;
#1339 = CARTESIAN_POINT ( 'NONE',  ( -13.86648729581990480, 6.443375672974065438, 3.715780525994582195 ) ) ;
#1340 = CARTESIAN_POINT ( 'NONE',  ( -14.43148729581990430, 10.00000000000000000, 7.391651446600886466 ) ) ;
#1341 = CARTESIAN_POINT ( 'NONE',  ( -9.038339211132406348, 3.655843076592359520, 6.553436776428159583 ) ) ;
#1342 = CARTESIAN_POINT ( 'NONE',  ( -9.038339211132404571, 5.000000000000000000, 2.769895109761492780 ) ) ;
#1343 = CARTESIAN_POINT ( 'NONE',  ( -13.69463538050740503, 5.000000000000000000, 3.643020109761491820 ) ) ;
#1344 = VERTEX_POINT ( 'NONE', #1335 ) ;
#1345 = ORIENTED_EDGE ( 'NONE', *, *, #1053, .F. ) ;
#1346 = DIRECTION ( 'NONE',  ( 0.000000000000000000, 0.000000000000000000, -1.000000000000000000 ) ) ;
#1347 = CARTESIAN_POINT ( 'NONE',  ( -14.26491808083536306, 0.000000000000000000, 1.400676360195071801 ) ) ;
#1348 = CARTESIAN_POINT ( 'NONE',  ( -11.36648729581990658, 7.886751345948129099, 5.925051360195069172 ) ) ;
#1349 = CARTESIAN_POINT ( 'NONE',  ( -10.11648729581990658, 2.834936490538902287, 2.260572192661249868 ) ) ;
#1350 = CARTESIAN_POINT ( 'NONE',  ( -13.86648729581990658, 6.443375672974060997, 1.532968026861734279 ) ) ;
#1351 = CARTESIAN_POINT ( 'NONE',  ( -9.038339211132406348, 5.000000000000000000, 6.579895109761492833 ) ) ;
#1352 = CARTESIAN_POINT ( 'NONE',  ( -13.69463538050740681, 6.344156923407640924, 2.664061776428158446 ) ) ;
#1353 = CARTESIAN_POINT ( 'NONE',  ( -8.866487295819913683, 6.443375672974070767, 4.244947192661250313 ) ) ;
#1354 = CARTESIAN_POINT ( 'NONE',  ( -13.69463538050740503, 6.344156923407640036, 4.251561776428157913 ) ) ;
#1355 = CARTESIAN_POINT ( 'NONE',  ( -13.69463538050740681, 6.344156923407640924, 2.584686776428158250 ) ) ;
#1356 = ORIENTED_EDGE ( 'NONE', *, *, #122, .T. ) ;
#1357 = CARTESIAN_POINT ( 'NONE',  ( -13.86648729581990480, 3.556624327025936338, 3.768697192661248696 ) ) ;
#1358 = DIRECTION ( 'NONE',  ( 3.086871669740821723E-16, 0.000000000000000000, -1.000000000000000000 ) ) ;
#1359 = CARTESIAN_POINT ( 'NONE',  ( -13.69463538050740681, 6.344156923407640036, 6.394686776428159192 ) ) ;
#1360 = CARTESIAN_POINT ( 'NONE',  ( -10.20241325347615380, 7.016235385111460054, 1.552811776428159263 ) ) ;
#1361 =( BOUNDED_CURVE ( )  B_SPLINE_CURVE ( 2, ( #1178, #2336, #3503, #880, #3207, #589, #3341 ),
 .UNSPECIFIED., .F., .F. ) 
 B_SPLINE_CURVE_WITH_KNOTS ( ( 3, 2, 2, 3 ),
 ( 0.1388888888888888951, 0.1481481481481481399, 0.1574074074074074125, 0.1666666666666666574 ),
 .UNSPECIFIED. ) 
 CURVE ( )  GEOMETRIC_REPRESENTATION_ITEM ( )  RATIONAL_B_SPLINE_CURVE ( ( 1.000000000000000000, 0.8660254037844387076, 1.000000000000000000, 0.8660254037844387076, 1.000000000000000000, 0.8660254037844387076, 1.000000000000000000 ) ) 
 REPRESENTATION_ITEM ( '' )  );
#1362 = CARTESIAN_POINT ( 'NONE',  ( -13.69463538050740681, 6.344156923407640924, 2.981561776428158339 ) ) ;
#1363 = ORIENTED_EDGE ( 'NONE', *, *, #3409, .F. ) ;
#1364 = ORIENTED_EDGE ( 'NONE', *, *, #1176, .F. ) ;
#1365 = CARTESIAN_POINT ( 'NONE',  ( -8.866487295819885261, 6.443375672974054780, 3.967134693528401979 ) ) ;
#1366 = CARTESIAN_POINT ( 'NONE',  ( -11.36648729581990658, 2.113248654051870901, 6.718801360195067573 ) ) ;
#1367 = CARTESIAN_POINT ( 'NONE',  ( -8.866487295819904801, 5.000000000000000000, 2.035676360195068924 ) ) ;
#1368 = CARTESIAN_POINT ( 'NONE',  ( -11.36648729581990480, 7.688313846815280073, 3.166770109761491980 ) ) ;
#1369 = AXIS2_PLACEMENT_3D ( 'NONE', #2190, #2821, #1926 ) ;
#1370 = CARTESIAN_POINT ( 'NONE',  ( -12.53056133816365758, 2.983764614888540390, 7.109061776428158730 ) ) ;
#1371 = CARTESIAN_POINT ( 'NONE',  ( -12.53056133816365758, 2.983764614888540390, 4.648436776428158446 ) ) ;
#1372 = CARTESIAN_POINT ( 'NONE',  ( -13.86648729581989592, 6.443375672974070767, 4.350780525994581538 ) ) ;
#1373 = CARTESIAN_POINT ( 'NONE',  ( -12.53056133816365580, 2.983764614888540390, 4.330936776428158552 ) ) ;
#1374 = AXIS2_PLACEMENT_3D ( 'NONE', #3540, #3780, #3464 ) ;
#1375 = CARTESIAN_POINT ( 'NONE',  ( -13.69463538050740681, 6.344156923407640924, 1.949686776428158019 ) ) ;
#1376 = CARTESIAN_POINT ( 'NONE',  ( -12.61648729581990658, 2.834936490538903620, 3.477655525994582497 ) ) ;
#1377 = CARTESIAN_POINT ( 'NONE',  ( -9.085384440131191397, 4.302249430129958974, 7.167260272787986608 ) ) ;
#1378 = CARTESIAN_POINT ( 'NONE',  ( -12.53056133816365758, 2.983764614888540390, 6.791561776428158836 ) ) ;
#1379 = CARTESIAN_POINT ( 'NONE',  ( -10.20241325347615557, 2.983764614888539057, 2.399478443094825497 ) ) ;
#1380 = CARTESIAN_POINT ( 'NONE',  ( -11.36648729581990480, 2.311686153184720371, 4.039895109761492797 ) ) ;
#1381 = VERTEX_POINT ( 'NONE', #1301 ) ;
#1382 = ORIENTED_EDGE ( 'NONE', *, *, #3611, .T. ) ;
#1383 = CARTESIAN_POINT ( 'NONE',  ( -13.86648729581990480, 3.556624327025936338, 4.443384693528400931 ) ) ;
#1384 = CARTESIAN_POINT ( 'NONE',  ( -13.86648729581990658, 5.000000000000000000, 7.391651446600887354 ) ) ;
#1385 = EDGE_CURVE ( 'NONE', #2594, #2461, #1779, .T. ) ;
#1386 = EDGE_CURVE ( 'NONE', #3367, #510, #711, .T. ) ;
#1387 = CARTESIAN_POINT ( 'NONE',  ( -10.11648729581990480, 7.165063509461097269, 6.851093026861735602 ) ) ;
#1388 = CARTESIAN_POINT ( 'NONE',  ( -8.866487295819904801, 5.000000000000000000, 2.988176360195068604 ) ) ;
#1389 = CARTESIAN_POINT ( 'NONE',  ( -13.69463538050740503, 3.655843076592360852, 3.272603443094824982 ) ) ;
#1390 = CARTESIAN_POINT ( 'NONE',  ( -9.038339211132406348, 6.344156923407640036, 6.923853443094825977 ) ) ;
#1391 = CARTESIAN_POINT ( 'NONE',  ( -11.36648729581990658, 5.000000000000000000, 7.391651446600888242 ) ) ;
#1392 = CARTESIAN_POINT ( 'NONE',  ( -13.69463538050740681, 3.655843076592360852, 5.574478443094824875 ) ) ;
#1393 = CARTESIAN_POINT ( 'NONE',  ( -9.038339211132406348, 3.655843076592358631, 2.108436776428159742 ) ) ;
#1394 = CARTESIAN_POINT ( 'NONE',  ( -11.36648729581990658, 2.113248654051870901, 4.774113859327915321 ) ) ;
#1395 = DIRECTION ( 'NONE',  ( -0.000000000000000000, -1.000000000000000000, -0.000000000000000000 ) ) ;
#1396 = CARTESIAN_POINT ( 'NONE',  ( -11.36648729581990658, 7.688313846815280073, 6.024270109761492797 ) ) ;
#1397 = CARTESIAN_POINT ( 'NONE',  ( -13.69463538050740681, 3.655843076592360852, 2.320103443094824858 ) ) ;
#1398 = CARTESIAN_POINT ( 'NONE',  ( -12.53056133816365580, 2.983764614888540390, 2.743436776428158641 ) ) ;
#1399 = ORIENTED_EDGE ( 'NONE', *, *, #455, .F. ) ;
#1400 = ORIENTED_EDGE ( 'NONE', *, *, #1805, .F. ) ;
#1401 = CARTESIAN_POINT ( 'NONE',  ( -14.26491808083536306, 10.00000000000000000, 1.400676360195071801 ) ) ;
#1402 = DIRECTION ( 'NONE',  ( -1.000000000000000000, 0.000000000000000000, -3.469446951953613696E-16 ) ) ;
#1403 = CARTESIAN_POINT ( 'NONE',  ( -10.11648729581990835, 2.834936490538902287, 6.427759693528400931 ) ) ;
#1404 = CARTESIAN_POINT ( 'NONE',  ( -8.866487295819853287, 3.556624327025963428, 7.049530525994586405 ) ) ;
#1405 = CARTESIAN_POINT ( 'NONE',  ( -13.69463538050740503, 5.000000000000000000, 2.293645109761491607 ) ) ;
#1406 =( BOUNDED_CURVE ( )  B_SPLINE_CURVE ( 2, ( #2704, #2663, #35, #2684, #1560, #2403, #2422 ),
 .UNSPECIFIED., .F., .T. ) 
 B_SPLINE_CURVE_WITH_KNOTS ( ( 3, 2, 2, 3 ),
 ( 0.7777777777777776791, 0.7870370370370369795, 0.7962962962962961688, 0.8055555555555554692 ),
 .UNSPECIFIED. ) 
 CURVE ( )  GEOMETRIC_REPRESENTATION_ITEM ( )  RATIONAL_B_SPLINE_CURVE ( ( 1.000000000000001554, 0.8660254037844371533, 1.000000000000000000, 0.8660254037844387076, 1.000000000000000000, 0.8660254037844402619, 0.9999999999999984457 ) ) 
 REPRESENTATION_ITEM ( '' )  );
#1407 = CARTESIAN_POINT ( 'NONE',  ( -12.53056133816365580, 7.016235385111460054, 6.685728443094824947 ) ) ;
#1408 = EDGE_CURVE ( 'NONE', #78, #2321, #1794, .T. ) ;
#1409 = FACE_OUTER_BOUND ( 'NONE', #1564, .T. ) ;
#1410 = EDGE_CURVE ( 'NONE', #2188, #1344, #3347, .T. ) ;
#1411 = CARTESIAN_POINT ( 'NONE',  ( -13.69463538050740681, 5.000000000000000000, 5.865520109761491518 ) ) ;
#1412 = EDGE_CURVE ( 'NONE', #1904, #289, #693, .T. ) ;
#1413 = CARTESIAN_POINT ( 'NONE',  ( -12.53056133816365580, 7.016235385111460054, 5.098228443094825479 ) ) ;
#1414 = CARTESIAN_POINT ( 'NONE',  ( -8.866487295819908354, 3.556624327025934118, 5.779530525994585055 ) ) ;
#1415 = CARTESIAN_POINT ( 'NONE',  ( -12.61648729581990658, 7.165063509461097269, 6.229322192661249424 ) ) ;
#1416 = CARTESIAN_POINT ( 'NONE',  ( -13.69463538050740681, 6.344156923407640036, 7.029686776428157202 ) ) ;
#1417 = CARTESIAN_POINT ( 'NONE',  ( -11.36648729581990480, 2.311686153184720371, 4.278020109761492051 ) ) ;
#1418 = CARTESIAN_POINT ( 'NONE',  ( -12.53056133816365758, 2.983764614888540390, 5.600936776428159014 ) ) ;
#1419 = EDGE_LOOP ( 'NONE', ( #2170, #1676, #1875, #3315 ) ) ;
#1420 = ORIENTED_EDGE ( 'NONE', *, *, #2868, .F. ) ;
#1421 = CARTESIAN_POINT ( 'NONE',  ( -10.11648729581990303, 7.165063509461097269, 2.366405525994583314 ) ) ;
#1422 = CARTESIAN_POINT ( 'NONE',  ( -13.86648729581990658, 5.000000000000000000, 7.234738859327915605 ) ) ;
#1423 = CARTESIAN_POINT ( 'NONE',  ( -13.86648729581990658, 5.000000000000000000, 5.369426360195067360 ) ) ;
#1424 = CARTESIAN_POINT ( 'NONE',  ( -8.866487295819904801, 5.000000000000000000, 4.258176360195069066 ) ) ;
#1425 = CARTESIAN_POINT ( 'NONE',  ( -11.36648729581990480, 2.311686153184720371, 2.055520109761492353 ) ) ;
#1426 = CARTESIAN_POINT ( 'NONE',  ( -8.866487295819904801, 6.443375672974065438, 1.744634693528402059 ) ) ;
#1427 = EDGE_LOOP ( 'NONE', ( #2709, #2442, #1468, #1911 ) ) ;
#1428 = VECTOR ( 'NONE', #1889, 1000.000000000000000 ) ;
#1429 = CARTESIAN_POINT ( 'NONE',  ( -12.53056133816365758, 2.983764614888540390, 5.918436776428158907 ) ) ;
#1430 = AXIS2_PLACEMENT_3D ( 'NONE', #2491, #770, #3039 ) ;
#1431 = CARTESIAN_POINT ( 'NONE',  ( -12.53056133816365758, 2.983764614888540390, 4.569061776428158694 ) ) ;
#1432 = CARTESIAN_POINT ( 'NONE',  ( -8.866487295819906578, 6.443375672974065438, 5.514947192661251663 ) ) ;
#1433 = AXIS2_PLACEMENT_3D ( 'NONE', #2598, #1741, #2042 ) ;
#1434 = CARTESIAN_POINT ( 'NONE',  ( -9.140163023708032242, 4.319005330711148893, 7.226791683789082654 ) ) ;
#1435 = FACE_OUTER_BOUND ( 'NONE', #2750, .T. ) ;
#1436 = CARTESIAN_POINT ( 'NONE',  ( -13.69463538050740858, 3.655843076592360852, 5.891978443094824769 ) ) ;
#1437 = ORIENTED_EDGE ( 'NONE', *, *, #3356, .T. ) ;
#1438 = ORIENTED_EDGE ( 'NONE', *, *, #1408, .T. ) ;
#1439 = LINE ( 'NONE', #292, #3130 ) ;
#1440 = CARTESIAN_POINT ( 'NONE',  ( -10.11648729581990658, 2.834936490538902287, 2.617759693528401765 ) ) ;
#1441 = CARTESIAN_POINT ( 'NONE',  ( -10.11648729581990658, 2.834936490538902287, 4.205259693528401677 ) ) ;
#1442 = CARTESIAN_POINT ( 'NONE',  ( -9.038339211132406348, 3.655843076592358631, 4.092811776428160186 ) ) ;
#1443 = CARTESIAN_POINT ( 'NONE',  ( -11.36648729581990480, 2.311686153184720371, 3.325520109761491927 ) ) ;
#1444 = CARTESIAN_POINT ( 'NONE',  ( -8.866487295819906578, 3.556624327025934118, 2.326718026861735122 ) ) ;
#1445 = ORIENTED_EDGE ( 'NONE', *, *, #1216, .T. ) ;
#1446 = DIRECTION ( 'NONE',  ( 2.992521824128285357E-16, -0.000000000000000000, -1.000000000000000000 ) ) ;
#1447 = CARTESIAN_POINT ( 'NONE',  ( -13.69463538050740681, 5.000000000000000000, 5.548020109761491625 ) ) ;
#1448 = CARTESIAN_POINT ( 'NONE',  ( -13.69463538050740681, 3.655843076592360852, 3.907603443094824769 ) ) ;
#1449 = CARTESIAN_POINT ( 'NONE',  ( -12.61648729581990835, 2.834936490538903620, 5.382655525994582746 ) ) ;
#1450 = CARTESIAN_POINT ( 'NONE',  ( -10.11648729581990303, 7.165063509461097269, 3.636405525994583332 ) ) ;
#1451 = CARTESIAN_POINT ( 'NONE',  ( -10.20241325347615380, 7.016235385111460054, 1.632186776428159236 ) ) ;
#1452 = CARTESIAN_POINT ( 'NONE',  ( -9.038339211132406348, 5.000000000000000000, 4.754270109761493224 ) ) ;
#1453 = ORIENTED_EDGE ( 'NONE', *, *, #3153, .F. ) ;
#1454 = VERTEX_POINT ( 'NONE', #128 ) ;
#1455 = PERSON_AND_ORGANIZATION ( #193, #1828 ) ;
#1456 = FACE_OUTER_BOUND ( 'NONE', #912, .T. ) ;
#1457 = CARTESIAN_POINT ( 'NONE',  ( -12.61648729581990835, 2.834936490538903620, 7.009843026861735105 ) ) ;
#1458 = CARTESIAN_POINT ( 'NONE',  ( -10.20241325347615735, 2.983764614888539057, 5.018853443094825728 ) ) ;
#1459 = CARTESIAN_POINT ( 'NONE',  ( -12.53056133816365580, 2.983764614888540390, 3.616561776428158570 ) ) ;
#1460 = CARTESIAN_POINT ( 'NONE',  ( -8.866487295819906578, 3.556624327025934118, 3.279218026861735247 ) ) ;
#1461 = CARTESIAN_POINT ( 'NONE',  ( -8.866487295819906578, 5.000000000000000000, 5.528176360195069527 ) ) ;
#1462 = CARTESIAN_POINT ( 'NONE',  ( -11.36648729581990658, 7.688313846815280073, 6.103645109761491661 ) ) ;
#1463 = CARTESIAN_POINT ( 'NONE',  ( -13.69463538050740503, 5.000000000000000000, 3.881145109761491518 ) ) ;
#1464 = CARTESIAN_POINT ( 'NONE',  ( -13.86648729581990835, 6.443375672974065438, 7.208280525994582355 ) ) ;
#1465 = CARTESIAN_POINT ( 'NONE',  ( -13.86648729581990480, 5.000000000000000000, 2.472238859327914984 ) ) ;
#1466 = DIRECTION ( 'NONE',  ( 2.992521824128285357E-16, -0.000000000000000000, -1.000000000000000000 ) ) ;
#1467 = CARTESIAN_POINT ( 'NONE',  ( -9.038339211132406348, 3.655843076592358631, 5.997811776428159547 ) ) ;
#1468 = ORIENTED_EDGE ( 'NONE', *, *, #2163, .F. ) ;
#1469 = EDGE_LOOP ( 'NONE', ( #1816, #471, #1931, #2330 ) ) ;
#1470 = SHAPE_DEFINITION_REPRESENTATION ( #601, #1757 ) ;
#1471 = CARTESIAN_POINT ( 'NONE',  ( -8.866487295819906578, 5.000000000000000000, 7.075988859327917879 ) ) ;
#1472 = CARTESIAN_POINT ( 'NONE',  ( -12.61648729581990658, 7.165063509461097269, 4.959322192661248963 ) ) ;
#1473 = CARTESIAN_POINT ( 'NONE',  ( -8.866487295819906578, 5.000000000000000000, 5.528176360195069527 ) ) ;
#1474 = CARTESIAN_POINT ( 'NONE',  ( -12.53056133816365758, 2.983764614888540390, 4.965936776428158339 ) ) ;
#1475 = CARTESIAN_POINT ( 'NONE',  ( -11.36648729581990658, 2.311686153184720371, 4.595520109761491945 ) ) ;
#1476 = CARTESIAN_POINT ( 'NONE',  ( -12.61648729581990480, 7.165063509461097269, 2.776509693528401268 ) ) ;
#1477 = CARTESIAN_POINT ( 'NONE',  ( -13.86648729581990658, 5.000000000000000000, 5.051926360195067467 ) ) ;
#1478 = DIRECTION ( 'NONE',  ( 0.9562637134616424062, -0.2925059150112179762, 0.000000000000000000 ) ) ;
#1479 = CARTESIAN_POINT ( 'NONE',  ( -11.36648729581990480, 7.688313846815280073, 3.484270109761492318 ) ) ;
#1480 = CARTESIAN_POINT ( 'NONE',  ( -10.20241325347615557, 7.016235385111460054, 4.410311776428160080 ) ) ;
#1481 = CARTESIAN_POINT ( 'NONE',  ( -13.69463538050740681, 6.344156923407640924, 1.711561776428158321 ) ) ;
#1482 = DIRECTION ( 'NONE',  ( 2.992521824128285357E-16, -0.000000000000000000, -1.000000000000000000 ) ) ;
#1483 = DIRECTION ( 'NONE',  ( -0.000000000000000000, -0.000000000000000000, -1.000000000000000000 ) ) ;
#1484 = AXIS2_PLACEMENT_3D ( 'NONE', #821, #2022, #1740 ) ;
#1485 = CARTESIAN_POINT ( 'NONE',  ( -12.53056133816365758, 2.983764614888540390, 5.283436776428158232 ) ) ;
#1486 = VERTEX_POINT ( 'NONE', #2475 ) ;
#1487 = CARTESIAN_POINT ( 'NONE',  ( -12.61648729581990480, 7.165063509461097269, 2.736822192661249264 ) ) ;
#1488 = COORDINATED_UNIVERSAL_TIME_OFFSET ( 0, 0, .AHEAD. ) ;
#1489 = CARTESIAN_POINT ( 'NONE',  ( -11.36648729581990480, 2.113248654051870901, 1.956301360195068284 ) ) ;
#1490 = AXIS2_PLACEMENT_3D ( 'NONE', #1039, #2714, #2196 ) ;
#1491 = CARTESIAN_POINT ( 'NONE',  ( -13.86648729581990658, 5.000000000000000000, 7.391651446600887354 ) ) ;
#1492 = CARTESIAN_POINT ( 'NONE',  ( -13.86648729581990658, 5.000000000000000000, 6.599738859327914930 ) ) ;
#1493 = CARTESIAN_POINT ( 'NONE',  ( -9.038339211132406348, 3.655843076592358631, 5.362811776428159760 ) ) ;
#1494 = CARTESIAN_POINT ( 'NONE',  ( -12.53056133816365580, 7.016235385111460054, 4.780728443094825586 ) ) ;
#1495 = ADVANCED_FACE ( 'NONE', ( #2184 ), #3349, .F. ) ;
#1496 = CARTESIAN_POINT ( 'NONE',  ( -10.11648729581990303, 7.165063509461097269, 3.358593026861735442 ) ) ;
#1497 = CARTESIAN_POINT ( 'NONE',  ( -13.86648729581990658, 5.000000000000000000, 7.391651446600887354 ) ) ;
#1498 = CARTESIAN_POINT ( 'NONE',  ( -16.74831364969582737, 0.000000000000000000, 4.968826501371166771 ) ) ;
#1499 = CARTESIAN_POINT ( 'NONE',  ( -9.038339211132406348, 3.655843076592358631, 4.330936776428159440 ) ) ;
#1500 = CARTESIAN_POINT ( 'NONE',  ( -9.038339211132406348, 3.655843076592358631, 6.870936776428159476 ) ) ;
#1501 = CARTESIAN_POINT ( 'NONE',  ( -9.263821337807453205, 3.327223410926222869, 7.358620288772514506 ) ) ;
#1502 = CARTESIAN_POINT ( 'NONE',  ( -8.866487295819904801, 5.000000000000000888, 2.948488859327917044 ) ) ;
#1503 = CARTESIAN_POINT ( 'NONE',  ( -13.69463538050740503, 6.344156923407640036, 2.664061776428158446 ) ) ;
#1504 = CARTESIAN_POINT ( 'NONE',  ( -9.038339211132406348, 5.000000000000000000, 6.659270109761493472 ) ) ;
#1505 = ORIENTED_EDGE ( 'NONE', *, *, #2958, .T. ) ;
#1506 = CARTESIAN_POINT ( 'NONE',  ( -12.61648729581990480, 7.165063509461097269, 2.419322192661249371 ) ) ;
#1507 = CARTESIAN_POINT ( 'NONE',  ( -8.866487295819906578, 5.000000000000000000, 6.798176360195069101 ) ) ;
#1508 = DIRECTION ( 'NONE',  ( -0.000000000000000000, -0.000000000000000000, 1.000000000000000000 ) ) ;
#1509 = CARTESIAN_POINT ( 'NONE',  ( -8.866487295819904801, 5.000000000000000000, 1.678488859327917027 ) ) ;
#1510 = CARTESIAN_POINT ( 'NONE',  ( -13.86648729581990480, 5.000000000000000000, 4.099426360195067787 ) ) ;
#1511 = CARTESIAN_POINT ( 'NONE',  ( -13.69463538050740858, 6.344156923407640924, 6.474061776428158055 ) ) ;
#1512 = CARTESIAN_POINT ( 'NONE',  ( -12.53056133816365580, 2.983764614888540390, 3.934061776428158907 ) ) ;
#1513 = CARTESIAN_POINT ( 'NONE',  ( -12.61648729581990480, 7.165063509461097269, 3.094009693528401161 ) ) ;
#1514 = DIRECTION ( 'NONE',  ( 2.992521824128285357E-16, -0.000000000000000000, -1.000000000000000000 ) ) ;
#1515 = CARTESIAN_POINT ( 'NONE',  ( -14.43148729581990430, 10.00000000000000000, 7.391651446600886466 ) ) ;
#1516 = CARTESIAN_POINT ( 'NONE',  ( -11.36648729581990480, 2.311686153184720371, 3.008020109761492478 ) ) ;
#1517 = CARTESIAN_POINT ( 'NONE',  ( -13.69463538050740858, 3.655843076592360852, 6.130103443094824911 ) ) ;
#1518 = CARTESIAN_POINT ( 'NONE',  ( -9.038339211132406348, 3.655843076592358631, 1.870311776428159378 ) ) ;
#1519 = EDGE_CURVE ( 'NONE', #3640, #547, #2472, .T. ) ;
#1520 = DIRECTION ( 'NONE',  ( 2.992521824128285357E-16, -0.000000000000000000, -1.000000000000000000 ) ) ;
#1521 = CARTESIAN_POINT ( 'NONE',  ( -11.36648729581990480, 2.311686153184720371, 3.404895109761491678 ) ) ;
#1522 = ADVANCED_FACE ( 'NONE', ( #3470 ), #3139, .F. ) ;
#1523 = CARTESIAN_POINT ( 'NONE',  ( -13.69463538050740858, 3.655843076592360852, 7.161978443094824343 ) ) ;
#1524 = VERTEX_POINT ( 'NONE', #1746 ) ;
#1525 = CARTESIAN_POINT ( 'NONE',  ( -8.866487295819906578, 5.000000000000000000, 7.391651446600889130 ) ) ;
#1526 = CARTESIAN_POINT ( 'NONE',  ( -10.11648729581990303, 7.165063509461097269, 2.723593026861735211 ) ) ;
#1527 = ORIENTED_EDGE ( 'NONE', *, *, #2477, .T. ) ;
#1528 = CARTESIAN_POINT ( 'NONE',  ( -11.36648729581990658, 2.113248654051870901, 4.813801360195066437 ) ) ;
#1529 = CARTESIAN_POINT ( 'NONE',  ( -13.86648729581990658, 5.000000000000000000, 6.917238859327915712 ) ) ;
#1530 = CARTESIAN_POINT ( 'NONE',  ( -13.69463538050740681, 5.000000000000000000, 6.183020109761491412 ) ) ;
#1531 = CARTESIAN_POINT ( 'NONE',  ( -10.20241325347615735, 2.983764614888539057, 4.621978443094826083 ) ) ;
#1532 = CARTESIAN_POINT ( 'NONE',  ( -12.61648729581990658, 7.165063509461097269, 4.681509693528401961 ) ) ;
#1533 = FACE_OUTER_BOUND ( 'NONE', #111, .T. ) ;
#1534 = CARTESIAN_POINT ( 'NONE',  ( -13.69463538050740681, 5.000000000000000000, 7.135520109761491980 ) ) ;
#1535 = CARTESIAN_POINT ( 'NONE',  ( -12.53056133816365403, 7.016235385111460054, 2.875728443094825337 ) ) ;
#1536 = CARTESIAN_POINT ( 'NONE',  ( -13.69463538050740858, 3.655843076592360852, 6.765103443094825586 ) ) ;
#1537 = CARTESIAN_POINT ( 'NONE',  ( -10.11648729581990835, 2.834936490538902287, 7.023072192661249602 ) ) ;
#1538 = DIRECTION ( 'NONE',  ( 0.000000000000000000, -0.000000000000000000, -1.000000000000000000 ) ) ;
#1539 = CARTESIAN_POINT ( 'NONE',  ( -12.53056133816365580, 2.983764614888540390, 3.060936776428158534 ) ) ;
#1540 = EDGE_CURVE ( 'NONE', #2425, #1344, #575, .T. ) ;
#1541 = CARTESIAN_POINT ( 'NONE',  ( -11.36648729581990658, 2.311686153184720371, 6.579895109761491945 ) ) ;
#1542 = ORIENTED_EDGE ( 'NONE', *, *, #2081, .F. ) ;
#1543 = CARTESIAN_POINT ( 'NONE',  ( -13.86648729581990480, 6.443375672974065438, 1.810780525994581946 ) ) ;
#1544 = CARTESIAN_POINT ( 'NONE',  ( -11.36648729581990658, 7.886751345948129099, 6.877551360195068852 ) ) ;
#1545 = VECTOR ( 'NONE', #482, 1000.000000000000000 ) ;
#1546 =( BOUNDED_CURVE ( )  B_SPLINE_CURVE ( 2, ( #605, #1777, #3463, #1489, #1989, #858, #3743 ),
 .UNSPECIFIED., .F., .T. ) 
 B_SPLINE_CURVE_WITH_KNOTS ( ( 3, 2, 2, 3 ),
 ( 0.08333333333333334259, 0.09259259259259258745, 0.1018518518518518323, 0.1111111111111110772 ),
 .UNSPECIFIED. ) 
 CURVE ( )  GEOMETRIC_REPRESENTATION_ITEM ( )  RATIONAL_B_SPLINE_CURVE ( ( 0.9999999999999997780, 0.8660254037844388186, 1.000000000000000000, 0.8660254037844387076, 1.000000000000000000, 0.8660254037844391517, 0.9999999999999995559 ) ) 
 REPRESENTATION_ITEM ( '' )  );
#1547 = VECTOR ( 'NONE', #904, 1000.000000000000000 ) ;
#1548 = CARTESIAN_POINT ( 'NONE',  ( -13.86648729581990480, 5.000000000000000000, 2.829426360195067769 ) ) ;
#1549 = ORIENTED_EDGE ( 'NONE', *, *, #2916, .T. ) ;
#1550 = LINE ( 'NONE', #2733, #3008 ) ;
#1551 = PLANE ( 'NONE',  #2158 ) ;
#1552 = CARTESIAN_POINT ( 'NONE',  ( -11.36648729581990658, 7.688313846815280073, 5.786145109761491767 ) ) ;
#1553 = CARTESIAN_POINT ( 'NONE',  ( -8.866487295819906578, 5.000000000000000000, 5.210676360195068746 ) ) ;
#1554 = DIRECTION ( 'NONE',  ( 2.992521824128285357E-16, -0.000000000000000000, -1.000000000000000000 ) ) ;
#1555 = APPROVAL ( #3795, 'UNSPECIFIED' ) ;
#1556 = DIRECTION ( 'NONE',  ( 2.992521824128285357E-16, -0.000000000000000000, -1.000000000000000000 ) ) ;
#1557 = CARTESIAN_POINT ( 'NONE',  ( -10.20241325347615735, 2.983764614888539057, 5.256978443094824982 ) ) ;
#1558 = CARTESIAN_POINT ( 'NONE',  ( -13.69463538050740858, 6.344156923407640924, 5.759686776428158517 ) ) ;
#1559 = CARTESIAN_POINT ( 'NONE',  ( -9.038339211132404571, 6.344156923407640036, 2.558228443094826332 ) ) ;
#1560 = CARTESIAN_POINT ( 'NONE',  ( -12.61648729581990658, 7.165063509461097269, 5.951509693528402423 ) ) ;
#1561 = CARTESIAN_POINT ( 'NONE',  ( -9.038339211132404571, 5.000000000000000000, 2.849270109761492975 ) ) ;
#1562 = EDGE_CURVE ( 'NONE', #2231, #3597, #2852, .T. ) ;
#1563 = CARTESIAN_POINT ( 'NONE',  ( -11.36648729581990480, 2.311686153184720371, 1.738020109761492238 ) ) ;
#1564 = EDGE_LOOP ( 'NONE', ( #2302, #3382, #2667, #585 ) ) ;
#1565 = CARTESIAN_POINT ( 'NONE',  ( -13.86648729581990480, 5.000000000000000000, 1.837238859327915419 ) ) ;
#1566 = CARTESIAN_POINT ( 'NONE',  ( -13.86648729581990480, 6.443375672974065438, 2.485468026861734625 ) ) ;
#1567 = CARTESIAN_POINT ( 'NONE',  ( -13.69463538050740681, 6.344156923407640924, 2.346561776428158108 ) ) ;
#1568 = VERTEX_POINT ( 'NONE', #2322 ) ;
#1569 = CARTESIAN_POINT ( 'NONE',  ( -11.36648729581990658, 5.000000000000000000, 7.391651446600888242 ) ) ;
#1570 = CARTESIAN_POINT ( 'NONE',  ( -13.69463538050740858, 6.344156923407640924, 5.839061776428158268 ) ) ;
#1571 = EDGE_CURVE ( 'NONE', #137, #1077, #3372, .T. ) ;
#1572 = EDGE_CURVE ( 'NONE', #1304, #3641, #2549, .T. ) ;
#1573 = CARTESIAN_POINT ( 'NONE',  ( -10.11648729581990658, 2.834936490538902287, 3.887759693528401339 ) ) ;
#1574 = CARTESIAN_POINT ( 'NONE',  ( -12.61648729581990835, 2.834936490538903620, 7.287655525994582995 ) ) ;
#1575 = DIRECTION ( 'NONE',  ( 0.6911200784254146745, -0.000000000000000000, -0.7227399512945501536 ) ) ;
#1576 = CARTESIAN_POINT ( 'NONE',  ( -13.69463538050740681, 5.000000000000000000, 4.516145109761491305 ) ) ;
#1577 = CARTESIAN_POINT ( 'NONE',  ( -11.36648729581990658, 7.688313846815280073, 5.389270109761492122 ) ) ;
#1578 = CARTESIAN_POINT ( 'NONE',  ( -12.53056133816365403, 7.016235385111460054, 2.320103443094825302 ) ) ;
#1579 = CARTESIAN_POINT ( 'NONE',  ( -11.36648729581990480, 7.886751345948129099, 4.297863859327916813 ) ) ;
#1580 = CARTESIAN_POINT ( 'NONE',  ( -12.53056133816365580, 2.983764614888540390, 2.425936776428158304 ) ) ;
#1581 = CARTESIAN_POINT ( 'NONE',  ( -9.140161775657311694, 4.319009410852969744, 7.279708350455750043 ) ) ;
#1582 = EDGE_LOOP ( 'NONE', ( #1308, #2557, #995, #251 ) ) ;
#1583 = CARTESIAN_POINT ( 'NONE',  ( -12.61648729581990480, 7.165063509461097269, 3.689322192661248945 ) ) ;
#1584 = DIRECTION ( 'NONE',  ( -1.000000000000000000, 0.000000000000000000, -3.469446951953613696E-16 ) ) ;
#1585 = CARTESIAN_POINT ( 'NONE',  ( -9.038339211132404571, 6.344156923407640036, 2.558228443094826332 ) ) ;
#1586 = EDGE_LOOP ( 'NONE', ( #3794, #1621, #159, #954 ) ) ;
#1587 = ORIENTED_EDGE ( 'NONE', *, *, #6, .T. ) ;
#1588 = CARTESIAN_POINT ( 'NONE',  ( -8.866487295819906578, 5.000000000000000000, 5.170988859327917631 ) ) ;
#1589 = CARTESIAN_POINT ( 'NONE',  ( -13.69463538050740858, 3.655843076592360852, 5.574478443094824875 ) ) ;
#1590 = CARTESIAN_POINT ( 'NONE',  ( -8.866487295819908354, 3.556624327025934118, 5.184218026861735495 ) ) ;
#1591 = CARTESIAN_POINT ( 'NONE',  ( -13.86648729581990658, 3.556624327025937227, 2.181197192661248785 ) ) ;
#1592 = CARTESIAN_POINT ( 'NONE',  ( -12.61648729581990480, 7.165063509461097269, 1.506509693528401472 ) ) ;
#1593 = CARTESIAN_POINT ( 'NONE',  ( -11.36648729581990658, 2.311686153184720371, 5.865520109761492407 ) ) ;
#1594 = CARTESIAN_POINT ( 'NONE',  ( -9.038339211132404571, 5.000000000000000000, 2.531770109761493082 ) ) ;
#1595 = CARTESIAN_POINT ( 'NONE',  ( -8.866487295819906578, 5.000000000000000000, 7.391651446600889130 ) ) ;
#1596 = CARTESIAN_POINT ( 'NONE',  ( -13.69463538050740503, 5.000000000000000000, 3.960520109761491714 ) ) ;
#1597 = CARTESIAN_POINT ( 'NONE',  ( -11.36648729581990480, 7.688313846815280073, 3.166770109761491980 ) ) ;
#1598 = EDGE_LOOP ( 'NONE', ( #2913, #1192, #2367, #2841, #517, #2648, #58, #2541, #1839, #131, #2486, #1627, #2861, #2487, #3776, #953, #1910, #2409, #1686, #3461, #490, #2672, #2076, #1102, #3785, #2295, #2972, #2912, #1704, #2505, #1172, #381, #2948, #1191, #282, #1399, #3027, #800, #1754 ) ) ;
#1599 = CARTESIAN_POINT ( 'NONE',  ( -11.36648729581990480, 7.886751345948129099, 4.297863859327916813 ) ) ;
#1600 = CARTESIAN_POINT ( 'NONE',  ( -8.866487295819895920, 6.443375672974059221, 3.332134693528402636 ) ) ;
#1601 = CARTESIAN_POINT ( 'NONE',  ( -13.69463538050740681, 5.000000000000000000, 6.738645109761492336 ) ) ;
#1602 = CC_DESIGN_PERSON_AND_ORGANIZATION_ASSIGNMENT ( #2878, #1755, ( #2677 ) ) ;
#1603 = CARTESIAN_POINT ( 'NONE',  ( -13.69463538050740681, 3.655843076592360852, 1.685103443094825071 ) ) ;
#1604 = CARTESIAN_POINT ( 'NONE',  ( -12.53056133816365403, 7.016235385111460054, 1.685103443094825515 ) ) ;
#1605 = ORIENTED_EDGE ( 'NONE', *, *, #3708, .F. ) ;
#1606 = ORIENTED_EDGE ( 'NONE', *, *, #2199, .T. ) ;
#1607 = CYLINDRICAL_SURFACE ( 'NONE', #1490, 2.500000000000000444 ) ;
#1608 = DIRECTION ( 'NONE',  ( -1.000000000000000000, -0.000000000000000000, -0.000000000000000000 ) ) ;
#1609 = ADVANCED_FACE ( 'NONE', ( #1409 ), #3452, .F. ) ;
#1610 = VECTOR ( 'NONE', #1935, 1000.000000000000000 ) ;
#1611 = CARTESIAN_POINT ( 'NONE',  ( -13.86648729581990835, 3.556624327025936338, 5.078384693528401606 ) ) ;
#1612 = AXIS2_PLACEMENT_3D ( 'NONE', #1295, #2455, #2161 ) ;
#1613 = CARTESIAN_POINT ( 'NONE',  ( -11.36648729581990658, 5.000000000000000000, 7.391651446600888242 ) ) ;
#1614 = EDGE_CURVE ( 'NONE', #3110, #78, #3749, .T. ) ;
#1615 = CARTESIAN_POINT ( 'NONE',  ( -13.86648729581989059, 6.443375672974076096, 6.295468026861735567 ) ) ;
#1616 = CARTESIAN_POINT ( 'NONE',  ( -10.20241325347615557, 7.016235385111460054, 5.997811776428159547 ) ) ;
#1617 = CARTESIAN_POINT ( 'NONE',  ( -13.69463538050740681, 6.344156923407640924, 2.346561776428158108 ) ) ;
#1618 = CARTESIAN_POINT ( 'NONE',  ( -10.11648729581990658, 2.834936490538902287, 3.213072192661249993 ) ) ;
#1619 = CARTESIAN_POINT ( 'NONE',  ( -10.20241325347615380, 7.016235385111460054, 4.172186776428159050 ) ) ;
#1620 = CARTESIAN_POINT ( 'NONE',  ( -9.038339211132404571, 6.344156923407640036, 3.431353443094826261 ) ) ;
#1621 = ORIENTED_EDGE ( 'NONE', *, *, #3706, .T. ) ;
#1622 = CARTESIAN_POINT ( 'NONE',  ( -12.61648729581990480, 7.165063509461097269, 4.324322192661249176 ) ) ;
#1623 = CARTESIAN_POINT ( 'NONE',  ( -16.74831364969582737, 10.00000000000000000, 4.968826501371166771 ) ) ;
#1624 = CARTESIAN_POINT ( 'NONE',  ( -12.53056133816365758, 2.983764614888540390, 6.474061776428158055 ) ) ;
#1625 = CARTESIAN_POINT ( 'NONE',  ( -9.038339211132406348, 3.655843076592358631, 2.425936776428159636 ) ) ;
#1626 = CARTESIAN_POINT ( 'NONE',  ( -10.20241325347615380, 7.016235385111460054, 4.172186776428159050 ) ) ;
#1627 = ORIENTED_EDGE ( 'NONE', *, *, #3318, .F. ) ;
#1628 = ORIENTED_EDGE ( 'NONE', *, *, #1412, .F. ) ;
#1629 = VERTEX_POINT ( 'NONE', #1123 ) ;
#1630 = CARTESIAN_POINT ( 'NONE',  ( -8.866487295819906578, 5.000000000000000000, 4.575676360195068959 ) ) ;
#1631 = CARTESIAN_POINT ( 'NONE',  ( -8.866487295819906578, 5.000000000000000000, 7.391651446600889130 ) ) ;
#1632 = CARTESIAN_POINT ( 'NONE',  ( -13.86648729581990835, 3.556624327025936338, 5.395884693528400611 ) ) ;
#1633 = CARTESIAN_POINT ( 'NONE',  ( -8.866487295819906578, 5.000000000000000000, 5.210676360195068746 ) ) ;
#1634 = CARTESIAN_POINT ( 'NONE',  ( -10.11648729581990480, 7.165063509461097269, 4.946093026861735353 ) ) ;
#1635 = CARTESIAN_POINT ( 'NONE',  ( -9.038339211132406348, 3.655843076592358631, 6.870936776428159476 ) ) ;
#1636 = CARTESIAN_POINT ( 'NONE',  ( -13.69463538050740503, 5.000000000000000000, 2.690520109761491696 ) ) ;
#1637 = CARTESIAN_POINT ( 'NONE',  ( -8.866487295819904801, 5.000000000000000000, 2.353176360195068817 ) ) ;
#1638 = CARTESIAN_POINT ( 'NONE',  ( -9.038339211132404571, 6.344156923407639148, 3.828228443094825906 ) ) ;
#1639 = ADVANCED_FACE ( 'NONE', ( #3769 ), #2247, .F. ) ;
#1640 = CARTESIAN_POINT ( 'NONE',  ( -13.69463538050740681, 3.655843076592360852, 2.637603443094825195 ) ) ;
#1641 = ORIENTED_EDGE ( 'NONE', *, *, #1218, .T. ) ;
#1642 = CARTESIAN_POINT ( 'NONE',  ( -13.86648729581990480, 5.000000000000000000, 3.424738859327915552 ) ) ;
#1643 = LINE ( 'NONE', #1340, #1428 ) ;
#1644 = CARTESIAN_POINT ( 'NONE',  ( -10.20241325347615557, 7.016235385111460054, 5.997811776428159547 ) ) ;
#1645 = CARTESIAN_POINT ( 'NONE',  ( -9.038339211132404571, 6.344156923407640036, 2.161353443094825799 ) ) ;
#1646 = CARTESIAN_POINT ( 'NONE',  ( -10.20241325347615380, 7.016235385111460054, 2.902186776428159476 ) ) ;
#1647 = VERTEX_POINT ( 'NONE', #1995 ) ;
#1648 = ORIENTED_EDGE ( 'NONE', *, *, #122, .F. ) ;
#1649 = DIRECTION ( 'NONE',  ( 2.992521824128285357E-16, -0.000000000000000000, -1.000000000000000000 ) ) ;
#1650 = CARTESIAN_POINT ( 'NONE',  ( -13.86648729581990658, 5.000000000000000000, 7.391651446600887354 ) ) ;
#1651 = EDGE_CURVE ( 'NONE', #2499, #3478, #2570, .T. ) ;
#1652 =( BOUNDED_CURVE ( )  B_SPLINE_CURVE ( 2, ( #3040, #2673, #349, #1528, #3262, #1252, #334 ),
 .UNSPECIFIED., .F., .F. ) 
 B_SPLINE_CURVE_WITH_KNOTS ( ( 3, 2, 2, 3 ),
 ( 0.5833333333333331483, 0.5925925925925923377, 0.6018518518518517491, 0.6111111111111110494 ),
 .UNSPECIFIED. ) 
 CURVE ( )  GEOMETRIC_REPRESENTATION_ITEM ( )  RATIONAL_B_SPLINE_CURVE ( ( 1.000000000000003109, 0.8660254037844354880, 1.000000000000000000, 0.8660254037844387076, 1.000000000000000000, 0.8660254037844402619, 0.9999999999999984457 ) ) 
 REPRESENTATION_ITEM ( '' )  );
#1653 = CARTESIAN_POINT ( 'NONE',  ( -13.86648729581990658, 5.000000000000000000, 6.639426360195067822 ) ) ;
#1654 = CARTESIAN_POINT ( 'NONE',  ( -9.408357049841200137, 3.442213177808874480, 7.180026610957820132 ) ) ;
#1655 = CARTESIAN_POINT ( 'NONE',  ( -13.69463538050740503, 3.655843076592360852, 2.320103443094825302 ) ) ;
#1656 = CARTESIAN_POINT ( 'NONE',  ( -11.36648729581990658, 2.311686153184720371, 7.135520109761491980 ) ) ;
#1657 = CARTESIAN_POINT ( 'NONE',  ( -9.038339211132406348, 5.000000000000000000, 4.754270109761493224 ) ) ;
#1658 = CARTESIAN_POINT ( 'NONE',  ( -13.86648729581990480, 5.000000000000000000, 4.377238859327915677 ) ) ;
#1659 = CARTESIAN_POINT ( 'NONE',  ( -10.20241325347615557, 2.983764614888539057, 3.748853443094825710 ) ) ;
#1660 = ADVANCED_FACE ( 'NONE', ( #3786 ), #3489, .F. ) ;
#1661 = CARTESIAN_POINT ( 'NONE',  ( -9.038339211132404571, 5.000000000000000000, 2.134895109761492993 ) ) ;
#1662 = CARTESIAN_POINT ( 'NONE',  ( -8.866487295819904801, 6.443375672974065438, 4.562447192661250206 ) ) ;
#1663 = PLANE ( 'NONE',  #1189 ) ;
#1664 = CARTESIAN_POINT ( 'NONE',  ( -13.69463538050740681, 3.655843076592360852, 6.447603443094826581 ) ) ;
#1665 = ADVANCED_FACE ( 'NONE', ( #501 ), #1677, .F. ) ;
#1666 = CARTESIAN_POINT ( 'NONE',  ( -10.20241325347615557, 2.983764614888539057, 1.764478443094825932 ) ) ;
#1667 = CARTESIAN_POINT ( 'NONE',  ( -13.69463538050740681, 3.655843076592360852, 3.669478443094825515 ) ) ;
#1668 = ORIENTED_EDGE ( 'NONE', *, *, #1130, .F. ) ;
#1669 = EDGE_LOOP ( 'NONE', ( #1338, #1036, #1895, #554 ) ) ;
#1670 = CARTESIAN_POINT ( 'NONE',  ( -8.301487295819905299, 10.00000000000000000, 7.391651446600884690 ) ) ;
#1671 = DIRECTION ( 'NONE',  ( -1.000000000000000000, 0.000000000000000000, -3.469446951953613696E-16 ) ) ;
#1672 = CARTESIAN_POINT ( 'NONE',  ( -8.866487295819906578, 6.443375672974065438, 6.507134693528402458 ) ) ;
#1673 = CARTESIAN_POINT ( 'NONE',  ( -12.53056133816365580, 2.983764614888540390, 2.029061776428158215 ) ) ;
#1674 = AXIS2_PLACEMENT_3D ( 'NONE', #2333, #2578, #3500 ) ;
#1675 = CARTESIAN_POINT ( 'NONE',  ( -10.20241325347615557, 7.016235385111460054, 6.315311776428159440 ) ) ;
#1676 = ORIENTED_EDGE ( 'NONE', *, *, #2870, .T. ) ;
#1677 = CYLINDRICAL_SURFACE ( 'NONE', #126, 2.500000000000000444 ) ;
#1678 = CARTESIAN_POINT ( 'NONE',  ( -13.69463538050740681, 5.000000000000000000, 4.595520109761491945 ) ) ;
#1679 = CARTESIAN_POINT ( 'NONE',  ( -9.038339211132404571, 5.000000000000000000, 2.769895109761492780 ) ) ;
#1680 = CARTESIAN_POINT ( 'NONE',  ( -13.86648729581990835, 6.443375672974065438, 5.303280525994581218 ) ) ;
#1681 = CARTESIAN_POINT ( 'NONE',  ( -8.866487295819910130, 3.556624327025931009, 2.604530525994583456 ) ) ;
#1682 = CARTESIAN_POINT ( 'NONE',  ( -9.038339211132406348, 5.000000000000000000, 5.944895109761493046 ) ) ;
#1683 = CARTESIAN_POINT ( 'NONE',  ( -9.038339211132404571, 6.344156923407640036, 1.843853443094826350 ) ) ;
#1684 = CARTESIAN_POINT ( 'NONE',  ( -13.69463538050740681, 6.344156923407640924, 3.616561776428158570 ) ) ;
#1685 = VERTEX_POINT ( 'NONE', #2381 ) ;
#1686 = ORIENTED_EDGE ( 'NONE', *, *, #3611, .F. ) ;
#1687 = PLANE ( 'NONE',  #256 ) ;
#1688 = CARTESIAN_POINT ( 'NONE',  ( -10.20241325347615735, 2.983764614888539057, 7.241353443094825870 ) ) ;
#1689 = CARTESIAN_POINT ( 'NONE',  ( -10.11648729581990835, 2.834936490538902287, 5.475259693528402138 ) ) ;
#1690 = EDGE_CURVE ( 'NONE', #3129, #2558, #2679, .T. ) ;
#1691 = LINE ( 'NONE', #2244, #3378 ) ;
#1692 = CARTESIAN_POINT ( 'NONE',  ( -11.36648729581990480, 2.311686153184720371, 3.008020109761492478 ) ) ;
#1693 = ADVANCED_FACE ( 'NONE', ( #1533 ), #1237, .F. ) ;
#1694 = CARTESIAN_POINT ( 'NONE',  ( -11.36648729581990658, 2.311686153184720371, 6.183020109761492300 ) ) ;
#1695 = CARTESIAN_POINT ( 'NONE',  ( -11.36648729581990658, 2.113248654051870901, 5.448801360195068888 ) ) ;
#1696 = CARTESIAN_POINT ( 'NONE',  ( -10.20241325347615735, 2.983764614888539057, 6.923853443094825089 ) ) ;
#1697 = CARTESIAN_POINT ( 'NONE',  ( -11.36648729581990658, 2.311686153184720371, 4.595520109761491945 ) ) ;
#1698 = CARTESIAN_POINT ( 'NONE',  ( -11.36648729581990658, 7.886751345948129099, 4.932863859327915712 ) ) ;
#1699 = CARTESIAN_POINT ( 'NONE',  ( -16.74831364969582737, 10.00000000000000000, 4.968826501371166771 ) ) ;
#1700 = CYLINDRICAL_SURFACE ( 'NONE', #1000, 2.500000000000000444 ) ;
#1701 = CARTESIAN_POINT ( 'NONE',  ( -13.69463538050740681, 6.344156923407640924, 3.537186776428158819 ) ) ;
#1702 = CARTESIAN_POINT ( 'NONE',  ( -11.36648729581990658, 2.311686153184720371, 5.627395109761492265 ) ) ;
#1703 = ORIENTED_EDGE ( 'NONE', *, *, #1690, .T. ) ;
#1704 = ORIENTED_EDGE ( 'NONE', *, *, #3240, .F. ) ;
#1705 = CARTESIAN_POINT ( 'NONE',  ( -14.26491808083536306, 10.00000000000000000, 3.348562319248790775 ) ) ;
#1706 = CARTESIAN_POINT ( 'NONE',  ( -10.11648729581990303, 7.165063509461097269, 1.731405525994583305 ) ) ;
#1707 = CARTESIAN_POINT ( 'NONE',  ( -13.86648729581990658, 5.000000000000000000, 6.956926360195067716 ) ) ;
#1708 = CARTESIAN_POINT ( 'NONE',  ( -13.86648729581990658, 5.000000000000000000, 6.917238859327915712 ) ) ;
#1709 = CARTESIAN_POINT ( 'NONE',  ( -13.69463538050740503, 3.655843076592360852, 2.002603443094824964 ) ) ;
#1710 = CARTESIAN_POINT ( 'NONE',  ( -13.69463538050740858, 6.344156923407640924, 6.394686776428158304 ) ) ;
#1711 = CARTESIAN_POINT ( 'NONE',  ( -11.36648729581990480, 2.113248654051870901, 3.504113859327916192 ) ) ;
#1712 = CARTESIAN_POINT ( 'NONE',  ( -12.53056133816365580, 7.016235385111460054, 6.447603443094825693 ) ) ;
#1713 = CARTESIAN_POINT ( 'NONE',  ( -12.53056133816365403, 7.016235385111460054, 3.828228443094825018 ) ) ;
#1714 = CARTESIAN_POINT ( 'NONE',  ( -10.11648729581990835, 2.834936490538902287, 6.070572192661250810 ) ) ;
#1715 = CARTESIAN_POINT ( 'NONE',  ( -13.86648729581990480, 5.000000000000000000, 3.742238859327915446 ) ) ;
#1716 = CARTESIAN_POINT ( 'NONE',  ( -13.86648729581990480, 5.000000000000000000, 3.742238859327915446 ) ) ;
#1717 = CARTESIAN_POINT ( 'NONE',  ( -11.36648729581990480, 2.311686153184720371, 4.357395109761492691 ) ) ;
#1718 = EDGE_LOOP ( 'NONE', ( #271, #2765, #3052, #2783, #116, #1587, #938, #1796, #169, #3554 ) ) ;
#1719 = ORIENTED_EDGE ( 'NONE', *, *, #1572, .F. ) ;
#1720 = SECURITY_CLASSIFICATION_LEVEL ( 'unclassified' ) ;
#1721 = CARTESIAN_POINT ( 'NONE',  ( -13.86648729581990480, 5.000000000000000000, 4.059738859327915783 ) ) ;
#1722 = DIRECTION ( 'NONE',  ( 2.992521824128285357E-16, -0.000000000000000000, -1.000000000000000000 ) ) ;
#1723 = CARTESIAN_POINT ( 'NONE',  ( -13.86648729581990480, 6.443375672974065438, 3.120468026861733968 ) ) ;
#1724 = CARTESIAN_POINT ( 'NONE',  ( -10.20241325347615735, 2.983764614888539057, 4.701353443094825835 ) ) ;
#1725 =( BOUNDED_CURVE ( )  B_SPLINE_CURVE ( 2, ( #1388, #708, #514, #2545, #550, #1723, #3727 ),
 .UNSPECIFIED., .F., .F. ) 
 B_SPLINE_CURVE_WITH_KNOTS ( ( 3, 2, 2, 3 ),
 ( 0.2777777777777777346, 0.2870370370370369795, 0.2962962962962962798, 0.3055555555555555802 ),
 .UNSPECIFIED. ) 
 CURVE ( )  GEOMETRIC_REPRESENTATION_ITEM ( )  RATIONAL_B_SPLINE_CURVE ( ( 1.000000000000000888, 0.8660254037844379305, 1.000000000000000000, 0.8660254037844387076, 1.000000000000000000, 0.8660254037844387076, 1.000000000000000000 ) ) 
 REPRESENTATION_ITEM ( '' )  );
#1726 = CARTESIAN_POINT ( 'NONE',  ( -9.038339211132406348, 3.655843076592359520, 2.743436776428159973 ) ) ;
#1727 = EDGE_CURVE ( 'NONE', #3620, #991, #357, .T. ) ;
#1728 = CARTESIAN_POINT ( 'NONE',  ( -8.866487295819906578, 3.556624327025934118, 3.596718026861735584 ) ) ;
#1729 = AXIS2_PLACEMENT_3D ( 'NONE', #332, #3012, #3029 ) ;
#1730 = DIRECTION ( 'NONE',  ( 2.992521824128285357E-16, -0.000000000000000000, -1.000000000000000000 ) ) ;
#1731 = CARTESIAN_POINT ( 'NONE',  ( -13.69463538050740681, 5.000000000000000000, 6.818020109761492087 ) ) ;
#1732 = VECTOR ( 'NONE', #527, 1000.000000000000000 ) ;
#1733 = CARTESIAN_POINT ( 'NONE',  ( -13.69463538050740681, 5.000000000000000000, 4.833645109761492087 ) ) ;
#1734 = CARTESIAN_POINT ( 'NONE',  ( -8.866487295819906578, 6.443375672974065438, 6.149947192661250561 ) ) ;
#1735 = CARTESIAN_POINT ( 'NONE',  ( -11.36648729581990480, 2.311686153184720371, 1.817395109761492211 ) ) ;
#1736 = CARTESIAN_POINT ( 'NONE',  ( -13.69463538050740858, 6.344156923407640924, 5.839061776428158268 ) ) ;
#1737 = EDGE_LOOP ( 'NONE', ( #3734, #3537, #1549, #2176, #1154, #584, #2375, #2312, #399, #2687, #565, #3429, #1753, #799, #3374, #3147, #252, #1438, #3393, #2466, #2208, #233, #2771, #2566, #3111, #2726, #3092, #3488, #1738, #176, #406, #196, #3656, #3320, #1894, #2627, #3811, #44, #3339 ) ) ;
#1738 = ORIENTED_EDGE ( 'NONE', *, *, #119, .T. ) ;
#1739 = CALENDAR_DATE ( 2026, 22, 8 ) ;
#1740 = DIRECTION ( 'NONE',  ( -1.000000000000000000, 0.000000000000000000, -3.469446951953613696E-16 ) ) ;
#1741 = DIRECTION ( 'NONE',  ( 2.992521824128285357E-16, -0.000000000000000000, -1.000000000000000000 ) ) ;
#1742 = CARTESIAN_POINT ( 'NONE',  ( -8.866487295819906578, 5.000000000000000000, 5.805988859327917417 ) ) ;
#1743 = CARTESIAN_POINT ( 'NONE',  ( -10.20241325347615557, 7.016235385111460054, 4.489686776428158943 ) ) ;
#1744 = CARTESIAN_POINT ( 'NONE',  ( -9.038339211132404571, 5.000000000000000000, 4.357395109761493579 ) ) ;
#1745 = CARTESIAN_POINT ( 'NONE',  ( -13.86648729581990480, 5.000000000000000000, 2.829426360195067769 ) ) ;
#1746 = CARTESIAN_POINT ( 'NONE',  ( -8.301487295819905299, 10.00000000000000000, 7.391651446600884690 ) ) ;
#1747 = CARTESIAN_POINT ( 'NONE',  ( -13.69463538050740681, 6.344156923407640036, 6.474061776428158055 ) ) ;
#1748 = CARTESIAN_POINT ( 'NONE',  ( -13.69463538050740858, 6.344156923407640924, 4.489686776428158055 ) ) ;
#1749 = CARTESIAN_POINT ( 'NONE',  ( -13.86648729581990835, 6.443375672974065438, 6.255780525994581787 ) ) ;
#1750 = CARTESIAN_POINT ( 'NONE',  ( -11.36648729581990658, 5.000000000000000000, 7.391651446600888242 ) ) ;
#1751 = CARTESIAN_POINT ( 'NONE',  ( -13.69463538050740503, 5.000000000000000000, 1.738020109761491572 ) ) ;
#1752 = CARTESIAN_POINT ( 'NONE',  ( -13.69463538050740858, 6.344156923407640924, 4.886561776428157700 ) ) ;
#1753 = ORIENTED_EDGE ( 'NONE', *, *, #1651, .T. ) ;
#1754 = ORIENTED_EDGE ( 'NONE', *, *, #2363, .F. ) ;
#1755 = PERSON_AND_ORGANIZATION_ROLE ( 'classification_officer' ) ;
#1756 = DIRECTION ( 'NONE',  ( 2.992521824128285357E-16, -0.000000000000000000, -1.000000000000000000 ) ) ;
#1757 = ADVANCED_BREP_SHAPE_REPRESENTATION ( 'AlExtrusionFixingNut', ( #1117, #1285 ), #3102 ) ;
#1758 = CARTESIAN_POINT ( 'NONE',  ( -8.866487295819908354, 3.556624327025934118, 5.184218026861734607 ) ) ;
#1759 = CARTESIAN_POINT ( 'NONE',  ( -8.866487295819926118, 3.556624327025924348, 5.819218026861737059 ) ) ;
#1760 = CARTESIAN_POINT ( 'NONE',  ( -9.038339211132406348, 3.655843076592358631, 4.727811776428159973 ) ) ;
#1761 = CARTESIAN_POINT ( 'NONE',  ( -11.36648729581990480, 7.688313846815280073, 3.484270109761492318 ) ) ;
#1762 = CARTESIAN_POINT ( 'NONE',  ( -8.866487295819904801, 5.000000000000000000, 2.988176360195068604 ) ) ;
#1763 = CARTESIAN_POINT ( 'NONE',  ( -16.74831364969582737, 10.00000000000000000, 3.348562319248790775 ) ) ;
#1764 = CC_DESIGN_PERSON_AND_ORGANIZATION_ASSIGNMENT ( #2650, #837, ( #593 ) ) ;
#1765 = CARTESIAN_POINT ( 'NONE',  ( -13.86648729581990658, 5.000000000000000000, 5.964738859327915144 ) ) ;
#1766 = CARTESIAN_POINT ( 'NONE',  ( -9.038339211132404571, 5.000000000000000000, 3.404895109761493011 ) ) ;
#1767 = CARTESIAN_POINT ( 'NONE',  ( -9.038339211132406348, 6.344156923407640036, 5.018853443094826616 ) ) ;
#1768 = CARTESIAN_POINT ( 'NONE',  ( -8.975827860669252090, 4.268735707746388108, 7.378926960240852040 ) ) ;
#1769 = CARTESIAN_POINT ( 'NONE',  ( -13.86648729581991368, 3.556624327025941668, 3.808384693528401588 ) ) ;
#1770 = CARTESIAN_POINT ( 'NONE',  ( -11.36648729581990658, 5.000000000000000000, 7.391651446600888242 ) ) ;
#1771 = EDGE_CURVE ( 'NONE', #3793, #2467, #670, .T. ) ;
#1772 = EDGE_CURVE ( 'NONE', #3340, #491, #3605, .T. ) ;
#1773 = CARTESIAN_POINT ( 'NONE',  ( -12.53056133816365580, 7.016235385111460054, 5.177603443094826119 ) ) ;
#1774 = ORIENTED_EDGE ( 'NONE', *, *, #648, .F. ) ;
#1775 = CARTESIAN_POINT ( 'NONE',  ( -13.86648729581990480, 5.000000000000000000, 2.472238859327914984 ) ) ;
#1776 = DIRECTION ( 'NONE',  ( 0.000000000000000000, 0.000000000000000000, 1.000000000000000000 ) ) ;
#1777 = CARTESIAN_POINT ( 'NONE',  ( -13.86648729581990125, 3.556624327025935006, 1.903384693528400673 ) ) ;
#1778 = EDGE_CURVE ( 'NONE', #819, #2003, #2953, .T. ) ;
#1779 = B_SPLINE_CURVE_WITH_KNOTS ( 'NONE', 1,
 ( #166, #3043 ),
 .UNSPECIFIED., .F., .F.,
 ( 2, 2 ),
 ( 0.000000000000000000, 1.000000000000000000 ),
 .UNSPECIFIED. ) ;
#1780 = CARTESIAN_POINT ( 'NONE',  ( -10.11648729581990658, 2.834936490538902287, 1.943072192661249975 ) ) ;
#1781 = EDGE_LOOP ( 'NONE', ( #272, #3663, #2897, #3185 ) ) ;
#1782 = CARTESIAN_POINT ( 'NONE',  ( -11.36648729581990658, 2.113248654051870901, 5.726613859327915890 ) ) ;
#1783 = CARTESIAN_POINT ( 'NONE',  ( -9.038339211132406348, 3.655843076592358631, 5.045311776428159867 ) ) ;
#1784 = CARTESIAN_POINT ( 'NONE',  ( -13.69463538050740681, 6.344156923407640036, 5.124686776428158730 ) ) ;
#1785 = CARTESIAN_POINT ( 'NONE',  ( -11.36648729581990480, 2.113248654051870901, 2.591301360195067627 ) ) ;
#1786 = DIRECTION ( 'NONE',  ( -1.000000000000000000, -0.000000000000000000, -0.000000000000000000 ) ) ;
#1787 = FACE_OUTER_BOUND ( 'NONE', #330, .T. ) ;
#1788 = CARTESIAN_POINT ( 'NONE',  ( -9.038339211132406348, 3.655843076592358631, 4.013436776428159547 ) ) ;
#1789 = CARTESIAN_POINT ( 'NONE',  ( -9.038339211132406348, 3.655843076592358631, 5.600936776428159014 ) ) ;
#1790 = CARTESIAN_POINT ( 'NONE',  ( -10.11648729581990835, 2.834936490538902287, 7.340572192661249495 ) ) ;
#1791 = CARTESIAN_POINT ( 'NONE',  ( -16.74831364969582737, 0.000000000000000000, 4.968826501371166771 ) ) ;
#1792 = CARTESIAN_POINT ( 'NONE',  ( -12.53056133816365580, 2.983764614888540390, 3.378436776428158428 ) ) ;
#1793 = AXIS2_PLACEMENT_3D ( 'NONE', #1115, #3150, #3445 ) ;
#1794 =( BOUNDED_CURVE ( )  B_SPLINE_CURVE ( 2, ( #185, #1353, #416, #1579, #3690, #1372, #1884 ),
 .UNSPECIFIED., .F., .T. ) 
 B_SPLINE_CURVE_WITH_KNOTS ( ( 3, 2, 2, 3 ),
 ( 0.4444444444444444753, 0.4537037037037037202, 0.4629629629629629650, 0.4722222222222221544 ),
 .UNSPECIFIED. ) 
 CURVE ( )  GEOMETRIC_REPRESENTATION_ITEM ( )  RATIONAL_B_SPLINE_CURVE ( ( 0.9999999999999992228, 0.8660254037844394848, 1.000000000000000000, 0.8660254037844387076, 1.000000000000000000, 0.8660254037844394848, 0.9999999999999992228 ) ) 
 REPRESENTATION_ITEM ( '' )  );
#1795 = CARTESIAN_POINT ( 'NONE',  ( -10.20241325347615380, 7.016235385111460054, 1.552811776428159263 ) ) ;
#1796 = ORIENTED_EDGE ( 'NONE', *, *, #1805, .T. ) ;
#1797 = CARTESIAN_POINT ( 'NONE',  ( -8.866487295819906578, 3.556624327025934118, 1.969530525994583670 ) ) ;
#1798 = CARTESIAN_POINT ( 'NONE',  ( -8.866487295819901249, 6.443375672974062773, 2.062134693528402618 ) ) ;
#1799 = CARTESIAN_POINT ( 'NONE',  ( -11.36648729581990658, 2.113248654051870901, 5.131301360195068106 ) ) ;
#1800 = ORIENTED_EDGE ( 'NONE', *, *, #402, .T. ) ;
#1801 = CARTESIAN_POINT ( 'NONE',  ( -12.61648729581990480, 7.165063509461097269, 4.006822192661249282 ) ) ;
#1802 = CARTESIAN_POINT ( 'NONE',  ( -10.11648729581990835, 2.834936490538902287, 5.792759693528402032 ) ) ;
#1803 = CARTESIAN_POINT ( 'NONE',  ( -13.69463538050740858, 3.655843076592360852, 6.209478443094824662 ) ) ;
#1804 = CARTESIAN_POINT ( 'NONE',  ( -10.20241325347615557, 7.016235385111460054, 4.727811776428159973 ) ) ;
#1805 = EDGE_CURVE ( 'NONE', #836, #1283, #2417, .T. ) ;
#1806 = CARTESIAN_POINT ( 'NONE',  ( -13.86648729581990480, 3.556624327025936338, 2.220884693528400788 ) ) ;
#1807 = CARTESIAN_POINT ( 'NONE',  ( -10.11648729581990835, 2.834936490538902287, 6.745259693528401712 ) ) ;
#1808 = EDGE_CURVE ( 'NONE', #2370, #2020, #2080, .T. ) ;
#1809 = CARTESIAN_POINT ( 'NONE',  ( -8.866487295819906578, 5.000000000000000000, 7.391651446600889130 ) ) ;
#1810 = CARTESIAN_POINT ( 'NONE',  ( -13.69463538050740503, 5.000000000000000000, 2.928645109761491838 ) ) ;
#1811 = CARTESIAN_POINT ( 'NONE',  ( -10.20241325347615557, 7.016235385111460054, 6.315311776428159440 ) ) ;
#1812 = CARTESIAN_POINT ( 'NONE',  ( -10.20241325347615380, 7.016235385111460054, 1.949686776428159352 ) ) ;
#1813 = CARTESIAN_POINT ( 'NONE',  ( -11.36648729581990658, 2.113248654051870901, 6.401301360195067680 ) ) ;
#1814 = CARTESIAN_POINT ( 'NONE',  ( -12.53056133816365403, 7.016235385111460054, 3.590103443094825320 ) ) ;
#1815 = CARTESIAN_POINT ( 'NONE',  ( -9.038339211132406348, 3.655843076592358631, 1.790936776428159627 ) ) ;
#1816 = ORIENTED_EDGE ( 'NONE', *, *, #3650, .T. ) ;
#1817 = ORIENTED_EDGE ( 'NONE', *, *, #2758, .F. ) ;
#1818 = CARTESIAN_POINT ( 'NONE',  ( -13.86648729581990480, 5.000000000000000000, 2.511926360195067431 ) ) ;
#1819 =( BOUNDED_CURVE ( )  B_SPLINE_CURVE ( 2, ( #993, #1798, #2151, #3539, #2651, #934, #2951 ),
 .UNSPECIFIED., .F., .T. ) 
 B_SPLINE_CURVE_WITH_KNOTS ( ( 3, 2, 2, 3 ),
 ( 0.1111111111111110772, 0.1203703703703703498, 0.1296296296296296224, 0.1388888888888888951 ),
 .UNSPECIFIED. ) 
 CURVE ( )  GEOMETRIC_REPRESENTATION_ITEM ( )  RATIONAL_B_SPLINE_CURVE ( ( 1.000000000000000444, 0.8660254037844383745, 1.000000000000000000, 0.8660254037844387076, 1.000000000000000000, 0.8660254037844387076, 1.000000000000000000 ) ) 
 REPRESENTATION_ITEM ( '' )  );
#1820 = CARTESIAN_POINT ( 'NONE',  ( -9.038339211132404571, 5.000000000000000000, 1.579270109761492957 ) ) ;
#1821 = CARTESIAN_POINT ( 'NONE',  ( -16.74831364969582737, 10.00000000000000000, 3.348562319248790775 ) ) ;
#1822 = CARTESIAN_POINT ( 'NONE',  ( -10.11648729581990480, 7.165063509461097269, 6.811405525994583599 ) ) ;
#1823 = CARTESIAN_POINT ( 'NONE',  ( -9.038339211132406348, 6.344156923407640036, 6.685728443094825835 ) ) ;
#1824 = CARTESIAN_POINT ( 'NONE',  ( -10.20241325347615380, 7.016235385111460054, 3.775311776428159405 ) ) ;
#1825 = CARTESIAN_POINT ( 'NONE',  ( -13.86648729581990480, 5.000000000000000000, 4.099426360195067787 ) ) ;
#1826 = CARTESIAN_POINT ( 'NONE',  ( -13.86648729581992256, 3.556624327025945664, 4.721197192661247932 ) ) ;
#1827 = DIRECTION ( 'NONE',  ( -1.000000000000000000, 0.000000000000000000, -3.469446951953613696E-16 ) ) ;
#1828 = ORGANIZATION ( 'UNSPECIFIED', 'UNSPECIFIED', '' ) ;
#1829 = CARTESIAN_POINT ( 'NONE',  ( -9.038339211132404571, 5.000000000000000000, 3.087395109761493117 ) ) ;
#1830 = CARTESIAN_POINT ( 'NONE',  ( -9.038339211132406348, 5.000000000000000000, 6.897395109761492726 ) ) ;
#1831 = CARTESIAN_POINT ( 'NONE',  ( -13.86648729581990658, 5.000000000000000000, 6.599738859327914930 ) ) ;
#1832 = CARTESIAN_POINT ( 'NONE',  ( -13.86648729581990480, 5.000000000000000000, 2.154738859327915534 ) ) ;
#1833 = CARTESIAN_POINT ( 'NONE',  ( -13.69463538050740503, 3.655843076592360852, 2.716978443094824947 ) ) ;
#1834 = CARTESIAN_POINT ( 'NONE',  ( -11.36648729581990658, 7.688313846815280073, 6.103645109761491661 ) ) ;
#1835 = VERTEX_POINT ( 'NONE', #1477 ) ;
#1836 = CARTESIAN_POINT ( 'NONE',  ( -8.866487295819904801, 5.000000000000000000, 1.995988859327917142 ) ) ;
#1837 = CARTESIAN_POINT ( 'NONE',  ( -13.86648729581990658, 5.000000000000000000, 6.917238859327915712 ) ) ;
#1838 = CARTESIAN_POINT ( 'NONE',  ( -11.36648729581990480, 7.688313846815280073, 2.293645109761492495 ) ) ;
#1839 = ORIENTED_EDGE ( 'NONE', *, *, #2454, .F. ) ;
#1840 = LINE ( 'NONE', #1857, #2583 ) ;
#1841 = CARTESIAN_POINT ( 'NONE',  ( -12.61648729581990658, 2.834936490538903620, 1.612343026861734474 ) ) ;
#1842 = CARTESIAN_POINT ( 'NONE',  ( -13.69463538050740858, 6.344156923407640924, 7.109061776428157842 ) ) ;
#1843 = CARTESIAN_POINT ( 'NONE',  ( -12.61648729581990835, 2.834936490538903620, 5.104843026861734856 ) ) ;
#1844 = CARTESIAN_POINT ( 'NONE',  ( -12.61648729581990835, 2.834936490538903620, 6.057343026861734536 ) ) ;
#1845 = CARTESIAN_POINT ( 'NONE',  ( -11.36648729581990658, 2.311686153184720371, 5.548020109761492513 ) ) ;
#1846 = CARTESIAN_POINT ( 'NONE',  ( -10.20241325347615557, 7.016235385111460054, 5.997811776428159547 ) ) ;
#1847 = CARTESIAN_POINT ( 'NONE',  ( -10.11648729581990480, 7.165063509461097269, 7.128905525994583492 ) ) ;
#1848 = CARTESIAN_POINT ( 'NONE',  ( -8.866487295819908354, 6.443375672974067214, 2.022447192661250170 ) ) ;
#1849 = CARTESIAN_POINT ( 'NONE',  ( -11.36648729581990480, 2.311686153184720371, 2.769895109761492336 ) ) ;
#1850 = CARTESIAN_POINT ( 'NONE',  ( -12.53056133816365758, 2.983764614888540390, 7.188436776428159369 ) ) ;
#1851 = ORIENTED_EDGE ( 'NONE', *, *, #3240, .T. ) ;
#1852 = CARTESIAN_POINT ( 'NONE',  ( -11.36648729581990480, 7.886751345948129099, 2.392863859327916565 ) ) ;
#1853 = VECTOR ( 'NONE', #1756, 1000.000000000000000 ) ;
#1854 = EDGE_CURVE ( 'NONE', #262, #1454, #9, .T. ) ;
#1855 = CARTESIAN_POINT ( 'NONE',  ( -11.36648729581990480, 7.886751345948129099, 2.750051360195068462 ) ) ;
#1856 = VERTEX_POINT ( 'NONE', #2637 ) ;
#1857 = CARTESIAN_POINT ( 'NONE',  ( -8.866487295819906578, 5.000000000000000000, 7.391651446600889130 ) ) ;
#1858 = CARTESIAN_POINT ( 'NONE',  ( -11.36648729581990658, 7.886751345948129099, 6.837863859327915961 ) ) ;
#1859 = CARTESIAN_POINT ( 'NONE',  ( -12.53056133816365758, 2.983764614888540390, 6.553436776428158694 ) ) ;
#1860 = AXIS2_PLACEMENT_3D ( 'NONE', #2447, #957, #3583 ) ;
#1861 = CARTESIAN_POINT ( 'NONE',  ( -8.866487295819906578, 3.556624327025934118, 3.914218026861735922 ) ) ;
#1862 = CYLINDRICAL_SURFACE ( 'NONE', #3761, 2.500000000000000444 ) ;
#1863 = CYLINDRICAL_SURFACE ( 'NONE', #1612, 2.500000000000000444 ) ;
#1864 = CARTESIAN_POINT ( 'NONE',  ( -13.69463538050740858, 3.655843076592360852, 5.495103443094825124 ) ) ;
#1865 = CARTESIAN_POINT ( 'NONE',  ( -10.20241325347615735, 2.983764614888539057, 6.526978443094825444 ) ) ;
#1866 = CARTESIAN_POINT ( 'NONE',  ( -9.038339211132404571, 5.000000000000000000, 3.166770109761492424 ) ) ;
#1867 = CARTESIAN_POINT ( 'NONE',  ( -9.140163621785470482, 4.319003375435758407, 7.279708210674427526 ) ) ;
#1868 = CARTESIAN_POINT ( 'NONE',  ( -11.36648729581990480, 7.688313846815280073, 2.293645109761492495 ) ) ;
#1869 = CARTESIAN_POINT ( 'NONE',  ( -10.20241325347615557, 7.016235385111460054, 6.394686776428160080 ) ) ;
#1870 = EDGE_LOOP ( 'NONE', ( #3360, #470, #3359, #1817 ) ) ;
#1871 = CARTESIAN_POINT ( 'NONE',  ( -8.866487295819904801, 5.000000000000000000, 4.218488859327917062 ) ) ;
#1872 =( BOUNDED_CURVE ( )  B_SPLINE_CURVE ( 2, ( #1233, #630, #1457, #900, #3484, #335, #2393 ),
 .UNSPECIFIED., .F., .F. ) 
 B_SPLINE_CURVE_WITH_KNOTS ( ( 3, 2, 2, 3 ),
 ( 0.9722222222222222099, 0.9814814814814815103, 0.9907407407407406996, 0.9973377213026630717 ),
 .UNSPECIFIED. ) 
 CURVE ( )  GEOMETRIC_REPRESENTATION_ITEM ( )  RATIONAL_B_SPLINE_CURVE ( ( 1.000000000000000000, 0.8660254037844387076, 1.000000000000000000, 0.8660254037844387076, 1.000000000000000000, 0.9045465968412511604, 0.9451093106473444916 ) ) 
 REPRESENTATION_ITEM ( '' )  );
#1873 = DIRECTION ( 'NONE',  ( 2.992521824128285357E-16, -0.000000000000000000, -1.000000000000000000 ) ) ;
#1874 = CARTESIAN_POINT ( 'NONE',  ( -9.038339211132404571, 5.000000000000000000, 2.531770109761493082 ) ) ;
#1875 = ORIENTED_EDGE ( 'NONE', *, *, #2366, .F. ) ;
#1876 = CARTESIAN_POINT ( 'NONE',  ( -9.038339211132404571, 5.000000000000000000, 1.499895109761492762 ) ) ;
#1877 = CARTESIAN_POINT ( 'NONE',  ( -13.86648729581990658, 5.000000000000000000, 4.734426360195067573 ) ) ;
#1878 = CARTESIAN_POINT ( 'NONE',  ( -9.038339211132406348, 5.000000000000000000, 6.024270109761493686 ) ) ;
#1879 = CARTESIAN_POINT ( 'NONE',  ( -12.61648729581990658, 2.834936490538903620, 4.152343026861734288 ) ) ;
#1880 = CARTESIAN_POINT ( 'NONE',  ( -13.86648729581990658, 5.000000000000000000, 5.369426360195067360 ) ) ;
#1881 = CARTESIAN_POINT ( 'NONE',  ( -13.69463538050740858, 6.344156923407640924, 5.124686776428158730 ) ) ;
#1882 = CARTESIAN_POINT ( 'NONE',  ( -16.74831364969582737, 10.00000000000000000, 3.348562319248790775 ) ) ;
#1883 = CARTESIAN_POINT ( 'NONE',  ( -9.038339211132406348, 3.655843076592358631, 3.457811776428159511 ) ) ;
#1884 = CARTESIAN_POINT ( 'NONE',  ( -13.86648729581990480, 5.000000000000000000, 4.377238859327915677 ) ) ;
#1885 = CARTESIAN_POINT ( 'NONE',  ( -9.038339211132406348, 6.344156923407639148, 5.415728443094826261 ) ) ;
#1886 = CARTESIAN_POINT ( 'NONE',  ( -10.20241325347615557, 2.983764614888539057, 3.034478443094825728 ) ) ;
#1887 = ORIENTED_EDGE ( 'NONE', *, *, #3284, .F. ) ;
#1888 = CARTESIAN_POINT ( 'NONE',  ( -8.866487295819906578, 3.556624327025934118, 3.557030525994584025 ) ) ;
#1889 = DIRECTION ( 'NONE',  ( -0.000000000000000000, -1.000000000000000000, -0.000000000000000000 ) ) ;
#1890 = CARTESIAN_POINT ( 'NONE',  ( -11.36648729581990658, 2.311686153184720371, 6.818020109761492975 ) ) ;
#1891 = CARTESIAN_POINT ( 'NONE',  ( -11.36648729581990480, 7.688313846815280073, 1.896770109761492185 ) ) ;
#1892 = DIRECTION ( 'NONE',  ( -1.000000000000000000, 0.000000000000000000, -3.469446951953613696E-16 ) ) ;
#1893 = EDGE_CURVE ( 'NONE', #2877, #290, #492, .T. ) ;
#1894 = ORIENTED_EDGE ( 'NONE', *, *, #3153, .T. ) ;
#1895 = ORIENTED_EDGE ( 'NONE', *, *, #2994, .F. ) ;
#1896 = DIRECTION ( 'NONE',  ( -1.000000000000000000, 0.000000000000000000, -3.469446951953613696E-16 ) ) ;
#1897 = CARTESIAN_POINT ( 'NONE',  ( -10.11648729581990835, 2.834936490538902287, 4.840259693528401463 ) ) ;
#1898 = CARTESIAN_POINT ( 'NONE',  ( -12.53056133816365580, 2.983764614888540390, 1.711561776428158321 ) ) ;
#1899 = CARTESIAN_POINT ( 'NONE',  ( -13.69463538050740858, 3.655843076592360852, 4.542603443094825444 ) ) ;
#1900 = CARTESIAN_POINT ( 'NONE',  ( -12.53056133816365580, 2.983764614888540390, 3.695936776428158765 ) ) ;
#1901 = DIRECTION ( 'NONE',  ( 2.992521824128285357E-16, -0.000000000000000000, -1.000000000000000000 ) ) ;
#1902 = CARTESIAN_POINT ( 'NONE',  ( -10.20241325347615735, 2.983764614888539057, 5.018853443094825728 ) ) ;
#1903 = CARTESIAN_POINT ( 'NONE',  ( -11.36648729581990480, 2.311686153184720371, 3.325520109761491927 ) ) ;
#1904 = VERTEX_POINT ( 'NONE', #2964 ) ;
#1905 = CARTESIAN_POINT ( 'NONE',  ( -13.86648729581990480, 6.443375672974065438, 4.033280525994582533 ) ) ;
#1906 = LINE ( 'NONE', #1623, #1976 ) ;
#1907 = CARTESIAN_POINT ( 'NONE',  ( -9.038339211132406348, 3.655843076592359520, 6.235936776428159689 ) ) ;
#1908 = CARTESIAN_POINT ( 'NONE',  ( -11.36648729581990480, 2.311686153184720371, 2.690520109761492584 ) ) ;
#1909 = CARTESIAN_POINT ( 'NONE',  ( -9.038339211132404571, 5.000000000000000000, 3.801770109761492655 ) ) ;
#1910 = ORIENTED_EDGE ( 'NONE', *, *, #2477, .F. ) ;
#1911 = ORIENTED_EDGE ( 'NONE', *, *, #725, .T. ) ;
#1912 = CARTESIAN_POINT ( 'NONE',  ( -12.61648729581990480, 7.165063509461097269, 2.419322192661249371 ) ) ;
#1913 = CARTESIAN_POINT ( 'NONE',  ( -11.36648729581990658, 5.000000000000000000, 7.391651446600888242 ) ) ;
#1914 =( BOUNDED_CURVE ( )  B_SPLINE_CURVE ( 2, ( #512, #1365, #3075, #2792, #2219, #140, #1971 ),
 .UNSPECIFIED., .F., .T. ) 
 B_SPLINE_CURVE_WITH_KNOTS ( ( 3, 2, 2, 3 ),
 ( 0.4444444444444443088, 0.4537037037037036646, 0.4629629629629629095, 0.4722222222222222099 ),
 .UNSPECIFIED. ) 
 CURVE ( )  GEOMETRIC_REPRESENTATION_ITEM ( )  RATIONAL_B_SPLINE_CURVE ( ( 1.000000000000001554, 0.8660254037844371533, 1.000000000000000000, 0.8660254037844387076, 1.000000000000000000, 0.8660254037844387076, 1.000000000000000000 ) ) 
 REPRESENTATION_ITEM ( '' )  );
#1915 = CARTESIAN_POINT ( 'NONE',  ( -12.61648729581990835, 2.834936490538903620, 6.057343026861734536 ) ) ;
#1916 = FACE_OUTER_BOUND ( 'NONE', #1265, .T. ) ;
#1917 = CARTESIAN_POINT ( 'NONE',  ( -8.866487295819904801, 5.000000000000000000, 1.400676360195069137 ) ) ;
#1918 = EDGE_CURVE ( 'NONE', #425, #1304, #216, .T. ) ;
#1919 = CARTESIAN_POINT ( 'NONE',  ( -10.20241325347615735, 2.983764614888539057, 4.939478443094825977 ) ) ;
#1920 = CARTESIAN_POINT ( 'NONE',  ( -11.36648729581990480, 2.311686153184720371, 2.452395109761491998 ) ) ;
#1921 = CARTESIAN_POINT ( 'NONE',  ( -11.36648729581990480, 2.113248654051870901, 4.456613859327916316 ) ) ;
#1922 = CARTESIAN_POINT ( 'NONE',  ( -12.53056133816365580, 2.983764614888540390, 4.013436776428158659 ) ) ;
#1923 = CARTESIAN_POINT ( 'NONE',  ( -12.53056133816365403, 7.016235385111460054, 3.193228443094825231 ) ) ;
#1924 = ORIENTED_EDGE ( 'NONE', *, *, #2755, .T. ) ;
#1925 = CARTESIAN_POINT ( 'NONE',  ( -13.86648729581990480, 6.443375672974065438, 4.350780525994581538 ) ) ;
#1926 = DIRECTION ( 'NONE',  ( -1.000000000000000000, 0.000000000000000000, -3.469446951953613696E-16 ) ) ;
#1927 = CARTESIAN_POINT ( 'NONE',  ( -9.038339211132406348, 5.000000000000000000, 5.309895109761492371 ) ) ;
#1928 = CARTESIAN_POINT ( 'NONE',  ( -13.69463538050740503, 5.000000000000000000, 1.658645109761491598 ) ) ;
#1929 = CARTESIAN_POINT ( 'NONE',  ( -13.69463538050740681, 6.344156923407640924, 4.251561776428157913 ) ) ;
#1930 = ORIENTED_EDGE ( 'NONE', *, *, #2890, .T. ) ;
#1931 = ORIENTED_EDGE ( 'NONE', *, *, #1270, .F. ) ;
#1932 = CARTESIAN_POINT ( 'NONE',  ( -13.86648729581990480, 5.000000000000000000, 3.424738859327915552 ) ) ;
#1933 = FACE_OUTER_BOUND ( 'NONE', #3662, .T. ) ;
#1934 = CARTESIAN_POINT ( 'NONE',  ( -13.86648729581990658, 5.000000000000000000, 6.321926360195067929 ) ) ;
#1935 = DIRECTION ( 'NONE',  ( 2.992521824128285357E-16, -0.000000000000000000, -1.000000000000000000 ) ) ;
#1936 =( BOUNDED_CURVE ( )  B_SPLINE_CURVE ( 2, ( #2713, #629, #2137, #3243, #1801, #2975, #2120 ),
 .UNSPECIFIED., .F., .F. ) 
 B_SPLINE_CURVE_WITH_KNOTS ( ( 3, 2, 2, 3 ),
 ( 0.3888888888888888951, 0.3981481481481480844, 0.4074074074074073293, 0.4166666666666665741 ),
 .UNSPECIFIED. ) 
 CURVE ( )  GEOMETRIC_REPRESENTATION_ITEM ( )  RATIONAL_B_SPLINE_CURVE ( ( 1.000000000000000000, 0.8660254037844387076, 1.000000000000000000, 0.8660254037844387076, 1.000000000000000000, 0.8660254037844402619, 0.9999999999999984457 ) ) 
 REPRESENTATION_ITEM ( '' )  );
#1937 = CARTESIAN_POINT ( 'NONE',  ( -13.86648729581990480, 5.000000000000000000, 3.424738859327915552 ) ) ;
#1938 = ADVANCED_FACE ( 'NONE', ( #103 ), #1061, .F. ) ;
#1939 = CARTESIAN_POINT ( 'NONE',  ( -11.36648729581990480, 7.886751345948129099, 1.797551360195068115 ) ) ;
#1940 = EDGE_CURVE ( 'NONE', #2751, #2851, #863, .T. ) ;
#1941 = CARTESIAN_POINT ( 'NONE',  ( -9.038339211132406348, 3.655843076592358631, 2.822811776428159281 ) ) ;
#1942 = CARTESIAN_POINT ( 'NONE',  ( -8.866487295819904801, 5.000000000000000000, 4.535988859327916956 ) ) ;
#1943 = CARTESIAN_POINT ( 'NONE',  ( -12.53056133816365403, 7.016235385111460054, 3.907603443094825657 ) ) ;
#1944 = CARTESIAN_POINT ( 'NONE',  ( -13.69463538050740681, 3.655843076592360852, 2.320103443094824858 ) ) ;
#1945 = CARTESIAN_POINT ( 'NONE',  ( -12.61648729581990480, 7.165063509461097269, 3.371822192661249051 ) ) ;
#1946 = CARTESIAN_POINT ( 'NONE',  ( -8.866487295819906578, 5.000000000000000000, 7.391651446600889130 ) ) ;
#1947 = CARTESIAN_POINT ( 'NONE',  ( -12.53056133816365758, 2.983764614888540390, 5.521561776428158375 ) ) ;
#1948 = CARTESIAN_POINT ( 'NONE',  ( -13.69463538050740681, 6.344156923407640924, 1.949686776428158019 ) ) ;
#1949 = PRODUCT_DEFINITION_FORMATION_WITH_SPECIFIED_SOURCE ( 'ANY', '', #1165, .NOT_KNOWN. ) ;
#1950 = CARTESIAN_POINT ( 'NONE',  ( -12.53056133816365403, 7.016235385111460054, 2.955103443094825089 ) ) ;
#1951 = ORIENTED_EDGE ( 'NONE', *, *, #1540, .F. ) ;
#1952 = ORIENTED_EDGE ( 'NONE', *, *, #1918, .F. ) ;
#1953 = CARTESIAN_POINT ( 'NONE',  ( -11.36648729581990658, 2.113248654051870901, 4.496301360195067431 ) ) ;
#1954 = CARTESIAN_POINT ( 'NONE',  ( -8.866487295819906578, 5.000000000000000000, 6.123488859327917311 ) ) ;
#1955 = CARTESIAN_POINT ( 'NONE',  ( -8.866487295819906578, 6.443375672974065438, 6.189634693528402565 ) ) ;
#1956 = LINE ( 'NONE', #497, #3136 ) ;
#1957 = CARTESIAN_POINT ( 'NONE',  ( -11.36648729581990480, 2.311686153184720371, 2.690520109761492584 ) ) ;
#1958 = CARTESIAN_POINT ( 'NONE',  ( -13.86648729581990480, 5.000000000000000000, 1.876926360195067423 ) ) ;
#1959 = CARTESIAN_POINT ( 'NONE',  ( -11.36648729581990658, 5.000000000000000000, 7.391651446600888242 ) ) ;
#1960 = CARTESIAN_POINT ( 'NONE',  ( -13.69463538050740681, 6.344156923407640036, 5.204061776428158481 ) ) ;
#1961 = CARTESIAN_POINT ( 'NONE',  ( -12.53056133816365403, 7.016235385111460054, 1.923228443094825213 ) ) ;
#1962 = CARTESIAN_POINT ( 'NONE',  ( -12.61648729581990658, 7.165063509461097269, 5.594322192661249638 ) ) ;
#1963 = CARTESIAN_POINT ( 'NONE',  ( -13.86648729581990480, 6.443375672974065438, 3.437968026861734749 ) ) ;
#1964 = CARTESIAN_POINT ( 'NONE',  ( -10.20241325347615557, 7.016235385111460054, 6.315311776428159440 ) ) ;
#1965 = ADVANCED_FACE ( 'NONE', ( #142 ), #1314, .F. ) ;
#1966 = CARTESIAN_POINT ( 'NONE',  ( -12.53056133816365580, 2.983764614888540390, 2.346561776428158552 ) ) ;
#1967 = CARTESIAN_POINT ( 'NONE',  ( -10.20241325347615557, 2.983764614888539057, 3.113853443094825924 ) ) ;
#1968 = ORIENTED_EDGE ( 'NONE', *, *, #883, .T. ) ;
#1969 = ORIENTED_EDGE ( 'NONE', *, *, #455, .T. ) ;
#1970 = PLANE ( 'NONE',  #2497 ) ;
#1971 = CARTESIAN_POINT ( 'NONE',  ( -13.86648729581990480, 5.000000000000000000, 4.099426360195067787 ) ) ;
#1972 = EDGE_CURVE ( 'NONE', #232, #137, #2716, .T. ) ;
#1973 = CARTESIAN_POINT ( 'NONE',  ( -12.61648729581990658, 7.165063509461097269, 5.951509693528402423 ) ) ;
#1974 = DIRECTION ( 'NONE',  ( -1.000000000000000000, -0.000000000000000000, -0.000000000000000000 ) ) ;
#1975 = CARTESIAN_POINT ( 'NONE',  ( -9.038339211132404571, 5.000000000000000000, 2.134895109761492993 ) ) ;
#1976 = VECTOR ( 'NONE', #2785, 1000.000000000000000 ) ;
#1977 = CARTESIAN_POINT ( 'NONE',  ( -10.20241325347615735, 2.983764614888539057, 6.209478443094826439 ) ) ;
#1978 = DIRECTION ( 'NONE',  ( 2.992521824128285357E-16, -0.000000000000000000, -1.000000000000000000 ) ) ;
#1979 = CARTESIAN_POINT ( 'NONE',  ( -13.69463538050740681, 6.344156923407640036, 7.109061776428157842 ) ) ;
#1980 = CARTESIAN_POINT ( 'NONE',  ( -11.36648729581990480, 2.311686153184720371, 4.278020109761492051 ) ) ;
#1981 = CARTESIAN_POINT ( 'NONE',  ( -13.86648729581990658, 5.000000000000000000, 5.012238859327914575 ) ) ;
#1982 = LINE ( 'NONE', #1699, #3565 ) ;
#1983 = CARTESIAN_POINT ( 'NONE',  ( -13.69463538050740503, 6.344156923407640036, 2.029061776428158215 ) ) ;
#1984 = CARTESIAN_POINT ( 'NONE',  ( -13.69463538050740681, 6.344156923407640924, 4.172186776428158161 ) ) ;
#1985 = CARTESIAN_POINT ( 'NONE',  ( -13.69463538050740681, 6.344156923407640924, 2.664061776428158446 ) ) ;
#1986 = ORIENTED_EDGE ( 'NONE', *, *, #3269, .F. ) ;
#1987 = ORIENTED_EDGE ( 'NONE', *, *, #319, .F. ) ;
#1988 = CARTESIAN_POINT ( 'NONE',  ( -10.11648729581990303, 7.165063509461097269, 3.318905525994583439 ) ) ;
#1989 = CARTESIAN_POINT ( 'NONE',  ( -10.11648729581990658, 2.834936490538902287, 1.982759693528401979 ) ) ;
#1990 = CARTESIAN_POINT ( 'NONE',  ( -13.86648729581990835, 3.556624327025936338, 5.713384693528400504 ) ) ;
#1991 =( BOUNDED_CURVE ( )  B_SPLINE_CURVE ( 2, ( #3051, #424, #1526, #1855, #2691, #61, #1548 ),
 .UNSPECIFIED., .F., .F. ) 
 B_SPLINE_CURVE_WITH_KNOTS ( ( 3, 2, 2, 3 ),
 ( 0.2222222222222222099, 0.2314814814814815103, 0.2407407407407407551, 0.2500000000000000555 ),
 .UNSPECIFIED. ) 
 CURVE ( )  GEOMETRIC_REPRESENTATION_ITEM ( )  RATIONAL_B_SPLINE_CURVE ( ( 1.000000000000000000, 0.8660254037844387076, 1.000000000000000000, 0.8660254037844387076, 1.000000000000000000, 0.8660254037844379305, 1.000000000000000888 ) ) 
 REPRESENTATION_ITEM ( '' )  );
#1992 = CARTESIAN_POINT ( 'NONE',  ( -12.53056133816365403, 7.016235385111460054, 3.193228443094825231 ) ) ;
#1993 = CARTESIAN_POINT ( 'NONE',  ( -11.36648729581990480, 2.113248654051870901, 1.638801360195068391 ) ) ;
#1994 = ORIENTED_EDGE ( 'NONE', *, *, #2451, .F. ) ;
#1995 = CARTESIAN_POINT ( 'NONE',  ( -14.43148729581990430, 0.000000000000000000, 7.391651446600886466 ) ) ;
#1996 = CARTESIAN_POINT ( 'NONE',  ( -12.53056133816365580, 7.016235385111460054, 6.765103443094825586 ) ) ;
#1997 = CARTESIAN_POINT ( 'NONE',  ( -12.53056133816365580, 7.016235385111460054, 4.780728443094825586 ) ) ;
#1998 = CARTESIAN_POINT ( 'NONE',  ( -11.36648729581990658, 7.886751345948129099, 5.250363859327916494 ) ) ;
#1999 = CARTESIAN_POINT ( 'NONE',  ( -13.86648729581989592, 6.443375672974070767, 3.715780525994582195 ) ) ;
#2000 = CARTESIAN_POINT ( 'NONE',  ( -13.69463538050740503, 3.655843076592360852, 1.764478443094825044 ) ) ;
#2001 = CARTESIAN_POINT ( 'NONE',  ( -10.20241325347615557, 7.016235385111460054, 5.759686776428159405 ) ) ;
#2002 = ORIENTED_EDGE ( 'NONE', *, *, #3687, .F. ) ;
#2003 = VERTEX_POINT ( 'NONE', #748 ) ;
#2004 = B_SPLINE_CURVE_WITH_KNOTS ( 'NONE', 1,
 ( #3762, #878 ),
 .UNSPECIFIED., .F., .F.,
 ( 2, 2 ),
 ( 0.000000000000000000, 1.000000000000000000 ),
 .UNSPECIFIED. ) ;
#2005 = APPLICATION_PROTOCOL_DEFINITION ( 'international standard', 'config_control_design', 1994, #3495 ) ;
#2006 = LINE ( 'NONE', #2933, #749 ) ;
#2007 = ADVANCED_FACE ( 'NONE', ( #1916 ), #1862, .F. ) ;
#2008 = DIRECTION ( 'NONE',  ( -1.000000000000000000, 0.000000000000000000, -3.469446951953613696E-16 ) ) ;
#2009 = CARTESIAN_POINT ( 'NONE',  ( -13.86648729581990658, 5.000000000000000000, 4.416926360195067680 ) ) ;
#2010 = CARTESIAN_POINT ( 'NONE',  ( -13.69463538050740681, 5.000000000000000000, 4.595520109761491945 ) ) ;
#2011 = CARTESIAN_POINT ( 'NONE',  ( -12.53056133816365403, 7.016235385111460054, 2.558228443094825444 ) ) ;
#2012 = CARTESIAN_POINT ( 'NONE',  ( -8.866487295819904801, 5.000000000000000000, 1.400676360195068915 ) ) ;
#2013 = CARTESIAN_POINT ( 'NONE',  ( -12.61648729581990658, 2.834936490538903620, 3.477655525994582497 ) ) ;
#2014 = CARTESIAN_POINT ( 'NONE',  ( -12.53056133816365758, 2.983764614888540390, 6.553436776428158694 ) ) ;
#2015 = CARTESIAN_POINT ( 'NONE',  ( -9.038339211132406348, 5.000000000000000000, 4.674895109761492584 ) ) ;
#2016 = CARTESIAN_POINT ( 'NONE',  ( -10.11648729581990480, 7.165063509461097269, 4.588905525994583456 ) ) ;
#2017 = CARTESIAN_POINT ( 'NONE',  ( -9.140163621785470482, 4.319003375435758407, 7.279708210674427526 ) ) ;
#2018 = CARTESIAN_POINT ( 'NONE',  ( -11.36648729581990480, 7.688313846815280073, 1.658645109761492042 ) ) ;
#2019 = CARTESIAN_POINT ( 'NONE',  ( -11.36648729581990658, 2.311686153184720371, 4.674895109761491696 ) ) ;
#2020 = VERTEX_POINT ( 'NONE', #686 ) ;
#2021 = VERTEX_POINT ( 'NONE', #3019 ) ;
#2022 = DIRECTION ( 'NONE',  ( 3.086871669740821723E-16, 0.000000000000000000, -1.000000000000000000 ) ) ;
#2023 = CARTESIAN_POINT ( 'NONE',  ( -14.26491808083536306, 10.00000000000000000, 3.348562319248790775 ) ) ;
#2024 = CARTESIAN_POINT ( 'NONE',  ( -8.866487295819904801, 5.000000000000000000, 4.258176360195069066 ) ) ;
#2025 = CARTESIAN_POINT ( 'NONE',  ( -13.69463538050740858, 3.655843076592360852, 5.256978443094825870 ) ) ;
#2026 = CARTESIAN_POINT ( 'NONE',  ( -9.038339211132404571, 5.000000000000000000, 3.087395109761493117 ) ) ;
#2027 = CARTESIAN_POINT ( 'NONE',  ( -13.86648729581990480, 3.556624327025936338, 3.173384693528400469 ) ) ;
#2028 = ORIENTED_EDGE ( 'NONE', *, *, #2755, .F. ) ;
#2029 = AXIS2_PLACEMENT_3D ( 'NONE', #3297, #625, #2410 ) ;
#2030 = CARTESIAN_POINT ( 'NONE',  ( -13.86648729581990658, 5.000000000000000000, 5.329738859327914469 ) ) ;
#2031 = CARTESIAN_POINT ( 'NONE',  ( -12.53056133816365580, 7.016235385111460054, 6.130103443094825799 ) ) ;
#2032 =( BOUNDED_CURVE ( )  B_SPLINE_CURVE ( 2, ( #2653, #23, #2376, #1211, #3541, #2084, #1033 ),
 .UNSPECIFIED., .F., .F. ) 
 B_SPLINE_CURVE_WITH_KNOTS ( ( 3, 2, 2, 3 ),
 ( 0.3611111111111111049, 0.3703703703703702943, 0.3796296296296295947, 0.3888888888888887840 ),
 .UNSPECIFIED. ) 
 CURVE ( )  GEOMETRIC_REPRESENTATION_ITEM ( )  RATIONAL_B_SPLINE_CURVE ( ( 1.000000000000000000, 0.8660254037844387076, 1.000000000000000000, 0.8660254037844387076, 1.000000000000000000, 0.8660254037844402619, 0.9999999999999984457 ) ) 
 REPRESENTATION_ITEM ( '' )  );
#2033 = AXIS2_PLACEMENT_3D ( 'NONE', #3228, #50, #2342 ) ;
#2034 = CARTESIAN_POINT ( 'NONE',  ( -13.69463538050740681, 5.000000000000000000, 5.151145109761491980 ) ) ;
#2035 = CARTESIAN_POINT ( 'NONE',  ( -11.36648729581990658, 7.886751345948129099, 6.202863859327915286 ) ) ;
#2036 = CARTESIAN_POINT ( 'NONE',  ( -16.74831364969582737, 10.00000000000000000, 4.968826501371166771 ) ) ;
#2037 = CARTESIAN_POINT ( 'NONE',  ( -11.36648729581990658, 2.311686153184720371, 5.309895109761491483 ) ) ;
#2038 = VERTEX_POINT ( 'NONE', #453 ) ;
#2039 = EDGE_LOOP ( 'NONE', ( #1113, #701, #2257, #2595 ) ) ;
#2040 = CALENDAR_DATE ( 2026, 22, 8 ) ;
#2041 = FACE_OUTER_BOUND ( 'NONE', #1718, .T. ) ;
#2042 = DIRECTION ( 'NONE',  ( -1.000000000000000000, 0.000000000000000000, -3.469446951953613696E-16 ) ) ;
#2043 = CARTESIAN_POINT ( 'NONE',  ( -13.86648729581990480, 3.556624327025936338, 5.713384693528400504 ) ) ;
#2044 = CARTESIAN_POINT ( 'NONE',  ( -12.53056133816365580, 7.016235385111460054, 5.495103443094826012 ) ) ;
#2045 = CARTESIAN_POINT ( 'NONE',  ( -9.038339211132406348, 6.344156923407639148, 5.018853443094826616 ) ) ;
#2046 = CARTESIAN_POINT ( 'NONE',  ( -8.866487295819904801, 6.443375672974065438, 2.379634693528402511 ) ) ;
#2047 = EDGE_CURVE ( 'NONE', #1835, #1568, #390, .T. ) ;
#2048 = CARTESIAN_POINT ( 'NONE',  ( -13.86648729581989592, 6.443375672974070767, 3.755468026861734199 ) ) ;
#2049 = CARTESIAN_POINT ( 'NONE',  ( -11.36648729581990658, 2.311686153184720371, 6.897395109761491838 ) ) ;
#2050 = CARTESIAN_POINT ( 'NONE',  ( -11.36648729581990480, 2.311686153184720371, 3.960520109761492158 ) ) ;
#2051 = EDGE_CURVE ( 'NONE', #2971, #3053, #3779, .T. ) ;
#2052 = CARTESIAN_POINT ( 'NONE',  ( -12.53056133816365403, 7.016235385111460054, 4.145728443094824911 ) ) ;
#2053 = CARTESIAN_POINT ( 'NONE',  ( -12.61648729581990835, 2.834936490538903620, 7.287655525994582995 ) ) ;
#2054 = CARTESIAN_POINT ( 'NONE',  ( -8.468056510804446546, 10.00000000000000000, 3.348562319248791663 ) ) ;
#2055 = CARTESIAN_POINT ( 'NONE',  ( -13.69463538050740681, 3.655843076592360852, 7.082603443094825479 ) ) ;
#2056 = UNCERTAINTY_MEASURE_WITH_UNIT (LENGTH_MEASURE( 1.000000000000000082E-05 ), #3724, 'distance_accuracy_value', 'NONE');
#2057 =( BOUNDED_CURVE ( )  B_SPLINE_CURVE ( 2, ( #401, #1230, #2390, #96, #2373, #2689, #1286 ),
 .UNSPECIFIED., .F., .T. ) 
 B_SPLINE_CURVE_WITH_KNOTS ( ( 3, 2, 2, 3 ),
 ( 0.8333333333333334814, 0.8425925925925926707, 0.8518518518518518601, 0.8611111111111111605 ),
 .UNSPECIFIED. ) 
 CURVE ( )  GEOMETRIC_REPRESENTATION_ITEM ( )  RATIONAL_B_SPLINE_CURVE ( ( 0.9999999999999984457, 0.8660254037844402619, 1.000000000000000000, 0.8660254037844387076, 1.000000000000000000, 0.8660254037844387076, 1.000000000000000000 ) ) 
 REPRESENTATION_ITEM ( '' )  );
#2058 = VECTOR ( 'NONE', #1608, 1000.000000000000000 ) ;
#2059 = CARTESIAN_POINT ( 'NONE',  ( -11.36648729581990658, 7.688313846815280073, 4.516145109761492193 ) ) ;
#2060 = ORIENTED_EDGE ( 'NONE', *, *, #269, .F. ) ;
#2061 = CARTESIAN_POINT ( 'NONE',  ( -10.11648729581990658, 2.834936490538902287, 2.260572192661249868 ) ) ;
#2062 = APPROVAL_STATUS ( 'not_yet_approved' ) ;
#2063 = DIRECTION ( 'NONE',  ( 0.000000000000000000, -0.000000000000000000, 1.000000000000000000 ) ) ;
#2064 = CARTESIAN_POINT ( 'NONE',  ( -12.61648729581990835, 2.834936490538903620, 5.700155525994582639 ) ) ;
#2065 = CARTESIAN_POINT ( 'NONE',  ( -12.53056133816365580, 7.016235385111460054, 4.542603443094825444 ) ) ;
#2066 = CARTESIAN_POINT ( 'NONE',  ( -11.36648729581990658, 7.688313846815280073, 5.071770109761492229 ) ) ;
#2067 = CARTESIAN_POINT ( 'NONE',  ( -8.866487295819906578, 3.556624327025934118, 2.961718026861735353 ) ) ;
#2068 = CARTESIAN_POINT ( 'NONE',  ( -12.61648729581990835, 2.834936490538903620, 4.747655525994582959 ) ) ;
#2069 = CYLINDRICAL_SURFACE ( 'NONE', #434, 2.500000000000000444 ) ;
#2070 = CARTESIAN_POINT ( 'NONE',  ( -9.038339211132404571, 5.000000000000000000, 3.722395109761493348 ) ) ;
#2071 = CARTESIAN_POINT ( 'NONE',  ( -11.36648729581990658, 2.311686153184720371, 6.500520109761493082 ) ) ;
#2072 = CARTESIAN_POINT ( 'NONE',  ( -13.86648729581990835, 3.556624327025936338, 7.261197192661247968 ) ) ;
#2073 = CYLINDRICAL_SURFACE ( 'NONE', #2400, 2.500000000000000444 ) ;
#2074 = CARTESIAN_POINT ( 'NONE',  ( -9.038339211132404571, 5.000000000000000000, 2.214270109761492744 ) ) ;
#2075 = CARTESIAN_POINT ( 'NONE',  ( -13.69463538050740681, 5.000000000000000000, 5.548020109761491625 ) ) ;
#2076 = ORIENTED_EDGE ( 'NONE', *, *, #201, .F. ) ;
#2077 = DIRECTION ( 'NONE',  ( 2.992521824128285357E-16, -0.000000000000000000, -1.000000000000000000 ) ) ;
#2078 = EDGE_CURVE ( 'NONE', #115, #214, #613, .T. ) ;
#2079 = APPROVAL_ROLE ( '' ) ;
#2080 =( BOUNDED_CURVE ( )  B_SPLINE_CURVE ( 2, ( #595, #3802, #1844, #1182, #2923, #298, #321 ),
 .UNSPECIFIED., .F., .F. ) 
 B_SPLINE_CURVE_WITH_KNOTS ( ( 3, 2, 2, 3 ),
 ( 0.8055555555555554692, 0.8148148148148146586, 0.8240740740740739589, 0.8333333333333332593 ),
 .UNSPECIFIED. ) 
 CURVE ( )  GEOMETRIC_REPRESENTATION_ITEM ( )  RATIONAL_B_SPLINE_CURVE ( ( 1.000000000000001554, 0.8660254037844371533, 1.000000000000000000, 0.8660254037844387076, 1.000000000000000000, 0.8660254037844402619, 0.9999999999999984457 ) ) 
 REPRESENTATION_ITEM ( '' )  );
#2081 = EDGE_CURVE ( 'NONE', #2370, #2273, #600, .T. ) ;
#2082 = CARTESIAN_POINT ( 'NONE',  ( -10.11648729581990835, 2.834936490538902287, 5.157759693528402245 ) ) ;
#2083 = ADVANCED_FACE ( 'NONE', ( #853 ), #1700, .F. ) ;
#2084 = CARTESIAN_POINT ( 'NONE',  ( -8.866487295819924341, 3.556624327025924348, 3.596718026861736028 ) ) ;
#2085 = CARTESIAN_POINT ( 'NONE',  ( -5.984660941943984014, 10.00000000000000000, 4.968826501371166771 ) ) ;
#2086 = CARTESIAN_POINT ( 'NONE',  ( -11.36648729581990658, 2.311686153184720371, 6.262395109761492051 ) ) ;
#2087 = CARTESIAN_POINT ( 'NONE',  ( -9.038339211132406348, 3.655843076592359520, 4.330936776428159440 ) ) ;
#2088 = CARTESIAN_POINT ( 'NONE',  ( -13.86648729581990480, 6.443375672974065438, 3.437968026861734749 ) ) ;
#2089 = DIRECTION ( 'NONE',  ( 2.992521824128285357E-16, -0.000000000000000000, -1.000000000000000000 ) ) ;
#2090 = PLANE ( 'NONE',  #3567 ) ;
#2091 = CARTESIAN_POINT ( 'NONE',  ( -11.36648729581990480, 7.688313846815280073, 2.849270109761492975 ) ) ;
#2092 = CARTESIAN_POINT ( 'NONE',  ( -13.69463538050740858, 6.344156923407640924, 6.394686776428158304 ) ) ;
#2093 = CARTESIAN_POINT ( 'NONE',  ( -13.86648729581990835, 3.556624327025936338, 6.626197192661249069 ) ) ;
#2094 = FACE_OUTER_BOUND ( 'NONE', #363, .T. ) ;
#2095 = CARTESIAN_POINT ( 'NONE',  ( -10.20241325347615557, 2.983764614888539057, 3.431353443094825817 ) ) ;
#2096 = AXIS2_PLACEMENT_3D ( 'NONE', #1515, #373, #299 ) ;
#2097 = VECTOR ( 'NONE', #2693, 1000.000000000000000 ) ;
#2098 = CARTESIAN_POINT ( 'NONE',  ( -9.038339211132404571, 5.000000000000000000, 1.499895109761492762 ) ) ;
#2099 = ORIENTED_EDGE ( 'NONE', *, *, #2051, .F. ) ;
#2100 = CARTESIAN_POINT ( 'NONE',  ( -11.36648729581990480, 2.113248654051870901, 2.869113859327916849 ) ) ;
#2101 = CARTESIAN_POINT ( 'NONE',  ( -13.86648729581990480, 3.556624327025936338, 3.173384693528400469 ) ) ;
#2102 = DIRECTION ( 'NONE',  ( 2.992521824128285357E-16, -0.000000000000000000, -1.000000000000000000 ) ) ;
#2103 = ORIENTED_EDGE ( 'NONE', *, *, #3156, .T. ) ;
#2104 = CARTESIAN_POINT ( 'NONE',  ( -14.43148729581990430, 0.000000000000000000, 7.391651446600886466 ) ) ;
#2105 = CARTESIAN_POINT ( 'NONE',  ( -13.86648729581990658, 5.000000000000000000, 5.686926360195067254 ) ) ;
#2106 = CARTESIAN_POINT ( 'NONE',  ( -9.038339211132406348, 5.000000000000000000, 6.659270109761493472 ) ) ;
#2107 = CARTESIAN_POINT ( 'NONE',  ( -10.20241325347615735, 2.983764614888539057, 4.939478443094825977 ) ) ;
#2108 = CARTESIAN_POINT ( 'NONE',  ( -8.866487295819904801, 5.000000000000000000, 3.305676360195068497 ) ) ;
#2109 = CARTESIAN_POINT ( 'NONE',  ( -12.61648729581990480, 7.165063509461097269, 3.729009693528401392 ) ) ;
#2110 = LINE ( 'NONE', #1809, #254 ) ;
#2111 = CARTESIAN_POINT ( 'NONE',  ( -10.20241325347615557, 2.983764614888539057, 3.669478443094825959 ) ) ;
#2112 = CARTESIAN_POINT ( 'NONE',  ( -11.36648729581990658, 2.311686153184720371, 6.818020109761492087 ) ) ;
#2113 = CARTESIAN_POINT ( 'NONE',  ( -13.69463538050740681, 3.655843076592360852, 2.081978443094824716 ) ) ;
#2114 = CARTESIAN_POINT ( 'NONE',  ( -8.866487295819906578, 5.000000000000000000, 6.480676360195069208 ) ) ;
#2115 = CARTESIAN_POINT ( 'NONE',  ( -13.69463538050740503, 3.655843076592360852, 3.351978443094824733 ) ) ;
#2116 = CARTESIAN_POINT ( 'NONE',  ( -10.20241325347615380, 7.016235385111460054, 1.870311776428159378 ) ) ;
#2117 = VERTEX_POINT ( 'NONE', #229 ) ;
#2118 = CARTESIAN_POINT ( 'NONE',  ( -5.984660941943984014, 10.00000000000000000, 3.348562319248791663 ) ) ;
#2119 = CARTESIAN_POINT ( 'NONE',  ( -10.20241325347615557, 2.983764614888539057, 2.161353443094825799 ) ) ;
#2120 = CARTESIAN_POINT ( 'NONE',  ( -13.86648729581990480, 5.000000000000000000, 4.059738859327915783 ) ) ;
#2121 = CARTESIAN_POINT ( 'NONE',  ( -11.36648729581990658, 7.886751345948129099, 4.655051360195068710 ) ) ;
#2122 = CARTESIAN_POINT ( 'NONE',  ( -12.53056133816365580, 7.016235385111460054, 7.082603443094825479 ) ) ;
#2123 = CARTESIAN_POINT ( 'NONE',  ( -8.866487295819906578, 5.000000000000000000, 4.575676360195068959 ) ) ;
#2124 = DIRECTION ( 'NONE',  ( -1.000000000000000000, 0.000000000000000000, -3.469446951953613696E-16 ) ) ;
#2125 = CARTESIAN_POINT ( 'NONE',  ( -8.468056510804446546, 10.00000000000000000, 3.348562319248791663 ) ) ;
#2126 = CARTESIAN_POINT ( 'NONE',  ( -11.36648729581990658, 2.311686153184720371, 4.913020109761490950 ) ) ;
#2127 = CARTESIAN_POINT ( 'NONE',  ( -11.36648729581990658, 7.688313846815280073, 5.706770109761491128 ) ) ;
#2128 = CARTESIAN_POINT ( 'NONE',  ( -10.11648729581990480, 7.165063509461097269, 6.493905525994583705 ) ) ;
#2129 = CARTESIAN_POINT ( 'NONE',  ( -8.866487295819908354, 3.556624327025934118, 6.454218026861735957 ) ) ;
#2130 = CARTESIAN_POINT ( 'NONE',  ( -12.53056133816365580, 2.983764614888540390, 2.108436776428158854 ) ) ;
#2131 = CARTESIAN_POINT ( 'NONE',  ( -12.53056133816365758, 2.983764614888540390, 6.870936776428158588 ) ) ;
#2132 = EDGE_LOOP ( 'NONE', ( #448, #215, #3395, #564 ) ) ;
#2133 = EDGE_LOOP ( 'NONE', ( #3701, #1606, #3381, #3219 ) ) ;
#2134 =( BOUNDED_CURVE ( )  B_SPLINE_CURVE ( 2, ( #823, #2164, #3115, #1298, #2580, #842, #106 ),
 .UNSPECIFIED., .F., .F. ) 
 B_SPLINE_CURVE_WITH_KNOTS ( ( 3, 2, 2, 3 ),
 ( 0.6666666666666667407, 0.6759259259259260411, 0.6851851851851853414, 0.6944444444444445308 ),
 .UNSPECIFIED. ) 
 CURVE ( )  GEOMETRIC_REPRESENTATION_ITEM ( )  RATIONAL_B_SPLINE_CURVE ( ( 0.9999999999999984457, 0.8660254037844402619, 1.000000000000000000, 0.8660254037844387076, 1.000000000000000000, 0.8660254037844371533, 1.000000000000001554 ) ) 
 REPRESENTATION_ITEM ( '' )  );
#2135 = FACE_OUTER_BOUND ( 'NONE', #758, .T. ) ;
#2136 = CARTESIAN_POINT ( 'NONE',  ( -10.20241325347615380, 7.016235385111460054, 1.949686776428159352 ) ) ;
#2137 = CARTESIAN_POINT ( 'NONE',  ( -10.11648729581990303, 7.165063509461097269, 3.953905525994583670 ) ) ;
#2138 = CARTESIAN_POINT ( 'NONE',  ( -13.86648729581992256, 6.443375672974054780, 6.890780525994580685 ) ) ;
#2139 = CARTESIAN_POINT ( 'NONE',  ( -12.53056133816365580, 7.016235385111460054, 5.812603443094825906 ) ) ;
#2140 = CARTESIAN_POINT ( 'NONE',  ( -13.86648729581990658, 5.000000000000000000, 4.416926360195067680 ) ) ;
#2141 = CARTESIAN_POINT ( 'NONE',  ( -10.11648729581990658, 2.834936490538902287, 2.935259693528401659 ) ) ;
#2142 = CARTESIAN_POINT ( 'NONE',  ( -13.86648729581990480, 6.443375672974065438, 5.938280525994581893 ) ) ;
#2143 = CARTESIAN_POINT ( 'NONE',  ( -9.038339211132406348, 3.655843076592358631, 5.918436776428160684 ) ) ;
#2144 = CARTESIAN_POINT ( 'NONE',  ( -10.20241325347615735, 2.983764614888539057, 6.209478443094826439 ) ) ;
#2145 = CARTESIAN_POINT ( 'NONE',  ( -9.038339211132404571, 6.344156923407640036, 2.240728443094826439 ) ) ;
#2146 = CARTESIAN_POINT ( 'NONE',  ( -8.866487295819906578, 3.556624327025934118, 3.874530525994583474 ) ) ;
#2147 = CARTESIAN_POINT ( 'NONE',  ( -13.69463538050740503, 6.344156923407640036, 3.616561776428158570 ) ) ;
#2148 = CARTESIAN_POINT ( 'NONE',  ( -9.038339211132406348, 5.000000000000000000, 6.341770109761493579 ) ) ;
#2149 = EDGE_LOOP ( 'NONE', ( #2353, #1363, #2351, #2896 ) ) ;
#2150 = CARTESIAN_POINT ( 'NONE',  ( -8.866487295819904801, 6.443375672974065438, 3.292447192661250188 ) ) ;
#2151 = CARTESIAN_POINT ( 'NONE',  ( -10.11648729581990303, 7.165063509461097269, 2.088593026861734980 ) ) ;
#2152 = VECTOR ( 'NONE', #2481, 1000.000000000000000 ) ;
#2153 = CARTESIAN_POINT ( 'NONE',  ( -12.53056133816365580, 2.983764614888540390, 2.108436776428158854 ) ) ;
#2154 = ORIENTED_EDGE ( 'NONE', *, *, #2597, .T. ) ;
#2155 = DIRECTION ( 'NONE',  ( -1.000000000000000000, 0.000000000000000000, -3.469446951953613696E-16 ) ) ;
#2156 = DIRECTION ( 'NONE',  ( 1.000000000000000000, 0.000000000000000000, -2.829891477939326252E-16 ) ) ;
#2157 = CARTESIAN_POINT ( 'NONE',  ( -10.20241325347615735, 2.983764614888539057, 6.923853443094825089 ) ) ;
#2158 = AXIS2_PLACEMENT_3D ( 'NONE', #3300, #1328, #3361 ) ;
#2159 = CARTESIAN_POINT ( 'NONE',  ( -13.86648729581990835, 6.443375672974065438, 5.342968026861733222 ) ) ;
#2160 = CARTESIAN_POINT ( 'NONE',  ( -8.866487295819904801, 5.000000000000000000, 2.988176360195068604 ) ) ;
#2161 = DIRECTION ( 'NONE',  ( -1.000000000000000000, 0.000000000000000000, -3.469446951953613696E-16 ) ) ;
#2162 = CARTESIAN_POINT ( 'NONE',  ( -9.038339211132406348, 5.000000000000000000, 5.627395109761493153 ) ) ;
#2163 = EDGE_CURVE ( 'NONE', #3090, #875, #2646, .T. ) ;
#2164 = CARTESIAN_POINT ( 'NONE',  ( -8.866487295819924341, 6.443375672974076096, 5.514947192661252551 ) ) ;
#2165 = CARTESIAN_POINT ( 'NONE',  ( -11.36648729581990480, 2.311686153184720371, 3.087395109761492229 ) ) ;
#2166 = ADVANCED_FACE ( 'NONE', ( #1435 ), #2625, .F. ) ;
#2167 = CARTESIAN_POINT ( 'NONE',  ( -10.20241325347615557, 7.016235385111460054, 5.124686776428159618 ) ) ;
#2168 = ADVANCED_FACE ( 'NONE', ( #2290 ), #3217, .F. ) ;
#2169 = CARTESIAN_POINT ( 'NONE',  ( -9.038339211132406348, 5.000000000000000000, 6.024270109761493686 ) ) ;
#2170 = ORIENTED_EDGE ( 'NONE', *, *, #1103, .T. ) ;
#2171 = CARTESIAN_POINT ( 'NONE',  ( -10.11648729581990658, 2.834936490538902287, 3.213072192661249993 ) ) ;
#2172 = CARTESIAN_POINT ( 'NONE',  ( -8.866487295819906578, 5.000000000000000000, 5.170988859327917631 ) ) ;
#2173 = CARTESIAN_POINT ( 'NONE',  ( -10.20241325347615557, 2.983764614888539057, 3.669478443094825959 ) ) ;
#2174 = CARTESIAN_POINT ( 'NONE',  ( -13.69463538050740681, 3.655843076592360852, 2.637603443094825195 ) ) ;
#2175 = VERTEX_POINT ( 'NONE', #543 ) ;
#2176 = ORIENTED_EDGE ( 'NONE', *, *, #1176, .T. ) ;
#2177 = CARTESIAN_POINT ( 'NONE',  ( -13.86648729581990658, 5.000000000000000000, 7.391651446600887354 ) ) ;
#2178 = CYLINDRICAL_SURFACE ( 'NONE', #187, 2.500000000000000444 ) ;
#2179 = CARTESIAN_POINT ( 'NONE',  ( -13.86648729581990658, 5.000000000000000000, 5.051926360195067467 ) ) ;
#2180 = CARTESIAN_POINT ( 'NONE',  ( -13.69463538050740503, 3.655843076592360852, 1.685103443094825071 ) ) ;
#2181 = CARTESIAN_POINT ( 'NONE',  ( -13.86648729581990658, 5.000000000000000000, 6.004426360195067147 ) ) ;
#2182 = CARTESIAN_POINT ( 'NONE',  ( -13.69463538050740858, 6.344156923407640924, 4.489686776428158055 ) ) ;
#2183 = CARTESIAN_POINT ( 'NONE',  ( -11.36648729581990480, 2.311686153184720371, 3.404895109761492566 ) ) ;
#2184 = FACE_OUTER_BOUND ( 'NONE', #511, .T. ) ;
#2185 = CARTESIAN_POINT ( 'NONE',  ( -13.69463538050740503, 3.655843076592360852, 4.304478443094825302 ) ) ;
#2186 = LOCAL_TIME ( 12, 38, 48.00000000000000000, #624 ) ;
#2187 = CARTESIAN_POINT ( 'NONE',  ( -12.53056133816365403, 7.016235385111460054, 2.558228443094825444 ) ) ;
#2188 = VERTEX_POINT ( 'NONE', #1716 ) ;
#2189 = CARTESIAN_POINT ( 'NONE',  ( -8.866487295819904801, 5.000000000000000000, 2.948488859327917044 ) ) ;
#2190 = CARTESIAN_POINT ( 'NONE',  ( -11.36648729581990658, 5.000000000000000000, 7.391651446600888242 ) ) ;
#2191 = CARTESIAN_POINT ( 'NONE',  ( -10.20241325347615735, 2.983764614888539057, 5.256978443094824982 ) ) ;
#2192 = CARTESIAN_POINT ( 'NONE',  ( -10.20241325347615380, 7.016235385111460054, 2.187811776428159050 ) ) ;
#2193 = CARTESIAN_POINT ( 'NONE',  ( -9.038339211132406348, 3.655843076592358631, 3.140311776428159618 ) ) ;
#2194 = EDGE_LOOP ( 'NONE', ( #3064, #2523, #2103, #3237 ) ) ;
#2195 = VERTEX_POINT ( 'NONE', #3144 ) ;
#2196 = DIRECTION ( 'NONE',  ( -1.000000000000000000, 0.000000000000000000, -3.469446951953613696E-16 ) ) ;
#2197 = DIRECTION ( 'NONE',  ( 2.992521824128285357E-16, -0.000000000000000000, -1.000000000000000000 ) ) ;
#2198 = ADVANCED_FACE ( 'NONE', ( #3199 ), #2590, .F. ) ;
#2199 = EDGE_CURVE ( 'NONE', #2461, #1289, #3103, .T. ) ;
#2200 = CARTESIAN_POINT ( 'NONE',  ( -11.36648729581990658, 2.113248654051870901, 7.036301360195068355 ) ) ;
#2201 = CARTESIAN_POINT ( 'NONE',  ( -12.61648729581990658, 7.165063509461097269, 5.316509693528401748 ) ) ;
#2202 = CARTESIAN_POINT ( 'NONE',  ( -8.866487295819906578, 5.000000000000000000, 4.893176360195068852 ) ) ;
#2203 = CARTESIAN_POINT ( 'NONE',  ( -12.53056133816365580, 7.016235385111460054, 6.050728443094825160 ) ) ;
#2204 = CARTESIAN_POINT ( 'NONE',  ( -9.038339211132406348, 3.655843076592358631, 3.775311776428159849 ) ) ;
#2205 = CARTESIAN_POINT ( 'NONE',  ( -11.36648729581990480, 2.113248654051870901, 3.861301360195068533 ) ) ;
#2206 = CARTESIAN_POINT ( 'NONE',  ( -10.20241325347615557, 2.983764614888539057, 4.066353443094825160 ) ) ;
#2207 = CARTESIAN_POINT ( 'NONE',  ( -13.69463538050740681, 6.344156923407640924, 2.267186776428158357 ) ) ;
#2208 = ORIENTED_EDGE ( 'NONE', *, *, #1727, .T. ) ;
#2209 = CARTESIAN_POINT ( 'NONE',  ( -8.866487295819904801, 5.000000000000000000, 3.583488859327917275 ) ) ;
#2210 = CARTESIAN_POINT ( 'NONE',  ( -9.030605856563786560, 4.285493529551655634, 7.134187356265845104 ) ) ;
#2211 = CARTESIAN_POINT ( 'NONE',  ( -11.36648729581990658, 2.311686153184720371, 5.230520109761492620 ) ) ;
#2212 = CARTESIAN_POINT ( 'NONE',  ( -11.36648729581990480, 7.688313846815280073, 1.579270109761492291 ) ) ;
#2213 = CARTESIAN_POINT ( 'NONE',  ( -9.038339211132404571, 6.344156923407640036, 3.193228443094826119 ) ) ;
#2214 = EDGE_LOOP ( 'NONE', ( #643, #1924, #2099, #2808 ) ) ;
#2215 = ORIENTED_EDGE ( 'NONE', *, *, #1268, .T. ) ;
#2216 = AXIS2_PLACEMENT_3D ( 'NONE', #871, #813, #2856 ) ;
#2217 = CARTESIAN_POINT ( 'NONE',  ( -8.866487295819895920, 6.443375672974059221, 3.292447192661250188 ) ) ;
#2218 = ADVANCED_FACE ( 'NONE', ( #1787 ), #2069, .F. ) ;
#2219 = CARTESIAN_POINT ( 'NONE',  ( -12.61648729581990480, 7.165063509461097269, 4.046509693528401286 ) ) ;
#2220 = VECTOR ( 'NONE', #1786, 1000.000000000000000 ) ;
#2221 = EDGE_CURVE ( 'NONE', #1629, #896, #3759, .T. ) ;
#2222 = CARTESIAN_POINT ( 'NONE',  ( -8.866487295819906578, 5.000000000000000000, 6.480676360195069208 ) ) ;
#2223 = VECTOR ( 'NONE', #2503, 1000.000000000000114 ) ;
#2224 = CARTESIAN_POINT ( 'NONE',  ( -13.86648729581989059, 3.556624327025926569, 7.261197192661249744 ) ) ;
#2225 = CARTESIAN_POINT ( 'NONE',  ( -16.74831364969582737, 10.00000000000000000, 4.968826501371166771 ) ) ;
#2226 = CARTESIAN_POINT ( 'NONE',  ( -10.20241325347615735, 2.983764614888539057, 7.161978443094826119 ) ) ;
#2227 = CARTESIAN_POINT ( 'NONE',  ( -12.53056133816365403, 7.016235385111460054, 3.272603443094825426 ) ) ;
#2228 = CARTESIAN_POINT ( 'NONE',  ( -8.866487295819915460, 3.556624327025929233, 3.239530525994583243 ) ) ;
#2229 = CARTESIAN_POINT ( 'NONE',  ( -13.69463538050740681, 6.344156923407640036, 4.886561776428157700 ) ) ;
#2230 = CARTESIAN_POINT ( 'NONE',  ( -13.69463538050740681, 6.344156923407640924, 2.902186776428157700 ) ) ;
#2231 = VERTEX_POINT ( 'NONE', #323 ) ;
#2232 = CARTESIAN_POINT ( 'NONE',  ( -12.61648729581990658, 2.834936490538903620, 4.430155525994583066 ) ) ;
#2233 = DIRECTION ( 'NONE',  ( -0.000000000000000000, 1.000000000000000000, 0.000000000000000000 ) ) ;
#2234 = CARTESIAN_POINT ( 'NONE',  ( -13.69463538050740681, 3.655843076592360852, 5.177603443094824343 ) ) ;
#2235 = APPROVAL ( #2669, 'UNSPECIFIED' ) ;
#2236 = CARTESIAN_POINT ( 'NONE',  ( -10.20241325347615557, 2.983764614888539057, 2.081978443094825604 ) ) ;
#2237 = CARTESIAN_POINT ( 'NONE',  ( -9.038339211132406348, 3.655843076592358631, 2.822811776428159281 ) ) ;
#2238 = VERTEX_POINT ( 'NONE', #2125 ) ;
#2239 = EDGE_LOOP ( 'NONE', ( #3477, #1986, #2479, #1648, #2860, #151, #1887, #1420, #1037, #856 ) ) ;
#2240 = CARTESIAN_POINT ( 'NONE',  ( -13.86648729581989592, 6.443375672974070767, 3.398280525994581858 ) ) ;
#2241 = CARTESIAN_POINT ( 'NONE',  ( -13.86648729581990480, 5.000000000000000000, 3.146926360195067662 ) ) ;
#2242 = ADVANCED_FACE ( 'NONE', ( #635, #2398 ), #3569, .F. ) ;
#2243 = CARTESIAN_POINT ( 'NONE',  ( -10.11648729581990835, 2.834936490538902287, 5.792759693528402032 ) ) ;
#2244 = CARTESIAN_POINT ( 'NONE',  ( -5.984660941943984014, 0.000000000000000000, 3.348562319248791663 ) ) ;
#2245 = CARTESIAN_POINT ( 'NONE',  ( -13.69463538050740503, 5.000000000000000000, 3.246145109761491288 ) ) ;
#2246 = CARTESIAN_POINT ( 'NONE',  ( -13.86648729581990480, 6.443375672974065438, 1.850468026861734394 ) ) ;
#2247 = CYLINDRICAL_SURFACE ( 'NONE', #2281, 2.500000000000000444 ) ;
#2248 = ADVANCED_FACE ( 'NONE', ( #2359 ), #3000, .F. ) ;
#2249 = CARTESIAN_POINT ( 'NONE',  ( -9.038339211132406348, 3.655843076592359520, 4.727811776428159973 ) ) ;
#2250 = ADVANCED_FACE ( 'NONE', ( #2680 ), #2090, .F. ) ;
#2251 = CARTESIAN_POINT ( 'NONE',  ( -10.20241325347615557, 2.983764614888539057, 2.716978443094825835 ) ) ;
#2252 = CARTESIAN_POINT ( 'NONE',  ( -10.11648729581990480, 7.165063509461097269, 5.223905525994584131 ) ) ;
#2253 = CARTESIAN_POINT ( 'NONE',  ( -9.140161775657311694, 4.319009410852968855, 7.200333350455749404 ) ) ;
#2254 = CARTESIAN_POINT ( 'NONE',  ( -11.36648729581990658, 2.311686153184720371, 6.183020109761492300 ) ) ;
#2255 = CARTESIAN_POINT ( 'NONE',  ( -9.038339211132406348, 3.655843076592358631, 2.108436776428159742 ) ) ;
#2256 = CARTESIAN_POINT ( 'NONE',  ( -9.038339211132404571, 6.344156923407640036, 2.875728443094826225 ) ) ;
#2257 = ORIENTED_EDGE ( 'NONE', *, *, #269, .T. ) ;
#2258 = ORIENTED_EDGE ( 'NONE', *, *, #3388, .T. ) ;
#2259 =( NAMED_UNIT ( * ) PLANE_ANGLE_UNIT ( ) SI_UNIT ( $, .RADIAN. ) );
#2260 = CARTESIAN_POINT ( 'NONE',  ( -11.36648729581990658, 2.311686153184720371, 7.214895109761491732 ) ) ;
#2261 = CARTESIAN_POINT ( 'NONE',  ( -8.866487295819908354, 3.556624327025934118, 6.136718026861736064 ) ) ;
#2262 =( BOUNDED_CURVE ( )  B_SPLINE_CURVE ( 2, ( #1473, #2959, #3781, #1196, #3189, #2354, #3520 ),
 .UNSPECIFIED., .F., .F. ) 
 B_SPLINE_CURVE_WITH_KNOTS ( ( 3, 2, 2, 3 ),
 ( 0.7222222222222222099, 0.7314814814814815103, 0.7407407407407406996, 0.7500000000000000000 ),
 .UNSPECIFIED. ) 
 CURVE ( )  GEOMETRIC_REPRESENTATION_ITEM ( )  RATIONAL_B_SPLINE_CURVE ( ( 1.000000000000000000, 0.8660254037844387076, 1.000000000000000000, 0.8660254037844387076, 1.000000000000000000, 0.8660254037844387076, 1.000000000000000000 ) ) 
 REPRESENTATION_ITEM ( '' )  );
#2263 = CARTESIAN_POINT ( 'NONE',  ( -10.20241325347615380, 7.016235385111460054, 3.140311776428159618 ) ) ;
#2264 = CARTESIAN_POINT ( 'NONE',  ( -11.36648729581990658, 2.311686153184720371, 6.818020109761492087 ) ) ;
#2265 = CARTESIAN_POINT ( 'NONE',  ( -11.36648729581990658, 7.886751345948129099, 5.250363859327916494 ) ) ;
#2266 = CARTESIAN_POINT ( 'NONE',  ( -13.69463538050740681, 3.655843076592360852, 6.844478443094825337 ) ) ;
#2267 = CARTESIAN_POINT ( 'NONE',  ( -10.20241325347615557, 2.983764614888539057, 4.304478443094826190 ) ) ;
#2268 = CARTESIAN_POINT ( 'NONE',  ( -13.86648729581990835, 3.556624327025936338, 5.673697192661248501 ) ) ;
#2269 = CARTESIAN_POINT ( 'NONE',  ( -13.86648729581990480, 5.000000000000000000, 4.099426360195067787 ) ) ;
#2270 = DIRECTION ( 'NONE',  ( 2.992521824128285357E-16, -0.000000000000000000, -1.000000000000000000 ) ) ;
#2271 = CARTESIAN_POINT ( 'NONE',  ( -9.038339211132404571, 6.344156923407640036, 3.748853443094826154 ) ) ;
#2272 = CARTESIAN_POINT ( 'NONE',  ( -12.53056133816365403, 7.016235385111460054, 3.590103443094825320 ) ) ;
#2273 = VERTEX_POINT ( 'NONE', #2941 ) ;
#2274 = VERTEX_POINT ( 'NONE', #1498 ) ;
#2275 = CARTESIAN_POINT ( 'NONE',  ( -10.11648729581990480, 7.165063509461097269, 6.533593026861735709 ) ) ;
#2276 = PLANE ( 'NONE',  #310 ) ;
#2277 = ORIENTED_EDGE ( 'NONE', *, *, #1778, .T. ) ;
#2278 = CARTESIAN_POINT ( 'NONE',  ( -8.866487295819906578, 5.000000000000000000, 6.163176360195069314 ) ) ;
#2279 = CARTESIAN_POINT ( 'NONE',  ( -12.53056133816365580, 7.016235385111460054, 7.003228443094824840 ) ) ;
#2280 = CARTESIAN_POINT ( 'NONE',  ( -13.69463538050740503, 3.655843076592360852, 2.637603443094825195 ) ) ;
#2281 = AXIS2_PLACEMENT_3D ( 'NONE', #1145, #1446, #3412 ) ;
#2282 = CARTESIAN_POINT ( 'NONE',  ( -11.36648729581990480, 7.886751345948129099, 1.480051360195068222 ) ) ;
#2283 = ORIENTED_EDGE ( 'NONE', *, *, #883, .F. ) ;
#2284 = DIRECTION ( 'NONE',  ( -1.000000000000000000, 0.000000000000000000, -3.469446951953613696E-16 ) ) ;
#2285 = CARTESIAN_POINT ( 'NONE',  ( -12.53056133816365758, 2.983764614888540390, 6.235936776428158801 ) ) ;
#2286 = EDGE_CURVE ( 'NONE', #819, #3478, #2110, .T. ) ;
#2287 = CARTESIAN_POINT ( 'NONE',  ( -10.20241325347615557, 2.983764614888539057, 3.669478443094825959 ) ) ;
#2288 = CARTESIAN_POINT ( 'NONE',  ( -12.61648729581990658, 7.165063509461097269, 4.641822192661249069 ) ) ;
#2289 = CARTESIAN_POINT ( 'NONE',  ( -13.86648729581990480, 5.000000000000000888, 3.107238859327915215 ) ) ;
#2290 = FACE_OUTER_BOUND ( 'NONE', #1144, .T. ) ;
#2291 = ADVANCED_FACE ( 'NONE', ( #2699 ), #946, .F. ) ;
#2292 = CARTESIAN_POINT ( 'NONE',  ( -11.36648729581990480, 7.688313846815280073, 3.801770109761492655 ) ) ;
#2293 = CARTESIAN_POINT ( 'NONE',  ( -11.36648729581990658, 7.688313846815280073, 4.833645109761492975 ) ) ;
#2294 = ORIENTED_EDGE ( 'NONE', *, *, #3653, .F. ) ;
#2295 = ORIENTED_EDGE ( 'NONE', *, *, #2844, .F. ) ;
#2296 = DIRECTION ( 'NONE',  ( 1.000000000000000000, 0.000000000000000000, -0.000000000000000000 ) ) ;
#2297 = CARTESIAN_POINT ( 'NONE',  ( -8.975828521047624520, 4.268733548831692204, 7.378926913677060995 ) ) ;
#2298 = CARTESIAN_POINT ( 'NONE',  ( -11.36648729581990480, 2.113248654051870901, 1.916613859327916503 ) ) ;
#2299 = CARTESIAN_POINT ( 'NONE',  ( -9.038339211132404571, 6.344156923407640036, 4.463228443094825693 ) ) ;
#2300 = CARTESIAN_POINT ( 'NONE',  ( -11.36648729581990480, 7.688313846815280073, 2.531770109761492638 ) ) ;
#2301 = CARTESIAN_POINT ( 'NONE',  ( -11.36648729581990658, 2.311686153184720371, 6.500520109761493082 ) ) ;
#2302 = ORIENTED_EDGE ( 'NONE', *, *, #3704, .F. ) ;
#2303 = CARTESIAN_POINT ( 'NONE',  ( -13.86648729581991368, 3.556624327025941668, 3.451197192661247470 ) ) ;
#2304 = CARTESIAN_POINT ( 'NONE',  ( -11.36648729581990658, 2.311686153184720371, 5.944895109761493046 ) ) ;
#2305 =( BOUNDED_CURVE ( )  B_SPLINE_CURVE ( 2, ( #465, #1600, #1089, #3335, #3417, #1963, #153 ),
 .UNSPECIFIED., .F., .T. ) 
 B_SPLINE_CURVE_WITH_KNOTS ( ( 3, 2, 2, 3 ),
 ( 0.3333333333333332593, 0.3425925925925925597, 0.3518518518518518601, 0.3611111111111111049 ),
 .UNSPECIFIED. ) 
 CURVE ( )  GEOMETRIC_REPRESENTATION_ITEM ( )  RATIONAL_B_SPLINE_CURVE ( ( 1.000000000000000888, 0.8660254037844379305, 1.000000000000000000, 0.8660254037844387076, 1.000000000000000000, 0.8660254037844387076, 1.000000000000000000 ) ) 
 REPRESENTATION_ITEM ( '' )  );
#2306 = CARTESIAN_POINT ( 'NONE',  ( -13.69463538050740681, 5.000000000000000000, 4.516145109761491305 ) ) ;
#2307 = CARTESIAN_POINT ( 'NONE',  ( -13.86648729581990835, 6.443375672974065438, 5.620780525994582000 ) ) ;
#2308 = DIRECTION ( 'NONE',  ( 2.992521824128285357E-16, -0.000000000000000000, -1.000000000000000000 ) ) ;
#2309 = CARTESIAN_POINT ( 'NONE',  ( -9.038339211132404571, 6.344156923407639148, 1.923228443094826101 ) ) ;
#2310 = CARTESIAN_POINT ( 'NONE',  ( -11.36648729581990658, 7.688313846815280073, 5.786145109761491767 ) ) ;
#2311 = ORIENTED_EDGE ( 'NONE', *, *, #961, .F. ) ;
#2312 = ORIENTED_EDGE ( 'NONE', *, *, #3312, .T. ) ;
#2313 = PERSON_AND_ORGANIZATION ( #193, #1828 ) ;
#2314 = CARTESIAN_POINT ( 'NONE',  ( -11.36648729581990480, 7.886751345948129099, 1.757863859327916334 ) ) ;
#2315 = CARTESIAN_POINT ( 'NONE',  ( -13.86648729581990480, 3.556624327025936338, 2.538384693528400682 ) ) ;
#2316 = EDGE_CURVE ( 'NONE', #232, #3640, #2983, .T. ) ;
#2317 = CARTESIAN_POINT ( 'NONE',  ( -13.86648729581990480, 5.000000000000000000, 2.789738859327915321 ) ) ;
#2318 = CARTESIAN_POINT ( 'NONE',  ( -12.53056133816365580, 7.016235385111460054, 5.177603443094826119 ) ) ;
#2319 = CARTESIAN_POINT ( 'NONE',  ( -10.20241325347615380, 7.016235385111460054, 2.822811776428159281 ) ) ;
#2320 = CARTESIAN_POINT ( 'NONE',  ( -11.36648729581990480, 7.886751345948129099, 2.432551360195068124 ) ) ;
#2321 = VERTEX_POINT ( 'NONE', #3288 ) ;
#2322 = CARTESIAN_POINT ( 'NONE',  ( -13.86648729581990658, 5.000000000000000000, 5.012238859327914575 ) ) ;
#2323 = CARTESIAN_POINT ( 'NONE',  ( -13.69463538050740681, 6.344156923407640036, 6.156561776428158161 ) ) ;
#2324 = CARTESIAN_POINT ( 'NONE',  ( -11.36648729581990658, 2.311686153184720371, 4.913020109761490950 ) ) ;
#2325 = CARTESIAN_POINT ( 'NONE',  ( -11.36648729581990658, 7.886751345948129099, 5.885363859327915392 ) ) ;
#2326 = CARTESIAN_POINT ( 'NONE',  ( -13.86648729581990480, 5.000000000000000000, 4.059738859327915783 ) ) ;
#2327 = CARTESIAN_POINT ( 'NONE',  ( -9.140161775657311694, 4.319009410852968855, 7.200333350455751180 ) ) ;
#2328 =( BOUNDED_CURVE ( )  B_SPLINE_CURVE ( 2, ( #1721, #274, #2613, #3796, #60, #3239, #2444 ),
 .UNSPECIFIED., .F., .T. ) 
 B_SPLINE_CURVE_WITH_KNOTS ( ( 3, 2, 2, 3 ),
 ( 0.4166666666666665741, 0.4259259259259258745, 0.4351851851851851749, 0.4444444444444444753 ),
 .UNSPECIFIED. ) 
 CURVE ( )  GEOMETRIC_REPRESENTATION_ITEM ( )  RATIONAL_B_SPLINE_CURVE ( ( 1.000000000000001554, 0.8660254037844371533, 1.000000000000000000, 0.8660254037844387076, 1.000000000000000000, 0.8660254037844379305, 1.000000000000000888 ) ) 
 REPRESENTATION_ITEM ( '' )  );
#2329 = CARTESIAN_POINT ( 'NONE',  ( -12.53056133816365580, 7.016235385111460054, 4.860103443094825337 ) ) ;
#2330 = ORIENTED_EDGE ( 'NONE', *, *, #2890, .F. ) ;
#2331 = ORIENTED_EDGE ( 'NONE', *, *, #1183, .T. ) ;
#2332 = APPLICATION_PROTOCOL_DEFINITION ( 'international standard', 'config_control_design', 1994, #3545 ) ;
#2333 = CARTESIAN_POINT ( 'NONE',  ( -11.36648729581990658, 5.000000000000000000, 7.391651446600888242 ) ) ;
#2334 = DIRECTION ( 'NONE',  ( 2.992521824128285357E-16, -0.000000000000000000, -1.000000000000000000 ) ) ;
#2335 = EDGE_CURVE ( 'NONE', #899, #3469, #1257, .T. ) ;
#2336 = CARTESIAN_POINT ( 'NONE',  ( -13.86648729581990480, 3.556624327025936338, 2.220884693528400788 ) ) ;
#2337 = CARTESIAN_POINT ( 'NONE',  ( -10.20241325347615557, 7.016235385111460054, 5.442186776428159511 ) ) ;
#2338 = CARTESIAN_POINT ( 'NONE',  ( -11.36648729581990658, 7.688313846815280073, 4.754270109761492336 ) ) ;
#2339 = EDGE_CURVE ( 'NONE', #289, #2273, #739, .T. ) ;
#2340 = CARTESIAN_POINT ( 'NONE',  ( -10.11648729581990658, 2.834936490538902287, 2.300259693528401872 ) ) ;
#2341 = AXIS2_PLACEMENT_3D ( 'NONE', #444, #3048, #421 ) ;
#2342 = DIRECTION ( 'NONE',  ( -1.000000000000000000, 0.000000000000000000, -3.469446951953613696E-16 ) ) ;
#2343 = CARTESIAN_POINT ( 'NONE',  ( -13.69463538050740681, 6.344156923407640036, 6.791561776428158836 ) ) ;
#2344 = CARTESIAN_POINT ( 'NONE',  ( -11.36648729581990480, 2.311686153184720371, 3.960520109761492158 ) ) ;
#2345 = CARTESIAN_POINT ( 'NONE',  ( -8.866487295819908354, 3.556624327025934118, 6.732030525994583847 ) ) ;
#2346 = VECTOR ( 'NONE', #1508, 1000.000000000000000 ) ;
#2347 = CARTESIAN_POINT ( 'NONE',  ( -8.866487295819906578, 5.000000000000000000, 4.853488859327917737 ) ) ;
#2348 = CARTESIAN_POINT ( 'NONE',  ( -9.038339211132406348, 5.000000000000000000, 6.897395109761492726 ) ) ;
#2349 = CARTESIAN_POINT ( 'NONE',  ( -10.20241325347615557, 7.016235385111460054, 4.807186776428159725 ) ) ;
#2350 = VERTEX_POINT ( 'NONE', #2924 ) ;
#2351 = ORIENTED_EDGE ( 'NONE', *, *, #6, .F. ) ;
#2352 = CARTESIAN_POINT ( 'NONE',  ( -11.36648729581990658, 5.000000000000000000, 7.391651446600888242 ) ) ;
#2353 = ORIENTED_EDGE ( 'NONE', *, *, #890, .T. ) ;
#2354 = CARTESIAN_POINT ( 'NONE',  ( -13.86648729581990480, 6.443375672974065438, 5.660468026861734003 ) ) ;
#2355 = CARTESIAN_POINT ( 'NONE',  ( -10.20241325347615380, 7.016235385111460054, 3.854686776428159600 ) ) ;
#2356 = CARTESIAN_POINT ( 'NONE',  ( -13.69463538050740503, 6.344156923407640036, 3.537186776428158819 ) ) ;
#2357 = CARTESIAN_POINT ( 'NONE',  ( -10.11648729581990658, 2.834936490538902287, 3.252759693528401996 ) ) ;
#2358 = CARTESIAN_POINT ( 'NONE',  ( -8.866487295819885261, 6.443375672974054780, 3.649634693528400753 ) ) ;
#2359 = FACE_OUTER_BOUND ( 'NONE', #1582, .T. ) ;
#2360 = CARTESIAN_POINT ( 'NONE',  ( -10.20241325347615557, 2.983764614888539057, 3.986978443094825852 ) ) ;
#2361 = CARTESIAN_POINT ( 'NONE',  ( -9.038339211132406348, 6.344156923407640036, 6.288853443094826190 ) ) ;
#2362 = CARTESIAN_POINT ( 'NONE',  ( -12.53056133816365580, 2.983764614888540390, 1.790936776428158517 ) ) ;
#2363 = EDGE_CURVE ( 'NONE', #2824, #2021, #1142, .T. ) ;
#2364 = CARTESIAN_POINT ( 'NONE',  ( -10.11648729581990835, 2.834936490538902287, 6.427759693528400931 ) ) ;
#2365 = CARTESIAN_POINT ( 'NONE',  ( -9.038339211132406348, 3.655843076592359520, 2.822811776428159281 ) ) ;
#2366 = EDGE_CURVE ( 'NONE', #818, #2612, #766, .T. ) ;
#2367 = ORIENTED_EDGE ( 'NONE', *, *, #810, .F. ) ;
#2368 = AXIS2_PLACEMENT_3D ( 'NONE', #1913, #1095, #1896 ) ;
#2369 = CARTESIAN_POINT ( 'NONE',  ( -9.038339211132406348, 5.000000000000000000, 5.071770109761493117 ) ) ;
#2370 = VERTEX_POINT ( 'NONE', #2181 ) ;
#2371 = CARTESIAN_POINT ( 'NONE',  ( -11.36648729581990480, 2.113248654051870901, 2.234113859327916174 ) ) ;
#2372 = DIRECTION ( 'NONE',  ( 1.000000000000000000, 0.000000000000000000, 0.000000000000000000 ) ) ;
#2373 = CARTESIAN_POINT ( 'NONE',  ( -12.61648729581990658, 7.165063509461097269, 6.546822192661248430 ) ) ;
#2374 = CARTESIAN_POINT ( 'NONE',  ( -13.86648729581987283, 6.443375672974085866, 4.985780525994581325 ) ) ;
#2375 = ORIENTED_EDGE ( 'NONE', *, *, #1099, .T. ) ;
#2376 = CARTESIAN_POINT ( 'NONE',  ( -12.61648729581990658, 2.834936490538903620, 3.517343026861734501 ) ) ;
#2377 = CARTESIAN_POINT ( 'NONE',  ( -8.866487295819904801, 5.000000000000000000, 2.630988859327916707 ) ) ;
#2378 = CARTESIAN_POINT ( 'NONE',  ( -9.038339211132406348, 6.344156923407640036, 5.415728443094827149 ) ) ;
#2379 = CARTESIAN_POINT ( 'NONE',  ( -13.69463538050740503, 6.344156923407640036, 3.854686776428158268 ) ) ;
#2380 = CARTESIAN_POINT ( 'NONE',  ( -13.86648729581990480, 6.443375672974065438, 2.485468026861734181 ) ) ;
#2381 = CARTESIAN_POINT ( 'NONE',  ( -5.984660941943984014, 0.000000000000000000, 3.348562319248791663 ) ) ;
#2382 = CARTESIAN_POINT ( 'NONE',  ( -13.86648729581990658, 6.443375672974063662, 1.850468026861734172 ) ) ;
#2383 = CARTESIAN_POINT ( 'NONE',  ( -12.53056133816365580, 2.983764614888540390, 3.299061776428158677 ) ) ;
#2384 = CARTESIAN_POINT ( 'NONE',  ( -9.038339211132406348, 6.344156923407640036, 5.653853443094825515 ) ) ;
#2385 = CARTESIAN_POINT ( 'NONE',  ( -13.69463538050740681, 3.655843076592360852, 1.764478443094825044 ) ) ;
#2386 = CARTESIAN_POINT ( 'NONE',  ( -13.69463538050740503, 3.655843076592360852, 3.034478443094824396 ) ) ;
#2387 = CARTESIAN_POINT ( 'NONE',  ( -9.038339211132406348, 6.344156923407640036, 7.003228443094827504 ) ) ;
#2388 = ORIENTED_EDGE ( 'NONE', *, *, #935, .F. ) ;
#2389 = CARTESIAN_POINT ( 'NONE',  ( -13.86648729581990480, 3.556624327025936338, 2.816197192661249016 ) ) ;
#2390 = CARTESIAN_POINT ( 'NONE',  ( -10.11648729581990480, 7.165063509461097269, 6.493905525994583705 ) ) ;
#2391 = CARTESIAN_POINT ( 'NONE',  ( -13.69463538050740681, 3.655843076592360852, 1.764478443094825044 ) ) ;
#2392 = FACE_OUTER_BOUND ( 'NONE', #313, .T. ) ;
#2393 = CARTESIAN_POINT ( 'NONE',  ( -8.975827272997547013, 4.268737628973709342, 7.101114414544213993 ) ) ;
#2394 = CARTESIAN_POINT ( 'NONE',  ( -9.038339211132406348, 5.000000000000000000, 6.341770109761493579 ) ) ;
#2395 = CARTESIAN_POINT ( 'NONE',  ( -13.69463538050740681, 3.655843076592360852, 4.860103443094824449 ) ) ;
#2396 = CARTESIAN_POINT ( 'NONE',  ( -10.11648729581990658, 2.834936490538902287, 1.982759693528401979 ) ) ;
#2397 = CARTESIAN_POINT ( 'NONE',  ( -11.36648729581990658, 2.113248654051870901, 6.679113859327916458 ) ) ;
#2398 = FACE_OUTER_BOUND ( 'NONE', #39, .T. ) ;
#2399 = CARTESIAN_POINT ( 'NONE',  ( -13.69463538050740681, 6.344156923407640924, 2.902186776428157700 ) ) ;
#2400 = AXIS2_PLACEMENT_3D ( 'NONE', #968, #1482, #3274 ) ;
#2401 = CARTESIAN_POINT ( 'NONE',  ( -12.53056133816365758, 2.983764614888540390, 6.474061776428158055 ) ) ;
#2402 = CARTESIAN_POINT ( 'NONE',  ( -11.36648729581990480, 7.688313846815280073, 1.976145109761492158 ) ) ;
#2403 = CARTESIAN_POINT ( 'NONE',  ( -13.86648729581989059, 6.443375672974076096, 5.977968026861734785 ) ) ;
#2404 = CARTESIAN_POINT ( 'NONE',  ( -10.20241325347615557, 2.983764614888539057, 3.113853443094825924 ) ) ;
#2405 = VECTOR ( 'NONE', #70, 1000.000000000000000 ) ;
#2406 = VECTOR ( 'NONE', #476, 1000.000000000000000 ) ;
#2407 = CARTESIAN_POINT ( 'NONE',  ( -13.69463538050740681, 5.000000000000000000, 7.135520109761491980 ) ) ;
#2408 = ORIENTED_EDGE ( 'NONE', *, *, #2597, .F. ) ;
#2409 = ORIENTED_EDGE ( 'NONE', *, *, #2564, .F. ) ;
#2410 = DIRECTION ( 'NONE',  ( 1.000000000000000000, 0.000000000000000000, -0.000000000000000000 ) ) ;
#2411 = CYLINDRICAL_SURFACE ( 'NONE', #2643, 2.500000000000000444 ) ;
#2412 = DIRECTION ( 'NONE',  ( 0.000000000000000000, 0.000000000000000000, 1.000000000000000000 ) ) ;
#2413 = CARTESIAN_POINT ( 'NONE',  ( -13.86648729581990480, 5.000000000000000000, 1.559426360195067529 ) ) ;
#2414 = CARTESIAN_POINT ( 'NONE',  ( -9.038339211132406348, 6.344156923407640036, 7.003228443094827504 ) ) ;
#2415 = CARTESIAN_POINT ( 'NONE',  ( -13.69463538050740681, 5.000000000000000000, 4.516145109761491305 ) ) ;
#2416 = CARTESIAN_POINT ( 'NONE',  ( -10.11648729581990303, 7.165063509461097269, 3.993593026861735229 ) ) ;
#2417 = LINE ( 'NONE', #3588, #2220 ) ;
#2418 = CARTESIAN_POINT ( 'NONE',  ( -8.866487295819906578, 6.443375672974066326, 1.744634693528401836 ) ) ;
#2419 = CARTESIAN_POINT ( 'NONE',  ( -12.53056133816365758, 2.983764614888540390, 6.156561776428158161 ) ) ;
#2420 = CARTESIAN_POINT ( 'NONE',  ( -9.038339211132406348, 3.655843076592358631, 6.553436776428159583 ) ) ;
#2421 = CARTESIAN_POINT ( 'NONE',  ( -13.86648729581990835, 6.443375672974065438, 6.890780525994582462 ) ) ;
#2422 = CARTESIAN_POINT ( 'NONE',  ( -13.86648729581990658, 5.000000000000000000, 6.004426360195067147 ) ) ;
#2423 = CARTESIAN_POINT ( 'NONE',  ( -10.20241325347615380, 7.016235385111460054, 2.267186776428159245 ) ) ;
#2424 = CARTESIAN_POINT ( 'NONE',  ( -13.69463538050740858, 3.655843076592360852, 6.844478443094824449 ) ) ;
#2425 = VERTEX_POINT ( 'NONE', #2757 ) ;
#2426 = LINE ( 'NONE', #2728, #3371 ) ;
#2427 =( BOUNDED_CURVE ( )  B_SPLINE_CURVE ( 2, ( #2993, #2101, #383, #3260, #915, #2711, #1209 ),
 .UNSPECIFIED., .F., .T. ) 
 B_SPLINE_CURVE_WITH_KNOTS ( ( 3, 2, 2, 3 ),
 ( 0.3055555555555555802, 0.3148148148148148251, 0.3240740740740740145, 0.3333333333333332593 ),
 .UNSPECIFIED. ) 
 CURVE ( )  GEOMETRIC_REPRESENTATION_ITEM ( )  RATIONAL_B_SPLINE_CURVE ( ( 1.000000000000000000, 0.8660254037844387076, 1.000000000000000000, 0.8660254037844387076, 1.000000000000000000, 0.8660254037844394848, 0.9999999999999992228 ) ) 
 REPRESENTATION_ITEM ( '' )  );
#2428 = CARTESIAN_POINT ( 'NONE',  ( -9.038339211132404571, 6.344156923407640036, 1.923228443094826323 ) ) ;
#2429 = CARTESIAN_POINT ( 'NONE',  ( -8.301487295819905299, 0.000000000000000000, 7.391651446600884690 ) ) ;
#2430 = CARTESIAN_POINT ( 'NONE',  ( -12.61648729581990658, 7.165063509461097269, 4.641822192661249069 ) ) ;
#2431 = CARTESIAN_POINT ( 'NONE',  ( -13.69463538050740858, 3.655843076592360852, 7.161978443094824343 ) ) ;
#2432 = CARTESIAN_POINT ( 'NONE',  ( -12.61648729581990835, 2.834936490538903620, 4.787343026861734074 ) ) ;
#2433 = CARTESIAN_POINT ( 'NONE',  ( -8.866487295819904801, 5.000000000000000000, 2.313488859327917258 ) ) ;
#2434 = CARTESIAN_POINT ( 'NONE',  ( -11.36648729581990658, 7.886751345948129099, 5.885363859327915392 ) ) ;
#2435 = CC_DESIGN_APPROVAL ( #184, ( #593 ) ) ;
#2436 = CARTESIAN_POINT ( 'NONE',  ( -13.69463538050740858, 6.344156923407640924, 5.442186776428157735 ) ) ;
#2437 = CARTESIAN_POINT ( 'NONE',  ( -10.20241325347615735, 2.983764614888539057, 5.574478443094826652 ) ) ;
#2438 = CARTESIAN_POINT ( 'NONE',  ( -11.36648729581990480, 7.688313846815280073, 2.928645109761492726 ) ) ;
#2439 = CYLINDRICAL_SURFACE ( 'NONE', #873, 2.500000000000000444 ) ;
#2440 = CARTESIAN_POINT ( 'NONE',  ( -11.36648729581990480, 7.688313846815280073, 2.611145109761492389 ) ) ;
#2441 = CARTESIAN_POINT ( 'NONE',  ( -9.038339211132406348, 3.655843076592358631, 6.315311776428159440 ) ) ;
#2442 = ORIENTED_EDGE ( 'NONE', *, *, #1221, .F. ) ;
#2443 = CARTESIAN_POINT ( 'NONE',  ( -8.866487295819906578, 3.556624327025934118, 2.604530525994583456 ) ) ;
#2444 = CARTESIAN_POINT ( 'NONE',  ( -8.866487295819904801, 5.000000000000000000, 4.218488859327917062 ) ) ;
#2445 = CARTESIAN_POINT ( 'NONE',  ( -10.20241325347615557, 2.983764614888539057, 2.478853443094826137 ) ) ;
#2446 = ORIENTED_EDGE ( 'NONE', *, *, #576, .T. ) ;
#2447 = CARTESIAN_POINT ( 'NONE',  ( -11.36648729581990658, 5.000000000000000000, 7.391651446600888242 ) ) ;
#2448 = CARTESIAN_POINT ( 'NONE',  ( -13.86648729581990658, 5.000000000000000000, 7.391651446600887354 ) ) ;
#2449 = CARTESIAN_POINT ( 'NONE',  ( -10.20241325347615557, 7.016235385111460054, 5.759686776428159405 ) ) ;
#2450 =( BOUNDED_CURVE ( )  B_SPLINE_CURVE ( 2, ( #560, #521, #1450, #2553, #3143, #1999, #1715 ),
 .UNSPECIFIED., .F., .T. ) 
 B_SPLINE_CURVE_WITH_KNOTS ( ( 3, 2, 2, 3 ),
 ( 0.3333333333333333703, 0.3425925925925926152, 0.3518518518518518601, 0.3611111111111110494 ),
 .UNSPECIFIED. ) 
 CURVE ( )  GEOMETRIC_REPRESENTATION_ITEM ( )  RATIONAL_B_SPLINE_CURVE ( ( 0.9999999999999992228, 0.8660254037844394848, 1.000000000000000000, 0.8660254037844387076, 1.000000000000000000, 0.8660254037844394848, 0.9999999999999992228 ) ) 
 REPRESENTATION_ITEM ( '' )  );
#2451 = EDGE_CURVE ( 'NONE', #1524, #3090, #1315, .T. ) ;
#2452 = CARTESIAN_POINT ( 'NONE',  ( -8.866487295819904801, 6.443375672974065438, 4.284634693528402316 ) ) ;
#2453 = CARTESIAN_POINT ( 'NONE',  ( -13.86648729581989592, 3.556624327025930121, 2.855884693528401463 ) ) ;
#2454 = EDGE_CURVE ( 'NONE', #2020, #1486, #1263, .T. ) ;
#2455 = DIRECTION ( 'NONE',  ( 2.992521824128285357E-16, -0.000000000000000000, -1.000000000000000000 ) ) ;
#2456 = CARTESIAN_POINT ( 'NONE',  ( -13.69463538050740681, 5.000000000000000000, 5.151145109761491980 ) ) ;
#2457 = CARTESIAN_POINT ( 'NONE',  ( -8.866487295819885261, 6.443375672974054780, 4.284634693528401428 ) ) ;
#2458 = CARTESIAN_POINT ( 'NONE',  ( -12.53056133816365580, 2.983764614888540390, 2.425936776428158304 ) ) ;
#2459 = CARTESIAN_POINT ( 'NONE',  ( -13.69463538050740503, 5.000000000000000000, 4.278020109761492051 ) ) ;
#2460 = CARTESIAN_POINT ( 'NONE',  ( -13.69463538050740858, 6.344156923407640924, 6.474061776428158055 ) ) ;
#2461 = VERTEX_POINT ( 'NONE', #2777 ) ;
#2462 = CARTESIAN_POINT ( 'NONE',  ( -11.36648729581990480, 7.886751345948129099, 3.980363859327916476 ) ) ;
#2463 = DIRECTION ( 'NONE',  ( 2.992521824128285357E-16, -0.000000000000000000, -1.000000000000000000 ) ) ;
#2464 = VECTOR ( 'NONE', #280, 1000.000000000000000 ) ;
#2465 = DIRECTION ( 'NONE',  ( 2.992521824128285357E-16, -0.000000000000000000, -1.000000000000000000 ) ) ;
#2466 = ORIENTED_EDGE ( 'NONE', *, *, #3524, .T. ) ;
#2467 = VERTEX_POINT ( 'NONE', #2225 ) ;
#2468 = CARTESIAN_POINT ( 'NONE',  ( -10.11648729581990480, 7.165063509461097269, 4.588905525994583456 ) ) ;
#2469 = CARTESIAN_POINT ( 'NONE',  ( -13.69463538050740681, 5.000000000000000000, 5.865520109761491518 ) ) ;
#2470 = CARTESIAN_POINT ( 'NONE',  ( -11.36648729581990480, 7.886751345948129099, 3.702551360195068142 ) ) ;
#2471 = CARTESIAN_POINT ( 'NONE',  ( -11.36648729581990480, 7.688313846815280073, 1.579270109761492291 ) ) ;
#2472 =( BOUNDED_CURVE ( )  B_SPLINE_CURVE ( 2, ( #827, #243, #2904, #2265, #2620, #3430, #2030 ),
 .UNSPECIFIED., .F., .T. ) 
 B_SPLINE_CURVE_WITH_KNOTS ( ( 3, 2, 2, 3 ),
 ( 0.6111111111111111605, 0.6203703703703703498, 0.6296296296296295392, 0.6388888888888887285 ),
 .UNSPECIFIED. ) 
 CURVE ( )  GEOMETRIC_REPRESENTATION_ITEM ( )  RATIONAL_B_SPLINE_CURVE ( ( 1.000000000000000000, 0.8660254037844387076, 1.000000000000000000, 0.8660254037844387076, 1.000000000000000000, 0.8660254037844402619, 0.9999999999999984457 ) ) 
 REPRESENTATION_ITEM ( '' )  );
#2473 = CARTESIAN_POINT ( 'NONE',  ( -11.36648729581990658, 2.311686153184720371, 5.230520109761492620 ) ) ;
#2474 = CARTESIAN_POINT ( 'NONE',  ( -11.36648729581990480, 7.688313846815280073, 3.246145109761492176 ) ) ;
#2475 = CARTESIAN_POINT ( 'NONE',  ( -13.86648729581990658, 5.000000000000000000, 6.321926360195067929 ) ) ;
#2476 = CARTESIAN_POINT ( 'NONE',  ( -9.038339211132404571, 6.344156923407639148, 4.463228443094825693 ) ) ;
#2477 = EDGE_CURVE ( 'NONE', #2117, #1835, #1162, .T. ) ;
#2478 = CARTESIAN_POINT ( 'NONE',  ( -9.038339211132406348, 3.655843076592358631, 2.743436776428159529 ) ) ;
#2479 = ORIENTED_EDGE ( 'NONE', *, *, #528, .F. ) ;
#2480 = CARTESIAN_POINT ( 'NONE',  ( -8.866487295819906578, 3.556624327025934118, 3.239530525994584131 ) ) ;
#2481 = DIRECTION ( 'NONE',  ( -1.000000000000000000, 0.000000000000000000, 0.000000000000000000 ) ) ;
#2482 = CARTESIAN_POINT ( 'NONE',  ( -10.20241325347615735, 2.983764614888539057, 5.574478443094826652 ) ) ;
#2483 = ADVANCED_FACE ( 'NONE', ( #2511 ), #163, .F. ) ;
#2484 = LINE ( 'NONE', #488, #2223 ) ;
#2485 = CARTESIAN_POINT ( 'NONE',  ( -9.038339211132406348, 3.655843076592358631, 3.457811776428159511 ) ) ;
#2486 = ORIENTED_EDGE ( 'NONE', *, *, #1216, .F. ) ;
#2487 = ORIENTED_EDGE ( 'NONE', *, *, #1571, .F. ) ;
#2488 = DIRECTION ( 'NONE',  ( -1.000000000000000000, 0.000000000000000000, -3.469446951953613696E-16 ) ) ;
#2489 = LINE ( 'NONE', #1631, #3526 ) ;
#2490 = CARTESIAN_POINT ( 'NONE',  ( -13.86648729581990480, 6.443375672974065438, 4.072968026861734536 ) ) ;
#2491 = CARTESIAN_POINT ( 'NONE',  ( -11.36648729581990658, 5.000000000000000000, 7.391651446600888242 ) ) ;
#2492 = CARTESIAN_POINT ( 'NONE',  ( -11.36648729581990658, 7.886751345948129099, 4.972551360195068604 ) ) ;
#2493 = CARTESIAN_POINT ( 'NONE',  ( -12.53056133816365580, 7.016235385111460054, 4.780728443094825586 ) ) ;
#2494 = CARTESIAN_POINT ( 'NONE',  ( -11.36648729581990480, 7.688313846815280073, 2.293645109761492495 ) ) ;
#2495 = CARTESIAN_POINT ( 'NONE',  ( -13.86648729581990480, 5.000000000000000000, 3.742238859327915446 ) ) ;
#2496 = CARTESIAN_POINT ( 'NONE',  ( -10.20241325347615557, 7.016235385111460054, 4.489686776428158943 ) ) ;
#2497 = AXIS2_PLACEMENT_3D ( 'NONE', #2791, #493, #1346 ) ;
#2498 = CARTESIAN_POINT ( 'NONE',  ( -10.20241325347615380, 7.016235385111460054, 2.822811776428159281 ) ) ;
#2499 = VERTEX_POINT ( 'NONE', #1937 ) ;
#2500 = CARTESIAN_POINT ( 'NONE',  ( -10.11648729581990658, 2.834936490538902287, 2.895572192661249655 ) ) ;
#2501 = CARTESIAN_POINT ( 'NONE',  ( -12.61648729581990835, 2.834936490538903620, 5.065155525994582852 ) ) ;
#2502 = CARTESIAN_POINT ( 'NONE',  ( -9.038339211132406348, 3.655843076592359520, 5.283436776428159121 ) ) ;
#2503 = DIRECTION ( 'NONE',  ( 0.6911200784254146745, -0.000000000000000000, -0.7227399512945501536 ) ) ;
#2504 = CARTESIAN_POINT ( 'NONE',  ( -13.69463538050740503, 5.000000000000000000, 3.960520109761491714 ) ) ;
#2505 = ORIENTED_EDGE ( 'NONE', *, *, #1940, .F. ) ;
#2506 = ORIENTED_EDGE ( 'NONE', *, *, #3582, .T. ) ;
#2507 = CARTESIAN_POINT ( 'NONE',  ( -16.74831364969582737, 10.00000000000000000, 3.348562319248790775 ) ) ;
#2508 = CARTESIAN_POINT ( 'NONE',  ( -13.86648729581990658, 5.000000000000000000, 5.369426360195067360 ) ) ;
#2509 = CARTESIAN_POINT ( 'NONE',  ( -11.36648729581990658, 2.113248654051870901, 6.401301360195067680 ) ) ;
#2510 = CARTESIAN_POINT ( 'NONE',  ( -8.866487295819899472, 3.556624327025937671, 2.287030525994583563 ) ) ;
#2511 = FACE_OUTER_BOUND ( 'NONE', #1469, .T. ) ;
#2512 = CARTESIAN_POINT ( 'NONE',  ( -9.038339211132406348, 3.655843076592358631, 6.553436776428159583 ) ) ;
#2513 = CARTESIAN_POINT ( 'NONE',  ( -11.36648729581990480, 2.311686153184720371, 2.769895109761492336 ) ) ;
#2514 = CARTESIAN_POINT ( 'NONE',  ( -10.20241325347615380, 7.016235385111460054, 3.854686776428159600 ) ) ;
#2515 = CARTESIAN_POINT ( 'NONE',  ( -12.53056133816365580, 2.983764614888540390, 3.299061776428158677 ) ) ;
#2516 = ORIENTED_EDGE ( 'NONE', *, *, #1100, .F. ) ;
#2517 = CARTESIAN_POINT ( 'NONE',  ( -8.866487295819906578, 3.556624327025934118, 3.874530525994583474 ) ) ;
#2518 = DIRECTION ( 'NONE',  ( 0.000000000000000000, -0.000000000000000000, 1.000000000000000000 ) ) ;
#2519 = CARTESIAN_POINT ( 'NONE',  ( -13.69463538050740681, 3.655843076592360852, 6.765103443094823810 ) ) ;
#2520 = CARTESIAN_POINT ( 'NONE',  ( -13.86648729581990658, 5.000000000000000000, 7.391651446600887354 ) ) ;
#2521 = CARTESIAN_POINT ( 'NONE',  ( -12.53056133816365580, 2.983764614888540390, 3.060936776428158534 ) ) ;
#2522 = ORIENTED_EDGE ( 'NONE', *, *, #2846, .T. ) ;
#2523 = ORIENTED_EDGE ( 'NONE', *, *, #2454, .T. ) ;
#2524 = VECTOR ( 'NONE', #3574, 1000.000000000000000 ) ;
#2525 = CARTESIAN_POINT ( 'NONE',  ( -13.86648729581990658, 5.000000000000000000, 6.004426360195067147 ) ) ;
#2526 = CARTESIAN_POINT ( 'NONE',  ( -13.69463538050740681, 5.000000000000000000, 7.056145109761492229 ) ) ;
#2527 = AXIS2_PLACEMENT_3D ( 'NONE', #771, #3686, #1063 ) ;
#2528 = CARTESIAN_POINT ( 'NONE',  ( -13.69463538050740503, 5.000000000000000000, 1.976145109761491492 ) ) ;
#2529 = ADVANCED_FACE ( 'NONE', ( #687 ), #1863, .F. ) ;
#2530 = CARTESIAN_POINT ( 'NONE',  ( -8.866487295819904801, 6.443375672974065438, 1.427134693528402387 ) ) ;
#2531 = CARTESIAN_POINT ( 'NONE',  ( -13.69463538050740681, 5.000000000000000000, 4.913020109761490950 ) ) ;
#2532 = CARTESIAN_POINT ( 'NONE',  ( -11.36648729581990480, 2.113248654051870901, 3.821613859327916085 ) ) ;
#2533 = CARTESIAN_POINT ( 'NONE',  ( -9.038339211132404571, 5.000000000000000000, 3.801770109761492655 ) ) ;
#2534 = CARTESIAN_POINT ( 'NONE',  ( -13.69463538050740503, 5.000000000000000000, 2.293645109761491607 ) ) ;
#2535 = CARTESIAN_POINT ( 'NONE',  ( -8.866487295819908354, 3.556624327025934118, 4.827030525994584487 ) ) ;
#2536 = CYLINDRICAL_SURFACE ( 'NONE', #2341, 2.500000000000000444 ) ;
#2537 = CARTESIAN_POINT ( 'NONE',  ( -11.36648729581990658, 7.688313846815280073, 5.706770109761491128 ) ) ;
#2538 = CARTESIAN_POINT ( 'NONE',  ( -9.038339211132404571, 5.000000000000000000, 2.452395109761492886 ) ) ;
#2539 = CARTESIAN_POINT ( 'NONE',  ( -11.36648729581990480, 2.311686153184720371, 2.769895109761492336 ) ) ;
#2540 = VERTEX_POINT ( 'NONE', #3326 ) ;
#2541 = ORIENTED_EDGE ( 'NONE', *, *, #1103, .F. ) ;
#2542 = CARTESIAN_POINT ( 'NONE',  ( -13.86648729581990480, 5.000000000000000000, 2.472238859327914984 ) ) ;
#2543 = CARTESIAN_POINT ( 'NONE',  ( -9.140163621785468706, 4.319003375435758407, 7.279708210674427526 ) ) ;
#2544 = CARTESIAN_POINT ( 'NONE',  ( -13.86648729581990835, 6.443375672974065438, 6.612968026861735460 ) ) ;
#2545 = CARTESIAN_POINT ( 'NONE',  ( -11.36648729581990480, 7.886751345948129099, 3.067551360195068355 ) ) ;
#2546 = CARTESIAN_POINT ( 'NONE',  ( -11.36648729581990480, 7.688313846815280073, 2.214270109761492300 ) ) ;
#2547 = VECTOR ( 'NONE', #2932, 1000.000000000000000 ) ;
#2548 = CARTESIAN_POINT ( 'NONE',  ( -9.140163903950679014, 4.319002452978008222, 7.200333189310127224 ) ) ;
#2549 = LINE ( 'NONE', #1085, #936 ) ;
#2550 = CARTESIAN_POINT ( 'NONE',  ( -9.038339211132406348, 3.655843076592359520, 6.632811776428160222 ) ) ;
#2551 = CARTESIAN_POINT ( 'NONE',  ( -9.038339211132404571, 6.344156923407640036, 2.478853443094826137 ) ) ;
#2552 = CARTESIAN_POINT ( 'NONE',  ( -10.11648729581990835, 2.834936490538902287, 5.435572192661249247 ) ) ;
#2553 = CARTESIAN_POINT ( 'NONE',  ( -11.36648729581990480, 7.886751345948129099, 3.662863859327916138 ) ) ;
#2554 = CARTESIAN_POINT ( 'NONE',  ( -9.038339211132406348, 6.344156923407639148, 5.971353443094827185 ) ) ;
#2555 = CARTESIAN_POINT ( 'NONE',  ( -13.69463538050740503, 5.000000000000000000, 1.976145109761491492 ) ) ;
#2556 = CARTESIAN_POINT ( 'NONE',  ( -11.36648729581990480, 2.311686153184720371, 3.722395109761492016 ) ) ;
#2557 = ORIENTED_EDGE ( 'NONE', *, *, #979, .T. ) ;
#2558 = VERTEX_POINT ( 'NONE', #706 ) ;
#2559 = CARTESIAN_POINT ( 'NONE',  ( -8.866487295819906578, 5.000000000000000000, 6.480676360195069208 ) ) ;
#2560 = DIRECTION ( 'NONE',  ( 2.992521824128285357E-16, -0.000000000000000000, -1.000000000000000000 ) ) ;
#2561 = CARTESIAN_POINT ( 'NONE',  ( -12.61648729581990835, 2.834936490538903620, 6.692343026861735211 ) ) ;
#2562 = LINE ( 'NONE', #3171, #2406 ) ;
#2563 = CARTESIAN_POINT ( 'NONE',  ( -11.36648729581990480, 7.688313846815280073, 2.849270109761492975 ) ) ;
#2564 = EDGE_CURVE ( 'NONE', #3702, #2117, #1652, .T. ) ;
#2565 = CARTESIAN_POINT ( 'NONE',  ( -9.038339211132406348, 6.344156923407640036, 6.606353443094826083 ) ) ;
#2566 = ORIENTED_EDGE ( 'NONE', *, *, #1519, .T. ) ;
#2567 = EDGE_CURVE ( 'NONE', #1344, #1094, #1936, .T. ) ;
#2568 = CARTESIAN_POINT ( 'NONE',  ( -11.36648729581990658, 5.000000000000000000, 7.391651446600888242 ) ) ;
#2569 = CARTESIAN_POINT ( 'NONE',  ( -11.36648729581990658, 7.688313846815280073, 6.421145109761492442 ) ) ;
#2570 =( BOUNDED_CURVE ( )  B_SPLINE_CURVE ( 2, ( #3159, #2303, #2013, #1711, #848, #555, #263 ),
 .UNSPECIFIED., .F., .F. ) 
 B_SPLINE_CURVE_WITH_KNOTS ( ( 3, 2, 2, 3 ),
 ( 0.3055555555555555247, 0.3148148148148148251, 0.3240740740740740700, 0.3333333333333333703 ),
 .UNSPECIFIED. ) 
 CURVE ( )  GEOMETRIC_REPRESENTATION_ITEM ( )  RATIONAL_B_SPLINE_CURVE ( ( 1.000000000000000888, 0.8660254037844379305, 1.000000000000000000, 0.8660254037844387076, 1.000000000000000000, 0.8660254037844379305, 1.000000000000000888 ) ) 
 REPRESENTATION_ITEM ( '' )  );
#2571 = CARTESIAN_POINT ( 'NONE',  ( -13.69463538050740681, 3.655843076592360852, 3.590103443094824431 ) ) ;
#2572 = CARTESIAN_POINT ( 'NONE',  ( -13.86648729581990835, 3.556624327025936338, 5.991197192661248394 ) ) ;
#2573 = CARTESIAN_POINT ( 'NONE',  ( -9.140161775657311694, 4.319009410852968855, 7.200333350455749404 ) ) ;
#2574 = CARTESIAN_POINT ( 'NONE',  ( -9.038339211132404571, 5.000000000000000000, 4.357395109761493579 ) ) ;
#2575 = CARTESIAN_POINT ( 'NONE',  ( -10.20241325347615557, 7.016235385111460054, 5.124686776428159618 ) ) ;
#2576 = ORIENTED_EDGE ( 'NONE', *, *, #864, .F. ) ;
#2577 = EDGE_LOOP ( 'NONE', ( #1641, #94, #1133, #1800 ) ) ;
#2578 = DIRECTION ( 'NONE',  ( 2.992521824128285357E-16, -0.000000000000000000, -1.000000000000000000 ) ) ;
#2579 = CARTESIAN_POINT ( 'NONE',  ( -13.86648729581990658, 5.000000000000000000, 5.686926360195067254 ) ) ;
#2580 = CARTESIAN_POINT ( 'NONE',  ( -12.61648729581990658, 7.165063509461097269, 5.594322192661249638 ) ) ;
#2581 = CARTESIAN_POINT ( 'NONE',  ( -9.038339211132404571, 6.344156923407639148, 2.161353443094825799 ) ) ;
#2582 = VECTOR ( 'NONE', #1554, 1000.000000000000000 ) ;
#2583 = VECTOR ( 'NONE', #2995, 1000.000000000000000 ) ;
#2584 = CARTESIAN_POINT ( 'NONE',  ( -12.53056133816365580, 7.016235385111460054, 7.003228443094824840 ) ) ;
#2585 = DIRECTION ( 'NONE',  ( -1.000000000000000000, 0.000000000000000000, -3.469446951953613696E-16 ) ) ;
#2586 = CARTESIAN_POINT ( 'NONE',  ( -11.36648729581990658, 7.688313846815280073, 5.468645109761492762 ) ) ;
#2587 = CARTESIAN_POINT ( 'NONE',  ( -12.53056133816365758, 2.983764614888540390, 5.204061776428159369 ) ) ;
#2588 = CARTESIAN_POINT ( 'NONE',  ( -13.86648729581990835, 3.556624327025936338, 4.721197192661248820 ) ) ;
#2589 = CYLINDRICAL_SURFACE ( 'NONE', #562, 2.500000000000000444 ) ;
#2590 = CYLINDRICAL_SURFACE ( 'NONE', #1125, 2.500000000000000444 ) ;
#2591 =( BOUNDED_CURVE ( )  B_SPLINE_CURVE ( 2, ( #42, #190, #2501, #3397, #486, #1322, #2172 ),
 .UNSPECIFIED., .F., .T. ) 
 B_SPLINE_CURVE_WITH_KNOTS ( ( 3, 2, 2, 3 ),
 ( 0.5833333333333331483, 0.5925925925925924487, 0.6018518518518517491, 0.6111111111111111605 ),
 .UNSPECIFIED. ) 
 CURVE ( )  GEOMETRIC_REPRESENTATION_ITEM ( )  RATIONAL_B_SPLINE_CURVE ( ( 1.000000000000003109, 0.8660254037844354880, 1.000000000000000000, 0.8660254037844387076, 1.000000000000000000, 0.8660254037844387076, 1.000000000000000000 ) ) 
 REPRESENTATION_ITEM ( '' )  );
#2592 = EDGE_CURVE ( 'NONE', #3014, #1153, #647, .T. ) ;
#2593 = CARTESIAN_POINT ( 'NONE',  ( -10.20241325347615557, 2.983764614888539057, 4.383853443094825941 ) ) ;
#2594 = VERTEX_POINT ( 'NONE', #1509 ) ;
#2595 = ORIENTED_EDGE ( 'NONE', *, *, #1519, .F. ) ;
#2596 = DIRECTION ( 'NONE',  ( -0.000000000000000000, 1.000000000000000000, 0.000000000000000000 ) ) ;
#2597 = EDGE_CURVE ( 'NONE', #2824, #2594, #45, .T. ) ;
#2598 = CARTESIAN_POINT ( 'NONE',  ( -11.36648729581990658, 5.000000000000000000, 7.391651446600888242 ) ) ;
#2599 = CARTESIAN_POINT ( 'NONE',  ( -8.866487295819924341, 3.556624327025924348, 4.231718026861735815 ) ) ;
#2600 = CARTESIAN_POINT ( 'NONE',  ( -11.36648729581990480, 2.311686153184720371, 4.357395109761492691 ) ) ;
#2601 = CARTESIAN_POINT ( 'NONE',  ( -9.038339211132404571, 6.344156923407639148, 2.796353443094826030 ) ) ;
#2602 = CARTESIAN_POINT ( 'NONE',  ( -11.36648729581990480, 2.113248654051870901, 2.908801360195068408 ) ) ;
#2603 = ORIENTED_EDGE ( 'NONE', *, *, #3527, .T. ) ;
#2604 = CARTESIAN_POINT ( 'NONE',  ( -13.86648729581990480, 3.556624327025936338, 5.395884693528400611 ) ) ;
#2605 = CARTESIAN_POINT ( 'NONE',  ( -11.36648729581990658, 7.688313846815280073, 5.786145109761491767 ) ) ;
#2606 = CARTESIAN_POINT ( 'NONE',  ( -9.038339211132404571, 5.000000000000000000, 3.722395109761493348 ) ) ;
#2607 = CARTESIAN_POINT ( 'NONE',  ( -12.61648729581990658, 7.165063509461097269, 4.959322192661248963 ) ) ;
#2608 = CARTESIAN_POINT ( 'NONE',  ( -9.140163023708032242, 4.319005330711148893, 7.253250017122416793 ) ) ;
#2609 = CARTESIAN_POINT ( 'NONE',  ( -11.36648729581990480, 7.688313846815280073, 1.976145109761492602 ) ) ;
#2610 = CARTESIAN_POINT ( 'NONE',  ( -12.53056133816365580, 2.983764614888540390, 4.330936776428158552 ) ) ;
#2611 = ORIENTED_EDGE ( 'NONE', *, *, #3287, .T. ) ;
#2612 = VERTEX_POINT ( 'NONE', #82 ) ;
#2613 = CARTESIAN_POINT ( 'NONE',  ( -12.61648729581990658, 2.834936490538903620, 4.112655525994583172 ) ) ;
#2614 = EDGE_CURVE ( 'NONE', #500, #425, #3299, .T. ) ;
#2615 = CARTESIAN_POINT ( 'NONE',  ( -13.86648729581990480, 5.000000000000000000, 2.511926360195067431 ) ) ;
#2616 = LINE ( 'NONE', #24, #3069 ) ;
#2617 = CARTESIAN_POINT ( 'NONE',  ( -10.20241325347615557, 2.983764614888539057, 4.066353443094825160 ) ) ;
#2618 = CARTESIAN_POINT ( 'NONE',  ( -9.038339211132406348, 6.344156923407639148, 4.701353443094826723 ) ) ;
#2619 = CARTESIAN_POINT ( 'NONE',  ( -11.36648729581990480, 2.113248654051870901, 3.226301360195068302 ) ) ;
#2620 = CARTESIAN_POINT ( 'NONE',  ( -12.61648729581990658, 7.165063509461097269, 5.276822192661249744 ) ) ;
#2621 = CARTESIAN_POINT ( 'NONE',  ( -10.20241325347615735, 2.983764614888539057, 6.606353443094825195 ) ) ;
#2622 = CARTESIAN_POINT ( 'NONE',  ( -9.038339211132406348, 6.344156923407640036, 4.701353443094826723 ) ) ;
#2623 = CARTESIAN_POINT ( 'NONE',  ( -8.866487295819906578, 6.443375672974065438, 6.784947192661250348 ) ) ;
#2624 = LINE ( 'NONE', #2909, #3442 ) ;
#2625 = CYLINDRICAL_SURFACE ( 'NONE', #3444, 2.500000000000000444 ) ;
#2626 = CARTESIAN_POINT ( 'NONE',  ( -10.20241325347615557, 7.016235385111460054, 4.489686776428158943 ) ) ;
#2627 = ORIENTED_EDGE ( 'NONE', *, *, #435, .T. ) ;
#2628 = ORIENTED_EDGE ( 'NONE', *, *, #3731, .F. ) ;
#2629 = CYLINDRICAL_SURFACE ( 'NONE', #1674, 2.500000000000000444 ) ;
#2630 = CARTESIAN_POINT ( 'NONE',  ( -13.86648729581991013, 3.556624327025939447, 1.863697192661248669 ) ) ;
#2631 = CARTESIAN_POINT ( 'NONE',  ( -8.866487295819901249, 6.443375672974063662, 2.657447192661249957 ) ) ;
#2632 = CARTESIAN_POINT ( 'NONE',  ( -12.53056133816365580, 2.983764614888540390, 4.013436776428158659 ) ) ;
#2633 = CARTESIAN_POINT ( 'NONE',  ( -13.69463538050740681, 5.000000000000000000, 4.833645109761492087 ) ) ;
#2634 = ADVANCED_FACE ( 'NONE', ( #3281 ), #3015, .F. ) ;
#2635 = CARTESIAN_POINT ( 'NONE',  ( -10.11648729581990658, 2.834936490538902287, 2.935259693528401659 ) ) ;
#2636 = VECTOR ( 'NONE', #1483, 1000.000000000000000 ) ;
#2637 = CARTESIAN_POINT ( 'NONE',  ( -13.86648729581990658, 5.000000000000000000, 5.686926360195067254 ) ) ;
#2638 = ADVANCED_FACE ( 'NONE', ( #2392 ), #1290, .F. ) ;
#2639 = CARTESIAN_POINT ( 'NONE',  ( -12.61648729581990480, 7.165063509461097269, 1.824009693528401366 ) ) ;
#2640 = CARTESIAN_POINT ( 'NONE',  ( -13.69463538050740503, 5.000000000000000000, 3.246145109761491288 ) ) ;
#2641 = CARTESIAN_POINT ( 'NONE',  ( -13.69463538050740858, 3.655843076592360852, 4.542603443094825444 ) ) ;
#2642 = CARTESIAN_POINT ( 'NONE',  ( -13.69463538050740503, 5.000000000000000000, 1.738020109761491572 ) ) ;
#2643 = AXIS2_PLACEMENT_3D ( 'NONE', #114, #2465, #1892 ) ;
#2644 = PLANE ( 'NONE',  #125 ) ;
#2645 =( BOUNDED_CURVE ( )  B_SPLINE_CURVE ( 2, ( #2615, #2315, #840, #3224, #1440, #2652, #257 ),
 .UNSPECIFIED., .F., .F. ) 
 B_SPLINE_CURVE_WITH_KNOTS ( ( 3, 2, 2, 3 ),
 ( 0.1944444444444444475, 0.2037037037037036924, 0.2129629629629629650, 0.2222222222222222099 ),
 .UNSPECIFIED. ) 
 CURVE ( )  GEOMETRIC_REPRESENTATION_ITEM ( )  RATIONAL_B_SPLINE_CURVE ( ( 1.000000000000000000, 0.8660254037844387076, 1.000000000000000000, 0.8660254037844387076, 1.000000000000000000, 0.8660254037844387076, 1.000000000000000000 ) ) 
 REPRESENTATION_ITEM ( '' )  );
#2646 = LINE ( 'NONE', #2857, #2636 ) ;
#2647 = CARTESIAN_POINT ( 'NONE',  ( -9.038339211132406348, 5.000000000000000000, 5.389270109761493011 ) ) ;
#2648 = ORIENTED_EDGE ( 'NONE', *, *, #1893, .F. ) ;
#2649 = CARTESIAN_POINT ( 'NONE',  ( -12.61648729581990480, 7.165063509461097269, 2.101822192661249034 ) ) ;
#2650 = PERSON_AND_ORGANIZATION ( #193, #1828 ) ;
#2651 = CARTESIAN_POINT ( 'NONE',  ( -12.61648729581990480, 7.165063509461097269, 2.141509693528401037 ) ) ;
#2652 = CARTESIAN_POINT ( 'NONE',  ( -8.866487295819906578, 3.556624327025934118, 2.644218026861735460 ) ) ;
#2653 = CARTESIAN_POINT ( 'NONE',  ( -13.86648729581990480, 5.000000000000000000, 3.464426360195068000 ) ) ;
#2654 = CARTESIAN_POINT ( 'NONE',  ( -13.86648729581990658, 5.000000000000000000, 5.647238859327915250 ) ) ;
#2655 = CARTESIAN_POINT ( 'NONE',  ( -11.36648729581990480, 2.311686153184720371, 4.039895109761492797 ) ) ;
#2656 = CARTESIAN_POINT ( 'NONE',  ( -11.36648729581990480, 2.311686153184720371, 3.643020109761492265 ) ) ;
#2657 = CARTESIAN_POINT ( 'NONE',  ( -8.866487295819906578, 3.556624327025934118, 2.009218026861735673 ) ) ;
#2658 = CARTESIAN_POINT ( 'NONE',  ( -13.86648729581990658, 5.000000000000000000, 6.639426360195067822 ) ) ;
#2659 = DIRECTION ( 'NONE',  ( -1.000000000000000000, 0.000000000000000000, -3.469446951953613696E-16 ) ) ;
#2660 = CARTESIAN_POINT ( 'NONE',  ( -10.20241325347615557, 7.016235385111460054, 4.410311776428160080 ) ) ;
#2661 = CARTESIAN_POINT ( 'NONE',  ( -12.53056133816365580, 7.016235385111460054, 5.415728443094825373 ) ) ;
#2662 = CARTESIAN_POINT ( 'NONE',  ( -8.866487295819906578, 5.000000000000000000, 6.758488859327917986 ) ) ;
#2663 = CARTESIAN_POINT ( 'NONE',  ( -8.866487295819887038, 6.443375672974054780, 5.872134693528400895 ) ) ;
#2664 = CARTESIAN_POINT ( 'NONE',  ( -11.36648729581990480, 2.311686153184720371, 2.452395109761491998 ) ) ;
#2665 = VECTOR ( 'NONE', #2560, 1000.000000000000000 ) ;
#2666 = CARTESIAN_POINT ( 'NONE',  ( -10.20241325347615557, 2.983764614888539057, 1.764478443094825932 ) ) ;
#2667 = ORIENTED_EDGE ( 'NONE', *, *, #149, .T. ) ;
#2668 = CARTESIAN_POINT ( 'NONE',  ( -13.86648729581990480, 5.000000000000000000, 2.789738859327915321 ) ) ;
#2669 = APPROVAL_STATUS ( 'not_yet_approved' ) ;
#2670 = CARTESIAN_POINT ( 'NONE',  ( -13.86648729581990658, 5.000000000000000000, 5.329738859327914469 ) ) ;
#2671 = CARTESIAN_POINT ( 'NONE',  ( -9.263821855913951353, 3.327223111797295907, 7.080807778673077202 ) ) ;
#2672 = ORIENTED_EDGE ( 'NONE', *, *, #3356, .F. ) ;
#2673 = CARTESIAN_POINT ( 'NONE',  ( -13.86648729581994210, 3.556624327025955878, 4.760884693528401712 ) ) ;
#2674 = DIRECTION ( 'NONE',  ( -0.6911200784254146745, 0.000000000000000000, 0.7227399512945501536 ) ) ;
#2675 = CARTESIAN_POINT ( 'NONE',  ( -9.038339211132406348, 3.655843076592358631, 5.997811776428159547 ) ) ;
#2676 = CARTESIAN_POINT ( 'NONE',  ( -10.20241325347615380, 7.016235385111460054, 4.092811776428159298 ) ) ;
#2677 = SECURITY_CLASSIFICATION ( '', '', #1720 ) ;
#2678 = CARTESIAN_POINT ( 'NONE',  ( -8.866487295819904801, 6.443375672974065438, 3.332134693528402192 ) ) ;
#2679 = LINE ( 'NONE', #372, #2582 ) ;
#2680 = FACE_OUTER_BOUND ( 'NONE', #1427, .T. ) ;
#2681 = CARTESIAN_POINT ( 'NONE',  ( -13.69463538050740681, 3.655843076592360852, 3.272603443094824982 ) ) ;
#2682 = CARTESIAN_POINT ( 'NONE',  ( -12.53056133816365758, 2.983764614888540390, 5.521561776428158375 ) ) ;
#2683 = CARTESIAN_POINT ( 'NONE',  ( -12.53056133816365403, 7.016235385111460054, 2.002603443094825408 ) ) ;
#2684 = CARTESIAN_POINT ( 'NONE',  ( -11.36648729581990658, 7.886751345948129099, 5.925051360195070060 ) ) ;
#2685 = CARTESIAN_POINT ( 'NONE',  ( -9.038339211132406348, 3.655843076592359520, 2.187811776428159494 ) ) ;
#2686 = CARTESIAN_POINT ( 'NONE',  ( -12.53056133816365580, 2.983764614888540390, 1.711561776428158321 ) ) ;
#2687 = ORIENTED_EDGE ( 'NONE', *, *, #1009, .T. ) ;
#2688 = CARTESIAN_POINT ( 'NONE',  ( -12.61648729581990480, 7.165063509461097269, 1.784322192661249140 ) ) ;
#2689 = CARTESIAN_POINT ( 'NONE',  ( -13.86648729581990480, 6.443375672974065438, 6.573280525994581680 ) ) ;
#2690 =( BOUNDED_CURVE ( )  B_SPLINE_CURVE ( 2, ( #1108, #831, #1128, #581, #3737, #1169, #2289 ),
 .UNSPECIFIED., .F., .T. ) 
 B_SPLINE_CURVE_WITH_KNOTS ( ( 3, 2, 2, 3 ),
 ( 0.2222222222222221821, 0.2314814814814814548, 0.2407407407407406996, 0.2499999999999999722 ),
 .UNSPECIFIED. ) 
 CURVE ( )  GEOMETRIC_REPRESENTATION_ITEM ( )  RATIONAL_B_SPLINE_CURVE ( ( 1.000000000000000222, 0.8660254037844382635, 1.000000000000000000, 0.8660254037844387076, 1.000000000000000000, 0.8660254037844391517, 0.9999999999999995559 ) ) 
 REPRESENTATION_ITEM ( '' )  );
#2691 = CARTESIAN_POINT ( 'NONE',  ( -12.61648729581990480, 7.165063509461097269, 2.776509693528401268 ) ) ;
#2692 = EDGE_LOOP ( 'NONE', ( #1251, #2603, #3258 ) ) ;
#2693 = DIRECTION ( 'NONE',  ( 0.000000000000000000, 0.000000000000000000, 1.000000000000000000 ) ) ;
#2694 = CARTESIAN_POINT ( 'NONE',  ( -14.43148729581990430, 10.00000000000000000, 7.391651446600886466 ) ) ;
#2695 = CARTESIAN_POINT ( 'NONE',  ( -12.53056133816365580, 7.016235385111460054, 6.765103443094825586 ) ) ;
#2696 = CARTESIAN_POINT ( 'NONE',  ( -9.038339211132406348, 5.000000000000000000, 4.674895109761492584 ) ) ;
#2697 = CARTESIAN_POINT ( 'NONE',  ( -12.61648729581990480, 7.165063509461097269, 3.729009693528401392 ) ) ;
#2698 = CARTESIAN_POINT ( 'NONE',  ( -12.61648729581990835, 2.834936490538903620, 6.652655525994582320 ) ) ;
#2699 = FACE_OUTER_BOUND ( 'NONE', #3741, .T. ) ;
#2700 = CARTESIAN_POINT ( 'NONE',  ( -13.69463538050740858, 6.344156923407640924, 6.077186776428158410 ) ) ;
#2701 = VECTOR ( 'NONE', #1520, 1000.000000000000000 ) ;
#2702 = CARTESIAN_POINT ( 'NONE',  ( -9.038339211132406348, 6.344156923407640036, 6.923853443094825977 ) ) ;
#2703 = CARTESIAN_POINT ( 'NONE',  ( -13.86648729581990658, 5.000000000000000000, 6.917238859327915712 ) ) ;
#2704 = CARTESIAN_POINT ( 'NONE',  ( -8.866487295819906578, 5.000000000000000000, 5.845676360195069421 ) ) ;
#2705 = CARTESIAN_POINT ( 'NONE',  ( -13.69463538050740503, 6.344156923407640036, 3.299061776428158677 ) ) ;
#2706 = AXIS2_PLACEMENT_3D ( 'NONE', #1959, #1730, #2888 ) ;
#2707 = VECTOR ( 'NONE', #681, 1000.000000000000000 ) ;
#2708 = CARTESIAN_POINT ( 'NONE',  ( -10.20241325347615735, 2.983764614888539057, 6.606353443094825195 ) ) ;
#2709 = ORIENTED_EDGE ( 'NONE', *, *, #3284, .T. ) ;
#2710 = CARTESIAN_POINT ( 'NONE',  ( -8.866487295819904801, 5.000000000000000000, 1.678488859327917027 ) ) ;
#2711 = CARTESIAN_POINT ( 'NONE',  ( -8.866487295819915460, 3.556624327025929233, 3.279218026861735247 ) ) ;
#2712 = FACE_OUTER_BOUND ( 'NONE', #3422, .T. ) ;
#2713 = CARTESIAN_POINT ( 'NONE',  ( -8.866487295819904801, 5.000000000000000000, 3.900988859327917169 ) ) ;
#2714 = DIRECTION ( 'NONE',  ( 2.992521824128285357E-16, -0.000000000000000000, -1.000000000000000000 ) ) ;
#2715 = CARTESIAN_POINT ( 'NONE',  ( -13.69463538050740858, 3.655843076592360852, 5.891978443094824769 ) ) ;
#2716 =( BOUNDED_CURVE ( )  B_SPLINE_CURVE ( 2, ( #1633, #1002, #1331, #3667, #2201, #3325, #1880 ),
 .UNSPECIFIED., .F., .F. ) 
 B_SPLINE_CURVE_WITH_KNOTS ( ( 3, 2, 2, 3 ),
 ( 0.6666666666666666297, 0.6759259259259259300, 0.6851851851851852304, 0.6944444444444444198 ),
 .UNSPECIFIED. ) 
 CURVE ( )  GEOMETRIC_REPRESENTATION_ITEM ( )  RATIONAL_B_SPLINE_CURVE ( ( 1.000000000000000000, 0.8660254037844387076, 1.000000000000000000, 0.8660254037844387076, 1.000000000000000000, 0.8660254037844387076, 1.000000000000000000 ) ) 
 REPRESENTATION_ITEM ( '' )  );
#2717 = CARTESIAN_POINT ( 'NONE',  ( -13.86648729581990480, 5.000000000000000000, 3.781926360195067893 ) ) ;
#2718 = CARTESIAN_POINT ( 'NONE',  ( -12.61648729581990658, 2.834936490538903620, 2.207655525994582479 ) ) ;
#2719 = CARTESIAN_POINT ( 'NONE',  ( -8.866487295819906578, 5.000000000000000000, 5.805988859327917417 ) ) ;
#2720 = CARTESIAN_POINT ( 'NONE',  ( -12.53056133816365758, 2.983764614888540390, 4.886561776428158588 ) ) ;
#2721 = CARTESIAN_POINT ( 'NONE',  ( -9.038339211132406348, 6.344156923407640036, 5.971353443094826297 ) ) ;
#2722 = CARTESIAN_POINT ( 'NONE',  ( -13.69463538050740503, 5.000000000000000000, 2.373020109761491359 ) ) ;
#2723 = CARTESIAN_POINT ( 'NONE',  ( -16.74831364969582737, 0.000000000000000000, 3.348562319248790775 ) ) ;
#2724 = CARTESIAN_POINT ( 'NONE',  ( -11.36648729581990480, 2.311686153184720371, 3.087395109761492229 ) ) ;
#2725 = CARTESIAN_POINT ( 'NONE',  ( -10.20241325347615557, 7.016235385111460054, 6.712186776428159973 ) ) ;
#2726 = ORIENTED_EDGE ( 'NONE', *, *, #3151, .T. ) ;
#2727 = CARTESIAN_POINT ( 'NONE',  ( -13.86648729581990480, 3.556624327025936338, 2.498697192661248234 ) ) ;
#2728 = CARTESIAN_POINT ( 'NONE',  ( -14.26491808083536306, 0.000000000000000000, 3.348562319248790775 ) ) ;
#2729 = ADVANCED_FACE ( 'NONE', ( #62 ), #3621, .F. ) ;
#2730 = CARTESIAN_POINT ( 'NONE',  ( -9.038339211132406348, 3.655843076592358631, 2.187811776428159938 ) ) ;
#2731 = EDGE_CURVE ( 'NONE', #1647, #2790, #939, .T. ) ;
#2732 = ORIENTED_EDGE ( 'NONE', *, *, #2760, .T. ) ;
#2733 = CARTESIAN_POINT ( 'NONE',  ( -8.468056510804446546, 10.00000000000000000, 1.400676360195071801 ) ) ;
#2734 = FACE_OUTER_BOUND ( 'NONE', #1078, .T. ) ;
#2735 = CARTESIAN_POINT ( 'NONE',  ( -10.20241325347615557, 7.016235385111460054, 6.394686776428160080 ) ) ;
#2736 = CARTESIAN_POINT ( 'NONE',  ( -11.36648729581990658, 7.886751345948129099, 5.290051360195067609 ) ) ;
#2737 = VECTOR ( 'NONE', #768, 1000.000000000000000 ) ;
#2738 = CARTESIAN_POINT ( 'NONE',  ( -9.263822467027610585, 3.327222758970660443, 7.358620264870684657 ) ) ;
#2739 = CARTESIAN_POINT ( 'NONE',  ( -11.36648729581990480, 7.886751345948129099, 1.480051360195068222 ) ) ;
#2740 = CARTESIAN_POINT ( 'NONE',  ( -12.53056133816365580, 7.016235385111460054, 5.098228443094825479 ) ) ;
#2741 = CARTESIAN_POINT ( 'NONE',  ( -9.038339211132406348, 3.655843076592358631, 5.918436776428160684 ) ) ;
#2742 = CARTESIAN_POINT ( 'NONE',  ( -9.038339211132404571, 5.000000000000000000, 2.849270109761492975 ) ) ;
#2743 = CARTESIAN_POINT ( 'NONE',  ( -8.866487295819906578, 3.556624327025934118, 4.509530525994583705 ) ) ;
#2744 = CARTESIAN_POINT ( 'NONE',  ( -11.36648729581990480, 2.311686153184720371, 2.134895109761492549 ) ) ;
#2745 = CARTESIAN_POINT ( 'NONE',  ( -9.038339211132406348, 6.344156923407640036, 6.685728443094825835 ) ) ;
#2746 = ORIENTED_EDGE ( 'NONE', *, *, #2954, .F. ) ;
#2747 = CARTESIAN_POINT ( 'NONE',  ( -10.11648729581990303, 7.165063509461097269, 3.953905525994583670 ) ) ;
#2748 = CARTESIAN_POINT ( 'NONE',  ( -11.36648729581990480, 5.000000000000000000, 1.400676360195068249 ) ) ;
#2749 = CARTESIAN_POINT ( 'NONE',  ( -11.36648729581990480, 7.688313846815280073, 2.611145109761491501 ) ) ;
#2750 = EDGE_LOOP ( 'NONE', ( #1951, #3748, #2506, #3758 ) ) ;
#2751 = VERTEX_POINT ( 'NONE', #996 ) ;
#2752 = CARTESIAN_POINT ( 'NONE',  ( -10.11648729581990658, 2.834936490538902287, 1.665259693528401863 ) ) ;
#2753 = CARTESIAN_POINT ( 'NONE',  ( -10.20241325347615735, 2.983764614888539057, 5.653853443094825515 ) ) ;
#2754 = CARTESIAN_POINT ( 'NONE',  ( -12.61648729581990480, 7.165063509461097269, 4.046509693528401286 ) ) ;
#2755 = EDGE_CURVE ( 'NONE', #1320, #3053, #1840, .T. ) ;
#2756 = CARTESIAN_POINT ( 'NONE',  ( -10.20241325347615380, 7.016235385111460054, 1.552811776428159263 ) ) ;
#2757 = CARTESIAN_POINT ( 'NONE',  ( -8.866487295819904801, 5.000000000000000000, 3.940676360195068728 ) ) ;
#2758 = EDGE_CURVE ( 'NONE', #1856, #3084, #367, .T. ) ;
#2759 = CARTESIAN_POINT ( 'NONE',  ( -9.038339211132406348, 3.655843076592358631, 4.965936776428159227 ) ) ;
#2760 = EDGE_CURVE ( 'NONE', #836, #3597, #1550, .T. ) ;
#2761 = CARTESIAN_POINT ( 'NONE',  ( -10.20241325347615380, 7.016235385111460054, 3.219686776428159369 ) ) ;
#2762 = CARTESIAN_POINT ( 'NONE',  ( -13.86648729581991368, 3.556624327025941668, 3.768697192661249140 ) ) ;
#2763 = CARTESIAN_POINT ( 'NONE',  ( -10.20241325347615557, 2.983764614888539057, 4.383853443094825941 ) ) ;
#2764 = CARTESIAN_POINT ( 'NONE',  ( -11.36648729581990480, 7.688313846815280073, 2.531770109761492638 ) ) ;
#2765 = ORIENTED_EDGE ( 'NONE', *, *, #893, .T. ) ;
#2766 = CARTESIAN_POINT ( 'NONE',  ( -13.86648729581990480, 3.556624327025936338, 4.403697192661248039 ) ) ;
#2767 = LINE ( 'NONE', #133, #2152 ) ;
#2768 = CARTESIAN_POINT ( 'NONE',  ( -9.038339211132406348, 6.344156923407639148, 5.653853443094825515 ) ) ;
#2769 = CARTESIAN_POINT ( 'NONE',  ( -9.038339211132404571, 6.344156923407640036, 2.478853443094826137 ) ) ;
#2770 = CARTESIAN_POINT ( 'NONE',  ( -13.69463538050740681, 6.344156923407640924, 3.934061776428158907 ) ) ;
#2771 = ORIENTED_EDGE ( 'NONE', *, *, #648, .T. ) ;
#2772 = ORIENTED_EDGE ( 'NONE', *, *, #3266, .F. ) ;
#2773 = CARTESIAN_POINT ( 'NONE',  ( -13.86648729581989059, 6.443375672974076096, 4.668280525994581431 ) ) ;
#2774 = CARTESIAN_POINT ( 'NONE',  ( -11.36648729581990658, 5.000000000000000000, 7.391651446600888242 ) ) ;
#2775 = CARTESIAN_POINT ( 'NONE',  ( -13.86648729581990835, 6.443375672974065438, 4.707968026861734323 ) ) ;
#2776 = CARTESIAN_POINT ( 'NONE',  ( -11.36648729581990480, 2.113248654051870901, 2.908801360195068408 ) ) ;
#2777 = CARTESIAN_POINT ( 'NONE',  ( -9.038339211132404571, 5.000000000000000000, 1.579270109761492957 ) ) ;
#2778 = CARTESIAN_POINT ( 'NONE',  ( -11.36648729581990658, 7.688313846815280073, 6.024270109761491909 ) ) ;
#2779 = CARTESIAN_POINT ( 'NONE',  ( -13.69463538050740681, 6.344156923407640924, 3.616561776428158570 ) ) ;
#2780 = CARTESIAN_POINT ( 'NONE',  ( -8.866487295819906578, 5.000000000000000000, 5.488488859327917524 ) ) ;
#2781 = CARTESIAN_POINT ( 'NONE',  ( -13.69463538050740503, 3.655843076592360852, 3.986978443094824964 ) ) ;
#2782 = CARTESIAN_POINT ( 'NONE',  ( -10.20241325347615380, 7.016235385111460054, 3.457811776428159511 ) ) ;
#2783 = ORIENTED_EDGE ( 'NONE', *, *, #2451, .T. ) ;
#2784 = CARTESIAN_POINT ( 'NONE',  ( -12.61648729581990480, 7.165063509461097269, 3.054322192661248714 ) ) ;
#2785 = DIRECTION ( 'NONE',  ( 0.6911200784254143414, 0.000000000000000000, 0.7227399512945504867 ) ) ;
#2786 = CARTESIAN_POINT ( 'NONE',  ( -13.69463538050740681, 3.655843076592360852, 5.495103443094825124 ) ) ;
#2787 = CARTESIAN_POINT ( 'NONE',  ( -9.038339211132406348, 3.655843076592358631, 2.743436776428159529 ) ) ;
#2788 = CARTESIAN_POINT ( 'NONE',  ( -11.36648729581990480, 7.688313846815280073, 4.198645109761492300 ) ) ;
#2789 = ORIENTED_EDGE ( 'NONE', *, *, #2906, .F. ) ;
#2790 = VERTEX_POINT ( 'NONE', #2429 ) ;
#2791 = CARTESIAN_POINT ( 'NONE',  ( -14.26491808083536306, 10.00000000000000000, 3.348562319248790775 ) ) ;
#2792 = CARTESIAN_POINT ( 'NONE',  ( -11.36648729581990480, 7.886751345948129099, 4.020051360195068035 ) ) ;
#2793 = CARTESIAN_POINT ( 'NONE',  ( -12.61648729581990835, 2.834936490538903620, 5.422343026861734749 ) ) ;
#2794 = CARTESIAN_POINT ( 'NONE',  ( -12.61648729581990658, 7.165063509461097269, 4.999009693528401854 ) ) ;
#2795 = CARTESIAN_POINT ( 'NONE',  ( -8.364042775064582713, 6.856304726266936100, 7.259097610001741252 ) ) ;
#2796 = CARTESIAN_POINT ( 'NONE',  ( -13.69463538050740681, 6.344156923407640924, 2.981561776428158339 ) ) ;
#2797 = EDGE_CURVE ( 'NONE', #2461, #115, #981, .T. ) ;
#2798 = CARTESIAN_POINT ( 'NONE',  ( -11.36648729581990658, 2.113248654051870901, 5.409113859327915996 ) ) ;
#2799 = CARTESIAN_POINT ( 'NONE',  ( -9.038339211132406348, 3.655843076592359520, 4.092811776428159298 ) ) ;
#2800 = CARTESIAN_POINT ( 'NONE',  ( -9.038339211132404571, 6.344156923407640036, 3.113853443094826368 ) ) ;
#2801 = ORIENTED_EDGE ( 'NONE', *, *, #3409, .T. ) ;
#2802 = CARTESIAN_POINT ( 'NONE',  ( -11.36648729581990480, 7.886751345948129099, 3.027863859327916352 ) ) ;
#2803 = CARTESIAN_POINT ( 'NONE',  ( -8.468056510804446546, 10.00000000000000000, 1.400676360195071801 ) ) ;
#2804 = CARTESIAN_POINT ( 'NONE',  ( -9.038339211132406348, 6.344156923407639148, 6.606353443094826083 ) ) ;
#2805 = CARTESIAN_POINT ( 'NONE',  ( -11.36648729581990480, 2.311686153184720371, 2.055520109761492353 ) ) ;
#2806 = CARTESIAN_POINT ( 'NONE',  ( -9.038339211132404571, 6.344156923407640036, 3.510728443094826456 ) ) ;
#2807 = EDGE_LOOP ( 'NONE', ( #3693, #2842, #1994, #1206 ) ) ;
#2808 = ORIENTED_EDGE ( 'NONE', *, *, #574, .F. ) ;
#2809 = LINE ( 'NONE', #1401, #536 ) ;
#2810 = DIRECTION ( 'NONE',  ( 2.992521824128285357E-16, -0.000000000000000000, -1.000000000000000000 ) ) ;
#2811 = CARTESIAN_POINT ( 'NONE',  ( -11.36648729581990658, 2.113248654051870901, 6.083801360195067787 ) ) ;
#2812 = CARTESIAN_POINT ( 'NONE',  ( -16.74831364969582737, 0.000000000000000000, 3.348562319248790775 ) ) ;
#2813 = CARTESIAN_POINT ( 'NONE',  ( -13.69463538050740503, 6.344156923407640036, 2.267186776428158357 ) ) ;
#2814 = CARTESIAN_POINT ( 'NONE',  ( -9.408360689157646561, 3.442211076648542978, 7.180026528239501715 ) ) ;
#2815 =( BOUNDED_CURVE ( )  B_SPLINE_CURVE ( 2, ( #1138, #294, #898, #2917, #1472, #2374, #627 ),
 .UNSPECIFIED., .F., .F. ) 
 B_SPLINE_CURVE_WITH_KNOTS ( ( 3, 2, 2, 3 ),
 ( 0.5555555555555555802, 0.5648148148148146586, 0.5740740740740739589, 0.5833333333333331483 ),
 .UNSPECIFIED. ) 
 CURVE ( )  GEOMETRIC_REPRESENTATION_ITEM ( )  RATIONAL_B_SPLINE_CURVE ( ( 1.000000000000000000, 0.8660254037844387076, 1.000000000000000000, 0.8660254037844387076, 1.000000000000000000, 0.8660254037844419273, 0.9999999999999967804 ) ) 
 REPRESENTATION_ITEM ( '' )  );
#2816 = CARTESIAN_POINT ( 'NONE',  ( -10.20241325347615557, 2.983764614888539057, 4.383853443094825941 ) ) ;
#2817 = CARTESIAN_POINT ( 'NONE',  ( -13.86648729581990480, 5.000000000000000000, 3.107238859327915215 ) ) ;
#2818 = CARTESIAN_POINT ( 'NONE',  ( -9.038339211132406348, 3.655843076592359520, 3.775311776428159405 ) ) ;
#2819 = CARTESIAN_POINT ( 'NONE',  ( -13.69463538050740503, 5.000000000000000000, 1.976145109761491492 ) ) ;
#2820 = CARTESIAN_POINT ( 'NONE',  ( -13.86648729581990480, 6.443375672974065438, 3.080780525994581964 ) ) ;
#2821 = DIRECTION ( 'NONE',  ( 2.992521824128285357E-16, -0.000000000000000000, -1.000000000000000000 ) ) ;
#2822 = CARTESIAN_POINT ( 'NONE',  ( -12.53056133816365758, 2.983764614888540390, 5.839061776428158268 ) ) ;
#2823 = CARTESIAN_POINT ( 'NONE',  ( -10.20241325347615380, 7.016235385111460054, 3.219686776428159369 ) ) ;
#2824 = VERTEX_POINT ( 'NONE', #314 ) ;
#2825 = ORIENTED_EDGE ( 'NONE', *, *, #1408, .F. ) ;
#2826 = CARTESIAN_POINT ( 'NONE',  ( -10.11648729581990835, 2.834936490538902287, 4.522759693528401570 ) ) ;
#2827 = CARTESIAN_POINT ( 'NONE',  ( -8.866487295819906578, 5.000000000000000000, 6.798176360195069101 ) ) ;
#2828 = CARTESIAN_POINT ( 'NONE',  ( -8.866487295819906578, 6.443375672974065438, 6.824634693528403240 ) ) ;
#2829 = CARTESIAN_POINT ( 'NONE',  ( -13.86648729581990658, 5.000000000000000000, 7.391651446600887354 ) ) ;
#2830 = VECTOR ( 'NONE', #1139, 1000.000000000000000 ) ;
#2831 = CARTESIAN_POINT ( 'NONE',  ( -9.038339211132404571, 5.000000000000000000, 2.769895109761492780 ) ) ;
#2832 = CARTESIAN_POINT ( 'NONE',  ( -9.038339211132406348, 3.655843076592358631, 6.235936776428160577 ) ) ;
#2833 = CARTESIAN_POINT ( 'NONE',  ( -8.866487295819906578, 5.000000000000000000, 7.391651446600889130 ) ) ;
#2834 = CARTESIAN_POINT ( 'NONE',  ( -10.20241325347615557, 7.016235385111460054, 7.029686776428159867 ) ) ;
#2835 = CARTESIAN_POINT ( 'NONE',  ( -10.20241325347615380, 7.016235385111460054, 3.140311776428159618 ) ) ;
#2836 = CARTESIAN_POINT ( 'NONE',  ( -13.86648729581990835, 3.556624327025936338, 5.356197192661248607 ) ) ;
#2837 = CARTESIAN_POINT ( 'NONE',  ( -8.866487295819904801, 5.000000000000000888, 2.630988859327916707 ) ) ;
#2838 = CARTESIAN_POINT ( 'NONE',  ( -12.53056133816365580, 7.016235385111460054, 6.685728443094824947 ) ) ;
#2839 = CARTESIAN_POINT ( 'NONE',  ( -9.038339211132406348, 3.655843076592358631, 1.790936776428159627 ) ) ;
#2840 = CARTESIAN_POINT ( 'NONE',  ( -9.038339211132406348, 3.655843076592358631, 3.775311776428159849 ) ) ;
#2841 = ORIENTED_EDGE ( 'NONE', *, *, #3388, .F. ) ;
#2842 = ORIENTED_EDGE ( 'NONE', *, *, #725, .F. ) ;
#2843 = DIRECTION ( 'NONE',  ( 0.000000000000000000, -0.000000000000000000, 1.000000000000000000 ) ) ;
#2844 = EDGE_CURVE ( 'NONE', #3515, #819, #2032, .T. ) ;
#2845 = FACE_OUTER_BOUND ( 'NONE', #3175, .T. ) ;
#2846 = EDGE_CURVE ( 'NONE', #3202, #603, #1054, .T. ) ;
#2847 = CARTESIAN_POINT ( 'NONE',  ( -10.11648729581990835, 2.834936490538902287, 6.110259693528401925 ) ) ;
#2848 = CARTESIAN_POINT ( 'NONE',  ( -12.53056133816365403, 7.016235385111460054, 1.923228443094825213 ) ) ;
#2849 = VECTOR ( 'NONE', #2197, 1000.000000000000000 ) ;
#2850 = CARTESIAN_POINT ( 'NONE',  ( -13.69463538050740858, 6.344156923407640924, 7.029686776428158979 ) ) ;
#2851 = VERTEX_POINT ( 'NONE', #3379 ) ;
#2852 = LINE ( 'NONE', #3176, #3132 ) ;
#2853 = CARTESIAN_POINT ( 'NONE',  ( -10.20241325347615557, 7.016235385111460054, 5.442186776428159511 ) ) ;
#2854 = CARTESIAN_POINT ( 'NONE',  ( -10.20241325347615735, 2.983764614888539057, 4.621978443094826083 ) ) ;
#2855 = CARTESIAN_POINT ( 'NONE',  ( -10.11648729581990835, 2.834936490538902287, 5.753072192661250028 ) ) ;
#2856 = DIRECTION ( 'NONE',  ( -1.000000000000000000, 0.000000000000000000, -3.469446951953613696E-16 ) ) ;
#2857 = CARTESIAN_POINT ( 'NONE',  ( -5.984660941943984014, 10.00000000000000000, 3.348562319248791663 ) ) ;
#2858 = CARTESIAN_POINT ( 'NONE',  ( -13.69463538050740503, 5.000000000000000000, 4.198645109761491412 ) ) ;
#2859 = CARTESIAN_POINT ( 'NONE',  ( -10.20241325347615735, 2.983764614888539057, 5.653853443094825515 ) ) ;
#2860 = ORIENTED_EDGE ( 'NONE', *, *, #1562, .F. ) ;
#2861 = ORIENTED_EDGE ( 'NONE', *, *, #3408, .F. ) ;
#2862 = CARTESIAN_POINT ( 'NONE',  ( -8.866487295819913683, 6.443375672974069879, 2.339947192661250952 ) ) ;
#2863 = CARTESIAN_POINT ( 'NONE',  ( -12.61648729581990480, 7.165063509461097269, 1.784322192661249140 ) ) ;
#2864 = CARTESIAN_POINT ( 'NONE',  ( -8.866487295819908354, 3.556624327025934118, 5.819218026861737059 ) ) ;
#2865 = LINE ( 'NONE', #2829, #2830 ) ;
#2866 = CARTESIAN_POINT ( 'NONE',  ( -11.36648729581990480, 2.311686153184720371, 2.373020109761492691 ) ) ;
#2867 = CARTESIAN_POINT ( 'NONE',  ( -13.69463538050740858, 3.655843076592360852, 6.765103443094825586 ) ) ;
#2868 = EDGE_CURVE ( 'NONE', #2790, #3032, #2484, .T. ) ;
#2869 = CARTESIAN_POINT ( 'NONE',  ( -9.038339211132406348, 5.000000000000000000, 5.706770109761492904 ) ) ;
#2870 = EDGE_CURVE ( 'NONE', #1122, #2612, #3699, .T. ) ;
#2871 = CARTESIAN_POINT ( 'NONE',  ( -9.038339211132406348, 5.000000000000000000, 4.992395109761492478 ) ) ;
#2872 = CARTESIAN_POINT ( 'NONE',  ( -8.866487295819906578, 5.000000000000000000, 6.123488859327917311 ) ) ;
#2873 = CARTESIAN_POINT ( 'NONE',  ( -10.11648729581990480, 7.165063509461097269, 6.176405525994582923 ) ) ;
#2874 = CARTESIAN_POINT ( 'NONE',  ( -12.53056133816365403, 7.016235385111460054, 1.685103443094825515 ) ) ;
#2875 = CARTESIAN_POINT ( 'NONE',  ( -10.20241325347615735, 2.983764614888539057, 5.336353443094825622 ) ) ;
#2876 = ORIENTED_EDGE ( 'NONE', *, *, #2592, .T. ) ;
#2877 = VERTEX_POINT ( 'NONE', #3678 ) ;
#2878 = PERSON_AND_ORGANIZATION ( #193, #1828 ) ;
#2879 = CYLINDRICAL_SURFACE ( 'NONE', #1433, 2.500000000000000444 ) ;
#2880 = CARTESIAN_POINT ( 'NONE',  ( -11.36648729581990658, 2.113248654051870901, 5.766301360195067893 ) ) ;
#2881 = CARTESIAN_POINT ( 'NONE',  ( -12.53056133816365580, 7.016235385111460054, 4.860103443094825337 ) ) ;
#2882 = CARTESIAN_POINT ( 'NONE',  ( -10.20241325347615557, 2.983764614888539057, 2.081978443094825604 ) ) ;
#2883 = VECTOR ( 'NONE', #1575, 1000.000000000000114 ) ;
#2884 = VECTOR ( 'NONE', #2334, 1000.000000000000000 ) ;
#2885 = CARTESIAN_POINT ( 'NONE',  ( -8.866487295819904801, 5.000000000000000000, 3.623176360195068835 ) ) ;
#2886 = VERTEX_POINT ( 'NONE', #135 ) ;
#2887 = ADVANCED_FACE ( 'NONE', ( #1324 ), #885, .F. ) ;
#2888 = DIRECTION ( 'NONE',  ( -1.000000000000000000, 0.000000000000000000, -3.469446951953613696E-16 ) ) ;
#2889 = CARTESIAN_POINT ( 'NONE',  ( -12.53056133816365758, 2.983764614888540390, 6.870936776428158588 ) ) ;
#2890 = EDGE_CURVE ( 'NONE', #3128, #2321, #21, .T. ) ;
#2891 = CARTESIAN_POINT ( 'NONE',  ( -9.038339211132404571, 5.000000000000000000, 4.039895109761493686 ) ) ;
#2892 = CARTESIAN_POINT ( 'NONE',  ( -8.866487295819906578, 6.443375672974065438, 5.832447192661251556 ) ) ;
#2893 = CARTESIAN_POINT ( 'NONE',  ( -13.86648729581990480, 5.000000000000000000, 1.876926360195067423 ) ) ;
#2894 = CARTESIAN_POINT ( 'NONE',  ( -10.20241325347615735, 2.983764614888539057, 6.844478443094825337 ) ) ;
#2895 = CARTESIAN_POINT ( 'NONE',  ( -11.36648729581990658, 2.311686153184720371, 5.944895109761493046 ) ) ;
#2896 = ORIENTED_EDGE ( 'NONE', *, *, #1221, .T. ) ;
#2897 = ORIENTED_EDGE ( 'NONE', *, *, #2614, .T. ) ;
#2898 = PERSON_AND_ORGANIZATION ( #193, #1828 ) ;
#2899 = CARTESIAN_POINT ( 'NONE',  ( -8.866487295819906578, 5.000000000000000000, 6.758488859327917986 ) ) ;
#2900 = CARTESIAN_POINT ( 'NONE',  ( -10.11648729581990835, 2.834936490538902287, 7.062759693528401606 ) ) ;
#2901 = CARTESIAN_POINT ( 'NONE',  ( -12.53056133816365403, 7.016235385111460054, 3.907603443094825657 ) ) ;
#2902 = CARTESIAN_POINT ( 'NONE',  ( -11.36648729581990480, 2.311686153184720371, 4.278020109761492051 ) ) ;
#2903 = CARTESIAN_POINT ( 'NONE',  ( -12.61648729581990658, 2.834936490538903620, 3.199843026861734607 ) ) ;
#2904 = CARTESIAN_POINT ( 'NONE',  ( -10.11648729581990480, 7.165063509461097269, 5.223905525994584131 ) ) ;
#2905 = CARTESIAN_POINT ( 'NONE',  ( -9.038339211132406348, 5.000000000000000000, 6.976770109761493366 ) ) ;
#2906 = EDGE_CURVE ( 'NONE', #991, #1568, #2815, .T. ) ;
#2907 = CARTESIAN_POINT ( 'NONE',  ( -11.36648729581990480, 7.688313846815280073, 3.801770109761492655 ) ) ;
#2908 = CARTESIAN_POINT ( 'NONE',  ( -12.61648729581990658, 7.165063509461097269, 5.276822192661249744 ) ) ;
#2909 = CARTESIAN_POINT ( 'NONE',  ( -8.866487295819906578, 5.000000000000000000, 7.391651446600889130 ) ) ;
#2910 = DIRECTION ( 'NONE',  ( 2.992521824128285357E-16, -0.000000000000000000, -1.000000000000000000 ) ) ;
#2911 = CARTESIAN_POINT ( 'NONE',  ( -10.20241325347615735, 2.983764614888539057, 5.971353443094826297 ) ) ;
#2912 = ORIENTED_EDGE ( 'NONE', *, *, #606, .F. ) ;
#2913 = ORIENTED_EDGE ( 'NONE', *, *, #322, .F. ) ;
#2914 = DATE_AND_TIME ( #877, #2979 ) ;
#2915 = CARTESIAN_POINT ( 'NONE',  ( -16.74831364969582737, 0.000000000000000000, 3.348562319248790775 ) ) ;
#2916 = EDGE_CURVE ( 'NONE', #855, #2558, #3502, .T. ) ;
#2917 = CARTESIAN_POINT ( 'NONE',  ( -11.36648729581990658, 7.886751345948129099, 4.932863859327914824 ) ) ;
#2918 = EDGE_CURVE ( 'NONE', #1835, #232, #88, .T. ) ;
#2919 = CARTESIAN_POINT ( 'NONE',  ( -11.36648729581990480, 2.113248654051870901, 4.178801360195068426 ) ) ;
#2920 = CARTESIAN_POINT ( 'NONE',  ( -9.038339211132406348, 6.344156923407640036, 4.780728443094826474 ) ) ;
#2921 = CARTESIAN_POINT ( 'NONE',  ( -13.69463538050740681, 3.655843076592360852, 4.542603443094825444 ) ) ;
#2922 = CARTESIAN_POINT ( 'NONE',  ( -11.36648729581990480, 7.886751345948129099, 3.385051360195068249 ) ) ;
#2923 = CARTESIAN_POINT ( 'NONE',  ( -10.11648729581990835, 2.834936490538902287, 6.110259693528401925 ) ) ;
#2924 = CARTESIAN_POINT ( 'NONE',  ( -13.86648729581990480, 5.000000000000000000, 2.194426360195067538 ) ) ;
#2925 = CARTESIAN_POINT ( 'NONE',  ( -13.69463538050740503, 5.000000000000000000, 3.881145109761491518 ) ) ;
#2926 = CARTESIAN_POINT ( 'NONE',  ( -10.20241325347615557, 7.016235385111460054, 5.045311776428159867 ) ) ;
#2927 = CARTESIAN_POINT ( 'NONE',  ( -9.038339211132404571, 6.344156923407640036, 1.605728443094826208 ) ) ;
#2928 = CARTESIAN_POINT ( 'NONE',  ( -12.61648729581990658, 2.834936490538903620, 3.834843026861734394 ) ) ;
#2929 = CARTESIAN_POINT ( 'NONE',  ( -9.038339211132406348, 6.344156923407639148, 6.923853443094825977 ) ) ;
#2930 = CARTESIAN_POINT ( 'NONE',  ( -10.20241325347615735, 2.983764614888539057, 5.018853443094825728 ) ) ;
#2931 = ORIENTED_EDGE ( 'NONE', *, *, #864, .T. ) ;
#2932 = DIRECTION ( 'NONE',  ( -1.000000000000000000, 0.000000000000000000, 0.000000000000000000 ) ) ;
#2933 = CARTESIAN_POINT ( 'NONE',  ( -16.74831364969582737, 10.00000000000000000, 3.348562319248790775 ) ) ;
#2934 = CARTESIAN_POINT ( 'NONE',  ( -8.866487295819904801, 5.000000000000000000, 1.995988859327917142 ) ) ;
#2935 = ORIENTED_EDGE ( 'NONE', *, *, #2614, .F. ) ;
#2936 = CARTESIAN_POINT ( 'NONE',  ( -12.61648729581990480, 7.165063509461097269, 2.736822192661249264 ) ) ;
#2937 = CARTESIAN_POINT ( 'NONE',  ( -11.36648729581990480, 7.688313846815280073, 4.198645109761492300 ) ) ;
#2938 = CARTESIAN_POINT ( 'NONE',  ( -11.36648729581990480, 7.688313846815280073, 3.801770109761492211 ) ) ;
#2939 = CARTESIAN_POINT ( 'NONE',  ( -13.86648729581990480, 5.000000000000000000, 2.194426360195067538 ) ) ;
#2940 = VECTOR ( 'NONE', #267, 1000.000000000000000 ) ;
#2941 = CARTESIAN_POINT ( 'NONE',  ( -13.86648729581990658, 5.000000000000000000, 5.964738859327915144 ) ) ;
#2942 = CARTESIAN_POINT ( 'NONE',  ( -9.038339211132404571, 5.000000000000000000, 4.039895109761493686 ) ) ;
#2943 = CARTESIAN_POINT ( 'NONE',  ( -12.53056133816365580, 7.016235385111460054, 6.685728443094824947 ) ) ;
#2944 = CARTESIAN_POINT ( 'NONE',  ( -11.36648729581990480, 7.688313846815280073, 1.658645109761492487 ) ) ;
#2945 = CARTESIAN_POINT ( 'NONE',  ( -13.69463538050740503, 3.655843076592360852, 3.669478443094825515 ) ) ;
#2946 = CC_DESIGN_PERSON_AND_ORGANIZATION_ASSIGNMENT ( #2898, #566, ( #1949 ) ) ;
#2947 = CARTESIAN_POINT ( 'NONE',  ( -12.53056133816365403, 7.016235385111460054, 1.605728443094825320 ) ) ;
#2948 = ORIENTED_EDGE ( 'NONE', *, *, #531, .F. ) ;
#2949 = CARTESIAN_POINT ( 'NONE',  ( -8.866487295819904801, 5.000000000000000000, 2.313488859327917258 ) ) ;
#2950 = PERSON_AND_ORGANIZATION ( #193, #1828 ) ;
#2951 = CARTESIAN_POINT ( 'NONE',  ( -13.86648729581990480, 5.000000000000000000, 2.194426360195067538 ) ) ;
#2952 = B_SPLINE_CURVE_WITH_KNOTS ( 'NONE', 3,
 ( #2573, #1434, #2608, #2017 ),
 .UNSPECIFIED., .F., .F.,
 ( 4, 4 ),
 ( 0.000000000000000000, 1.000000000000000000 ),
 .UNSPECIFIED. ) ;
#2953 =( BOUNDED_CURVE ( )  B_SPLINE_CURVE ( 2, ( #923, #2358, #945, #614, #2109, #2048, #3268 ),
 .UNSPECIFIED., .F., .F. ) 
 B_SPLINE_CURVE_WITH_KNOTS ( ( 3, 2, 2, 3 ),
 ( 0.3888888888888887840, 0.3981481481481480289, 0.4074074074074073293, 0.4166666666666666297 ),
 .UNSPECIFIED. ) 
 CURVE ( )  GEOMETRIC_REPRESENTATION_ITEM ( )  RATIONAL_B_SPLINE_CURVE ( ( 1.000000000000001554, 0.8660254037844371533, 1.000000000000000000, 0.8660254037844387076, 1.000000000000000000, 0.8660254037844394848, 0.9999999999999992228 ) ) 
 REPRESENTATION_ITEM ( '' )  );
#2954 = EDGE_CURVE ( 'NONE', #896, #855, #1195, .T. ) ;
#2955 = CARTESIAN_POINT ( 'NONE',  ( -13.86648729581990480, 5.000000000000000000, 2.154738859327915534 ) ) ;
#2956 = ORIENTED_EDGE ( 'NONE', *, *, #1053, .T. ) ;
#2957 = CARTESIAN_POINT ( 'NONE',  ( -8.866487295819904801, 5.000000000000000000, 1.539582609761492860 ) ) ;
#2958 = EDGE_CURVE ( 'NONE', #899, #1381, #2645, .T. ) ;
#2959 = CARTESIAN_POINT ( 'NONE',  ( -8.866487295819906578, 6.443375672974065438, 5.554634693528401002 ) ) ;
#2960 = CARTESIAN_POINT ( 'NONE',  ( -9.038339211132406348, 6.344156923407640036, 6.050728443094826048 ) ) ;
#2961 = CARTESIAN_POINT ( 'NONE',  ( -9.038339211132406348, 3.655843076592359520, 3.695936776428160098 ) ) ;
#2962 = ADVANCED_FACE ( 'NONE', ( #859 ), #916, .F. ) ;
#2963 = CARTESIAN_POINT ( 'NONE',  ( -10.11648729581990658, 2.834936490538902287, 2.617759693528401765 ) ) ;
#2964 = CARTESIAN_POINT ( 'NONE',  ( -8.866487295819906578, 5.000000000000000000, 5.845676360195069421 ) ) ;
#2965 = CARTESIAN_POINT ( 'NONE',  ( -9.408357049841200137, 3.442213177808873592, 7.259401610957820772 ) ) ;
#2966 = CARTESIAN_POINT ( 'NONE',  ( -13.69463538050740681, 6.344156923407640924, 3.219686776428158037 ) ) ;
#2967 = CARTESIAN_POINT ( 'NONE',  ( -13.69463538050740858, 6.344156923407640924, 6.077186776428158410 ) ) ;
#2968 = CARTESIAN_POINT ( 'NONE',  ( -11.36648729581990480, 2.311686153184720371, 1.817395109761492211 ) ) ;
#2969 = CARTESIAN_POINT ( 'NONE',  ( -13.69463538050740503, 5.000000000000000000, 3.643020109761491820 ) ) ;
#2970 = CARTESIAN_POINT ( 'NONE',  ( -9.038339211132406348, 3.655843076592358631, 6.950311776428161004 ) ) ;
#2971 = VERTEX_POINT ( 'NONE', #2955 ) ;
#2972 = ORIENTED_EDGE ( 'NONE', *, *, #845, .F. ) ;
#2973 = DIRECTION ( 'NONE',  ( -0.000000000000000000, -0.000000000000000000, 1.000000000000000000 ) ) ;
#2974 = CARTESIAN_POINT ( 'NONE',  ( -11.36648729581990480, 2.311686153184720371, 1.817395109761492211 ) ) ;
#2975 = CARTESIAN_POINT ( 'NONE',  ( -13.86648729581988881, 6.443375672974076096, 4.033280525994582533 ) ) ;
#2976 = CARTESIAN_POINT ( 'NONE',  ( -8.866487295819904801, 5.000000000000000000, 3.583488859327917275 ) ) ;
#2977 = CARTESIAN_POINT ( 'NONE',  ( -11.36648729581990658, 7.688313846815280073, 6.103645109761491661 ) ) ;
#2978 = CARTESIAN_POINT ( 'NONE',  ( -9.038339211132404571, 5.000000000000000000, 4.039895109761493686 ) ) ;
#2979 = LOCAL_TIME ( 12, 38, 48.00000000000000000, #3221 ) ;
#2980 =( BOUNDED_CURVE ( )  B_SPLINE_CURVE ( 2, ( #774, #147, #1026, #2798, #3100, #396, #2780 ),
 .UNSPECIFIED., .F., .T. ) 
 B_SPLINE_CURVE_WITH_KNOTS ( ( 3, 2, 2, 3 ),
 ( 0.6388888888888887285, 0.6481481481481481399, 0.6574074074074074403, 0.6666666666666667407 ),
 .UNSPECIFIED. ) 
 CURVE ( )  GEOMETRIC_REPRESENTATION_ITEM ( )  RATIONAL_B_SPLINE_CURVE ( ( 1.000000000000001554, 0.8660254037844371533, 1.000000000000000000, 0.8660254037844387076, 1.000000000000000000, 0.8660254037844371533, 1.000000000000001554 ) ) 
 REPRESENTATION_ITEM ( '' )  );
#2981 = CARTESIAN_POINT ( 'NONE',  ( -10.11648729581990658, 2.834936490538902287, 4.205259693528401677 ) ) ;
#2982 = CARTESIAN_POINT ( 'NONE',  ( -8.866487295819908354, 3.556624327025934118, 4.827030525994585375 ) ) ;
#2983 = LINE ( 'NONE', #355, #2405 ) ;
#2984 = CARTESIAN_POINT ( 'NONE',  ( -10.20241325347615380, 7.016235385111460054, 3.457811776428159511 ) ) ;
#2985 = CARTESIAN_POINT ( 'NONE',  ( -13.69463538050740858, 6.344156923407640924, 5.442186776428157735 ) ) ;
#2986 = CARTESIAN_POINT ( 'NONE',  ( -13.86648729581990835, 3.556624327025936338, 6.308697192661248287 ) ) ;
#2987 = ADVANCED_FACE ( 'NONE', ( #607 ), #333, .F. ) ;
#2988 = CARTESIAN_POINT ( 'NONE',  ( -13.86648729581990480, 5.000000000000000000, 2.789738859327915321 ) ) ;
#2989 = CARTESIAN_POINT ( 'NONE',  ( -10.20241325347615557, 2.983764614888539057, 2.478853443094826137 ) ) ;
#2990 = CARTESIAN_POINT ( 'NONE',  ( -10.20241325347615735, 2.983764614888539057, 6.288853443094826190 ) ) ;
#2991 = ORIENTED_EDGE ( 'NONE', *, *, #1009, .F. ) ;
#2992 = CARTESIAN_POINT ( 'NONE',  ( -8.866487295819904801, 6.443375672974065438, 2.022447192661250170 ) ) ;
#2993 = CARTESIAN_POINT ( 'NONE',  ( -13.86648729581990480, 5.000000000000000000, 3.146926360195067662 ) ) ;
#2994 = EDGE_CURVE ( 'NONE', #1283, #3723, #549, .T. ) ;
#2995 = DIRECTION ( 'NONE',  ( 2.992521824128285357E-16, -0.000000000000000000, -1.000000000000000000 ) ) ;
#2996 = DIRECTION ( 'NONE',  ( 2.992521824128285357E-16, -0.000000000000000000, -1.000000000000000000 ) ) ;
#2997 = CARTESIAN_POINT ( 'NONE',  ( -13.69463538050740681, 5.000000000000000000, 7.135520109761491980 ) ) ;
#2998 = CARTESIAN_POINT ( 'NONE',  ( -11.36648729581990658, 2.113248654051870901, 5.131301360195068106 ) ) ;
#2999 = CARTESIAN_POINT ( 'NONE',  ( -13.86648729581990480, 3.556624327025936338, 6.626197192661249069 ) ) ;
#3000 = PLANE ( 'NONE',  #311 ) ;
#3001 = CARTESIAN_POINT ( 'NONE',  ( -9.038339211132406348, 6.344156923407640036, 5.018853443094826616 ) ) ;
#3002 = AXIS2_PLACEMENT_3D ( 'NONE', #1051, #3106, #778 ) ;
#3003 = CARTESIAN_POINT ( 'NONE',  ( -12.53056133816365580, 7.016235385111460054, 6.050728443094825160 ) ) ;
#3004 = CARTESIAN_POINT ( 'NONE',  ( -8.866487295819908354, 3.556624327025934118, 7.049530525994583741 ) ) ;
#3005 = CARTESIAN_POINT ( 'NONE',  ( -11.36648729581990480, 2.113248654051870901, 2.869113859327916405 ) ) ;
#3006 = CARTESIAN_POINT ( 'NONE',  ( -9.038339211132406348, 3.655843076592359520, 3.457811776428159956 ) ) ;
#3007 = ADVANCED_FACE ( 'NONE', ( #879 ), #2879, .F. ) ;
#3008 = VECTOR ( 'NONE', #1271, 1000.000000000000000 ) ;
#3009 = CARTESIAN_POINT ( 'NONE',  ( -13.69463538050740503, 5.000000000000000000, 1.658645109761491598 ) ) ;
#3010 = ORIENTED_EDGE ( 'NONE', *, *, #2846, .F. ) ;
#3011 = CARTESIAN_POINT ( 'NONE',  ( -13.86648729581990480, 6.443375672974065438, 2.445780525994582177 ) ) ;
#3012 = DIRECTION ( 'NONE',  ( 3.086871669740821723E-16, 0.000000000000000000, -1.000000000000000000 ) ) ;
#3013 = CYLINDRICAL_SURFACE ( 'NONE', #688, 2.500000000000000444 ) ;
#3014 = VERTEX_POINT ( 'NONE', #3206 ) ;
#3015 = CYLINDRICAL_SURFACE ( 'NONE', #3506, 2.500000000000000444 ) ;
#3016 = FACE_OUTER_BOUND ( 'NONE', #1309, .T. ) ;
#3017 = CARTESIAN_POINT ( 'NONE',  ( -10.20241325347615735, 2.983764614888539057, 6.606353443094825195 ) ) ;
#3018 = CARTESIAN_POINT ( 'NONE',  ( -10.11648729581990480, 7.165063509461097269, 4.628593026861735460 ) ) ;
#3019 = CARTESIAN_POINT ( 'NONE',  ( -13.86648729581990480, 5.000000000000000000, 1.559426360195067529 ) ) ;
#3020 = CARTESIAN_POINT ( 'NONE',  ( -10.11648729581990835, 2.834936490538902287, 6.388072192661250703 ) ) ;
#3021 = CARTESIAN_POINT ( 'NONE',  ( -12.53056133816365580, 7.016235385111460054, 5.415728443094825373 ) ) ;
#3022 = CARTESIAN_POINT ( 'NONE',  ( -9.038339211132406348, 5.000000000000000000, 5.627395109761493153 ) ) ;
#3023 = CARTESIAN_POINT ( 'NONE',  ( -13.69463538050740681, 3.655843076592360852, 2.399478443094825053 ) ) ;
#3024 = CARTESIAN_POINT ( 'NONE',  ( -10.11648729581990658, 2.834936490538902287, 3.887759693528401339 ) ) ;
#3025 = CARTESIAN_POINT ( 'NONE',  ( -12.53056133816365580, 2.983764614888540390, 3.695936776428158765 ) ) ;
#3026 = CARTESIAN_POINT ( 'NONE',  ( -9.038339211132406348, 6.344156923407640036, 6.050728443094826048 ) ) ;
#3027 = ORIENTED_EDGE ( 'NONE', *, *, #2221, .F. ) ;
#3028 = CARTESIAN_POINT ( 'NONE',  ( -11.36648729581990480, 2.113248654051870901, 4.456613859327916316 ) ) ;
#3029 = DIRECTION ( 'NONE',  ( -1.000000000000000000, 0.000000000000000000, -3.469446951953613696E-16 ) ) ;
#3030 = CARTESIAN_POINT ( 'NONE',  ( -9.038339211132406348, 3.655843076592358631, 1.870311776428159378 ) ) ;
#3031 = ORIENTED_EDGE ( 'NONE', *, *, #1410, .F. ) ;
#3032 = VERTEX_POINT ( 'NONE', #588 ) ;
#3033 = CARTESIAN_POINT ( 'NONE',  ( -13.86648729581990658, 5.000000000000000000, 4.694738859327915570 ) ) ;
#3034 = CARTESIAN_POINT ( 'NONE',  ( -12.53056133816365758, 2.983764614888540390, 6.870936776428158588 ) ) ;
#3035 = ADVANCED_FACE ( 'NONE', ( #3280 ), #3013, .F. ) ;
#3036 =( BOUNDED_CURVE ( )  B_SPLINE_CURVE ( 2, ( #2559, #3703, #2275, #1079, #3149, #3131, #217 ),
 .UNSPECIFIED., .F., .T. ) 
 B_SPLINE_CURVE_WITH_KNOTS ( ( 3, 2, 2, 3 ),
 ( 0.8888888888888888395, 0.8981481481481481399, 0.9074074074074074403, 0.9166666666666666297 ),
 .UNSPECIFIED. ) 
 CURVE ( )  GEOMETRIC_REPRESENTATION_ITEM ( )  RATIONAL_B_SPLINE_CURVE ( ( 1.000000000000000000, 0.8660254037844387076, 1.000000000000000000, 0.8660254037844387076, 1.000000000000000000, 0.8660254037844387076, 1.000000000000000000 ) ) 
 REPRESENTATION_ITEM ( '' )  );
#3037 = EDGE_CURVE ( 'NONE', #1381, #2751, #1991, .T. ) ;
#3038 = CARTESIAN_POINT ( 'NONE',  ( -10.11648729581990480, 7.165063509461097269, 4.311093026861735567 ) ) ;
#3039 = DIRECTION ( 'NONE',  ( -1.000000000000000000, 0.000000000000000000, -3.469446951953613696E-16 ) ) ;
#3040 = CARTESIAN_POINT ( 'NONE',  ( -13.86648729581990658, 5.000000000000000000, 4.734426360195067573 ) ) ;
#3041 = CARTESIAN_POINT ( 'NONE',  ( -10.20241325347615557, 7.016235385111460054, 5.045311776428159867 ) ) ;
#3042 = CARTESIAN_POINT ( 'NONE',  ( -12.53056133816365403, 7.016235385111460054, 2.955103443094825089 ) ) ;
#3043 = CARTESIAN_POINT ( 'NONE',  ( -9.038339211132404571, 5.000000000000000000, 1.579270109761492957 ) ) ;
#3044 = CARTESIAN_POINT ( 'NONE',  ( -13.69463538050740503, 6.344156923407640036, 3.934061776428158907 ) ) ;
#3045 = CARTESIAN_POINT ( 'NONE',  ( -9.038339211132406348, 3.655843076592358631, 3.060936776428159867 ) ) ;
#3046 = EDGE_LOOP ( 'NONE', ( #1018, #2446, #1245, #1364 ) ) ;
#3047 = CARTESIAN_POINT ( 'NONE',  ( -13.86648729581990480, 3.556624327025936338, 3.133697192661248465 ) ) ;
#3048 = DIRECTION ( 'NONE',  ( 2.992521824128285357E-16, -0.000000000000000000, -1.000000000000000000 ) ) ;
#3049 = CARTESIAN_POINT ( 'NONE',  ( -13.69463538050740681, 6.344156923407640036, 6.712186776428159973 ) ) ;
#3050 = CARTESIAN_POINT ( 'NONE',  ( -13.69463538050740503, 5.000000000000000000, 2.293645109761491607 ) ) ;
#3051 = CARTESIAN_POINT ( 'NONE',  ( -8.866487295819904801, 5.000000000000000000, 2.670676360195069154 ) ) ;
#3052 = ORIENTED_EDGE ( 'NONE', *, *, #3608, .T. ) ;
#3053 = VERTEX_POINT ( 'NONE', #3600 ) ;
#3054 = CARTESIAN_POINT ( 'NONE',  ( -8.866487295819904801, 5.000000000000000000, 1.718176360195069030 ) ) ;
#3055 = CARTESIAN_POINT ( 'NONE',  ( -8.866487295819904801, 5.000000000000000000, 4.218488859327917062 ) ) ;
#3056 = CARTESIAN_POINT ( 'NONE',  ( -10.11648729581990835, 2.834936490538902287, 4.522759693528401570 ) ) ;
#3057 = CARTESIAN_POINT ( 'NONE',  ( -11.36648729581990480, 2.311686153184720371, 1.738020109761492238 ) ) ;
#3058 = CARTESIAN_POINT ( 'NONE',  ( -10.11648729581990480, 7.165063509461097269, 6.216093026861735815 ) ) ;
#3059 = CARTESIAN_POINT ( 'NONE',  ( -11.36648729581990658, 7.688313846815280073, 5.071770109761492229 ) ) ;
#3060 = CARTESIAN_POINT ( 'NONE',  ( -11.36648729581990480, 2.311686153184720371, 3.722395109761492016 ) ) ;
#3061 = CARTESIAN_POINT ( 'NONE',  ( -11.36648729581990480, 2.113248654051870901, 3.186613859327916742 ) ) ;
#3062 = CARTESIAN_POINT ( 'NONE',  ( -11.36648729581990658, 2.311686153184720371, 5.309895109761491483 ) ) ;
#3063 = CARTESIAN_POINT ( 'NONE',  ( -9.038339211132406348, 3.655843076592358631, 3.378436776428159760 ) ) ;
#3064 = ORIENTED_EDGE ( 'NONE', *, *, #405, .F. ) ;
#3065 = CARTESIAN_POINT ( 'NONE',  ( -10.11648729581990658, 2.834936490538902287, 3.848072192661249780 ) ) ;
#3066 = CARTESIAN_POINT ( 'NONE',  ( -13.86648729581990658, 5.000000000000000000, 6.282238859327915037 ) ) ;
#3067 = CARTESIAN_POINT ( 'NONE',  ( -13.69463538050740681, 5.000000000000000000, 6.421145109761492442 ) ) ;
#3068 = CC_DESIGN_PERSON_AND_ORGANIZATION_ASSIGNMENT ( #3186, #3538, ( #1949 ) ) ;
#3069 = VECTOR ( 'NONE', #315, 1000.000000000000000 ) ;
#3070 = CARTESIAN_POINT ( 'NONE',  ( -10.20241325347615557, 2.983764614888539057, 2.716978443094825835 ) ) ;
#3071 = CARTESIAN_POINT ( 'NONE',  ( -9.038339211132404571, 5.000000000000000000, 3.484270109761492762 ) ) ;
#3072 = ORIENTED_EDGE ( 'NONE', *, *, #3704, .T. ) ;
#3073 = ORIENTED_EDGE ( 'NONE', *, *, #119, .F. ) ;
#3074 = CARTESIAN_POINT ( 'NONE',  ( -13.86648729581989237, 6.443375672974072543, 2.445780525994581733 ) ) ;
#3075 = CARTESIAN_POINT ( 'NONE',  ( -10.11648729581990303, 7.165063509461097269, 3.993593026861735229 ) ) ;
#3076 = CARTESIAN_POINT ( 'NONE',  ( -13.86648729581990835, 3.556624327025936338, 6.348384693528402067 ) ) ;
#3077 = DIRECTION ( 'NONE',  ( 2.992521824128285357E-16, -0.000000000000000000, -1.000000000000000000 ) ) ;
#3078 = CARTESIAN_POINT ( 'NONE',  ( -8.866487295819906578, 5.000000000000000000, 6.163176360195069314 ) ) ;
#3079 = CARTESIAN_POINT ( 'NONE',  ( -9.038339211132406348, 5.000000000000000000, 5.944895109761493046 ) ) ;
#3080 =( BOUNDED_CURVE ( )  B_SPLINE_CURVE ( 2, ( #3493, #3474, #2873, #3806, #1415, #247, #3180 ),
 .UNSPECIFIED., .F., .T. ) 
 B_SPLINE_CURVE_WITH_KNOTS ( ( 3, 2, 2, 3 ),
 ( 0.7777777777777779011, 0.7870370370370372015, 0.7962962962962962798, 0.8055555555555555802 ),
 .UNSPECIFIED. ) 
 CURVE ( )  GEOMETRIC_REPRESENTATION_ITEM ( )  RATIONAL_B_SPLINE_CURVE ( ( 0.9999999999999984457, 0.8660254037844402619, 1.000000000000000000, 0.8660254037844387076, 1.000000000000000000, 0.8660254037844387076, 1.000000000000000000 ) ) 
 REPRESENTATION_ITEM ( '' )  );
#3081 = CARTESIAN_POINT ( 'NONE',  ( -10.20241325347615557, 2.983764614888539057, 2.796353443094825586 ) ) ;
#3082 = CARTESIAN_POINT ( 'NONE',  ( -13.69463538050740681, 3.655843076592360852, 4.621978443094825195 ) ) ;
#3083 = CARTESIAN_POINT ( 'NONE',  ( -10.20241325347615557, 2.983764614888539057, 2.081978443094825604 ) ) ;
#3084 = VERTEX_POINT ( 'NONE', #720 ) ;
#3085 = CARTESIAN_POINT ( 'NONE',  ( -12.61648729581990658, 2.834936490538903620, 3.160155525994582604 ) ) ;
#3086 = CARTESIAN_POINT ( 'NONE',  ( -8.975827272997547013, 4.268737628973709342, 7.101114414544213993 ) ) ;
#3087 = CARTESIAN_POINT ( 'NONE',  ( -10.20241325347615735, 2.983764614888539057, 5.891978443094826545 ) ) ;
#3088 = CARTESIAN_POINT ( 'NONE',  ( -12.53056133816365403, 7.016235385111460054, 1.605728443094825320 ) ) ;
#3089 = CARTESIAN_POINT ( 'NONE',  ( -13.69463538050740503, 5.000000000000000000, 4.278020109761492051 ) ) ;
#3090 = VERTEX_POINT ( 'NONE', #3261 ) ;
#3091 = ORIENTED_EDGE ( 'NONE', *, *, #3235, .F. ) ;
#3092 = ORIENTED_EDGE ( 'NONE', *, *, #3437, .T. ) ;
#3093 = DIRECTION ( 'NONE',  ( -0.000000000000000000, -1.000000000000000000, -0.000000000000000000 ) ) ;
#3094 = DIRECTION ( 'NONE',  ( 2.992521824128285357E-16, -0.000000000000000000, -1.000000000000000000 ) ) ;
#3095 = CARTESIAN_POINT ( 'NONE',  ( -11.36648729581990658, 2.113248654051870901, 5.766301360195067893 ) ) ;
#3096 = LINE ( 'NONE', #2812, #3313 ) ;
#3097 = CARTESIAN_POINT ( 'NONE',  ( -8.866487295819915460, 3.556624327025929233, 2.961718026861735353 ) ) ;
#3098 = CARTESIAN_POINT ( 'NONE',  ( -12.61648729581990480, 7.165063509461097269, 1.824009693528401366 ) ) ;
#3099 = CARTESIAN_POINT ( 'NONE',  ( -13.69463538050740681, 6.344156923407640924, 3.934061776428158907 ) ) ;
#3100 = CARTESIAN_POINT ( 'NONE',  ( -10.11648729581990835, 2.834936490538902287, 5.435572192661249247 ) ) ;
#3101 = CARTESIAN_POINT ( 'NONE',  ( -11.36648729581990658, 7.688313846815280073, 5.151145109761491980 ) ) ;
#3102 =( GEOMETRIC_REPRESENTATION_CONTEXT ( 3 ) GLOBAL_UNCERTAINTY_ASSIGNED_CONTEXT ( ( #2056 ) ) GLOBAL_UNIT_ASSIGNED_CONTEXT ( ( #3724, #2259, #3204 ) ) REPRESENTATION_CONTEXT ( 'NONE', 'WORKASPACE' ) );
#3103 =( BOUNDED_CURVE ( )  B_SPLINE_CURVE ( 2, ( #3513, #3774, #1451, #2018, #2874, #3457, #1751, #2000, #522, #1735, #3791, #3475, #3754, #2309, #268, #2609, #285, #1983, #659, #3275, #2130, #2744, #56, #2685, #2074, #694, #2423, #1868, #344, #676, #1281, #397, #1580, #2664, #2989, #36, #1225, #1243, #92, #2440, #3311, #1503, #910, #1833, #76, #1849, #3594, #2365, #1561, #620, #3575, #1204, #3534, #1262, #3614, #2386, #1539, #2724, #2404, #361, #951, #3552, #969, #929, #3234, #2705, #3293, #2115, #1792, #1521, #2095, #3006, #379, #3256, #989, #641, #1814, #2147, #2969, #2945, #3025, #328, #1659, #2818, #2533, #1638, #2514, #417, #1943, #3044, #1596, #2781, #1922, #129, #2206, #2799, #1336, #148, #1619, #167, #3331, #1354, #2459, #2185, #1373, #186, #2763, #1318, #3715, #2476, #2496, #3652, #3672, #1086, #1678, #3082, #3691, #461, #1068, #2249, #3413, #1027, #3633, #3350, #1047, #2229, #1302, #3392, #1008, #734, #1902, #792, #3370, #755, #2167, #3101, #775, #1960, #483, #3119, #502, #3062, #109, #438, #712, #1885, #2853, #2586, #557, #207, #1447, #1392, #225, #1124, #3509, #539, #2869, #1105, #868, #2605, #3803, #3770, #1411, #3750, #1429, #2304, #1146, #3787, #3196, #1164, #596, #1462, #2031, #2323, #3160, #577, #2285, #3471, #887, #3490, #3431, #849, #518, #2569, #1712, #1747, #281, #1184, #2014, #3177, #2621, #2550, #3140, #3453, #828, #244, #1996, #2343, #1731, #2266, #2889, #2049, #1696, #264, #2905, #3212, #2834, #3732, #808, #1979, #1534, #615, #10, #51, #3270, #2965, #1200 ),
 .UNSPECIFIED., .F., .F. ) 
 B_SPLINE_CURVE_WITH_KNOTS ( ( 3, 2, 2, 2, 2, 2, 2, 2, 2, 2, 2, 2, 2, 2, 2, 2, 2, 2, 2, 2, 2, 2, 2, 2, 2, 2, 2, 2, 2, 2, 2, 2, 2, 2, 2, 2, 2, 2, 2, 2, 2, 2, 2, 2, 2, 2, 2, 2, 2, 2, 2, 2, 2, 2, 2, 2, 2, 2, 2, 2, 2, 2, 2, 2, 2, 2, 2, 2, 2, 2, 2, 2, 2, 2, 2, 2, 2, 2, 2, 2, 2, 2, 2, 2, 2, 2, 2, 2, 2, 2, 2, 2, 2, 2, 2, 2, 2, 2, 2, 2, 2, 2, 2, 2, 2, 2, 2, 2, 3 ),
 ( 0.000000000000000000, 0.009283975535643987365, 0.01856795107128797473, 0.02785192660693196209, 0.03713590214257594946, 0.04641987767821993682, 0.05570385321386392419, 0.06498782874950791155, 0.07427180428515189892, 0.08355577982079588628, 0.09283975535643987365, 0.1021237308920838610, 0.1114077064277278484, 0.1206916819633718357, 0.1299756574990158231, 0.1392596330346598243, 0.1485436085703037978, 0.1578275841059477991, 0.1671115596415917726, 0.1763955351772357738, 0.1856795107128797473, 0.1949634862485237485, 0.2042474617841677220, 0.2135314373198117233, 0.2228154128554556968, 0.2320993883910996980, 0.2413833639267436715, 0.2506673394623876727, 0.2599513149980316462, 0.2692352905336756752, 0.2785192660693196487, 0.2878032416049636222, 0.2970872171406075957, 0.3063711926762516247, 0.3156551682118955982, 0.3249391437475395716, 0.3342231192831835451, 0.3435070948188275741, 0.3527910703544715476, 0.3620750458901155211, 0.3713590214257594946, 0.3806429969614035236, 0.3899269724970474971, 0.3992109480326914706, 0.4084949235683354440, 0.4177788991039794730, 0.4270628746396234465, 0.4363468501752674200, 0.4456308257109113935, 0.4549148012465554225, 0.4641987767821993960, 0.4734827523178433695, 0.4827667278534873430, 0.4920507033891313720, 0.5013346789247753454, 0.5106186544604193189, 0.5199026299960632924, 0.5291866055317072659, 0.5384705810673513504, 0.5477545566029952129, 0.5570385321386392974, 0.5663225076742831599, 0.5756064832099272444, 0.5848904587455712178, 0.5941744342812151913, 0.6034584098168591648, 0.6127423853525032493, 0.6220263608881471118, 0.6313103364237911963, 0.6405943119594350588, 0.6498782874950791433, 0.6591622630307231168, 0.6684462385663670903, 0.6777302141020110637, 0.6870141896376551482, 0.6962981651732990107, 0.7055821407089430952, 0.7148661162445869577, 0.7241500917802310422, 0.7334340673158750157, 0.7427180428515189892, 0.7520020183871629627, 0.7612859939228070472, 0.7705699694584509096, 0.7798539449940949941, 0.7891379205297389676, 0.7984218960653829411, 0.8077058716010269146, 0.8169898471366708881, 0.8262738226723148616, 0.8355577982079589461, 0.8448417737436028085, 0.8541257492792468931, 0.8634097248148908665, 0.8726937003505348400, 0.8819776758861788135, 0.8912616514218227870, 0.9005456269574667605, 0.9098296024931108450, 0.9191135780287547075, 0.9283975535643987920, 0.9376815291000427655, 0.9469655046356867389, 0.9562494801713307124, 0.9655334557069746859, 0.9748174312426186594, 0.9841014067782627439, 0.9933853823139066064, 1.000000000000000000 ),
 .UNSPECIFIED. ) 
 CURVE ( )  GEOMETRIC_REPRESENTATION_ITEM ( )  RATIONAL_B_SPLINE_CURVE ( ( 1.000000000000000000, 0.8660254037844387076, 1.000000000000000000, 0.8660254037844387076, 1.000000000000000000, 0.8660254037844387076, 1.000000000000000000, 0.8660254037844387076, 1.000000000000000000, 0.8660254037844387076, 1.000000000000000000, 0.8660254037844387076, 1.000000000000000000, 0.8660254037844387076, 1.000000000000000000, 0.8660254037844387076, 1.000000000000000000, 0.8660254037844387076, 1.000000000000000000, 0.8660254037844387076, 1.000000000000000000, 0.8660254037844387076, 1.000000000000000000, 0.8660254037844387076, 1.000000000000000000, 0.8660254037844387076, 1.000000000000000000, 0.8660254037844387076, 1.000000000000000000, 0.8660254037844387076, 1.000000000000000000, 0.8660254037844387076, 1.000000000000000000, 0.8660254037844387076, 1.000000000000000000, 0.8660254037844387076, 1.000000000000000000, 0.8660254037844387076, 1.000000000000000000, 0.8660254037844387076, 1.000000000000000000, 0.8660254037844387076, 1.000000000000000000, 0.8660254037844387076, 1.000000000000000000, 0.8660254037844387076, 1.000000000000000000, 0.8660254037844387076, 1.000000000000000000, 0.8660254037844387076, 1.000000000000000000, 0.8660254037844387076, 1.000000000000000000, 0.8660254037844387076, 1.000000000000000000, 0.8660254037844387076, 1.000000000000000000, 0.8660254037844387076, 1.000000000000000000, 0.8660254037844387076, 1.000000000000000000, 0.8660254037844387076, 1.000000000000000000, 0.8660254037844387076, 1.000000000000000000, 0.8660254037844387076, 1.000000000000000000, 0.8660254037844387076, 1.000000000000000000, 0.8660254037844387076, 1.000000000000000000, 0.8660254037844387076, 1.000000000000000000, 0.8660254037844387076, 1.000000000000000000, 0.8660254037844387076, 1.000000000000000000, 0.8660254037844387076, 1.000000000000000000, 0.8660254037844387076, 1.000000000000000000, 0.8660254037844387076, 1.000000000000000000, 0.8660254037844387076, 1.000000000000000000, 0.8660254037844387076, 1.000000000000000000, 0.8660254037844387076, 1.000000000000000000, 0.8660254037844387076, 1.000000000000000000, 0.8660254037844387076, 1.000000000000000000, 0.8660254037844387076, 1.000000000000000000, 0.8660254037844387076, 1.000000000000000000, 0.8660254037844387076, 1.000000000000000000, 0.8660254037844387076, 1.000000000000000000, 0.8660254037844387076, 1.000000000000000000, 0.8660254037844387076, 1.000000000000000000, 0.8660254037844387076, 1.000000000000000000, 0.8660254037844387076, 1.000000000000000000, 0.8660254037844387076, 1.000000000000000000, 0.8660254037844387076, 1.000000000000000000, 0.8660254037844387076, 1.000000000000000000, 0.8660254037844387076, 1.000000000000000000, 0.8660254037844387076, 1.000000000000000000, 0.8660254037844387076, 1.000000000000000000, 0.8660254037844387076, 1.000000000000000000, 0.8660254037844387076, 1.000000000000000000, 0.8660254037844387076, 1.000000000000000000, 0.8660254037844387076, 1.000000000000000000, 0.8660254037844387076, 1.000000000000000000, 0.8660254037844387076, 1.000000000000000000, 0.8660254037844387076, 1.000000000000000000, 0.8660254037844387076, 1.000000000000000000, 0.8660254037844387076, 1.000000000000000000, 0.8660254037844387076, 1.000000000000000000, 0.8660254037844387076, 1.000000000000000000, 0.8660254037844387076, 1.000000000000000000, 0.8660254037844387076, 1.000000000000000000, 0.8660254037844387076, 1.000000000000000000, 0.8660254037844387076, 1.000000000000000000, 0.8660254037844387076, 1.000000000000000000, 0.8660254037844387076, 1.000000000000000000, 0.8660254037844387076, 1.000000000000000000, 0.8660254037844387076, 1.000000000000000000, 0.8660254037844387076, 1.000000000000000000, 0.8660254037844387076, 1.000000000000000000, 0.8660254037844387076, 1.000000000000000000, 0.8660254037844387076, 1.000000000000000000, 0.8660254037844387076, 1.000000000000000000, 0.8660254037844387076, 1.000000000000000000, 0.8660254037844387076, 1.000000000000000000, 0.8660254037844387076, 1.000000000000000000, 0.8660254037844387076, 1.000000000000000000, 0.8660254037844387076, 1.000000000000000000, 0.8660254037844387076, 1.000000000000000000, 0.8660254037844387076, 1.000000000000000000, 0.8660254037844387076, 1.000000000000000000, 0.8660254037844387076, 1.000000000000000000, 0.8660254037844387076, 1.000000000000000000, 0.8660254037844387076, 1.000000000000000000, 0.8660254037844387076, 1.000000000000000000, 0.8660254037844387076, 1.000000000000000000, 0.8660254037844387076, 1.000000000000000000, 0.8660254037844387076, 1.000000000000000000, 0.8660254037844387076, 1.000000000000000000, 0.8660254037844387076, 1.000000000000000000, 0.8660254037844387076, 1.000000000000000000, 0.8660254037844387076, 1.000000000000000000, 0.8660254037844387076, 1.000000000000000000, 0.8660254037844387076, 1.000000000000000000, 0.8660254037844387076, 1.000000000000000000, 0.8660254037844387076, 1.000000000000000000, 0.9045462011169338457, 0.9451096469740392081 ) ) 
 REPRESENTATION_ITEM ( '' )  );
#3104 = CARTESIAN_POINT ( 'NONE',  ( -13.69463538050740503, 5.000000000000000000, 3.563645109761491181 ) ) ;
#3105 = CARTESIAN_POINT ( 'NONE',  ( -10.11648729581990303, 7.165063509461097269, 4.271405525994583563 ) ) ;
#3106 = DIRECTION ( 'NONE',  ( 2.992521824128285357E-16, -0.000000000000000000, -1.000000000000000000 ) ) ;
#3107 = CARTESIAN_POINT ( 'NONE',  ( -9.038339211132406348, 5.000000000000000000, 5.627395109761493153 ) ) ;
#3108 = CARTESIAN_POINT ( 'NONE',  ( -12.53056133816365403, 7.016235385111460054, 2.240728443094825550 ) ) ;
#3109 = CARTESIAN_POINT ( 'NONE',  ( -11.36648729581990480, 7.688313846815280073, 3.246145109761492176 ) ) ;
#3110 = VERTEX_POINT ( 'NONE', #348 ) ;
#3111 = ORIENTED_EDGE ( 'NONE', *, *, #1299, .T. ) ;
#3112 = CARTESIAN_POINT ( 'NONE',  ( -8.866487295819926118, 3.556624327025924348, 4.549218026861736597 ) ) ;
#3113 = LINE ( 'NONE', #1384, #2665 ) ;
#3114 = CARTESIAN_POINT ( 'NONE',  ( -8.866487295819906578, 6.443375672974065438, 5.872134693528402671 ) ) ;
#3115 = CARTESIAN_POINT ( 'NONE',  ( -10.11648729581990480, 7.165063509461097269, 5.541405525994584025 ) ) ;
#3116 = CARTESIAN_POINT ( 'NONE',  ( -13.69463538050740503, 6.344156923407640036, 2.902186776428157700 ) ) ;
#3117 = CARTESIAN_POINT ( 'NONE',  ( -12.61648729581990658, 2.834936490538903620, 1.929843026861734590 ) ) ;
#3118 = CARTESIAN_POINT ( 'NONE',  ( -8.468056510804446546, 10.00000000000000000, 3.348562319248791663 ) ) ;
#3119 = CARTESIAN_POINT ( 'NONE',  ( -13.69463538050740681, 3.655843076592360852, 5.256978443094825870 ) ) ;
#3120 = ADVANCED_FACE ( 'NONE', ( #2712 ), #2411, .F. ) ;
#3121 = CARTESIAN_POINT ( 'NONE',  ( -11.36648729581990480, 7.688313846815280073, 2.849270109761492975 ) ) ;
#3122 = CARTESIAN_POINT ( 'NONE',  ( -8.866487295819908354, 3.556624327025934118, 5.144530525994584380 ) ) ;
#3123 = CARTESIAN_POINT ( 'NONE',  ( -5.984660941943984014, 10.00000000000000000, 4.968826501371166771 ) ) ;
#3124 = CARTESIAN_POINT ( 'NONE',  ( -11.36648729581990658, 7.688313846815280073, 6.341770109761491803 ) ) ;
#3125 = ADVANCED_FACE ( 'NONE', ( #646 ), #964, .F. ) ;
#3126 = CARTESIAN_POINT ( 'NONE',  ( -10.20241325347615380, 7.016235385111460054, 2.505311776428159387 ) ) ;
#3127 = CARTESIAN_POINT ( 'NONE',  ( -12.53056133816365403, 7.016235385111460054, 3.907603443094825657 ) ) ;
#3128 = VERTEX_POINT ( 'NONE', #3448 ) ;
#3129 = VERTEX_POINT ( 'NONE', #1367 ) ;
#3130 = VECTOR ( 'NONE', #568, 1000.000000000000000 ) ;
#3131 = CARTESIAN_POINT ( 'NONE',  ( -13.86648729581990480, 6.443375672974065438, 6.612968026861735460 ) ) ;
#3132 = VECTOR ( 'NONE', #206, 1000.000000000000000 ) ;
#3133 = CARTESIAN_POINT ( 'NONE',  ( -8.866487295819906578, 5.000000000000000000, 5.805988859327917417 ) ) ;
#3134 = CARTESIAN_POINT ( 'NONE',  ( -12.61648729581990835, 2.834936490538903620, 6.374843026861735318 ) ) ;
#3135 = CARTESIAN_POINT ( 'NONE',  ( -13.86648729581989059, 3.556624327025926569, 6.943697192661249851 ) ) ;
#3136 = VECTOR ( 'NONE', #1097, 1000.000000000000000 ) ;
#3137 = CARTESIAN_POINT ( 'NONE',  ( -11.36648729581990480, 7.688313846815280073, 1.896770109761492407 ) ) ;
#3138 = CARTESIAN_POINT ( 'NONE',  ( -13.69463538050740681, 5.000000000000000000, 6.738645109761492336 ) ) ;
#3139 = CYLINDRICAL_SURFACE ( 'NONE', #2706, 2.500000000000000444 ) ;
#3140 = CARTESIAN_POINT ( 'NONE',  ( -9.038339211132406348, 5.000000000000000000, 6.659270109761493472 ) ) ;
#3141 = CARTESIAN_POINT ( 'NONE',  ( -13.69463538050740503, 5.000000000000000000, 4.198645109761491412 ) ) ;
#3142 = CARTESIAN_POINT ( 'NONE',  ( -13.86648729581990835, 6.443375672974065438, 4.985780525994582213 ) ) ;
#3143 = CARTESIAN_POINT ( 'NONE',  ( -12.61648729581990480, 7.165063509461097269, 3.689322192661248945 ) ) ;
#3144 = CARTESIAN_POINT ( 'NONE',  ( -8.866487295819906578, 5.000000000000000000, 6.123488859327917311 ) ) ;
#3145 = CARTESIAN_POINT ( 'NONE',  ( -11.36648729581990480, 2.311686153184720371, 3.643020109761492265 ) ) ;
#3146 = CARTESIAN_POINT ( 'NONE',  ( -10.20241325347615557, 2.983764614888539057, 3.431353443094825817 ) ) ;
#3147 = ORIENTED_EDGE ( 'NONE', *, *, #2567, .T. ) ;
#3148 = EDGE_LOOP ( 'NONE', ( #3742, #1851, #3680, #2991 ) ) ;
#3149 = CARTESIAN_POINT ( 'NONE',  ( -12.61648729581990658, 7.165063509461097269, 6.586509693528401321 ) ) ;
#3150 = DIRECTION ( 'NONE',  ( 2.992521824128285357E-16, -0.000000000000000000, -1.000000000000000000 ) ) ;
#3151 = EDGE_CURVE ( 'NONE', #3451, #3084, #2134, .T. ) ;
#3152 = CARTESIAN_POINT ( 'NONE',  ( -8.866487295819906578, 5.000000000000000000, 5.845676360195069421 ) ) ;
#3153 = EDGE_CURVE ( 'NONE', #603, #1153, #1116, .T. ) ;
#3154 = CARTESIAN_POINT ( 'NONE',  ( -11.36648729581990658, 2.311686153184720371, 7.135520109761491980 ) ) ;
#3155 = CARTESIAN_POINT ( 'NONE',  ( -13.69463538050740503, 6.344156923407640036, 2.584686776428157806 ) ) ;
#3156 = EDGE_CURVE ( 'NONE', #1486, #818, #2865, .T. ) ;
#3157 = CARTESIAN_POINT ( 'NONE',  ( -10.11648729581990658, 2.834936490538902287, 1.665259693528401863 ) ) ;
#3158 = ORIENTED_EDGE ( 'NONE', *, *, #845, .T. ) ;
#3159 = CARTESIAN_POINT ( 'NONE',  ( -13.86648729581990480, 5.000000000000000000, 3.424738859327915552 ) ) ;
#3160 = CARTESIAN_POINT ( 'NONE',  ( -13.69463538050740681, 5.000000000000000000, 6.183020109761491412 ) ) ;
#3161 = CARTESIAN_POINT ( 'NONE',  ( -11.36648729581990658, 7.688313846815280073, 5.071770109761492229 ) ) ;
#3162 = CARTESIAN_POINT ( 'NONE',  ( -10.11648729581990480, 7.165063509461097269, 5.858905525994583030 ) ) ;
#3163 = FACE_OUTER_BOUND ( 'NONE', #2194, .T. ) ;
#3164 = CARTESIAN_POINT ( 'NONE',  ( -11.36648729581990658, 5.000000000000000000, 7.391651446600888242 ) ) ;
#3165 = CARTESIAN_POINT ( 'NONE',  ( -12.53056133816365580, 7.016235385111460054, 5.812603443094825906 ) ) ;
#3166 = EDGE_LOOP ( 'NONE', ( #138, #1147, #3295, #3460 ) ) ;
#3167 = ORIENTED_EDGE ( 'NONE', *, *, #204, .F. ) ;
#3168 = APPROVAL_DATE_TIME ( #253, #184 ) ;
#3169 = CYLINDRICAL_SURFACE ( 'NONE', #1793, 2.500000000000000444 ) ;
#3170 = CARTESIAN_POINT ( 'NONE',  ( -12.61648729581990835, 2.834936490538903620, 5.104843026861734856 ) ) ;
#3171 = CARTESIAN_POINT ( 'NONE',  ( -8.866487295819906578, 5.000000000000000000, 7.391651446600889130 ) ) ;
#3172 = CARTESIAN_POINT ( 'NONE',  ( -11.36648729581990658, 7.688313846815280073, 4.833645109761492975 ) ) ;
#3173 = CARTESIAN_POINT ( 'NONE',  ( -13.69463538050740503, 6.344156923407640036, 1.949686776428158019 ) ) ;
#3174 = CARTESIAN_POINT ( 'NONE',  ( -10.20241325347615557, 7.016235385111460054, 6.632811776428159334 ) ) ;
#3175 = EDGE_LOOP ( 'NONE', ( #525, #2277, #442, #2311 ) ) ;
#3176 = CARTESIAN_POINT ( 'NONE',  ( -8.468056510804446546, 0.000000000000000000, 3.348562319248791663 ) ) ;
#3177 = CARTESIAN_POINT ( 'NONE',  ( -11.36648729581990658, 2.311686153184720371, 6.579895109761491945 ) ) ;
#3178 = CARTESIAN_POINT ( 'NONE',  ( -13.69463538050740858, 6.344156923407640924, 4.807186776428158836 ) ) ;
#3179 = CARTESIAN_POINT ( 'NONE',  ( -11.36648729581990658, 2.113248654051870901, 5.409113859327915996 ) ) ;
#3180 = CARTESIAN_POINT ( 'NONE',  ( -13.86648729581990658, 5.000000000000000000, 6.282238859327915037 ) ) ;
#3181 =( BOUNDED_CURVE ( )  B_SPLINE_CURVE ( 2, ( #3622, #997, #958, #2121, #3322, #703, #1877 ),
 .UNSPECIFIED., .F., .T. ) 
 B_SPLINE_CURVE_WITH_KNOTS ( ( 3, 2, 2, 3 ),
 ( 0.5555555555555554692, 0.5648148148148146586, 0.5740740740740738479, 0.5833333333333331483 ),
 .UNSPECIFIED. ) 
 CURVE ( )  GEOMETRIC_REPRESENTATION_ITEM ( )  RATIONAL_B_SPLINE_CURVE ( ( 1.000000000000001554, 0.8660254037844371533, 1.000000000000000000, 0.8660254037844387076, 1.000000000000000000, 0.8660254037844419273, 0.9999999999999967804 ) ) 
 REPRESENTATION_ITEM ( '' )  );
#3182 = CARTESIAN_POINT ( 'NONE',  ( -11.36648729581990658, 5.000000000000000000, 7.391651446600888242 ) ) ;
#3183 = CARTESIAN_POINT ( 'NONE',  ( -9.038339211132406348, 3.655843076592358631, 5.362811776428159760 ) ) ;
#3184 = ORIENTED_EDGE ( 'NONE', *, *, #2758, .T. ) ;
#3185 = ORIENTED_EDGE ( 'NONE', *, *, #435, .F. ) ;
#3186 = PERSON_AND_ORGANIZATION ( #193, #1828 ) ;
#3187 = CARTESIAN_POINT ( 'NONE',  ( -8.866487295819904801, 5.000000000000000000, 1.678488859327917027 ) ) ;
#3188 = CARTESIAN_POINT ( 'NONE',  ( -12.61648729581990658, 2.834936490538903620, 1.890155525994582364 ) ) ;
#3189 = CARTESIAN_POINT ( 'NONE',  ( -12.61648729581990658, 7.165063509461097269, 5.634009693528401641 ) ) ;
#3190 = CARTESIAN_POINT ( 'NONE',  ( -12.53056133816365758, 2.983764614888540390, 5.283436776428158232 ) ) ;
#3191 = CARTESIAN_POINT ( 'NONE',  ( -9.038339211132404571, 6.344156923407639148, 3.113853443094826368 ) ) ;
#3192 = EDGE_CURVE ( 'NONE', #3110, #3128, #3558, .T. ) ;
#3193 = VECTOR ( 'NONE', #3601, 1000.000000000000000 ) ;
#3194 = CARTESIAN_POINT ( 'NONE',  ( -12.61648729581990658, 2.834936490538903620, 2.882343026861734714 ) ) ;
#3195 = DIRECTION ( 'NONE',  ( -0.000000000000000000, -0.000000000000000000, -1.000000000000000000 ) ) ;
#3196 = CARTESIAN_POINT ( 'NONE',  ( -9.038339211132406348, 5.000000000000000000, 6.024270109761493686 ) ) ;
#3197 = CARTESIAN_POINT ( 'NONE',  ( -11.36648729581990658, 2.311686153184720371, 5.230520109761492620 ) ) ;
#3198 = CARTESIAN_POINT ( 'NONE',  ( -12.61648729581990658, 7.165063509461097269, 6.229322192661249424 ) ) ;
#3199 = FACE_OUTER_BOUND ( 'NONE', #1326, .T. ) ;
#3200 = CARTESIAN_POINT ( 'NONE',  ( -13.69463538050740858, 6.344156923407640924, 5.521561776428158375 ) ) ;
#3201 = EDGE_LOOP ( 'NONE', ( #242, #546, #2388, #2801 ) ) ;
#3202 = VERTEX_POINT ( 'NONE', #1005 ) ;
#3203 =( BOUNDED_CURVE ( )  B_SPLINE_CURVE ( 2, ( #3424, #428, #3705, #3362, #785, #3342, #1954 ),
 .UNSPECIFIED., .F., .T. ) 
 B_SPLINE_CURVE_WITH_KNOTS ( ( 3, 2, 2, 3 ),
 ( 0.7500000000000000000, 0.7592592592592593004, 0.7685185185185186008, 0.7777777777777779011 ),
 .UNSPECIFIED. ) 
 CURVE ( )  GEOMETRIC_REPRESENTATION_ITEM ( )  RATIONAL_B_SPLINE_CURVE ( ( 1.000000000000000000, 0.8660254037844387076, 1.000000000000000000, 0.8660254037844387076, 1.000000000000000000, 0.8660254037844371533, 1.000000000000001554 ) ) 
 REPRESENTATION_ITEM ( '' )  );
#3204 =( NAMED_UNIT ( * ) SI_UNIT ( $, .STERADIAN. ) SOLID_ANGLE_UNIT ( ) );
#3205 = CARTESIAN_POINT ( 'NONE',  ( -9.030605856563781231, 4.285493529551653857, 7.345854043718710535 ) ) ;
#3206 = CARTESIAN_POINT ( 'NONE',  ( -8.866487295819906578, 5.000000000000000000, 7.391651446600889130 ) ) ;
#3207 = CARTESIAN_POINT ( 'NONE',  ( -10.11648729581990658, 2.834936490538902287, 2.300259693528401872 ) ) ;
#3208 = CARTESIAN_POINT ( 'NONE',  ( -13.69463538050740681, 3.655843076592360852, 3.986978443094824964 ) ) ;
#3209 = CARTESIAN_POINT ( 'NONE',  ( -12.53056133816365403, 7.016235385111460054, 3.828228443094825018 ) ) ;
#3210 = CARTESIAN_POINT ( 'NONE',  ( -12.61648729581990480, 7.165063509461097269, 2.141509693528401037 ) ) ;
#3211 = CARTESIAN_POINT ( 'NONE',  ( -13.86648729581990658, 5.000000000000000000, 6.599738859327914930 ) ) ;
#3212 = CARTESIAN_POINT ( 'NONE',  ( -9.038339211132406348, 6.344156923407639148, 7.003228443094826616 ) ) ;
#3213 = CARTESIAN_POINT ( 'NONE',  ( -9.038339211132406348, 3.655843076592358631, 3.695936776428159654 ) ) ;
#3214 = CARTESIAN_POINT ( 'NONE',  ( -13.69463538050740858, 3.655843076592360852, 4.860103443094825337 ) ) ;
#3215 = CARTESIAN_POINT ( 'NONE',  ( -9.038339211132404571, 5.000000000000000000, 1.579270109761492957 ) ) ;
#3216 = DIRECTION ( 'NONE',  ( -1.000000000000000000, 0.000000000000000000, -3.469446951953613696E-16 ) ) ;
#3217 = PLANE ( 'NONE',  #3629 ) ;
#3218 = CARTESIAN_POINT ( 'NONE',  ( -10.20241325347615735, 2.983764614888539057, 4.701353443094825835 ) ) ;
#3219 = ORIENTED_EDGE ( 'NONE', *, *, #2078, .F. ) ;
#3220 = CARTESIAN_POINT ( 'NONE',  ( -8.866487295819904801, 5.000000000000000000, 2.630988859327916707 ) ) ;
#3221 = COORDINATED_UNIVERSAL_TIME_OFFSET ( 0, 0, .AHEAD. ) ;
#3222 = CARTESIAN_POINT ( 'NONE',  ( -8.866487295819906578, 5.000000000000000000, 7.391651446600889130 ) ) ;
#3223 =( BOUNDED_CURVE ( )  B_SPLINE_CURVE ( 2, ( #2988, #675, #14, #3005, #303, #988, #1502 ),
 .UNSPECIFIED., .F., .T. ) 
 B_SPLINE_CURVE_WITH_KNOTS ( ( 3, 2, 2, 3 ),
 ( 0.1944444444444443920, 0.2037037037037036369, 0.2129629629629629373, 0.2222222222222221821 ),
 .UNSPECIFIED. ) 
 CURVE ( )  GEOMETRIC_REPRESENTATION_ITEM ( )  RATIONAL_B_SPLINE_CURVE ( ( 1.000000000000000888, 0.8660254037844379305, 1.000000000000000000, 0.8660254037844387076, 1.000000000000000000, 0.8660254037844391517, 0.9999999999999995559 ) ) 
 REPRESENTATION_ITEM ( '' )  );
#3224 = CARTESIAN_POINT ( 'NONE',  ( -11.36648729581990480, 2.113248654051870901, 2.591301360195068071 ) ) ;
#3225 = CARTESIAN_POINT ( 'NONE',  ( -9.038339211132406348, 6.344156923407640036, 5.098228443094826368 ) ) ;
#3226 = CARTESIAN_POINT ( 'NONE',  ( -12.53056133816365580, 7.016235385111460054, 5.098228443094825479 ) ) ;
#3227 = CARTESIAN_POINT ( 'NONE',  ( -12.61648729581990480, 7.165063509461097269, 3.411509693528401499 ) ) ;
#3228 = CARTESIAN_POINT ( 'NONE',  ( -11.36648729581990658, 5.000000000000000000, 7.391651446600888242 ) ) ;
#3229 = DIRECTION ( 'NONE',  ( -0.2925059150112179762, -0.9562637134616424062, 0.000000000000000000 ) ) ;
#3230 = CARTESIAN_POINT ( 'NONE',  ( -13.69463538050740681, 3.655843076592360852, 3.907603443094824769 ) ) ;
#3231 = CARTESIAN_POINT ( 'NONE',  ( -9.038339211132406348, 3.655843076592358631, 6.235936776428160577 ) ) ;
#3232 = CARTESIAN_POINT ( 'NONE',  ( -11.36648729581990658, 2.113248654051870901, 7.314113859327916245 ) ) ;
#3233 = CARTESIAN_POINT ( 'NONE',  ( -11.36648729581990480, 7.886751345948129099, 2.075363859327916227 ) ) ;
#3234 = CARTESIAN_POINT ( 'NONE',  ( -12.53056133816365403, 7.016235385111460054, 3.272603443094825426 ) ) ;
#3235 = EDGE_CURVE ( 'NONE', #1629, #2594, #2562, .T. ) ;
#3236 = CARTESIAN_POINT ( 'NONE',  ( -13.69463538050740858, 6.344156923407640924, 4.569061776428158694 ) ) ;
#3237 = ORIENTED_EDGE ( 'NONE', *, *, #983, .F. ) ;
#3238 = CARTESIAN_POINT ( 'NONE',  ( -10.11648729581990303, 7.165063509461097269, 1.731405525994583305 ) ) ;
#3239 = CARTESIAN_POINT ( 'NONE',  ( -8.866487295819897696, 3.556624327025939891, 4.192030525994583812 ) ) ;
#3240 = EDGE_CURVE ( 'NONE', #2851, #262, #1725, .T. ) ;
#3241 = CARTESIAN_POINT ( 'NONE',  ( -8.975828163662447068, 4.268734717197554041, 7.101114439743704487 ) ) ;
#3242 = ORIENTED_EDGE ( 'NONE', *, *, #1571, .T. ) ;
#3243 = CARTESIAN_POINT ( 'NONE',  ( -11.36648729581990480, 7.886751345948129099, 3.980363859327916920 ) ) ;
#3244 = CARTESIAN_POINT ( 'NONE',  ( -8.866487295819906578, 5.000000000000000000, 5.845676360195069421 ) ) ;
#3245 = CARTESIAN_POINT ( 'NONE',  ( -10.20241325347615557, 7.016235385111460054, 7.029686776428159867 ) ) ;
#3246 = CARTESIAN_POINT ( 'NONE',  ( -9.038339211132404571, 5.000000000000000000, 3.722395109761493348 ) ) ;
#3247 =( BOUNDED_CURVE ( )  B_SPLINE_CURVE ( 2, ( #3187, #309, #1706, #2314, #2863, #3812, #587 ),
 .UNSPECIFIED., .F., .T. ) 
 B_SPLINE_CURVE_WITH_KNOTS ( ( 3, 2, 2, 3 ),
 ( 0.000000000000000000, 0.009259259259259246602, 0.01851851851851849320, 0.02777777777777774154 ),
 .UNSPECIFIED. ) 
 CURVE ( )  GEOMETRIC_REPRESENTATION_ITEM ( )  RATIONAL_B_SPLINE_CURVE ( ( 1.000000000000000000, 0.8660254037844387076, 1.000000000000000000, 0.8660254037844387076, 1.000000000000000000, 0.8660254037844392627, 0.9999999999999994449 ) ) 
 REPRESENTATION_ITEM ( '' )  );
#3248 = CARTESIAN_POINT ( 'NONE',  ( -13.86648729581990480, 5.000000000000000000, 3.464426360195068000 ) ) ;
#3249 = CARTESIAN_POINT ( 'NONE',  ( -8.866487295819908354, 3.556624327025934118, 6.771718026861735851 ) ) ;
#3250 = DIRECTION ( 'NONE',  ( 0.000000000000000000, 0.000000000000000000, 1.000000000000000000 ) ) ;
#3251 = VECTOR ( 'NONE', #2156, 1000.000000000000000 ) ;
#3252 = CARTESIAN_POINT ( 'NONE',  ( -13.69463538050740681, 3.655843076592360852, 2.955103443094825089 ) ) ;
#3253 = CARTESIAN_POINT ( 'NONE',  ( -13.69463538050740681, 5.000000000000000000, 6.738645109761492336 ) ) ;
#3254 = CARTESIAN_POINT ( 'NONE',  ( -8.866487295819906578, 6.443375672974065438, 6.467447192661250455 ) ) ;
#3255 = CARTESIAN_POINT ( 'NONE',  ( -11.36648729581990658, 5.000000000000000000, 7.391651446600888242 ) ) ;
#3256 = CARTESIAN_POINT ( 'NONE',  ( -9.038339211132404571, 6.344156923407639148, 3.510728443094826456 ) ) ;
#3257 = CARTESIAN_POINT ( 'NONE',  ( -11.36648729581990480, 7.688313846815280073, 1.579270109761492291 ) ) ;
#3258 = ORIENTED_EDGE ( 'NONE', *, *, #608, .T. ) ;
#3259 = CARTESIAN_POINT ( 'NONE',  ( -11.36648729581990480, 2.113248654051870901, 2.551613859327916511 ) ) ;
#3260 = CARTESIAN_POINT ( 'NONE',  ( -11.36648729581990480, 2.113248654051870901, 3.226301360195068302 ) ) ;
#3261 = CARTESIAN_POINT ( 'NONE',  ( -5.984660941943984014, 10.00000000000000000, 4.968826501371166771 ) ) ;
#3262 = CARTESIAN_POINT ( 'NONE',  ( -10.11648729581990835, 2.834936490538902287, 4.840259693528401463 ) ) ;
#3263 = CARTESIAN_POINT ( 'NONE',  ( -12.61648729581990835, 2.834936490538903620, 5.739843026861734643 ) ) ;
#3264 = CARTESIAN_POINT ( 'NONE',  ( -11.36648729581990658, 7.688313846815280073, 6.738645109761493224 ) ) ;
#3265 = CARTESIAN_POINT ( 'NONE',  ( -13.69463538050740503, 3.655843076592360852, 3.590103443094824431 ) ) ;
#3266 = EDGE_CURVE ( 'NONE', #3723, #3793, #3328, .T. ) ;
#3267 = CARTESIAN_POINT ( 'NONE',  ( -8.866487295819906578, 6.443375672974065438, 4.602134693528402209 ) ) ;
#3268 = CARTESIAN_POINT ( 'NONE',  ( -13.86648729581990480, 5.000000000000000000, 3.781926360195067893 ) ) ;
#3269 = EDGE_CURVE ( 'NONE', #932, #419, #3096, .T. ) ;
#3270 = CARTESIAN_POINT ( 'NONE',  ( -10.20241325347615735, 2.983764614888539057, 7.241353443094825870 ) ) ;
#3271 = CARTESIAN_POINT ( 'NONE',  ( -10.20241325347615380, 7.016235385111460054, 3.775311776428159405 ) ) ;
#3272 = CARTESIAN_POINT ( 'NONE',  ( -10.20241325347615735, 2.983764614888539057, 6.844478443094825337 ) ) ;
#3273 = CARTESIAN_POINT ( 'NONE',  ( -12.53056133816365580, 2.983764614888540390, 2.108436776428158854 ) ) ;
#3274 = DIRECTION ( 'NONE',  ( -1.000000000000000000, 0.000000000000000000, -3.469446951953613696E-16 ) ) ;
#3275 = CARTESIAN_POINT ( 'NONE',  ( -13.69463538050740503, 3.655843076592360852, 2.081978443094824716 ) ) ;
#3276 = CARTESIAN_POINT ( 'NONE',  ( -13.69463538050740858, 3.655843076592360852, 6.209478443094824662 ) ) ;
#3277 = ORIENTED_EDGE ( 'NONE', *, *, #1386, .F. ) ;
#3278 = CARTESIAN_POINT ( 'NONE',  ( -11.36648729581990480, 7.886751345948129099, 1.757863859327916112 ) ) ;
#3279 = CARTESIAN_POINT ( 'NONE',  ( -13.86648729581990658, 5.000000000000000000, 6.956926360195067716 ) ) ;
#3280 = FACE_OUTER_BOUND ( 'NONE', #22, .T. ) ;
#3281 = FACE_OUTER_BOUND ( 'NONE', #744, .T. ) ;
#3282 = CARTESIAN_POINT ( 'NONE',  ( -8.468056510804446546, 0.000000000000000000, 1.400676360195071801 ) ) ;
#3283 = CARTESIAN_POINT ( 'NONE',  ( -10.20241325347615735, 2.983764614888539057, 5.971353443094826297 ) ) ;
#3284 = EDGE_CURVE ( 'NONE', #3032, #1685, #1691, .T. ) ;
#3285 = CARTESIAN_POINT ( 'NONE',  ( -11.36648729581990658, 7.886751345948129099, 4.972551360195068604 ) ) ;
#3286 = CARTESIAN_POINT ( 'NONE',  ( -13.86648729581990658, 5.000000000000000000, 4.694738859327915570 ) ) ;
#3287 = EDGE_CURVE ( 'NONE', #3723, #932, #1956, .T. ) ;
#3288 = CARTESIAN_POINT ( 'NONE',  ( -13.86648729581990480, 5.000000000000000000, 4.377238859327915677 ) ) ;
#3289 = CARTESIAN_POINT ( 'NONE',  ( -11.36648729581990658, 7.688313846815280073, 5.389270109761492122 ) ) ;
#3290 = CARTESIAN_POINT ( 'NONE',  ( -10.20241325347615557, 7.016235385111460054, 5.680311776428158765 ) ) ;
#3291 = CARTESIAN_POINT ( 'NONE',  ( -12.61648729581990658, 7.165063509461097269, 6.546822192661248430 ) ) ;
#3292 = CARTESIAN_POINT ( 'NONE',  ( -12.61648729581990480, 7.165063509461097269, 2.101822192661249034 ) ) ;
#3293 = CARTESIAN_POINT ( 'NONE',  ( -13.69463538050740503, 5.000000000000000000, 3.325520109761491927 ) ) ;
#3294 = CARTESIAN_POINT ( 'NONE',  ( -9.038339211132406348, 5.000000000000000000, 6.976770109761493366 ) ) ;
#3295 = ORIENTED_EDGE ( 'NONE', *, *, #1100, .T. ) ;
#3296 = CARTESIAN_POINT ( 'NONE',  ( -13.86648729581990480, 3.556624327025936338, 2.181197192661248785 ) ) ;
#3297 = CARTESIAN_POINT ( 'NONE',  ( -14.26491808083536306, 10.00000000000000000, 1.400676360195071801 ) ) ;
#3298 = CARTESIAN_POINT ( 'NONE',  ( -13.69463538050740681, 6.344156923407640924, 2.029061776428158215 ) ) ;
#3299 = LINE ( 'NONE', #666, #2707 ) ;
#3300 = CARTESIAN_POINT ( 'NONE',  ( -16.74831364969582737, 10.00000000000000000, 3.348562319248790775 ) ) ;
#3301 = CARTESIAN_POINT ( 'NONE',  ( -10.20241325347615557, 7.016235385111460054, 6.712186776428159973 ) ) ;
#3302 = CARTESIAN_POINT ( 'NONE',  ( -8.866487295819904801, 5.000000000000000000, 3.940676360195068728 ) ) ;
#3303 = DIRECTION ( 'NONE',  ( -1.000000000000000000, 0.000000000000000000, -3.469446951953613696E-16 ) ) ;
#3304 = DIRECTION ( 'NONE',  ( 2.992521824128285357E-16, -0.000000000000000000, -1.000000000000000000 ) ) ;
#3305 = CARTESIAN_POINT ( 'NONE',  ( -13.69463538050740858, 3.655843076592360852, 5.177603443094824343 ) ) ;
#3306 = VECTOR ( 'NONE', #3354, 1000.000000000000000 ) ;
#3307 = AXIS2_PLACEMENT_3D ( 'NONE', #1613, #3364, #1294 ) ;
#3308 = CARTESIAN_POINT ( 'NONE',  ( -11.36648729581990658, 7.688313846815280073, 6.341770109761491803 ) ) ;
#3309 = CARTESIAN_POINT ( 'NONE',  ( -12.53056133816365580, 2.983764614888540390, 2.743436776428158641 ) ) ;
#3310 = CARTESIAN_POINT ( 'NONE',  ( -8.866487295819904801, 5.000000000000000000, 3.900988859327917169 ) ) ;
#3311 = CARTESIAN_POINT ( 'NONE',  ( -12.53056133816365403, 7.016235385111460054, 2.637603443094825195 ) ) ;
#3312 = EDGE_CURVE ( 'NONE', #197, #2175, #440, .T. ) ;
#3313 = VECTOR ( 'NONE', #1082, 1000.000000000000000 ) ;
#3314 = CARTESIAN_POINT ( 'NONE',  ( -10.20241325347615735, 2.983764614888539057, 6.923853443094825089 ) ) ;
#3315 = ORIENTED_EDGE ( 'NONE', *, *, #3156, .F. ) ;
#3316 = CARTESIAN_POINT ( 'NONE',  ( -11.36648729581990480, 2.113248654051870901, 3.821613859327916529 ) ) ;
#3317 = CARTESIAN_POINT ( 'NONE',  ( -10.11648729581990303, 7.165063509461097269, 2.406093026861735318 ) ) ;
#3318 = EDGE_CURVE ( 'NONE', #1856, #1904, #592, .T. ) ;
#3319 = CARTESIAN_POINT ( 'NONE',  ( -12.53056133816365403, 7.016235385111460054, 2.320103443094825302 ) ) ;
#3320 = ORIENTED_EDGE ( 'NONE', *, *, #3580, .T. ) ;
#3321 = DIRECTION ( 'NONE',  ( 2.992521824128285357E-16, -0.000000000000000000, -1.000000000000000000 ) ) ;
#3322 = CARTESIAN_POINT ( 'NONE',  ( -12.61648729581990658, 7.165063509461097269, 4.681509693528401961 ) ) ;
#3323 = CARTESIAN_POINT ( 'NONE',  ( -12.53056133816365580, 7.016235385111460054, 6.447603443094825693 ) ) ;
#3324 = CARTESIAN_POINT ( 'NONE',  ( -13.86648729581990480, 3.556624327025936338, 3.808384693528401588 ) ) ;
#3325 = CARTESIAN_POINT ( 'NONE',  ( -13.86648729581990480, 6.443375672974065438, 5.342968026861733222 ) ) ;
#3326 = CARTESIAN_POINT ( 'NONE',  ( -8.866487295819904801, 5.000000000000000000, 3.305676360195068497 ) ) ;
#3327 = CARTESIAN_POINT ( 'NONE',  ( -10.20241325347615735, 2.983764614888539057, 4.621978443094826083 ) ) ;
#3328 = LINE ( 'NONE', #1882, #1194 ) ;
#3329 = CARTESIAN_POINT ( 'NONE',  ( -9.038339211132406348, 3.655843076592358631, 2.187811776428159938 ) ) ;
#3330 = CARTESIAN_POINT ( 'NONE',  ( -13.86648729581991013, 3.556624327025938559, 3.133697192661248465 ) ) ;
#3331 = CARTESIAN_POINT ( 'NONE',  ( -12.53056133816365403, 7.016235385111460054, 4.225103443094825550 ) ) ;
#3332 = CARTESIAN_POINT ( 'NONE',  ( -13.69463538050740681, 3.655843076592360852, 2.955103443094825089 ) ) ;
#3333 = ORIENTED_EDGE ( 'NONE', *, *, #3151, .F. ) ;
#3334 = CARTESIAN_POINT ( 'NONE',  ( -8.866487295819904801, 6.443375672974065438, 2.974947192661250295 ) ) ;
#3335 = CARTESIAN_POINT ( 'NONE',  ( -11.36648729581990480, 7.886751345948129099, 3.385051360195068249 ) ) ;
#3336 = CARTESIAN_POINT ( 'NONE',  ( -10.20241325347615557, 7.016235385111460054, 6.632811776428159334 ) ) ;
#3337 = CARTESIAN_POINT ( 'NONE',  ( -9.038339211132404571, 5.000000000000000000, 1.817395109761492877 ) ) ;
#3338 = DIRECTION ( 'NONE',  ( -1.000000000000000000, 0.000000000000000000, -3.469446951953613696E-16 ) ) ;
#3339 = ORIENTED_EDGE ( 'NONE', *, *, #2199, .F. ) ;
#3340 = VERTEX_POINT ( 'NONE', #1492 ) ;
#3341 = CARTESIAN_POINT ( 'NONE',  ( -8.866487295819904801, 5.000000000000000000, 2.353176360195068817 ) ) ;
#3342 = CARTESIAN_POINT ( 'NONE',  ( -8.866487295819888814, 3.556624327025943444, 6.097030525994584949 ) ) ;
#3343 = CARTESIAN_POINT ( 'NONE',  ( -11.36648729581990480, 7.886751345948129099, 4.020051360195068035 ) ) ;
#3344 = CARTESIAN_POINT ( 'NONE',  ( -13.86648729581990658, 5.000000000000000000, 7.234738859327915605 ) ) ;
#3345 = CARTESIAN_POINT ( 'NONE',  ( -5.984660941943984014, 10.00000000000000000, 4.968826501371166771 ) ) ;
#3346 = CARTESIAN_POINT ( 'NONE',  ( -13.69463538050740858, 3.655843076592360852, 5.812603443094825018 ) ) ;
#3347 =( BOUNDED_CURVE ( )  B_SPLINE_CURVE ( 2, ( #2495, #2762, #1046, #2532, #3632, #2146, #3310 ),
 .UNSPECIFIED., .F., .T. ) 
 B_SPLINE_CURVE_WITH_KNOTS ( ( 3, 2, 2, 3 ),
 ( 0.3611111111111110494, 0.3703703703703702943, 0.3796296296296296502, 0.3888888888888888951 ),
 .UNSPECIFIED. ) 
 CURVE ( )  GEOMETRIC_REPRESENTATION_ITEM ( )  RATIONAL_B_SPLINE_CURVE ( ( 1.000000000000000888, 0.8660254037844379305, 1.000000000000000000, 0.8660254037844387076, 1.000000000000000000, 0.8660254037844387076, 1.000000000000000000 ) ) 
 REPRESENTATION_ITEM ( '' )  );
#3348 = CARTESIAN_POINT ( 'NONE',  ( -12.53056133816365403, 7.016235385111460054, 3.590103443094825320 ) ) ;
#3349 = CYLINDRICAL_SURFACE ( 'NONE', #626, 2.500000000000000444 ) ;
#3350 = CARTESIAN_POINT ( 'NONE',  ( -11.36648729581990658, 7.688313846815280073, 4.833645109761492975 ) ) ;
#3351 = CARTESIAN_POINT ( 'NONE',  ( -13.69463538050740503, 5.000000000000000000, 3.246145109761491288 ) ) ;
#3352 = ORIENTED_EDGE ( 'NONE', *, *, #2335, .T. ) ;
#3353 = CARTESIAN_POINT ( 'NONE',  ( -13.86648729581990480, 3.556624327025936338, 3.451197192661248359 ) ) ;
#3354 = DIRECTION ( 'NONE',  ( -0.000000000000000000, -1.000000000000000000, -0.000000000000000000 ) ) ;
#3355 = CARTESIAN_POINT ( 'NONE',  ( -13.69463538050740681, 5.000000000000000000, 5.468645109761491874 ) ) ;
#3356 = EDGE_CURVE ( 'NONE', #917, #3110, #144, .T. ) ;
#3357 = CARTESIAN_POINT ( 'NONE',  ( -11.36648729581990480, 7.688313846815280073, 2.531770109761492638 ) ) ;
#3358 = CARTESIAN_POINT ( 'NONE',  ( -11.36648729581990480, 7.688313846815280073, 2.928645109761492726 ) ) ;
#3359 = ORIENTED_EDGE ( 'NONE', *, *, #3437, .F. ) ;
#3360 = ORIENTED_EDGE ( 'NONE', *, *, #3318, .T. ) ;
#3361 = DIRECTION ( 'NONE',  ( 0.000000000000000000, 0.000000000000000000, -1.000000000000000000 ) ) ;
#3362 = CARTESIAN_POINT ( 'NONE',  ( -11.36648729581990658, 2.113248654051870901, 6.044113859327915783 ) ) ;
#3363 = CARTESIAN_POINT ( 'NONE',  ( -11.36648729581990658, 7.886751345948129099, 6.242551360195068177 ) ) ;
#3364 = DIRECTION ( 'NONE',  ( 2.992521824128285357E-16, -0.000000000000000000, -1.000000000000000000 ) ) ;
#3365 = CARTESIAN_POINT ( 'NONE',  ( -10.11648729581990303, 7.165063509461097269, 1.453593026861735193 ) ) ;
#3366 = CARTESIAN_POINT ( 'NONE',  ( -9.038339211132406348, 3.655843076592358631, 4.648436776428159334 ) ) ;
#3367 = VERTEX_POINT ( 'NONE', #919 ) ;
#3368 = CARTESIAN_POINT ( 'NONE',  ( -13.69463538050740503, 5.000000000000000000, 3.008020109761491589 ) ) ;
#3369 = CARTESIAN_POINT ( 'NONE',  ( -8.975828521047624520, 4.268733548831692204, 7.378926913677060995 ) ) ;
#3370 = CARTESIAN_POINT ( 'NONE',  ( -9.038339211132406348, 5.000000000000000000, 5.071770109761493117 ) ) ;
#3371 = VECTOR ( 'NONE', #2973, 1000.000000000000000 ) ;
#3372 =( BOUNDED_CURVE ( )  B_SPLINE_CURVE ( 2, ( #807, #2604, #1163, #1695, #538, #224, #1461 ),
 .UNSPECIFIED., .F., .F. ) 
 B_SPLINE_CURVE_WITH_KNOTS ( ( 3, 2, 2, 3 ),
 ( 0.6944444444444444198, 0.7037037037037037202, 0.7129629629629629095, 0.7222222222222222099 ),
 .UNSPECIFIED. ) 
 CURVE ( )  GEOMETRIC_REPRESENTATION_ITEM ( )  RATIONAL_B_SPLINE_CURVE ( ( 1.000000000000000000, 0.8660254037844387076, 1.000000000000000000, 0.8660254037844387076, 1.000000000000000000, 0.8660254037844387076, 1.000000000000000000 ) ) 
 REPRESENTATION_ITEM ( '' )  );
#3373 = CARTESIAN_POINT ( 'NONE',  ( -11.36648729581990480, 2.311686153184720371, 3.008020109761492478 ) ) ;
#3374 = ORIENTED_EDGE ( 'NONE', *, *, #1410, .T. ) ;
#3375 = CARTESIAN_POINT ( 'NONE',  ( -8.866487295819906578, 3.556624327025934118, 4.192030525994584700 ) ) ;
#3376 = FACE_OUTER_BOUND ( 'NONE', #2039, .T. ) ;
#3377 = CARTESIAN_POINT ( 'NONE',  ( -13.69463538050740681, 3.655843076592360852, 5.812603443094825018 ) ) ;
#3378 = VECTOR ( 'NONE', #3406, 1000.000000000000000 ) ;
#3379 = CARTESIAN_POINT ( 'NONE',  ( -8.866487295819904801, 5.000000000000000000, 2.988176360195068604 ) ) ;
#3380 = CARTESIAN_POINT ( 'NONE',  ( -12.53056133816365403, 7.016235385111460054, 4.225103443094825550 ) ) ;
#3381 = ORIENTED_EDGE ( 'NONE', *, *, #979, .F. ) ;
#3382 = ORIENTED_EDGE ( 'NONE', *, *, #3037, .T. ) ;
#3383 = FACE_OUTER_BOUND ( 'NONE', #2149, .T. ) ;
#3384 = LINE ( 'NONE', #1650, #1024 ) ;
#3385 = CARTESIAN_POINT ( 'NONE',  ( -12.61648729581990835, 2.834936490538903620, 5.739843026861734643 ) ) ;
#3386 = CARTESIAN_POINT ( 'NONE',  ( -12.61648729581990658, 2.834936490538903620, 2.882343026861734714 ) ) ;
#3387 = CARTESIAN_POINT ( 'NONE',  ( -13.86648729581989059, 6.443375672974076096, 5.025468026861733328 ) ) ;
#3388 = EDGE_CURVE ( 'NONE', #3202, #3641, #1872, .T. ) ;
#3389 = CARTESIAN_POINT ( 'NONE',  ( -10.11648729581990303, 7.165063509461097269, 1.771093026861735309 ) ) ;
#3390 = CARTESIAN_POINT ( 'NONE',  ( -9.038339211132404571, 6.344156923407640036, 3.193228443094826119 ) ) ;
#3391 = CARTESIAN_POINT ( 'NONE',  ( -10.11648729581990658, 2.834936490538902287, 4.483072192661250455 ) ) ;
#3392 = CARTESIAN_POINT ( 'NONE',  ( -13.69463538050740681, 3.655843076592360852, 4.939478443094825089 ) ) ;
#3393 = ORIENTED_EDGE ( 'NONE', *, *, #1270, .T. ) ;
#3394 = CARTESIAN_POINT ( 'NONE',  ( -11.36648729581990480, 7.688313846815280073, 2.214270109761492300 ) ) ;
#3395 = ORIENTED_EDGE ( 'NONE', *, *, #1651, .F. ) ;
#3396 = CARTESIAN_POINT ( 'NONE',  ( -10.11648729581990658, 2.834936490538902287, 4.483072192661250455 ) ) ;
#3397 = CARTESIAN_POINT ( 'NONE',  ( -11.36648729581990658, 2.113248654051870901, 5.091613859327916103 ) ) ;
#3398 = CARTESIAN_POINT ( 'NONE',  ( -13.69463538050740681, 6.344156923407640036, 5.442186776428157735 ) ) ;
#3399 = CARTESIAN_POINT ( 'NONE',  ( -10.20241325347615380, 7.016235385111460054, 1.870311776428159378 ) ) ;
#3400 = CARTESIAN_POINT ( 'NONE',  ( -13.69463538050740503, 5.000000000000000000, 3.325520109761491927 ) ) ;
#3401 = ORIENTED_EDGE ( 'NONE', *, *, #204, .T. ) ;
#3402 = EDGE_LOOP ( 'NONE', ( #1011, #2154, #3536, #3497 ) ) ;
#3403 = CARTESIAN_POINT ( 'NONE',  ( -11.36648729581990480, 7.886751345948129099, 2.392863859327916565 ) ) ;
#3404 = CARTESIAN_POINT ( 'NONE',  ( -9.038339211132404571, 5.000000000000000000, 1.499895109761492762 ) ) ;
#3405 = CARTESIAN_POINT ( 'NONE',  ( -10.11648729581990480, 7.165063509461097269, 5.898593026861735922 ) ) ;
#3406 = DIRECTION ( 'NONE',  ( -0.000000000000000000, -0.000000000000000000, -1.000000000000000000 ) ) ;
#3407 = CARTESIAN_POINT ( 'NONE',  ( -13.69463538050740503, 5.000000000000000000, 2.611145109761491501 ) ) ;
#3408 = EDGE_CURVE ( 'NONE', #1077, #1856, #2262, .T. ) ;
#3409 = EDGE_CURVE ( 'NONE', #2238, #2231, #2616, .T. ) ;
#3410 = CARTESIAN_POINT ( 'NONE',  ( -13.86648729581990480, 3.556624327025936338, 1.903384693528400895 ) ) ;
#3411 = ADVANCED_FACE ( 'NONE', ( #860 ), #1212, .F. ) ;
#3412 = DIRECTION ( 'NONE',  ( -1.000000000000000000, 0.000000000000000000, -3.469446951953613696E-16 ) ) ;
#3413 = CARTESIAN_POINT ( 'NONE',  ( -9.038339211132406348, 5.000000000000000000, 4.754270109761493224 ) ) ;
#3414 = CC_DESIGN_APPROVAL ( #1555, ( #2677 ) ) ;
#3415 = CARTESIAN_POINT ( 'NONE',  ( -9.038339211132404571, 6.344156923407640036, 2.796353443094826030 ) ) ;
#3416 = CARTESIAN_POINT ( 'NONE',  ( -12.61648729581990835, 2.834936490538903620, 5.065155525994582852 ) ) ;
#3417 = CARTESIAN_POINT ( 'NONE',  ( -12.61648729581990480, 7.165063509461097269, 3.411509693528401499 ) ) ;
#3418 = CARTESIAN_POINT ( 'NONE',  ( -9.038339211132406348, 6.344156923407639148, 6.288853443094826190 ) ) ;
#3419 = CARTESIAN_POINT ( 'NONE',  ( -13.69463538050740681, 6.344156923407640924, 2.584686776428158250 ) ) ;
#3420 = CARTESIAN_POINT ( 'NONE',  ( -9.038339211132404571, 5.000000000000000000, 2.849270109761492975 ) ) ;
#3421 = ORIENTED_EDGE ( 'NONE', *, *, #1854, .F. ) ;
#3422 = EDGE_LOOP ( 'NONE', ( #3777, #1112, #1668, #622 ) ) ;
#3423 = CARTESIAN_POINT ( 'NONE',  ( -13.86648729581990658, 5.000000000000000000, 4.416926360195067680 ) ) ;
#3424 = CARTESIAN_POINT ( 'NONE',  ( -13.86648729581990658, 5.000000000000000000, 5.964738859327915144 ) ) ;
#3425 = CARTESIAN_POINT ( 'NONE',  ( -12.61648729581990658, 7.165063509461097269, 6.904009693528401215 ) ) ;
#3426 = CARTESIAN_POINT ( 'NONE',  ( -10.20241325347615735, 2.983764614888539057, 7.161978443094826119 ) ) ;
#3427 = CARTESIAN_POINT ( 'NONE',  ( -12.53056133816365580, 2.983764614888540390, 3.299061776428158677 ) ) ;
#3428 = CARTESIAN_POINT ( 'NONE',  ( -13.69463538050740858, 6.344156923407640924, 6.712186776428159973 ) ) ;
#3429 = ORIENTED_EDGE ( 'NONE', *, *, #3687, .T. ) ;
#3430 = CARTESIAN_POINT ( 'NONE',  ( -13.86648729581989059, 6.443375672974076096, 5.303280525994582995 ) ) ;
#3431 = CARTESIAN_POINT ( 'NONE',  ( -9.038339211132406348, 5.000000000000000000, 6.341770109761493579 ) ) ;
#3432 =( BOUNDED_CURVE ( )  B_SPLINE_CURVE ( 2, ( #3423, #1383, #234, #1953, #2826, #3112, #1630 ),
 .UNSPECIFIED., .F., .F. ) 
 B_SPLINE_CURVE_WITH_KNOTS ( ( 3, 2, 2, 3 ),
 ( 0.5277777777777777901, 0.5370370370370370905, 0.5462962962962961688, 0.5555555555555554692 ),
 .UNSPECIFIED. ) 
 CURVE ( )  GEOMETRIC_REPRESENTATION_ITEM ( )  RATIONAL_B_SPLINE_CURVE ( ( 1.000000000000000000, 0.8660254037844387076, 1.000000000000000000, 0.8660254037844387076, 1.000000000000000000, 0.8660254037844402619, 0.9999999999999984457 ) ) 
 REPRESENTATION_ITEM ( '' )  );
#3433 = CARTESIAN_POINT ( 'NONE',  ( -10.20241325347615380, 7.016235385111460054, 3.775311776428159405 ) ) ;
#3434 = CARTESIAN_POINT ( 'NONE',  ( -10.11648729581990835, 2.834936490538902287, 5.118072192661250241 ) ) ;
#3435 = LINE ( 'NONE', #2054, #2940 ) ;
#3436 = DIRECTION ( 'NONE',  ( -1.000000000000000000, 0.000000000000000000, -3.469446951953613696E-16 ) ) ;
#3437 = EDGE_CURVE ( 'NONE', #3084, #289, #413, .T. ) ;
#3438 = CARTESIAN_POINT ( 'NONE',  ( -12.53056133816365403, 7.016235385111460054, 4.145728443094824911 ) ) ;
#3439 = CARTESIAN_POINT ( 'NONE',  ( -10.20241325347615557, 2.983764614888539057, 3.748853443094825710 ) ) ;
#3440 = EDGE_LOOP ( 'NONE', ( #2028, #835, #3352, #2628 ) ) ;
#3441 = ORIENTED_EDGE ( 'NONE', *, *, #481, .T. ) ;
#3442 = VECTOR ( 'NONE', #2308, 1000.000000000000000 ) ;
#3443 = CARTESIAN_POINT ( 'NONE',  ( -8.866487295819904801, 5.000000000000000000, 3.265988859327916938 ) ) ;
#3444 = AXIS2_PLACEMENT_3D ( 'NONE', #3182, #832, #3494 ) ;
#3445 = DIRECTION ( 'NONE',  ( -1.000000000000000000, 0.000000000000000000, -3.469446951953613696E-16 ) ) ;
#3446 = EDGE_CURVE ( 'NONE', #2350, #1320, #1361, .T. ) ;
#3447 = CARTESIAN_POINT ( 'NONE',  ( -8.866487295819908354, 3.556624327025934118, 6.771718026861735851 ) ) ;
#3448 = CARTESIAN_POINT ( 'NONE',  ( -13.86648729581990658, 5.000000000000000000, 4.416926360195067680 ) ) ;
#3449 = CARTESIAN_POINT ( 'NONE',  ( -9.038339211132406348, 3.655843076592359520, 3.378436776428158872 ) ) ;
#3450 = CARTESIAN_POINT ( 'NONE',  ( -13.86648729581990480, 6.443375672974065438, 1.532968026861734057 ) ) ;
#3451 = VERTEX_POINT ( 'NONE', #83 ) ;
#3452 = CYLINDRICAL_SURFACE ( 'NONE', #68, 2.500000000000000444 ) ;
#3453 = CARTESIAN_POINT ( 'NONE',  ( -9.038339211132406348, 6.344156923407639148, 6.685728443094825835 ) ) ;
#3454 = CARTESIAN_POINT ( 'NONE',  ( -12.53056133816365580, 7.016235385111460054, 4.463228443094824804 ) ) ;
#3455 = CARTESIAN_POINT ( 'NONE',  ( -10.11648729581990835, 2.834936490538902287, 4.800572192661250348 ) ) ;
#3456 = CYLINDRICAL_SURFACE ( 'NONE', #2216, 2.500000000000000444 ) ;
#3457 = CARTESIAN_POINT ( 'NONE',  ( -13.69463538050740503, 6.344156923407640036, 1.711561776428158321 ) ) ;
#3458 = CARTESIAN_POINT ( 'NONE',  ( -9.038339211132404571, 6.344156923407640036, 4.383853443094825941 ) ) ;
#3459 = CARTESIAN_POINT ( 'NONE',  ( -9.038339211132406348, 6.344156923407640036, 5.733228443094826154 ) ) ;
#3460 = ORIENTED_EDGE ( 'NONE', *, *, #530, .F. ) ;
#3461 = ORIENTED_EDGE ( 'NONE', *, *, #3650, .F. ) ;
#3462 = APPROVAL_DATE_TIME ( #19, #2235 ) ;
#3463 = CARTESIAN_POINT ( 'NONE',  ( -12.61648729581990658, 2.834936490538903620, 1.929843026861734590 ) ) ;
#3464 = DIRECTION ( 'NONE',  ( -1.000000000000000000, 0.000000000000000000, -3.469446951953613696E-16 ) ) ;
#3465 = CARTESIAN_POINT ( 'NONE',  ( -13.86648729581990480, 6.443375672974065438, 4.390468026861734430 ) ) ;
#3466 = CARTESIAN_POINT ( 'NONE',  ( -11.36648729581990658, 7.688313846815280073, 4.516145109761492193 ) ) ;
#3467 = CARTESIAN_POINT ( 'NONE',  ( -9.038339211132404571, 5.000000000000000000, 2.452395109761492886 ) ) ;
#3468 = CARTESIAN_POINT ( 'NONE',  ( -13.69463538050740858, 3.655843076592360852, 6.447603443094824804 ) ) ;
#3469 = VERTEX_POINT ( 'NONE', #139 ) ;
#3470 = FACE_OUTER_BOUND ( 'NONE', #3516, .T. ) ;
#3471 = CARTESIAN_POINT ( 'NONE',  ( -11.36648729581990658, 2.311686153184720371, 6.262395109761492051 ) ) ;
#3472 = CARTESIAN_POINT ( 'NONE',  ( -10.20241325347615380, 7.016235385111460054, 4.092811776428159298 ) ) ;
#3473 = CARTESIAN_POINT ( 'NONE',  ( -8.866487295819906578, 5.000000000000000000, 5.805988859327917417 ) ) ;
#3474 = CARTESIAN_POINT ( 'NONE',  ( -8.866487295819924341, 6.443375672974076096, 6.149947192661251449 ) ) ;
#3475 = CARTESIAN_POINT ( 'NONE',  ( -9.038339211132406348, 3.655843076592359520, 1.870311776428159600 ) ) ;
#3476 = CARTESIAN_POINT ( 'NONE',  ( -9.038339211132406348, 6.344156923407640036, 5.098228443094826368 ) ) ;
#3477 = ORIENTED_EDGE ( 'NONE', *, *, #1218, .F. ) ;
#3478 = VERTEX_POINT ( 'NONE', #2976 ) ;
#3479 =( BOUNDED_CURVE ( )  B_SPLINE_CURVE ( 2, ( #1267, #3618, #3317, #645, #3599, #1566, #1818 ),
 .UNSPECIFIED., .F., .T. ) 
 B_SPLINE_CURVE_WITH_KNOTS ( ( 3, 2, 2, 3 ),
 ( 0.1666666666666666574, 0.1759259259259259300, 0.1851851851851851749, 0.1944444444444444475 ),
 .UNSPECIFIED. ) 
 CURVE ( )  GEOMETRIC_REPRESENTATION_ITEM ( )  RATIONAL_B_SPLINE_CURVE ( ( 1.000000000000000000, 0.8660254037844387076, 1.000000000000000000, 0.8660254037844387076, 1.000000000000000000, 0.8660254037844387076, 1.000000000000000000 ) ) 
 REPRESENTATION_ITEM ( '' )  );
#3480 = COORDINATED_UNIVERSAL_TIME_OFFSET ( 0, 0, .AHEAD. ) ;
#3481 = CARTESIAN_POINT ( 'NONE',  ( -13.86648729581992256, 6.443375672974054780, 7.208280525994581467 ) ) ;
#3482 = ADVANCED_FACE ( 'NONE', ( #3016 ), #1607, .F. ) ;
#3483 = CARTESIAN_POINT ( 'NONE',  ( -8.142417765510868932, 6.993327592084960465, 7.159878860435326509 ) ) ;
#3484 = CARTESIAN_POINT ( 'NONE',  ( -10.11648729581990835, 2.834936490538902287, 7.062759693528401606 ) ) ;
#3485 = CARTESIAN_POINT ( 'NONE',  ( -13.69463538050740681, 5.000000000000000000, 5.230520109761491732 ) ) ;
#3486 = CARTESIAN_POINT ( 'NONE',  ( -10.20241325347615557, 2.983764614888539057, 3.034478443094825728 ) ) ;
#3487 = CARTESIAN_POINT ( 'NONE',  ( -8.866487295819904801, 6.443375672974065438, 3.014634693528402298 ) ) ;
#3488 = ORIENTED_EDGE ( 'NONE', *, *, #2339, .T. ) ;
#3489 = PLANE ( 'NONE',  #2 ) ;
#3490 = CARTESIAN_POINT ( 'NONE',  ( -9.038339211132406348, 3.655843076592359520, 6.315311776428159440 ) ) ;
#3491 = CARTESIAN_POINT ( 'NONE',  ( -13.69463538050740858, 6.344156923407640924, 5.124686776428158730 ) ) ;
#3492 = CARTESIAN_POINT ( 'NONE',  ( -13.86648729581990835, 6.443375672974065438, 5.938280525994581893 ) ) ;
#3493 = CARTESIAN_POINT ( 'NONE',  ( -8.866487295819906578, 5.000000000000000000, 6.123488859327917311 ) ) ;
#3494 = DIRECTION ( 'NONE',  ( -1.000000000000000000, 0.000000000000000000, -3.469446951953613696E-16 ) ) ;
#3495 = APPLICATION_CONTEXT ( 'configuration controlled 3d designs of mechanical parts and assemblies' ) ;
#3496 = CARTESIAN_POINT ( 'NONE',  ( -9.038339211132406348, 3.655843076592358631, 5.045311776428159867 ) ) ;
#3497 = ORIENTED_EDGE ( 'NONE', *, *, #2797, .T. ) ;
#3498 = ORIENTED_EDGE ( 'NONE', *, *, #3582, .F. ) ;
#3499 = APPROVAL_ROLE ( '' ) ;
#3500 = DIRECTION ( 'NONE',  ( -1.000000000000000000, 0.000000000000000000, -3.469446951953613696E-16 ) ) ;
#3501 = VECTOR ( 'NONE', #1901, 1000.000000000000000 ) ;
#3502 =( BOUNDED_CURVE ( )  B_SPLINE_CURVE ( 2, ( #1210, #2630, #3188, #2298, #1780, #569, #2934 ),
 .UNSPECIFIED., .F., .F. ) 
 B_SPLINE_CURVE_WITH_KNOTS ( ( 3, 2, 2, 3 ),
 ( 0.02777777777777774154, 0.03703703703703702110, 0.04629629629629629373, 0.05555555555555557329 ),
 .UNSPECIFIED. ) 
 CURVE ( )  GEOMETRIC_REPRESENTATION_ITEM ( )  RATIONAL_B_SPLINE_CURVE ( ( 1.000000000000000444, 0.8660254037844381525, 1.000000000000000000, 0.8660254037844387076, 1.000000000000000000, 0.8660254037844383745, 1.000000000000000222 ) ) 
 REPRESENTATION_ITEM ( '' )  );
#3503 = CARTESIAN_POINT ( 'NONE',  ( -12.61648729581990658, 2.834936490538903620, 2.247343026861734483 ) ) ;
#3504 = CARTESIAN_POINT ( 'NONE',  ( -11.36648729581990658, 7.688313846815280073, 5.468645109761492762 ) ) ;
#3505 = CARTESIAN_POINT ( 'NONE',  ( -10.20241325347615557, 2.983764614888539057, 4.304478443094826190 ) ) ;
#3506 = AXIS2_PLACEMENT_3D ( 'NONE', #1569, #918, #2155 ) ;
#3507 = CARTESIAN_POINT ( 'NONE',  ( -13.86648729581990480, 6.443375672974065438, 3.120468026861734412 ) ) ;
#3508 = CARTESIAN_POINT ( 'NONE',  ( -8.866487295819853287, 3.556624327025963428, 6.732030525994585624 ) ) ;
#3509 = CARTESIAN_POINT ( 'NONE',  ( -10.20241325347615735, 2.983764614888539057, 5.653853443094825515 ) ) ;
#3510 = CARTESIAN_POINT ( 'NONE',  ( -9.038339211132406348, 3.655843076592358631, 4.648436776428159334 ) ) ;
#3511 = CARTESIAN_POINT ( 'NONE',  ( -11.36648729581990658, 7.886751345948129099, 6.520363859327915179 ) ) ;
#3512 = CARTESIAN_POINT ( 'NONE',  ( -12.61648729581990658, 2.834936490538903620, 2.525155525994582373 ) ) ;
#3513 = CARTESIAN_POINT ( 'NONE',  ( -9.038339211132404571, 5.000000000000000000, 1.579270109761492957 ) ) ;
#3514 = CARTESIAN_POINT ( 'NONE',  ( -13.69463538050740858, 3.655843076592360852, 4.621978443094824307 ) ) ;
#3515 = VERTEX_POINT ( 'NONE', #723 ) ;
#3516 = EDGE_LOOP ( 'NONE', ( #3277, #1382, #1071, #697 ) ) ;
#3517 = CALENDAR_DATE ( 2026, 22, 8 ) ;
#3518 = CARTESIAN_POINT ( 'NONE',  ( -11.36648729581990658, 7.886751345948129099, 7.155363859327916742 ) ) ;
#3519 = CARTESIAN_POINT ( 'NONE',  ( -13.86648729581990658, 5.000000000000000000, 7.391651446600887354 ) ) ;
#3520 = CARTESIAN_POINT ( 'NONE',  ( -13.86648729581990658, 5.000000000000000000, 5.686926360195067254 ) ) ;
#3521 = CARTESIAN_POINT ( 'NONE',  ( -11.36648729581990658, 2.311686153184720371, 4.992395109761491589 ) ) ;
#3522 = CARTESIAN_POINT ( 'NONE',  ( -13.69463538050740503, 5.000000000000000000, 4.198645109761491412 ) ) ;
#3523 = CARTESIAN_POINT ( 'NONE',  ( -11.36648729581990480, 7.886751345948129099, 2.750051360195067573 ) ) ;
#3524 = EDGE_CURVE ( 'NONE', #510, #3620, #3716, .T. ) ;
#3525 = CARTESIAN_POINT ( 'NONE',  ( -8.866487295819906578, 5.000000000000000000, 4.853488859327917737 ) ) ;
#3526 = VECTOR ( 'NONE', #1329, 1000.000000000000000 ) ;
#3527 = EDGE_CURVE ( 'NONE', #2021, #2886, #387, .T. ) ;
#3528 = CARTESIAN_POINT ( 'NONE',  ( -5.984660941943984014, 10.00000000000000000, 3.348562319248791663 ) ) ;
#3529 = CARTESIAN_POINT ( 'NONE',  ( -9.038339211132406348, 3.655843076592358631, 3.060936776428159867 ) ) ;
#3530 = EDGE_CURVE ( 'NONE', #2021, #1629, #318, .T. ) ;
#3531 = CARTESIAN_POINT ( 'NONE',  ( -9.038339211132406348, 5.000000000000000000, 6.579895109761492833 ) ) ;
#3532 = CARTESIAN_POINT ( 'NONE',  ( -12.61648729581990835, 2.834936490538903620, 6.652655525994582320 ) ) ;
#3533 = CARTESIAN_POINT ( 'NONE',  ( -13.86648729581990125, 6.443375672974067214, 2.128280525994581840 ) ) ;
#3534 = CARTESIAN_POINT ( 'NONE',  ( -12.53056133816365403, 7.016235385111460054, 2.955103443094825089 ) ) ;
#3535 = CARTESIAN_POINT ( 'NONE',  ( -9.038339211132406348, 6.344156923407640036, 4.780728443094826474 ) ) ;
#3536 = ORIENTED_EDGE ( 'NONE', *, *, #1385, .T. ) ;
#3537 = ORIENTED_EDGE ( 'NONE', *, *, #319, .T. ) ;
#3538 = PERSON_AND_ORGANIZATION_ROLE ( 'creator' ) ;
#3539 = CARTESIAN_POINT ( 'NONE',  ( -11.36648729581990480, 7.886751345948129099, 2.115051360195068231 ) ) ;
#3540 = CARTESIAN_POINT ( 'NONE',  ( -11.36648729581990658, 5.000000000000000000, 7.391651446600888242 ) ) ;
#3541 = CARTESIAN_POINT ( 'NONE',  ( -10.11648729581990658, 2.834936490538902287, 3.570259693528401446 ) ) ;
#3542 = CARTESIAN_POINT ( 'NONE',  ( -9.038339211132404571, 5.000000000000000000, 4.436770109761493330 ) ) ;
#3543 = CARTESIAN_POINT ( 'NONE',  ( -9.038339211132404571, 6.344156923407639148, 4.066353443094826048 ) ) ;
#3544 = CARTESIAN_POINT ( 'NONE',  ( -13.86648729581990480, 6.443375672974065438, 2.167968026861734288 ) ) ;
#3545 = APPLICATION_CONTEXT ( 'configuration controlled 3d designs of mechanical parts and assemblies' ) ;
#3546 = CARTESIAN_POINT ( 'NONE',  ( -11.36648729581990658, 2.113248654051870901, 6.718801360195067573 ) ) ;
#3547 = CARTESIAN_POINT ( 'NONE',  ( -13.86648729581990480, 5.000000000000000000, 1.876926360195067423 ) ) ;
#3548 = CARTESIAN_POINT ( 'NONE',  ( -12.53056133816365580, 7.016235385111460054, 4.463228443094824804 ) ) ;
#3549 = CARTESIAN_POINT ( 'NONE',  ( -12.53056133816365580, 7.016235385111460054, 5.733228443094825266 ) ) ;
#3550 = CARTESIAN_POINT ( 'NONE',  ( -9.038339211132404571, 5.000000000000000000, 1.896770109761492851 ) ) ;
#3551 = LINE ( 'NONE', #1791, #249 ) ;
#3552 = CARTESIAN_POINT ( 'NONE',  ( -9.038339211132404571, 6.344156923407639148, 3.193228443094826119 ) ) ;
#3553 = CARTESIAN_POINT ( 'NONE',  ( -13.69463538050740858, 6.344156923407640924, 7.109061776428157842 ) ) ;
#3554 = ORIENTED_EDGE ( 'NONE', *, *, #3266, .T. ) ;
#3555 = CARTESIAN_POINT ( 'NONE',  ( -11.36648729581990480, 7.886751345948129099, 2.710363859327916458 ) ) ;
#3556 = CARTESIAN_POINT ( 'NONE',  ( -13.86648729581990658, 5.000000000000000000, 7.391651446600887354 ) ) ;
#3557 = ADVANCED_FACE ( 'NONE', ( #2734 ), #427, .F. ) ;
#3558 =( BOUNDED_CURVE ( )  B_SPLINE_CURVE ( 2, ( #1424, #2457, #787, #3630, #202, #3465, #2009 ),
 .UNSPECIFIED., .F., .F. ) 
 B_SPLINE_CURVE_WITH_KNOTS ( ( 3, 2, 2, 3 ),
 ( 0.4999999999999998890, 0.5092592592592591894, 0.5185185185185184897, 0.5277777777777777901 ),
 .UNSPECIFIED. ) 
 CURVE ( )  GEOMETRIC_REPRESENTATION_ITEM ( )  RATIONAL_B_SPLINE_CURVE ( ( 1.000000000000001554, 0.8660254037844371533, 1.000000000000000000, 0.8660254037844387076, 1.000000000000000000, 0.8660254037844387076, 1.000000000000000000 ) ) 
 REPRESENTATION_ITEM ( '' )  );
#3559 = CARTESIAN_POINT ( 'NONE',  ( -12.53056133816365580, 2.983764614888540390, 1.790936776428158517 ) ) ;
#3560 = ADVANCED_FACE ( 'NONE', ( #977 ), #1551, .F. ) ;
#3561 = DIRECTION ( 'NONE',  ( 1.000000000000000000, 0.000000000000000000, -0.000000000000000000 ) ) ;
#3562 = CARTESIAN_POINT ( 'NONE',  ( -11.36648729581990480, 7.886751345948129099, 2.710363859327916458 ) ) ;
#3563 = CARTESIAN_POINT ( 'NONE',  ( -9.038339211132406348, 3.655843076592358631, 6.632811776428160222 ) ) ;
#3564 = CARTESIAN_POINT ( 'NONE',  ( -12.53056133816365758, 2.983764614888540390, 4.886561776428158588 ) ) ;
#3565 = VECTOR ( 'NONE', #1395, 1000.000000000000000 ) ;
#3566 = CARTESIAN_POINT ( 'NONE',  ( -8.866487295819904801, 5.000000000000000000, 2.353176360195068817 ) ) ;
#3567 = AXIS2_PLACEMENT_3D ( 'NONE', #3528, #905, #3250 ) ;
#3568 = CARTESIAN_POINT ( 'NONE',  ( -10.11648729581990835, 2.834936490538902287, 6.705572192661249709 ) ) ;
#3569 = PLANE ( 'NONE',  #2096 ) ;
#3570 = VECTOR ( 'NONE', #117, 1000.000000000000000 ) ;
#3571 = CARTESIAN_POINT ( 'NONE',  ( -12.53056133816365403, 7.016235385111460054, 3.510728443094825124 ) ) ;
#3572 = CARTESIAN_POINT ( 'NONE',  ( -9.038339211132406348, 5.000000000000000000, 5.944895109761493046 ) ) ;
#3573 = CARTESIAN_POINT ( 'NONE',  ( -10.11648729581990480, 7.165063509461097269, 6.811405525994583599 ) ) ;
#3574 = DIRECTION ( 'NONE',  ( 0.000000000000000000, 0.000000000000000000, 1.000000000000000000 ) ) ;
#3575 = CARTESIAN_POINT ( 'NONE',  ( -10.20241325347615380, 7.016235385111460054, 2.902186776428159476 ) ) ;
#3576 = CARTESIAN_POINT ( 'NONE',  ( -13.69463538050740681, 6.344156923407640924, 1.632186776428158348 ) ) ;
#3577 = ORIENTED_EDGE ( 'NONE', *, *, #695, .T. ) ;
#3578 = LINE ( 'NONE', #2118, #2547 ) ;
#3579 = LINE ( 'NONE', #3556, #3627 ) ;
#3580 = EDGE_CURVE ( 'NONE', #491, #603, #3586, .T. ) ;
#3581 = CARTESIAN_POINT ( 'NONE',  ( -13.69463538050740503, 5.000000000000000000, 2.055520109761491465 ) ) ;
#3582 = EDGE_CURVE ( 'NONE', #917, #1094, #1291, .T. ) ;
#3583 = DIRECTION ( 'NONE',  ( -1.000000000000000000, 0.000000000000000000, -3.469446951953613696E-16 ) ) ;
#3584 = CARTESIAN_POINT ( 'NONE',  ( -13.69463538050740858, 6.344156923407640924, 6.156561776428158161 ) ) ;
#3585 = CARTESIAN_POINT ( 'NONE',  ( -9.038339211132406348, 3.655843076592359520, 4.013436776428159547 ) ) ;
#3586 =( BOUNDED_CURVE ( )  B_SPLINE_CURVE ( 2, ( #667, #1272, #1822, #1858, #350, #2138, #1529 ),
 .UNSPECIFIED., .F., .F. ) 
 B_SPLINE_CURVE_WITH_KNOTS ( ( 3, 2, 2, 3 ),
 ( 0.8888888888888891726, 0.8981481481481483620, 0.9074074074074076623, 0.9166666666666667407 ),
 .UNSPECIFIED. ) 
 CURVE ( )  GEOMETRIC_REPRESENTATION_ITEM ( )  RATIONAL_B_SPLINE_CURVE ( ( 0.9999999999999952260, 0.8660254037844434816, 1.000000000000000000, 0.8660254037844387076, 1.000000000000000000, 0.8660254037844371533, 1.000000000000001554 ) ) 
 REPRESENTATION_ITEM ( '' )  );
#3587 = CARTESIAN_POINT ( 'NONE',  ( -8.866487295819906578, 5.000000000000000000, 4.893176360195068852 ) ) ;
#3588 = CARTESIAN_POINT ( 'NONE',  ( -14.26491808083536306, 10.00000000000000000, 1.400676360195071801 ) ) ;
#3589 = CARTESIAN_POINT ( 'NONE',  ( -10.11648729581990303, 7.165063509461097269, 1.771093026861735309 ) ) ;
#3590 = CARTESIAN_POINT ( 'NONE',  ( -9.038339211132406348, 6.344156923407640036, 4.701353443094826723 ) ) ;
#3591 = CARTESIAN_POINT ( 'NONE',  ( -11.36648729581990658, 2.311686153184720371, 6.183020109761492300 ) ) ;
#3592 = CARTESIAN_POINT ( 'NONE',  ( -11.36648729581990658, 2.113248654051870901, 6.996613859327916352 ) ) ;
#3593 = LINE ( 'NONE', #2723, #2524 ) ;
#3594 = CARTESIAN_POINT ( 'NONE',  ( -10.20241325347615557, 2.983764614888539057, 2.796353443094825586 ) ) ;
#3595 = CC_DESIGN_DATE_AND_TIME_ASSIGNMENT ( #857, #308, ( #593 ) ) ;
#3596 = CARTESIAN_POINT ( 'NONE',  ( -11.36648729581990658, 2.311686153184720371, 6.262395109761492051 ) ) ;
#3597 = VERTEX_POINT ( 'NONE', #3282 ) ;
#3598 = CARTESIAN_POINT ( 'NONE',  ( -11.36648729581990480, 2.113248654051870901, 1.916613859327916503 ) ) ;
#3599 = CARTESIAN_POINT ( 'NONE',  ( -12.61648729581990480, 7.165063509461097269, 2.459009693528401375 ) ) ;
#3600 = CARTESIAN_POINT ( 'NONE',  ( -8.866487295819904801, 5.000000000000000000, 2.313488859327917258 ) ) ;
#3601 = DIRECTION ( 'NONE',  ( 1.000000000000000000, 0.000000000000000000, -2.829891477939326252E-16 ) ) ;
#3602 = LINE ( 'NONE', #2694, #3251 ) ;
#3603 = CARTESIAN_POINT ( 'NONE',  ( -13.69463538050740681, 5.000000000000000000, 6.500520109761491305 ) ) ;
#3604 = CARTESIAN_POINT ( 'NONE',  ( -10.11648729581990480, 7.165063509461097269, 5.263593026861735247 ) ) ;
#3605 =( BOUNDED_CURVE ( )  B_SPLINE_CURVE ( 2, ( #3211, #2999, #2698, #2397, #3568, #3508, #69 ),
 .UNSPECIFIED., .F., .F. ) 
 B_SPLINE_CURVE_WITH_KNOTS ( ( 3, 2, 2, 3 ),
 ( 0.8611111111111111605, 0.8703703703703704608, 0.8796296296296298722, 0.8888888888888891726 ),
 .UNSPECIFIED. ) 
 CURVE ( )  GEOMETRIC_REPRESENTATION_ITEM ( )  RATIONAL_B_SPLINE_CURVE ( ( 1.000000000000000000, 0.8660254037844387076, 1.000000000000000000, 0.8660254037844387076, 1.000000000000000000, 0.8660254037844339337, 1.000000000000004885 ) ) 
 REPRESENTATION_ITEM ( '' )  );
#3606 = CARTESIAN_POINT ( 'NONE',  ( -9.038339211132404571, 6.344156923407639148, 1.526353443094826234 ) ) ;
#3607 = DIRECTION ( 'NONE',  ( 2.992521824128285357E-16, -0.000000000000000000, -1.000000000000000000 ) ) ;
#3608 = EDGE_CURVE ( 'NONE', #40, #1524, #3602, .T. ) ;
#3609 = CARTESIAN_POINT ( 'NONE',  ( -9.038339211132406348, 6.344156923407640036, 5.653853443094825515 ) ) ;
#3610 = CARTESIAN_POINT ( 'NONE',  ( -13.69463538050740681, 5.000000000000000000, 6.103645109761491661 ) ) ;
#3611 = EDGE_CURVE ( 'NONE', #3367, #3702, #3181, .T. ) ;
#3612 = CARTESIAN_POINT ( 'NONE',  ( -13.69463538050740681, 3.655843076592360852, 3.351978443094824733 ) ) ;
#3613 = DIRECTION ( 'NONE',  ( 2.992521824128285357E-16, -0.000000000000000000, -1.000000000000000000 ) ) ;
#3614 = CARTESIAN_POINT ( 'NONE',  ( -13.69463538050740503, 5.000000000000000000, 3.008020109761491589 ) ) ;
#3615 = CARTESIAN_POINT ( 'NONE',  ( -11.36648729581990658, 7.688313846815280073, 6.421145109761491554 ) ) ;
#3616 = ORIENTED_EDGE ( 'NONE', *, *, #1099, .F. ) ;
#3617 = CARTESIAN_POINT ( 'NONE',  ( -10.11648729581990658, 2.834936490538902287, 3.530572192661249886 ) ) ;
#3618 = CARTESIAN_POINT ( 'NONE',  ( -8.866487295819904801, 6.443375672974065438, 2.379634693528402511 ) ) ;
#3619 = CARTESIAN_POINT ( 'NONE',  ( -9.038339211132406348, 3.655843076592358631, 2.505311776428159831 ) ) ;
#3620 = VERTEX_POINT ( 'NONE', #3033 ) ;
#3621 = CYLINDRICAL_SURFACE ( 'NONE', #1860, 2.500000000000000444 ) ;
#3622 = CARTESIAN_POINT ( 'NONE',  ( -8.866487295819906578, 5.000000000000000000, 4.575676360195068959 ) ) ;
#3623 = CARTESIAN_POINT ( 'NONE',  ( -13.69463538050740681, 5.000000000000000000, 6.818020109761492087 ) ) ;
#3624 = CARTESIAN_POINT ( 'NONE',  ( -12.61648729581990658, 2.834936490538903620, 3.834843026861734394 ) ) ;
#3625 = CARTESIAN_POINT ( 'NONE',  ( -11.36648729581990658, 2.113248654051870901, 7.314113859327916245 ) ) ;
#3626 = CARTESIAN_POINT ( 'NONE',  ( -12.53056133816365758, 2.983764614888540390, 5.521561776428158375 ) ) ;
#3627 = VECTOR ( 'NONE', #1873, 1000.000000000000000 ) ;
#3628 =( BOUNDED_CURVE ( )  B_SPLINE_CURVE ( 2, ( #2817, #3330, #460, #3061, #1618, #2228, #754 ),
 .UNSPECIFIED., .F., .T. ) 
 B_SPLINE_CURVE_WITH_KNOTS ( ( 3, 2, 2, 3 ),
 ( 0.2499999999999999722, 0.2592592592592591894, 0.2685185185185184897, 0.2777777777777777346 ),
 .UNSPECIFIED. ) 
 CURVE ( )  GEOMETRIC_REPRESENTATION_ITEM ( )  RATIONAL_B_SPLINE_CURVE ( ( 1.000000000000000444, 0.8660254037844383745, 1.000000000000000000, 0.8660254037844387076, 1.000000000000000000, 0.8660254037844394848, 0.9999999999999992228 ) ) 
 REPRESENTATION_ITEM ( '' )  );
#3629 = AXIS2_PLACEMENT_3D ( 'NONE', #2036, #1151, #1129 ) ;
#3630 = CARTESIAN_POINT ( 'NONE',  ( -11.36648729581990658, 7.886751345948129099, 4.337551360195068817 ) ) ;
#3631 = CARTESIAN_POINT ( 'NONE',  ( -10.20241325347615557, 2.983764614888539057, 2.478853443094826137 ) ) ;
#3632 = CARTESIAN_POINT ( 'NONE',  ( -10.11648729581990658, 2.834936490538902287, 3.848072192661249780 ) ) ;
#3633 = CARTESIAN_POINT ( 'NONE',  ( -10.20241325347615557, 7.016235385111460054, 4.807186776428159725 ) ) ;
#3634 = AXIS2_PLACEMENT_3D ( 'NONE', #99, #2996, #2488 ) ;
#3635 = CARTESIAN_POINT ( 'NONE',  ( -11.36648729581990658, 7.688313846815280073, 6.738645109761493224 ) ) ;
#3636 = ORIENTED_EDGE ( 'NONE', *, *, #495, .F. ) ;
#3637 = CARTESIAN_POINT ( 'NONE',  ( -12.61648729581990658, 2.834936490538903620, 4.112655525994583172 ) ) ;
#3638 = FACE_OUTER_BOUND ( 'NONE', #2239, .T. ) ;
#3639 = CARTESIAN_POINT ( 'NONE',  ( -11.36648729581990480, 7.688313846815280073, 1.658645109761492487 ) ) ;
#3640 = VERTEX_POINT ( 'NONE', #1588 ) ;
#3641 = VERTEX_POINT ( 'NONE', #3760 ) ;
#3642 = CARTESIAN_POINT ( 'NONE',  ( -8.866487295819904801, 5.000000000000000000, 4.535988859327916956 ) ) ;
#3643 = CARTESIAN_POINT ( 'NONE',  ( -10.20241325347615557, 7.016235385111460054, 6.077186776428159298 ) ) ;
#3644 = CARTESIAN_POINT ( 'NONE',  ( -8.866487295819908354, 3.556624327025934118, 4.549218026861735709 ) ) ;
#3645 = CARTESIAN_POINT ( 'NONE',  ( -13.69463538050740503, 6.344156923407640036, 1.632186776428158126 ) ) ;
#3646 = CARTESIAN_POINT ( 'NONE',  ( -8.866487295819904801, 6.443375672974065438, 1.427134693528402387 ) ) ;
#3647 = CARTESIAN_POINT ( 'NONE',  ( -12.53056133816365580, 7.016235385111460054, 5.733228443094825266 ) ) ;
#3648 = ADVANCED_FACE ( 'NONE', ( #3383 ), #1687, .F. ) ;
#3649 = CARTESIAN_POINT ( 'NONE',  ( -13.69463538050740681, 6.344156923407640924, 3.299061776428158677 ) ) ;
#3650 = EDGE_CURVE ( 'NONE', #3128, #3367, #3432, .T. ) ;
#3651 = CARTESIAN_POINT ( 'NONE',  ( -8.866487295819904801, 5.000000000000000000, 3.940676360195068728 ) ) ;
#3652 = CARTESIAN_POINT ( 'NONE',  ( -11.36648729581990658, 7.688313846815280073, 4.516145109761491305 ) ) ;
#3653 = EDGE_CURVE ( 'NONE', #1524, #2790, #1058, .T. ) ;
#3654 =( BOUNDED_CURVE ( )  B_SPLINE_CURVE ( 2, ( #1471, #255, #3778, #3518, #529, #3481, #1422 ),
 .UNSPECIFIED., .F., .T. ) 
 B_SPLINE_CURVE_WITH_KNOTS ( ( 3, 2, 2, 3 ),
 ( 0.9444444444444447528, 0.9537037037037039422, 0.9629629629629631316, 0.9722222222222223209 ),
 .UNSPECIFIED. ) 
 CURVE ( )  GEOMETRIC_REPRESENTATION_ITEM ( )  RATIONAL_B_SPLINE_CURVE ( ( 0.9999999999999952260, 0.8660254037844434816, 1.000000000000000000, 0.8660254037844387076, 1.000000000000000000, 0.8660254037844371533, 1.000000000000001554 ) ) 
 REPRESENTATION_ITEM ( '' )  );
#3655 = CARTESIAN_POINT ( 'NONE',  ( -9.038339211132404571, 5.000000000000000000, 3.087395109761493117 ) ) ;
#3656 = ORIENTED_EDGE ( 'NONE', *, *, #1772, .T. ) ;
#3657 = CARTESIAN_POINT ( 'NONE',  ( -11.36648729581990480, 7.886751345948129099, 3.345363859327916245 ) ) ;
#3658 = LINE ( 'NONE', #1946, #999 ) ;
#3659 = CARTESIAN_POINT ( 'NONE',  ( -13.69463538050740681, 5.000000000000000000, 5.786145109761491767 ) ) ;
#3660 = CARTESIAN_POINT ( 'NONE',  ( -12.53056133816365580, 2.983764614888540390, 1.711561776428158321 ) ) ;
#3661 = CARTESIAN_POINT ( 'NONE',  ( -13.69463538050740681, 3.655843076592360852, 3.351978443094824733 ) ) ;
#3662 = EDGE_LOOP ( 'NONE', ( #1134, #678, #1774, #1166 ) ) ;
#3663 = ORIENTED_EDGE ( 'NONE', *, *, #481, .F. ) ;
#3664 = CARTESIAN_POINT ( 'NONE',  ( -13.86648729581990125, 3.556624327025933230, 1.585884693528401224 ) ) ;
#3665 = CARTESIAN_POINT ( 'NONE',  ( -8.866487295819906578, 5.000000000000000000, 5.210676360195068746 ) ) ;
#3666 = CARTESIAN_POINT ( 'NONE',  ( -13.86648729581990835, 3.556624327025936338, 4.760884693528400824 ) ) ;
#3667 = CARTESIAN_POINT ( 'NONE',  ( -11.36648729581990658, 7.886751345948129099, 5.290051360195067609 ) ) ;
#3668 = CARTESIAN_POINT ( 'NONE',  ( -13.86648729581990480, 3.556624327025936338, 6.308697192661248287 ) ) ;
#3669 = CARTESIAN_POINT ( 'NONE',  ( -13.69463538050740681, 5.000000000000000000, 5.468645109761491874 ) ) ;
#3670 = CARTESIAN_POINT ( 'NONE',  ( -9.038339211132404571, 5.000000000000000000, 2.214270109761492744 ) ) ;
#3671 = CARTESIAN_POINT ( 'NONE',  ( -14.26491808083536306, 10.00000000000000000, 1.400676360195071801 ) ) ;
#3672 = CARTESIAN_POINT ( 'NONE',  ( -12.53056133816365580, 7.016235385111460054, 4.542603443094825444 ) ) ;
#3673 = CARTESIAN_POINT ( 'NONE',  ( -13.69463538050740681, 3.655843076592360852, 2.002603443094825408 ) ) ;
#3674 = ORIENTED_EDGE ( 'NONE', *, *, #1540, .T. ) ;
#3675 = CARTESIAN_POINT ( 'NONE',  ( -8.866487295819904801, 6.443375672974065438, 3.609947192661250082 ) ) ;
#3676 = CARTESIAN_POINT ( 'NONE',  ( -13.86648729581990480, 5.000000000000000000, 1.837238859327915419 ) ) ;
#3677 = CARTESIAN_POINT ( 'NONE',  ( -9.038339211132406348, 3.655843076592359520, 5.600936776428159014 ) ) ;
#3678 = CARTESIAN_POINT ( 'NONE',  ( -13.86648729581990658, 5.000000000000000000, 6.639426360195067822 ) ) ;
#3679 = CARTESIAN_POINT ( 'NONE',  ( -12.53056133816365403, 7.016235385111460054, 2.637603443094825195 ) ) ;
#3680 = ORIENTED_EDGE ( 'NONE', *, *, #1854, .T. ) ;
#3681 = ORIENTED_EDGE ( 'NONE', *, *, #608, .F. ) ;
#3682 = LINE ( 'NONE', #1059, #2737 ) ;
#3683 = EDGE_CURVE ( 'NONE', #1122, #2877, #3036, .T. ) ;
#3684 = CARTESIAN_POINT ( 'NONE',  ( -8.866487295819908354, 3.556624327025934118, 5.501718026861737165 ) ) ;
#3685 = CARTESIAN_POINT ( 'NONE',  ( -8.975828521047624520, 4.268733548831692204, 7.378926913677060995 ) ) ;
#3686 = DIRECTION ( 'NONE',  ( 2.992521824128285357E-16, -0.000000000000000000, -1.000000000000000000 ) ) ;
#3687 = EDGE_CURVE ( 'NONE', #2038, #2499, #544, .T. ) ;
#3688 = CARTESIAN_POINT ( 'NONE',  ( -10.20241325347615557, 7.016235385111460054, 6.950311776428159227 ) ) ;
#3689 = CARTESIAN_POINT ( 'NONE',  ( -12.53056133816365580, 2.983764614888540390, 3.378436776428158428 ) ) ;
#3690 = CARTESIAN_POINT ( 'NONE',  ( -12.61648729581990480, 7.165063509461097269, 4.324322192661249176 ) ) ;
#3691 = CARTESIAN_POINT ( 'NONE',  ( -12.53056133816365758, 2.983764614888540390, 4.648436776428158446 ) ) ;
#3692 = CARTESIAN_POINT ( 'NONE',  ( -9.038339211132404571, 5.000000000000000000, 3.404895109761493011 ) ) ;
#3693 = ORIENTED_EDGE ( 'NONE', *, *, #2868, .T. ) ;
#3694 = CARTESIAN_POINT ( 'NONE',  ( -13.86648729581990480, 3.556624327025936338, 4.086197192661249034 ) ) ;
#3695 = CARTESIAN_POINT ( 'NONE',  ( -5.984660941943984014, 10.00000000000000000, 3.348562319248791663 ) ) ;
#3696 = CARTESIAN_POINT ( 'NONE',  ( -11.36648729581990658, 7.688313846815280073, 6.659270109761491696 ) ) ;
#3697 = VECTOR ( 'NONE', #2089, 1000.000000000000000 ) ;
#3698 = AXIS2_PLACEMENT_3D ( 'NONE', #1821, #2412, #3561 ) ;
#3699 = LINE ( 'NONE', #797, #374 ) ;
#3700 = CARTESIAN_POINT ( 'NONE',  ( -12.53056133816365403, 7.016235385111460054, 3.272603443094825426 ) ) ;
#3701 = ORIENTED_EDGE ( 'NONE', *, *, #2797, .F. ) ;
#3702 = VERTEX_POINT ( 'NONE', #820 ) ;
#3703 = CARTESIAN_POINT ( 'NONE',  ( -8.866487295819906578, 6.443375672974065438, 6.507134693528402458 ) ) ;
#3704 = EDGE_CURVE ( 'NONE', #1381, #197, #1135, .T. ) ;
#3705 = CARTESIAN_POINT ( 'NONE',  ( -12.61648729581990835, 2.834936490538903620, 6.017655525994582533 ) ) ;
#3706 = EDGE_CURVE ( 'NONE', #2117, #991, #160, .T. ) ;
#3707 = B_SPLINE_CURVE_WITH_KNOTS ( 'NONE', 3,
 ( #1136, #1193, #3205, #2297 ),
 .UNSPECIFIED., .F., .F.,
 ( 4, 4 ),
 ( 0.000000000000000000, 1.000000000000000000 ),
 .UNSPECIFIED. ) ;
#3708 = EDGE_CURVE ( 'NONE', #1283, #1049, #2809, .T. ) ;
#3709 = CARTESIAN_POINT ( 'NONE',  ( -8.866487295819906578, 5.000000000000000000, 5.528176360195069527 ) ) ;
#3710 = CARTESIAN_POINT ( 'NONE',  ( -12.61648729581990835, 2.834936490538903620, 6.970155525994582213 ) ) ;
#3711 = CARTESIAN_POINT ( 'NONE',  ( -10.20241325347615380, 7.016235385111460054, 2.505311776428159387 ) ) ;
#3712 = CARTESIAN_POINT ( 'NONE',  ( -13.86648729581990480, 5.000000000000000000, 1.559426360195067529 ) ) ;
#3713 = CARTESIAN_POINT ( 'NONE',  ( -10.20241325347615380, 7.016235385111460054, 4.172186776428159050 ) ) ;
#3714 = CARTESIAN_POINT ( 'NONE',  ( -12.61648729581990658, 2.834936490538903620, 4.430155525994583066 ) ) ;
#3715 = CARTESIAN_POINT ( 'NONE',  ( -9.038339211132404571, 5.000000000000000000, 4.436770109761493330 ) ) ;
#3716 =( BOUNDED_CURVE ( )  B_SPLINE_CURVE ( 2, ( #3642, #682, #2468, #1253, #2430, #2773, #1019 ),
 .UNSPECIFIED., .F., .F. ) 
 B_SPLINE_CURVE_WITH_KNOTS ( ( 3, 2, 2, 3 ),
 ( 0.5000000000000000000, 0.5092592592592593004, 0.5185185185185183787, 0.5277777777777776791 ),
 .UNSPECIFIED. ) 
 CURVE ( )  GEOMETRIC_REPRESENTATION_ITEM ( )  RATIONAL_B_SPLINE_CURVE ( ( 1.000000000000000000, 0.8660254037844387076, 1.000000000000000000, 0.8660254037844387076, 1.000000000000000000, 0.8660254037844402619, 0.9999999999999984457 ) ) 
 REPRESENTATION_ITEM ( '' )  );
#3717 = CARTESIAN_POINT ( 'NONE',  ( -13.69463538050740503, 5.000000000000000000, 2.611145109761491501 ) ) ;
#3718 = CARTESIAN_POINT ( 'NONE',  ( -8.866487295819908354, 3.556624327025934118, 6.097030525994584949 ) ) ;
#3719 = CARTESIAN_POINT ( 'NONE',  ( -12.53056133816365758, 2.983764614888540390, 5.204061776428159369 ) ) ;
#3720 = CARTESIAN_POINT ( 'NONE',  ( -12.53056133816365403, 7.016235385111460054, 2.558228443094825444 ) ) ;
#3721 = CARTESIAN_POINT ( 'NONE',  ( -9.038339211132404571, 5.000000000000000000, 4.119270109761492549 ) ) ;
#3722 = ORIENTED_EDGE ( 'NONE', *, *, #2335, .F. ) ;
#3723 = VERTEX_POINT ( 'NONE', #1705 ) ;
#3724 =( LENGTH_UNIT ( ) NAMED_UNIT ( * ) SI_UNIT ( .MILLI., .METRE. ) );
#3725 = CARTESIAN_POINT ( 'NONE',  ( -9.140161775657311694, 4.319009410852968855, 7.200333350455749404 ) ) ;
#3726 = CARTESIAN_POINT ( 'NONE',  ( -11.36648729581990658, 2.113248654051870901, 5.448801360195068888 ) ) ;
#3727 = CARTESIAN_POINT ( 'NONE',  ( -13.86648729581990480, 5.000000000000000000, 3.146926360195067662 ) ) ;
#3728 = CARTESIAN_POINT ( 'NONE',  ( -9.038339211132404571, 6.344156923407639148, 2.478853443094826137 ) ) ;
#3729 = CARTESIAN_POINT ( 'NONE',  ( -9.038339211132406348, 5.000000000000000000, 6.262395109761492940 ) ) ;
#3730 = DIRECTION ( 'NONE',  ( 2.992521824128285357E-16, -0.000000000000000000, -1.000000000000000000 ) ) ;
#3731 = EDGE_CURVE ( 'NONE', #3053, #3469, #839, .T. ) ;
#3732 = CARTESIAN_POINT ( 'NONE',  ( -11.36648729581990658, 7.688313846815280073, 7.056145109761494005 ) ) ;
#3733 = ADVANCED_FACE ( 'NONE', ( #450 ), #1970, .F. ) ;
#3734 = ORIENTED_EDGE ( 'NONE', *, *, #1385, .F. ) ;
#3735 = CARTESIAN_POINT ( 'NONE',  ( -12.53056133816365403, 7.016235385111460054, 2.875728443094825337 ) ) ;
#3736 = CARTESIAN_POINT ( 'NONE',  ( -13.86648729581990658, 5.000000000000000000, 4.694738859327915570 ) ) ;
#3737 = CARTESIAN_POINT ( 'NONE',  ( -12.61648729581990480, 7.165063509461097269, 3.054322192661248714 ) ) ;
#3738 = CARTESIAN_POINT ( 'NONE',  ( -13.69463538050740681, 5.000000000000000000, 5.151145109761491980 ) ) ;
#3739 = CARTESIAN_POINT ( 'NONE',  ( -10.20241325347615380, 7.016235385111460054, 4.092811776428159298 ) ) ;
#3740 = CARTESIAN_POINT ( 'NONE',  ( -13.69463538050740681, 3.655843076592360852, 3.986978443094824964 ) ) ;
#3741 = EDGE_LOOP ( 'NONE', ( #1628, #1445, #1227, #866 ) ) ;
#3742 = ORIENTED_EDGE ( 'NONE', *, *, #30, .F. ) ;
#3743 = CARTESIAN_POINT ( 'NONE',  ( -8.866487295819904801, 5.000000000000000888, 2.035676360195068924 ) ) ;
#3744 = CARTESIAN_POINT ( 'NONE',  ( -10.11648729581990835, 2.834936490538902287, 6.745259693528401712 ) ) ;
#3745 = CARTESIAN_POINT ( 'NONE',  ( -9.140161775657311694, 4.319009410852969744, 7.200333350455749404 ) ) ;
#3746 = CARTESIAN_POINT ( 'NONE',  ( -13.69463538050740503, 5.000000000000000000, 2.928645109761491838 ) ) ;
#3747 = CARTESIAN_POINT ( 'NONE',  ( -8.752103339507630864, 5.587653589622472161, 7.229715399655934682 ) ) ;
#3748 = ORIENTED_EDGE ( 'NONE', *, *, #201, .T. ) ;
#3749 = LINE ( 'NONE', #1104, #2464 ) ;
#3750 = CARTESIAN_POINT ( 'NONE',  ( -13.69463538050740681, 3.655843076592360852, 5.891978443094824769 ) ) ;
#3751 = CARTESIAN_POINT ( 'NONE',  ( -13.69463538050740681, 3.655843076592360852, 4.225103443094824662 ) ) ;
#3752 = CARTESIAN_POINT ( 'NONE',  ( -12.61648729581990835, 2.834936490538903620, 6.017655525994582533 ) ) ;
#3753 = FACE_OUTER_BOUND ( 'NONE', #1781, .T. ) ;
#3754 = CARTESIAN_POINT ( 'NONE',  ( -9.038339211132404571, 5.000000000000000000, 1.896770109761492851 ) ) ;
#3755 = CARTESIAN_POINT ( 'NONE',  ( -12.53056133816365580, 2.983764614888540390, 3.616561776428158570 ) ) ;
#3756 = CARTESIAN_POINT ( 'NONE',  ( -9.038339211132406348, 5.000000000000000000, 5.706770109761492904 ) ) ;
#3757 = ORIENTED_EDGE ( 'NONE', *, *, #695, .F. ) ;
#3758 = ORIENTED_EDGE ( 'NONE', *, *, #2567, .F. ) ;
#3759 =( BOUNDED_CURVE ( )  B_SPLINE_CURVE ( 2, ( #1219, #2418, #3589, #963, #2639, #2382, #3547 ),
 .UNSPECIFIED., .F., .F. ) 
 B_SPLINE_CURVE_WITH_KNOTS ( ( 3, 2, 2, 3 ),
 ( 0.05555555555555556635, 0.06481481481481482509, 0.07407407407407408384, 0.08333333333333334259 ),
 .UNSPECIFIED. ) 
 CURVE ( )  GEOMETRIC_REPRESENTATION_ITEM ( )  RATIONAL_B_SPLINE_CURVE ( ( 0.9999999999999997780, 0.8660254037844388186, 1.000000000000000000, 0.8660254037844387076, 1.000000000000000000, 0.8660254037844384856, 1.000000000000000222 ) ) 
 REPRESENTATION_ITEM ( '' )  );
#3760 = CARTESIAN_POINT ( 'NONE',  ( -8.975827272997547013, 4.268737628973709342, 7.101114414544213993 ) ) ;
#3761 = AXIS2_PLACEMENT_3D ( 'NONE', #411, #3077, #3303 ) ;
#3762 = CARTESIAN_POINT ( 'NONE',  ( -9.038339211132404571, 5.000000000000000000, 1.499895109761492762 ) ) ;
#3763 = VECTOR ( 'NONE', #508, 1000.000000000000000 ) ;
#3764 = CARTESIAN_POINT ( 'NONE',  ( -12.61648729581990835, 2.834936490538903620, 7.009843026861735105 ) ) ;
#3765 = CARTESIAN_POINT ( 'NONE',  ( -10.11648729581990835, 2.834936490538902287, 7.023072192661249602 ) ) ;
#3766 = CARTESIAN_POINT ( 'NONE',  ( -12.53056133816365580, 2.983764614888540390, 2.346561776428158552 ) ) ;
#3767 = CARTESIAN_POINT ( 'NONE',  ( -13.69463538050740858, 3.655843076592360852, 7.082603443094825479 ) ) ;
#3768 = ORIENTED_EDGE ( 'NONE', *, *, #1296, .F. ) ;
#3769 = FACE_OUTER_BOUND ( 'NONE', #2132, .T. ) ;
#3770 = CARTESIAN_POINT ( 'NONE',  ( -13.69463538050740681, 6.344156923407640036, 5.839061776428158268 ) ) ;
#3771 = CARTESIAN_POINT ( 'NONE',  ( -11.36648729581990480, 7.688313846815280073, 4.119270109761492549 ) ) ;
#3772 = CARTESIAN_POINT ( 'NONE',  ( -11.36648729581990658, 2.113248654051870901, 5.726613859327915890 ) ) ;
#3773 = DIRECTION ( 'NONE',  ( 2.992521824128285357E-16, -0.000000000000000000, -1.000000000000000000 ) ) ;
#3774 = CARTESIAN_POINT ( 'NONE',  ( -9.038339211132404571, 6.344156923407639148, 1.605728443094826208 ) ) ;
#3775 = CARTESIAN_POINT ( 'NONE',  ( -9.038339211132406348, 3.655843076592358631, 4.727811776428159973 ) ) ;
#3776 = ORIENTED_EDGE ( 'NONE', *, *, #1972, .F. ) ;
#3777 = ORIENTED_EDGE ( 'NONE', *, *, #1940, .T. ) ;
#3778 = CARTESIAN_POINT ( 'NONE',  ( -10.11648729581990480, 7.165063509461097269, 7.128905525994583492 ) ) ;
#3779 =( BOUNDED_CURVE ( )  B_SPLINE_CURVE ( 2, ( #478, #1591, #2718, #162, #1349, #2510, #2433 ),
 .UNSPECIFIED., .F., .F. ) 
 B_SPLINE_CURVE_WITH_KNOTS ( ( 3, 2, 2, 3 ),
 ( 0.08333333333333331483, 0.09259259259259258745, 0.1018518518518518740, 0.1111111111111111466 ),
 .UNSPECIFIED. ) 
 CURVE ( )  GEOMETRIC_REPRESENTATION_ITEM ( )  RATIONAL_B_SPLINE_CURVE ( ( 1.000000000000000222, 0.8660254037844385966, 1.000000000000000000, 0.8660254037844387076, 1.000000000000000000, 0.8660254037844381525, 1.000000000000000666 ) ) 
 REPRESENTATION_ITEM ( '' )  );
#3780 = DIRECTION ( 'NONE',  ( 2.992521824128285357E-16, -0.000000000000000000, -1.000000000000000000 ) ) ;
#3781 = CARTESIAN_POINT ( 'NONE',  ( -10.11648729581990480, 7.165063509461097269, 5.581093026861735140 ) ) ;
#3782 = CARTESIAN_POINT ( 'NONE',  ( -11.36648729581990658, 7.688313846815280073, 5.151145109761491980 ) ) ;
#3783 = CARTESIAN_POINT ( 'NONE',  ( -12.53056133816365580, 2.983764614888540390, 2.981561776428158339 ) ) ;
#3784 = CARTESIAN_POINT ( 'NONE',  ( -13.86648729581990480, 3.556624327025936338, 2.538384693528401126 ) ) ;
#3785 = ORIENTED_EDGE ( 'NONE', *, *, #1778, .F. ) ;
#3786 = FACE_OUTER_BOUND ( 'NONE', #3201, .T. ) ;
#3787 = CARTESIAN_POINT ( 'NONE',  ( -9.038339211132406348, 3.655843076592359520, 5.997811776428160435 ) ) ;
#3788 = CARTESIAN_POINT ( 'NONE',  ( -9.038339211132406348, 3.655843076592358631, 4.330936776428159440 ) ) ;
#3789 = CARTESIAN_POINT ( 'NONE',  ( -8.866487295819906578, 6.443375672974065438, 4.879947192661250099 ) ) ;
#3790 = CARTESIAN_POINT ( 'NONE',  ( -8.866487295819906578, 5.000000000000000000, 5.528176360195069527 ) ) ;
#3791 = CARTESIAN_POINT ( 'NONE',  ( -10.20241325347615557, 2.983764614888539057, 1.843853443094825906 ) ) ;
#3792 = CARTESIAN_POINT ( 'NONE',  ( -9.038339211132404571, 6.344156923407640036, 4.463228443094825693 ) ) ;
#3793 = VERTEX_POINT ( 'NONE', #2507 ) ;
#3794 = ORIENTED_EDGE ( 'NONE', *, *, #2564, .T. ) ;
#3795 = APPROVAL_STATUS ( 'not_yet_approved' ) ;
#3796 = CARTESIAN_POINT ( 'NONE',  ( -11.36648729581990480, 2.113248654051870901, 4.139113859327915534 ) ) ;
#3797 = DIRECTION ( 'NONE',  ( 2.992521824128285357E-16, -0.000000000000000000, -1.000000000000000000 ) ) ;
#3798 = DIRECTION ( 'NONE',  ( -0.7227399512945501536, 0.000000000000000000, -0.6911200784254146745 ) ) ;
#3799 = CARTESIAN_POINT ( 'NONE',  ( -9.038339211132406348, 3.655843076592358631, 4.410311776428159192 ) ) ;
#3800 = CARTESIAN_POINT ( 'NONE',  ( -11.36648729581990480, 2.311686153184720371, 3.960520109761491714 ) ) ;
#3801 = CARTESIAN_POINT ( 'NONE',  ( -12.61648729581990658, 2.834936490538903620, 3.517343026861734501 ) ) ;
#3802 = CARTESIAN_POINT ( 'NONE',  ( -13.86648729581992256, 3.556624327025945664, 6.030884693528398621 ) ) ;
#3803 = CARTESIAN_POINT ( 'NONE',  ( -12.53056133816365580, 7.016235385111460054, 5.812603443094825906 ) ) ;
#3804 = CARTESIAN_POINT ( 'NONE',  ( -12.53056133816365758, 2.983764614888540390, 4.886561776428158588 ) ) ;
#3805 = CARTESIAN_POINT ( 'NONE',  ( -11.36648729581990658, 7.886751345948129099, 6.837863859327915073 ) ) ;
#3806 = CARTESIAN_POINT ( 'NONE',  ( -11.36648729581990658, 7.886751345948129099, 6.202863859327915286 ) ) ;
#3807 = CARTESIAN_POINT ( 'NONE',  ( -10.20241325347615557, 7.016235385111460054, 6.950311776428159227 ) ) ;
#3808 = PRODUCT_RELATED_PRODUCT_CATEGORY ( 'detail', '', ( #1165 ) ) ;
#3809 = CARTESIAN_POINT ( 'NONE',  ( -12.53056133816365580, 7.016235385111460054, 4.542603443094825444 ) ) ;
#3810 = ORIENTED_EDGE ( 'NONE', *, *, #727, .T. ) ;
#3811 = ORIENTED_EDGE ( 'NONE', *, *, #1918, .T. ) ;
#3812 = CARTESIAN_POINT ( 'NONE',  ( -13.86648729581989592, 6.443375672974068102, 1.810780525994581946 ) ) ;
ENDSEC;
END-ISO-10303-21;
