ISO-10303-21;
HEADER;
FILE_DESCRIPTION (( 'STEP AP214' ),
    '1' );
FILE_NAME ('Arduino_Uno.STEP',
    '2026-08-23T20:29:42',
    ( '' ),
    ( '' ),
    'SwSTEP 2.0',
    'SolidWorks 2026',
    '' );
FILE_SCHEMA (( 'AUTOMOTIVE_DESIGN' ));
ENDSEC;

DATA;
#1 = DIRECTION ( 'NONE',  ( 0.000000000000000000, 0.000000000000000000, -1.000000000000000000 ) ) ;
#2 = AXIS2_PLACEMENT_3D ( 'NONE', #8605, #82, #393 ) ;
#3 = FACE_BOUND ( 'NONE', #11593, .T. ) ;
#4 = CARTESIAN_POINT ( 'NONE',  ( -2.500000000000000000, 36.00000000000000000, 1.600000000000000089 ) ) ;
#5 = PLANE ( 'NONE',  #6457 ) ;
#6 = VECTOR ( 'NONE', #2312, 1000.000000000000000 ) ;
#7 = AXIS2_PLACEMENT_3D ( 'NONE', #7747, #11550, #7807 ) ;
#8 = CARTESIAN_POINT ( 'NONE',  ( -52.75000000000000000, 28.25000000000000000, 1.600000000000000089 ) ) ;
#9 = CARTESIAN_POINT ( 'NONE',  ( -37.25000000000000000, 2.750000000000000000, 10.09999999999999964 ) ) ;
#10 = AXIS2_PLACEMENT_3D ( 'NONE', #4403, #12019, #1236 ) ;
#11 = DIRECTION ( 'NONE',  ( 0.000000000000000000, 0.000000000000000000, -1.000000000000000000 ) ) ;
#12 = EDGE_CURVE ( 'NONE', #2038, #1138, #2459, .T. ) ;
#13 = ORIENTED_EDGE ( 'NONE', *, *, #7326, .F. ) ;
#14 = PLANE ( 'NONE',  #9511 ) ;
#15 = AXIS2_PLACEMENT_3D ( 'NONE', #4273, #7826, #9942 ) ;
#16 = ORIENTED_EDGE ( 'NONE', *, *, #565, .T. ) ;
#17 = ORIENTED_EDGE ( 'NONE', *, *, #9797, .T. ) ;
#18 = CARTESIAN_POINT ( 'NONE',  ( -22.25000000000000000, 1.750000000000000000, 10.09999999999999964 ) ) ;
#19 = FACE_OUTER_BOUND ( 'NONE', #3414, .T. ) ;
#20 = DIRECTION ( 'NONE',  ( 0.000000000000000000, 0.000000000000000000, 1.000000000000000000 ) ) ;
#21 = DIRECTION ( 'NONE',  ( 0.000000000000000000, 0.000000000000000000, -1.000000000000000000 ) ) ;
#22 = CARTESIAN_POINT ( 'NONE',  ( -5.250000000000000000, 24.50000000000000000, 4.599999999999999645 ) ) ;
#23 = VECTOR ( 'NONE', #6566, 1000.000000000000000 ) ;
#24 = DIRECTION ( 'NONE',  ( 0.000000000000000000, 0.000000000000000000, -1.000000000000000000 ) ) ;
#25 = ORIENTED_EDGE ( 'NONE', *, *, #3522, .F. ) ;
#26 = VECTOR ( 'NONE', #2838, 1000.000000000000000 ) ;
#27 = DIRECTION ( 'NONE',  ( 0.000000000000000000, -1.000000000000000000, 0.000000000000000000 ) ) ;
#28 = ORIENTED_EDGE ( 'NONE', *, *, #4996, .F. ) ;
#29 = LINE ( 'NONE', #6808, #7513 ) ;
#30 = VERTEX_POINT ( 'NONE', #410 ) ;
#31 = VERTEX_POINT ( 'NONE', #1590 ) ;
#32 = VERTEX_POINT ( 'NONE', #6247 ) ;
#33 = PLANE ( 'NONE',  #604 ) ;
#34 = CARTESIAN_POINT ( 'NONE',  ( -62.50000000000000000, 20.50000000000000000, 1.600000000000000089 ) ) ;
#35 = ORIENTED_EDGE ( 'NONE', *, *, #4053, .F. ) ;
#36 = ADVANCED_FACE ( 'NONE', ( #10042 ), #1471, .T. ) ;
#37 = VERTEX_POINT ( 'NONE', #11989 ) ;
#38 = CARTESIAN_POINT ( 'NONE',  ( -52.75000000000000000, 28.00000000000000000, 1.850000000000000089 ) ) ;
#39 = DIRECTION ( 'NONE',  ( 0.000000000000000000, -1.000000000000000000, 0.000000000000000000 ) ) ;
#40 = DIRECTION ( 'NONE',  ( 0.000000000000000000, 1.000000000000000000, 0.000000000000000000 ) ) ;
#41 = CARTESIAN_POINT ( 'NONE',  ( -20.50000000000000000, 51.75000000000000000, 1.600000000000000089 ) ) ;
#42 = ADVANCED_FACE ( 'NONE', ( #4433 ), #8239, .T. ) ;
#43 = LINE ( 'NONE', #2781, #3291 ) ;
#44 = ORIENTED_EDGE ( 'NONE', *, *, #11899, .T. ) ;
#45 = EDGE_LOOP ( 'NONE', ( #1466, #9683 ) ) ;
#46 = EDGE_CURVE ( 'NONE', #8490, #9748, #5123, .T. ) ;
#47 = DIRECTION ( 'NONE',  ( -0.7071067811865475727, 0.7071067811865475727, 0.000000000000000000 ) ) ;
#48 = EDGE_LOOP ( 'NONE', ( #10875, #1140, #9127, #8338 ) ) ;
#49 = DIRECTION ( 'NONE',  ( -1.000000000000000000, 0.000000000000000000, 0.000000000000000000 ) ) ;
#50 = ORIENTED_EDGE ( 'NONE', *, *, #3097, .T. ) ;
#51 = LINE ( 'NONE', #11318, #1806 ) ;
#52 = CARTESIAN_POINT ( 'NONE',  ( -52.75000000000000000, 45.65000000000000568, 10.59999999999999964 ) ) ;
#53 = DIRECTION ( 'NONE',  ( 0.000000000000000000, 0.000000000000000000, 1.000000000000000000 ) ) ;
#54 = VECTOR ( 'NONE', #2146, 1000.000000000000000 ) ;
#55 = DIRECTION ( 'NONE',  ( 0.000000000000000000, 0.000000000000000000, -1.000000000000000000 ) ) ;
#56 = EDGE_CURVE ( 'NONE', #515, #8796, #4673, .T. ) ;
#57 = DIRECTION ( 'NONE',  ( 0.000000000000000000, -1.000000000000000000, 0.000000000000000000 ) ) ;
#58 = ORIENTED_EDGE ( 'NONE', *, *, #1657, .T. ) ;
#59 = CARTESIAN_POINT ( 'NONE',  ( -56.50000000000000000, 14.75000000000000000, 2.600000000000000089 ) ) ;
#60 = ORIENTED_EDGE ( 'NONE', *, *, #556, .T. ) ;
#61 = AXIS2_PLACEMENT_3D ( 'NONE', #5643, #4702, #7407 ) ;
#62 = EDGE_CURVE ( 'NONE', #7119, #2817, #6494, .T. ) ;
#63 = VERTEX_POINT ( 'NONE', #3615 ) ;
#64 = DIRECTION ( 'NONE',  ( 0.000000000000000000, 0.000000000000000000, -1.000000000000000000 ) ) ;
#65 = CARTESIAN_POINT ( 'NONE',  ( -38.75000000000000000, 51.75000000000000000, 10.09999999999999964 ) ) ;
#66 = CARTESIAN_POINT ( 'NONE',  ( -23.00000000000000000, 51.75000000000000000, 10.09999999999999964 ) ) ;
#67 = PLANE ( 'NONE',  #1088 ) ;
#68 = CARTESIAN_POINT ( 'NONE',  ( -2.500000000000000000, 36.00000000000000000, 1.600000000000000089 ) ) ;
#69 = VECTOR ( 'NONE', #3821, 1000.000000000000000 ) ;
#70 = EDGE_CURVE ( 'NONE', #4278, #532, #894, .T. ) ;
#71 = LINE ( 'NONE', #2745, #8649 ) ;
#72 = CARTESIAN_POINT ( 'NONE',  ( -37.25000000000000000, 1.750000000000000000, 10.09999999999999964 ) ) ;
#73 = ORIENTED_EDGE ( 'NONE', *, *, #11611, .T. ) ;
#74 = LINE ( 'NONE', #8715, #3545 ) ;
#75 = ORIENTED_EDGE ( 'NONE', *, *, #11204, .T. ) ;
#76 = VERTEX_POINT ( 'NONE', #4614 ) ;
#77 = PLANE ( 'NONE',  #8552 ) ;
#78 = VECTOR ( 'NONE', #9398, 1000.000000000000000 ) ;
#79 = CARTESIAN_POINT ( 'NONE',  ( -47.95000000000000284, 45.65000000000000568, 10.59999999999999964 ) ) ;
#80 = FACE_OUTER_BOUND ( 'NONE', #3599, .T. ) ;
#81 = LINE ( 'NONE', #8723, #6235 ) ;
#82 = DIRECTION ( 'NONE',  ( 1.000000000000000000, 0.000000000000000000, 0.000000000000000000 ) ) ;
#83 = DIRECTION ( 'NONE',  ( 0.000000000000000000, -1.000000000000000000, 0.000000000000000000 ) ) ;
#84 = EDGE_CURVE ( 'NONE', #5449, #5655, #2642, .T. ) ;
#85 = DIRECTION ( 'NONE',  ( -1.000000000000000000, 0.000000000000000000, 0.000000000000000000 ) ) ;
#86 = VECTOR ( 'NONE', #8824, 1000.000000000000000 ) ;
#87 = AXIS2_PLACEMENT_3D ( 'NONE', #2538, #4033, #1318 ) ;
#88 = EDGE_LOOP ( 'NONE', ( #3053, #11303, #4562, #8812 ) ) ;
#89 = DIRECTION ( 'NONE',  ( 0.000000000000000000, 1.000000000000000000, 0.000000000000000000 ) ) ;
#90 = VERTEX_POINT ( 'NONE', #10225 ) ;
#91 = EDGE_LOOP ( 'NONE', ( #3746, #10115, #7238, #11715 ) ) ;
#92 = EDGE_LOOP ( 'NONE', ( #8599, #11574, #1567, #9920 ) ) ;
#93 = DIRECTION ( 'NONE',  ( 0.000000000000000000, 0.000000000000000000, -1.000000000000000000 ) ) ;
#94 = DIRECTION ( 'NONE',  ( 0.000000000000000000, 0.000000000000000000, -1.000000000000000000 ) ) ;
#95 = ORIENTED_EDGE ( 'NONE', *, *, #3218, .F. ) ;
#96 = CARTESIAN_POINT ( 'NONE',  ( -75.00000000000000000, 41.19644660940669922, 11.05000000000000071 ) ) ;
#97 = DIRECTION ( 'NONE',  ( -1.000000000000000000, 0.000000000000000000, 0.000000000000000000 ) ) ;
#98 = AXIS2_PLACEMENT_3D ( 'NONE', #6074, #231, #10746 ) ;
#99 = VECTOR ( 'NONE', #7799, 1000.000000000000000 ) ;
#100 = DIRECTION ( 'NONE',  ( 1.000000000000000000, -4.625929269271489858E-16, 0.000000000000000000 ) ) ;
#101 =( BOUNDED_CURVE ( )  B_SPLINE_CURVE ( 3, ( #12237, #7491, #11289, #9110 ),
 .UNSPECIFIED., .F., .F. ) 
 B_SPLINE_CURVE_WITH_KNOTS ( ( 4, 4 ),
 ( 4.712388980384674575, 5.497787143782089103 ),
 .UNSPECIFIED. ) 
 CURVE ( )  GEOMETRIC_REPRESENTATION_ITEM ( )  RATIONAL_B_SPLINE_CURVE ( ( 1.000000000000000000, 0.9492530216741954519, 0.9492530216741954519, 1.000000000000000000 ) ) 
 REPRESENTATION_ITEM ( '' )  );
#102 = FACE_OUTER_BOUND ( 'NONE', #1957, .T. ) ;
#103 = PLANE ( 'NONE',  #7841 ) ;
#104 = EDGE_LOOP ( 'NONE', ( #3537, #9543, #5641, #3076 ) ) ;
#105 = EDGE_CURVE ( 'NONE', #1739, #5840, #8362, .T. ) ;
#106 = AXIS2_PLACEMENT_3D ( 'NONE', #3795, #5544, #2929 ) ;
#107 = ORIENTED_EDGE ( 'NONE', *, *, #1757, .T. ) ;
#108 = AXIS2_PLACEMENT_3D ( 'NONE', #2313, #8094, #6160 ) ;
#109 = FACE_OUTER_BOUND ( 'NONE', #4928, .T. ) ;
#110 = ORIENTED_EDGE ( 'NONE', *, *, #4783, .T. ) ;
#111 = CARTESIAN_POINT ( 'NONE',  ( -2.250000000000000000, 32.00000000000000000, 4.599999999999999645 ) ) ;
#112 = EDGE_CURVE ( 'NONE', #5078, #10574, #8478, .T. ) ;
#113 = VERTEX_POINT ( 'NONE', #5611 ) ;
#114 = DIRECTION ( 'NONE',  ( 0.000000000000000000, 0.000000000000000000, -1.000000000000000000 ) ) ;
#115 = LINE ( 'NONE', #1239, #4821 ) ;
#116 = FACE_OUTER_BOUND ( 'NONE', #9418, .T. ) ;
#117 = AXIS2_PLACEMENT_3D ( 'NONE', #10386, #1867, #12211 ) ;
#118 = VECTOR ( 'NONE', #55, 1000.000000000000000 ) ;
#119 = LINE ( 'NONE', #3777, #2896 ) ;
#120 = ORIENTED_EDGE ( 'NONE', *, *, #8230, .T. ) ;
#121 = EDGE_CURVE ( 'NONE', #90, #8492, #5730, .T. ) ;
#122 = DIRECTION ( 'NONE',  ( 0.000000000000000000, 0.000000000000000000, -1.000000000000000000 ) ) ;
#123 = ORIENTED_EDGE ( 'NONE', *, *, #3237, .F. ) ;
#124 = ORIENTED_EDGE ( 'NONE', *, *, #10148, .F. ) ;
#125 = CARTESIAN_POINT ( 'NONE',  ( -49.64999999999999858, 47.30000000000000426, 10.59999999999999964 ) ) ;
#126 = EDGE_CURVE ( 'NONE', #11906, #2071, #2582, .T. ) ;
#127 = PLANE ( 'NONE',  #9130 ) ;
#128 = DIRECTION ( 'NONE',  ( 0.000000000000000000, 0.7071067811865475727, -0.7071067811865475727 ) ) ;
#129 = DIRECTION ( 'NONE',  ( 0.000000000000000000, 0.000000000000000000, 1.000000000000000000 ) ) ;
#130 = CARTESIAN_POINT ( 'NONE',  ( -4.549999999999999822, 0.000000000000000000, 4.599999999999999645 ) ) ;
#131 = DIRECTION ( 'NONE',  ( 0.000000000000000000, 0.000000000000000000, -1.000000000000000000 ) ) ;
#132 = ADVANCED_FACE ( 'NONE', ( #6548 ), #1832, .F. ) ;
#133 = DIRECTION ( 'NONE',  ( -1.000000000000000000, 0.000000000000000000, 0.000000000000000000 ) ) ;
#134 = ORIENTED_EDGE ( 'NONE', *, *, #10026, .T. ) ;
#135 = PLANE ( 'NONE',  #3354 ) ;
#136 = VERTEX_POINT ( 'NONE', #6435 ) ;
#137 = ADVANCED_FACE ( 'NONE', ( #8298 ), #1764, .F. ) ;
#138 = VERTEX_POINT ( 'NONE', #6373 ) ;
#139 = ADVANCED_FACE ( 'NONE', ( #4553 ), #3680, .T. ) ;
#140 = FACE_OUTER_BOUND ( 'NONE', #3417, .T. ) ;
#141 = EDGE_CURVE ( 'NONE', #3584, #10606, #7489, .T. ) ;
#142 = DIRECTION ( 'NONE',  ( -4.625929269271489858E-16, -1.000000000000000000, 0.000000000000000000 ) ) ;
#143 = CARTESIAN_POINT ( 'NONE',  ( -74.75000000000000000, 44.25000000000000000, 1.600000000000000089 ) ) ;
#144 = DIRECTION ( 'NONE',  ( 1.000000000000000000, 0.000000000000000000, 0.000000000000000000 ) ) ;
#145 = LINE ( 'NONE', #2077, #8547 ) ;
#146 = LINE ( 'NONE', #4860, #8245 ) ;
#147 = ADVANCED_FACE ( 'NONE', ( #3737 ), #7550, .T. ) ;
#148 = DIRECTION ( 'NONE',  ( 0.000000000000000000, 0.000000000000000000, -1.000000000000000000 ) ) ;
#149 = ORIENTED_EDGE ( 'NONE', *, *, #2737, .F. ) ;
#150 = CYLINDRICAL_SURFACE ( 'NONE', #3916, 0.2500000000000002220 ) ;
#151 = ORIENTED_EDGE ( 'NONE', *, *, #9043, .F. ) ;
#152 = VERTEX_POINT ( 'NONE', #6612 ) ;
#153 = EDGE_LOOP ( 'NONE', ( #749, #3299, #11528, #1683 ) ) ;
#154 = CARTESIAN_POINT ( 'NONE',  ( -62.50000000000000000, 19.00000000000000000, 2.600000000000000089 ) ) ;
#155 = DIRECTION ( 'NONE',  ( 0.000000000000000000, 0.000000000000000000, 1.000000000000000000 ) ) ;
#156 = ADVANCED_FACE ( 'NONE', ( #10408 ), #956, .T. ) ;
#157 = VERTEX_POINT ( 'NONE', #9472 ) ;
#158 = FACE_OUTER_BOUND ( 'NONE', #5593, .T. ) ;
#159 = CARTESIAN_POINT ( 'NONE',  ( -47.25000000000000000, 47.30000000000000426, 10.59999999999999964 ) ) ;
#160 = LINE ( 'NONE', #5751, #5575 ) ;
#161 = AXIS2_PLACEMENT_3D ( 'NONE', #7989, #1273, #3194 ) ;
#162 = DIRECTION ( 'NONE',  ( 1.000000000000000000, 0.000000000000000000, 0.000000000000000000 ) ) ;
#163 = LINE ( 'NONE', #11439, #5255 ) ;
#164 = ORIENTED_EDGE ( 'NONE', *, *, #7676, .T. ) ;
#165 = ORIENTED_EDGE ( 'NONE', *, *, #6382, .F. ) ;
#167 = AXIS2_PLACEMENT_3D ( 'NONE', #4978, #8969, #2127 ) ;
#166 = CARTESIAN_POINT ( 'NONE',  ( -55.25000000000000000, 51.00000000000000000, 1.600000000000000089 ) ) ;
#168 = ADVANCED_FACE ( 'NONE', ( #7309 ), #5731, .F. ) ;
#169 = ORIENTED_EDGE ( 'NONE', *, *, #11259, .F. ) ;
#170 = FACE_OUTER_BOUND ( 'NONE', #4719, .T. ) ;
#171 = EDGE_CURVE ( 'NONE', #8098, #4929, #10656, .T. ) ;
#172 = ORIENTED_EDGE ( 'NONE', *, *, #1338, .T. ) ;
#173 = CARTESIAN_POINT ( 'NONE',  ( -41.25000000000000000, 50.75000000000000000, 10.09999999999999964 ) ) ;
#174 = LINE ( 'NONE', #6703, #12209 ) ;
#175 = CIRCLE ( 'NONE', #5534, 1.750000000000001554 ) ;
#176 = DIRECTION ( 'NONE',  ( 0.000000000000000000, -1.000000000000000000, 0.000000000000000000 ) ) ;
#177 = EDGE_CURVE ( 'NONE', #3749, #10389, #9780, .T. ) ;
#178 = ORIENTED_EDGE ( 'NONE', *, *, #8577, .T. ) ;
#179 = CARTESIAN_POINT ( 'NONE',  ( -5.500000000000000000, 51.75000000000000000, 1.600000000000000089 ) ) ;
#180 = AXIS2_PLACEMENT_3D ( 'NONE', #10782, #6045, #9971 ) ;
#181 = VECTOR ( 'NONE', #10347, 1000.000000000000000 ) ;
#182 = ORIENTED_EDGE ( 'NONE', *, *, #8607, .F. ) ;
#183 = CARTESIAN_POINT ( 'NONE',  ( -56.50000000000000000, 19.44999999999999929, 2.600000000000000089 ) ) ;
#184 = EDGE_CURVE ( 'NONE', #1665, #2106, #11534, .T. ) ;
#185 = CARTESIAN_POINT ( 'NONE',  ( -66.00000000000000000, 35.37677669529665536, 11.12322330470335885 ) ) ;
#186 = DIRECTION ( 'NONE',  ( 0.000000000000000000, 0.000000000000000000, -1.000000000000000000 ) ) ;
#187 = DIRECTION ( 'NONE',  ( 0.000000000000000000, 0.7071067811865475727, 0.7071067811865475727 ) ) ;
#188 = DIRECTION ( 'NONE',  ( 0.000000000000000000, 0.000000000000000000, -1.000000000000000000 ) ) ;
#189 = AXIS2_PLACEMENT_3D ( 'NONE', #7295, #1701, #1638 ) ;
#190 = EDGE_CURVE ( 'NONE', #4907, #10254, #4987, .T. ) ;
#191 = CIRCLE ( 'NONE', #1393, 0.2500000000000002220 ) ;
#192 = DIRECTION ( 'NONE',  ( 0.000000000000000000, 0.000000000000000000, 1.000000000000000000 ) ) ;
#193 = LINE ( 'NONE', #6854, #10699 ) ;
#194 = ORIENTED_EDGE ( 'NONE', *, *, #3105, .T. ) ;
#195 = CARTESIAN_POINT ( 'NONE',  ( -4.549999999999999822, 27.90000000000000213, 4.599999999999999645 ) ) ;
#196 = ADVANCED_FACE ( 'NONE', ( #7854 ), #2133, .F. ) ;
#197 = VECTOR ( 'NONE', #9801, 1000.000000000000000 ) ;
#198 = ORIENTED_EDGE ( 'NONE', *, *, #9369, .F. ) ;
#199 = ORIENTED_EDGE ( 'NONE', *, *, #8322, .F. ) ;
#200 = EDGE_CURVE ( 'NONE', #3336, #7766, #7611, .T. ) ;
#201 = ORIENTED_EDGE ( 'NONE', *, *, #9178, .F. ) ;
#202 = CARTESIAN_POINT ( 'NONE',  ( -4.250000000000000000, 7.500000000000000000, 1.600000000000000089 ) ) ;
#203 = AXIS2_PLACEMENT_3D ( 'NONE', #576, #3419, #2505 ) ;
#204 = VECTOR ( 'NONE', #3999, 1000.000000000000000 ) ;
#205 = CARTESIAN_POINT ( 'NONE',  ( -9.500000000000000000, 51.75000000000000000, 10.09999999999999964 ) ) ;
#206 = DIRECTION ( 'NONE',  ( 0.000000000000000000, 0.000000000000000000, 1.000000000000000000 ) ) ;
#207 = FACE_OUTER_BOUND ( 'NONE', #3892, .T. ) ;
#208 = CARTESIAN_POINT ( 'NONE',  ( -20.50000000000000000, 51.75000000000000000, 10.09999999999999964 ) ) ;
#209 = LINE ( 'NONE', #7736, #5854 ) ;
#210 = EDGE_CURVE ( 'NONE', #5529, #10884, #10533, .T. ) ;
#211 = CARTESIAN_POINT ( 'NONE',  ( -37.25000000000000000, 50.75000000000000000, 10.09999999999999964 ) ) ;
#212 = VECTOR ( 'NONE', #3259, 1000.000000000000000 ) ;
#213 = VERTEX_POINT ( 'NONE', #79 ) ;
#214 = VECTOR ( 'NONE', #10381, 1000.000000000000000 ) ;
#215 = FACE_OUTER_BOUND ( 'NONE', #3873, .T. ) ;
#216 = EDGE_CURVE ( 'NONE', #6276, #587, #11662, .T. ) ;
#217 = VERTEX_POINT ( 'NONE', #6863 ) ;
#218 = ORIENTED_EDGE ( 'NONE', *, *, #586, .T. ) ;
#219 = ORIENTED_EDGE ( 'NONE', *, *, #1632, .T. ) ;
#220 = DIRECTION ( 'NONE',  ( -1.224646799147353207E-16, 1.000000000000000000, 0.000000000000000000 ) ) ;
#221 = CARTESIAN_POINT ( 'NONE',  ( -12.94999999999999929, 1.750000000000000000, 10.09999999999999964 ) ) ;
#222 = EDGE_CURVE ( 'NONE', #10368, #63, #4799, .T. ) ;
#223 = AXIS2_PLACEMENT_3D ( 'NONE', #5210, #2297, #5139 ) ;
#224 = ORIENTED_EDGE ( 'NONE', *, *, #5669, .F. ) ;
#225 = LINE ( 'NONE', #4002, #5394 ) ;
#226 = CARTESIAN_POINT ( 'NONE',  ( -17.75000000000000000, 1.750000000000000000, 10.09999999999999964 ) ) ;
#227 = AXIS2_PLACEMENT_3D ( 'NONE', #3204, #5007, #7073 ) ;
#228 = AXIS2_PLACEMENT_3D ( 'NONE', #8924, #5005, #7811 ) ;
#229 = DIRECTION ( 'NONE',  ( 0.000000000000000000, 1.000000000000000000, 0.000000000000000000 ) ) ;
#230 = CARTESIAN_POINT ( 'NONE',  ( -12.94999999999999929, 2.750000000000000000, 10.09999999999999964 ) ) ;
#231 = DIRECTION ( 'NONE',  ( 1.000000000000000000, 0.000000000000000000, 0.000000000000000000 ) ) ;
#232 = EDGE_LOOP ( 'NONE', ( #11325, #6828, #8873, #3719 ) ) ;
#233 = EDGE_CURVE ( 'NONE', #9350, #8676, #5983, .T. ) ;
#234 = ORIENTED_EDGE ( 'NONE', *, *, #890, .F. ) ;
#235 = PLANE ( 'NONE',  #2558 ) ;
#236 = ORIENTED_EDGE ( 'NONE', *, *, #12177, .T. ) ;
#237 = ORIENTED_EDGE ( 'NONE', *, *, #1161, .T. ) ;
#238 = LINE ( 'NONE', #9751, #9139 ) ;
#239 = ORIENTED_EDGE ( 'NONE', *, *, #11328, .T. ) ;
#240 = DIRECTION ( 'NONE',  ( 0.000000000000000000, -1.000000000000000000, 0.000000000000000000 ) ) ;
#241 = DIRECTION ( 'NONE',  ( -1.000000000000000000, 0.000000000000000000, 0.000000000000000000 ) ) ;
#242 = ADVANCED_FACE ( 'NONE', ( #7671 ), #3985, .F. ) ;
#243 = DIRECTION ( 'NONE',  ( 0.000000000000000000, 1.000000000000000000, 0.000000000000000000 ) ) ;
#244 = ORIENTED_EDGE ( 'NONE', *, *, #7226, .T. ) ;
#245 = DIRECTION ( 'NONE',  ( 0.000000000000000000, 0.7071067811865470176, -0.7071067811865480168 ) ) ;
#246 = ORIENTED_EDGE ( 'NONE', *, *, #7152, .T. ) ;
#247 = ORIENTED_EDGE ( 'NONE', *, *, #263, .F. ) ;
#248 = LINE ( 'NONE', #4029, #5603 ) ;
#249 = VECTOR ( 'NONE', #64, 1000.000000000000000 ) ;
#250 = CARTESIAN_POINT ( 'NONE',  ( -45.25000000000000000, 26.00000000000000000, 3.600000000000000089 ) ) ;
#251 = CARTESIAN_POINT ( 'NONE',  ( -43.75000000000000000, 50.75000000000000000, 10.09999999999999964 ) ) ;
#252 = CARTESIAN_POINT ( 'NONE',  ( -14.34999999999999964, 2.750000000000000000, 10.09999999999999964 ) ) ;
#253 = PLANE ( 'NONE',  #1708 ) ;
#254 = PLANE ( 'NONE',  #1717 ) ;
#255 = AXIS2_PLACEMENT_3D ( 'NONE', #12082, #4521, #3525 ) ;
#256 = DIRECTION ( 'NONE',  ( 0.000000000000000000, 1.000000000000000000, 0.000000000000000000 ) ) ;
#257 = EDGE_CURVE ( 'NONE', #5566, #3197, #7795, .T. ) ;
#258 = VERTEX_POINT ( 'NONE', #11474 ) ;
#259 = DIRECTION ( 'NONE',  ( 0.000000000000000000, -1.000000000000000000, 0.000000000000000000 ) ) ;
#260 = VERTEX_POINT ( 'NONE', #11599 ) ;
#261 = ORIENTED_EDGE ( 'NONE', *, *, #10090, .F. ) ;
#262 = ORIENTED_EDGE ( 'NONE', *, *, #9019, .T. ) ;
#263 = EDGE_CURVE ( 'NONE', #11282, #3288, #1079, .T. ) ;
#264 = DIRECTION ( 'NONE',  ( 0.000000000000000000, 0.000000000000000000, -1.000000000000000000 ) ) ;
#265 = CARTESIAN_POINT ( 'NONE',  ( -14.50000000000000000, 50.75000000000000000, 1.600000000000000089 ) ) ;
#266 = LINE ( 'NONE', #6047, #6842 ) ;
#267 = AXIS2_PLACEMENT_3D ( 'NONE', #7311, #8364, #4555 ) ;
#268 = DIRECTION ( 'NONE',  ( 0.000000000000000000, 1.000000000000000000, 0.000000000000000000 ) ) ;
#269 = DIRECTION ( 'NONE',  ( 0.000000000000000000, -1.000000000000000000, 0.000000000000000000 ) ) ;
#270 = LINE ( 'NONE', #397, #10034 ) ;
#271 = ORIENTED_EDGE ( 'NONE', *, *, #560, .T. ) ;
#272 = CARTESIAN_POINT ( 'NONE',  ( -2.899999999999999911, 31.00000000000000000, 10.59999999999999964 ) ) ;
#273 = VERTEX_POINT ( 'NONE', #2074 ) ;
#274 = CIRCLE ( 'NONE', #10011, 0.2500000000000002220 ) ;
#275 = ORIENTED_EDGE ( 'NONE', *, *, #4905, .F. ) ;
#276 = EDGE_LOOP ( 'NONE', ( #510, #11468, #6834, #9122 ) ) ;
#277 = DIRECTION ( 'NONE',  ( 0.000000000000000000, 0.000000000000000000, -1.000000000000000000 ) ) ;
#278 = DIRECTION ( 'NONE',  ( 0.000000000000000000, -1.000000000000000000, 0.000000000000000000 ) ) ;
#279 = ORIENTED_EDGE ( 'NONE', *, *, #6737, .T. ) ;
#280 = CARTESIAN_POINT ( 'NONE',  ( -49.75000000000000000, 50.75000000000000000, 10.09999999999999964 ) ) ;
#281 = CARTESIAN_POINT ( 'NONE',  ( 0.000000000000000000, 26.20000000000000284, 4.599999999999999645 ) ) ;
#282 =( LENGTH_UNIT ( ) NAMED_UNIT ( * ) SI_UNIT ( .MILLI., .METRE. ) );
#283 = DIRECTION ( 'NONE',  ( 0.000000000000000000, -1.000000000000000000, 0.000000000000000000 ) ) ;
#284 = VECTOR ( 'NONE', #9434, 1000.000000000000000 ) ;
#285 = DIRECTION ( 'NONE',  ( 0.000000000000000000, 1.000000000000000000, 0.000000000000000000 ) ) ;
#286 = EDGE_CURVE ( 'NONE', #1679, #899, #9715, .T. ) ;
#287 = ORIENTED_EDGE ( 'NONE', *, *, #1888, .T. ) ;
#288 = VERTEX_POINT ( 'NONE', #9657 ) ;
#289 = CARTESIAN_POINT ( 'NONE',  ( -5.250000000000000000, 27.90000000000000213, 10.59999999999999964 ) ) ;
#290 = ORIENTED_EDGE ( 'NONE', *, *, #335, .F. ) ;
#291 = CARTESIAN_POINT ( 'NONE',  ( -25.00000000000000000, 50.00000000000000000, 10.09999999999999964 ) ) ;
#292 = ORIENTED_EDGE ( 'NONE', *, *, #9260, .F. ) ;
#293 = AXIS2_PLACEMENT_3D ( 'NONE', #5800, #12296, #8675 ) ;
#294 = ORIENTED_EDGE ( 'NONE', *, *, #11477, .T. ) ;
#295 = LINE ( 'NONE', #10882, #9521 ) ;
#296 = AXIS2_PLACEMENT_3D ( 'NONE', #7987, #9042, #395 ) ;
#297 = DIRECTION ( 'NONE',  ( -1.000000000000000000, 0.000000000000000000, 0.000000000000000000 ) ) ;
#298 = ORIENTED_EDGE ( 'NONE', *, *, #11748, .F. ) ;
#299 = LINE ( 'NONE', #7887, #9158 ) ;
#300 = DIRECTION ( 'NONE',  ( 1.000000000000000000, 0.000000000000000000, 0.000000000000000000 ) ) ;
#301 = ADVANCED_FACE ( 'NONE', ( #19 ), #1144, .T. ) ;
#302 = VECTOR ( 'NONE', #2080, 1000.000000000000000 ) ;
#303 = DIRECTION ( 'NONE',  ( 0.000000000000000000, -1.000000000000000000, 0.000000000000000000 ) ) ;
#304 = AXIS2_PLACEMENT_3D ( 'NONE', #7858, #3121, #6922 ) ;
#305 = EDGE_CURVE ( 'NONE', #9496, #6306, #3802, .T. ) ;
#306 = VERTEX_POINT ( 'NONE', #5177 ) ;
#307 = FACE_OUTER_BOUND ( 'NONE', #4874, .T. ) ;
#308 = EDGE_LOOP ( 'NONE', ( #8360, #3564, #6418, #5703 ) ) ;
#309 = EDGE_LOOP ( 'NONE', ( #2953, #5029, #12314, #971 ) ) ;
#310 = AXIS2_PLACEMENT_3D ( 'NONE', #11845, #4344, #7287 ) ;
#311 = LINE ( 'NONE', #183, #5810 ) ;
#312 = VECTOR ( 'NONE', #555, 1000.000000000000000 ) ;
#313 = DIRECTION ( 'NONE',  ( -1.000000000000000000, 0.000000000000000000, 0.000000000000000000 ) ) ;
#314 = CYLINDRICAL_SURFACE ( 'NONE', #5961, 2.250000000000001776 ) ;
#315 = DIRECTION ( 'NONE',  ( 0.000000000000000000, 0.000000000000000000, -1.000000000000000000 ) ) ;
#316 = LINE ( 'NONE', #378, #3872 ) ;
#317 = CARTESIAN_POINT ( 'NONE',  ( -2.899999999999999911, 25.50000000000000000, 10.59999999999999964 ) ) ;
#318 = DIRECTION ( 'NONE',  ( 0.000000000000000000, -1.000000000000000000, 0.000000000000000000 ) ) ;
#319 = ORIENTED_EDGE ( 'NONE', *, *, #1935, .T. ) ;
#320 = CARTESIAN_POINT ( 'NONE',  ( -46.00000000000000000, 37.25000000000000000, 2.600000000000000089 ) ) ;
#321 = ORIENTED_EDGE ( 'NONE', *, *, #11405, .F. ) ;
#322 = VERTEX_POINT ( 'NONE', #8166 ) ;
#323 = EDGE_CURVE ( 'NONE', #4305, #9311, #5234, .T. ) ;
#324 = EDGE_LOOP ( 'NONE', ( #7503, #10753, #11629, #6776 ) ) ;
#325 = ADVANCED_FACE ( 'NONE', ( #7982 ), #9037, .F. ) ;
#326 = DIRECTION ( 'NONE',  ( 0.000000000000000000, 0.000000000000000000, -1.000000000000000000 ) ) ;
#327 = PLANE ( 'NONE',  #807 ) ;
#328 = DIRECTION ( 'NONE',  ( 0.000000000000000000, -1.000000000000000000, 0.000000000000000000 ) ) ;
#329 = DIRECTION ( 'NONE',  ( 0.000000000000000000, 1.000000000000000000, 0.000000000000000000 ) ) ;
#330 = FACE_OUTER_BOUND ( 'NONE', #10680, .T. ) ;
#331 = EDGE_CURVE ( 'NONE', #10606, #1739, #10970, .T. ) ;
#332 = EDGE_CURVE ( 'NONE', #7652, #10451, #6232, .T. ) ;
#333 = DIRECTION ( 'NONE',  ( 0.000000000000000000, 0.000000000000000000, 1.000000000000000000 ) ) ;
#334 = ORIENTED_EDGE ( 'NONE', *, *, #8044, .T. ) ;
#335 = EDGE_CURVE ( 'NONE', #10591, #3239, #4107, .T. ) ;
#336 = DIRECTION ( 'NONE',  ( -0.000000000000000000, -1.000000000000000000, -0.000000000000000000 ) ) ;
#337 = ORIENTED_EDGE ( 'NONE', *, *, #1136, .F. ) ;
#338 = ORIENTED_EDGE ( 'NONE', *, *, #12218, .F. ) ;
#339 = ORIENTED_EDGE ( 'NONE', *, *, #691, .T. ) ;
#340 = CARTESIAN_POINT ( 'NONE',  ( -68.50000000000000000, 32.00000000000000000, 1.600000000000000089 ) ) ;
#341 = DIRECTION ( 'NONE',  ( 0.000000000000000000, 0.000000000000000000, -1.000000000000000000 ) ) ;
#342 = EDGE_LOOP ( 'NONE', ( #6544, #8009, #1186, #3223 ) ) ;
#343 = CARTESIAN_POINT ( 'NONE',  ( -68.50000000000000000, 0.000000000000000000, 0.000000000000000000 ) ) ;
#344 = DIRECTION ( 'NONE',  ( 0.000000000000000000, -1.000000000000000000, 0.000000000000000000 ) ) ;
#345 = CARTESIAN_POINT ( 'NONE',  ( -29.75000000000000000, 50.75000000000000000, 10.09999999999999964 ) ) ;
#346 = CARTESIAN_POINT ( 'NONE',  ( -74.75000000000000000, 33.95000000000000284, 3.299999999999999822 ) ) ;
#347 = FACE_OUTER_BOUND ( 'NONE', #6393, .T. ) ;
#348 = PLANE ( 'NONE',  #6051 ) ;
#349 = EDGE_LOOP ( 'NONE', ( #7189, #1055, #9695, #5948 ) ) ;
#350 = LINE ( 'NONE', #4200, #4664 ) ;
#351 = ORIENTED_EDGE ( 'NONE', *, *, #9566, .F. ) ;
#352 = CARTESIAN_POINT ( 'NONE',  ( -17.75000000000000000, 1.750000000000000000, 1.600000000000000089 ) ) ;
#353 = ORIENTED_EDGE ( 'NONE', *, *, #3783, .T. ) ;
#354 = VERTEX_POINT ( 'NONE', #4235 ) ;
#355 = FACE_OUTER_BOUND ( 'NONE', #2712, .T. ) ;
#356 = CARTESIAN_POINT ( 'NONE',  ( -4.000000000000000000, 53.50000000000000000, 1.600000000000000089 ) ) ;
#357 = ADVANCED_FACE ( 'NONE', ( #3360 ), #7177, .F. ) ;
#358 = CIRCLE ( 'NONE', #5518, 0.5000000000000004441 ) ;
#359 = EDGE_CURVE ( 'NONE', #1089, #10054, #1774, .T. ) ;
#360 = ORIENTED_EDGE ( 'NONE', *, *, #8768, .F. ) ;
#361 = CARTESIAN_POINT ( 'NONE',  ( -62.50000000000000000, 19.00000000000000000, 2.600000000000000089 ) ) ;
#362 = CARTESIAN_POINT ( 'NONE',  ( -69.00000000000000000, 8.000000000000000000, 7.849999999999999645 ) ) ;
#363 = VERTEX_POINT ( 'NONE', #7108 ) ;
#364 = PRODUCT ( 'Arduino_Uno', 'Arduino_Uno', '', ( #476 ) ) ;
#365 = DIRECTION ( 'NONE',  ( -1.000000000000000000, 0.000000000000000000, 0.000000000000000000 ) ) ;
#366 = AXIS2_PLACEMENT_3D ( 'NONE', #11592, #5169, #3112 ) ;
#367 = ADVANCED_FACE ( 'NONE', ( #11853 ), #11918, .T. ) ;
#368 = EDGE_LOOP ( 'NONE', ( #11299, #1513, #4010, #9480 ) ) ;
#369 = EDGE_CURVE ( 'NONE', #6860, #12061, #8905, .T. ) ;
#370 = CARTESIAN_POINT ( 'NONE',  ( -58.50000000000000000, 32.25000000000000000, 12.59999999999999964 ) ) ;
#371 = ADVANCED_FACE ( 'NONE', ( #1455 ), #6173, .T. ) ;
#372 = VERTEX_POINT ( 'NONE', #2259 ) ;
#373 = DIRECTION ( 'NONE',  ( 0.000000000000000000, 0.000000000000000000, -1.000000000000000000 ) ) ;
#374 = EDGE_CURVE ( 'NONE', #1529, #9468, #5294, .T. ) ;
#375 = VECTOR ( 'NONE', #8446, 1000.000000000000000 ) ;
#376 = CARTESIAN_POINT ( 'NONE',  ( -66.00000000000000000, 41.00000000000000000, 5.549999999999999822 ) ) ;
#377 = FACE_OUTER_BOUND ( 'NONE', #6151, .T. ) ;
#378 = CARTESIAN_POINT ( 'NONE',  ( -26.25000000000000000, 51.75000000000000000, 10.09999999999999964 ) ) ;
#379 = VECTOR ( 'NONE', #11416, 1000.000000000000000 ) ;
#380 = PLANE ( 'NONE',  #5263 ) ;
#381 = EDGE_CURVE ( 'NONE', #4247, #892, #7527, .T. ) ;
#382 = VECTOR ( 'NONE', #2007, 1000.000000000000000 ) ;
#383 = DIRECTION ( 'NONE',  ( 0.000000000000000000, 0.000000000000000000, -1.000000000000000000 ) ) ;
#384 = ORIENTED_EDGE ( 'NONE', *, *, #2412, .F. ) ;
#385 = DIRECTION ( 'NONE',  ( 0.000000000000000000, 0.000000000000000000, -1.000000000000000000 ) ) ;
#386 = ORIENTED_EDGE ( 'NONE', *, *, #6678, .F. ) ;
#387 = ORIENTED_EDGE ( 'NONE', *, *, #4950, .F. ) ;
#388 = ORIENTED_EDGE ( 'NONE', *, *, #10308, .T. ) ;
#389 = VECTOR ( 'NONE', #2059, 1000.000000000000000 ) ;
#390 = DIRECTION ( 'NONE',  ( 0.000000000000000000, 0.000000000000000000, 1.000000000000000000 ) ) ;
#391 = FACE_OUTER_BOUND ( 'NONE', #3505, .T. ) ;
#392 = FACE_OUTER_BOUND ( 'NONE', #6727, .T. ) ;
#393 = DIRECTION ( 'NONE',  ( 0.000000000000000000, 0.000000000000000000, -1.000000000000000000 ) ) ;
#394 = VECTOR ( 'NONE', #10754, 1000.000000000000000 ) ;
#395 = DIRECTION ( 'NONE',  ( 1.000000000000000000, 0.000000000000000000, 0.000000000000000000 ) ) ;
#396 = EDGE_CURVE ( 'NONE', #322, #4893, #9116, .T. ) ;
#397 = CARTESIAN_POINT ( 'NONE',  ( -10.55000000000000071, 1.750000000000000000, 10.09999999999999964 ) ) ;
#398 = VERTEX_POINT ( 'NONE', #10907 ) ;
#399 = VECTOR ( 'NONE', #12115, 1000.000000000000000 ) ;
#400 = CARTESIAN_POINT ( 'NONE',  ( -2.200000000000000178, 30.30000000000000071, 10.59999999999999964 ) ) ;
#401 = AXIS2_PLACEMENT_3D ( 'NONE', #10418, #7620, #3811 ) ;
#402 = ORIENTED_EDGE ( 'NONE', *, *, #1288, .T. ) ;
#403 = AXIS2_PLACEMENT_3D ( 'NONE', #2926, #1876, #12220 ) ;
#404 = VECTOR ( 'NONE', #1374, 1000.000000000000000 ) ;
#405 = EDGE_LOOP ( 'NONE', ( #2154, #3029, #2396, #11997 ) ) ;
#406 = UNCERTAINTY_MEASURE_WITH_UNIT (LENGTH_MEASURE( 1.000000000000000082E-05 ), #282, 'distance_accuracy_value', 'NONE');
#407 = EDGE_LOOP ( 'NONE', ( #2332, #5490, #8462, #10283 ) ) ;
#408 = CARTESIAN_POINT ( 'NONE',  ( -56.50000000000000000, 19.44999999999999929, 2.600000000000000089 ) ) ;
#409 = DIRECTION ( 'NONE',  ( 0.000000000000000000, 0.000000000000000000, -1.000000000000000000 ) ) ;
#410 = CARTESIAN_POINT ( 'NONE',  ( -75.00000000000000000, 40.75000000000000000, 8.300000000000000711 ) ) ;
#411 = DIRECTION ( 'NONE',  ( 0.000000000000000000, 0.000000000000000000, -1.000000000000000000 ) ) ;
#412 = DIRECTION ( 'NONE',  ( 0.000000000000000000, 1.000000000000000000, 0.000000000000000000 ) ) ;
#413 = CARTESIAN_POINT ( 'NONE',  ( -42.00000000000000000, 1.000000000000000000, 10.09999999999999964 ) ) ;
#414 = DIRECTION ( 'NONE',  ( 0.000000000000000000, 0.000000000000000000, -1.000000000000000000 ) ) ;
#415 = AXIS2_PLACEMENT_3D ( 'NONE', #1148, #6801, #9601 ) ;
#416 = CARTESIAN_POINT ( 'NONE',  ( -71.00000000000000000, 8.000000000000000000, 4.724999999999998757 ) ) ;
#417 = VECTOR ( 'NONE', #446, 1000.000000000000000 ) ;
#418 = VECTOR ( 'NONE', #1733, 1000.000000000000000 ) ;
#419 = CARTESIAN_POINT ( 'NONE',  ( -29.75000000000000000, 51.75000000000000000, 10.09999999999999964 ) ) ;
#420 = ORIENTED_EDGE ( 'NONE', *, *, #10690, .T. ) ;
#421 = PLANE ( 'NONE',  #910 ) ;
#422 = VERTEX_POINT ( 'NONE', #11032 ) ;
#423 = LINE ( 'NONE', #8936, #2768 ) ;
#424 = VECTOR ( 'NONE', #10057, 1000.000000000000000 ) ;
#425 = EDGE_CURVE ( 'NONE', #5054, #9119, #575, .T. ) ;
#426 = EDGE_LOOP ( 'NONE', ( #199, #10859, #8310, #4566 ) ) ;
#427 = ORIENTED_EDGE ( 'NONE', *, *, #8699, .T. ) ;
#428 = DIRECTION ( 'NONE',  ( 0.7071067811865470176, -0.7071067811865480168, 0.000000000000000000 ) ) ;
#429 = DIRECTION ( 'NONE',  ( 0.000000000000000000, 1.000000000000000000, 0.000000000000000000 ) ) ;
#430 = VECTOR ( 'NONE', #722, 1000.000000000000000 ) ;
#431 = VERTEX_POINT ( 'NONE', #6295 ) ;
#432 = DIRECTION ( 'NONE',  ( -1.000000000000000000, 0.000000000000000000, 0.000000000000000000 ) ) ;
#433 = FACE_OUTER_BOUND ( 'NONE', #8556, .T. ) ;
#434 = ORIENTED_EDGE ( 'NONE', *, *, #4473, .T. ) ;
#435 = ADVANCED_FACE ( 'NONE', ( #7050 ), #11722, .F. ) ;
#436 = CARTESIAN_POINT ( 'NONE',  ( -75.00000000000000000, 41.30000000000000426, 11.29999999999999893 ) ) ;
#437 = VECTOR ( 'NONE', #2324, 1000.000000000000000 ) ;
#438 = ORIENTED_EDGE ( 'NONE', *, *, #10303, .F. ) ;
#439 = FACE_OUTER_BOUND ( 'NONE', #9328, .T. ) ;
#440 = ORIENTED_EDGE ( 'NONE', *, *, #2924, .F. ) ;
#441 = DIRECTION ( 'NONE',  ( 0.000000000000000000, 0.000000000000000000, -1.000000000000000000 ) ) ;
#442 = ORIENTED_EDGE ( 'NONE', *, *, #11778, .F. ) ;
#443 = CARTESIAN_POINT ( 'NONE',  ( -74.75000000000000000, 32.25000000000000000, 12.59999999999999964 ) ) ;
#444 = DIRECTION ( 'NONE',  ( 1.000000000000000000, 0.000000000000000000, 0.000000000000000000 ) ) ;
#445 = DIRECTION ( 'NONE',  ( 0.000000000000000000, 0.000000000000000000, -1.000000000000000000 ) ) ;
#446 = DIRECTION ( 'NONE',  ( 0.000000000000000000, 2.032879073410319828E-16, -1.000000000000000000 ) ) ;
#447 = FACE_OUTER_BOUND ( 'NONE', #698, .T. ) ;
#448 = LINE ( 'NONE', #12086, #6479 ) ;
#449 = EDGE_CURVE ( 'NONE', #8683, #9292, #3185, .T. ) ;
#450 = CARTESIAN_POINT ( 'NONE',  ( -64.50000000000000000, 19.00000000000000000, 2.600000000000000089 ) ) ;
#451 = VERTEX_POINT ( 'NONE', #4534 ) ;
#452 = LINE ( 'NONE', #6859, #6338 ) ;
#453 = ORIENTED_EDGE ( 'NONE', *, *, #12100, .T. ) ;
#454 = ORIENTED_EDGE ( 'NONE', *, *, #8061, .F. ) ;
#455 = ORIENTED_EDGE ( 'NONE', *, *, #1501, .F. ) ;
#456 = CARTESIAN_POINT ( 'NONE',  ( -17.00000000000000000, 51.75000000000000000, 1.600000000000000089 ) ) ;
#457 = CARTESIAN_POINT ( 'NONE',  ( -4.000000000000000000, 53.50000000000000000, 1.600000000000000089 ) ) ;
#458 = CARTESIAN_POINT ( 'NONE',  ( -31.25000000000000000, 51.75000000000000000, 1.600000000000000089 ) ) ;
#459 = EDGE_CURVE ( 'NONE', #3930, #6415, #3483, .T. ) ;
#460 = LINE ( 'NONE', #3243, #9747 ) ;
#461 = CARTESIAN_POINT ( 'NONE',  ( -26.25000000000000000, 51.75000000000000000, 10.09999999999999964 ) ) ;
#462 = VECTOR ( 'NONE', #10165, 1000.000000000000000 ) ;
#463 = CARTESIAN_POINT ( 'NONE',  ( -10.55000000000000071, 1.750000000000000000, 1.600000000000000089 ) ) ;
#464 = DIRECTION ( 'NONE',  ( 0.000000000000000000, -1.000000000000000000, 0.000000000000000000 ) ) ;
#465 = ORIENTED_EDGE ( 'NONE', *, *, #11009, .F. ) ;
#466 = ORIENTED_EDGE ( 'NONE', *, *, #8246, .T. ) ;
#467 = VERTEX_POINT ( 'NONE', #11215 ) ;
#468 = FACE_OUTER_BOUND ( 'NONE', #9792, .T. ) ;
#469 = DIRECTION ( 'NONE',  ( 0.000000000000000000, 1.000000000000000000, 0.000000000000000000 ) ) ;
#470 = VECTOR ( 'NONE', #1685, 1000.000000000000000 ) ;
#471 = ORIENTED_EDGE ( 'NONE', *, *, #9560, .T. ) ;
#472 = ADVANCED_FACE ( 'NONE', ( #7419 ), #7474, .T. ) ;
#473 = FACE_OUTER_BOUND ( 'NONE', #11284, .T. ) ;
#474 = DIRECTION ( 'NONE',  ( -1.000000000000000000, 0.000000000000000000, 0.000000000000000000 ) ) ;
#475 = DIRECTION ( 'NONE',  ( 0.000000000000000000, 0.000000000000000000, -1.000000000000000000 ) ) ;
#476 = PRODUCT_CONTEXT ( 'NONE', #4327, 'mechanical' ) ;
#477 = CARTESIAN_POINT ( 'NONE',  ( -52.04999999999999716, 45.65000000000000568, 4.599999999999999645 ) ) ;
#478 = DIRECTION ( 'NONE',  ( 0.000000000000000000, 0.000000000000000000, 1.000000000000000000 ) ) ;
#479 = TOROIDAL_SURFACE ( 'NONE', #9401, 0.5000000000000000000, 0.2500000000000000000 ) ;
#480 = VERTEX_POINT ( 'NONE', #6354 ) ;
#481 = DIRECTION ( 'NONE',  ( 1.000000000000000000, 0.000000000000000000, 0.000000000000000000 ) ) ;
#482 = EDGE_LOOP ( 'NONE', ( #6059, #7911, #1310, #7518 ) ) ;
#483 = DIRECTION ( 'NONE',  ( -0.7071067811865450192, -0.7071067811865500152, 0.000000000000000000 ) ) ;
#484 = ORIENTED_EDGE ( 'NONE', *, *, #5526, .T. ) ;
#485 = VERTEX_POINT ( 'NONE', #3538 ) ;
#486 = LINE ( 'NONE', #2232, #7351 ) ;
#487 = LINE ( 'NONE', #11824, #1423 ) ;
#488 = ORIENTED_EDGE ( 'NONE', *, *, #3237, .T. ) ;
#489 = EDGE_CURVE ( 'NONE', #949, #1582, #3950, .T. ) ;
#490 = DIRECTION ( 'NONE',  ( 0.000000000000000000, 0.000000000000000000, 1.000000000000000000 ) ) ;
#491 = DIRECTION ( 'NONE',  ( 0.000000000000000000, 0.000000000000000000, 1.000000000000000000 ) ) ;
#492 = VECTOR ( 'NONE', #7361, 1000.000000000000000 ) ;
#493 = EDGE_CURVE ( 'NONE', #905, #8844, #2683, .T. ) ;
#494 = DIRECTION ( 'NONE',  ( 0.000000000000000000, 0.000000000000000000, -1.000000000000000000 ) ) ;
#495 = VECTOR ( 'NONE', #4679, 1000.000000000000000 ) ;
#496 = ORIENTED_EDGE ( 'NONE', *, *, #3309, .T. ) ;
#497 = VECTOR ( 'NONE', #9700, 1000.000000000000000 ) ;
#498 = EDGE_CURVE ( 'NONE', #4383, #7104, #1752, .T. ) ;
#499 = LINE ( 'NONE', #5278, #7720 ) ;
#500 = CARTESIAN_POINT ( 'NONE',  ( -42.00000000000000000, 3.500000000000000000, 1.600000000000000089 ) ) ;
#501 = LINE ( 'NONE', #10012, #7373 ) ;
#502 = CARTESIAN_POINT ( 'NONE',  ( -3.250000000000000000, 52.50000000000000000, 10.09999999999999964 ) ) ;
#503 = DIRECTION ( 'NONE',  ( 0.000000000000000000, 0.000000000000000000, -1.000000000000000000 ) ) ;
#504 = PLANE ( 'NONE',  #7558 ) ;
#505 = AXIS2_PLACEMENT_3D ( 'NONE', #2314, #5036, #11590 ) ;
#506 = VECTOR ( 'NONE', #8122, 1000.000000000000000 ) ;
#507 = DIRECTION ( 'NONE',  ( 0.000000000000000000, 0.000000000000000000, 1.000000000000000000 ) ) ;
#508 = EDGE_CURVE ( 'NONE', #12178, #8196, #11157, .T. ) ;
#509 = CARTESIAN_POINT ( 'NONE',  ( -4.500000000000000000, 51.75000000000000000, 10.09999999999999964 ) ) ;
#510 = ORIENTED_EDGE ( 'NONE', *, *, #8084, .T. ) ;
#511 = FACE_OUTER_BOUND ( 'NONE', #8308, .T. ) ;
#512 = ORIENTED_EDGE ( 'NONE', *, *, #2563, .F. ) ;
#513 = VECTOR ( 'NONE', #8407, 1000.000000000000000 ) ;
#514 = VECTOR ( 'NONE', #10276, 1000.000000000000000 ) ;
#515 = VERTEX_POINT ( 'NONE', #9332 ) ;
#516 = ORIENTED_EDGE ( 'NONE', *, *, #9568, .F. ) ;
#517 = EDGE_CURVE ( 'NONE', #306, #2749, #825, .T. ) ;
#518 = DIRECTION ( 'NONE',  ( -1.000000000000000000, -0.000000000000000000, -0.000000000000000000 ) ) ;
#519 = LINE ( 'NONE', #10971, #5561 ) ;
#520 = LINE ( 'NONE', #5109, #1682 ) ;
#521 = DIRECTION ( 'NONE',  ( 0.000000000000000000, -1.000000000000000000, 0.000000000000000000 ) ) ;
#522 = CARTESIAN_POINT ( 'NONE',  ( -58.50000000000000000, 44.25000000000000000, 1.850000000000000089 ) ) ;
#523 = AXIS2_PLACEMENT_3D ( 'NONE', #2918, #2675, #6707 ) ;
#524 = ADVANCED_FACE ( 'NONE', ( #10208 ), #9276, .T. ) ;
#525 = AXIS2_PLACEMENT_3D ( 'NONE', #3159, #3096, #494 ) ;
#526 = CARTESIAN_POINT ( 'NONE',  ( -5.750000000000000000, 1.750000000000000000, 1.600000000000000089 ) ) ;
#527 = CARTESIAN_POINT ( 'NONE',  ( -52.04999999999999716, 47.30000000000000426, 10.59999999999999964 ) ) ;
#528 = EDGE_CURVE ( 'NONE', #5260, #2596, #5186, .T. ) ;
#529 = ORIENTED_EDGE ( 'NONE', *, *, #1111, .T. ) ;
#530 = ADVANCED_FACE ( 'NONE', ( #643 ), #8399, .T. ) ;
#531 = ORIENTED_EDGE ( 'NONE', *, *, #11255, .F. ) ;
#532 = VERTEX_POINT ( 'NONE', #3664 ) ;
#533 = CARTESIAN_POINT ( 'NONE',  ( -3.500000000000000000, 1.000000000000000000, 1.600000000000000089 ) ) ;
#534 = CARTESIAN_POINT ( 'NONE',  ( -31.25000000000000000, 51.75000000000000000, 10.09999999999999964 ) ) ;
#535 = ORIENTED_EDGE ( 'NONE', *, *, #12173, .F. ) ;
#536 = DIRECTION ( 'NONE',  ( 1.000000000000000000, 0.000000000000000000, 0.000000000000000000 ) ) ;
#537 = LINE ( 'NONE', #4190, #3639 ) ;
#538 = EDGE_CURVE ( 'NONE', #3749, #5888, #10716, .T. ) ;
#539 = DIRECTION ( 'NONE',  ( -1.000000000000000000, 0.000000000000000000, 0.000000000000000000 ) ) ;
#540 = FACE_OUTER_BOUND ( 'NONE', #7881, .T. ) ;
#541 = ORIENTED_EDGE ( 'NONE', *, *, #2470, .T. ) ;
#542 = CARTESIAN_POINT ( 'NONE',  ( -51.00000000000000000, 32.25000000000000000, 1.600000000000000089 ) ) ;
#543 = VERTEX_POINT ( 'NONE', #879 ) ;
#544 = EDGE_CURVE ( 'NONE', #11056, #9364, #3600, .T. ) ;
#545 = DIRECTION ( 'NONE',  ( 0.000000000000000000, 1.000000000000000000, 0.000000000000000000 ) ) ;
#546 = ORIENTED_EDGE ( 'NONE', *, *, #8551, .T. ) ;
#547 = VERTEX_POINT ( 'NONE', #7532 ) ;
#548 = CARTESIAN_POINT ( 'NONE',  ( -19.50000000000000000, 50.75000000000000000, 10.09999999999999964 ) ) ;
#549 = LINE ( 'NONE', #356, #2995 ) ;
#550 = EDGE_LOOP ( 'NONE', ( #2258, #3595, #5091, #10713 ) ) ;
#551 = ORIENTED_EDGE ( 'NONE', *, *, #7185, .T. ) ;
#552 = CARTESIAN_POINT ( 'NONE',  ( -52.04999999999999716, 48.00000000000000000, 4.599999999999999645 ) ) ;
#553 = CARTESIAN_POINT ( 'NONE',  ( -40.75000000000000000, 2.750000000000000000, 1.600000000000000089 ) ) ;
#554 = DIRECTION ( 'NONE',  ( 0.000000000000000000, 0.000000000000000000, 1.000000000000000000 ) ) ;
#555 = DIRECTION ( 'NONE',  ( 0.000000000000000000, 0.000000000000000000, -1.000000000000000000 ) ) ;
#556 = EDGE_CURVE ( 'NONE', #11246, #363, #11333, .T. ) ;
#557 = EDGE_LOOP ( 'NONE', ( #8160, #1312, #262, #5199 ) ) ;
#558 = CARTESIAN_POINT ( 'NONE',  ( -26.25000000000000000, 50.75000000000000000, 10.09999999999999964 ) ) ;
#559 = PLANE ( 'NONE',  #3776 ) ;
#560 = EDGE_CURVE ( 'NONE', #2393, #5174, #6595, .T. ) ;
#561 = DIRECTION ( 'NONE',  ( 0.000000000000000000, -0.7071067811865470176, 0.7071067811865480168 ) ) ;
#562 = FACE_OUTER_BOUND ( 'NONE', #9968, .T. ) ;
#563 = CARTESIAN_POINT ( 'NONE',  ( -75.00000000000000000, 35.30355339059324393, 11.05000000000000071 ) ) ;
#564 = DIRECTION ( 'NONE',  ( 1.000000000000000000, 0.000000000000000000, 0.000000000000000000 ) ) ;
#565 = EDGE_CURVE ( 'NONE', #10076, #2833, #5152, .T. ) ;
#566 = FACE_OUTER_BOUND ( 'NONE', #2282, .T. ) ;
#567 = VECTOR ( 'NONE', #4546, 1000.000000000000000 ) ;
#568 = PLANE ( 'NONE',  #9255 ) ;
#569 = CARTESIAN_POINT ( 'NONE',  ( -39.75000000000000000, 50.75000000000000000, 10.09999999999999964 ) ) ;
#570 = ORIENTED_EDGE ( 'NONE', *, *, #8084, .F. ) ;
#571 = VERTEX_POINT ( 'NONE', #8285 ) ;
#572 = VECTOR ( 'NONE', #1568, 1000.000000000000000 ) ;
#573 = ORIENTED_EDGE ( 'NONE', *, *, #6529, .T. ) ;
#574 = ADVANCED_FACE ( 'NONE', ( #11650 ), #3967, .T. ) ;
#575 = LINE ( 'NONE', #7239, #10706 ) ;
#576 = CARTESIAN_POINT ( 'NONE',  ( -2.500000000000000000, 36.00000000000000000, 0.000000000000000000 ) ) ;
#577 = CARTESIAN_POINT ( 'NONE',  ( -37.25000000000000000, 2.750000000000000000, 10.09999999999999964 ) ) ;
#578 = EDGE_CURVE ( 'NONE', #4910, #4441, #9642, .T. ) ;
#579 = SPHERICAL_SURFACE ( 'NONE', #8949, 0.2500000000000000000 ) ;
#580 = DIRECTION ( 'NONE',  ( 1.000000000000000000, 0.000000000000000000, 0.000000000000000000 ) ) ;
#581 = VECTOR ( 'NONE', #9094, 1000.000000000000000 ) ;
#582 = AXIS2_PLACEMENT_3D ( 'NONE', #4091, #6093, #7893 ) ;
#583 = DIRECTION ( 'NONE',  ( 0.000000000000000000, -1.000000000000000000, 0.000000000000000000 ) ) ;
#584 = EDGE_CURVE ( 'NONE', #9581, #1728, #11399, .T. ) ;
#585 = CARTESIAN_POINT ( 'NONE',  ( -74.75000000000000000, 35.12677669529665536, 11.22677669529664080 ) ) ;
#586 = EDGE_CURVE ( 'NONE', #731, #4247, #3549, .T. ) ;
#587 = VERTEX_POINT ( 'NONE', #2863 ) ;
#588 = VECTOR ( 'NONE', #5046, 1000.000000000000000 ) ;
#589 = VERTEX_POINT ( 'NONE', #9698 ) ;
#590 = VERTEX_POINT ( 'NONE', #6661 ) ;
#591 = DIRECTION ( 'NONE',  ( -1.000000000000000000, 0.000000000000000000, 0.000000000000000000 ) ) ;
#592 = LINE ( 'NONE', #4307, #462 ) ;
#593 = AXIS2_PLACEMENT_3D ( 'NONE', #10524, #5788, #12283 ) ;
#594 = EDGE_LOOP ( 'NONE', ( #5410, #4808 ) ) ;
#595 = FACE_OUTER_BOUND ( 'NONE', #3918, .T. ) ;
#596 = FACE_OUTER_BOUND ( 'NONE', #3030, .T. ) ;
#597 = CARTESIAN_POINT ( 'NONE',  ( -74.75000000000000000, 32.25000000000000000, 12.34999999999999964 ) ) ;
#598 = DIRECTION ( 'NONE',  ( -1.000000000000000000, 0.000000000000000000, 0.000000000000000000 ) ) ;
#599 = EDGE_CURVE ( 'NONE', #921, #12124, #8708, .T. ) ;
#600 = VECTOR ( 'NONE', #7782, 1000.000000000000000 ) ;
#601 = EDGE_CURVE ( 'NONE', #6169, #1729, #1875, .T. ) ;
#602 = FACE_OUTER_BOUND ( 'NONE', #5701, .T. ) ;
#603 = ORIENTED_EDGE ( 'NONE', *, *, #6758, .T. ) ;
#604 = AXIS2_PLACEMENT_3D ( 'NONE', #5568, #11488, #5808 ) ;
#605 = FACE_OUTER_BOUND ( 'NONE', #2504, .T. ) ;
#606 = ORIENTED_EDGE ( 'NONE', *, *, #4122, .T. ) ;
#607 = EDGE_CURVE ( 'NONE', #5371, #5892, #1932, .T. ) ;
#608 = CARTESIAN_POINT ( 'NONE',  ( 0.000000000000000000, 0.000000000000000000, 2.600000000000000089 ) ) ;
#609 = ORIENTED_EDGE ( 'NONE', *, *, #9126, .T. ) ;
#610 = ORIENTED_EDGE ( 'NONE', *, *, #6073, .T. ) ;
#611 = CARTESIAN_POINT ( 'NONE',  ( -49.64999999999999858, 45.65000000000000568, 10.59999999999999964 ) ) ;
#612 = DIRECTION ( 'NONE',  ( 1.000000000000000000, 0.000000000000000000, 0.000000000000000000 ) ) ;
#613 = AXIS2_PLACEMENT_3D ( 'NONE', #10289, #1894, #1767 ) ;
#614 = ORIENTED_EDGE ( 'NONE', *, *, #10090, .T. ) ;
#615 = CARTESIAN_POINT ( 'NONE',  ( -32.25000000000000000, 1.750000000000000000, 1.600000000000000089 ) ) ;
#616 = DIRECTION ( 'NONE',  ( 0.000000000000000000, 0.000000000000000000, 1.000000000000000000 ) ) ;
#617 = AXIS2_PLACEMENT_3D ( 'NONE', #10489, #2902, #7345 ) ;
#618 = VECTOR ( 'NONE', #11229, 1000.000000000000000 ) ;
#619 = LINE ( 'NONE', #6329, #4046 ) ;
#620 = ADVANCED_FACE ( 'NONE', ( #4787 ), #5716, .F. ) ;
#621 = LINE ( 'NONE', #1676, #2673 ) ;
#622 = VECTOR ( 'NONE', #11073, 1000.000000000000000 ) ;
#623 = EDGE_LOOP ( 'NONE', ( #3548, #8343, #279, #7831, #5058, #9316, #8550, #10039 ) ) ;
#624 = ORIENTED_EDGE ( 'NONE', *, *, #2707, .T. ) ;
#625 = AXIS2_PLACEMENT_3D ( 'NONE', #361, #1363, #10943 ) ;
#626 = DIRECTION ( 'NONE',  ( 0.000000000000000000, -1.000000000000000000, 0.000000000000000000 ) ) ;
#627 = CYLINDRICAL_SURFACE ( 'NONE', #4764, 1.750000000000000222 ) ;
#628 = DIRECTION ( 'NONE',  ( -1.000000000000000000, 0.000000000000000000, 0.000000000000000000 ) ) ;
#629 = FILL_AREA_STYLE_COLOUR ( '', #3608 ) ;
#630 = VECTOR ( 'NONE', #2531, 1000.000000000000000 ) ;
#631 = LINE ( 'NONE', #6405, #11721 ) ;
#632 = EDGE_CURVE ( 'NONE', #6415, #6200, #6782, .T. ) ;
#633 = PLANE ( 'NONE',  #4575 ) ;
#634 = VECTOR ( 'NONE', #5197, 1000.000000000000000 ) ;
#635 = AXIS2_PLACEMENT_3D ( 'NONE', #5573, #7570, #8686 ) ;
#636 = DIRECTION ( 'NONE',  ( 0.000000000000000000, 0.000000000000000000, 1.000000000000000000 ) ) ;
#637 = DIRECTION ( 'NONE',  ( -1.000000000000000000, 0.000000000000000000, 0.000000000000000000 ) ) ;
#638 = ORIENTED_EDGE ( 'NONE', *, *, #5129, .T. ) ;
#639 = CARTESIAN_POINT ( 'NONE',  ( -51.00000000000000000, 50.00000000000000000, 10.09999999999999964 ) ) ;
#640 = ORIENTED_EDGE ( 'NONE', *, *, #425, .F. ) ;
#641 = ORIENTED_EDGE ( 'NONE', *, *, #4144, .F. ) ;
#642 = ORIENTED_EDGE ( 'NONE', *, *, #601, .F. ) ;
#643 = FACE_OUTER_BOUND ( 'NONE', #7779, .T. ) ;
#644 = CARTESIAN_POINT ( 'NONE',  ( -75.00000000000000000, 41.37322330470334464, 11.22677669529664080 ) ) ;
#645 = PLANE ( 'NONE',  #9618 ) ;
#646 = DIRECTION ( 'NONE',  ( -1.000000000000000000, 0.000000000000000000, 0.000000000000000000 ) ) ;
#647 = DIRECTION ( 'NONE',  ( 1.000000000000000000, 0.000000000000000000, 0.000000000000000000 ) ) ;
#648 = EDGE_CURVE ( 'NONE', #8373, #12049, #5547, .T. ) ;
#649 = DIRECTION ( 'NONE',  ( 0.000000000000000000, 0.000000000000000000, -1.000000000000000000 ) ) ;
#650 = DIRECTION ( 'NONE',  ( 0.7071067811865500152, -0.7071067811865450192, 0.000000000000000000 ) ) ;
#651 = ORIENTED_EDGE ( 'NONE', *, *, #1721, .F. ) ;
#652 = EDGE_CURVE ( 'NONE', #8954, #258, #11462, .T. ) ;
#653 = ORIENTED_EDGE ( 'NONE', *, *, #222, .F. ) ;
#654 = ORIENTED_EDGE ( 'NONE', *, *, #747, .F. ) ;
#655 = CARTESIAN_POINT ( 'NONE',  ( -38.25000000000000000, 2.750000000000000000, 10.09999999999999964 ) ) ;
#656 = DIRECTION ( 'NONE',  ( 0.000000000000000000, 1.000000000000000000, 0.000000000000000000 ) ) ;
#657 = ORIENTED_EDGE ( 'NONE', *, *, #1445, .F. ) ;
#658 = CARTESIAN_POINT ( 'NONE',  ( -32.25000000000000000, 51.75000000000000000, 10.09999999999999964 ) ) ;
#659 = LINE ( 'NONE', #8241, #3048 ) ;
#660 = CIRCLE ( 'NONE', #9196, 1.000000000000000888 ) ;
#661 = DIRECTION ( 'NONE',  ( 0.000000000000000000, 0.000000000000000000, -1.000000000000000000 ) ) ;
#662 = CARTESIAN_POINT ( 'NONE',  ( -46.25000000000000000, 51.75000000000000000, 10.09999999999999964 ) ) ;
#663 = DIRECTION ( 'NONE',  ( 0.000000000000000000, 0.000000000000000000, 1.000000000000000000 ) ) ;
#664 = EDGE_LOOP ( 'NONE', ( #7941, #9744, #8645, #4182 ) ) ;
#665 = ADVANCED_FACE ( 'NONE', ( #4899, #11582, #7715, #2925, #6715, #8772, #9459, #4969, #3 ), #127, .T. ) ;
#666 = DIRECTION ( 'NONE',  ( 0.000000000000000000, 0.000000000000000000, -1.000000000000000000 ) ) ;
#667 = ORIENTED_EDGE ( 'NONE', *, *, #11274, .T. ) ;
#668 = VECTOR ( 'NONE', #12147, 1000.000000000000000 ) ;
#669 = CARTESIAN_POINT ( 'NONE',  ( -59.00000000000000000, 15.54999999999999893, 2.600000000000000089 ) ) ;
#670 = EDGE_LOOP ( 'NONE', ( #3781, #3697, #10528, #12300 ) ) ;
#671 = ORIENTED_EDGE ( 'NONE', *, *, #4692, .F. ) ;
#672 = CARTESIAN_POINT ( 'NONE',  ( -45.25000000000000000, 24.00000000000000000, 2.350000000000000089 ) ) ;
#673 = DIRECTION ( 'NONE',  ( 0.000000000000000000, 0.000000000000000000, 1.000000000000000000 ) ) ;
#674 = ORIENTED_EDGE ( 'NONE', *, *, #4767, .T. ) ;
#675 = FACE_OUTER_BOUND ( 'NONE', #3195, .T. ) ;
#676 = CARTESIAN_POINT ( 'NONE',  ( -66.07322330470340432, 35.30355339059324393, 11.29999999999999893 ) ) ;
#677 = FACE_OUTER_BOUND ( 'NONE', #1860, .T. ) ;
#678 = AXIS2_PLACEMENT_3D ( 'NONE', #4616, #3617, #11107 ) ;
#679 = ADVANCED_FACE ( 'NONE', ( #3791 ), #6847, .F. ) ;
#680 = PLANE ( 'NONE',  #9257 ) ;
#681 = ORIENTED_EDGE ( 'NONE', *, *, #5601, .F. ) ;
#682 = CARTESIAN_POINT ( 'NONE',  ( -31.25000000000000000, 50.75000000000000000, 10.09999999999999964 ) ) ;
#683 = FACE_OUTER_BOUND ( 'NONE', #2735, .T. ) ;
#684 = ADVANCED_FACE ( 'NONE', ( #1994 ), #5781, .T. ) ;
#685 = VECTOR ( 'NONE', #10210, 1000.000000000000000 ) ;
#686 = EDGE_CURVE ( 'NONE', #9750, #12162, #11515, .T. ) ;
#687 = CARTESIAN_POINT ( 'NONE',  ( -57.50000000000000000, 12.50000000000000000, 1.600000000000000089 ) ) ;
#688 = DIRECTION ( 'NONE',  ( 0.000000000000000000, 0.000000000000000000, -1.000000000000000000 ) ) ;
#689 = DIRECTION ( 'NONE',  ( 0.000000000000000000, 0.000000000000000000, -1.000000000000000000 ) ) ;
#690 = DIRECTION ( 'NONE',  ( 0.000000000000000000, 0.000000000000000000, -1.000000000000000000 ) ) ;
#691 = EDGE_CURVE ( 'NONE', #6726, #5586, #11895, .T. ) ;
#692 = LINE ( 'NONE', #6221, #3468 ) ;
#693 = AXIS2_PLACEMENT_3D ( 'NONE', #1538, #539, #8001 ) ;
#694 = DIRECTION ( 'NONE',  ( 0.000000000000000000, 1.000000000000000000, 0.000000000000000000 ) ) ;
#695 = ORIENTED_EDGE ( 'NONE', *, *, #3249, .F. ) ;
#696 = CARTESIAN_POINT ( 'NONE',  ( -59.00000000000000000, 19.44999999999999929, 2.600000000000000089 ) ) ;
#697 = ORIENTED_EDGE ( 'NONE', *, *, #5890, .T. ) ;
#698 = EDGE_LOOP ( 'NONE', ( #4745, #10967, #7116, #6927 ) ) ;
#699 = EDGE_CURVE ( 'NONE', #8100, #11831, #7740, .T. ) ;
#700 = ORIENTED_EDGE ( 'NONE', *, *, #10264, .F. ) ;
#701 = ORIENTED_EDGE ( 'NONE', *, *, #715, .F. ) ;
#702 = VECTOR ( 'NONE', #3325, 1000.000000000000000 ) ;
#703 = AXIS2_PLACEMENT_3D ( 'NONE', #7074, #6498, #3439 ) ;
#704 = DIRECTION ( 'NONE',  ( 0.000000000000000000, 0.000000000000000000, -1.000000000000000000 ) ) ;
#705 = LINE ( 'NONE', #644, #11733 ) ;
#706 = DIRECTION ( 'NONE',  ( 0.000000000000000000, 1.000000000000000000, 0.000000000000000000 ) ) ;
#707 = PLANE ( 'NONE',  #9344 ) ;
#708 = DIRECTION ( 'NONE',  ( 0.000000000000000000, 0.000000000000000000, -1.000000000000000000 ) ) ;
#709 = DIRECTION ( 'NONE',  ( 0.000000000000000000, 0.000000000000000000, -1.000000000000000000 ) ) ;
#710 = VECTOR ( 'NONE', #2451, 1000.000000000000000 ) ;
#711 = VECTOR ( 'NONE', #647, 1000.000000000000000 ) ;
#712 = FACE_OUTER_BOUND ( 'NONE', #8865, .T. ) ;
#713 = ADVANCED_FACE ( 'NONE', ( #6972 ), #10770, .F. ) ;
#714 = ORIENTED_EDGE ( 'NONE', *, *, #8051, .T. ) ;
#715 = EDGE_CURVE ( 'NONE', #12178, #3932, #4220, .T. ) ;
#716 = VERTEX_POINT ( 'NONE', #3292 ) ;
#717 = ORIENTED_EDGE ( 'NONE', *, *, #5250, .T. ) ;
#718 = PLANE ( 'NONE',  #3771 ) ;
#719 = CARTESIAN_POINT ( 'NONE',  ( -24.75000000000000000, 1.750000000000000000, 10.09999999999999964 ) ) ;
#720 = EDGE_CURVE ( 'NONE', #8457, #10095, #7968, .T. ) ;
#721 = DIRECTION ( 'NONE',  ( 1.000000000000000000, 0.000000000000000000, 0.000000000000000000 ) ) ;
#722 = DIRECTION ( 'NONE',  ( -0.000000000000000000, -0.000000000000000000, 1.000000000000000000 ) ) ;
#723 = CYLINDRICAL_SURFACE ( 'NONE', #678, 0.2500000000000002220 ) ;
#724 = AXIS2_PLACEMENT_3D ( 'NONE', #6008, #11934, #1293 ) ;
#725 = CIRCLE ( 'NONE', #2702, 0.2500000000000002220 ) ;
#726 = CARTESIAN_POINT ( 'NONE',  ( -40.75000000000000000, 2.750000000000000000, 1.600000000000000089 ) ) ;
#727 = CARTESIAN_POINT ( 'NONE',  ( -4.549999999999999822, 31.00000000000000000, 10.59999999999999964 ) ) ;
#728 = ORIENTED_EDGE ( 'NONE', *, *, #4196, .F. ) ;
#729 = EDGE_CURVE ( 'NONE', #10451, #4121, #5161, .T. ) ;
#730 = DIRECTION ( 'NONE',  ( 1.000000000000000000, 0.000000000000000000, 0.000000000000000000 ) ) ;
#731 = VERTEX_POINT ( 'NONE', #9827 ) ;
#732 = CARTESIAN_POINT ( 'NONE',  ( -47.95000000000000284, 48.00000000000000000, 10.59999999999999964 ) ) ;
#733 = EDGE_LOOP ( 'NONE', ( #3994, #11227, #11924, #5320 ) ) ;
#734 = VERTEX_POINT ( 'NONE', #7097 ) ;
#735 = ORIENTED_EDGE ( 'NONE', *, *, #1903, .T. ) ;
#736 = DIRECTION ( 'NONE',  ( 0.000000000000000000, 0.000000000000000000, -1.000000000000000000 ) ) ;
#737 = LINE ( 'NONE', #4507, #8761 ) ;
#738 = ADVANCED_FACE ( 'NONE', ( #2311 ), #10895, .F. ) ;
#739 = ORIENTED_EDGE ( 'NONE', *, *, #7020, .T. ) ;
#740 = DIRECTION ( 'NONE',  ( 0.000000000000000000, 1.000000000000000000, 0.000000000000000000 ) ) ;
#741 = DIRECTION ( 'NONE',  ( 0.000000000000000000, 0.000000000000000000, -1.000000000000000000 ) ) ;
#742 = DIRECTION ( 'NONE',  ( 0.000000000000000000, 0.000000000000000000, -1.000000000000000000 ) ) ;
#743 = DIRECTION ( 'NONE',  ( 1.000000000000000000, 0.000000000000000000, 0.000000000000000000 ) ) ;
#744 = ORIENTED_EDGE ( 'NONE', *, *, #12007, .F. ) ;
#745 = ADVANCED_FACE ( 'NONE', ( #2245 ), #8892, .F. ) ;
#746 = PLANE ( 'NONE',  #6531 ) ;
#747 = EDGE_CURVE ( 'NONE', #2147, #8032, #4339, .T. ) ;
#748 = EDGE_LOOP ( 'NONE', ( #6619, #2649, #2330, #7853 ) ) ;
#749 = ORIENTED_EDGE ( 'NONE', *, *, #2877, .T. ) ;
#750 = CARTESIAN_POINT ( 'NONE',  ( -66.25000000000000000, 42.72677669529665678, 9.873223304703358849 ) ) ;
#751 = CYLINDRICAL_SURFACE ( 'NONE', #2843, 1.750000000000001554 ) ;
#752 = CARTESIAN_POINT ( 'NONE',  ( -51.00000000000000000, 37.25000000000000000, 2.600000000000000089 ) ) ;
#753 = DIRECTION ( 'NONE',  ( 0.000000000000000000, 0.000000000000000000, -1.000000000000000000 ) ) ;
#754 = DIRECTION ( 'NONE',  ( 0.7071067811865474617, 0.7071067811865474617, 0.000000000000000000 ) ) ;
#755 = EDGE_CURVE ( 'NONE', #6925, #12216, #10700, .T. ) ;
#756 = EDGE_CURVE ( 'NONE', #7353, #6135, #10832, .T. ) ;
#757 = ADVANCED_FACE ( 'NONE', ( #6098 ), #2178, .T. ) ;
#758 = DIRECTION ( 'NONE',  ( 0.000000000000000000, 0.000000000000000000, -1.000000000000000000 ) ) ;
#759 = ORIENTED_EDGE ( 'NONE', *, *, #12079, .F. ) ;
#760 = DIRECTION ( 'NONE',  ( -1.000000000000000000, 0.000000000000000000, 0.000000000000000000 ) ) ;
#761 = EDGE_LOOP ( 'NONE', ( #3092, #8412, #5917, #4784 ) ) ;
#762 = VERTEX_POINT ( 'NONE', #9022 ) ;
#763 = ADVANCED_FACE ( 'NONE', ( #9084 ), #3168, .T. ) ;
#764 = VERTEX_POINT ( 'NONE', #7161 ) ;
#765 = VECTOR ( 'NONE', #11915, 1000.000000000000000 ) ;
#766 = DIRECTION ( 'NONE',  ( 0.000000000000000000, 0.000000000000000000, -1.000000000000000000 ) ) ;
#767 = LINE ( 'NONE', #942, #9740 ) ;
#768 = DIRECTION ( 'NONE',  ( 0.000000000000000000, 0.000000000000000000, -1.000000000000000000 ) ) ;
#769 = CARTESIAN_POINT ( 'NONE',  ( -75.00000000000000000, 44.25000000000000000, 12.59999999999999964 ) ) ;
#770 = CARTESIAN_POINT ( 'NONE',  ( -50.35000000000000142, 45.65000000000000568, 10.59999999999999964 ) ) ;
#771 = EDGE_CURVE ( 'NONE', #9313, #2106, #10960, .T. ) ;
#772 = PLANE ( 'NONE',  #8840 ) ;
#773 = AXIS2_PLACEMENT_3D ( 'NONE', #11327, #10508, #4708 ) ;
#774 = CARTESIAN_POINT ( 'NONE',  ( -2.200000000000000178, 31.00000000000000000, 4.599999999999999645 ) ) ;
#775 = ORIENTED_EDGE ( 'NONE', *, *, #5150, .T. ) ;
#776 = VERTEX_POINT ( 'NONE', #8150 ) ;
#777 = ORIENTED_EDGE ( 'NONE', *, *, #3673, .F. ) ;
#778 = DIRECTION ( 'NONE',  ( 0.000000000000000000, 0.000000000000000000, -1.000000000000000000 ) ) ;
#779 = CARTESIAN_POINT ( 'NONE',  ( -29.75000000000000000, 50.75000000000000000, 10.09999999999999964 ) ) ;
#780 = DIRECTION ( 'NONE',  ( 1.000000000000000000, 0.000000000000000000, 0.000000000000000000 ) ) ;
#781 = DIRECTION ( 'NONE',  ( 0.000000000000000000, 0.000000000000000000, 1.000000000000000000 ) ) ;
#782 = LINE ( 'NONE', #11290, #8154 ) ;
#783 = VECTOR ( 'NONE', #10192, 1000.000000000000000 ) ;
#784 = CARTESIAN_POINT ( 'NONE',  ( -30.75000000000000000, 1.750000000000000000, 10.09999999999999964 ) ) ;
#785 = EDGE_CURVE ( 'NONE', #10884, #847, #11964, .T. ) ;
#786 = CARTESIAN_POINT ( 'NONE',  ( -2.899999999999999911, 25.50000000000000000, 10.59999999999999964 ) ) ;
#787 = VERTEX_POINT ( 'NONE', #8830 ) ;
#788 = DIRECTION ( 'NONE',  ( 1.000000000000000000, 0.000000000000000000, 0.000000000000000000 ) ) ;
#789 = ORIENTED_EDGE ( 'NONE', *, *, #1028, .T. ) ;
#790 = VECTOR ( 'NONE', #6766, 1000.000000000000000 ) ;
#791 = ORIENTED_EDGE ( 'NONE', *, *, #3099, .T. ) ;
#792 = ORIENTED_EDGE ( 'NONE', *, *, #3160, .F. ) ;
#793 = PLANE ( 'NONE',  #8540 ) ;
#794 = LINE ( 'NONE', #10181, #5389 ) ;
#795 = ORIENTED_EDGE ( 'NONE', *, *, #12327, .F. ) ;
#796 = CARTESIAN_POINT ( 'NONE',  ( -2.500000000000000000, 52.00000000000000000, 1.600000000000000089 ) ) ;
#797 = LINE ( 'NONE', #3575, #5237 ) ;
#798 = VECTOR ( 'NONE', #7899, 1000.000000000000000 ) ;
#799 = CARTESIAN_POINT ( 'NONE',  ( -8.149999999999998579, 1.750000000000000000, 10.09999999999999964 ) ) ;
#800 = AXIS2_PLACEMENT_3D ( 'NONE', #10242, #11062, #8255 ) ;
#801 = PLANE ( 'NONE',  #8264 ) ;
#802 = ADVANCED_FACE ( 'NONE', ( #5465 ), #12148, .F. ) ;
#803 = ORIENTED_EDGE ( 'NONE', *, *, #1288, .F. ) ;
#804 = DIRECTION ( 'NONE',  ( -1.000000000000000000, 0.000000000000000000, 0.000000000000000000 ) ) ;
#805 = AXIS2_PLACEMENT_3D ( 'NONE', #1593, #9988, #4191 ) ;
#806 = ORIENTED_EDGE ( 'NONE', *, *, #8327, .T. ) ;
#807 = AXIS2_PLACEMENT_3D ( 'NONE', #9658, #2075, #8722 ) ;
#808 = ADVANCED_FACE ( 'NONE', ( #9142 ), #7408, .T. ) ;
#809 = VECTOR ( 'NONE', #2366, 1000.000000000000000 ) ;
#810 = VERTEX_POINT ( 'NONE', #9266 ) ;
#811 = DIRECTION ( 'NONE',  ( 0.000000000000000000, 0.000000000000000000, 1.000000000000000000 ) ) ;
#812 = DIRECTION ( 'NONE',  ( 0.000000000000000000, 0.000000000000000000, -1.000000000000000000 ) ) ;
#813 = DIRECTION ( 'NONE',  ( -1.000000000000000000, 0.000000000000000000, 0.000000000000000000 ) ) ;
#814 = VECTOR ( 'NONE', #11278, 1000.000000000000000 ) ;
#815 = AXIS2_PLACEMENT_3D ( 'NONE', #8654, #6973, #1252 ) ;
#816 = AXIS2_PLACEMENT_3D ( 'NONE', #4953, #11504, #5704 ) ;
#817 = CARTESIAN_POINT ( 'NONE',  ( -34.75000000000000000, 1.750000000000000000, 10.09999999999999964 ) ) ;
#818 = VERTEX_POINT ( 'NONE', #4590 ) ;
#819 = CARTESIAN_POINT ( 'NONE',  ( -17.00000000000000000, 50.75000000000000000, 10.09999999999999964 ) ) ;
#820 = ORIENTED_EDGE ( 'NONE', *, *, #10794, .T. ) ;
#821 = ORIENTED_EDGE ( 'NONE', *, *, #6783, .T. ) ;
#822 = AXIS2_PLACEMENT_3D ( 'NONE', #4250, #4063, #8055 ) ;
#823 = ORIENTED_EDGE ( 'NONE', *, *, #1968, .T. ) ;
#824 = CIRCLE ( 'NONE', #1428, 3.125000000000000000 ) ;
#825 = LINE ( 'NONE', #5536, #1192 ) ;
#826 = LINE ( 'NONE', #880, #6960 ) ;
#827 = CARTESIAN_POINT ( 'NONE',  ( -52.75000000000000000, 44.94999999999999574, 10.59999999999999964 ) ) ;
#828 = LINE ( 'NONE', #4603, #3380 ) ;
#829 = CARTESIAN_POINT ( 'NONE',  ( -5.250000000000000000, 32.00000000000000000, 4.599999999999999645 ) ) ;
#830 = EDGE_CURVE ( 'NONE', #2142, #7355, #631, .T. ) ;
#831 = PLANE ( 'NONE',  #1307 ) ;
#832 = LINE ( 'NONE', #7482, #6517 ) ;
#833 = ORIENTED_EDGE ( 'NONE', *, *, #11944, .F. ) ;
#834 = ORIENTED_EDGE ( 'NONE', *, *, #11477, .F. ) ;
#835 = VERTEX_POINT ( 'NONE', #12083 ) ;
#836 = PLANE ( 'NONE',  #6757 ) ;
#837 = ADVANCED_FACE ( 'NONE', ( #2730 ), #5524, .F. ) ;
#838 = DIRECTION ( 'NONE',  ( -1.000000000000000000, 0.000000000000000000, 0.000000000000000000 ) ) ;
#839 = CARTESIAN_POINT ( 'NONE',  ( -64.50000000000000000, 19.00000000000000000, 2.600000000000000089 ) ) ;
#840 = CARTESIAN_POINT ( 'NONE',  ( -57.50000000000000000, 12.50000000000000000, 1.600000000000000089 ) ) ;
#841 = FACE_OUTER_BOUND ( 'NONE', #9054, .T. ) ;
#842 = CARTESIAN_POINT ( 'NONE',  ( -3.250000000000000000, 50.00000000000000000, 10.09999999999999964 ) ) ;
#843 = EDGE_LOOP ( 'NONE', ( #10127, #2231, #6832, #2936 ) ) ;
#844 = DIRECTION ( 'NONE',  ( 1.000000000000000000, 0.000000000000000000, 0.000000000000000000 ) ) ;
#845 = ORIENTED_EDGE ( 'NONE', *, *, #5835, .F. ) ;
#846 = DIRECTION ( 'NONE',  ( 1.000000000000000000, 0.000000000000000000, 0.000000000000000000 ) ) ;
#847 = VERTEX_POINT ( 'NONE', #1687 ) ;
#848 = ORIENTED_EDGE ( 'NONE', *, *, #8653, .T. ) ;
#849 = EDGE_CURVE ( 'NONE', #11153, #10421, #10072, .T. ) ;
#850 = ORIENTED_EDGE ( 'NONE', *, *, #9217, .F. ) ;
#851 = CARTESIAN_POINT ( 'NONE',  ( -2.899999999999999911, 30.30000000000000071, 10.59999999999999964 ) ) ;
#852 = CARTESIAN_POINT ( 'NONE',  ( -23.00000000000000000, 50.75000000000000000, 1.600000000000000089 ) ) ;
#853 = VECTOR ( 'NONE', #4711, 1000.000000000000000 ) ;
#854 = ORIENTED_EDGE ( 'NONE', *, *, #2450, .F. ) ;
#855 = EDGE_LOOP ( 'NONE', ( #10809, #4669, #11085, #11718 ) ) ;
#856 = CARTESIAN_POINT ( 'NONE',  ( -20.50000000000000000, 50.75000000000000000, 1.600000000000000089 ) ) ;
#857 = LINE ( 'NONE', #1671, #2063 ) ;
#858 = CARTESIAN_POINT ( 'NONE',  ( -53.75000000000000000, 45.00000000000000000, 4.599999999999999645 ) ) ;
#859 = FACE_OUTER_BOUND ( 'NONE', #8323, .T. ) ;
#860 = VECTOR ( 'NONE', #9818, 1000.000000000000000 ) ;
#861 = ORIENTED_EDGE ( 'NONE', *, *, #1869, .T. ) ;
#862 = CARTESIAN_POINT ( 'NONE',  ( -5.250000000000000000, 24.50000000000000000, 4.599999999999999645 ) ) ;
#863 = EDGE_CURVE ( 'NONE', #1240, #1646, #2575, .T. ) ;
#864 = ORIENTED_EDGE ( 'NONE', *, *, #1093, .T. ) ;
#865 = PLANE ( 'NONE',  #10327 ) ;
#866 = VERTEX_POINT ( 'NONE', #8210 ) ;
#867 = LINE ( 'NONE', #6336, #4973 ) ;
#868 = FACE_OUTER_BOUND ( 'NONE', #4804, .T. ) ;
#869 = VECTOR ( 'NONE', #9175, 1000.000000000000000 ) ;
#870 = EDGE_CURVE ( 'NONE', #4272, #2087, #9320, .T. ) ;
#871 = DIRECTION ( 'NONE',  ( 0.000000000000000000, 0.000000000000000000, -1.000000000000000000 ) ) ;
#872 = EDGE_CURVE ( 'NONE', #5667, #12262, #3465, .T. ) ;
#873 = DIRECTION ( 'NONE',  ( 0.000000000000000000, 0.000000000000000000, -1.000000000000000000 ) ) ;
#874 = ORIENTED_EDGE ( 'NONE', *, *, #10177, .T. ) ;
#875 = VECTOR ( 'NONE', #3485, 1000.000000000000000 ) ;
#876 = DIRECTION ( 'NONE',  ( 1.000000000000000000, 0.000000000000000000, 0.000000000000000000 ) ) ;
#877 = ORIENTED_EDGE ( 'NONE', *, *, #7966, .F. ) ;
#878 = VERTEX_POINT ( 'NONE', #8452 ) ;
#879 = CARTESIAN_POINT ( 'NONE',  ( -62.50000000000000000, 16.00000000000000000, 2.600000000000000089 ) ) ;
#880 = CARTESIAN_POINT ( 'NONE',  ( -71.00000000000000000, 12.50000000000000000, 12.59999999999999964 ) ) ;
#881 = LINE ( 'NONE', #9585, #5836 ) ;
#882 = VECTOR ( 'NONE', #11681, 1000.000000000000000 ) ;
#883 = CARTESIAN_POINT ( 'NONE',  ( -58.50000000000000000, 44.50000000000000000, 12.59999999999999964 ) ) ;
#884 = DIRECTION ( 'NONE',  ( 1.000000000000000000, 0.000000000000000000, 0.000000000000000000 ) ) ;
#885 = CARTESIAN_POINT ( 'NONE',  ( -62.50000000000000000, 19.00000000000000000, 1.600000000000000089 ) ) ;
#886 = LINE ( 'NONE', #947, #2545 ) ;
#887 = VERTEX_POINT ( 'NONE', #3407 ) ;
#888 = AXIS2_PLACEMENT_3D ( 'NONE', #4677, #8420, #1769 ) ;
#889 = DIRECTION ( 'NONE',  ( 0.000000000000000000, 0.000000000000000000, -1.000000000000000000 ) ) ;
#890 = EDGE_CURVE ( 'NONE', #6810, #6934, #10197, .T. ) ;
#891 = ORIENTED_EDGE ( 'NONE', *, *, #4845, .F. ) ;
#892 = VERTEX_POINT ( 'NONE', #2490 ) ;
#893 = DIRECTION ( 'NONE',  ( 0.000000000000000000, 0.000000000000000000, -1.000000000000000000 ) ) ;
#894 = LINE ( 'NONE', #7432, #10919 ) ;
#895 = DIRECTION ( 'NONE',  ( -0.7071067811865500152, 0.7071067811865450192, 0.000000000000000000 ) ) ;
#896 = LINE ( 'NONE', #7797, #12222 ) ;
#897 = LINE ( 'NONE', #4496, #4559 ) ;
#898 = DIRECTION ( 'NONE',  ( 0.000000000000000000, 1.000000000000000000, 0.000000000000000000 ) ) ;
#899 = VERTEX_POINT ( 'NONE', #6471 ) ;
#900 = VECTOR ( 'NONE', #2138, 1000.000000000000000 ) ;
#901 = AXIS2_PLACEMENT_3D ( 'NONE', #11017, #1626, #4341 ) ;
#902 = EDGE_CURVE ( 'NONE', #5204, #10523, #2588, .T. ) ;
#903 = CARTESIAN_POINT ( 'NONE',  ( 0.000000000000000000, 0.000000000000000000, 10.59999999999999964 ) ) ;
#904 = ADVANCED_FACE ( 'NONE', ( #1623 ), #7344, .T. ) ;
#905 = VERTEX_POINT ( 'NONE', #6340 ) ;
#906 = DIRECTION ( 'NONE',  ( 0.000000000000000000, 0.000000000000000000, -1.000000000000000000 ) ) ;
#907 = EDGE_CURVE ( 'NONE', #306, #6671, #3649, .T. ) ;
#908 = ORIENTED_EDGE ( 'NONE', *, *, #286, .F. ) ;
#909 = VERTEX_POINT ( 'NONE', #11267 ) ;
#910 = AXIS2_PLACEMENT_3D ( 'NONE', #289, #10506, #3265 ) ;
#911 = ORIENTED_EDGE ( 'NONE', *, *, #7100, .T. ) ;
#912 = DIRECTION ( 'NONE',  ( 0.000000000000000000, 1.000000000000000000, 0.000000000000000000 ) ) ;
#913 = AXIS2_PLACEMENT_3D ( 'NONE', #12026, #7163, #10963 ) ;
#914 = DIRECTION ( 'NONE',  ( 0.000000000000000000, -1.000000000000000000, 0.000000000000000000 ) ) ;
#915 = EDGE_CURVE ( 'NONE', #2400, #398, #6524, .T. ) ;
#916 = EDGE_LOOP ( 'NONE', ( #271, #10480, #10758, #10238 ) ) ;
#917 = DIRECTION ( 'NONE',  ( 0.000000000000000000, 0.000000000000000000, 1.000000000000000000 ) ) ;
#918 = LINE ( 'NONE', #8622, #8216 ) ;
#919 = DIRECTION ( 'NONE',  ( 1.000000000000000000, 0.000000000000000000, 0.000000000000000000 ) ) ;
#920 = CARTESIAN_POINT ( 'NONE',  ( 0.000000000000000000, 0.000000000000000000, 12.59999999999999964 ) ) ;
#921 = VERTEX_POINT ( 'NONE', #1561 ) ;
#922 = ADVANCED_FACE ( 'NONE', ( #11077 ), #2549, .F. ) ;
#923 = ORIENTED_EDGE ( 'NONE', *, *, #7696, .T. ) ;
#924 = FACE_OUTER_BOUND ( 'NONE', #7876, .T. ) ;
#925 = ORIENTED_EDGE ( 'NONE', *, *, #7724, .F. ) ;
#926 = DIRECTION ( 'NONE',  ( 0.000000000000000000, 1.000000000000000000, 0.000000000000000000 ) ) ;
#927 = EDGE_LOOP ( 'NONE', ( #2905, #12192, #4794, #44 ) ) ;
#928 = PLANE ( 'NONE',  #6172 ) ;
#929 = LINE ( 'NONE', #11201, #3629 ) ;
#930 = FACE_BOUND ( 'NONE', #9495, .T. ) ;
#931 = EDGE_CURVE ( 'NONE', #5726, #1361, #2220, .T. ) ;
#932 = CARTESIAN_POINT ( 'NONE',  ( -52.75000000000000000, 28.25000000000000000, 2.100000000000000089 ) ) ;
#933 = LINE ( 'NONE', #4649, #1118 ) ;
#934 = ORIENTED_EDGE ( 'NONE', *, *, #3626, .T. ) ;
#935 = EDGE_CURVE ( 'NONE', #8890, #8917, #3775, .T. ) ;
#936 = DIRECTION ( 'NONE',  ( 1.000000000000000000, 0.000000000000000000, 0.000000000000000000 ) ) ;
#937 = ORIENTED_EDGE ( 'NONE', *, *, #5478, .T. ) ;
#938 = EDGE_LOOP ( 'NONE', ( #1987, #4889, #5459, #4363 ) ) ;
#939 = EDGE_LOOP ( 'NONE', ( #7278, #5873, #3731, #2057 ) ) ;
#940 = CARTESIAN_POINT ( 'NONE',  ( -67.50000000000000000, 12.50000000000000000, 7.599999999999999645 ) ) ;
#941 = DIRECTION ( 'NONE',  ( 0.000000000000000000, -1.000000000000000000, 0.000000000000000000 ) ) ;
#942 = CARTESIAN_POINT ( 'NONE',  ( -25.75000000000000000, 2.750000000000000000, 10.09999999999999964 ) ) ;
#943 = LINE ( 'NONE', #4659, #11423 ) ;
#944 = CARTESIAN_POINT ( 'NONE',  ( -23.00000000000000000, 51.75000000000000000, 1.600000000000000089 ) ) ;
#945 = EDGE_CURVE ( 'NONE', #4628, #3751, #9505, .T. ) ;
#946 = LINE ( 'NONE', #1069, #2301 ) ;
#947 = CARTESIAN_POINT ( 'NONE',  ( -44.75000000000000000, 50.75000000000000000, 10.09999999999999964 ) ) ;
#948 = ADVANCED_FACE ( 'NONE', ( #7009 ), #5067, .T. ) ;
#949 = VERTEX_POINT ( 'NONE', #10503 ) ;
#950 = CARTESIAN_POINT ( 'NONE',  ( -69.00000000000000000, 8.000000000000000000, 8.849999999999999645 ) ) ;
#951 = AXIS2_PLACEMENT_3D ( 'NONE', #12172, #7426, #11222 ) ;
#952 = ORIENTED_EDGE ( 'NONE', *, *, #9940, .F. ) ;
#953 = EDGE_LOOP ( 'NONE', ( #10824, #714, #237, #6795 ) ) ;
#954 = CARTESIAN_POINT ( 'NONE',  ( -59.00000000000000000, 20.25000000000000000, 2.600000000000000089 ) ) ;
#955 = EDGE_CURVE ( 'NONE', #6969, #6168, #2854, .T. ) ;
#956 = SPHERICAL_SURFACE ( 'NONE', #9714, 0.2500000000000000000 ) ;
#957 = CARTESIAN_POINT ( 'NONE',  ( -47.25000000000000000, 50.75000000000000000, 10.09999999999999964 ) ) ;
#958 = DIRECTION ( 'NONE',  ( 0.000000000000000000, -1.000000000000000000, 0.000000000000000000 ) ) ;
#959 = FACE_OUTER_BOUND ( 'NONE', #9777, .T. ) ;
#960 = DIRECTION ( 'NONE',  ( 0.000000000000000000, 0.000000000000000000, 1.000000000000000000 ) ) ;
#961 = EDGE_CURVE ( 'NONE', #764, #3401, #1285, .T. ) ;
#962 = VECTOR ( 'NONE', #10696, 1000.000000000000000 ) ;
#963 = CARTESIAN_POINT ( 'NONE',  ( -12.00000000000000000, 51.75000000000000000, 10.09999999999999964 ) ) ;
#964 = ORIENTED_EDGE ( 'NONE', *, *, #369, .F. ) ;
#965 = CARTESIAN_POINT ( 'NONE',  ( 0.000000000000000000, 0.000000000000000000, 2.600000000000000089 ) ) ;
#966 = ORIENTED_EDGE ( 'NONE', *, *, #771, .F. ) ;
#967 = VERTEX_POINT ( 'NONE', #10383 ) ;
#968 = ORIENTED_EDGE ( 'NONE', *, *, #3404, .F. ) ;
#969 = CARTESIAN_POINT ( 'NONE',  ( -53.50000000000000000, 51.00000000000000000, 1.600000000000000089 ) ) ;
#970 = LINE ( 'NONE', #9485, #2004 ) ;
#971 = ORIENTED_EDGE ( 'NONE', *, *, #2718, .F. ) ;
#972 = AXIS2_PLACEMENT_3D ( 'NONE', #3284, #2363, #1738 ) ;
#973 = VERTEX_POINT ( 'NONE', #4126 ) ;
#974 = DIRECTION ( 'NONE',  ( 0.000000000000000000, 1.000000000000000000, 0.000000000000000000 ) ) ;
#975 = CARTESIAN_POINT ( 'NONE',  ( -24.75000000000000000, 2.750000000000000000, 10.09999999999999964 ) ) ;
#976 = DIRECTION ( 'NONE',  ( -0.7071067811865475727, -0.000000000000000000, -0.7071067811865475727 ) ) ;
#977 = LINE ( 'NONE', #4756, #9420 ) ;
#978 = ADVANCED_FACE ( 'NONE', ( #3714 ), #993, .T. ) ;
#979 = CARTESIAN_POINT ( 'NONE',  ( -3.750000000000000000, 20.00000000000000000, 9.599999999999999645 ) ) ;
#980 = ADVANCED_FACE ( 'NONE', ( #11742, #8869, #3899, #3203, #3837, #1924, #10804, #6704, #1981, #9447, #5772, #8514, #1347, #1864, #1051, #930, #7588, #6937 ), #4703, .T. ) ;
#981 = VERTEX_POINT ( 'NONE', #5706 ) ;
#982 = CIRCLE ( 'NONE', #8332, 0.2500000000000002220 ) ;
#983 = ORIENTED_EDGE ( 'NONE', *, *, #1645, .T. ) ;
#984 = DIRECTION ( 'NONE',  ( 1.000000000000000000, 0.000000000000000000, 0.000000000000000000 ) ) ;
#985 = ORIENTED_EDGE ( 'NONE', *, *, #11917, .T. ) ;
#986 = DIRECTION ( 'NONE',  ( 0.000000000000000000, -1.000000000000000000, 0.000000000000000000 ) ) ;
#987 = VECTOR ( 'NONE', #5343, 1000.000000000000000 ) ;
#988 = VERTEX_POINT ( 'NONE', #8639 ) ;
#989 = FACE_OUTER_BOUND ( 'NONE', #6386, .T. ) ;
#990 = CARTESIAN_POINT ( 'NONE',  ( -66.12073400415064839, 33.70000000000000284, 9.763636884922910042 ) ) ;
#991 = ADVANCED_FACE ( 'NONE', ( #116 ), #3956, .T. ) ;
#992 = VECTOR ( 'NONE', #3449, 1000.000000000000000 ) ;
#993 = SPHERICAL_SURFACE ( 'NONE', #8344, 0.2500000000000000000 ) ;
#994 = DIRECTION ( 'NONE',  ( 0.000000000000000000, 0.000000000000000000, -1.000000000000000000 ) ) ;
#995 = VECTOR ( 'NONE', #661, 1000.000000000000000 ) ;
#996 = CARTESIAN_POINT ( 'NONE',  ( -32.25000000000000000, 50.75000000000000000, 1.600000000000000089 ) ) ;
#997 = VERTEX_POINT ( 'NONE', #11388 ) ;
#998 = AXIS2_PLACEMENT_3D ( 'NONE', #5660, #1753, #2741 ) ;
#999 = AXIS2_PLACEMENT_3D ( 'NONE', #8236, #6185, #7377 ) ;
#1000 = FACE_BOUND ( 'NONE', #9853, .T. ) ;
#1001 = ORIENTED_EDGE ( 'NONE', *, *, #2800, .T. ) ;
#1002 = ORIENTED_EDGE ( 'NONE', *, *, #184, .T. ) ;
#1003 = DIRECTION ( 'NONE',  ( -0.000000000000000000, -1.000000000000000000, -0.000000000000000000 ) ) ;
#1004 = VECTOR ( 'NONE', #5238, 1000.000000000000000 ) ;
#1005 = DIRECTION ( 'NONE',  ( -0.000000000000000000, -0.000000000000000000, 1.000000000000000000 ) ) ;
#1006 = CARTESIAN_POINT ( 'NONE',  ( -2.500000000000000000, 36.00000000000000000, 1.600000000000000089 ) ) ;
#1007 = LINE ( 'NONE', #2927, #6641 ) ;
#1008 = AXIS2_PLACEMENT_3D ( 'NONE', #251, #5094, #7038 ) ;
#1009 = CARTESIAN_POINT ( 'NONE',  ( -68.50000000000000000, 53.50000000000000000, 1.600000000000000089 ) ) ;
#1010 = FACE_OUTER_BOUND ( 'NONE', #7013, .T. ) ;
#1011 = LINE ( 'NONE', #11409, #7903 ) ;
#1012 = ORIENTED_EDGE ( 'NONE', *, *, #9343, .T. ) ;
#1013 = VECTOR ( 'NONE', #9989, 1000.000000000000000 ) ;
#1014 = DIRECTION ( 'NONE',  ( 0.000000000000000000, -1.000000000000000000, 0.000000000000000000 ) ) ;
#1015 = AXIS2_PLACEMENT_3D ( 'NONE', #10865, #9673, #1162 ) ;
#1016 = ORIENTED_EDGE ( 'NONE', *, *, #1825, .F. ) ;
#1017 = ORIENTED_EDGE ( 'NONE', *, *, #7974, .T. ) ;
#1018 = LINE ( 'NONE', #7488, #7954 ) ;
#1019 = CARTESIAN_POINT ( 'NONE',  ( -68.50000000000000000, 53.50000000000000000, 1.600000000000000089 ) ) ;
#1020 = PLANE ( 'NONE',  #1399 ) ;
#1021 = CARTESIAN_POINT ( 'NONE',  ( -39.75000000000000000, 11.50000000000000000, 9.599999999999999645 ) ) ;
#1022 = FACE_OUTER_BOUND ( 'NONE', #8828, .T. ) ;
#1023 = FACE_OUTER_BOUND ( 'NONE', #2190, .T. ) ;
#1024 = EDGE_CURVE ( 'NONE', #3507, #2217, #5126, .T. ) ;
#1025 = AXIS2_PLACEMENT_3D ( 'NONE', #5691, #917, #9554 ) ;
#1026 = CARTESIAN_POINT ( 'NONE',  ( -38.75000000000000000, 51.75000000000000000, 1.600000000000000089 ) ) ;
#1027 = EDGE_LOOP ( 'NONE', ( #5188, #12142, #3946, #4807 ) ) ;
#1028 = EDGE_CURVE ( 'NONE', #10737, #973, #12267, .T. ) ;
#1029 = CARTESIAN_POINT ( 'NONE',  ( -17.75000000000000000, 1.750000000000000000, 10.09999999999999964 ) ) ;
#1030 = ORIENTED_EDGE ( 'NONE', *, *, #9958, .F. ) ;
#1031 = EDGE_LOOP ( 'NONE', ( #6593, #5000, #6440, #11501 ) ) ;
#1032 = ORIENTED_EDGE ( 'NONE', *, *, #7506, .F. ) ;
#1033 = CARTESIAN_POINT ( 'NONE',  ( -47.25000000000000000, 45.65000000000000568, 10.59999999999999964 ) ) ;
#1034 = LINE ( 'NONE', #9671, #9357 ) ;
#1035 = ORIENTED_EDGE ( 'NONE', *, *, #10259, .T. ) ;
#1036 = CARTESIAN_POINT ( 'NONE',  ( -42.75000000000000000, 9.000000000000000000, 6.850000000000000533 ) ) ;
#1037 = CARTESIAN_POINT ( 'NONE',  ( -4.500000000000000000, 50.75000000000000000, 10.09999999999999964 ) ) ;
#1038 = DIRECTION ( 'NONE',  ( -1.000000000000000000, 0.000000000000000000, 0.000000000000000000 ) ) ;
#1039 = CARTESIAN_POINT ( 'NONE',  ( -47.25000000000000000, 48.00000000000000000, 10.59999999999999964 ) ) ;
#1040 = EDGE_CURVE ( 'NONE', #5268, #10828, #10169, .T. ) ;
#1041 = CARTESIAN_POINT ( 'NONE',  ( -35.75000000000000000, 1.750000000000000000, 10.09999999999999964 ) ) ;
#1042 = EDGE_LOOP ( 'NONE', ( #7447, #11487, #8851, #25 ) ) ;
#1043 = ORIENTED_EDGE ( 'NONE', *, *, #4765, .F. ) ;
#1044 = EDGE_CURVE ( 'NONE', #4952, #4027, #6250, .T. ) ;
#1045 = LINE ( 'NONE', #2970, #2760 ) ;
#1046 = ORIENTED_EDGE ( 'NONE', *, *, #9908, .F. ) ;
#1047 = CARTESIAN_POINT ( 'NONE',  ( -52.75000000000000000, 27.50000000000000000, 3.600000000000000089 ) ) ;
#1048 = ORIENTED_EDGE ( 'NONE', *, *, #5160, .T. ) ;
#1049 = DIRECTION ( 'NONE',  ( 0.000000000000000000, 0.000000000000000000, -1.000000000000000000 ) ) ;
#1050 = DIRECTION ( 'NONE',  ( 0.000000000000000000, 0.000000000000000000, -1.000000000000000000 ) ) ;
#1051 = FACE_BOUND ( 'NONE', #7306, .T. ) ;
#1052 = VECTOR ( 'NONE', #3965, 1000.000000000000000 ) ;
#1053 = CARTESIAN_POINT ( 'NONE',  ( -12.94999999999999929, 2.750000000000000000, 10.09999999999999964 ) ) ;
#1054 = DIRECTION ( 'NONE',  ( 0.000000000000000000, 1.000000000000000000, 0.000000000000000000 ) ) ;
#1055 = ORIENTED_EDGE ( 'NONE', *, *, #5610, .T. ) ;
#1056 = EDGE_CURVE ( 'NONE', #5806, #4907, #7255, .T. ) ;
#1057 = LINE ( 'NONE', #4782, #11904 ) ;
#1058 = EDGE_CURVE ( 'NONE', #5690, #10566, #8185, .T. ) ;
#1059 = ORIENTED_EDGE ( 'NONE', *, *, #8391, .T. ) ;
#1060 = AXIS2_PLACEMENT_3D ( 'NONE', #8944, #7026, #9129 ) ;
#1061 = ORIENTED_EDGE ( 'NONE', *, *, #332, .F. ) ;
#1062 = DIRECTION ( 'NONE',  ( 0.000000000000000000, 0.000000000000000000, -1.000000000000000000 ) ) ;
#1063 = EDGE_CURVE ( 'NONE', #10736, #2542, #10867, .T. ) ;
#1064 = CARTESIAN_POINT ( 'NONE',  ( -58.75000000000000000, 32.25000000000000000, 12.59999999999999964 ) ) ;
#1065 = CARTESIAN_POINT ( 'NONE',  ( -62.50000000000000000, 14.50000000000000000, 1.600000000000000089 ) ) ;
#1066 = DIRECTION ( 'NONE',  ( 0.000000000000000000, 1.000000000000000000, 0.000000000000000000 ) ) ;
#1067 = DIRECTION ( 'NONE',  ( 0.000000000000000000, 0.000000000000000000, -1.000000000000000000 ) ) ;
#1068 = CIRCLE ( 'NONE', #2458, 1.500000000000001332 ) ;
#1069 = CARTESIAN_POINT ( 'NONE',  ( -50.35000000000000142, 47.30000000000000426, 10.59999999999999964 ) ) ;
#1070 = EDGE_CURVE ( 'NONE', #11170, #10217, #8242, .T. ) ;
#1071 = DIRECTION ( 'NONE',  ( -1.000000000000000000, -0.000000000000000000, -0.000000000000000000 ) ) ;
#1072 = ORIENTED_EDGE ( 'NONE', *, *, #12322, .T. ) ;
#1073 = CARTESIAN_POINT ( 'NONE',  ( -2.200000000000000178, 26.20000000000000284, 10.59999999999999964 ) ) ;
#1074 = VERTEX_POINT ( 'NONE', #1655 ) ;
#1075 = ORIENTED_EDGE ( 'NONE', *, *, #3522, .T. ) ;
#1076 = ORIENTED_EDGE ( 'NONE', *, *, #10633, .T. ) ;
#1077 = CARTESIAN_POINT ( 'NONE',  ( -5.750000000000000000, 2.750000000000000000, 10.09999999999999964 ) ) ;
#1078 = VECTOR ( 'NONE', #5845, 1000.000000000000000 ) ;
#1079 = LINE ( 'NONE', #5919, #9315 ) ;
#1080 = FACE_OUTER_BOUND ( 'NONE', #9409, .T. ) ;
#1081 = CARTESIAN_POINT ( 'NONE',  ( -28.75000000000000000, 51.75000000000000000, 10.09999999999999964 ) ) ;
#1082 = DIRECTION ( 'NONE',  ( 0.000000000000000000, 0.000000000000000000, -1.000000000000000000 ) ) ;
#1083 = DIRECTION ( 'NONE',  ( 0.000000000000000000, 0.000000000000000000, -1.000000000000000000 ) ) ;
#1084 = EDGE_LOOP ( 'NONE', ( #8475, #3827, #6582, #2532 ) ) ;
#1085 = ADVANCED_FACE ( 'NONE', ( #6191 ), #6752, .T. ) ;
#1086 = LINE ( 'NONE', #12242, #495 ) ;
#1087 = AXIS2_PLACEMENT_3D ( 'NONE', #5898, #7645, #11576 ) ;
#1088 = AXIS2_PLACEMENT_3D ( 'NONE', #3850, #5598, #3725 ) ;
#1089 = VERTEX_POINT ( 'NONE', #7196 ) ;
#1090 = ADVANCED_FACE ( 'NONE', ( #6313 ), #8120, .T. ) ;
#1091 = CARTESIAN_POINT ( 'NONE',  ( 0.000000000000000000, 5.000000000000000000, 1.600000000000000089 ) ) ;
#1092 = VERTEX_POINT ( 'NONE', #10047 ) ;
#1093 = EDGE_CURVE ( 'NONE', #11397, #3749, #9059, .T. ) ;
#1094 = ORIENTED_EDGE ( 'NONE', *, *, #177, .T. ) ;
#1095 = EDGE_LOOP ( 'NONE', ( #1012, #3914, #6322, #4480 ) ) ;
#1096 = PLANE ( 'NONE',  #10123 ) ;
#1097 = PLANE ( 'NONE',  #6971 ) ;
#1098 = VERTEX_POINT ( 'NONE', #10102 ) ;
#1099 = CYLINDRICAL_SURFACE ( 'NONE', #6984, 3.250000000000002665 ) ;
#1100 = LINE ( 'NONE', #975, #6826 ) ;
#1101 = AXIS2_PLACEMENT_3D ( 'NONE', #11111, #5317, #7437 ) ;
#1102 = VECTOR ( 'NONE', #1895, 1000.000000000000000 ) ;
#1103 = ADVANCED_FACE ( 'NONE', ( #2403 ), #9923, .F. ) ;
#1104 = DIRECTION ( 'NONE',  ( 0.000000000000000000, 1.000000000000000000, 0.000000000000000000 ) ) ;
#1105 = LINE ( 'NONE', #6753, #8635 ) ;
#1106 = CARTESIAN_POINT ( 'NONE',  ( -4.549999999999999822, 0.000000000000000000, 4.599999999999999645 ) ) ;
#1107 = ORIENTED_EDGE ( 'NONE', *, *, #1040, .T. ) ;
#1108 = VECTOR ( 'NONE', #2205, 1000.000000000000000 ) ;
#1109 = ORIENTED_EDGE ( 'NONE', *, *, #755, .F. ) ;
#1110 = DIRECTION ( 'NONE',  ( 0.000000000000000000, 0.000000000000000000, 1.000000000000000000 ) ) ;
#1111 = EDGE_CURVE ( 'NONE', #7780, #2922, #1537, .T. ) ;
#1112 = EDGE_LOOP ( 'NONE', ( #5821, #7593, #8666, #7608 ) ) ;
#1113 = DIRECTION ( 'NONE',  ( 0.7071067811865475727, 0.7071067811865475727, 0.000000000000000000 ) ) ;
#1114 = ORIENTED_EDGE ( 'NONE', *, *, #369, .T. ) ;
#1115 = PLANE ( 'NONE',  #8165 ) ;
#1116 = CARTESIAN_POINT ( 'NONE',  ( -13.00000000000000000, 50.75000000000000000, 10.09999999999999964 ) ) ;
#1117 = EDGE_CURVE ( 'NONE', #866, #2658, #7072, .T. ) ;
#1118 = VECTOR ( 'NONE', #4706, 1000.000000000000000 ) ;
#1119 = VERTEX_POINT ( 'NONE', #2339 ) ;
#1120 = VECTOR ( 'NONE', #3516, 1000.000000000000000 ) ;
#1121 = CYLINDRICAL_SURFACE ( 'NONE', #1087, 0.2500000000000002220 ) ;
#1122 = ADVANCED_FACE ( 'NONE', ( #5253 ), #6376, .F. ) ;
#1123 = EDGE_CURVE ( 'NONE', #11938, #1746, #2462, .T. ) ;
#1124 = EDGE_LOOP ( 'NONE', ( #4609, #6478, #6889, #6243 ) ) ;
#1125 = LINE ( 'NONE', #2984, #1376 ) ;
#1126 = ORIENTED_EDGE ( 'NONE', *, *, #3503, .F. ) ;
#1127 = ORIENTED_EDGE ( 'NONE', *, *, #4080, .F. ) ;
#1128 = PLANE ( 'NONE',  #11194 ) ;
#1129 = CARTESIAN_POINT ( 'NONE',  ( -52.75000000000000000, 26.00000000000000000, 2.350000000000000089 ) ) ;
#1130 = EDGE_CURVE ( 'NONE', #11397, #1453, #4959, .T. ) ;
#1131 = CARTESIAN_POINT ( 'NONE',  ( -21.00000000000000000, 1.000000000000000000, 10.09999999999999964 ) ) ;
#1132 = CARTESIAN_POINT ( 'NONE',  ( -29.75000000000000000, 1.750000000000000000, 10.09999999999999964 ) ) ;
#1133 = DIRECTION ( 'NONE',  ( 1.000000000000000000, 0.000000000000000000, 0.000000000000000000 ) ) ;
#1134 = EDGE_CURVE ( 'NONE', #12337, #8616, #2586, .T. ) ;
#1135 = CARTESIAN_POINT ( 'NONE',  ( -32.25000000000000000, 51.75000000000000000, 10.09999999999999964 ) ) ;
#1136 = EDGE_CURVE ( 'NONE', #9456, #2637, #8062, .T. ) ;
#1137 = LINE ( 'NONE', #8897, #11699 ) ;
#1138 = VERTEX_POINT ( 'NONE', #5615 ) ;
#1139 = LINE ( 'NONE', #2068, #181 ) ;
#1140 = ORIENTED_EDGE ( 'NONE', *, *, #3221, .F. ) ;
#1141 = VERTEX_POINT ( 'NONE', #5497 ) ;
#1142 = VERTEX_POINT ( 'NONE', #9290 ) ;
#1143 = DIRECTION ( 'NONE',  ( -1.000000000000000000, 0.000000000000000000, 0.000000000000000000 ) ) ;
#1144 = PLANE ( 'NONE',  #8915 ) ;
#1145 = CARTESIAN_POINT ( 'NONE',  ( -39.75000000000000000, 1.750000000000000000, 10.09999999999999964 ) ) ;
#1146 = DIRECTION ( 'NONE',  ( 1.000000000000000000, 0.000000000000000000, 0.000000000000000000 ) ) ;
#1147 = EDGE_CURVE ( 'NONE', #8987, #8279, #782, .T. ) ;
#1148 = CARTESIAN_POINT ( 'NONE',  ( -61.00000000000000000, 8.000000000000000000, 7.849999999999999645 ) ) ;
#1149 = DIRECTION ( 'NONE',  ( 0.000000000000000000, 1.000000000000000000, 0.000000000000000000 ) ) ;
#1150 = ORIENTED_EDGE ( 'NONE', *, *, #6181, .F. ) ;
#1151 = CARTESIAN_POINT ( 'NONE',  ( -46.00000000000000000, 37.25000000000000000, 2.600000000000000089 ) ) ;
#1152 = VERTEX_POINT ( 'NONE', #11176 ) ;
#1153 = PLANE ( 'NONE',  #1985 ) ;
#1154 = ORIENTED_EDGE ( 'NONE', *, *, #4085, .F. ) ;
#1155 = ORIENTED_EDGE ( 'NONE', *, *, #10198, .T. ) ;
#1156 = ORIENTED_EDGE ( 'NONE', *, *, #3305, .F. ) ;
#1157 = ORIENTED_EDGE ( 'NONE', *, *, #3997, .T. ) ;
#1158 = CARTESIAN_POINT ( 'NONE',  ( -75.00000000000000000, 33.45000000000000284, 3.550000000000000266 ) ) ;
#1159 = CARTESIAN_POINT ( 'NONE',  ( -22.25000000000000000, 2.750000000000000000, 10.09999999999999964 ) ) ;
#1160 = EDGE_LOOP ( 'NONE', ( #8377, #1910, #7001, #9691 ) ) ;
#1161 = EDGE_CURVE ( 'NONE', #8136, #981, #897, .T. ) ;
#1162 = DIRECTION ( 'NONE',  ( -1.000000000000000000, 0.000000000000000000, 0.000000000000000000 ) ) ;
#1163 = CARTESIAN_POINT ( 'NONE',  ( -52.75000000000000000, 44.00000000000000000, 4.599999999999999645 ) ) ;
#1164 = LINE ( 'NONE', #9675, #7372 ) ;
#1165 = VECTOR ( 'NONE', #4805, 1000.000000000000000 ) ;
#1166 = DIRECTION ( 'NONE',  ( 0.000000000000000000, 0.000000000000000000, -1.000000000000000000 ) ) ;
#1167 = CARTESIAN_POINT ( 'NONE',  ( -46.25000000000000000, 50.75000000000000000, 1.600000000000000089 ) ) ;
#1168 = VERTEX_POINT ( 'NONE', #2883 ) ;
#1169 = VERTEX_POINT ( 'NONE', #3740 ) ;
#1171 = VECTOR ( 'NONE', #6897, 1000.000000000000000 ) ;
#1170 = CARTESIAN_POINT ( 'NONE',  ( -17.75000000000000000, 2.750000000000000000, 10.09999999999999964 ) ) ;
#1172 = ORIENTED_EDGE ( 'NONE', *, *, #12114, .T. ) ;
#1173 = ORIENTED_EDGE ( 'NONE', *, *, #4608, .F. ) ;
#1174 = LINE ( 'NONE', #11823, #5362 ) ;
#1175 = EDGE_LOOP ( 'NONE', ( #11671, #1917 ) ) ;
#1176 = LINE ( 'NONE', #8575, #10952 ) ;
#1177 = LINE ( 'NONE', #2852, #3423 ) ;
#1178 = AXIS2_PLACEMENT_3D ( 'NONE', #862, #9565, #6887 ) ;
#1179 = ADVANCED_FACE ( 'NONE', ( #5555 ), #4557, .T. ) ;
#1180 = DIRECTION ( 'NONE',  ( 0.000000000000000000, 0.000000000000000000, -1.000000000000000000 ) ) ;
#1181 = ORIENTED_EDGE ( 'NONE', *, *, #9298, .T. ) ;
#1182 = ADVANCED_FACE ( 'NONE', ( #841 ), #12184, .T. ) ;
#1183 = LINE ( 'NONE', #3100, #1171 ) ;
#1184 = VECTOR ( 'NONE', #11790, 1000.000000000000000 ) ;
#1185 = AXIS2_PLACEMENT_3D ( 'NONE', #608, #1484, #4384 ) ;
#1186 = ORIENTED_EDGE ( 'NONE', *, *, #9388, .F. ) ;
#1187 = CARTESIAN_POINT ( 'NONE',  ( -27.25000000000000000, 50.75000000000000000, 10.09999999999999964 ) ) ;
#1188 = DIRECTION ( 'NONE',  ( 0.000000000000000000, 0.000000000000000000, -1.000000000000000000 ) ) ;
#1189 = CARTESIAN_POINT ( 'NONE',  ( -59.00000000000000000, 20.50000000000000000, 1.600000000000000089 ) ) ;
#1190 = CARTESIAN_POINT ( 'NONE',  ( -24.25000000000000000, 50.00000000000000000, 10.09999999999999964 ) ) ;
#1191 = CARTESIAN_POINT ( 'NONE',  ( -42.75000000000000000, 9.000000000000000000, 6.850000000000000533 ) ) ;
#1192 = VECTOR ( 'NONE', #766, 1000.000000000000000 ) ;
#1193 = VECTOR ( 'NONE', #4686, 1000.000000000000000 ) ;
#1194 = CARTESIAN_POINT ( 'NONE',  ( -28.25000000000000000, 2.750000000000000000, 10.09999999999999964 ) ) ;
#1195 = CARTESIAN_POINT ( 'NONE',  ( -12.00000000000000000, 50.75000000000000000, 10.09999999999999964 ) ) ;
#1196 = ORIENTED_EDGE ( 'NONE', *, *, #11274, .F. ) ;
#1197 = DIRECTION ( 'NONE',  ( -1.000000000000000000, 0.000000000000000000, 0.000000000000000000 ) ) ;
#1198 = VECTOR ( 'NONE', #6126, 1000.000000000000000 ) ;
#1199 = ORIENTED_EDGE ( 'NONE', *, *, #2628, .F. ) ;
#1200 = VERTEX_POINT ( 'NONE', #9235 ) ;
#1201 = ORIENTED_EDGE ( 'NONE', *, *, #1134, .T. ) ;
#1202 = VECTOR ( 'NONE', #5537, 1000.000000000000000 ) ;
#1203 = VECTOR ( 'NONE', #10922, 1000.000000000000000 ) ;
#1204 = DIRECTION ( 'NONE',  ( -1.000000000000000000, -0.000000000000000000, -0.000000000000000000 ) ) ;
#1205 = CARTESIAN_POINT ( 'NONE',  ( -2.250000000000000000, 24.50000000000000000, 4.599999999999999645 ) ) ;
#1206 = LINE ( 'NONE', #8979, #10211 ) ;
#1207 = ADVANCED_FACE ( 'NONE', ( #959 ), #2646, .F. ) ;
#1208 = DIRECTION ( 'NONE',  ( -1.000000000000000000, 0.000000000000000000, 0.000000000000000000 ) ) ;
#1209 = DIRECTION ( 'NONE',  ( 1.000000000000000000, 0.000000000000000000, 0.000000000000000000 ) ) ;
#1210 = VECTOR ( 'NONE', #4990, 1000.000000000000000 ) ;
#1211 = CARTESIAN_POINT ( 'NONE',  ( -59.00000000000000000, 15.54999999999999893, 2.600000000000000089 ) ) ;
#1212 = AXIS2_PLACEMENT_3D ( 'NONE', #9768, #186, #11777 ) ;
#1213 = ORIENTED_EDGE ( 'NONE', *, *, #6573, .T. ) ;
#1214 = AXIS2_PLACEMENT_3D ( 'NONE', #2488, #1684, #811 ) ;
#1215 = CARTESIAN_POINT ( 'NONE',  ( -31.25000000000000000, 50.75000000000000000, 1.600000000000000089 ) ) ;
#1216 = VERTEX_POINT ( 'NONE', #9475 ) ;
#1217 = EDGE_CURVE ( 'NONE', #7907, #9774, #4676, .T. ) ;
#1218 = VERTEX_POINT ( 'NONE', #8301 ) ;
#1219 = EDGE_LOOP ( 'NONE', ( #2966, #3165, #8065, #11460 ) ) ;
#1220 = LINE ( 'NONE', #4931, #2395 ) ;
#1221 = LINE ( 'NONE', #1342, #6773 ) ;
#1222 = AXIS2_PLACEMENT_3D ( 'NONE', #9815, #297, #1302 ) ;
#1223 = ORIENTED_EDGE ( 'NONE', *, *, #9374, .T. ) ;
#1224 = DIRECTION ( 'NONE',  ( 0.000000000000000000, 1.000000000000000000, 0.000000000000000000 ) ) ;
#1225 = CARTESIAN_POINT ( 'NONE',  ( -75.00000000000000000, 44.50000000000000000, 12.59999999999999964 ) ) ;
#1226 = VECTOR ( 'NONE', #11106, 1000.000000000000000 ) ;
#1227 = PLANE ( 'NONE',  #5256 ) ;
#1228 = EDGE_CURVE ( 'NONE', #10560, #1636, #10228, .T. ) ;
#1229 = DIRECTION ( 'NONE',  ( 0.000000000000000000, 0.000000000000000000, -1.000000000000000000 ) ) ;
#1230 = EDGE_LOOP ( 'NONE', ( #4707, #12029, #8985, #7938 ) ) ;
#1231 = ORIENTED_EDGE ( 'NONE', *, *, #3609, .F. ) ;
#1232 = CARTESIAN_POINT ( 'NONE',  ( 0.000000000000000000, 48.00000000000000000, 4.599999999999999645 ) ) ;
#1233 = ORIENTED_EDGE ( 'NONE', *, *, #10872, .F. ) ;
#1234 = VERTEX_POINT ( 'NONE', #4734 ) ;
#1235 = DIRECTION ( 'NONE',  ( -1.000000000000000000, 0.000000000000000000, 0.000000000000000000 ) ) ;
#1236 = DIRECTION ( 'NONE',  ( 0.000000000000000000, 0.000000000000000000, 1.000000000000000000 ) ) ;
#1237 = VERTEX_POINT ( 'NONE', #8481 ) ;
#1238 = LINE ( 'NONE', #10688, #10348 ) ;
#1239 = CARTESIAN_POINT ( 'NONE',  ( -10.55000000000000071, 2.750000000000000000, 10.09999999999999964 ) ) ;
#1240 = VERTEX_POINT ( 'NONE', #12292 ) ;
#1241 = LINE ( 'NONE', #5025, #86 ) ;
#1242 = EDGE_CURVE ( 'NONE', #7084, #2400, #8544, .T. ) ;
#1243 = EDGE_LOOP ( 'NONE', ( #8694, #4710, #1953, #9553 ) ) ;
#1244 = EDGE_CURVE ( 'NONE', #6200, #6168, #11355, .T. ) ;
#1245 = FACE_OUTER_BOUND ( 'NONE', #8305, .T. ) ;
#1246 = ORIENTED_EDGE ( 'NONE', *, *, #5272, .F. ) ;
#1247 = EDGE_CURVE ( 'NONE', #4027, #7429, #11332, .T. ) ;
#1248 = EDGE_CURVE ( 'NONE', #76, #4168, #3805, .T. ) ;
#1249 = LINE ( 'NONE', #125, #3818 ) ;
#1250 = AXIS2_PLACEMENT_3D ( 'NONE', #11648, #6901, #2177 ) ;
#1251 = CARTESIAN_POINT ( 'NONE',  ( -23.25000000000000000, 2.750000000000000000, 10.09999999999999964 ) ) ;
#1252 = DIRECTION ( 'NONE',  ( 0.000000000000000000, 0.000000000000000000, -1.000000000000000000 ) ) ;
#1253 = FACE_OUTER_BOUND ( 'NONE', #6317, .T. ) ;
#1254 = EDGE_CURVE ( 'NONE', #3936, #9841, #5959, .T. ) ;
#1255 = DIRECTION ( 'NONE',  ( 0.000000000000000000, 1.000000000000000000, 0.000000000000000000 ) ) ;
#1256 = PLANE ( 'NONE',  #6666 ) ;
#1257 = AXIS2_PLACEMENT_3D ( 'NONE', #362, #10886, #11887 ) ;
#1258 = PLANE ( 'NONE',  #366 ) ;
#1259 = ORIENTED_EDGE ( 'NONE', *, *, #9329, .F. ) ;
#1260 = LINE ( 'NONE', #4041, #5146 ) ;
#1261 = ORIENTED_EDGE ( 'NONE', *, *, #1930, .T. ) ;
#1262 = ORIENTED_EDGE ( 'NONE', *, *, #10094, .F. ) ;
#1263 = ORIENTED_EDGE ( 'NONE', *, *, #3025, .F. ) ;
#1264 = DIRECTION ( 'NONE',  ( 0.000000000000000000, 0.000000000000000000, -1.000000000000000000 ) ) ;
#1265 = LINE ( 'NONE', #265, #6556 ) ;
#1266 = CARTESIAN_POINT ( 'NONE',  ( -64.50000000000000000, 16.00000000000000000, 2.600000000000000089 ) ) ;
#1267 = VECTOR ( 'NONE', #97, 1000.000000000000000 ) ;
#1268 = DIRECTION ( 'NONE',  ( 1.000000000000000000, -0.000000000000000000, -0.000000000000000000 ) ) ;
#1269 = CARTESIAN_POINT ( 'NONE',  ( -2.500000000000000000, 36.00000000000000000, 1.600000000000000089 ) ) ;
#1270 = DIRECTION ( 'NONE',  ( -1.000000000000000000, 0.000000000000000000, 0.000000000000000000 ) ) ;
#1271 = ORIENTED_EDGE ( 'NONE', *, *, #9580, .T. ) ;
#1272 = EDGE_CURVE ( 'NONE', #1617, #10917, #5676, .T. ) ;
#1273 = DIRECTION ( 'NONE',  ( 0.000000000000000000, 0.000000000000000000, -1.000000000000000000 ) ) ;
#1274 = EDGE_LOOP ( 'NONE', ( #5249, #681, #9365, #5887 ) ) ;
#1275 = VECTOR ( 'NONE', #1948, 1000.000000000000000 ) ;
#1276 = VERTEX_POINT ( 'NONE', #7615 ) ;
#1277 = PRODUCT_DEFINITION_CONTEXT ( 'detailed design', #6409, 'design' ) ;
#1278 = VERTEX_POINT ( 'NONE', #726 ) ;
#1279 = PLANE ( 'NONE',  #10339 ) ;
#1280 = DIRECTION ( 'NONE',  ( 0.000000000000000000, 0.000000000000000000, -1.000000000000000000 ) ) ;
#1281 = EDGE_LOOP ( 'NONE', ( #854, #4391, #5628, #7169 ) ) ;
#1282 = ORIENTED_EDGE ( 'NONE', *, *, #3460, .T. ) ;
#1283 = FACE_BOUND ( 'NONE', #11687, .T. ) ;
#1284 = CARTESIAN_POINT ( 'NONE',  ( -10.50000000000000000, 50.75000000000000000, 10.09999999999999964 ) ) ;
#1285 = LINE ( 'NONE', #11451, #9331 ) ;
#1286 = DIRECTION ( 'NONE',  ( -1.000000000000000000, 0.000000000000000000, 0.000000000000000000 ) ) ;
#1287 = EDGE_CURVE ( 'NONE', #5506, #5925, #3684, .T. ) ;
#1288 = EDGE_CURVE ( 'NONE', #3482, #11831, #7556, .T. ) ;
#1289 = AXIS2_PLACEMENT_3D ( 'NONE', #10990, #10929, #2406 ) ;
#1290 = EDGE_CURVE ( 'NONE', #9622, #5260, #7734, .T. ) ;
#1291 = CARTESIAN_POINT ( 'NONE',  ( -45.25000000000000000, 28.25000000000000000, 1.850000000000000089 ) ) ;
#1292 = ORIENTED_EDGE ( 'NONE', *, *, #7699, .F. ) ;
#1293 = DIRECTION ( 'NONE',  ( 0.000000000000000000, 0.000000000000000000, 1.000000000000000000 ) ) ;
#1294 = ORIENTED_EDGE ( 'NONE', *, *, #7885, .T. ) ;
#1295 = EDGE_CURVE ( 'NONE', #431, #3660, #10659, .T. ) ;
#1296 = FACE_OUTER_BOUND ( 'NONE', #8815, .T. ) ;
#1297 = ORIENTED_EDGE ( 'NONE', *, *, #11787, .T. ) ;
#1298 = AXIS2_PLACEMENT_3D ( 'NONE', #8486, #4738, #3874 ) ;
#1299 = ORIENTED_EDGE ( 'NONE', *, *, #6294, .F. ) ;
#1300 = DIRECTION ( 'NONE',  ( 0.000000000000000000, 0.000000000000000000, 1.000000000000000000 ) ) ;
#1301 = VECTOR ( 'NONE', #1412, 1000.000000000000000 ) ;
#1302 = DIRECTION ( 'NONE',  ( 0.000000000000000000, -1.000000000000000000, 0.000000000000000000 ) ) ;
#1303 = ORIENTED_EDGE ( 'NONE', *, *, #1362, .F. ) ;
#1304 = PLANE ( 'NONE',  #8757 ) ;
#1305 = CARTESIAN_POINT ( 'NONE',  ( -4.250000000000000000, 36.00000000000000000, 0.000000000000000000 ) ) ;
#1306 = ADVANCED_FACE ( 'NONE', ( #3009 ), #11478, .F. ) ;
#1307 = AXIS2_PLACEMENT_3D ( 'NONE', #12280, #1880, #2815 ) ;
#1308 = PLANE ( 'NONE',  #5878 ) ;
#1309 = VECTOR ( 'NONE', #4525, 1000.000000000000000 ) ;
#1310 = ORIENTED_EDGE ( 'NONE', *, *, #9205, .T. ) ;
#1311 = DIRECTION ( 'NONE',  ( 0.000000000000000000, 1.000000000000000000, 0.000000000000000000 ) ) ;
#1312 = ORIENTED_EDGE ( 'NONE', *, *, #7589, .F. ) ;
#1313 = VECTOR ( 'NONE', #3353, 1000.000000000000000 ) ;
#1314 = FACE_OUTER_BOUND ( 'NONE', #2819, .T. ) ;
#1315 = DIRECTION ( 'NONE',  ( 0.000000000000000000, 1.000000000000000000, 0.000000000000000000 ) ) ;
#1316 = EDGE_CURVE ( 'NONE', #9005, #1490, #8535, .T. ) ;
#1317 = LINE ( 'NONE', #10580, #6767 ) ;
#1318 = DIRECTION ( 'NONE',  ( 0.000000000000000000, 0.000000000000000000, 1.000000000000000000 ) ) ;
#1319 = CARTESIAN_POINT ( 'NONE',  ( -32.25000000000000000, 2.750000000000000000, 10.09999999999999964 ) ) ;
#1320 = PLANE ( 'NONE',  #5926 ) ;
#1321 = ORIENTED_EDGE ( 'NONE', *, *, #10836, .T. ) ;
#1322 = EDGE_LOOP ( 'NONE', ( #3411, #8568, #6201, #2931 ) ) ;
#1323 = LINE ( 'NONE', #6040, #10511 ) ;
#1324 = ORIENTED_EDGE ( 'NONE', *, *, #498, .T. ) ;
#1325 = ORIENTED_EDGE ( 'NONE', *, *, #5354, .T. ) ;
#1326 = VERTEX_POINT ( 'NONE', #10721 ) ;
#1327 = CARTESIAN_POINT ( 'NONE',  ( -42.75000000000000000, 9.000000000000000000, 6.850000000000000533 ) ) ;
#1328 = LINE ( 'NONE', #8906, #3959 ) ;
#1329 = DIRECTION ( 'NONE',  ( 1.000000000000000000, 0.000000000000000000, 0.000000000000000000 ) ) ;
#1330 = DIRECTION ( 'NONE',  ( 0.000000000000000000, 0.000000000000000000, 1.000000000000000000 ) ) ;
#1331 = FACE_OUTER_BOUND ( 'NONE', #2455, .T. ) ;
#1332 = ADVANCED_FACE ( 'NONE', ( #11725 ), #2201, .T. ) ;
#1333 = DIRECTION ( 'NONE',  ( 0.000000000000000000, 0.000000000000000000, 1.000000000000000000 ) ) ;
#1334 = EDGE_LOOP ( 'NONE', ( #9915, #6900 ) ) ;
#1335 = DIRECTION ( 'NONE',  ( 0.000000000000000000, 0.000000000000000000, -1.000000000000000000 ) ) ;
#1336 = AXIS2_PLACEMENT_3D ( 'NONE', #7260, #7388, #6446 ) ;
#1337 = EDGE_LOOP ( 'NONE', ( #7293, #11008, #9793, #10345 ) ) ;
#1338 = EDGE_CURVE ( 'NONE', #9871, #1662, #11744, .T. ) ;
#1339 = ORIENTED_EDGE ( 'NONE', *, *, #8246, .F. ) ;
#1340 = ORIENTED_EDGE ( 'NONE', *, *, #11195, .T. ) ;
#1341 = CARTESIAN_POINT ( 'NONE',  ( -46.75000000000000000, 9.000000000000000000, 6.349999999999999645 ) ) ;
#1342 = CARTESIAN_POINT ( 'NONE',  ( -47.25000000000000000, 47.30000000000000426, 10.59999999999999964 ) ) ;
#1343 = ORIENTED_EDGE ( 'NONE', *, *, #6647, .T. ) ;
#1344 = DIRECTION ( 'NONE',  ( -1.000000000000000000, 0.000000000000000000, 0.000000000000000000 ) ) ;
#1345 = CARTESIAN_POINT ( 'NONE',  ( -48.75000000000000000, 51.75000000000000000, 10.09999999999999964 ) ) ;
#1346 = EDGE_CURVE ( 'NONE', #3317, #4667, #10536, .T. ) ;
#1347 = FACE_BOUND ( 'NONE', #1334, .T. ) ;
#1348 = CARTESIAN_POINT ( 'NONE',  ( -30.75000000000000000, 2.750000000000000000, 1.600000000000000089 ) ) ;
#1349 = DIRECTION ( 'NONE',  ( -1.000000000000000000, 0.000000000000000000, 0.000000000000000000 ) ) ;
#1350 = ORIENTED_EDGE ( 'NONE', *, *, #12257, .T. ) ;
#1351 = DIRECTION ( 'NONE',  ( -0.000000000000000000, 1.000000000000000000, -0.000000000000000000 ) ) ;
#1352 = VERTEX_POINT ( 'NONE', #2943 ) ;
#1353 = LINE ( 'NONE', #3208, #2101 ) ;
#1354 = VERTEX_POINT ( 'NONE', #8725 ) ;
#1355 = FACE_OUTER_BOUND ( 'NONE', #6686, .T. ) ;
#1356 = ORIENTED_EDGE ( 'NONE', *, *, #2046, .F. ) ;
#1357 = ORIENTED_EDGE ( 'NONE', *, *, #5637, .T. ) ;
#1358 = DIRECTION ( 'NONE',  ( -1.000000000000000000, 0.000000000000000000, 0.000000000000000000 ) ) ;
#1359 = DIRECTION ( 'NONE',  ( 0.000000000000000000, 0.000000000000000000, -1.000000000000000000 ) ) ;
#1360 = AXIS2_PLACEMENT_3D ( 'NONE', #11363, #6741, #2830 ) ;
#1361 = VERTEX_POINT ( 'NONE', #6733 ) ;
#1362 = EDGE_CURVE ( 'NONE', #4742, #10254, #2017, .T. ) ;
#1363 = DIRECTION ( 'NONE',  ( 0.000000000000000000, -1.000000000000000000, 0.000000000000000000 ) ) ;
#1364 = DIRECTION ( 'NONE',  ( 0.000000000000000000, 0.000000000000000000, -1.000000000000000000 ) ) ;
#1365 = ORIENTED_EDGE ( 'NONE', *, *, #7509, .T. ) ;
#1366 = ADVANCED_FACE ( 'NONE', ( #5049 ), #4050, .F. ) ;
#1367 = FACE_OUTER_BOUND ( 'NONE', #5945, .T. ) ;
#1368 = AXIS2_PLACEMENT_3D ( 'NONE', #10901, #2376, #7234 ) ;
#1369 = ORIENTED_EDGE ( 'NONE', *, *, #12073, .F. ) ;
#1370 = CARTESIAN_POINT ( 'NONE',  ( -16.75000000000000000, 1.750000000000000000, 10.09999999999999964 ) ) ;
#1371 = CARTESIAN_POINT ( 'NONE',  ( -18.00000000000000000, 51.75000000000000000, 10.09999999999999964 ) ) ;
#1372 = ADVANCED_FACE ( 'NONE', ( #3924 ), #4920, .T. ) ;
#1373 = ORIENTED_EDGE ( 'NONE', *, *, #200, .F. ) ;
#1374 = DIRECTION ( 'NONE',  ( 0.000000000000000000, 0.000000000000000000, -1.000000000000000000 ) ) ;
#1375 = DIRECTION ( 'NONE',  ( 0.000000000000000000, 0.000000000000000000, 1.000000000000000000 ) ) ;
#1376 = VECTOR ( 'NONE', #6777, 1000.000000000000000 ) ;
#1377 = DIRECTION ( 'NONE',  ( 1.000000000000000000, 0.000000000000000000, 0.000000000000000000 ) ) ;
#1378 = CARTESIAN_POINT ( 'NONE',  ( -2.250000000000000000, 24.50000000000000000, 1.600000000000000089 ) ) ;
#1379 = CARTESIAN_POINT ( 'NONE',  ( -2.899999999999999911, 27.90000000000000213, 10.59999999999999964 ) ) ;
#1380 = VECTOR ( 'NONE', #721, 1000.000000000000000 ) ;
#1381 = LINE ( 'NONE', #5849, #3670 ) ;
#1382 = AXIS2_PLACEMENT_3D ( 'NONE', #2129, #5914, #4980 ) ;
#1383 = DIRECTION ( 'NONE',  ( 0.000000000000000000, 0.000000000000000000, -1.000000000000000000 ) ) ;
#1384 = ORIENTED_EDGE ( 'NONE', *, *, #7829, .T. ) ;
#1385 = LINE ( 'NONE', #7045, #7929 ) ;
#1386 = EDGE_LOOP ( 'NONE', ( #775, #2161, #7651, #5572 ) ) ;
#1387 = ORIENTED_EDGE ( 'NONE', *, *, #2911, .T. ) ;
#1388 = ORIENTED_EDGE ( 'NONE', *, *, #5070, .F. ) ;
#1389 = DIRECTION ( 'NONE',  ( 0.000000000000000000, 0.000000000000000000, -1.000000000000000000 ) ) ;
#1390 = CARTESIAN_POINT ( 'NONE',  ( -3.500000000000000000, 1.000000000000000000, 10.09999999999999964 ) ) ;
#1391 = DIRECTION ( 'NONE',  ( -1.000000000000000000, 0.000000000000000000, 0.000000000000000000 ) ) ;
#1392 = DIRECTION ( 'NONE',  ( 0.000000000000000000, 0.000000000000000000, 1.000000000000000000 ) ) ;
#1393 = AXIS2_PLACEMENT_3D ( 'NONE', #8011, #3272, #5209 ) ;
#1394 = FACE_OUTER_BOUND ( 'NONE', #7822, .T. ) ;
#1395 = ORIENTED_EDGE ( 'NONE', *, *, #9271, .F. ) ;
#1396 = AXIS2_PLACEMENT_3D ( 'NONE', #3438, #4312, #5196 ) ;
#1397 = DIRECTION ( 'NONE',  ( 0.000000000000000000, 0.000000000000000000, -1.000000000000000000 ) ) ;
#1398 = ORIENTED_EDGE ( 'NONE', *, *, #2779, .T. ) ;
#1399 = AXIS2_PLACEMENT_3D ( 'NONE', #2015, #7433, #1833 ) ;
#1400 = VECTOR ( 'NONE', #2516, 1000.000000000000000 ) ;
#1401 = ORIENTED_EDGE ( 'NONE', *, *, #4122, .F. ) ;
#1402 = EDGE_LOOP ( 'NONE', ( #1540, #11508, #8505, #5989 ) ) ;
#1403 = LINE ( 'NONE', #7191, #4365 ) ;
#1404 = CARTESIAN_POINT ( 'NONE',  ( -53.75000000000000000, 45.00000000000000000, 1.600000000000000089 ) ) ;
#1405 = EDGE_CURVE ( 'NONE', #543, #6888, #145, .T. ) ;
#1406 = ORIENTED_EDGE ( 'NONE', *, *, #6442, .F. ) ;
#1407 = LINE ( 'NONE', #280, #7978 ) ;
#1408 = FACE_OUTER_BOUND ( 'NONE', #4517, .T. ) ;
#1409 = DIRECTION ( 'NONE',  ( 1.000000000000000000, -4.625929269271489858E-16, -0.000000000000000000 ) ) ;
#1410 = PLANE ( 'NONE',  #227 ) ;
#1411 = AXIS2_PLACEMENT_3D ( 'NONE', #4462, #5155, #9080 ) ;
#1412 = DIRECTION ( 'NONE',  ( 0.000000000000000000, -0.7071067811865470176, 0.7071067811865480168 ) ) ;
#1413 = ORIENTED_EDGE ( 'NONE', *, *, #6285, .T. ) ;
#1414 = CIRCLE ( 'NONE', #4377, 0.2500000000000000000 ) ;
#1415 = EDGE_CURVE ( 'NONE', #2696, #363, #8787, .T. ) ;
#1416 = AXIS2_PLACEMENT_3D ( 'NONE', #5895, #8637, #2851 ) ;
#1417 = CARTESIAN_POINT ( 'NONE',  ( -37.25000000000000000, 51.75000000000000000, 10.09999999999999964 ) ) ;
#1418 = ORIENTED_EDGE ( 'NONE', *, *, #7329, .F. ) ;
#1419 = ORIENTED_EDGE ( 'NONE', *, *, #9189, .T. ) ;
#1420 = DIRECTION ( 'NONE',  ( -1.000000000000000000, -0.000000000000000000, -0.000000000000000000 ) ) ;
#1421 = EDGE_LOOP ( 'NONE', ( #5562, #3659, #6723, #3493 ) ) ;
#1422 = LINE ( 'NONE', #3675, #11321 ) ;
#1423 = VECTOR ( 'NONE', #5080, 1000.000000000000000 ) ;
#1424 = ORIENTED_EDGE ( 'NONE', *, *, #2379, .T. ) ;
#1425 = EDGE_LOOP ( 'NONE', ( #236, #6120, #7760, #9455 ) ) ;
#1426 = CARTESIAN_POINT ( 'NONE',  ( -27.25000000000000000, 2.750000000000000000, 10.09999999999999964 ) ) ;
#1427 = DIRECTION ( 'NONE',  ( 0.000000000000000000, 0.000000000000000000, -1.000000000000000000 ) ) ;
#1428 = AXIS2_PLACEMENT_3D ( 'NONE', #3377, #8240, #3498 ) ;
#1429 = ORIENTED_EDGE ( 'NONE', *, *, #305, .T. ) ;
#1430 = PLANE ( 'NONE',  #625 ) ;
#1431 = DIRECTION ( 'NONE',  ( 0.000000000000000000, 0.000000000000000000, -1.000000000000000000 ) ) ;
#1432 = EDGE_CURVE ( 'NONE', #11972, #10874, #5734, .T. ) ;
#1433 = DIRECTION ( 'NONE',  ( 0.000000000000000000, 0.000000000000000000, -1.000000000000000000 ) ) ;
#1434 = EDGE_CURVE ( 'NONE', #1991, #12335, #6921, .T. ) ;
#1435 = ORIENTED_EDGE ( 'NONE', *, *, #1432, .T. ) ;
#1436 = CARTESIAN_POINT ( 'NONE',  ( -31.25000000000000000, 51.75000000000000000, 10.09999999999999964 ) ) ;
#1437 = DIRECTION ( 'NONE',  ( 0.000000000000000000, 0.000000000000000000, -1.000000000000000000 ) ) ;
#1438 = CYLINDRICAL_SURFACE ( 'NONE', #7364, 0.2499999999999991118 ) ;
#1439 = LINE ( 'NONE', #10013, #1854 ) ;
#1440 = EDGE_CURVE ( 'NONE', #1679, #8732, #8848, .T. ) ;
#1441 = DIRECTION ( 'NONE',  ( 1.000000000000000000, 0.000000000000000000, 0.000000000000000000 ) ) ;
#1442 = LINE ( 'NONE', #8211, #11956 ) ;
#1443 = LINE ( 'NONE', #2372, #4068 ) ;
#1444 = ADVANCED_FACE ( 'NONE', ( #1022 ), #4802, .T. ) ;
#1445 = EDGE_CURVE ( 'NONE', #5952, #4852, #6568, .T. ) ;
#1446 = ADVANCED_FACE ( 'NONE', ( #8980 ), #11035, .T. ) ;
#1447 = DIRECTION ( 'NONE',  ( 0.000000000000000000, 0.000000000000000000, -1.000000000000000000 ) ) ;
#1448 = FACE_OUTER_BOUND ( 'NONE', #5549, .T. ) ;
#1449 = EDGE_LOOP ( 'NONE', ( #8053, #12047, #10968, #1452 ) ) ;
#1450 = VECTOR ( 'NONE', #10923, 1000.000000000000000 ) ;
#1451 = ADVANCED_FACE ( 'NONE', ( #11856 ), #8225, .F. ) ;
#1452 = ORIENTED_EDGE ( 'NONE', *, *, #8048, .T. ) ;
#1453 = VERTEX_POINT ( 'NONE', #3306 ) ;
#1454 = EDGE_LOOP ( 'NONE', ( #8819, #3676, #3551, #5870 ) ) ;
#1455 = FACE_OUTER_BOUND ( 'NONE', #7428, .T. ) ;
#1456 = DIRECTION ( 'NONE',  ( 0.000000000000000000, -1.000000000000000000, 0.000000000000000000 ) ) ;
#1457 = CARTESIAN_POINT ( 'NONE',  ( -13.00000000000000000, 50.75000000000000000, 10.09999999999999964 ) ) ;
#1458 = LINE ( 'NONE', #12041, #1004 ) ;
#1459 = PLANE ( 'NONE',  #4055 ) ;
#1460 = TOROIDAL_SURFACE ( 'NONE', #7424, 2.000000000000000000, 0.2500000000000000000 ) ;
#1461 = EDGE_CURVE ( 'NONE', #921, #6809, #460, .T. ) ;
#1462 = CARTESIAN_POINT ( 'NONE',  ( -14.50000000000000000, 50.75000000000000000, 10.09999999999999964 ) ) ;
#1463 = DIRECTION ( 'NONE',  ( 0.000000000000000000, 0.000000000000000000, -1.000000000000000000 ) ) ;
#1464 = ORIENTED_EDGE ( 'NONE', *, *, #2628, .T. ) ;
#1465 = ORIENTED_EDGE ( 'NONE', *, *, #5678, .T. ) ;
#1466 = ORIENTED_EDGE ( 'NONE', *, *, #9152, .T. ) ;
#1467 = PLANE ( 'NONE',  #5563 ) ;
#1468 = DIRECTION ( 'NONE',  ( -1.000000000000000000, 0.000000000000000000, 0.000000000000000000 ) ) ;
#1469 = VECTOR ( 'NONE', #12198, 1000.000000000000000 ) ;
#1470 = ORIENTED_EDGE ( 'NONE', *, *, #1481, .F. ) ;
#1471 = CYLINDRICAL_SURFACE ( 'NONE', #2568, 0.2500000000000002220 ) ;
#1472 = CARTESIAN_POINT ( 'NONE',  ( -55.00000000000000000, 2.500000000000000000, 1.600000000000000089 ) ) ;
#1473 = CARTESIAN_POINT ( 'NONE',  ( -25.00000000000000000, 50.00000000000000000, 10.09999999999999964 ) ) ;
#1474 = DIRECTION ( 'NONE',  ( 0.000000000000000000, 0.000000000000000000, -1.000000000000000000 ) ) ;
#1475 = CARTESIAN_POINT ( 'NONE',  ( -20.50000000000000000, 50.75000000000000000, 1.600000000000000089 ) ) ;
#1476 = CARTESIAN_POINT ( 'NONE',  ( -39.75000000000000000, 51.75000000000000000, 10.09999999999999964 ) ) ;
#1477 = EDGE_CURVE ( 'NONE', #288, #1529, #1458, .T. ) ;
#1478 = EDGE_CURVE ( 'NONE', #5635, #11151, #6299, .T. ) ;
#1479 = LINE ( 'NONE', #7258, #10834 ) ;
#1480 = VERTEX_POINT ( 'NONE', #2507 ) ;
#1481 = EDGE_CURVE ( 'NONE', #9999, #547, #7243, .T. ) ;
#1482 = DIRECTION ( 'NONE',  ( 0.000000000000000000, -1.000000000000000000, 0.000000000000000000 ) ) ;
#1483 = ORIENTED_EDGE ( 'NONE', *, *, #7485, .F. ) ;
#1484 = DIRECTION ( 'NONE',  ( 0.000000000000000000, 0.000000000000000000, 1.000000000000000000 ) ) ;
#1485 = ORIENTED_EDGE ( 'NONE', *, *, #5527, .T. ) ;
#1486 = ORIENTED_EDGE ( 'NONE', *, *, #6601, .T. ) ;
#1487 = DIRECTION ( 'NONE',  ( -1.000000000000000000, 0.000000000000000000, 0.000000000000000000 ) ) ;
#1488 = DIRECTION ( 'NONE',  ( 0.000000000000000000, -1.000000000000000000, 0.000000000000000000 ) ) ;
#1489 = EDGE_CURVE ( 'NONE', #1490, #8373, #10786, .T. ) ;
#1490 = VERTEX_POINT ( 'NONE', #3421 ) ;
#1491 = CARTESIAN_POINT ( 'NONE',  ( -50.35000000000000142, 45.65000000000000568, 10.59999999999999964 ) ) ;
#1492 = CARTESIAN_POINT ( 'NONE',  ( -14.50000000000000000, 50.75000000000000000, 10.09999999999999964 ) ) ;
#1493 = VECTOR ( 'NONE', #7110, 1000.000000000000000 ) ;
#1494 = DIRECTION ( 'NONE',  ( 0.000000000000000000, 1.000000000000000000, 0.000000000000000000 ) ) ;
#1495 = EDGE_CURVE ( 'NONE', #4231, #11128, #4421, .T. ) ;
#1496 = AXIS2_PLACEMENT_3D ( 'NONE', #419, #285, #478 ) ;
#1497 = ORIENTED_EDGE ( 'NONE', *, *, #10466, .F. ) ;
#1498 = VECTOR ( 'NONE', #7874, 1000.000000000000000 ) ;
#1499 = DIRECTION ( 'NONE',  ( 0.000000000000000000, 0.000000000000000000, -1.000000000000000000 ) ) ;
#1500 = FACE_OUTER_BOUND ( 'NONE', #7569, .T. ) ;
#1501 = EDGE_CURVE ( 'NONE', #372, #8504, #11911, .T. ) ;
#1502 = FACE_BOUND ( 'NONE', #8284, .T. ) ;
#1503 = SURFACE_STYLE_USAGE ( .BOTH. , #11837 ) ;
#1504 = DIRECTION ( 'NONE',  ( 0.000000000000000000, 0.000000000000000000, 1.000000000000000000 ) ) ;
#1505 = CARTESIAN_POINT ( 'NONE',  ( -2.500000000000000000, 36.00000000000000000, 0.000000000000000000 ) ) ;
#1506 = AXIS2_PLACEMENT_3D ( 'NONE', #9703, #11522, #3049 ) ;
#1507 = VECTOR ( 'NONE', #8909, 1000.000000000000000 ) ;
#1508 = ADVANCED_FACE ( 'NONE', ( #7053 ), #1575, .F. ) ;
#1509 = DIRECTION ( 'NONE',  ( 0.000000000000000000, 0.000000000000000000, -1.000000000000000000 ) ) ;
#1510 = EDGE_CURVE ( 'NONE', #847, #2637, #9974, .T. ) ;
#1511 = DIRECTION ( 'NONE',  ( 0.000000000000000000, 0.000000000000000000, -1.000000000000000000 ) ) ;
#1512 = DIRECTION ( 'NONE',  ( 1.000000000000000000, 0.000000000000000000, 0.000000000000000000 ) ) ;
#1513 = ORIENTED_EDGE ( 'NONE', *, *, #1966, .F. ) ;
#1514 = ORIENTED_EDGE ( 'NONE', *, *, #3900, .T. ) ;
#1515 = VECTOR ( 'NONE', #6197, 1000.000000000000000 ) ;
#1516 = AXIS2_PLACEMENT_3D ( 'NONE', #9340, #580, #6487 ) ;
#1517 = EDGE_LOOP ( 'NONE', ( #3103, #10246, #3880, #3597 ) ) ;
#1518 = ADVANCED_FACE ( 'NONE', ( #9097 ), #579, .F. ) ;
#1519 = DIRECTION ( 'NONE',  ( 0.000000000000000000, -1.000000000000000000, 0.000000000000000000 ) ) ;
#1520 = EDGE_CURVE ( 'NONE', #7996, #10368, #2405, .T. ) ;
#1521 = DIRECTION ( 'NONE',  ( 0.000000000000000000, 0.000000000000000000, 1.000000000000000000 ) ) ;
#1522 = CARTESIAN_POINT ( 'NONE',  ( -4.549999999999999822, 28.60000000000000142, 4.599999999999999645 ) ) ;
#1523 = CARTESIAN_POINT ( 'NONE',  ( -48.75000000000000000, 51.75000000000000000, 10.09999999999999964 ) ) ;
#1524 = PLANE ( 'NONE',  #11443 ) ;
#1525 = EDGE_CURVE ( 'NONE', #3129, #3331, #4240, .T. ) ;
#1526 = CARTESIAN_POINT ( 'NONE',  ( -12.94999999999999929, 1.750000000000000000, 10.09999999999999964 ) ) ;
#1527 = LINE ( 'NONE', #4425, #2150 ) ;
#1528 = VERTEX_POINT ( 'NONE', #2447 ) ;
#1529 = VERTEX_POINT ( 'NONE', #6236 ) ;
#1530 = ORIENTED_EDGE ( 'NONE', *, *, #3856, .F. ) ;
#1531 = DIRECTION ( 'NONE',  ( 0.000000000000000000, 0.000000000000000000, -1.000000000000000000 ) ) ;
#1532 = LINE ( 'NONE', #5309, #11992 ) ;
#1533 = EDGE_CURVE ( 'NONE', #3509, #590, #10030, .T. ) ;
#1534 = VERTEX_POINT ( 'NONE', #8169 ) ;
#1535 = CARTESIAN_POINT ( 'NONE',  ( -59.00000000000000000, 19.44999999999999929, 2.600000000000000089 ) ) ;
#1536 = CARTESIAN_POINT ( 'NONE',  ( -3.750000000000000000, 21.50000000000000000, 6.599999999999999645 ) ) ;
#1537 = LINE ( 'NONE', #3379, #9939 ) ;
#1538 = CARTESIAN_POINT ( 'NONE',  ( -8.000000000000000000, 50.75000000000000000, 10.09999999999999964 ) ) ;
#1539 = CARTESIAN_POINT ( 'NONE',  ( -33.25000000000000000, 1.750000000000000000, 10.09999999999999964 ) ) ;
#1540 = ORIENTED_EDGE ( 'NONE', *, *, #7135, .T. ) ;
#1541 = DIRECTION ( 'NONE',  ( 0.000000000000000000, 0.000000000000000000, -1.000000000000000000 ) ) ;
#1542 = ORIENTED_EDGE ( 'NONE', *, *, #9298, .F. ) ;
#1543 = LINE ( 'NONE', #11937, #6933 ) ;
#1544 = ORIENTED_EDGE ( 'NONE', *, *, #11560, .T. ) ;
#1545 = ORIENTED_EDGE ( 'NONE', *, *, #6996, .F. ) ;
#1546 = CARTESIAN_POINT ( 'NONE',  ( -0.7500000000000000000, 36.00000000000000000, 1.600000000000000089 ) ) ;
#1547 = PLANE ( 'NONE',  #11553 ) ;
#1548 = EDGE_LOOP ( 'NONE', ( #4652, #6244, #8071, #10462 ) ) ;
#1549 = CARTESIAN_POINT ( 'NONE',  ( -49.64999999999999858, 45.65000000000000568, 10.59999999999999964 ) ) ;
#1550 = CARTESIAN_POINT ( 'NONE',  ( -33.25000000000000000, 2.750000000000000000, 10.09999999999999964 ) ) ;
#1551 = CARTESIAN_POINT ( 'NONE',  ( -66.25000000000000000, 33.95000000000000284, 3.299999999999999822 ) ) ;
#1552 = DIRECTION ( 'NONE',  ( 0.000000000000000000, 1.000000000000000000, 0.000000000000000000 ) ) ;
#1553 = ORIENTED_EDGE ( 'NONE', *, *, #8017, .T. ) ;
#1554 = ORIENTED_EDGE ( 'NONE', *, *, #945, .F. ) ;
#1556 = VECTOR ( 'NONE', #89, 1000.000000000000000 ) ;
#1555 = FACE_OUTER_BOUND ( 'NONE', #11984, .T. ) ;
#1557 = DIRECTION ( 'NONE',  ( 0.000000000000000000, 0.000000000000000000, -1.000000000000000000 ) ) ;
#1558 = CARTESIAN_POINT ( 'NONE',  ( -7.000000000000000000, 51.75000000000000000, 1.600000000000000089 ) ) ;
#1559 = SURFACE_STYLE_FILL_AREA ( #4337 ) ;
#1560 = EDGE_CURVE ( 'NONE', #7962, #3550, #8349, .T. ) ;
#1561 = CARTESIAN_POINT ( 'NONE',  ( -2.250000000000000000, 24.50000000000000000, 4.599999999999999645 ) ) ;
#1562 = FACE_OUTER_BOUND ( 'NONE', #9050, .T. ) ;
#1563 = CARTESIAN_POINT ( 'NONE',  ( 0.000000000000000000, 0.000000000000000000, 10.59999999999999964 ) ) ;
#1564 = VECTOR ( 'NONE', #5976, 1000.000000000000000 ) ;
#1565 = ADVANCED_FACE ( 'NONE', ( #12169 ), #3603, .T. ) ;
#1566 = FACE_OUTER_BOUND ( 'NONE', #10863, .T. ) ;
#1567 = ORIENTED_EDGE ( 'NONE', *, *, #9854, .T. ) ;
#1568 = DIRECTION ( 'NONE',  ( 0.000000000000000000, 0.000000000000000000, -1.000000000000000000 ) ) ;
#1569 = ORIENTED_EDGE ( 'NONE', *, *, #3848, .F. ) ;
#1570 = VERTEX_POINT ( 'NONE', #5539 ) ;
#1571 = VERTEX_POINT ( 'NONE', #6423 ) ;
#1572 = CARTESIAN_POINT ( 'NONE',  ( -66.07322330470340432, 41.19644660940669922, 11.29999999999999893 ) ) ;
#1573 = LINE ( 'NONE', #8040, #6357 ) ;
#1574 = LINE ( 'NONE', #12096, #875 ) ;
#1575 = PLANE ( 'NONE',  #10138 ) ;
#1576 = LINE ( 'NONE', #9163, #711 ) ;
#1577 = ADVANCED_FACE ( 'NONE', ( #6536 ), #707, .F. ) ;
#1578 = VECTOR ( 'NONE', #2756, 1000.000000000000000 ) ;
#1579 = AXIS2_PLACEMENT_3D ( 'NONE', #10053, #545, #5261 ) ;
#1580 = DIRECTION ( 'NONE',  ( 0.000000000000000000, 1.000000000000000000, 0.000000000000000000 ) ) ;
#1581 = PLANE ( 'NONE',  #10490 ) ;
#1582 = VERTEX_POINT ( 'NONE', #11093 ) ;
#1583 = VECTOR ( 'NONE', #5031, 1000.000000000000000 ) ;
#1584 = ORIENTED_EDGE ( 'NONE', *, *, #1058, .T. ) ;
#1585 = ORIENTED_EDGE ( 'NONE', *, *, #7522, .T. ) ;
#1586 = FACE_OUTER_BOUND ( 'NONE', #1031, .T. ) ;
#1587 = LINE ( 'NONE', #7192, #3415 ) ;
#1588 = EDGE_CURVE ( 'NONE', #1528, #9949, #11219, .T. ) ;
#1589 = AXIS2_PLACEMENT_3D ( 'NONE', #5101, #385, #1197 ) ;
#1590 = CARTESIAN_POINT ( 'NONE',  ( -49.75000000000000000, 50.75000000000000000, 1.600000000000000089 ) ) ;
#1591 = FACE_OUTER_BOUND ( 'NONE', #3717, .T. ) ;
#1592 = DIRECTION ( 'NONE',  ( 1.000000000000000000, 0.000000000000000000, 0.000000000000000000 ) ) ;
#1593 = CARTESIAN_POINT ( 'NONE',  ( -41.25000000000000000, 51.75000000000000000, 10.09999999999999964 ) ) ;
#1594 = FACE_OUTER_BOUND ( 'NONE', #1095, .T. ) ;
#1595 = VECTOR ( 'NONE', #10321, 1000.000000000000000 ) ;
#1596 = DIRECTION ( 'NONE',  ( 0.000000000000000000, -1.387778780781444413E-14, -1.000000000000000000 ) ) ;
#1597 = VECTOR ( 'NONE', #1933, 1000.000000000000000 ) ;
#1598 = EDGE_LOOP ( 'NONE', ( #1900, #5901, #8862, #1035 ) ) ;
#1599 = AXIS2_PLACEMENT_3D ( 'NONE', #11883, #8313, #7207 ) ;
#1600 = EDGE_CURVE ( 'NONE', #12259, #12337, #7298, .T. ) ;
#1601 = DIRECTION ( 'NONE',  ( 0.000000000000000000, 1.000000000000000000, 0.000000000000000000 ) ) ;
#1602 = ORIENTED_EDGE ( 'NONE', *, *, #785, .T. ) ;
#1603 = DIRECTION ( 'NONE',  ( -1.000000000000000000, 0.000000000000000000, 0.000000000000000000 ) ) ;
#1604 = ORIENTED_EDGE ( 'NONE', *, *, #7589, .T. ) ;
#1605 = ORIENTED_EDGE ( 'NONE', *, *, #11583, .T. ) ;
#1606 = DIRECTION ( 'NONE',  ( 0.000000000000000000, 0.000000000000000000, 1.000000000000000000 ) ) ;
#1607 = DIRECTION ( 'NONE',  ( 0.000000000000000000, 0.000000000000000000, 1.000000000000000000 ) ) ;
#1608 = ADVANCED_FACE ( 'NONE', ( #10275 ), #1755, .F. ) ;
#1609 = AXIS2_PLACEMENT_3D ( 'NONE', #8288, #9399, #4661 ) ;
#1610 = ORIENTED_EDGE ( 'NONE', *, *, #7699, .T. ) ;
#1611 = CARTESIAN_POINT ( 'NONE',  ( -7.000000000000000000, 50.75000000000000000, 1.600000000000000089 ) ) ;
#1612 = CARTESIAN_POINT ( 'NONE',  ( -25.00000000000000000, 50.00000000000000000, 1.600000000000000089 ) ) ;
#1613 = AXIS2_PLACEMENT_3D ( 'NONE', #7098, #7285, #10897 ) ;
#1614 = TOROIDAL_SURFACE ( 'NONE', #6359, 0.5000000000000000000, 0.2500000000000000000 ) ;
#1615 = PLANE ( 'NONE',  #12230 ) ;
#1616 = CARTESIAN_POINT ( 'NONE',  ( -51.75000000000000000, 51.00000000000000000, 1.600000000000000089 ) ) ;
#1617 = VERTEX_POINT ( 'NONE', #3667 ) ;
#1618 = VECTOR ( 'NONE', #2534, 1000.000000000000000 ) ;
#1619 = CARTESIAN_POINT ( 'NONE',  ( -10.50000000000000000, 50.75000000000000000, 1.600000000000000089 ) ) ;
#1620 = CARTESIAN_POINT ( 'NONE',  ( -61.00000000000000000, 8.000000000000000000, 6.849999999999999645 ) ) ;
#1621 = DIRECTION ( 'NONE',  ( -1.000000000000000000, -0.000000000000000000, -0.000000000000000000 ) ) ;
#1622 = DIRECTION ( 'NONE',  ( -1.000000000000000000, 0.000000000000000000, 0.000000000000000000 ) ) ;
#1623 = FACE_OUTER_BOUND ( 'NONE', #7350, .T. ) ;
#1624 = DIRECTION ( 'NONE',  ( 0.000000000000000000, 0.000000000000000000, -1.000000000000000000 ) ) ;
#1625 = AXIS2_PLACEMENT_3D ( 'NONE', #796, #4325, #1911 ) ;
#1626 = DIRECTION ( 'NONE',  ( 0.000000000000000000, -1.000000000000000000, 0.000000000000000000 ) ) ;
#1627 = EDGE_CURVE ( 'NONE', #11985, #2393, #828, .T. ) ;
#1628 = ADVANCED_FACE ( 'NONE', ( #12098 ), #8467, .F. ) ;
#1629 = DIRECTION ( 'NONE',  ( 0.000000000000000000, 0.000000000000000000, -1.000000000000000000 ) ) ;
#1630 = EDGE_LOOP ( 'NONE', ( #9261, #5413, #2130, #9274 ) ) ;
#1631 = CARTESIAN_POINT ( 'NONE',  ( -55.25000000000000000, 51.00000000000000000, 0.000000000000000000 ) ) ;
#1632 = EDGE_CURVE ( 'NONE', #3928, #5323, #10539, .T. ) ;
#1633 = ORIENTED_EDGE ( 'NONE', *, *, #1130, .T. ) ;
#1634 = ORIENTED_EDGE ( 'NONE', *, *, #10629, .F. ) ;
#1635 = ORIENTED_EDGE ( 'NONE', *, *, #6939, .T. ) ;
#1636 = VERTEX_POINT ( 'NONE', #2633 ) ;
#1637 = EDGE_CURVE ( 'NONE', #1200, #1839, #9222, .T. ) ;
#1638 = DIRECTION ( 'NONE',  ( 1.000000000000000000, 0.000000000000000000, 0.000000000000000000 ) ) ;
#1639 = DIRECTION ( 'NONE',  ( -1.000000000000000000, 0.000000000000000000, 0.000000000000000000 ) ) ;
#1640 = CARTESIAN_POINT ( 'NONE',  ( -22.25000000000000000, 1.750000000000000000, 10.09999999999999964 ) ) ;
#1641 = DIRECTION ( 'NONE',  ( -1.000000000000000000, 0.000000000000000000, 0.000000000000000000 ) ) ;
#1642 = DIRECTION ( 'NONE',  ( -1.000000000000000000, 0.000000000000000000, 0.000000000000000000 ) ) ;
#1643 = CARTESIAN_POINT ( 'NONE',  ( -19.00000000000000000, 1.000000000000000000, 10.09999999999999964 ) ) ;
#1644 = CARTESIAN_POINT ( 'NONE',  ( -2.500000000000000000, 41.00000000000000000, 1.600000000000000089 ) ) ;
#1645 = EDGE_CURVE ( 'NONE', #547, #11597, #10338, .T. ) ;
#1646 = VERTEX_POINT ( 'NONE', #3726 ) ;
#1647 = VERTEX_POINT ( 'NONE', #4484 ) ;
#1648 = ORIENTED_EDGE ( 'NONE', *, *, #8643, .T. ) ;
#1649 = PLANE ( 'NONE',  #2791 ) ;
#1650 = CARTESIAN_POINT ( 'NONE',  ( -58.75000000000000000, 44.50000000000000000, 12.59999999999999964 ) ) ;
#1651 = DIRECTION ( 'NONE',  ( 0.000000000000000000, 0.000000000000000000, -1.000000000000000000 ) ) ;
#1652 = DIRECTION ( 'NONE',  ( 0.000000000000000000, 0.000000000000000000, 1.000000000000000000 ) ) ;
#1653 = CARTESIAN_POINT ( 'NONE',  ( -44.75000000000000000, 51.75000000000000000, 10.09999999999999964 ) ) ;
#1654 = AXIS2_PLACEMENT_3D ( 'NONE', #9640, #3043, #11704 ) ;
#1655 = CARTESIAN_POINT ( 'NONE',  ( -56.50000000000000000, 17.89999999999999858, 1.600000000000000089 ) ) ;
#1656 = CARTESIAN_POINT ( 'NONE',  ( 0.000000000000000000, 44.94999999999999574, 4.599999999999999645 ) ) ;
#1657 = EDGE_CURVE ( 'NONE', #10332, #5291, #4166, .T. ) ;
#1658 = ADVANCED_FACE ( 'NONE', ( #12277 ), #7363, .F. ) ;
#1659 = LINE ( 'NONE', #3441, #3066 ) ;
#1660 = ORIENTED_EDGE ( 'NONE', *, *, #10303, .T. ) ;
#1661 = LINE ( 'NONE', #2467, #11655 ) ;
#1662 = VERTEX_POINT ( 'NONE', #1620 ) ;
#1663 = CIRCLE ( 'NONE', #10596, 0.2499999999999991118 ) ;
#1664 = EDGE_LOOP ( 'NONE', ( #10481, #8215, #6412, #10846 ) ) ;
#1665 = VERTEX_POINT ( 'NONE', #12078 ) ;
#1666 = FACE_OUTER_BOUND ( 'NONE', #407, .T. ) ;
#1667 = LINE ( 'NONE', #3633, #10959 ) ;
#1668 = EDGE_LOOP ( 'NONE', ( #551, #7624, #4998, #8326 ) ) ;
#1669 = EDGE_CURVE ( 'NONE', #10363, #6041, #5279, .T. ) ;
#1670 = DIRECTION ( 'NONE',  ( 1.000000000000000000, 0.000000000000000000, 0.000000000000000000 ) ) ;
#1671 = CARTESIAN_POINT ( 'NONE',  ( -46.25000000000000000, 45.00000000000000000, 1.600000000000000089 ) ) ;
#1672 = ADVANCED_FACE ( 'NONE', ( #3286 ), #8022, .F. ) ;
#1673 = CARTESIAN_POINT ( 'NONE',  ( -66.00000000000000000, 35.55355339059324393, 11.29999999999999893 ) ) ;
#1674 = ADVANCED_FACE ( 'NONE', ( #683 ), #3521, .T. ) ;
#1675 = VECTOR ( 'NONE', #6190, 1000.000000000000000 ) ;
#1676 = CARTESIAN_POINT ( 'NONE',  ( -53.75000000000000000, 45.00000000000000000, 4.599999999999999645 ) ) ;
#1677 = ADVANCED_FACE ( 'NONE', ( #8088 ), #4215, .F. ) ;
#1678 = VERTEX_POINT ( 'NONE', #500 ) ;
#1679 = VERTEX_POINT ( 'NONE', #7338 ) ;
#1680 = LINE ( 'NONE', #682, #6331 ) ;
#1681 = ORIENTED_EDGE ( 'NONE', *, *, #11230, .F. ) ;
#1682 = VECTOR ( 'NONE', #7984, 1000.000000000000000 ) ;
#1683 = ORIENTED_EDGE ( 'NONE', *, *, #9243, .T. ) ;
#1684 = DIRECTION ( 'NONE',  ( -1.000000000000000000, 0.000000000000000000, 0.000000000000000000 ) ) ;
#1685 = DIRECTION ( 'NONE',  ( 0.000000000000000000, 0.000000000000000000, -1.000000000000000000 ) ) ;
#1686 = EDGE_CURVE ( 'NONE', #1326, #2804, #5403, .T. ) ;
#1687 = CARTESIAN_POINT ( 'NONE',  ( -33.25000000000000000, 1.750000000000000000, 1.600000000000000089 ) ) ;
#1688 = CARTESIAN_POINT ( 'NONE',  ( -75.00000000000000000, 35.30355339059324393, 11.05000000000000071 ) ) ;
#1689 = LINE ( 'NONE', #4470, #1309 ) ;
#1690 = VECTOR ( 'NONE', #11142, 1000.000000000000000 ) ;
#1691 = AXIS2_PLACEMENT_3D ( 'NONE', #6458, #9193, #1735 ) ;
#1692 = FACE_OUTER_BOUND ( 'NONE', #3646, .T. ) ;
#1693 = VERTEX_POINT ( 'NONE', #8269 ) ;
#1694 = CARTESIAN_POINT ( 'NONE',  ( -7.150000000000000355, 2.750000000000000000, 1.600000000000000089 ) ) ;
#1695 = EDGE_LOOP ( 'NONE', ( #11732, #5583, #1634, #6182 ) ) ;
#1696 = ORIENTED_EDGE ( 'NONE', *, *, #6252, .F. ) ;
#1697 = ORIENTED_EDGE ( 'NONE', *, *, #7143, .T. ) ;
#1698 = ADVANCED_FACE ( 'NONE', ( #8955 ), #627, .F. ) ;
#1699 = VECTOR ( 'NONE', #4560, 1000.000000000000000 ) ;
#1700 = VECTOR ( 'NONE', #898, 1000.000000000000000 ) ;
#1701 = DIRECTION ( 'NONE',  ( 0.000000000000000000, 0.000000000000000000, 1.000000000000000000 ) ) ;
#1702 = DIRECTION ( 'NONE',  ( -1.000000000000000000, 0.000000000000000000, 0.000000000000000000 ) ) ;
#1703 = CARTESIAN_POINT ( 'NONE',  ( -45.25000000000000000, 24.25000000000000000, 3.850000000000000089 ) ) ;
#1704 = CARTESIAN_POINT ( 'NONE',  ( 0.000000000000000000, 0.000000000000000000, 9.599999999999999645 ) ) ;
#1705 = DIRECTION ( 'NONE',  ( 1.000000000000000000, 0.000000000000000000, 0.000000000000000000 ) ) ;
#1706 = LINE ( 'NONE', #8173, #4655 ) ;
#1707 = AXIS2_PLACEMENT_3D ( 'NONE', #9523, #5602, #9402 ) ;
#1708 = AXIS2_PLACEMENT_3D ( 'NONE', #4288, #5908, #3109 ) ;
#1709 = DIRECTION ( 'NONE',  ( 0.000000000000000000, 1.000000000000000000, 0.000000000000000000 ) ) ;
#1710 = ORIENTED_EDGE ( 'NONE', *, *, #12279, .T. ) ;
#1711 = ORIENTED_EDGE ( 'NONE', *, *, #10312, .F. ) ;
#1712 = ORIENTED_EDGE ( 'NONE', *, *, #2428, .F. ) ;
#1713 = DIRECTION ( 'NONE',  ( -1.000000000000000000, 0.000000000000000000, 0.000000000000000000 ) ) ;
#1714 = DIRECTION ( 'NONE',  ( 0.000000000000000000, 0.000000000000000000, -1.000000000000000000 ) ) ;
#1715 = LINE ( 'NONE', #1535, #2422 ) ;
#1716 = LINE ( 'NONE', #5554, #869 ) ;
#1717 = AXIS2_PLACEMENT_3D ( 'NONE', #1135, #8711, #192 ) ;
#1718 = VECTOR ( 'NONE', #176, 1000.000000000000000 ) ;
#1719 = CARTESIAN_POINT ( 'NONE',  ( -52.75000000000000000, 49.00000000000000000, 4.599999999999999645 ) ) ;
#1720 = CARTESIAN_POINT ( 'NONE',  ( -35.75000000000000000, 1.750000000000000000, 10.09999999999999964 ) ) ;
#1721 = EDGE_CURVE ( 'NONE', #8750, #3896, #11835, .T. ) ;
#1722 = ORIENTED_EDGE ( 'NONE', *, *, #11746, .T. ) ;
#1723 = DIRECTION ( 'NONE',  ( 0.000000000000000000, 0.000000000000000000, -1.000000000000000000 ) ) ;
#1724 = ORIENTED_EDGE ( 'NONE', *, *, #7143, .F. ) ;
#1725 = ADVANCED_FACE ( 'NONE', ( #1500 ), #559, .F. ) ;
#1726 = LINE ( 'NONE', #11242, #2709 ) ;
#1727 = VERTEX_POINT ( 'NONE', #4334 ) ;
#1728 = VERTEX_POINT ( 'NONE', #1371 ) ;
#1729 = VERTEX_POINT ( 'NONE', #7094 ) ;
#1730 = PLANE ( 'NONE',  #1599 ) ;
#1731 = DIRECTION ( 'NONE',  ( 0.000000000000000000, 0.000000000000000000, 1.000000000000000000 ) ) ;
#1732 = ORIENTED_EDGE ( 'NONE', *, *, #5868, .F. ) ;
#1733 = DIRECTION ( 'NONE',  ( 0.000000000000000000, -1.000000000000000000, 0.000000000000000000 ) ) ;
#1734 = DIRECTION ( 'NONE',  ( 0.000000000000000000, 0.000000000000000000, 1.000000000000000000 ) ) ;
#1735 = DIRECTION ( 'NONE',  ( 1.000000000000000000, 0.000000000000000000, 0.000000000000000000 ) ) ;
#1736 = CARTESIAN_POINT ( 'NONE',  ( -17.00000000000000000, 50.75000000000000000, 10.09999999999999964 ) ) ;
#1737 = ORIENTED_EDGE ( 'NONE', *, *, #11589, .T. ) ;
#1738 = DIRECTION ( 'NONE',  ( 0.000000000000000000, 0.000000000000000000, 1.000000000000000000 ) ) ;
#1739 = VERTEX_POINT ( 'NONE', #9138 ) ;
#1740 = VERTEX_POINT ( 'NONE', #10891 ) ;
#1741 = FACE_OUTER_BOUND ( 'NONE', #11329, .T. ) ;
#1742 = DIRECTION ( 'NONE',  ( 0.000000000000000000, -1.000000000000000000, 0.000000000000000000 ) ) ;
#1743 = EDGE_CURVE ( 'NONE', #11874, #5806, #2364, .T. ) ;
#1744 = DIRECTION ( 'NONE',  ( 1.000000000000000000, 0.000000000000000000, 0.000000000000000000 ) ) ;
#1745 = PLANE ( 'NONE',  #8262 ) ;
#1746 = VERTEX_POINT ( 'NONE', #8205 ) ;
#1747 = FACE_BOUND ( 'NONE', #6402, .T. ) ;
#1748 = EDGE_LOOP ( 'NONE', ( #11044, #6211, #149, #10654 ) ) ;
#1749 = ORIENTED_EDGE ( 'NONE', *, *, #8631, .F. ) ;
#1750 = VERTEX_POINT ( 'NONE', #7156 ) ;
#1751 = VECTOR ( 'NONE', #10916, 1000.000000000000000 ) ;
#1752 = LINE ( 'NONE', #5480, #10518 ) ;
#1753 = DIRECTION ( 'NONE',  ( -1.000000000000000000, 0.000000000000000000, 0.000000000000000000 ) ) ;
#1754 = DIRECTION ( 'NONE',  ( -1.000000000000000000, 0.000000000000000000, 0.000000000000000000 ) ) ;
#1755 = PLANE ( 'NONE',  #11954 ) ;
#1756 = CARTESIAN_POINT ( 'NONE',  ( -74.75000000000000000, 42.79999999999999716, 3.550000000000000266 ) ) ;
#1757 = EDGE_CURVE ( 'NONE', #5790, #9238, #6334, .T. ) ;
#1758 = DIRECTION ( 'NONE',  ( 0.000000000000000000, 0.000000000000000000, 1.000000000000000000 ) ) ;
#1759 = LINE ( 'NONE', #8110, #765 ) ;
#1760 = ORIENTED_EDGE ( 'NONE', *, *, #12, .T. ) ;
#1761 = VERTEX_POINT ( 'NONE', #10954 ) ;
#1762 = VERTEX_POINT ( 'NONE', #6279 ) ;
#1763 = DIRECTION ( 'NONE',  ( 1.000000000000000000, 0.000000000000000000, 0.000000000000000000 ) ) ;
#1764 = PLANE ( 'NONE',  #3352 ) ;
#1765 = DIRECTION ( 'NONE',  ( 0.000000000000000000, 0.000000000000000000, -1.000000000000000000 ) ) ;
#1766 = PLANE ( 'NONE',  #267 ) ;
#1767 = DIRECTION ( 'NONE',  ( 0.000000000000000000, 0.000000000000000000, -1.000000000000000000 ) ) ;
#1768 = VECTOR ( 'NONE', #2486, 1000.000000000000000 ) ;
#1769 = DIRECTION ( 'NONE',  ( -1.000000000000000000, 0.000000000000000000, 0.000000000000000000 ) ) ;
#1770 = ORIENTED_EDGE ( 'NONE', *, *, #11995, .T. ) ;
#1771 = EDGE_CURVE ( 'NONE', #9468, #431, #7222, .T. ) ;
#1772 = CARTESIAN_POINT ( 'NONE',  ( -2.500000000000000000, 36.00000000000000000, 1.600000000000000089 ) ) ;
#1773 = VERTEX_POINT ( 'NONE', #5219 ) ;
#1774 = CIRCLE ( 'NONE', #8720, 0.5000000000000000000 ) ;
#1775 = CARTESIAN_POINT ( 'NONE',  ( -12.94999999999999929, 1.750000000000000000, 10.09999999999999964 ) ) ;
#1776 = EDGE_LOOP ( 'NONE', ( #1530, #3894, #9104, #11543 ) ) ;
#1777 = AXIS2_PLACEMENT_3D ( 'NONE', #8900, #5978, #6983 ) ;
#1778 = ADVANCED_FACE ( 'NONE', ( #11011 ), #2432, .F. ) ;
#1779 = ORIENTED_EDGE ( 'NONE', *, *, #1686, .T. ) ;
#1780 = ORIENTED_EDGE ( 'NONE', *, *, #8238, .F. ) ;
#1781 = DIRECTION ( 'NONE',  ( 0.000000000000000000, 0.000000000000000000, -1.000000000000000000 ) ) ;
#1782 = DIRECTION ( 'NONE',  ( 0.000000000000000000, 0.7071067811865470176, -0.7071067811865480168 ) ) ;
#1783 = ORIENTED_EDGE ( 'NONE', *, *, #3300, .F. ) ;
#1784 = PLANE ( 'NONE',  #9962 ) ;
#1785 = LINE ( 'NONE', #7398, #1469 ) ;
#1786 = EDGE_CURVE ( 'NONE', #3373, #11938, #11692, .T. ) ;
#1787 = VECTOR ( 'NONE', #12094, 1000.000000000000000 ) ;
#1788 = DIRECTION ( 'NONE',  ( 1.000000000000000000, 0.000000000000000000, 0.000000000000000000 ) ) ;
#1789 = VECTOR ( 'NONE', #6953, 1000.000000000000000 ) ;
#1790 = CARTESIAN_POINT ( 'NONE',  ( -75.00000000000000000, 44.25000000000000000, 1.850000000000000089 ) ) ;
#1791 = EDGE_LOOP ( 'NONE', ( #4926, #2045, #10284, #7825 ) ) ;
#1792 = LINE ( 'NONE', #4585, #4934 ) ;
#1793 = VECTOR ( 'NONE', #7999, 1000.000000000000000 ) ;
#1794 = ORIENTED_EDGE ( 'NONE', *, *, #7442, .F. ) ;
#1795 = FACE_OUTER_BOUND ( 'NONE', #342, .T. ) ;
#1796 = VECTOR ( 'NONE', #3803, 1000.000000000000000 ) ;
#1797 = AXIS2_PLACEMENT_3D ( 'NONE', #9081, #4281, #11774 ) ;
#1798 = EDGE_CURVE ( 'NONE', #10304, #4638, #10817, .T. ) ;
#1799 = ORIENTED_EDGE ( 'NONE', *, *, #1117, .T. ) ;
#1800 = DIRECTION ( 'NONE',  ( 0.000000000000000000, -1.000000000000000000, 0.000000000000000000 ) ) ;
#1801 = FACE_OUTER_BOUND ( 'NONE', #6449, .T. ) ;
#1802 = DIRECTION ( 'NONE',  ( -1.000000000000000000, 0.000000000000000000, 0.000000000000000000 ) ) ;
#1803 = ORIENTED_EDGE ( 'NONE', *, *, #9680, .T. ) ;
#1804 = VECTOR ( 'NONE', #10010, 1000.000000000000000 ) ;
#1805 = EDGE_CURVE ( 'NONE', #7203, #8987, #6764, .T. ) ;
#1806 = VECTOR ( 'NONE', #3834, 1000.000000000000000 ) ;
#1807 = CARTESIAN_POINT ( 'NONE',  ( -14.50000000000000000, 50.75000000000000000, 10.09999999999999964 ) ) ;
#1808 = ORIENTED_EDGE ( 'NONE', *, *, #6461, .F. ) ;
#1809 = DIRECTION ( 'NONE',  ( -0.000000000000000000, -0.000000000000000000, -1.000000000000000000 ) ) ;
#1810 = ORIENTED_EDGE ( 'NONE', *, *, #3605, .T. ) ;
#1811 = ORIENTED_EDGE ( 'NONE', *, *, #2755, .F. ) ;
#1812 = EDGE_CURVE ( 'NONE', #11380, #8385, #10883, .T. ) ;
#1813 = CIRCLE ( 'NONE', #4977, 0.2500000000000002220 ) ;
#1814 = ORIENTED_EDGE ( 'NONE', *, *, #1786, .F. ) ;
#1815 = CIRCLE ( 'NONE', #8763, 3.250000000000002665 ) ;
#1816 = DIRECTION ( 'NONE',  ( -0.000000000000000000, -0.000000000000000000, -1.000000000000000000 ) ) ;
#1817 = EDGE_CURVE ( 'NONE', #4476, #1858, #5975, .T. ) ;
#1818 = LINE ( 'NONE', #8465, #5756 ) ;
#1819 = CARTESIAN_POINT ( 'NONE',  ( -18.00000000000000000, 50.75000000000000000, 1.600000000000000089 ) ) ;
#1820 = ADVANCED_FACE ( 'NONE', ( #10001 ), #4271, .F. ) ;
#1821 = DIRECTION ( 'NONE',  ( 0.000000000000000000, 0.000000000000000000, 1.000000000000000000 ) ) ;
#1822 = CARTESIAN_POINT ( 'NONE',  ( -49.64999999999999858, 44.94999999999999574, 10.59999999999999964 ) ) ;
#1823 = ADVANCED_FACE ( 'NONE', ( #3393 ), #3580, .T. ) ;
#1824 = PLANE ( 'NONE',  #1707 ) ;
#1825 = EDGE_CURVE ( 'NONE', #11877, #3150, #549, .T. ) ;
#1826 = FACE_BOUND ( 'NONE', #5292, .T. ) ;
#1827 = ORIENTED_EDGE ( 'NONE', *, *, #11079, .F. ) ;
#1828 = CARTESIAN_POINT ( 'NONE',  ( -52.75000000000000000, 27.75000000000000000, 2.350000000000000089 ) ) ;
#1829 = ORIENTED_EDGE ( 'NONE', *, *, #7591, .T. ) ;
#1830 = ORIENTED_EDGE ( 'NONE', *, *, #10559, .F. ) ;
#1831 = DIRECTION ( 'NONE',  ( -1.000000000000000000, 0.000000000000000000, 0.000000000000000000 ) ) ;
#1832 = PLANE ( 'NONE',  #6538 ) ;
#1833 = DIRECTION ( 'NONE',  ( 0.000000000000000000, 0.000000000000000000, -1.000000000000000000 ) ) ;
#1834 = CARTESIAN_POINT ( 'NONE',  ( -2.200000000000000178, 26.20000000000000284, 10.59999999999999964 ) ) ;
#1835 = ADVANCED_FACE ( 'NONE', ( #8078 ), #11884, .F. ) ;
#1836 = CARTESIAN_POINT ( 'NONE',  ( -19.00000000000000000, 1.000000000000000000, 10.09999999999999964 ) ) ;
#1837 = CARTESIAN_POINT ( 'NONE',  ( -8.000000000000000000, 50.75000000000000000, 10.09999999999999964 ) ) ;
#1838 = PLANE ( 'NONE',  #9438 ) ;
#1839 = VERTEX_POINT ( 'NONE', #6085 ) ;
#1840 = FACE_OUTER_BOUND ( 'NONE', #7106, .T. ) ;
#1841 = ORIENTED_EDGE ( 'NONE', *, *, #1130, .F. ) ;
#1842 = ORIENTED_EDGE ( 'NONE', *, *, #8610, .T. ) ;
#1843 = EDGE_LOOP ( 'NONE', ( #3812, #11497, #298, #8019 ) ) ;
#1844 = DIRECTION ( 'NONE',  ( 1.000000000000000000, 0.000000000000000000, 0.000000000000000000 ) ) ;
#1845 = FACE_OUTER_BOUND ( 'NONE', #6210, .T. ) ;
#1846 = VECTOR ( 'NONE', #1, 1000.000000000000000 ) ;
#1847 = VERTEX_POINT ( 'NONE', #4322 ) ;
#1848 = EDGE_CURVE ( 'NONE', #9379, #4147, #2351, .T. ) ;
#1849 = DIRECTION ( 'NONE',  ( 0.000000000000000000, 0.000000000000000000, 1.000000000000000000 ) ) ;
#1850 = LINE ( 'NONE', #6455, #6025 ) ;
#1851 = DIRECTION ( 'NONE',  ( 0.000000000000000000, -1.000000000000000000, 0.000000000000000000 ) ) ;
#1852 = ADVANCED_FACE ( 'NONE', ( #10756 ), #8940, .F. ) ;
#1853 = DIRECTION ( 'NONE',  ( 0.000000000000000000, 0.000000000000000000, -1.000000000000000000 ) ) ;
#1854 = VECTOR ( 'NONE', #3464, 1000.000000000000000 ) ;
#1855 = ORIENTED_EDGE ( 'NONE', *, *, #5683, .T. ) ;
#1856 = ORIENTED_EDGE ( 'NONE', *, *, #4776, .T. ) ;
#1857 = CARTESIAN_POINT ( 'NONE',  ( -5.250000000000000000, 26.20000000000000284, 10.59999999999999964 ) ) ;
#1858 = VERTEX_POINT ( 'NONE', #8012 ) ;
#1859 = FACE_OUTER_BOUND ( 'NONE', #9625, .T. ) ;
#1860 = EDGE_LOOP ( 'NONE', ( #6807, #9502, #3128, #11571 ) ) ;
#1861 = FACE_OUTER_BOUND ( 'NONE', #4672, .T. ) ;
#1862 = FACE_OUTER_BOUND ( 'NONE', #3981, .T. ) ;
#1863 = VECTOR ( 'NONE', #7998, 1000.000000000000000 ) ;
#1864 = FACE_BOUND ( 'NONE', #4387, .T. ) ;
#1865 = ADVANCED_FACE ( 'NONE', ( #2163 ), #3152, .F. ) ;
#1866 = CARTESIAN_POINT ( 'NONE',  ( -74.75000000000000000, 42.72677669529665678, 9.873223304703358849 ) ) ;
#1867 = DIRECTION ( 'NONE',  ( 0.000000000000000000, -1.000000000000000000, 0.000000000000000000 ) ) ;
#1868 = VERTEX_POINT ( 'NONE', #6015 ) ;
#1869 = EDGE_CURVE ( 'NONE', #1868, #4587, #3389, .T. ) ;
#1870 = LINE ( 'NONE', #6528, #8707 ) ;
#1871 = ORIENTED_EDGE ( 'NONE', *, *, #7226, .F. ) ;
#1872 = ORIENTED_EDGE ( 'NONE', *, *, #6729, .T. ) ;
#1873 = CARTESIAN_POINT ( 'NONE',  ( -2.899999999999999911, 26.20000000000000284, 10.59999999999999964 ) ) ;
#1874 = EDGE_CURVE ( 'NONE', #5826, #5444, #487, .T. ) ;
#1875 = LINE ( 'NONE', #5659, #389 ) ;
#1876 = DIRECTION ( 'NONE',  ( 0.000000000000000000, 1.000000000000000000, 0.000000000000000000 ) ) ;
#1877 = CARTESIAN_POINT ( 'NONE',  ( -42.25000000000000000, 50.75000000000000000, 1.600000000000000089 ) ) ;
#1878 = VECTOR ( 'NONE', #1851, 1000.000000000000000 ) ;
#1879 = LINE ( 'NONE', #9586, #8454 ) ;
#1880 = DIRECTION ( 'NONE',  ( 0.000000000000000000, -1.000000000000000000, 0.000000000000000000 ) ) ;
#1881 = DIRECTION ( 'NONE',  ( 0.000000000000000000, 0.000000000000000000, -1.000000000000000000 ) ) ;
#1882 = ADVANCED_FACE ( 'NONE', ( #3334 ), #7947, .F. ) ;
#1883 = ORIENTED_EDGE ( 'NONE', *, *, #9178, .T. ) ;
#1884 = VECTOR ( 'NONE', #2965, 1000.000000000000000 ) ;
#1885 = VECTOR ( 'NONE', #2522, 1000.000000000000000 ) ;
#1886 = DIRECTION ( 'NONE',  ( 1.000000000000000000, 0.000000000000000000, 0.000000000000000000 ) ) ;
#1887 = EDGE_LOOP ( 'NONE', ( #360, #10814, #2891, #2861 ) ) ;
#1888 = EDGE_CURVE ( 'NONE', #4834, #12262, #7141, .T. ) ;
#1889 = VERTEX_POINT ( 'NONE', #9250 ) ;
#1890 = PLANE ( 'NONE',  #4159 ) ;
#1891 = DIRECTION ( 'NONE',  ( -0.5773502691896257311, -0.5773502691896257311, 0.5773502691896257311 ) ) ;
#1892 = CARTESIAN_POINT ( 'NONE',  ( -27.25000000000000000, 50.75000000000000000, 1.600000000000000089 ) ) ;
#1893 = ADVANCED_FACE ( 'NONE', ( #4569 ), #11001, .T. ) ;
#1894 = DIRECTION ( 'NONE',  ( -1.000000000000000000, -0.000000000000000000, -0.000000000000000000 ) ) ;
#1895 = DIRECTION ( 'NONE',  ( -1.000000000000000000, 0.000000000000000000, 0.000000000000000000 ) ) ;
#1896 = VECTOR ( 'NONE', #11914, 1000.000000000000000 ) ;
#1897 = VECTOR ( 'NONE', #754, 1000.000000000000114 ) ;
#1898 = ORIENTED_EDGE ( 'NONE', *, *, #10987, .F. ) ;
#1899 = PLANE ( 'NONE',  #7450 ) ;
#1900 = ORIENTED_EDGE ( 'NONE', *, *, #8501, .T. ) ;
#1901 = CARTESIAN_POINT ( 'NONE',  ( -58.75000000000000000, 32.25000000000000000, 1.600000000000000089 ) ) ;
#1902 = ORIENTED_EDGE ( 'NONE', *, *, #7300, .T. ) ;
#1903 = EDGE_CURVE ( 'NONE', #5937, #6505, #5326, .T. ) ;
#1904 = ORIENTED_EDGE ( 'NONE', *, *, #9842, .F. ) ;
#1905 = AXIS2_PLACEMENT_3D ( 'NONE', #1986, #1054, #8934 ) ;
#1906 = ORIENTED_EDGE ( 'NONE', *, *, #2287, .F. ) ;
#1907 = DIRECTION ( 'NONE',  ( 1.000000000000000000, 0.000000000000000000, 0.000000000000000000 ) ) ;
#1908 = VECTOR ( 'NONE', #3955, 1000.000000000000000 ) ;
#1909 = PLANE ( 'NONE',  #2216 ) ;
#1910 = ORIENTED_EDGE ( 'NONE', *, *, #10637, .F. ) ;
#1911 = DIRECTION ( 'NONE',  ( -1.182766006347823848E-16, 1.000000000000000000, 0.000000000000000000 ) ) ;
#1912 = CARTESIAN_POINT ( 'NONE',  ( -3.750000000000000000, 14.69999999999999929, 13.00000000000000000 ) ) ;
#1913 = CARTESIAN_POINT ( 'NONE',  ( -74.75000000000000000, 35.30355339059324393, 11.05000000000000071 ) ) ;
#1914 = CARTESIAN_POINT ( 'NONE',  ( -11.95000000000000107, 2.750000000000000000, 1.600000000000000089 ) ) ;
#1915 = CARTESIAN_POINT ( 'NONE',  ( -49.75000000000000000, 50.75000000000000000, 10.09999999999999964 ) ) ;
#1916 = ORIENTED_EDGE ( 'NONE', *, *, #11539, .F. ) ;
#1917 = ORIENTED_EDGE ( 'NONE', *, *, #11789, .F. ) ;
#1918 = CYLINDRICAL_SURFACE ( 'NONE', #6721, 3.250000000000002665 ) ;
#1919 = ORIENTED_EDGE ( 'NONE', *, *, #3055, .T. ) ;
#1920 = PLANE ( 'NONE',  #4358 ) ;
#1921 = ORIENTED_EDGE ( 'NONE', *, *, #6222, .F. ) ;
#1922 = DIRECTION ( 'NONE',  ( -1.000000000000000000, 0.000000000000000000, 0.000000000000000000 ) ) ;
#1923 = CARTESIAN_POINT ( 'NONE',  ( -66.00000000000000000, 35.55355339059324393, 11.29999999999999893 ) ) ;
#1924 = FACE_OUTER_BOUND ( 'NONE', #7641, .T. ) ;
#1925 = FACE_OUTER_BOUND ( 'NONE', #5521, .T. ) ;
#1926 = DIRECTION ( 'NONE',  ( 0.000000000000000000, -0.7071067811865475727, -0.7071067811865475727 ) ) ;
#1927 = VERTEX_POINT ( 'NONE', #12194 ) ;
#1928 = CARTESIAN_POINT ( 'NONE',  ( -38.75000000000000000, 51.75000000000000000, 10.09999999999999964 ) ) ;
#1929 = EDGE_LOOP ( 'NONE', ( #2857, #9381, #2559, #2805 ) ) ;
#1930 = EDGE_CURVE ( 'NONE', #1991, #5204, #8171, .T. ) ;
#1931 = LINE ( 'NONE', #534, #853 ) ;
#1932 = LINE ( 'NONE', #65, #600 ) ;
#1933 = DIRECTION ( 'NONE',  ( 0.000000000000000000, 1.000000000000000000, 0.000000000000000000 ) ) ;
#1934 = LINE ( 'NONE', #7717, #78 ) ;
#1935 = EDGE_CURVE ( 'NONE', #8100, #3482, #1813, .T. ) ;
#1936 = FACE_OUTER_BOUND ( 'NONE', #12312, .T. ) ;
#1937 = CARTESIAN_POINT ( 'NONE',  ( -1.250000000000000000, 25.50000000000000000, 4.599999999999999645 ) ) ;
#1938 = CARTESIAN_POINT ( 'NONE',  ( -4.750000000000000000, 1.750000000000000000, 10.09999999999999964 ) ) ;
#1939 = EDGE_LOOP ( 'NONE', ( #3098, #3443, #7992, #1465 ) ) ;
#1940 = DIRECTION ( 'NONE',  ( -1.000000000000000000, 4.625929269271489858E-16, 0.000000000000000000 ) ) ;
#1941 = AXIS2_PLACEMENT_3D ( 'NONE', #9479, #8553, #3748 ) ;
#1942 = EDGE_LOOP ( 'NONE', ( #923, #3733, #2441, #934 ) ) ;
#1943 = ORIENTED_EDGE ( 'NONE', *, *, #7273, .F. ) ;
#1944 = LINE ( 'NONE', #9531, #2983 ) ;
#1945 = ADVANCED_FACE ( 'NONE', ( #12252 ), #6451, .T. ) ;
#1946 = DIRECTION ( 'NONE',  ( 0.000000000000000000, 0.4472135954999579277, 0.8944271909999158554 ) ) ;
#1947 = LINE ( 'NONE', #4732, #10530 ) ;
#1948 = DIRECTION ( 'NONE',  ( 0.000000000000000000, 1.000000000000000000, 0.000000000000000000 ) ) ;
#1949 = DIRECTION ( 'NONE',  ( 0.000000000000000000, 0.000000000000000000, 1.000000000000000000 ) ) ;
#1950 = DIRECTION ( 'NONE',  ( 0.000000000000000000, 0.000000000000000000, -1.000000000000000000 ) ) ;
#1951 = VECTOR ( 'NONE', #6103, 1000.000000000000000 ) ;
#1952 = FACE_OUTER_BOUND ( 'NONE', #2514, .T. ) ;
#1953 = ORIENTED_EDGE ( 'NONE', *, *, #3783, .F. ) ;
#1954 = LINE ( 'NONE', #4866, #5755 ) ;
#1955 = ORIENTED_EDGE ( 'NONE', *, *, #7359, .T. ) ;
#1956 = ADVANCED_FACE ( 'NONE', ( #2599 ), #9125, .T. ) ;
#1957 = EDGE_LOOP ( 'NONE', ( #10881, #11783, #2132, #2576 ) ) ;
#1958 = ORIENTED_EDGE ( 'NONE', *, *, #11917, .F. ) ;
#1959 = CARTESIAN_POINT ( 'NONE',  ( 0.000000000000000000, 28.60000000000000142, 4.599999999999999645 ) ) ;
#1960 = CARTESIAN_POINT ( 'NONE',  ( -68.50000000000000000, 3.500000000000000000, 1.600000000000000089 ) ) ;
#1961 = ORIENTED_EDGE ( 'NONE', *, *, #3218, .T. ) ;
#1962 = PLANE ( 'NONE',  #5185 ) ;
#1963 = CARTESIAN_POINT ( 'NONE',  ( -13.00000000000000000, 51.75000000000000000, 1.600000000000000089 ) ) ;
#1964 = DIRECTION ( 'NONE',  ( -1.000000000000000000, 0.000000000000000000, 0.000000000000000000 ) ) ;
#1965 = LINE ( 'NONE', #41, #5044 ) ;
#1966 = EDGE_CURVE ( 'NONE', #3891, #3298, #1667, .T. ) ;
#1967 = VECTOR ( 'NONE', #9597, 1000.000000000000000 ) ;
#1968 = EDGE_CURVE ( 'NONE', #8598, #372, #7446, .T. ) ;
#1969 = DIRECTION ( 'NONE',  ( -1.000000000000000000, 0.000000000000000000, 0.000000000000000000 ) ) ;
#1970 = EDGE_LOOP ( 'NONE', ( #351, #9391, #4500, #9594, #3019, #12206, #2378, #292 ) ) ;
#1971 = AXIS2_PLACEMENT_3D ( 'NONE', #7849, #3114, #7908 ) ;
#1972 = ORIENTED_EDGE ( 'NONE', *, *, #3091, .F. ) ;
#1973 = ADVANCED_FACE ( 'NONE', ( #4449 ), #1547, .F. ) ;
#1974 = CARTESIAN_POINT ( 'NONE',  ( -74.75000000000000000, 41.00000000000000000, 5.549999999999999822 ) ) ;
#1975 = ORIENTED_EDGE ( 'NONE', *, *, #11746, .F. ) ;
#1976 = CARTESIAN_POINT ( 'NONE',  ( -47.25000000000000000, 44.00000000000000000, 4.599999999999999645 ) ) ;
#1977 = ORIENTED_EDGE ( 'NONE', *, *, #508, .F. ) ;
#1978 = DIRECTION ( 'NONE',  ( 1.000000000000000000, 0.000000000000000000, 0.000000000000000000 ) ) ;
#1979 = DIRECTION ( 'NONE',  ( 0.000000000000000000, -1.000000000000000000, 0.000000000000000000 ) ) ;
#1980 = AXIS2_PLACEMENT_3D ( 'NONE', #4949, #11633, #6084 ) ;
#1981 = FACE_BOUND ( 'NONE', #12321, .T. ) ;
#1982 = EDGE_CURVE ( 'NONE', #4531, #11955, #7269, .T. ) ;
#1983 = LINE ( 'NONE', #5773, #1908 ) ;
#1984 = VECTOR ( 'NONE', #10927, 1000.000000000000000 ) ;
#1985 = AXIS2_PLACEMENT_3D ( 'NONE', #1029, #9422, #9545 ) ;
#1986 = CARTESIAN_POINT ( 'NONE',  ( -59.00000000000000000, 17.10000000000000142, 2.600000000000000089 ) ) ;
#1987 = ORIENTED_EDGE ( 'NONE', *, *, #11778, .T. ) ;
#1988 = VECTOR ( 'NONE', #3849, 1000.000000000000000 ) ;
#1989 = CARTESIAN_POINT ( 'NONE',  ( -38.25000000000000000, 2.750000000000000000, 10.09999999999999964 ) ) ;
#1990 = ORIENTED_EDGE ( 'NONE', *, *, #11623, .F. ) ;
#1991 = VERTEX_POINT ( 'NONE', #11063 ) ;
#1992 = FACE_OUTER_BOUND ( 'NONE', #3535, .T. ) ;
#1993 = VECTOR ( 'NONE', #7986, 1000.000000000000000 ) ;
#1994 = FACE_OUTER_BOUND ( 'NONE', #4781, .T. ) ;
#1995 = ADVANCED_FACE ( 'NONE', ( #9367 ), #12069, .F. ) ;
#1996 = CARTESIAN_POINT ( 'NONE',  ( -45.25000000000000000, 28.00000000000000000, 1.850000000000000089 ) ) ;
#1997 = CARTESIAN_POINT ( 'NONE',  ( -75.00000000000000000, 35.30355339059324393, 11.54999999999999893 ) ) ;
#1998 = VECTOR ( 'NONE', #9085, 1000.000000000000000 ) ;
#1999 = EDGE_CURVE ( 'NONE', #3660, #9466, #5508, .T. ) ;
#2000 = VECTOR ( 'NONE', #8883, 1000.000000000000000 ) ;
#2001 = LINE ( 'NONE', #6719, #2303 ) ;
#2002 = EDGE_CURVE ( 'NONE', #2229, #8196, #9302, .T. ) ;
#2003 = CARTESIAN_POINT ( 'NONE',  ( -12.00000000000000000, 50.75000000000000000, 10.09999999999999964 ) ) ;
#2004 = VECTOR ( 'NONE', #94, 1000.000000000000000 ) ;
#2005 = PLANE ( 'NONE',  #10302 ) ;
#2006 = ORIENTED_EDGE ( 'NONE', *, *, #5737, .T. ) ;
#2007 = DIRECTION ( 'NONE',  ( 0.7071067811865500152, -0.7071067811865450192, 0.000000000000000000 ) ) ;
#2008 = EDGE_CURVE ( 'NONE', #7498, #5100, #794, .T. ) ;
#2009 = VECTOR ( 'NONE', #11678, 1000.000000000000000 ) ;
#2010 = ORIENTED_EDGE ( 'NONE', *, *, #141, .F. ) ;
#2011 = EDGE_LOOP ( 'NONE', ( #5865, #3142, #8161, #5807 ) ) ;
#2012 = VERTEX_POINT ( 'NONE', #2474 ) ;
#2013 = DIRECTION ( 'NONE',  ( -1.000000000000000000, 0.000000000000000000, 0.000000000000000000 ) ) ;
#2014 = DIRECTION ( 'NONE',  ( 0.000000000000000000, 0.000000000000000000, -1.000000000000000000 ) ) ;
#2015 = CARTESIAN_POINT ( 'NONE',  ( -31.25000000000000000, 50.75000000000000000, 10.09999999999999964 ) ) ;
#2016 = DIRECTION ( 'NONE',  ( 0.000000000000000000, 1.000000000000000000, 0.000000000000000000 ) ) ;
#2017 = LINE ( 'NONE', #5987, #2796 ) ;
#2018 = FACE_OUTER_BOUND ( 'NONE', #11645, .T. ) ;
#2019 = AXIS2_PLACEMENT_3D ( 'NONE', #4601, #10394, #11401 ) ;
#2020 = EDGE_CURVE ( 'NONE', #3326, #4852, #5448, .T. ) ;
#2021 = LINE ( 'NONE', #3808, #12036 ) ;
#2022 = ORIENTED_EDGE ( 'NONE', *, *, #8151, .T. ) ;
#2023 = DIRECTION ( 'NONE',  ( 0.000000000000000000, 0.000000000000000000, 1.000000000000000000 ) ) ;
#2024 = ORIENTED_EDGE ( 'NONE', *, *, #8029, .T. ) ;
#2025 = ORIENTED_EDGE ( 'NONE', *, *, #3807, .T. ) ;
#2026 = ORIENTED_EDGE ( 'NONE', *, *, #10666, .F. ) ;
#2027 = FACE_OUTER_BOUND ( 'NONE', #8931, .T. ) ;
#2028 = CARTESIAN_POINT ( 'NONE',  ( -49.64999999999999858, 47.30000000000000426, 10.59999999999999964 ) ) ;
#2029 = ORIENTED_EDGE ( 'NONE', *, *, #3025, .T. ) ;
#2030 = EDGE_LOOP ( 'NONE', ( #820, #4650, #2715, #5056, #8572, #10257, #5438, #11659 ) ) ;
#2031 = LINE ( 'NONE', #10487, #4584 ) ;
#2032 = DIRECTION ( 'NONE',  ( 1.000000000000000000, 0.000000000000000000, 0.000000000000000000 ) ) ;
#2033 = EDGE_CURVE ( 'NONE', #260, #5149, #737, .T. ) ;
#2034 = FACE_OUTER_BOUND ( 'NONE', #4728, .T. ) ;
#2035 = CARTESIAN_POINT ( 'NONE',  ( -51.00000000000000000, 32.25000000000000000, 2.600000000000000089 ) ) ;
#2036 = EDGE_CURVE ( 'NONE', #2736, #11330, #3571, .T. ) ;
#2037 = CARTESIAN_POINT ( 'NONE',  ( -65.50000000000000000, 52.50000000000000000, 1.600000000000000089 ) ) ;
#2038 = VERTEX_POINT ( 'NONE', #4747 ) ;
#2039 = EDGE_LOOP ( 'NONE', ( #3477, #8508, #541, #3072, #8914 ) ) ;
#2040 = PLANE ( 'NONE',  #5342 ) ;
#2041 = EDGE_CURVE ( 'NONE', #571, #892, #9611, .T. ) ;
#2042 = VERTEX_POINT ( 'NONE', #10609 ) ;
#2043 = ADVANCED_FACE ( 'NONE', ( #12303 ), #9429, .F. ) ;
#2044 = CARTESIAN_POINT ( 'NONE',  ( -47.25000000000000000, 49.00000000000000000, 4.599999999999999645 ) ) ;
#2045 = ORIENTED_EDGE ( 'NONE', *, *, #10966, .F. ) ;
#2046 = EDGE_CURVE ( 'NONE', #3373, #10726, #970, .T. ) ;
#2047 = DIRECTION ( 'NONE',  ( 0.000000000000000000, 0.000000000000000000, -1.000000000000000000 ) ) ;
#2048 = FACE_OUTER_BOUND ( 'NONE', #1748, .T. ) ;
#2049 = AXIS2_PLACEMENT_3D ( 'NONE', #7897, #1003, #2058 ) ;
#2050 = ADVANCED_FACE ( 'NONE', ( #8494 ), #5688, .F. ) ;
#2051 = LINE ( 'NONE', #4892, #7662 ) ;
#2052 = VERTEX_POINT ( 'NONE', #34 ) ;
#2053 = DIRECTION ( 'NONE',  ( 0.000000000000000000, 0.000000000000000000, -1.000000000000000000 ) ) ;
#2054 = ORIENTED_EDGE ( 'NONE', *, *, #6453, .F. ) ;
#2055 = VECTOR ( 'NONE', #1050, 1000.000000000000000 ) ;
#2056 = EDGE_CURVE ( 'NONE', #217, #7498, #1034, .T. ) ;
#2057 = ORIENTED_EDGE ( 'NONE', *, *, #56, .F. ) ;
#2058 = DIRECTION ( 'NONE',  ( 0.000000000000000000, 0.000000000000000000, -1.000000000000000000 ) ) ;
#2059 = DIRECTION ( 'NONE',  ( 0.000000000000000000, 0.000000000000000000, -1.000000000000000000 ) ) ;
#2060 = DIRECTION ( 'NONE',  ( 0.000000000000000000, -1.000000000000000000, 0.000000000000000000 ) ) ;
#2061 = CARTESIAN_POINT ( 'NONE',  ( 0.000000000000000000, 38.50000000000000000, 1.600000000000000089 ) ) ;
#2062 = DIRECTION ( 'NONE',  ( 1.000000000000000000, 0.000000000000000000, 0.000000000000000000 ) ) ;
#2063 = VECTOR ( 'NONE', #6328, 1000.000000000000000 ) ;
#2064 = DIRECTION ( 'NONE',  ( 0.000000000000000000, 0.000000000000000000, 1.000000000000000000 ) ) ;
#2065 = CARTESIAN_POINT ( 'NONE',  ( -2.200000000000000178, 30.30000000000000071, 4.599999999999999645 ) ) ;
#2066 = EDGE_CURVE ( 'NONE', #10542, #10828, #11370, .T. ) ;
#2067 = VERTEX_POINT ( 'NONE', #2956 ) ;
#2068 = CARTESIAN_POINT ( 'NONE',  ( -39.75000000000000000, 1.750000000000000000, 1.600000000000000089 ) ) ;
#2069 = EDGE_LOOP ( 'NONE', ( #2417, #10749 ) ) ;
#2070 = ORIENTED_EDGE ( 'NONE', *, *, #4776, .F. ) ;
#2071 = VERTEX_POINT ( 'NONE', #11302 ) ;
#2072 = CYLINDRICAL_SURFACE ( 'NONE', #4563, 0.2500000000000002220 ) ;
#2073 = VECTOR ( 'NONE', #10336, 1000.000000000000000 ) ;
#2074 = CARTESIAN_POINT ( 'NONE',  ( -49.64999999999999858, 47.30000000000000426, 4.599999999999999645 ) ) ;
#2075 = DIRECTION ( 'NONE',  ( -1.000000000000000000, 0.000000000000000000, 0.000000000000000000 ) ) ;
#2076 = LINE ( 'NONE', #4675, #10406 ) ;
#2077 = CARTESIAN_POINT ( 'NONE',  ( -62.50000000000000000, 16.00000000000000000, 2.600000000000000089 ) ) ;
#2078 = DIRECTION ( 'NONE',  ( 0.000000000000000000, 1.000000000000000000, 0.000000000000000000 ) ) ;
#2079 = ORIENTED_EDGE ( 'NONE', *, *, #1217, .F. ) ;
#2080 = DIRECTION ( 'NONE',  ( 0.000000000000000000, -1.000000000000000000, 0.000000000000000000 ) ) ;
#2081 = VECTOR ( 'NONE', #6681, 1000.000000000000000 ) ;
#2082 = VECTOR ( 'NONE', #3455, 1000.000000000000000 ) ;
#2083 = ORIENTED_EDGE ( 'NONE', *, *, #11296, .T. ) ;
#2084 = DIRECTION ( 'NONE',  ( 0.000000000000000000, 0.000000000000000000, -1.000000000000000000 ) ) ;
#2085 = EDGE_LOOP ( 'NONE', ( #8004, #11269, #2225, #12008 ) ) ;
#2086 = VERTEX_POINT ( 'NONE', #6747 ) ;
#2087 = VERTEX_POINT ( 'NONE', #3883 ) ;
#2088 = CARTESIAN_POINT ( 'NONE',  ( -38.75000000000000000, 51.75000000000000000, 10.09999999999999964 ) ) ;
#2089 = DIRECTION ( 'NONE',  ( 0.000000000000000000, 0.000000000000000000, 1.000000000000000000 ) ) ;
#2090 = ADVANCED_FACE ( 'NONE', ( #1845 ), #1097, .F. ) ;
#2091 = EDGE_LOOP ( 'NONE', ( #201, #10925, #5820, #8409 ) ) ;
#2092 = DIRECTION ( 'NONE',  ( 0.000000000000000000, 1.000000000000000000, 0.000000000000000000 ) ) ;
#2093 = FACE_OUTER_BOUND ( 'NONE', #2102, .T. ) ;
#2094 = AXIS2_PLACEMENT_3D ( 'NONE', #7973, #9833, #3110 ) ;
#2095 = AXIS2_PLACEMENT_3D ( 'NONE', #9602, #8482, #1950 ) ;
#2096 = CARTESIAN_POINT ( 'NONE',  ( -45.25000000000000000, 24.25000000000000000, 2.350000000000000089 ) ) ;
#2097 = DIRECTION ( 'NONE',  ( 1.000000000000000000, 0.000000000000000000, 0.000000000000000000 ) ) ;
#2098 = EDGE_CURVE ( 'NONE', #11250, #9379, #6815, .T. ) ;
#2099 = DIRECTION ( 'NONE',  ( 0.000000000000000000, 0.000000000000000000, 1.000000000000000000 ) ) ;
#2100 = ORIENTED_EDGE ( 'NONE', *, *, #1930, .F. ) ;
#2101 = VECTOR ( 'NONE', #9577, 1000.000000000000114 ) ;
#2102 = EDGE_LOOP ( 'NONE', ( #2466, #10655, #2954, #10291 ) ) ;
#2103 = VECTOR ( 'NONE', #1133, 1000.000000000000000 ) ;
#2104 = FACE_OUTER_BOUND ( 'NONE', #9031, .T. ) ;
#2105 = ORIENTED_EDGE ( 'NONE', *, *, #2249, .F. ) ;
#2106 = VERTEX_POINT ( 'NONE', #10550 ) ;
#2107 = DIRECTION ( 'NONE',  ( 0.000000000000000000, 1.000000000000000000, 0.000000000000000000 ) ) ;
#2108 = ORIENTED_EDGE ( 'NONE', *, *, #8458, .F. ) ;
#2109 = FACE_OUTER_BOUND ( 'NONE', #5153, .T. ) ;
#2110 = DIRECTION ( 'NONE',  ( 0.000000000000000000, 0.000000000000000000, 1.000000000000000000 ) ) ;
#2111 = VECTOR ( 'NONE', #11686, 1000.000000000000000 ) ;
#2112 = EDGE_LOOP ( 'NONE', ( #9444, #11616, #4261, #10507 ) ) ;
#2113 = VECTOR ( 'NONE', #10948, 1000.000000000000000 ) ;
#2114 = FACE_OUTER_BOUND ( 'NONE', #3250, .T. ) ;
#2115 = VERTEX_POINT ( 'NONE', #5879 ) ;
#2116 = CARTESIAN_POINT ( 'NONE',  ( -39.75000000000000000, 11.50000000000000000, 1.600000000000000089 ) ) ;
#2117 = ADVANCED_FACE ( 'NONE', ( #4873 ), #6628, .F. ) ;
#2118 = VERTEX_POINT ( 'NONE', #8558 ) ;
#2119 = DIRECTION ( 'NONE',  ( 1.000000000000000000, 0.000000000000000000, 0.000000000000000000 ) ) ;
#2120 = CARTESIAN_POINT ( 'NONE',  ( -75.00000000000000000, 33.95000000000000284, 3.550000000000000266 ) ) ;
#2121 = PLANE ( 'NONE',  #8756 ) ;
#2122 = CARTESIAN_POINT ( 'NONE',  ( -49.75000000000000000, 51.75000000000000000, 10.09999999999999964 ) ) ;
#2123 = CARTESIAN_POINT ( 'NONE',  ( -49.64999999999999858, 44.94999999999999574, 10.59999999999999964 ) ) ;
#2124 = EDGE_CURVE ( 'NONE', #32, #8373, #5182, .T. ) ;
#2125 = EDGE_CURVE ( 'NONE', #10368, #7996, #12161, .T. ) ;
#2126 = CARTESIAN_POINT ( 'NONE',  ( -27.25000000000000000, 2.750000000000000000, 1.600000000000000089 ) ) ;
#2127 = DIRECTION ( 'NONE',  ( 0.000000000000000000, 0.000000000000000000, 1.000000000000000000 ) ) ;
#2128 = ORIENTED_EDGE ( 'NONE', *, *, #8496, .T. ) ;
#2129 = CARTESIAN_POINT ( 'NONE',  ( -52.75000000000000000, 27.50000000000000000, 3.600000000000000089 ) ) ;
#2130 = ORIENTED_EDGE ( 'NONE', *, *, #10282, .T. ) ;
#2131 = ORIENTED_EDGE ( 'NONE', *, *, #9471, .T. ) ;
#2132 = ORIENTED_EDGE ( 'NONE', *, *, #2479, .F. ) ;
#2133 = PLANE ( 'NONE',  #4541 ) ;
#2134 = LINE ( 'NONE', #8785, #10945 ) ;
#2135 = DIRECTION ( 'NONE',  ( 0.000000000000000000, 0.000000000000000000, -1.000000000000000000 ) ) ;
#2136 = DIRECTION ( 'NONE',  ( -1.000000000000000000, 0.000000000000000000, 0.000000000000000000 ) ) ;
#2137 = ADVANCED_FACE ( 'NONE', ( #10423 ), #1909, .F. ) ;
#2138 = DIRECTION ( 'NONE',  ( 1.000000000000000000, 0.000000000000000000, 0.000000000000000000 ) ) ;
#2139 = EDGE_LOOP ( 'NONE', ( #9032, #1545, #3339, #8250 ) ) ;
#2140 = AXIS2_PLACEMENT_3D ( 'NONE', #965, #5803, #10544 ) ;
#2141 = DIRECTION ( 'NONE',  ( -1.000000000000000000, 0.000000000000000000, 0.000000000000000000 ) ) ;
#2142 = VERTEX_POINT ( 'NONE', #1960 ) ;
#2143 = ORIENTED_EDGE ( 'NONE', *, *, #9790, .F. ) ;
#2144 = ORIENTED_EDGE ( 'NONE', *, *, #11980, .F. ) ;
#2145 = CARTESIAN_POINT ( 'NONE',  ( -9.549999999999998934, 2.750000000000000000, 1.600000000000000089 ) ) ;
#2146 = DIRECTION ( 'NONE',  ( 0.000000000000000000, 1.000000000000000000, 0.000000000000000000 ) ) ;
#2147 = VERTEX_POINT ( 'NONE', #221 ) ;
#2148 = CARTESIAN_POINT ( 'NONE',  ( -19.50000000000000000, 51.75000000000000000, 10.09999999999999964 ) ) ;
#2149 = CARTESIAN_POINT ( 'NONE',  ( -75.00000000000000000, 34.95000000000000284, 11.40355339059328088 ) ) ;
#2150 = VECTOR ( 'NONE', #9282, 1000.000000000000000 ) ;
#2151 = CARTESIAN_POINT ( 'NONE',  ( -30.75000000000000000, 1.750000000000000000, 10.09999999999999964 ) ) ;
#2152 = EDGE_CURVE ( 'NONE', #9311, #3896, #5747, .T. ) ;
#2153 = FACE_OUTER_BOUND ( 'NONE', #8049, .T. ) ;
#2154 = ORIENTED_EDGE ( 'NONE', *, *, #5354, .F. ) ;
#2155 = ORIENTED_EDGE ( 'NONE', *, *, #9711, .F. ) ;
#2156 = EDGE_CURVE ( 'NONE', #8158, #7780, #10367, .T. ) ;
#2157 = EDGE_LOOP ( 'NONE', ( #10500, #10065, #5804, #8426 ) ) ;
#2159 = VECTOR ( 'NONE', #5473, 1000.000000000000000 ) ;
#2158 = DIRECTION ( 'NONE',  ( 0.000000000000000000, 0.000000000000000000, -1.000000000000000000 ) ) ;
#2160 = ORIENTED_EDGE ( 'NONE', *, *, #931, .T. ) ;
#2161 = ORIENTED_EDGE ( 'NONE', *, *, #3856, .T. ) ;
#2162 = CARTESIAN_POINT ( 'NONE',  ( -28.75000000000000000, 50.75000000000000000, 10.09999999999999964 ) ) ;
#2163 = FACE_OUTER_BOUND ( 'NONE', #4479, .T. ) ;
#2164 = EDGE_CURVE ( 'NONE', #3313, #10591, #1221, .T. ) ;
#2165 = ORIENTED_EDGE ( 'NONE', *, *, #4576, .F. ) ;
#2166 = CARTESIAN_POINT ( 'NONE',  ( -19.00000000000000000, 1.000000000000000000, 1.600000000000000089 ) ) ;
#2167 = CARTESIAN_POINT ( 'NONE',  ( -34.75000000000000000, 1.750000000000000000, 1.600000000000000089 ) ) ;
#2168 = AXIS2_PLACEMENT_3D ( 'NONE', #7914, #3302, #390 ) ;
#2169 = VECTOR ( 'NONE', #245, 1000.000000000000000 ) ;
#2170 = DIRECTION ( 'NONE',  ( 0.5773502691896257311, -0.5773502691896257311, 0.5773502691896257311 ) ) ;
#2171 = ORIENTED_EDGE ( 'NONE', *, *, #6459, .T. ) ;
#2172 = DIRECTION ( 'NONE',  ( 0.000000000000000000, -1.000000000000000000, 0.000000000000000000 ) ) ;
#2173 = VECTOR ( 'NONE', #9159, 1000.000000000000000 ) ;
#2174 = AXIS2_PLACEMENT_3D ( 'NONE', #9067, #9183, #8130 ) ;
#2175 = ORIENTED_EDGE ( 'NONE', *, *, #3830, .F. ) ;
#2176 = ORIENTED_EDGE ( 'NONE', *, *, #1520, .T. ) ;
#2177 = DIRECTION ( 'NONE',  ( 0.000000000000000000, 0.000000000000000000, 1.000000000000000000 ) ) ;
#2178 = PLANE ( 'NONE',  #4951 ) ;
#2179 = LINE ( 'NONE', #1189, #2798 ) ;
#2180 = LINE ( 'NONE', #10703, #11832 ) ;
#2181 = ADVANCED_FACE ( 'NONE', ( #9858 ), #5002, .T. ) ;
#2182 = CARTESIAN_POINT ( 'NONE',  ( -5.750000000000000000, 2.750000000000000000, 10.09999999999999964 ) ) ;
#2183 = VECTOR ( 'NONE', #8221, 1000.000000000000000 ) ;
#2184 = CARTESIAN_POINT ( 'NONE',  ( -16.75000000000000000, 2.750000000000000000, 10.09999999999999964 ) ) ;
#2185 = DIRECTION ( 'NONE',  ( 1.000000000000000000, 0.000000000000000000, 0.000000000000000000 ) ) ;
#2186 = ORIENTED_EDGE ( 'NONE', *, *, #5399, .T. ) ;
#2187 = ORIENTED_EDGE ( 'NONE', *, *, #6294, .T. ) ;
#2188 = LINE ( 'NONE', #8780, #4735 ) ;
#2189 = AXIS2_PLACEMENT_3D ( 'NONE', #3559, #3988, #11537 ) ;
#2190 = EDGE_LOOP ( 'NONE', ( #570, #12205, #8013, #6725 ) ) ;
#2191 = ORIENTED_EDGE ( 'NONE', *, *, #8831, .F. ) ;
#2192 = EDGE_CURVE ( 'NONE', #5444, #7766, #6932, .T. ) ;
#2193 = ORIENTED_EDGE ( 'NONE', *, *, #9711, .T. ) ;
#2194 = EDGE_CURVE ( 'NONE', #776, #12138, #2608, .T. ) ;
#2195 = CIRCLE ( 'NONE', #3576, 0.5000000000000004441 ) ;
#2196 = VECTOR ( 'NONE', #10468, 1000.000000000000000 ) ;
#2197 = DIRECTION ( 'NONE',  ( 0.000000000000000000, 0.000000000000000000, -1.000000000000000000 ) ) ;
#2198 = EDGE_CURVE ( 'NONE', #6168, #866, #11866, .T. ) ;
#2199 = FACE_OUTER_BOUND ( 'NONE', #3387, .T. ) ;
#2200 = LINE ( 'NONE', #5985, #8626 ) ;
#2201 = PLANE ( 'NONE',  #2204 ) ;
#2202 = DIRECTION ( 'NONE',  ( 0.000000000000000000, 0.000000000000000000, 1.000000000000000000 ) ) ;
#2203 = ADVANCED_FACE ( 'NONE', ( #9795 ), #9552, .T. ) ;
#2204 = AXIS2_PLACEMENT_3D ( 'NONE', #3061, #5796, #7917 ) ;
#2205 = DIRECTION ( 'NONE',  ( 1.000000000000000000, 0.000000000000000000, 0.000000000000000000 ) ) ;
#2206 = EDGE_LOOP ( 'NONE', ( #9593, #8431, #10942, #3275 ) ) ;
#2207 = VECTOR ( 'NONE', #8943, 1000.000000000000000 ) ;
#2208 = FACE_OUTER_BOUND ( 'NONE', #7153, .T. ) ;
#2209 = VERTEX_POINT ( 'NONE', #4186 ) ;
#2210 = EDGE_LOOP ( 'NONE', ( #1841, #3064, #2667 ) ) ;
#2211 = VERTEX_POINT ( 'NONE', #9732 ) ;
#2212 = DIRECTION ( 'NONE',  ( 0.000000000000000000, 0.000000000000000000, -1.000000000000000000 ) ) ;
#2213 = DIRECTION ( 'NONE',  ( -1.000000000000000000, 0.000000000000000000, 0.000000000000000000 ) ) ;
#2214 = ORIENTED_EDGE ( 'NONE', *, *, #1415, .F. ) ;
#2215 = EDGE_CURVE ( 'NONE', #10363, #4893, #8007, .T. ) ;
#2216 = AXIS2_PLACEMENT_3D ( 'NONE', #1159, #10484, #4932 ) ;
#2217 = VERTEX_POINT ( 'NONE', #6122 ) ;
#2218 = LINE ( 'NONE', #6000, #4390 ) ;
#2219 = CARTESIAN_POINT ( 'NONE',  ( -47.25000000000000000, 44.94999999999999574, 10.59999999999999964 ) ) ;
#2220 = LINE ( 'NONE', #10445, #11131 ) ;
#2221 = AXIS2_PLACEMENT_3D ( 'NONE', #6311, #8118, #10167 ) ;
#2222 = CARTESIAN_POINT ( 'NONE',  ( -59.00000000000000000, 14.75000000000000000, 1.600000000000000089 ) ) ;
#2223 = LINE ( 'NONE', #1417, #3457 ) ;
#2224 = ORIENTED_EDGE ( 'NONE', *, *, #4222, .F. ) ;
#2225 = ORIENTED_EDGE ( 'NONE', *, *, #8496, .F. ) ;
#2226 = LINE ( 'NONE', #9809, #9057 ) ;
#2227 = ORIENTED_EDGE ( 'NONE', *, *, #2751, .T. ) ;
#2228 = LINE ( 'NONE', #10619, #12313 ) ;
#2229 = VERTEX_POINT ( 'NONE', #7121 ) ;
#2230 = EDGE_CURVE ( 'NONE', #4305, #8750, #5192, .T. ) ;
#2231 = ORIENTED_EDGE ( 'NONE', *, *, #3123, .T. ) ;
#2232 = CARTESIAN_POINT ( 'NONE',  ( -50.35000000000000142, 47.30000000000000426, 10.59999999999999964 ) ) ;
#2233 = DIRECTION ( 'NONE',  ( 0.000000000000000000, 0.000000000000000000, 1.000000000000000000 ) ) ;
#2234 = ORIENTED_EDGE ( 'NONE', *, *, #11367, .T. ) ;
#2235 = DIRECTION ( 'NONE',  ( 0.000000000000000000, 0.000000000000000000, -1.000000000000000000 ) ) ;
#2236 = LINE ( 'NONE', #10944, #7809 ) ;
#2237 = DIRECTION ( 'NONE',  ( 0.000000000000000000, 0.000000000000000000, -1.000000000000000000 ) ) ;
#2238 = ORIENTED_EDGE ( 'NONE', *, *, #7912, .F. ) ;
#2239 = LINE ( 'NONE', #5151, #2369 ) ;
#2240 = ORIENTED_EDGE ( 'NONE', *, *, #2368, .F. ) ;
#2241 = VERTEX_POINT ( 'NONE', #8864 ) ;
#2242 = LINE ( 'NONE', #5966, #9003 ) ;
#2243 = AXIS2_PLACEMENT_3D ( 'NONE', #9052, #7808, #11738 ) ;
#2244 = ADVANCED_FACE ( 'NONE', ( #10862 ), #3134, .T. ) ;
#2245 = FACE_OUTER_BOUND ( 'NONE', #7033, .T. ) ;
#2246 = LINE ( 'NONE', #1131, #5175 ) ;
#2247 = DIRECTION ( 'NONE',  ( 0.000000000000000000, 0.000000000000000000, 1.000000000000000000 ) ) ;
#2248 = DIRECTION ( 'NONE',  ( 0.000000000000000000, 0.000000000000000000, -1.000000000000000000 ) ) ;
#2249 = EDGE_CURVE ( 'NONE', #8796, #10564, #6186, .T. ) ;
#2250 = FACE_OUTER_BOUND ( 'NONE', #3132, .T. ) ;
#2251 = VECTOR ( 'NONE', #688, 1000.000000000000000 ) ;
#2252 = CARTESIAN_POINT ( 'NONE',  ( -74.75000000000000000, 41.00000000000000000, 8.550000000000000711 ) ) ;
#2253 = ORIENTED_EDGE ( 'NONE', *, *, #7852, .T. ) ;
#2254 = ORIENTED_EDGE ( 'NONE', *, *, #2951, .T. ) ;
#2255 = DIRECTION ( 'NONE',  ( 0.000000000000000000, 0.000000000000000000, -1.000000000000000000 ) ) ;
#2256 = EDGE_CURVE ( 'NONE', #11955, #10920, #2334, .T. ) ;
#2257 = VERTEX_POINT ( 'NONE', #4120 ) ;
#2258 = ORIENTED_EDGE ( 'NONE', *, *, #7077, .T. ) ;
#2259 = CARTESIAN_POINT ( 'NONE',  ( -24.75000000000000000, 2.750000000000000000, 1.600000000000000089 ) ) ;
#2260 = CARTESIAN_POINT ( 'NONE',  ( -53.25000000000000000, 2.500000000000000000, 1.600000000000000089 ) ) ;
#2261 = LINE ( 'NONE', #11601, #4035 ) ;
#2262 = AXIS2_PLACEMENT_3D ( 'NONE', #6437, #1592, #6375 ) ;
#2263 = CARTESIAN_POINT ( 'NONE',  ( -54.50000000000000000, 26.00000000000000000, 3.850000000000000089 ) ) ;
#2264 = CARTESIAN_POINT ( 'NONE',  ( -74.75000000000000000, 33.45000000000000284, 9.696446609406731199 ) ) ;
#2265 = LINE ( 'NONE', #463, #900 ) ;
#2266 = ORIENTED_EDGE ( 'NONE', *, *, #6824, .T. ) ;
#2267 = PLANE ( 'NONE',  #5709 ) ;
#2268 = EDGE_CURVE ( 'NONE', #10179, #4531, #9983, .T. ) ;
#2269 = ORIENTED_EDGE ( 'NONE', *, *, #5148, .T. ) ;
#2270 = AXIS2_PLACEMENT_3D ( 'NONE', #5312, #11233, #8417 ) ;
#2271 = VERTEX_POINT ( 'NONE', #1404 ) ;
#2272 = ORIENTED_EDGE ( 'NONE', *, *, #6660, .F. ) ;
#2273 = DIRECTION ( 'NONE',  ( 0.000000000000000000, 0.000000000000000000, -1.000000000000000000 ) ) ;
#2274 = LINE ( 'NONE', #8989, #7217 ) ;
#2275 = EDGE_CURVE ( 'NONE', #32, #4952, #4811, .T. ) ;
#2276 = DIRECTION ( 'NONE',  ( 0.000000000000000000, 0.000000000000000000, 1.000000000000000000 ) ) ;
#2277 = LINE ( 'NONE', #8866, #5774 ) ;
#2278 = FACE_OUTER_BOUND ( 'NONE', #855, .T. ) ;
#2279 = CARTESIAN_POINT ( 'NONE',  ( -2.500000000000000000, 36.00000000000000000, 1.600000000000000089 ) ) ;
#2280 = DIRECTION ( 'NONE',  ( -1.000000000000000000, -0.000000000000000000, -0.000000000000000000 ) ) ;
#2281 = DIRECTION ( 'NONE',  ( 1.000000000000000000, 0.000000000000000000, 0.000000000000000000 ) ) ;
#2282 = EDGE_LOOP ( 'NONE', ( #8999, #10724, #3532, #7200 ) ) ;
#2283 = AXIS2_PLACEMENT_3D ( 'NONE', #7784, #5331, #187 ) ;
#2284 = CARTESIAN_POINT ( 'NONE',  ( -33.75000000000000000, 51.75000000000000000, 10.09999999999999964 ) ) ;
#2285 = ORIENTED_EDGE ( 'NONE', *, *, #2684, .T. ) ;
#2286 = ORIENTED_EDGE ( 'NONE', *, *, #332, .T. ) ;
#2287 = EDGE_CURVE ( 'NONE', #11885, #7080, #2274, .T. ) ;
#2288 = FACE_OUTER_BOUND ( 'NONE', #10552, .T. ) ;
#2289 = ORIENTED_EDGE ( 'NONE', *, *, #11697, .F. ) ;
#2290 = LINE ( 'NONE', #8074, #6539 ) ;
#2291 = ORIENTED_EDGE ( 'NONE', *, *, #11844, .F. ) ;
#2292 = ORIENTED_EDGE ( 'NONE', *, *, #8123, .F. ) ;
#2293 = AXIS2_PLACEMENT_3D ( 'NONE', #2648, #2589, #12060 ) ;
#2294 = ORIENTED_EDGE ( 'NONE', *, *, #7485, .T. ) ;
#2295 = FACE_OUTER_BOUND ( 'NONE', #3002, .T. ) ;
#2296 = VECTOR ( 'NONE', #7493, 1000.000000000000000 ) ;
#2297 = DIRECTION ( 'NONE',  ( 0.000000000000000000, 0.000000000000000000, -1.000000000000000000 ) ) ;
#2298 = ORIENTED_EDGE ( 'NONE', *, *, #6384, .F. ) ;
#2299 = FACE_OUTER_BOUND ( 'NONE', #8825, .T. ) ;
#2300 = LINE ( 'NONE', #8081, #6425 ) ;
#2301 = VECTOR ( 'NONE', #9342, 1000.000000000000000 ) ;
#2302 = DIRECTION ( 'NONE',  ( 0.000000000000000000, 0.7071067811865475727, -0.7071067811865475727 ) ) ;
#2303 = VECTOR ( 'NONE', #7785, 1000.000000000000000 ) ;
#2304 = EDGE_LOOP ( 'NONE', ( #3026, #3032, #6910, #653 ) ) ;
#2305 = DIRECTION ( 'NONE',  ( 0.000000000000000000, 1.000000000000000000, 0.000000000000000000 ) ) ;
#2306 = ORIENTED_EDGE ( 'NONE', *, *, #70, .F. ) ;
#2307 = DIRECTION ( 'NONE',  ( 0.000000000000000000, -1.000000000000000000, 0.000000000000000000 ) ) ;
#2308 = VECTOR ( 'NONE', #2438, 1000.000000000000000 ) ;
#2309 = CARTESIAN_POINT ( 'NONE',  ( -52.75000000000000000, 47.30000000000000426, 10.59999999999999964 ) ) ;
#2310 = VECTOR ( 'NONE', #8320, 1000.000000000000000 ) ;
#2311 = FACE_OUTER_BOUND ( 'NONE', #7000, .T. ) ;
#2312 = DIRECTION ( 'NONE',  ( 0.000000000000000000, 0.000000000000000000, -1.000000000000000000 ) ) ;
#2313 = CARTESIAN_POINT ( 'NONE',  ( -53.50000000000000000, 51.00000000000000000, 1.600000000000000089 ) ) ;
#2314 = CARTESIAN_POINT ( 'NONE',  ( -3.750000000000000000, 11.50000000000000000, 6.599999999999999645 ) ) ;
#2315 = LINE ( 'NONE', #450, #8315 ) ;
#2316 = EDGE_CURVE ( 'NONE', #7387, #9091, #4000, .T. ) ;
#2317 = EDGE_LOOP ( 'NONE', ( #12059, #9941 ) ) ;
#2318 = FACE_OUTER_BOUND ( 'NONE', #4533, .T. ) ;
#2319 = ORIENTED_EDGE ( 'NONE', *, *, #5900, .T. ) ;
#2320 = ORIENTED_EDGE ( 'NONE', *, *, #190, .F. ) ;
#2321 = EDGE_LOOP ( 'NONE', ( #7963, #8903, #10380, #5982 ) ) ;
#2322 = EDGE_CURVE ( 'NONE', #4198, #11831, #6877, .T. ) ;
#2323 = CARTESIAN_POINT ( 'NONE',  ( -27.25000000000000000, 51.75000000000000000, 10.09999999999999964 ) ) ;
#2324 = DIRECTION ( 'NONE',  ( -1.000000000000000000, 0.000000000000000000, 0.000000000000000000 ) ) ;
#2325 = CARTESIAN_POINT ( 'NONE',  ( -52.04999999999999716, 45.65000000000000568, 10.59999999999999964 ) ) ;
#2326 = CARTESIAN_POINT ( 'NONE',  ( -57.50000000000000000, 3.500000000000000000, 12.59999999999999964 ) ) ;
#2327 = DIRECTION ( 'NONE',  ( -1.000000000000000000, 0.000000000000000000, 0.000000000000000000 ) ) ;
#2328 = ORIENTED_EDGE ( 'NONE', *, *, #3688, .T. ) ;
#2329 = CARTESIAN_POINT ( 'NONE',  ( -6.250000000000000000, 25.50000000000000000, 1.600000000000000089 ) ) ;
#2330 = ORIENTED_EDGE ( 'NONE', *, *, #4753, .T. ) ;
#2331 = EDGE_CURVE ( 'NONE', #2067, #2211, #1931, .T. ) ;
#2332 = ORIENTED_EDGE ( 'NONE', *, *, #8615, .T. ) ;
#2333 = ORIENTED_EDGE ( 'NONE', *, *, #3923, .T. ) ;
#2334 = LINE ( 'NONE', #7004, #5014 ) ;
#2335 = ORIENTED_EDGE ( 'NONE', *, *, #11702, .T. ) ;
#2336 = CARTESIAN_POINT ( 'NONE',  ( -20.50000000000000000, 51.75000000000000000, 1.600000000000000089 ) ) ;
#2337 = FACE_OUTER_BOUND ( 'NONE', #7697, .T. ) ;
#2338 = EDGE_CURVE ( 'NONE', #1847, #8504, #11172, .T. ) ;
#2339 = CARTESIAN_POINT ( 'NONE',  ( -10.55000000000000071, 2.750000000000000000, 10.09999999999999964 ) ) ;
#2340 = LINE ( 'NONE', #4193, #1013 ) ;
#2341 = CARTESIAN_POINT ( 'NONE',  ( -44.75000000000000000, 50.75000000000000000, 1.600000000000000089 ) ) ;
#2342 = DIRECTION ( 'NONE',  ( 1.000000000000000000, 0.000000000000000000, 0.000000000000000000 ) ) ;
#2343 = ORIENTED_EDGE ( 'NONE', *, *, #10576, .F. ) ;
#2344 = ORIENTED_EDGE ( 'NONE', *, *, #9766, .T. ) ;
#2345 = CARTESIAN_POINT ( 'NONE',  ( -14.34999999999999964, 1.750000000000000000, 10.09999999999999964 ) ) ;
#2346 = ORIENTED_EDGE ( 'NONE', *, *, #11079, .T. ) ;
#2347 = LINE ( 'NONE', #5134, #8921 ) ;
#2348 = EDGE_LOOP ( 'NONE', ( #9567, #7835, #1553, #11754 ) ) ;
#2349 = ORIENTED_EDGE ( 'NONE', *, *, #3854, .T. ) ;
#2350 = CARTESIAN_POINT ( 'NONE',  ( -65.50000000000000000, 46.00000000000000000, 3.850000000000000089 ) ) ;
#2351 = LINE ( 'NONE', #9873, #3786 ) ;
#2352 = TOROIDAL_SURFACE ( 'NONE', #12093, 2.000000000000000000, 0.2500000000000000000 ) ;
#2353 = ORIENTED_EDGE ( 'NONE', *, *, #6343, .T. ) ;
#2354 = EDGE_CURVE ( 'NONE', #11170, #3312, #8524, .T. ) ;
#2355 = PLANE ( 'NONE',  #6380 ) ;
#2356 = LINE ( 'NONE', #3277, #4226 ) ;
#2357 = ADVANCED_FACE ( 'NONE', ( #8237 ), #8297, .T. ) ;
#2358 = EDGE_CURVE ( 'NONE', #8430, #5834, #2580, .T. ) ;
#2359 = LINE ( 'NONE', #7955, #10218 ) ;
#2360 = EDGE_CURVE ( 'NONE', #3831, #5217, #592, .T. ) ;
#2361 = VECTOR ( 'NONE', #1383, 1000.000000000000000 ) ;
#2362 = EDGE_LOOP ( 'NONE', ( #11117, #4113, #8057, #2782 ) ) ;
#2363 = DIRECTION ( 'NONE',  ( -1.000000000000000000, 0.000000000000000000, 0.000000000000000000 ) ) ;
#2364 = LINE ( 'NONE', #3345, #5171 ) ;
#2365 = ORIENTED_EDGE ( 'NONE', *, *, #10738, .T. ) ;
#2366 = DIRECTION ( 'NONE',  ( -1.000000000000000000, 0.000000000000000000, 0.000000000000000000 ) ) ;
#2367 = PRESENTATION_STYLE_ASSIGNMENT (( #1503 ) ) ;
#2368 = EDGE_CURVE ( 'NONE', #6860, #6143, #8116, .T. ) ;
#2369 = VECTOR ( 'NONE', #11701, 1000.000000000000000 ) ;
#2370 = CARTESIAN_POINT ( 'NONE',  ( 0.000000000000000000, 0.000000000000000000, 3.350000000000000089 ) ) ;
#2371 = CARTESIAN_POINT ( 'NONE',  ( -75.00000000000000000, 33.95000000000000284, 9.696446609406731199 ) ) ;
#2372 = CARTESIAN_POINT ( 'NONE',  ( 4.440892098500625176E-16, 5.000000000000000000, 0.000000000000000000 ) ) ;
#2373 = VECTOR ( 'NONE', #3920, 1000.000000000000000 ) ;
#2374 = FACE_OUTER_BOUND ( 'NONE', #11490, .T. ) ;
#2375 = VECTOR ( 'NONE', #11446, 1000.000000000000000 ) ;
#2376 = DIRECTION ( 'NONE',  ( 1.000000000000000000, 0.000000000000000000, 0.000000000000000000 ) ) ;
#2377 = ORIENTED_EDGE ( 'NONE', *, *, #10063, .F. ) ;
#2378 = ORIENTED_EDGE ( 'NONE', *, *, #10675, .F. ) ;
#2379 = EDGE_CURVE ( 'NONE', #9825, #543, #7308, .T. ) ;
#2380 = ORIENTED_EDGE ( 'NONE', *, *, #1254, .T. ) ;
#2381 = EDGE_CURVE ( 'NONE', #9242, #5488, #660, .T. ) ;
#2382 = VECTOR ( 'NONE', #1315, 1000.000000000000000 ) ;
#2383 = DIRECTION ( 'NONE',  ( 0.000000000000000000, 1.000000000000000000, 0.000000000000000000 ) ) ;
#2384 = DIRECTION ( 'NONE',  ( -1.000000000000000000, 0.000000000000000000, 0.000000000000000000 ) ) ;
#2385 = CARTESIAN_POINT ( 'NONE',  ( -69.00000000000000000, 8.000000000000000000, 7.849999999999999645 ) ) ;
#2386 = CARTESIAN_POINT ( 'NONE',  ( -42.25000000000000000, 51.75000000000000000, 10.09999999999999964 ) ) ;
#2387 = VECTOR ( 'NONE', #9549, 1000.000000000000000 ) ;
#2388 = CARTESIAN_POINT ( 'NONE',  ( -66.00000000000000000, 33.70000000000000284, 3.550000000000000266 ) ) ;
#2389 = DIRECTION ( 'NONE',  ( 1.000000000000000000, 0.000000000000000000, 0.000000000000000000 ) ) ;
#2390 = ADVANCED_FACE ( 'NONE', ( #5431 ), #11046, .F. ) ;
#2391 = VECTOR ( 'NONE', #6551, 1000.000000000000000 ) ;
#2392 = CARTESIAN_POINT ( 'NONE',  ( -10.50000000000000000, 51.75000000000000000, 10.09999999999999964 ) ) ;
#2393 = VERTEX_POINT ( 'NONE', #10224 ) ;
#2394 = AXIS2_PLACEMENT_3D ( 'NONE', #9413, #5794, #20 ) ;
#2395 = VECTOR ( 'NONE', #7993, 1000.000000000000000 ) ;
#2396 = ORIENTED_EDGE ( 'NONE', *, *, #556, .F. ) ;
#2397 = VERTEX_POINT ( 'NONE', #1873 ) ;
#2398 = CARTESIAN_POINT ( 'NONE',  ( -2.500000000000000000, 36.00000000000000000, 1.600000000000000089 ) ) ;
#2399 = CARTESIAN_POINT ( 'NONE',  ( -74.75000000000000000, 44.25000000000000000, 12.59999999999999964 ) ) ;
#2400 = VERTEX_POINT ( 'NONE', #11103 ) ;
#2401 = DIRECTION ( 'NONE',  ( 0.000000000000000000, 1.000000000000000000, 0.000000000000000000 ) ) ;
#2402 = LINE ( 'NONE', #1473, #5829 ) ;
#2403 = FACE_OUTER_BOUND ( 'NONE', #3481, .T. ) ;
#2404 = CARTESIAN_POINT ( 'NONE',  ( 0.000000000000000000, 0.000000000000000000, 0.000000000000000000 ) ) ;
#2405 = CIRCLE ( 'NONE', #4571, 1.750000000000000000 ) ;
#2406 = DIRECTION ( 'NONE',  ( 0.000000000000000000, 0.000000000000000000, -1.000000000000000000 ) ) ;
#2407 = EDGE_CURVE ( 'NONE', #8219, #7962, #9172, .T. ) ;
#2408 = VECTOR ( 'NONE', #690, 1000.000000000000000 ) ;
#2409 = VECTOR ( 'NONE', #2728, 1000.000000000000000 ) ;
#2410 = CYLINDRICAL_SURFACE ( 'NONE', #6462, 1.500000000000001332 ) ;
#2411 = ORIENTED_EDGE ( 'NONE', *, *, #7956, .T. ) ;
#2412 = EDGE_CURVE ( 'NONE', #5892, #4848, #3788, .T. ) ;
#2413 = CARTESIAN_POINT ( 'NONE',  ( -42.75000000000000000, 9.000000000000000000, 6.349999999999999645 ) ) ;
#2414 = ORIENTED_EDGE ( 'NONE', *, *, #8268, .T. ) ;
#2415 = PLANE ( 'NONE',  #8142 ) ;
#2416 = VECTOR ( 'NONE', #4630, 1000.000000000000000 ) ;
#2417 = ORIENTED_EDGE ( 'NONE', *, *, #8129, .T. ) ;
#2418 = ORIENTED_EDGE ( 'NONE', *, *, #11450, .T. ) ;
#2419 = DIRECTION ( 'NONE',  ( 1.182766006347823848E-16, -1.000000000000000000, 0.000000000000000000 ) ) ;
#2420 = CARTESIAN_POINT ( 'NONE',  ( -52.75000000000000000, 44.94999999999999574, 10.59999999999999964 ) ) ;
#2421 = EDGE_CURVE ( 'NONE', #6874, #1141, #1587, .T. ) ;
#2422 = VECTOR ( 'NONE', #11990, 1000.000000000000000 ) ;
#2423 = EDGE_CURVE ( 'NONE', #7205, #8158, #9458, .T. ) ;
#2424 = EDGE_LOOP ( 'NONE', ( #1799, #6982, #3314, #6621 ) ) ;
#2425 = LINE ( 'NONE', #1491, #5381 ) ;
#2426 = DIRECTION ( 'NONE',  ( 1.000000000000000000, 0.000000000000000000, 0.000000000000000000 ) ) ;
#2427 = PLANE ( 'NONE',  #12056 ) ;
#2428 = EDGE_CURVE ( 'NONE', #2271, #8612, #10982, .T. ) ;
#2429 = EDGE_LOOP ( 'NONE', ( #6690, #1827, #11660, #6188 ) ) ;
#2430 = FACE_OUTER_BOUND ( 'NONE', #3567, .T. ) ;
#2431 = EDGE_CURVE ( 'NONE', #451, #7320, #1532, .T. ) ;
#2432 = PLANE ( 'NONE',  #10 ) ;
#2433 = FACE_OUTER_BOUND ( 'NONE', #6817, .T. ) ;
#2434 = EDGE_CURVE ( 'NONE', #9748, #4680, #9106, .T. ) ;
#2435 = CARTESIAN_POINT ( 'NONE',  ( -5.250000000000000000, 28.60000000000000142, 10.59999999999999964 ) ) ;
#2436 = DIRECTION ( 'NONE',  ( 0.000000000000000000, 0.000000000000000000, 1.000000000000000000 ) ) ;
#2437 = DIRECTION ( 'NONE',  ( 0.000000000000000000, 0.000000000000000000, -1.000000000000000000 ) ) ;
#2438 = DIRECTION ( 'NONE',  ( 0.000000000000000000, 1.000000000000000000, 0.000000000000000000 ) ) ;
#2439 = EDGE_CURVE ( 'NONE', #6268, #6263, #8181, .T. ) ;
#2440 = CARTESIAN_POINT ( 'NONE',  ( -17.75000000000000000, 1.750000000000000000, 1.600000000000000089 ) ) ;
#2441 = ORIENTED_EDGE ( 'NONE', *, *, #10887, .F. ) ;
#2442 = ORIENTED_EDGE ( 'NONE', *, *, #3428, .F. ) ;
#2443 = ORIENTED_EDGE ( 'NONE', *, *, #11027, .F. ) ;
#2444 = CARTESIAN_POINT ( 'NONE',  ( -43.75000000000000000, 51.75000000000000000, 10.09999999999999964 ) ) ;
#2445 = LINE ( 'NONE', #457, #4758 ) ;
#2446 = DIRECTION ( 'NONE',  ( 0.000000000000000000, 0.000000000000000000, -1.000000000000000000 ) ) ;
#2447 = CARTESIAN_POINT ( 'NONE',  ( -46.25000000000000000, 50.75000000000000000, 10.09999999999999964 ) ) ;
#2448 = CARTESIAN_POINT ( 'NONE',  ( -24.25000000000000000, 50.00000000000000000, 10.09999999999999964 ) ) ;
#2449 = VECTOR ( 'NONE', #9075, 1000.000000000000000 ) ;
#2450 = EDGE_CURVE ( 'NONE', #6007, #8067, #3432, .T. ) ;
#2451 = DIRECTION ( 'NONE',  ( 0.000000000000000000, 0.000000000000000000, -1.000000000000000000 ) ) ;
#2452 = CARTESIAN_POINT ( 'NONE',  ( -14.50000000000000000, 51.75000000000000000, 1.600000000000000089 ) ) ;
#2453 = ORIENTED_EDGE ( 'NONE', *, *, #5533, .F. ) ;
#2454 = ORIENTED_EDGE ( 'NONE', *, *, #5683, .F. ) ;
#2455 = EDGE_LOOP ( 'NONE', ( #8839, #9150, #3694, #9655 ) ) ;
#2456 = CARTESIAN_POINT ( 'NONE',  ( -6.250000000000000000, 25.50000000000000000, 4.599999999999999645 ) ) ;
#2457 = CARTESIAN_POINT ( 'NONE',  ( -53.75000000000000000, 45.00000000000000000, 1.600000000000000089 ) ) ;
#2458 = AXIS2_PLACEMENT_3D ( 'NONE', #2584, #3437, #4495 ) ;
#2459 = LINE ( 'NONE', #7122, #5145 ) ;
#2460 = CARTESIAN_POINT ( 'NONE',  ( -74.75000000000000000, 44.50000000000000000, 12.59999999999999964 ) ) ;
#2461 = CARTESIAN_POINT ( 'NONE',  ( -42.25000000000000000, 50.75000000000000000, 10.09999999999999964 ) ) ;
#2462 = LINE ( 'NONE', #9176, #11730 ) ;
#2463 = PLANE ( 'NONE',  #2866 ) ;
#2464 = LINE ( 'NONE', #5501, #4647 ) ;
#2465 = AXIS2_PLACEMENT_3D ( 'NONE', #4298, #1391, #6865 ) ;
#2466 = ORIENTED_EDGE ( 'NONE', *, *, #184, .F. ) ;
#2467 = CARTESIAN_POINT ( 'NONE',  ( -34.75000000000000000, 50.75000000000000000, 1.600000000000000089 ) ) ;
#2468 = ORIENTED_EDGE ( 'NONE', *, *, #1290, .T. ) ;
#2469 = LINE ( 'NONE', #4265, #2569 ) ;
#2470 = EDGE_CURVE ( 'NONE', #11568, #571, #4415, .T. ) ;
#2471 = EDGE_LOOP ( 'NONE', ( #9273, #420, #12294, #194 ) ) ;
#2472 = VERTEX_POINT ( 'NONE', #11580 ) ;
#2473 = LINE ( 'NONE', #10000, #6155 ) ;
#2474 = CARTESIAN_POINT ( 'NONE',  ( -46.25000000000000000, 48.00000000000000000, 1.600000000000000089 ) ) ;
#2475 = ORIENTED_EDGE ( 'NONE', *, *, #10548, .F. ) ;
#2476 = DIRECTION ( 'NONE',  ( 0.000000000000000000, 0.000000000000000000, -1.000000000000000000 ) ) ;
#2477 = LINE ( 'NONE', #553, #11396 ) ;
#2478 = VECTOR ( 'NONE', #4071, 1000.000000000000000 ) ;
#2479 = EDGE_CURVE ( 'NONE', #3413, #273, #1249, .T. ) ;
#2480 = CARTESIAN_POINT ( 'NONE',  ( -4.750000000000000000, 2.750000000000000000, 10.09999999999999964 ) ) ;
#2481 = CARTESIAN_POINT ( 'NONE',  ( 0.000000000000000000, 38.50000000000000000, 1.600000000000000089 ) ) ;
#2482 = VECTOR ( 'NONE', #10873, 1000.000000000000000 ) ;
#2483 = ORIENTED_EDGE ( 'NONE', *, *, #7356, .F. ) ;
#2484 = ORIENTED_EDGE ( 'NONE', *, *, #872, .F. ) ;
#2485 = VECTOR ( 'NONE', #10229, 1000.000000000000000 ) ;
#2486 = DIRECTION ( 'NONE',  ( 0.000000000000000000, -1.000000000000000000, 0.000000000000000000 ) ) ;
#2487 = CARTESIAN_POINT ( 'NONE',  ( 0.000000000000000000, 0.000000000000000000, 10.59999999999999964 ) ) ;
#2488 = CARTESIAN_POINT ( 'NONE',  ( -35.75000000000000000, 1.750000000000000000, 10.09999999999999964 ) ) ;
#2489 = PLANE ( 'NONE',  #10799 ) ;
#2490 = CARTESIAN_POINT ( 'NONE',  ( -45.25000000000000000, 24.50000000000000000, 3.850000000000000089 ) ) ;
#2491 = DIRECTION ( 'NONE',  ( 1.000000000000000000, 0.000000000000000000, 0.000000000000000000 ) ) ;
#2492 = VECTOR ( 'NONE', #8291, 1000.000000000000000 ) ;
#2493 = AXIS2_PLACEMENT_3D ( 'NONE', #7346, #5470, #2437 ) ;
#2494 = DIRECTION ( 'NONE',  ( 0.000000000000000000, 1.000000000000000000, 0.000000000000000000 ) ) ;
#2495 = DIRECTION ( 'NONE',  ( 0.7071067811865470176, -0.7071067811865480168, 0.000000000000000000 ) ) ;
#2496 = VERTEX_POINT ( 'NONE', #2923 ) ;
#2497 = EDGE_CURVE ( 'NONE', #10037, #3977, #311, .T. ) ;
#2498 = DIRECTION ( 'NONE',  ( 0.000000000000000000, 0.000000000000000000, 1.000000000000000000 ) ) ;
#2499 = EDGE_LOOP ( 'NONE', ( #5086, #1246, #6038, #4039 ) ) ;
#2500 = ORIENTED_EDGE ( 'NONE', *, *, #1495, .T. ) ;
#2501 = VECTOR ( 'NONE', #11147, 1000.000000000000000 ) ;
#2502 = AXIS2_PLACEMENT_3D ( 'NONE', #5514, #10124, #9309 ) ;
#2503 = EDGE_LOOP ( 'NONE', ( #1398, #6602, #1943, #4472 ) ) ;
#2504 = EDGE_LOOP ( 'NONE', ( #10561, #386, #8781, #4749 ) ) ;
#2505 = DIRECTION ( 'NONE',  ( 1.000000000000000000, 0.000000000000000000, 0.000000000000000000 ) ) ;
#2506 = DIRECTION ( 'NONE',  ( 0.000000000000000000, 0.000000000000000000, -1.000000000000000000 ) ) ;
#2507 = CARTESIAN_POINT ( 'NONE',  ( -40.75000000000000000, 2.750000000000000000, 10.09999999999999964 ) ) ;
#2508 = CARTESIAN_POINT ( 'NONE',  ( -3.250000000000000000, 50.00000000000000000, 1.600000000000000089 ) ) ;
#2509 = ADVANCED_FACE ( 'NONE', ( #5030 ), #10698, .F. ) ;
#2510 = CARTESIAN_POINT ( 'NONE',  ( -36.25000000000000000, 51.75000000000000000, 1.600000000000000089 ) ) ;
#2511 = ADVANCED_FACE ( 'NONE', ( #1992 ), #9785, .F. ) ;
#2512 = LINE ( 'NONE', #1644, #12285 ) ;
#2513 = ORIENTED_EDGE ( 'NONE', *, *, #8304, .T. ) ;
#2514 = EDGE_LOOP ( 'NONE', ( #5289, #3706, #11607, #2578 ) ) ;
#2515 = EDGE_LOOP ( 'NONE', ( #2639, #4093, #10493, #5170 ) ) ;
#2516 = DIRECTION ( 'NONE',  ( 0.000000000000000000, 0.000000000000000000, -1.000000000000000000 ) ) ;
#2517 = DIRECTION ( 'NONE',  ( 1.000000000000000000, -0.000000000000000000, -0.000000000000000000 ) ) ;
#2518 = VERTEX_POINT ( 'NONE', #9696 ) ;
#2519 = CARTESIAN_POINT ( 'NONE',  ( -9.549999999999998934, 2.750000000000000000, 10.09999999999999964 ) ) ;
#2520 = FACE_OUTER_BOUND ( 'NONE', #11383, .T. ) ;
#2521 = DIRECTION ( 'NONE',  ( 0.000000000000000000, 0.000000000000000000, -1.000000000000000000 ) ) ;
#2522 = DIRECTION ( 'NONE',  ( 1.000000000000000000, 0.000000000000000000, 0.000000000000000000 ) ) ;
#2523 = CARTESIAN_POINT ( 'NONE',  ( -39.75000000000000000, 13.00000000000000000, 9.599999999999999645 ) ) ;
#2524 = ORIENTED_EDGE ( 'NONE', *, *, #5293, .T. ) ;
#2525 = CARTESIAN_POINT ( 'NONE',  ( -10.55000000000000071, 1.750000000000000000, 10.09999999999999964 ) ) ;
#2526 = ORIENTED_EDGE ( 'NONE', *, *, #508, .T. ) ;
#2527 = DIRECTION ( 'NONE',  ( 0.000000000000000000, 1.000000000000000000, 0.000000000000000000 ) ) ;
#2528 = VERTEX_POINT ( 'NONE', #3846 ) ;
#2529 = VERTEX_POINT ( 'NONE', #8586 ) ;
#2530 = DIRECTION ( 'NONE',  ( 0.000000000000000000, -1.000000000000000000, 0.000000000000000000 ) ) ;
#2531 = DIRECTION ( 'NONE',  ( 0.000000000000000000, 0.000000000000000000, 1.000000000000000000 ) ) ;
#2532 = ORIENTED_EDGE ( 'NONE', *, *, #1134, .F. ) ;
#2533 = EDGE_CURVE ( 'NONE', #6591, #12034, #5779, .T. ) ;
#2534 = DIRECTION ( 'NONE',  ( 0.000000000000000000, -1.000000000000000000, 0.000000000000000000 ) ) ;
#2535 = VECTOR ( 'NONE', #788, 1000.000000000000000 ) ;
#2536 = CARTESIAN_POINT ( 'NONE',  ( -74.75000000000000000, 42.79999999999999716, 3.299999999999999822 ) ) ;
#2537 = EDGE_CURVE ( 'NONE', #9123, #6652, #6846, .T. ) ;
#2538 = CARTESIAN_POINT ( 'NONE',  ( -47.25000000000000000, 47.30000000000000426, 10.59999999999999964 ) ) ;
#2539 = EDGE_CURVE ( 'NONE', #480, #2038, #4966, .T. ) ;
#2540 = EDGE_CURVE ( 'NONE', #8393, #6505, #10577, .T. ) ;
#2541 = LINE ( 'NONE', #11127, #2310 ) ;
#2542 = VERTEX_POINT ( 'NONE', #4898 ) ;
#2543 = ADVANCED_FACE ( 'NONE', ( #11461 ), #1128, .F. ) ;
#2545 = VECTOR ( 'NONE', #11, 1000.000000000000000 ) ;
#2544 = CARTESIAN_POINT ( 'NONE',  ( 0.000000000000000000, 25.50000000000000000, 4.599999999999999645 ) ) ;
#2546 = CARTESIAN_POINT ( 'NONE',  ( -24.25000000000000000, 52.50000000000000000, 10.09999999999999964 ) ) ;
#2547 = CARTESIAN_POINT ( 'NONE',  ( -75.00000000000000000, 35.50000000000000000, 8.550000000000000711 ) ) ;
#2548 = DIRECTION ( 'NONE',  ( -1.000000000000000000, -0.000000000000000000, -0.000000000000000000 ) ) ;
#2549 = PLANE ( 'NONE',  #10129 ) ;
#2550 = DIRECTION ( 'NONE',  ( 0.000000000000000000, 1.000000000000000000, 0.000000000000000000 ) ) ;
#2551 = LINE ( 'NONE', #2621, #7862 ) ;
#2552 = AXIS2_PLACEMENT_3D ( 'NONE', #9635, #5027, #2053 ) ;
#2553 = LINE ( 'NONE', #509, #2893 ) ;
#2554 = ORIENTED_EDGE ( 'NONE', *, *, #935, .T. ) ;
#2555 = PLANE ( 'NONE',  #3926 ) ;
#2556 = EDGE_LOOP ( 'NONE', ( #12282, #4400 ) ) ;
#2557 = EDGE_LOOP ( 'NONE', ( #4567, #6228, #6684, #1856 ) ) ;
#2558 = AXIS2_PLACEMENT_3D ( 'NONE', #11755, #7942, #9682 ) ;
#2559 = ORIENTED_EDGE ( 'NONE', *, *, #652, .T. ) ;
#2560 = VERTEX_POINT ( 'NONE', #3907 ) ;
#2561 = EDGE_CURVE ( 'NONE', #5960, #5888, #248, .T. ) ;
#2562 = CARTESIAN_POINT ( 'NONE',  ( -50.00000000000000000, 9.000000000000000000, 6.850000000000000533 ) ) ;
#2563 = EDGE_CURVE ( 'NONE', #11569, #8881, #6209, .T. ) ;
#2564 = LINE ( 'NONE', #8167, #5359 ) ;
#2565 = LINE ( 'NONE', #1703, #7040 ) ;
#2566 = DIRECTION ( 'NONE',  ( -1.000000000000000000, 0.000000000000000000, 0.000000000000000000 ) ) ;
#2567 = DIRECTION ( 'NONE',  ( 0.000000000000000000, 0.000000000000000000, 1.000000000000000000 ) ) ;
#2568 = AXIS2_PLACEMENT_3D ( 'NONE', #4370, #8182, #6063 ) ;
#2569 = VECTOR ( 'NONE', #2527, 1000.000000000000000 ) ;
#2570 = LINE ( 'NONE', #8228, #11245 ) ;
#2571 = DIRECTION ( 'NONE',  ( 0.000000000000000000, -1.000000000000000000, 0.000000000000000000 ) ) ;
#2572 = ADVANCED_FACE ( 'NONE', ( #4094 ), #7781, .T. ) ;
#2573 = ORIENTED_EDGE ( 'NONE', *, *, #2800, .F. ) ;
#2574 = EDGE_CURVE ( 'NONE', #32, #1240, #4219, .T. ) ;
#2575 = CIRCLE ( 'NONE', #11124, 2.250000000000001776 ) ;
#2576 = ORIENTED_EDGE ( 'NONE', *, *, #9680, .F. ) ;
#2577 = EDGE_CURVE ( 'NONE', #9628, #2118, #2242, .T. ) ;
#2578 = ORIENTED_EDGE ( 'NONE', *, *, #5754, .F. ) ;
#2579 = CARTESIAN_POINT ( 'NONE',  ( -7.150000000000000355, 2.750000000000000000, 10.09999999999999964 ) ) ;
#2580 = LINE ( 'NONE', #2862, #6010 ) ;
#2581 = VECTOR ( 'NONE', #1235, 1000.000000000000000 ) ;
#2582 = LINE ( 'NONE', #2699, #7730 ) ;
#2583 = DIRECTION ( 'NONE',  ( 0.000000000000000000, 0.000000000000000000, -1.000000000000000000 ) ) ;
#2584 = CARTESIAN_POINT ( 'NONE',  ( -52.75000000000000000, 26.00000000000000000, 3.850000000000000089 ) ) ;
#2585 = EDGE_CURVE ( 'NONE', #5671, #9330, #5841, .T. ) ;
#2586 = LINE ( 'NONE', #11993, #1198 ) ;
#2587 = LINE ( 'NONE', #4620, #9240 ) ;
#2588 = CIRCLE ( 'NONE', #7357, 0.2500000000000002220 ) ;
#2589 = DIRECTION ( 'NONE',  ( 1.000000000000000000, 0.000000000000000000, 0.000000000000000000 ) ) ;
#2590 = VECTOR ( 'NONE', #7178, 1000.000000000000000 ) ;
#2591 = ORIENTED_EDGE ( 'NONE', *, *, #4556, .F. ) ;
#2592 = AXIS2_PLACEMENT_3D ( 'NONE', #10223, #1763, #10405 ) ;
#2593 = DIRECTION ( 'NONE',  ( 0.000000000000000000, 0.000000000000000000, -1.000000000000000000 ) ) ;
#2594 = ORIENTED_EDGE ( 'NONE', *, *, #10649, .F. ) ;
#2595 = EDGE_CURVE ( 'NONE', #6862, #5826, #7654, .T. ) ;
#2596 = VERTEX_POINT ( 'NONE', #9141 ) ;
#2597 = ORIENTED_EDGE ( 'NONE', *, *, #3257, .T. ) ;
#2598 = CARTESIAN_POINT ( 'NONE',  ( -4.549999999999999822, 28.60000000000000142, 10.59999999999999964 ) ) ;
#2599 = FACE_OUTER_BOUND ( 'NONE', #843, .T. ) ;
#2600 = VECTOR ( 'NONE', #10086, 1000.000000000000000 ) ;
#2601 = ORIENTED_EDGE ( 'NONE', *, *, #12018, .T. ) ;
#2602 = CARTESIAN_POINT ( 'NONE',  ( -68.50000000000000000, 44.50000000000000000, 1.600000000000000089 ) ) ;
#2603 = LINE ( 'NONE', #4394, #8023 ) ;
#2604 = VECTOR ( 'NONE', #9584, 1000.000000000000000 ) ;
#2605 = AXIS2_PLACEMENT_3D ( 'NONE', #3396, #8317, #6394 ) ;
#2606 = DIRECTION ( 'NONE',  ( -1.000000000000000000, 0.000000000000000000, 0.000000000000000000 ) ) ;
#2607 = CARTESIAN_POINT ( 'NONE',  ( -48.75000000000000000, 51.75000000000000000, 1.600000000000000089 ) ) ;
#2608 = CIRCLE ( 'NONE', #11756, 3.125000000000000000 ) ;
#2609 = EDGE_CURVE ( 'NONE', #4694, #5548, #9826, .T. ) ;
#2610 = VERTEX_POINT ( 'NONE', #10958 ) ;
#2611 = VECTOR ( 'NONE', #5495, 1000.000000000000000 ) ;
#2612 = CARTESIAN_POINT ( 'NONE',  ( -14.34999999999999964, 2.750000000000000000, 1.600000000000000089 ) ) ;
#2613 = ORIENTED_EDGE ( 'NONE', *, *, #222, .T. ) ;
#2614 = ORIENTED_EDGE ( 'NONE', *, *, #5680, .T. ) ;
#2615 = CARTESIAN_POINT ( 'NONE',  ( -2.500000000000000000, 36.00000000000000000, 1.600000000000000089 ) ) ;
#2616 = DIRECTION ( 'NONE',  ( -1.000000000000000000, 0.000000000000000000, 0.000000000000000000 ) ) ;
#2617 = DIRECTION ( 'NONE',  ( 0.000000000000000000, -1.000000000000000000, 0.000000000000000000 ) ) ;
#2618 = CARTESIAN_POINT ( 'NONE',  ( -61.00000000000000000, 8.000000000000000000, 4.724999999999998757 ) ) ;
#2619 = MANIFOLD_SOLID_BREP ( 'Arduino_Uno.prt<1>', #4730 ) ;
#2620 = CIRCLE ( 'NONE', #9564, 1.750000000000000000 ) ;
#2621 = CARTESIAN_POINT ( 'NONE',  ( -42.25000000000000000, 50.75000000000000000, 10.09999999999999964 ) ) ;
#2622 = DIRECTION ( 'NONE',  ( 0.000000000000000000, 0.000000000000000000, 1.000000000000000000 ) ) ;
#2623 = ORIENTED_EDGE ( 'NONE', *, *, #8206, .T. ) ;
#2624 = CARTESIAN_POINT ( 'NONE',  ( -29.75000000000000000, 2.750000000000000000, 10.09999999999999964 ) ) ;
#2625 = ORIENTED_EDGE ( 'NONE', *, *, #449, .T. ) ;
#2626 = EDGE_LOOP ( 'NONE', ( #5654, #5368, #7648, #4381 ) ) ;
#2627 = ORIENTED_EDGE ( 'NONE', *, *, #3221, .T. ) ;
#2628 = EDGE_CURVE ( 'NONE', #988, #4695, #9082, .T. ) ;
#2629 = DIRECTION ( 'NONE',  ( -1.000000000000000000, 0.000000000000000000, 0.000000000000000000 ) ) ;
#2630 = FACE_OUTER_BOUND ( 'NONE', #927, .T. ) ;
#2631 = FACE_OUTER_BOUND ( 'NONE', #9563, .T. ) ;
#2632 = ADVANCED_FACE ( 'NONE', ( #562 ), #11961, .F. ) ;
#2633 = CARTESIAN_POINT ( 'NONE',  ( -46.25000000000000000, 50.75000000000000000, 1.600000000000000089 ) ) ;
#2634 = CARTESIAN_POINT ( 'NONE',  ( -45.25000000000000000, 26.00000000000000000, 1.850000000000000089 ) ) ;
#2635 = CARTESIAN_POINT ( 'NONE',  ( -49.64999999999999858, 48.00000000000000000, 10.59999999999999964 ) ) ;
#2636 = CARTESIAN_POINT ( 'NONE',  ( -3.500000000000000000, 3.500000000000000000, 10.09999999999999964 ) ) ;
#2637 = VERTEX_POINT ( 'NONE', #6029 ) ;
#2638 = ORIENTED_EDGE ( 'NONE', *, *, #4845, .T. ) ;
#2639 = ORIENTED_EDGE ( 'NONE', *, *, #9911, .T. ) ;
#2640 = LINE ( 'NONE', #2456, #3960 ) ;
#2641 = CARTESIAN_POINT ( 'NONE',  ( -42.00000000000000000, 1.000000000000000000, 10.09999999999999964 ) ) ;
#2642 = LINE ( 'NONE', #5673, #6147 ) ;
#2643 = PLANE ( 'NONE',  #6179 ) ;
#2644 = CARTESIAN_POINT ( 'NONE',  ( -33.25000000000000000, 1.750000000000000000, 10.09999999999999964 ) ) ;
#2645 = VECTOR ( 'NONE', #6658, 1000.000000000000000 ) ;
#2646 = PLANE ( 'NONE',  #2786 ) ;
#2647 = DIRECTION ( 'NONE',  ( -1.000000000000000000, 0.000000000000000000, 0.000000000000000000 ) ) ;
#2648 = CARTESIAN_POINT ( 'NONE',  ( 0.000000000000000000, 44.25000000000000000, 12.34999999999999964 ) ) ;
#2649 = ORIENTED_EDGE ( 'NONE', *, *, #10857, .T. ) ;
#2650 = LINE ( 'NONE', #10236, #4335 ) ;
#2651 = EDGE_LOOP ( 'NONE', ( #6379, #9607, #4839, #850 ) ) ;
#2652 = AXIS2_PLACEMENT_3D ( 'NONE', #8015, #9011, #5330 ) ;
#2653 = EDGE_CURVE ( 'NONE', #4628, #4376, #12022, .T. ) ;
#2654 = ORIENTED_EDGE ( 'NONE', *, *, #1287, .F. ) ;
#2655 = VERTEX_POINT ( 'NONE', #7159 ) ;
#2656 = LINE ( 'NONE', #4321, #5743 ) ;
#2657 = CARTESIAN_POINT ( 'NONE',  ( -66.25000000000000000, 42.54999999999999716, 3.550000000000000266 ) ) ;
#2658 = VERTEX_POINT ( 'NONE', #4405 ) ;
#2659 = FACE_OUTER_BOUND ( 'NONE', #4304, .T. ) ;
#2660 = LINE ( 'NONE', #5574, #12013 ) ;
#2661 = DIRECTION ( 'NONE',  ( 0.000000000000000000, 0.000000000000000000, -1.000000000000000000 ) ) ;
#2662 = AXIS2_PLACEMENT_3D ( 'NONE', #7932, #3378, #4066 ) ;
#2663 = EDGE_CURVE ( 'NONE', #8203, #6123, #10894, .T. ) ;
#2664 = CARTESIAN_POINT ( 'NONE',  ( -75.00000000000000000, 32.25000000000000000, 1.850000000000000089 ) ) ;
#2665 = ORIENTED_EDGE ( 'NONE', *, *, #2540, .T. ) ;
#2666 = LINE ( 'NONE', #3643, #8712 ) ;
#2667 = ORIENTED_EDGE ( 'NONE', *, *, #7774, .F. ) ;
#2668 = VECTOR ( 'NONE', #9659, 1000.000000000000000 ) ;
#2669 = ORIENTED_EDGE ( 'NONE', *, *, #1248, .T. ) ;
#2670 = DIRECTION ( 'NONE',  ( -1.000000000000000000, 0.000000000000000000, 0.000000000000000000 ) ) ;
#2671 = CARTESIAN_POINT ( 'NONE',  ( -58.50000000000000000, 44.50000000000000000, 1.600000000000000089 ) ) ;
#2672 = CARTESIAN_POINT ( 'NONE',  ( -9.500000000000000000, 50.75000000000000000, 10.09999999999999964 ) ) ;
#2673 = VECTOR ( 'NONE', #2720, 1000.000000000000000 ) ;
#2674 = VECTOR ( 'NONE', #5095, 1000.000000000000000 ) ;
#2675 = DIRECTION ( 'NONE',  ( -1.000000000000000000, 0.000000000000000000, 0.000000000000000000 ) ) ;
#2676 = EDGE_LOOP ( 'NONE', ( #5799, #11118, #8767, #6346 ) ) ;
#2677 = FACE_BOUND ( 'NONE', #748, .T. ) ;
#2678 = ORIENTED_EDGE ( 'NONE', *, *, #46, .T. ) ;
#2679 = ORIENTED_EDGE ( 'NONE', *, *, #6712, .F. ) ;
#2680 = ORIENTED_EDGE ( 'NONE', *, *, #11074, .T. ) ;
#2681 = VECTOR ( 'NONE', #11294, 1000.000000000000000 ) ;
#2682 = VECTOR ( 'NONE', #5556, 1000.000000000000000 ) ;
#2683 = LINE ( 'NONE', #10272, #9137 ) ;
#2684 = EDGE_CURVE ( 'NONE', #10190, #515, #9957, .T. ) ;
#2685 = FACE_OUTER_BOUND ( 'NONE', #1695, .T. ) ;
#2686 = LINE ( 'NONE', #6422, #6444 ) ;
#2687 = DIRECTION ( 'NONE',  ( 1.000000000000000000, 0.000000000000000000, 0.000000000000000000 ) ) ;
#2688 = CARTESIAN_POINT ( 'NONE',  ( -28.75000000000000000, 51.75000000000000000, 10.09999999999999964 ) ) ;
#2689 = ADVANCED_FACE ( 'NONE', ( #1314 ), #2489, .T. ) ;
#2690 = DIRECTION ( 'NONE',  ( 1.000000000000000000, 0.000000000000000000, 0.000000000000000000 ) ) ;
#2691 = VECTOR ( 'NONE', #10915, 1000.000000000000000 ) ;
#2692 = VECTOR ( 'NONE', #4359, 1000.000000000000000 ) ;
#2693 = PLANE ( 'NONE',  #4323 ) ;
#2694 = ORIENTED_EDGE ( 'NONE', *, *, #6027, .T. ) ;
#2695 = EDGE_CURVE ( 'NONE', #6562, #1142, #1439, .T. ) ;
#2696 = VERTEX_POINT ( 'NONE', #8891 ) ;
#2697 = ORIENTED_EDGE ( 'NONE', *, *, #3257, .F. ) ;
#2698 = CARTESIAN_POINT ( 'NONE',  ( -25.75000000000000000, 1.750000000000000000, 10.09999999999999964 ) ) ;
#2699 = CARTESIAN_POINT ( 'NONE',  ( -15.50000000000000000, 50.75000000000000000, 1.600000000000000089 ) ) ;
#2700 = DIRECTION ( 'NONE',  ( 0.000000000000000000, 0.000000000000000000, 1.000000000000000000 ) ) ;
#2701 = VECTOR ( 'NONE', #7592, 1000.000000000000000 ) ;
#2702 = AXIS2_PLACEMENT_3D ( 'NONE', #4023, #11454, #11641 ) ;
#2703 = CARTESIAN_POINT ( 'NONE',  ( -46.25000000000000000, 51.75000000000000000, 1.600000000000000089 ) ) ;
#2704 = DIRECTION ( 'NONE',  ( 0.000000000000000000, 0.000000000000000000, -1.000000000000000000 ) ) ;
#2705 = CARTESIAN_POINT ( 'NONE',  ( -49.75000000000000000, 50.75000000000000000, 10.09999999999999964 ) ) ;
#2706 = ORIENTED_EDGE ( 'NONE', *, *, #10871, .F. ) ;
#2707 = EDGE_CURVE ( 'NONE', #8750, #988, #7283, .T. ) ;
#2708 = FACE_OUTER_BOUND ( 'NONE', #8444, .T. ) ;
#2709 = VECTOR ( 'NONE', #3627, 1000.000000000000000 ) ;
#2710 = ORIENTED_EDGE ( 'NONE', *, *, #1477, .F. ) ;
#2711 = VERTEX_POINT ( 'NONE', #5159 ) ;
#2712 = EDGE_LOOP ( 'NONE', ( #5903, #7087, #11943, #4727 ) ) ;
#2713 = CARTESIAN_POINT ( 'NONE',  ( -75.00000000000000000, 35.20000000000000284, 11.54999999999999893 ) ) ;
#2714 = DIRECTION ( 'NONE',  ( 1.000000000000000000, 0.000000000000000000, 0.000000000000000000 ) ) ;
#2715 = ORIENTED_EDGE ( 'NONE', *, *, #2428, .T. ) ;
#2716 = CARTESIAN_POINT ( 'NONE',  ( -46.00000000000000000, 37.25000000000000000, 2.600000000000000089 ) ) ;
#2717 = CARTESIAN_POINT ( 'NONE',  ( -66.12073400415064839, 35.23636311507707575, 11.29999999999999716 ) ) ;
#2718 = EDGE_CURVE ( 'NONE', #949, #5960, #11076, .T. ) ;
#2719 = DIRECTION ( 'NONE',  ( 0.000000000000000000, 0.000000000000000000, -1.000000000000000000 ) ) ;
#2720 = DIRECTION ( 'NONE',  ( 0.000000000000000000, 1.000000000000000000, 0.000000000000000000 ) ) ;
#2721 = EDGE_CURVE ( 'NONE', #3585, #5806, #4152, .T. ) ;
#2722 = ORIENTED_EDGE ( 'NONE', *, *, #7985, .T. ) ;
#2723 = CARTESIAN_POINT ( 'NONE',  ( -74.75000000000000000, 41.00000000000000000, 5.549999999999999822 ) ) ;
#2724 = ADVANCED_FACE ( 'NONE', ( #1801 ), #2794, .F. ) ;
#2725 = ORIENTED_EDGE ( 'NONE', *, *, #3472, .T. ) ;
#2726 = EDGE_CURVE ( 'NONE', #9015, #8954, #4464, .T. ) ;
#2727 = EDGE_LOOP ( 'NONE', ( #6445, #123, #9791, #3266 ) ) ;
#2728 = DIRECTION ( 'NONE',  ( 1.000000000000000000, 0.000000000000000000, 0.000000000000000000 ) ) ;
#2729 = CARTESIAN_POINT ( 'NONE',  ( -22.25000000000000000, 2.750000000000000000, 10.09999999999999964 ) ) ;
#2730 = FACE_OUTER_BOUND ( 'NONE', #8861, .T. ) ;
#2731 = EDGE_CURVE ( 'NONE', #10523, #8783, #9012, .T. ) ;
#2732 = CARTESIAN_POINT ( 'NONE',  ( -24.75000000000000000, 1.750000000000000000, 10.09999999999999964 ) ) ;
#2733 = ORIENTED_EDGE ( 'NONE', *, *, #3267, .T. ) ;
#2734 = DIRECTION ( 'NONE',  ( -1.000000000000000000, 0.000000000000000000, 0.000000000000000000 ) ) ;
#2735 = EDGE_LOOP ( 'NONE', ( #3902, #3135, #8176, #8986 ) ) ;
#2736 = VERTEX_POINT ( 'NONE', #9446 ) ;
#2737 = EDGE_CURVE ( 'NONE', #4376, #11972, #5588, .T. ) ;
#2738 = ORIENTED_EDGE ( 'NONE', *, *, #3605, .F. ) ;
#2739 = AXIS2_PLACEMENT_3D ( 'NONE', #8793, #6180, #5242 ) ;
#2740 = DIRECTION ( 'NONE',  ( 0.000000000000000000, 0.000000000000000000, -1.000000000000000000 ) ) ;
#2741 = DIRECTION ( 'NONE',  ( 0.000000000000000000, 0.000000000000000000, 1.000000000000000000 ) ) ;
#2742 = CARTESIAN_POINT ( 'NONE',  ( -22.25000000000000000, 1.750000000000000000, 10.09999999999999964 ) ) ;
#2743 = CARTESIAN_POINT ( 'NONE',  ( -59.00000000000000000, 46.00000000000000000, 1.600000000000000089 ) ) ;
#2744 = CARTESIAN_POINT ( 'NONE',  ( -4.549999999999999822, 26.20000000000000284, 10.59999999999999964 ) ) ;
#2745 = CARTESIAN_POINT ( 'NONE',  ( -47.25000000000000000, 51.75000000000000000, 10.09999999999999964 ) ) ;
#2746 = CIRCLE ( 'NONE', #167, 0.2500000000000002220 ) ;
#2747 = DIRECTION ( 'NONE',  ( 0.000000000000000000, -1.000000000000000000, 0.000000000000000000 ) ) ;
#2748 = EDGE_CURVE ( 'NONE', #5217, #11272, #6337, .T. ) ;
#2749 = VERTEX_POINT ( 'NONE', #7521 ) ;
#2750 = LINE ( 'NONE', #3978, #12325 ) ;
#2751 = EDGE_CURVE ( 'NONE', #11101, #10904, #9383, .T. ) ;
#2752 = ORIENTED_EDGE ( 'NONE', *, *, #9888, .T. ) ;
#2753 = ORIENTED_EDGE ( 'NONE', *, *, #8967, .F. ) ;
#2754 = PLANE ( 'NONE',  #5166 ) ;
#2755 = EDGE_CURVE ( 'NONE', #11834, #3863, #7342, .T. ) ;
#2756 = DIRECTION ( 'NONE',  ( 1.000000000000000000, 0.000000000000000000, 0.000000000000000000 ) ) ;
#2757 = CARTESIAN_POINT ( 'NONE',  ( -10.50000000000000000, 51.75000000000000000, 10.09999999999999964 ) ) ;
#2758 = DIRECTION ( 'NONE',  ( 1.000000000000000000, 0.000000000000000000, 0.000000000000000000 ) ) ;
#2759 = DIRECTION ( 'NONE',  ( 0.000000000000000000, 0.000000000000000000, -1.000000000000000000 ) ) ;
#2760 = VECTOR ( 'NONE', #5076, 1000.000000000000000 ) ;
#2761 = DIRECTION ( 'NONE',  ( 0.000000000000000000, 0.000000000000000000, -1.000000000000000000 ) ) ;
#2762 = ADVANCED_FACE ( 'NONE', ( #868 ), #3712, .F. ) ;
#2763 = DIRECTION ( 'NONE',  ( 1.000000000000000000, 0.000000000000000000, 0.000000000000000000 ) ) ;
#2764 = ORIENTED_EDGE ( 'NONE', *, *, #2574, .T. ) ;
#2765 = VECTOR ( 'NONE', #4493, 1000.000000000000000 ) ;
#2766 = CARTESIAN_POINT ( 'NONE',  ( -57.50000000000000000, 12.50000000000000000, 12.59999999999999964 ) ) ;
#2767 = ORIENTED_EDGE ( 'NONE', *, *, #9776, .F. ) ;
#2768 = VECTOR ( 'NONE', #8008, 1000.000000000000000 ) ;
#2769 = VERTEX_POINT ( 'NONE', #11319 ) ;
#2770 = ORIENTED_EDGE ( 'NONE', *, *, #12030, .F. ) ;
#2771 = DIRECTION ( 'NONE',  ( -1.000000000000000000, 0.000000000000000000, 0.000000000000000000 ) ) ;
#2772 = CARTESIAN_POINT ( 'NONE',  ( -45.25000000000000000, 24.50000000000000000, 3.850000000000000089 ) ) ;
#2773 = EDGE_CURVE ( 'NONE', #4141, #4907, #929, .T. ) ;
#2774 = EDGE_LOOP ( 'NONE', ( #8295, #5928, #791, #861 ) ) ;
#2775 = CARTESIAN_POINT ( 'NONE',  ( -5.250000000000000000, 32.00000000000000000, 4.599999999999999645 ) ) ;
#2776 = CARTESIAN_POINT ( 'NONE',  ( -25.00000000000000000, 52.50000000000000000, 10.09999999999999964 ) ) ;
#2777 = VECTOR ( 'NONE', #2810, 1000.000000000000000 ) ;
#2778 = CARTESIAN_POINT ( 'NONE',  ( -26.25000000000000000, 50.75000000000000000, 1.600000000000000089 ) ) ;
#2779 = EDGE_CURVE ( 'NONE', #3936, #5690, #1663, .T. ) ;
#2780 = CIRCLE ( 'NONE', #9728, 0.2500000000000002220 ) ;
#2781 = CARTESIAN_POINT ( 'NONE',  ( -39.75000000000000000, 51.75000000000000000, 1.600000000000000089 ) ) ;
#2782 = ORIENTED_EDGE ( 'NONE', *, *, #9462, .T. ) ;
#2783 = ORIENTED_EDGE ( 'NONE', *, *, #1525, .F. ) ;
#2784 = ADVANCED_FACE ( 'NONE', ( #1862 ), #9264, .F. ) ;
#2785 = DIRECTION ( 'NONE',  ( 0.000000000000000000, 1.000000000000000000, 0.000000000000000000 ) ) ;
#2786 = AXIS2_PLACEMENT_3D ( 'NONE', #7435, #6438, #9416 ) ;
#2787 = ADVANCED_FACE ( 'NONE', ( #4589 ), #1460, .F. ) ;
#2788 = VERTEX_POINT ( 'NONE', #7587 ) ;
#2789 = CYLINDRICAL_SURFACE ( 'NONE', #7735, 0.2500000000000002220 ) ;
#2790 = AXIS2_PLACEMENT_3D ( 'NONE', #4, #6534, #3665 ) ;
#2791 = AXIS2_PLACEMENT_3D ( 'NONE', #11171, #11045, #7120 ) ;
#2792 = ORIENTED_EDGE ( 'NONE', *, *, #9958, .T. ) ;
#2793 = CARTESIAN_POINT ( 'NONE',  ( -48.75000000000000000, 50.75000000000000000, 1.600000000000000089 ) ) ;
#2794 = PLANE ( 'NONE',  #255 ) ;
#2795 = CARTESIAN_POINT ( 'NONE',  ( -2.899999999999999911, 30.30000000000000071, 10.59999999999999964 ) ) ;
#2796 = VECTOR ( 'NONE', #1082, 1000.000000000000000 ) ;
#2797 = ADVANCED_FACE ( 'NONE', ( #10134 ), #6469, .F. ) ;
#2798 = VECTOR ( 'NONE', #2060, 1000.000000000000000 ) ;
#2799 = VECTOR ( 'NONE', #1800, 1000.000000000000000 ) ;
#2800 = EDGE_CURVE ( 'NONE', #8114, #7780, #5405, .T. ) ;
#2801 = CARTESIAN_POINT ( 'NONE',  ( -68.50000000000000000, 12.50000000000000000, 1.600000000000000089 ) ) ;
#2802 = ORIENTED_EDGE ( 'NONE', *, *, #7233, .F. ) ;
#2803 = FACE_BOUND ( 'NONE', #2971, .T. ) ;
#2804 = VERTEX_POINT ( 'NONE', #3648 ) ;
#2805 = ORIENTED_EDGE ( 'NONE', *, *, #3281, .T. ) ;
#2806 = EDGE_CURVE ( 'NONE', #9636, #8254, #6404, .T. ) ;
#2807 = AXIS2_PLACEMENT_3D ( 'NONE', #8257, #1782, #7394 ) ;
#2808 = ORIENTED_EDGE ( 'NONE', *, *, #3656, .T. ) ;
#2809 = CIRCLE ( 'NONE', #9557, 0.2500000000000002220 ) ;
#2810 = DIRECTION ( 'NONE',  ( -1.000000000000000000, 0.000000000000000000, 0.000000000000000000 ) ) ;
#2811 = PLANE ( 'NONE',  #403 ) ;
#2812 = LINE ( 'NONE', #11464, #4642 ) ;
#2813 = LINE ( 'NONE', #4790, #10046 ) ;
#2814 = ADVANCED_FACE ( 'NONE', ( #9318 ), #751, .F. ) ;
#2815 = DIRECTION ( 'NONE',  ( 0.000000000000000000, 0.000000000000000000, -1.000000000000000000 ) ) ;
#2816 = DIRECTION ( 'NONE',  ( -1.000000000000000000, 0.000000000000000000, 0.000000000000000000 ) ) ;
#2817 = VERTEX_POINT ( 'NONE', #8576 ) ;
#2818 = LINE ( 'NONE', #11525, #3750 ) ;
#2819 = EDGE_LOOP ( 'NONE', ( #2526, #10512, #2343, #1072 ) ) ;
#2820 = ORIENTED_EDGE ( 'NONE', *, *, #9692, .T. ) ;
#2821 = CARTESIAN_POINT ( 'NONE',  ( -46.00000000000000000, 37.25000000000000000, 1.600000000000000089 ) ) ;
#2822 = DIRECTION ( 'NONE',  ( 0.000000000000000000, 0.000000000000000000, -1.000000000000000000 ) ) ;
#2823 = DIRECTION ( 'NONE',  ( 0.7071067811865450192, 0.7071067811865500152, 0.000000000000000000 ) ) ;
#2824 = DIRECTION ( 'NONE',  ( 0.000000000000000000, 0.000000000000000000, 1.000000000000000000 ) ) ;
#2825 = DIRECTION ( 'NONE',  ( -1.000000000000000000, 0.000000000000000000, 0.000000000000000000 ) ) ;
#2826 = FACE_OUTER_BOUND ( 'NONE', #7546, .T. ) ;
#2827 = ORIENTED_EDGE ( 'NONE', *, *, #7829, .F. ) ;
#2828 = CARTESIAN_POINT ( 'NONE',  ( -34.75000000000000000, 51.75000000000000000, 10.09999999999999964 ) ) ;
#2829 = EDGE_LOOP ( 'NONE', ( #3931, #2144, #5930, #937 ) ) ;
#2830 = DIRECTION ( 'NONE',  ( 0.000000000000000000, -1.000000000000000000, 5.551115123125782702E-16 ) ) ;
#2831 = ORIENTED_EDGE ( 'NONE', *, *, #9786, .T. ) ;
#2832 = ORIENTED_EDGE ( 'NONE', *, *, #7516, .F. ) ;
#2833 = VERTEX_POINT ( 'NONE', #3953 ) ;
#2834 = CARTESIAN_POINT ( 'NONE',  ( -58.75000000000000000, 0.000000000000000000, 12.34999999999999964 ) ) ;
#2835 = DIRECTION ( 'NONE',  ( 0.000000000000000000, 0.000000000000000000, 1.000000000000000000 ) ) ;
#2836 = AXIS2_PLACEMENT_3D ( 'NONE', #3104, #6713, #9765 ) ;
#2837 = VERTEX_POINT ( 'NONE', #1116 ) ;
#2838 = DIRECTION ( 'NONE',  ( 0.000000000000000000, 0.000000000000000000, -1.000000000000000000 ) ) ;
#2839 = LINE ( 'NONE', #10488, #1267 ) ;
#2840 = DIRECTION ( 'NONE',  ( 0.000000000000000000, -1.387778780781444413E-14, -1.000000000000000000 ) ) ;
#2841 = CARTESIAN_POINT ( 'NONE',  ( -5.750000000000000000, 2.750000000000000000, 10.09999999999999964 ) ) ;
#2842 = DIRECTION ( 'NONE',  ( -1.000000000000000000, 0.000000000000000000, 0.000000000000000000 ) ) ;
#2843 = AXIS2_PLACEMENT_3D ( 'NONE', #12208, #7462, #241 ) ;
#2844 = ORIENTED_EDGE ( 'NONE', *, *, #2773, .T. ) ;
#2845 = EDGE_CURVE ( 'NONE', #7253, #6925, #10443, .T. ) ;
#2846 = ORIENTED_EDGE ( 'NONE', *, *, #8724, .F. ) ;
#2847 = LINE ( 'NONE', #11444, #12304 ) ;
#2848 = EDGE_LOOP ( 'NONE', ( #3655, #5233, #10295, #9605 ) ) ;
#2849 = ADVANCED_FACE ( 'NONE', ( #2048 ), #9573, .F. ) ;
#2850 = ORIENTED_EDGE ( 'NONE', *, *, #8734, .F. ) ;
#2851 = DIRECTION ( 'NONE',  ( 0.000000000000000000, 0.000000000000000000, -1.000000000000000000 ) ) ;
#2852 = CARTESIAN_POINT ( 'NONE',  ( -63.75000000000000000, 49.25000000000000000, 4.850000000000000533 ) ) ;
#2853 = VECTOR ( 'NONE', #11066, 1000.000000000000000 ) ;
#2854 = LINE ( 'NONE', #4775, #3367 ) ;
#2855 = LINE ( 'NONE', #2916, #5282 ) ;
#2856 = DIRECTION ( 'NONE',  ( -1.000000000000000000, 0.000000000000000000, 0.000000000000000000 ) ) ;
#2857 = ORIENTED_EDGE ( 'NONE', *, *, #9457, .F. ) ;
#2858 = VECTOR ( 'NONE', #10658, 1000.000000000000000 ) ;
#2859 = EDGE_CURVE ( 'NONE', #3312, #11885, #3034, .T. ) ;
#2860 = LINE ( 'NONE', #1928, #4924 ) ;
#2861 = ORIENTED_EDGE ( 'NONE', *, *, #9321, .T. ) ;
#2862 = CARTESIAN_POINT ( 'NONE',  ( -37.25000000000000000, 1.750000000000000000, 10.09999999999999964 ) ) ;
#2863 = CARTESIAN_POINT ( 'NONE',  ( -68.50000000000000000, 53.50000000000000000, 0.000000000000000000 ) ) ;
#2864 = CARTESIAN_POINT ( 'NONE',  ( -12.00000000000000000, 51.75000000000000000, 10.09999999999999964 ) ) ;
#2865 = DIRECTION ( 'NONE',  ( -1.000000000000000000, 0.000000000000000000, 0.000000000000000000 ) ) ;
#2866 = AXIS2_PLACEMENT_3D ( 'NONE', #8064, #9803, #1286 ) ;
#2867 = DIRECTION ( 'NONE',  ( 0.000000000000000000, 0.000000000000000000, 1.000000000000000000 ) ) ;
#2868 = EDGE_CURVE ( 'NONE', #8492, #6697, #1177, .T. ) ;
#2869 = CARTESIAN_POINT ( 'NONE',  ( -71.00000000000000000, 12.50000000000000000, 12.59999999999999964 ) ) ;
#2870 = CARTESIAN_POINT ( 'NONE',  ( -40.75000000000000000, 2.750000000000000000, 10.09999999999999964 ) ) ;
#2871 = ORIENTED_EDGE ( 'NONE', *, *, #10569, .T. ) ;
#2872 = AXIS2_PLACEMENT_3D ( 'NONE', #2947, #7677, #11422 ) ;
#2873 = AXIS2_PLACEMENT_3D ( 'NONE', #11745, #6251, #10806 ) ;
#2874 = CARTESIAN_POINT ( 'NONE',  ( -67.50000000000000000, 3.500000000000000000, 12.59999999999999964 ) ) ;
#2875 = VERTEX_POINT ( 'NONE', #8638 ) ;
#2876 = ORIENTED_EDGE ( 'NONE', *, *, #9019, .F. ) ;
#2877 = EDGE_CURVE ( 'NONE', #7138, #4834, #6644, .T. ) ;
#2878 = LINE ( 'NONE', #2698, #4770 ) ;
#2879 = EDGE_CURVE ( 'NONE', #1119, #7486, #115, .T. ) ;
#2880 = DIRECTION ( 'NONE',  ( 0.000000000000000000, 0.000000000000000000, 1.000000000000000000 ) ) ;
#2881 = CARTESIAN_POINT ( 'NONE',  ( -2.200000000000000178, 27.90000000000000213, 10.59999999999999964 ) ) ;
#2882 = CARTESIAN_POINT ( 'NONE',  ( -23.00000000000000000, 50.75000000000000000, 1.600000000000000089 ) ) ;
#2883 = CARTESIAN_POINT ( 'NONE',  ( -2.899999999999999911, 25.50000000000000000, 10.59999999999999964 ) ) ;
#2884 = DIRECTION ( 'NONE',  ( 0.000000000000000000, 1.000000000000000000, 0.000000000000000000 ) ) ;
#2885 = AXIS2_PLACEMENT_3D ( 'NONE', #3607, #2690, #10399 ) ;
#2886 = VECTOR ( 'NONE', #2993, 1000.000000000000000 ) ;
#2887 = EDGE_CURVE ( 'NONE', #7579, #6642, #10568, .T. ) ;
#2888 = LINE ( 'NONE', #7738, #2081 ) ;
#2889 = VERTEX_POINT ( 'NONE', #4020 ) ;
#2890 = CARTESIAN_POINT ( 'NONE',  ( -74.75000000000000000, 0.000000000000000000, 12.34999999999999964 ) ) ;
#2891 = ORIENTED_EDGE ( 'NONE', *, *, #6080, .F. ) ;
#2892 = ORIENTED_EDGE ( 'NONE', *, *, #263, .T. ) ;
#2893 = VECTOR ( 'NONE', #1629, 1000.000000000000000 ) ;
#2894 = ORIENTED_EDGE ( 'NONE', *, *, #8928, .F. ) ;
#2895 = LINE ( 'NONE', #6565, #8148 ) ;
#2896 = VECTOR ( 'NONE', #6588, 1000.000000000000000 ) ;
#2897 = CARTESIAN_POINT ( 'NONE',  ( -10.50000000000000000, 50.75000000000000000, 10.09999999999999964 ) ) ;
#2898 = EDGE_CURVE ( 'NONE', #5202, #7990, #11387, .T. ) ;
#2899 = ORIENTED_EDGE ( 'NONE', *, *, #9107, .F. ) ;
#2900 = CYLINDRICAL_SURFACE ( 'NONE', #3790, 0.2500000000000002220 ) ;
#2901 = LINE ( 'NONE', #226, #5432 ) ;
#2902 = DIRECTION ( 'NONE',  ( 4.625929269271489858E-16, 1.000000000000000000, 0.000000000000000000 ) ) ;
#2903 = FACE_OUTER_BOUND ( 'NONE', #8035, .T. ) ;
#2904 = LINE ( 'NONE', #3942, #8244 ) ;
#2905 = ORIENTED_EDGE ( 'NONE', *, *, #9879, .T. ) ;
#2906 = VERTEX_POINT ( 'NONE', #3898 ) ;
#2907 = CARTESIAN_POINT ( 'NONE',  ( -2.500000000000000000, 0.000000000000000000, 0.000000000000000000 ) ) ;
#2908 = EDGE_CURVE ( 'NONE', #6888, #4073, #9689, .T. ) ;
#2909 = ORIENTED_EDGE ( 'NONE', *, *, #9377, .F. ) ;
#2910 = DIRECTION ( 'NONE',  ( -0.7071067811865475727, 0.7071067811865475727, 0.000000000000000000 ) ) ;
#2911 = EDGE_CURVE ( 'NONE', #7926, #8248, #4954, .T. ) ;
#2912 = ORIENTED_EDGE ( 'NONE', *, *, #11623, .T. ) ;
#2913 = DIRECTION ( 'NONE',  ( 0.000000000000000000, -1.000000000000000000, 0.000000000000000000 ) ) ;
#2914 = EDGE_CURVE ( 'NONE', #6263, #1098, #6055, .T. ) ;
#2915 = DIRECTION ( 'NONE',  ( 0.000000000000000000, 1.000000000000000000, -0.000000000000000000 ) ) ;
#2916 = CARTESIAN_POINT ( 'NONE',  ( -75.75000000000000000, 36.50000000000000000, 6.550000000000000711 ) ) ;
#2917 = EDGE_CURVE ( 'NONE', #11241, #2271, #7643, .T. ) ;
#2918 = CARTESIAN_POINT ( 'NONE',  ( -45.25000000000000000, 24.00000000000000000, 1.850000000000000089 ) ) ;
#2919 = ORIENTED_EDGE ( 'NONE', *, *, #10125, .T. ) ;
#2920 = PLANE ( 'NONE',  #11097 ) ;
#2921 = EDGE_LOOP ( 'NONE', ( #10205, #7396, #5520, #4806 ) ) ;
#2922 = VERTEX_POINT ( 'NONE', #2167 ) ;
#2923 = CARTESIAN_POINT ( 'NONE',  ( -47.25000000000000000, 9.000000000000000000, 6.850000000000000533 ) ) ;
#2924 = EDGE_CURVE ( 'NONE', #997, #6682, #11804, .T. ) ;
#2925 = FACE_BOUND ( 'NONE', #4930, .T. ) ;
#2926 = CARTESIAN_POINT ( 'NONE',  ( -39.75000000000000000, 51.75000000000000000, 10.09999999999999964 ) ) ;
#2927 = CARTESIAN_POINT ( 'NONE',  ( -46.25000000000000000, 50.75000000000000000, 10.09999999999999964 ) ) ;
#2928 = DIRECTION ( 'NONE',  ( 0.000000000000000000, 0.000000000000000000, 1.000000000000000000 ) ) ;
#2929 = DIRECTION ( 'NONE',  ( 0.7071067811865500152, -0.7071067811865450192, 0.000000000000000000 ) ) ;
#2930 = LINE ( 'NONE', #6722, #5127 ) ;
#2931 = ORIENTED_EDGE ( 'NONE', *, *, #7453, .T. ) ;
#2932 = CARTESIAN_POINT ( 'NONE',  ( -2.500000000000000000, 52.00000000000000000, 0.000000000000000000 ) ) ;
#2933 = EDGE_CURVE ( 'NONE', #4441, #4187, #7337, .T. ) ;
#2934 = VECTOR ( 'NONE', #11861, 1000.000000000000000 ) ;
#2935 = ORIENTED_EDGE ( 'NONE', *, *, #4696, .T. ) ;
#2936 = ORIENTED_EDGE ( 'NONE', *, *, #4905, .T. ) ;
#2937 = EDGE_CURVE ( 'NONE', #4269, #2211, #174, .T. ) ;
#2938 = ORIENTED_EDGE ( 'NONE', *, *, #5140, .F. ) ;
#2939 = CARTESIAN_POINT ( 'NONE',  ( -32.25000000000000000, 2.750000000000000000, 10.09999999999999964 ) ) ;
#2940 = CARTESIAN_POINT ( 'NONE',  ( -5.250000000000000000, 0.000000000000000000, 4.599999999999999645 ) ) ;
#2941 = CARTESIAN_POINT ( 'NONE',  ( -2.500000000000000000, 41.00000000000000000, 1.600000000000000089 ) ) ;
#2942 = CARTESIAN_POINT ( 'NONE',  ( -2.500000000000000000, 36.00000000000000000, 1.600000000000000089 ) ) ;
#2943 = CARTESIAN_POINT ( 'NONE',  ( -5.250000000000000000, 30.30000000000000071, 4.599999999999999645 ) ) ;
#2944 = CARTESIAN_POINT ( 'NONE',  ( -5.250000000000000000, 30.30000000000000071, 10.59999999999999964 ) ) ;
#2945 = VECTOR ( 'NONE', #4347, 1000.000000000000000 ) ;
#2946 = EDGE_CURVE ( 'NONE', #4121, #5880, #4087, .T. ) ;
#2947 = CARTESIAN_POINT ( 'NONE',  ( -74.75000000000000000, 42.79999999999999716, 3.050000000000000266 ) ) ;
#2948 = EDGE_CURVE ( 'NONE', #30, #2655, #4774, .T. ) ;
#2949 = ORIENTED_EDGE ( 'NONE', *, *, #11485, .F. ) ;
#2950 = DIRECTION ( 'NONE',  ( 0.000000000000000000, 0.000000000000000000, 1.000000000000000000 ) ) ;
#2951 = EDGE_CURVE ( 'NONE', #3401, #8705, #5213, .T. ) ;
#2952 = VERTEX_POINT ( 'NONE', #5271 ) ;
#2953 = ORIENTED_EDGE ( 'NONE', *, *, #489, .T. ) ;
#2954 = ORIENTED_EDGE ( 'NONE', *, *, #2978, .F. ) ;
#2955 = DIRECTION ( 'NONE',  ( 0.000000000000000000, 0.000000000000000000, -1.000000000000000000 ) ) ;
#2956 = CARTESIAN_POINT ( 'NONE',  ( -31.25000000000000000, 51.75000000000000000, 10.09999999999999964 ) ) ;
#2957 = ADVANCED_FACE ( 'NONE', ( #11696, #7888 ), #9943, .F. ) ;
#2958 = VECTOR ( 'NONE', #6213, 1000.000000000000000 ) ;
#2959 = ORIENTED_EDGE ( 'NONE', *, *, #12079, .T. ) ;
#2960 = DIRECTION ( 'NONE',  ( 1.000000000000000000, 0.000000000000000000, 0.000000000000000000 ) ) ;
#2961 = CARTESIAN_POINT ( 'NONE',  ( -5.250000000000000000, 28.60000000000000142, 10.59999999999999964 ) ) ;
#2962 = CARTESIAN_POINT ( 'NONE',  ( -4.549999999999999822, 28.60000000000000142, 10.59999999999999964 ) ) ;
#2963 = CARTESIAN_POINT ( 'NONE',  ( 0.000000000000000000, 25.50000000000000000, 4.599999999999999645 ) ) ;
#2964 = AXIS2_PLACEMENT_3D ( 'NONE', #10166, #2822, #11105 ) ;
#2965 = DIRECTION ( 'NONE',  ( 0.000000000000000000, -1.000000000000000000, 0.000000000000000000 ) ) ;
#2966 = ORIENTED_EDGE ( 'NONE', *, *, #6783, .F. ) ;
#2967 = EDGE_CURVE ( 'NONE', #1240, #3928, #3217, .T. ) ;
#2968 = VECTOR ( 'NONE', #4908, 1000.000000000000000 ) ;
#2969 = ORIENTED_EDGE ( 'NONE', *, *, #2275, .T. ) ;
#2970 = CARTESIAN_POINT ( 'NONE',  ( -33.75000000000000000, 50.75000000000000000, 10.09999999999999964 ) ) ;
#2971 = EDGE_LOOP ( 'NONE', ( #3435, #2006, #7851, #11372 ) ) ;
#2972 = LINE ( 'NONE', #9626, #5543 ) ;
#2973 = AXIS2_PLACEMENT_3D ( 'NONE', #2562, #2740, #2629 ) ;
#2974 = ORIENTED_EDGE ( 'NONE', *, *, #11630, .F. ) ;
#2975 = CARTESIAN_POINT ( 'NONE',  ( -16.75000000000000000, 1.750000000000000000, 10.09999999999999964 ) ) ;
#2976 = CARTESIAN_POINT ( 'NONE',  ( -66.25000000000000000, 33.77322330470335032, 9.873223304703369507 ) ) ;
#2977 = AXIS2_PLACEMENT_3D ( 'NONE', #6833, #2107, #1300 ) ;
#2978 = EDGE_CURVE ( 'NONE', #9313, #2529, #4326, .T. ) ;
#2979 = CARTESIAN_POINT ( 'NONE',  ( -52.04999999999999716, 0.000000000000000000, 4.599999999999999645 ) ) ;
#2980 = VECTOR ( 'NONE', #10989, 1000.000000000000000 ) ;
#2981 = ORIENTED_EDGE ( 'NONE', *, *, #2563, .T. ) ;
#2982 = CIRCLE ( 'NONE', #4561, 2.750000000000002665 ) ;
#2983 = VECTOR ( 'NONE', #8600, 1000.000000000000000 ) ;
#2984 = CARTESIAN_POINT ( 'NONE',  ( -15.35000000000000142, 2.750000000000000000, 10.09999999999999964 ) ) ;
#2985 = VERTEX_POINT ( 'NONE', #1305 ) ;
#2986 = CARTESIAN_POINT ( 'NONE',  ( -52.75000000000000000, 26.00000000000000000, 2.350000000000000089 ) ) ;
#2987 = AXIS2_PLACEMENT_3D ( 'NONE', #6176, #4174, #11979 ) ;
#2988 = CARTESIAN_POINT ( 'NONE',  ( -17.75000000000000000, 2.750000000000000000, 10.09999999999999964 ) ) ;
#2989 = LINE ( 'NONE', #5032, #2604 ) ;
#2990 = LINE ( 'NONE', #10458, #9227 ) ;
#2991 = AXIS2_PLACEMENT_3D ( 'NONE', #6822, #11377, #9558 ) ;
#2992 = VECTOR ( 'NONE', #3647, 1000.000000000000000 ) ;
#2993 = DIRECTION ( 'NONE',  ( 1.000000000000000000, 0.000000000000000000, 0.000000000000000000 ) ) ;
#2994 = DIRECTION ( 'NONE',  ( 1.000000000000000000, 0.000000000000000000, 0.000000000000000000 ) ) ;
#2995 = VECTOR ( 'NONE', #8818, 1000.000000000000000 ) ;
#2996 = DIRECTION ( 'NONE',  ( 0.000000000000000000, 1.000000000000000000, 0.000000000000000000 ) ) ;
#2997 = EDGE_CURVE ( 'NONE', #1278, #6562, #2477, .T. ) ;
#2998 = ORIENTED_EDGE ( 'NONE', *, *, #493, .F. ) ;
#2999 = DIRECTION ( 'NONE',  ( 0.000000000000000000, 0.000000000000000000, -1.000000000000000000 ) ) ;
#3000 = VECTOR ( 'NONE', #1224, 1000.000000000000000 ) ;
#3001 = ORIENTED_EDGE ( 'NONE', *, *, #5469, .F. ) ;
#3002 = EDGE_LOOP ( 'NONE', ( #7092, #11974, #6830, #11393 ) ) ;
#3003 = ORIENTED_EDGE ( 'NONE', *, *, #2215, .F. ) ;
#3004 = CARTESIAN_POINT ( 'NONE',  ( -74.75000000000000000, 41.47677669529665678, 11.47677669529663902 ) ) ;
#3005 = EDGE_CURVE ( 'NONE', #9456, #5370, #10820, .T. ) ;
#3006 = DIRECTION ( 'NONE',  ( 1.000000000000000000, 0.000000000000000000, 0.000000000000000000 ) ) ;
#3007 = DIRECTION ( 'NONE',  ( -0.7071067811865480168, 0.7071067811865470176, 0.000000000000000000 ) ) ;
#3008 = DIRECTION ( 'NONE',  ( 0.000000000000000000, 1.000000000000000000, 0.000000000000000000 ) ) ;
#3009 = FACE_OUTER_BOUND ( 'NONE', #2429, .T. ) ;
#3010 = CARTESIAN_POINT ( 'NONE',  ( 0.000000000000000000, 44.25000000000000000, 1.600000000000000089 ) ) ;
#3011 = DIRECTION ( 'NONE',  ( 0.000000000000000000, 0.000000000000000000, -1.000000000000000000 ) ) ;
#3012 = VERTEX_POINT ( 'NONE', #7213 ) ;
#3013 = LINE ( 'NONE', #7497, #6115 ) ;
#3014 = ORIENTED_EDGE ( 'NONE', *, *, #2914, .F. ) ;
#3015 = EDGE_LOOP ( 'NONE', ( #11891, #1223, #3369, #10995 ) ) ;
#3016 = ORIENTED_EDGE ( 'NONE', *, *, #11204, .F. ) ;
#3017 = CARTESIAN_POINT ( 'NONE',  ( -2.500000000000000000, 36.00000000000000000, 0.000000000000000000 ) ) ;
#3018 = CARTESIAN_POINT ( 'NONE',  ( -7.000000000000000000, 51.75000000000000000, 1.600000000000000089 ) ) ;
#3019 = ORIENTED_EDGE ( 'NONE', *, *, #4573, .F. ) ;
#3020 = DIRECTION ( 'NONE',  ( 0.000000000000000000, 0.000000000000000000, -1.000000000000000000 ) ) ;
#3021 = CARTESIAN_POINT ( 'NONE',  ( -2.500000000000000000, 7.500000000000000000, 0.000000000000000000 ) ) ;
#3022 = CARTESIAN_POINT ( 'NONE',  ( -74.75000000000000000, 35.50000000000000000, 5.549999999999999822 ) ) ;
#3023 = DIRECTION ( 'NONE',  ( 0.000000000000000000, 1.000000000000000000, 0.000000000000000000 ) ) ;
#3024 = FACE_OUTER_BOUND ( 'NONE', #1124, .T. ) ;
#3025 = EDGE_CURVE ( 'NONE', #5991, #9262, #2300, .T. ) ;
#3026 = ORIENTED_EDGE ( 'NONE', *, *, #2125, .T. ) ;
#3027 = EDGE_LOOP ( 'NONE', ( #11739, #8068, #7596, #11758 ) ) ;
#3028 = CARTESIAN_POINT ( 'NONE',  ( -8.000000000000000000, 51.75000000000000000, 1.600000000000000089 ) ) ;
#3029 = ORIENTED_EDGE ( 'NONE', *, *, #7519, .F. ) ;
#3030 = EDGE_LOOP ( 'NONE', ( #3234, #9198, #8235, #3376 ) ) ;
#3031 = FACE_OUTER_BOUND ( 'NONE', #7441, .T. ) ;
#3032 = ORIENTED_EDGE ( 'NONE', *, *, #4022, .T. ) ;
#3033 = FACE_OUTER_BOUND ( 'NONE', #939, .T. ) ;
#3034 = LINE ( 'NONE', #4829, #2055 ) ;
#3035 = ADVANCED_FACE ( 'NONE', ( #7951 ), #7089, .T. ) ;
#3036 = AXIS2_PLACEMENT_3D ( 'NONE', #5954, #6771, #5896 ) ;
#3037 = DIRECTION ( 'NONE',  ( 0.000000000000000000, 0.000000000000000000, -1.000000000000000000 ) ) ;
#3038 = ADVANCED_FACE ( 'NONE', ( #433 ), #8884, .T. ) ;
#3039 = ORIENTED_EDGE ( 'NONE', *, *, #5365, .F. ) ;
#3040 = CARTESIAN_POINT ( 'NONE',  ( -2.500000000000000000, 36.00000000000000000, 1.600000000000000089 ) ) ;
#3041 = VECTOR ( 'NONE', #344, 1000.000000000000000 ) ;
#3042 = EDGE_LOOP ( 'NONE', ( #12105, #11719, #2292, #4253 ) ) ;
#3043 = DIRECTION ( 'NONE',  ( 1.000000000000000000, 0.000000000000000000, 0.000000000000000000 ) ) ;
#3044 = CARTESIAN_POINT ( 'NONE',  ( 0.000000000000000000, 0.000000000000000000, 10.09999999999999964 ) ) ;
#3045 = DIRECTION ( 'NONE',  ( 0.000000000000000000, 0.000000000000000000, 1.000000000000000000 ) ) ;
#3046 = LINE ( 'NONE', #2480, #8038 ) ;
#3047 = CARTESIAN_POINT ( 'NONE',  ( -7.150000000000000355, 1.750000000000000000, 10.09999999999999964 ) ) ;
#3048 = VECTOR ( 'NONE', #7552, 1000.000000000000000 ) ;
#3049 = DIRECTION ( 'NONE',  ( 0.000000000000000000, 0.000000000000000000, -1.000000000000000000 ) ) ;
#3050 = DIRECTION ( 'NONE',  ( 1.000000000000000000, 0.000000000000000000, 0.000000000000000000 ) ) ;
#3051 = ORIENTED_EDGE ( 'NONE', *, *, #1248, .F. ) ;
#3052 = LINE ( 'NONE', #5040, #11713 ) ;
#3053 = ORIENTED_EDGE ( 'NONE', *, *, #2152, .F. ) ;
#3054 = ORIENTED_EDGE ( 'NONE', *, *, #2479, .T. ) ;
#3055 = EDGE_CURVE ( 'NONE', #10389, #9970, #6959, .T. ) ;
#3056 = ORIENTED_EDGE ( 'NONE', *, *, #11165, .T. ) ;
#3057 = VECTOR ( 'NONE', #3187, 1000.000000000000000 ) ;
#3058 = CARTESIAN_POINT ( 'NONE',  ( -9.500000000000000000, 50.75000000000000000, 10.09999999999999964 ) ) ;
#3059 = CARTESIAN_POINT ( 'NONE',  ( -56.50000000000000000, 17.10000000000000142, 2.600000000000000089 ) ) ;
#3060 = DIRECTION ( 'NONE',  ( 0.000000000000000000, -1.000000000000000000, 0.000000000000000000 ) ) ;
#3061 = CARTESIAN_POINT ( 'NONE',  ( -4.000000000000000000, 53.50000000000000000, 1.600000000000000089 ) ) ;
#3062 = CARTESIAN_POINT ( 'NONE',  ( -38.75000000000000000, 50.75000000000000000, 1.600000000000000089 ) ) ;
#3063 = ADVANCED_FACE ( 'NONE', ( #4143 ), #8138, .T. ) ;
#3064 = ORIENTED_EDGE ( 'NONE', *, *, #12175, .T. ) ;
#3065 = CARTESIAN_POINT ( 'NONE',  ( -27.25000000000000000, 51.75000000000000000, 10.09999999999999964 ) ) ;
#3066 = VECTOR ( 'NONE', #1723, 1000.000000000000000 ) ;
#3067 = AXIS2_PLACEMENT_3D ( 'NONE', #10491, #283, #6634 ) ;
#3068 = ORIENTED_EDGE ( 'NONE', *, *, #11902, .F. ) ;
#3069 = EDGE_CURVE ( 'NONE', #3581, #3476, #2236, .T. ) ;
#3070 = PLANE ( 'NONE',  #2739 ) ;
#3071 = ORIENTED_EDGE ( 'NONE', *, *, #11620, .F. ) ;
#3072 = ORIENTED_EDGE ( 'NONE', *, *, #2041, .T. ) ;
#3073 = EDGE_LOOP ( 'NONE', ( #12233, #2752, #1872, #6305 ) ) ;
#3074 = DIRECTION ( 'NONE',  ( 0.000000000000000000, -1.000000000000000000, 0.000000000000000000 ) ) ;
#3075 = DIRECTION ( 'NONE',  ( 0.000000000000000000, -1.000000000000000000, 0.000000000000000000 ) ) ;
#3076 = ORIENTED_EDGE ( 'NONE', *, *, #10440, .F. ) ;
#3077 = LINE ( 'NONE', #6880, #8963 ) ;
#3078 = DIRECTION ( 'NONE',  ( 0.000000000000000000, 0.000000000000000000, -1.000000000000000000 ) ) ;
#3079 = VECTOR ( 'NONE', #4161, 1000.000000000000000 ) ;
#3080 = AXIS2_PLACEMENT_3D ( 'NONE', #2448, #2327, #2202 ) ;
#3081 = LINE ( 'NONE', #10677, #2478 ) ;
#3082 = LINE ( 'NONE', #786, #3270 ) ;
#3083 = ORIENTED_EDGE ( 'NONE', *, *, #3957, .T. ) ;
#3084 = CIRCLE ( 'NONE', #523, 0.2500000000000002220 ) ;
#3085 = VERTEX_POINT ( 'NONE', #1492 ) ;
#3086 = AXIS2_PLACEMENT_3D ( 'NONE', #5096, #4034, #9963 ) ;
#3087 = CARTESIAN_POINT ( 'NONE',  ( -2.899999999999999911, 30.30000000000000071, 10.59999999999999964 ) ) ;
#3088 = ORIENTED_EDGE ( 'NONE', *, *, #1560, .T. ) ;
#3089 = ORIENTED_EDGE ( 'NONE', *, *, #7329, .T. ) ;
#3090 = CARTESIAN_POINT ( 'NONE',  ( -18.00000000000000000, 50.75000000000000000, 10.09999999999999964 ) ) ;
#3091 = EDGE_CURVE ( 'NONE', #1991, #8783, #9392, .T. ) ;
#3092 = ORIENTED_EDGE ( 'NONE', *, *, #121, .F. ) ;
#3093 = PLANE ( 'NONE',  #15 ) ;
#3094 = CARTESIAN_POINT ( 'NONE',  ( -66.18280972448381760, 33.72571260525607784, 9.825712605256089915 ) ) ;
#3095 = ADVANCED_FACE ( 'NONE', ( #10760 ), #11946, .F. ) ;
#3096 = DIRECTION ( 'NONE',  ( 1.000000000000000000, 0.000000000000000000, 0.000000000000000000 ) ) ;
#3097 = EDGE_CURVE ( 'NONE', #4929, #9570, #6018, .T. ) ;
#3098 = ORIENTED_EDGE ( 'NONE', *, *, #1812, .F. ) ;
#3099 = EDGE_CURVE ( 'NONE', #776, #1868, #2356, .T. ) ;
#3100 = CARTESIAN_POINT ( 'NONE',  ( -75.00000000000000000, 41.00000000000000000, 8.300000000000000711 ) ) ;
#3101 = ADVANCED_FACE ( 'NONE', ( #10248 ), #3637, .T. ) ;
#3102 = ORIENTED_EDGE ( 'NONE', *, *, #6754, .T. ) ;
#3103 = ORIENTED_EDGE ( 'NONE', *, *, #1999, .T. ) ;
#3104 = CARTESIAN_POINT ( 'NONE',  ( -52.75000000000000000, 26.00000000000000000, 3.850000000000000089 ) ) ;
#3105 = EDGE_CURVE ( 'NONE', #10564, #10093, #1785, .T. ) ;
#3106 = DIRECTION ( 'NONE',  ( 0.000000000000000000, -1.000000000000000000, 0.000000000000000000 ) ) ;
#3107 = CARTESIAN_POINT ( 'NONE',  ( -15.50000000000000000, 50.75000000000000000, 1.600000000000000089 ) ) ;
#3108 = DIRECTION ( 'NONE',  ( 0.000000000000000000, 0.000000000000000000, -1.000000000000000000 ) ) ;
#3109 = DIRECTION ( 'NONE',  ( 1.000000000000000000, 0.000000000000000000, 0.000000000000000000 ) ) ;
#3110 = DIRECTION ( 'NONE',  ( 0.000000000000000000, 0.000000000000000000, -1.000000000000000000 ) ) ;
#3111 = EDGE_CURVE ( 'NONE', #10230, #6350, #2603, .T. ) ;
#3112 = DIRECTION ( 'NONE',  ( 1.000000000000000000, 0.000000000000000000, 0.000000000000000000 ) ) ;
#3113 = ORIENTED_EDGE ( 'NONE', *, *, #257, .F. ) ;
#3114 = DIRECTION ( 'NONE',  ( 1.000000000000000000, -0.000000000000000000, -0.000000000000000000 ) ) ;
#3115 = ORIENTED_EDGE ( 'NONE', *, *, #5250, .F. ) ;
#3116 = ORIENTED_EDGE ( 'NONE', *, *, #2156, .T. ) ;
#3117 = DIRECTION ( 'NONE',  ( -1.000000000000000000, 0.000000000000000000, 0.000000000000000000 ) ) ;
#3118 = PLANE ( 'NONE',  #9337 ) ;
#3119 = CARTESIAN_POINT ( 'NONE',  ( -56.50000000000000000, 17.10000000000000142, 2.600000000000000089 ) ) ;
#3120 = DIRECTION ( 'NONE',  ( 0.000000000000000000, 0.000000000000000000, -1.000000000000000000 ) ) ;
#3121 = DIRECTION ( 'NONE',  ( -1.000000000000000000, 0.000000000000000000, 0.000000000000000000 ) ) ;
#3122 = EDGE_LOOP ( 'NONE', ( #739, #7680, #6095, #10078 ) ) ;
#3123 = EDGE_CURVE ( 'NONE', #6803, #1098, #797, .T. ) ;
#3124 = CARTESIAN_POINT ( 'NONE',  ( -2.500000000000000000, 36.00000000000000000, 1.600000000000000089 ) ) ;
#3125 = VERTEX_POINT ( 'NONE', #1612 ) ;
#3126 = VECTOR ( 'NONE', #1463, 1000.000000000000000 ) ;
#3127 = CARTESIAN_POINT ( 'NONE',  ( -36.25000000000000000, 50.75000000000000000, 10.09999999999999964 ) ) ;
#3128 = ORIENTED_EDGE ( 'NONE', *, *, #2379, .F. ) ;
#3129 = VERTEX_POINT ( 'NONE', #2776 ) ;
#3130 = EDGE_CURVE ( 'NONE', #2086, #8736, #9306, .T. ) ;
#3131 = ORIENTED_EDGE ( 'NONE', *, *, #1461, .F. ) ;
#3132 = EDGE_LOOP ( 'NONE', ( #339, #516, #1724, #10892 ) ) ;
#3133 = LINE ( 'NONE', #4185, #7939 ) ;
#3134 = CYLINDRICAL_SURFACE ( 'NONE', #11581, 0.2500000000000002220 ) ;
#3135 = ORIENTED_EDGE ( 'NONE', *, *, #7568, .T. ) ;
#3136 = PLANE ( 'NONE',  #4786 ) ;
#3137 = CARTESIAN_POINT ( 'NONE',  ( -2.200000000000000178, 25.50000000000000000, 4.599999999999999645 ) ) ;
#3138 = CARTESIAN_POINT ( 'NONE',  ( -52.75000000000000000, 26.00000000000000000, 1.850000000000000089 ) ) ;
#3139 = VECTOR ( 'NONE', #760, 1000.000000000000000 ) ;
#3140 = FACE_OUTER_BOUND ( 'NONE', #1337, .T. ) ;
#3141 = DIRECTION ( 'NONE',  ( 1.000000000000000000, 0.000000000000000000, 0.000000000000000000 ) ) ;
#3142 = ORIENTED_EDGE ( 'NONE', *, *, #8946, .F. ) ;
#3143 = EDGE_CURVE ( 'NONE', #11700, #2817, #857, .T. ) ;
#3144 = DIRECTION ( 'NONE',  ( 1.000000000000000000, 0.000000000000000000, 0.000000000000000000 ) ) ;
#3145 = ORIENTED_EDGE ( 'NONE', *, *, #4006, .F. ) ;
#3147 = VECTOR ( 'NONE', #7458, 1000.000000000000000 ) ;
#3146 = CARTESIAN_POINT ( 'NONE',  ( -65.50000000000000000, 46.00000000000000000, 3.850000000000000089 ) ) ;
#3148 = EDGE_CURVE ( 'NONE', #5416, #11598, #2660, .T. ) ;
#3149 = ORIENTED_EDGE ( 'NONE', *, *, #4157, .T. ) ;
#3150 = VERTEX_POINT ( 'NONE', #12010 ) ;
#3151 = LINE ( 'NONE', #9685, #10730 ) ;
#3152 = PLANE ( 'NONE',  #7384 ) ;
#3153 = ORIENTED_EDGE ( 'NONE', *, *, #5871, .T. ) ;
#3154 = DIRECTION ( 'NONE',  ( 1.000000000000000000, 0.000000000000000000, 0.000000000000000000 ) ) ;
#3155 = CARTESIAN_POINT ( 'NONE',  ( -55.00000000000000000, 26.00000000000000000, 2.100000000000000089 ) ) ;
#3156 = EDGE_CURVE ( 'NONE', #6671, #2788, #6571, .T. ) ;
#3157 = AXIS2_PLACEMENT_3D ( 'NONE', #8784, #8601, #264 ) ;
#3158 = CIRCLE ( 'NONE', #10112, 0.2500000000000002220 ) ;
#3159 = CARTESIAN_POINT ( 'NONE',  ( -75.00000000000000000, 32.25000000000000000, 1.850000000000000089 ) ) ;
#3160 = EDGE_CURVE ( 'NONE', #9841, #5739, #11006, .T. ) ;
#3161 = ORIENTED_EDGE ( 'NONE', *, *, #1786, .T. ) ;
#3162 = DIRECTION ( 'NONE',  ( 0.000000000000000000, 1.000000000000000000, 0.000000000000000000 ) ) ;
#3163 = VECTOR ( 'NONE', #4095, 1000.000000000000000 ) ;
#3164 = AXIS2_PLACEMENT_3D ( 'NONE', #969, #6508, #6746 ) ;
#3165 = ORIENTED_EDGE ( 'NONE', *, *, #11367, .F. ) ;
#3166 = ORIENTED_EDGE ( 'NONE', *, *, #4392, .T. ) ;
#3167 = DIRECTION ( 'NONE',  ( 0.000000000000000000, -1.000000000000000000, 0.000000000000000000 ) ) ;
#3168 = PLANE ( 'NONE',  #4149 ) ;
#3169 = DIRECTION ( 'NONE',  ( 1.000000000000000000, 0.000000000000000000, 0.000000000000000000 ) ) ;
#3170 = DIRECTION ( 'NONE',  ( -1.000000000000000000, 0.000000000000000000, 0.000000000000000000 ) ) ;
#3171 = LINE ( 'NONE', #6977, #5275 ) ;
#3172 = EDGE_CURVE ( 'NONE', #10076, #4476, #5451, .T. ) ;
#3173 = VECTOR ( 'NONE', #5235, 1000.000000000000000 ) ;
#3174 = VECTOR ( 'NONE', #2771, 1000.000000000000000 ) ;
#3175 = DIRECTION ( 'NONE',  ( -1.000000000000000000, 0.000000000000000000, 0.000000000000000000 ) ) ;
#3176 = EDGE_CURVE ( 'NONE', #6803, #4187, #11156, .T. ) ;
#3177 = DIRECTION ( 'NONE',  ( -1.000000000000000000, 0.000000000000000000, 0.000000000000000000 ) ) ;
#3178 = ORIENTED_EDGE ( 'NONE', *, *, #12223, .F. ) ;
#3179 = DIRECTION ( 'NONE',  ( 0.000000000000000000, -1.000000000000000000, 0.000000000000000000 ) ) ;
#3180 = AXIS2_PLACEMENT_3D ( 'NONE', #7422, #3542, #2687 ) ;
#3181 = ORIENTED_EDGE ( 'NONE', *, *, #11944, .T. ) ;
#3182 = ORIENTED_EDGE ( 'NONE', *, *, #112, .T. ) ;
#3183 = CIRCLE ( 'NONE', #7959, 0.2500000000000002220 ) ;
#3184 = AXIS2_PLACEMENT_3D ( 'NONE', #2398, #4429, #5372 ) ;
#3185 = LINE ( 'NONE', #7358, #1787 ) ;
#3186 = FACE_OUTER_BOUND ( 'NONE', #10079, .T. ) ;
#3187 = DIRECTION ( 'NONE',  ( 0.000000000000000000, -1.000000000000000000, 0.000000000000000000 ) ) ;
#3188 = EDGE_CURVE ( 'NONE', #2518, #1678, #1850, .T. ) ;
#3189 = DIRECTION ( 'NONE',  ( 0.000000000000000000, 0.000000000000000000, 1.000000000000000000 ) ) ;
#3190 = CARTESIAN_POINT ( 'NONE',  ( -4.500000000000000000, 51.75000000000000000, 10.09999999999999964 ) ) ;
#3191 = DIRECTION ( 'NONE',  ( -1.000000000000000000, 0.000000000000000000, 0.000000000000000000 ) ) ;
#3192 = ORIENTED_EDGE ( 'NONE', *, *, #11899, .F. ) ;
#3193 = VECTOR ( 'NONE', #6281, 1000.000000000000000 ) ;
#3194 = DIRECTION ( 'NONE',  ( -1.000000000000000000, 0.000000000000000000, 0.000000000000000000 ) ) ;
#3195 = EDGE_LOOP ( 'NONE', ( #7291, #165, #8716, #5211 ) ) ;
#3196 = ORIENTED_EDGE ( 'NONE', *, *, #8577, .F. ) ;
#3197 = VERTEX_POINT ( 'NONE', #9432 ) ;
#3198 = CARTESIAN_POINT ( 'NONE',  ( -47.25000000000000000, 50.75000000000000000, 10.09999999999999964 ) ) ;
#3199 = CARTESIAN_POINT ( 'NONE',  ( -35.75000000000000000, 2.750000000000000000, 1.600000000000000089 ) ) ;
#3200 = CARTESIAN_POINT ( 'NONE',  ( -11.95000000000000107, 1.750000000000000000, 10.09999999999999964 ) ) ;
#3201 = CARTESIAN_POINT ( 'NONE',  ( -58.50000000000000000, 32.25000000000000000, 12.34999999999999964 ) ) ;
#3202 = LINE ( 'NONE', #281, #5623 ) ;
#3203 = FACE_BOUND ( 'NONE', #10106, .T. ) ;
#3204 = CARTESIAN_POINT ( 'NONE',  ( -6.250000000000000000, 25.50000000000000000, 4.599999999999999645 ) ) ;
#3205 = PLANE ( 'NONE',  #11436 ) ;
#3206 = CARTESIAN_POINT ( 'NONE',  ( -17.00000000000000000, 51.75000000000000000, 10.09999999999999964 ) ) ;
#3207 = ORIENTED_EDGE ( 'NONE', *, *, #4013, .F. ) ;
#3208 = CARTESIAN_POINT ( 'NONE',  ( -47.25000000000000000, 49.00000000000000000, 4.599999999999999645 ) ) ;
#3209 = EDGE_LOOP ( 'NONE', ( #4944, #5916, #8843, #4631 ) ) ;
#3210 = CARTESIAN_POINT ( 'NONE',  ( -59.00000000000000000, 19.44999999999999929, 1.600000000000000089 ) ) ;
#3211 = ORIENTED_EDGE ( 'NONE', *, *, #830, .F. ) ;
#3212 = VERTEX_POINT ( 'NONE', #8437 ) ;
#3213 = DIRECTION ( 'NONE',  ( 0.000000000000000000, -0.4472135954999583718, 0.8944271909999157444 ) ) ;
#3214 = DIRECTION ( 'NONE',  ( 1.000000000000000000, 0.000000000000000000, 0.000000000000000000 ) ) ;
#3215 = VERTEX_POINT ( 'NONE', #10184 ) ;
#3216 = LINE ( 'NONE', #9875, #4379 ) ;
#3217 = LINE ( 'NONE', #3155, #2449 ) ;
#3218 = EDGE_CURVE ( 'NONE', #10404, #2271, #8379, .T. ) ;
#3219 = CARTESIAN_POINT ( 'NONE',  ( -37.25000000000000000, 1.750000000000000000, 1.600000000000000089 ) ) ;
#3220 = ORIENTED_EDGE ( 'NONE', *, *, #1434, .T. ) ;
#3221 = EDGE_CURVE ( 'NONE', #5149, #1647, #6512, .T. ) ;
#3222 = PLANE ( 'NONE',  #2552 ) ;
#3223 = ORIENTED_EDGE ( 'NONE', *, *, #8513, .F. ) ;
#3224 = CARTESIAN_POINT ( 'NONE',  ( -51.00000000000000000, 37.25000000000000000, 1.600000000000000089 ) ) ;
#3225 = CARTESIAN_POINT ( 'NONE',  ( -23.25000000000000000, 2.750000000000000000, 1.600000000000000089 ) ) ;
#3226 = AXIS2_PLACEMENT_3D ( 'NONE', #10798, #409, #2213 ) ;
#3227 = DIRECTION ( 'NONE',  ( 0.000000000000000000, 0.000000000000000000, -1.000000000000000000 ) ) ;
#3228 = FACE_OUTER_BOUND ( 'NONE', #1668, .T. ) ;
#3229 = FACE_OUTER_BOUND ( 'NONE', #6466, .T. ) ;
#3230 = EDGE_CURVE ( 'NONE', #5739, #5204, #11191, .T. ) ;
#3231 = FACE_OUTER_BOUND ( 'NONE', #7014, .T. ) ;
#3232 = VECTOR ( 'NONE', #5083, 1000.000000000000000 ) ;
#3233 = LINE ( 'NONE', #10839, #4331 ) ;
#3234 = ORIENTED_EDGE ( 'NONE', *, *, #1228, .T. ) ;
#3235 = ORIENTED_EDGE ( 'NONE', *, *, #5088, .T. ) ;
#3236 = LINE ( 'NONE', #320, #12123 ) ;
#3237 = EDGE_CURVE ( 'NONE', #9581, #4121, #12072, .T. ) ;
#3238 = VERTEX_POINT ( 'NONE', #11307 ) ;
#3239 = VERTEX_POINT ( 'NONE', #11123 ) ;
#3240 = DIRECTION ( 'NONE',  ( 1.000000000000000000, 0.000000000000000000, 0.000000000000000000 ) ) ;
#3241 = PLANE ( 'NONE',  #10562 ) ;
#3242 = AXIS2_PLACEMENT_3D ( 'NONE', #5814, #4937, #11435 ) ;
#3243 = CARTESIAN_POINT ( 'NONE',  ( -2.250000000000000000, 24.50000000000000000, 4.599999999999999645 ) ) ;
#3244 = CYLINDRICAL_SURFACE ( 'NONE', #5648, 0.2500000000000002220 ) ;
#3245 = CARTESIAN_POINT ( 'NONE',  ( -12.94999999999999929, 2.750000000000000000, 1.600000000000000089 ) ) ;
#3246 = EDGE_LOOP ( 'NONE', ( #11112, #4167, #3784, #6452 ) ) ;
#3247 = EDGE_CURVE ( 'NONE', #288, #9466, #7272, .T. ) ;
#3248 = VECTOR ( 'NONE', #11991, 1000.000000000000000 ) ;
#3249 = EDGE_CURVE ( 'NONE', #8067, #12259, #4510, .T. ) ;
#3250 = EDGE_LOOP ( 'NONE', ( #5852, #7002, #440, #1127 ) ) ;
#3251 = ORIENTED_EDGE ( 'NONE', *, *, #3830, .T. ) ;
#3252 = DIRECTION ( 'NONE',  ( -1.000000000000000000, 0.000000000000000000, 0.000000000000000000 ) ) ;
#3253 = DIRECTION ( 'NONE',  ( 0.000000000000000000, -1.000000000000000000, 0.000000000000000000 ) ) ;
#3254 = ORIENTED_EDGE ( 'NONE', *, *, #8327, .F. ) ;
#3255 = FACE_BOUND ( 'NONE', #6352, .T. ) ;
#3256 = CARTESIAN_POINT ( 'NONE',  ( -52.75000000000000000, 24.50000000000000000, 3.600000000000000089 ) ) ;
#3257 = EDGE_CURVE ( 'NONE', #7104, #1847, #1100, .T. ) ;
#3258 = DIRECTION ( 'NONE',  ( 0.000000000000000000, 0.000000000000000000, -1.000000000000000000 ) ) ;
#3259 = DIRECTION ( 'NONE',  ( 0.000000000000000000, 1.000000000000000000, 0.000000000000000000 ) ) ;
#3260 = CARTESIAN_POINT ( 'NONE',  ( -5.250000000000000000, 26.20000000000000284, 4.599999999999999645 ) ) ;
#3261 = VECTOR ( 'NONE', #8947, 1000.000000000000000 ) ;
#3262 = AXIS2_PLACEMENT_3D ( 'NONE', #230, #2097, #3889 ) ;
#3263 = CARTESIAN_POINT ( 'NONE',  ( -74.75000000000000000, 32.25000000000000000, 1.850000000000000089 ) ) ;
#3264 = VERTEX_POINT ( 'NONE', #10554 ) ;
#3265 = DIRECTION ( 'NONE',  ( 0.000000000000000000, 0.000000000000000000, 1.000000000000000000 ) ) ;
#3266 = ORIENTED_EDGE ( 'NONE', *, *, #5897, .T. ) ;
#3267 = EDGE_CURVE ( 'NONE', #63, #11213, #12213, .T. ) ;
#3268 = DIRECTION ( 'NONE',  ( 0.000000000000000000, 0.000000000000000000, 1.000000000000000000 ) ) ;
#3269 = EDGE_LOOP ( 'NONE', ( #1584, #5201, #7810, #9215 ) ) ;
#3270 = VECTOR ( 'NONE', #7316, 1000.000000000000000 ) ;
#3271 = ORIENTED_EDGE ( 'NONE', *, *, #3789, .F. ) ;
#3272 = DIRECTION ( 'NONE',  ( -0.000000000000000000, -1.000000000000000000, -0.000000000000000000 ) ) ;
#3273 = AXIS2_PLACEMENT_3D ( 'NONE', #3621, #11994, #2704 ) ;
#3274 = CARTESIAN_POINT ( 'NONE',  ( -37.25000000000000000, 51.75000000000000000, 10.09999999999999964 ) ) ;
#3275 = ORIENTED_EDGE ( 'NONE', *, *, #4968, .F. ) ;
#3276 = CARTESIAN_POINT ( 'NONE',  ( -29.75000000000000000, 51.75000000000000000, 10.09999999999999964 ) ) ;
#3277 = CARTESIAN_POINT ( 'NONE',  ( -61.00000000000000000, 8.000000000000000000, 10.97499999999999787 ) ) ;
#3278 = VECTOR ( 'NONE', #8469, 1000.000000000000000 ) ;
#3279 = CYLINDRICAL_SURFACE ( 'NONE', #525, 0.2500000000000000000 ) ;
#3280 = VECTOR ( 'NONE', #2494, 1000.000000000000000 ) ;
#3281 = EDGE_CURVE ( 'NONE', #258, #8976, #2901, .T. ) ;
#3282 = VERTEX_POINT ( 'NONE', #1163 ) ;
#3283 = ADVANCED_FACE ( 'NONE', ( #10426 ), #5692, .F. ) ;
#3284 = CARTESIAN_POINT ( 'NONE',  ( -52.04999999999999716, 44.94999999999999574, 10.59999999999999964 ) ) ;
#3285 = ORIENTED_EDGE ( 'NONE', *, *, #2537, .F. ) ;
#3286 = FACE_OUTER_BOUND ( 'NONE', #2626, .T. ) ;
#3287 = EDGE_CURVE ( 'NONE', #9636, #3507, #2839, .T. ) ;
#3288 = VERTEX_POINT ( 'NONE', #3887 ) ;
#3289 = CARTESIAN_POINT ( 'NONE',  ( -47.95000000000000284, 0.000000000000000000, 4.599999999999999645 ) ) ;
#3290 = VECTOR ( 'NONE', #637, 1000.000000000000000 ) ;
#3291 = VECTOR ( 'NONE', #11496, 1000.000000000000000 ) ;
#3292 = CARTESIAN_POINT ( 'NONE',  ( -45.25000000000000000, 28.25000000000000000, 1.600000000000000089 ) ) ;
#3293 = FACE_OUTER_BOUND ( 'NONE', #7132, .T. ) ;
#3294 = EDGE_CURVE ( 'NONE', #9119, #909, #7571, .T. ) ;
#3295 = DIRECTION ( 'NONE',  ( 1.000000000000000000, 0.000000000000000000, 0.000000000000000000 ) ) ;
#3296 = DIRECTION ( 'NONE',  ( 0.000000000000000000, 0.000000000000000000, -1.000000000000000000 ) ) ;
#3297 = LINE ( 'NONE', #7102, #3530 ) ;
#3298 = VERTEX_POINT ( 'NONE', #1963 ) ;
#3299 = ORIENTED_EDGE ( 'NONE', *, *, #4036, .T. ) ;
#3300 = EDGE_CURVE ( 'NONE', #5605, #11250, #6881, .T. ) ;
#3301 = ORIENTED_EDGE ( 'NONE', *, *, #1771, .F. ) ;
#3302 = DIRECTION ( 'NONE',  ( -1.000000000000000000, 0.000000000000000000, 0.000000000000000000 ) ) ;
#3303 = LINE ( 'NONE', #10209, #10337 ) ;
#3304 = CARTESIAN_POINT ( 'NONE',  ( -66.02571260525608920, 33.70000000000000284, 9.629256333890580777 ) ) ;
#3305 = EDGE_CURVE ( 'NONE', #2115, #10607, #918, .T. ) ;
#3306 = CARTESIAN_POINT ( 'NONE',  ( -75.00000000000000000, 32.25000000000000000, 12.34999999999999964 ) ) ;
#3307 = DIRECTION ( 'NONE',  ( -1.000000000000000000, 0.000000000000000000, 0.000000000000000000 ) ) ;
#3308 = LINE ( 'NONE', #10215, #4275 ) ;
#3309 = EDGE_CURVE ( 'NONE', #2906, #8098, #9489, .T. ) ;
#3310 = FACE_OUTER_BOUND ( 'NONE', #10979, .T. ) ;
#3311 = EDGE_CURVE ( 'NONE', #515, #2560, #9615, .T. ) ;
#3312 = VERTEX_POINT ( 'NONE', #8687 ) ;
#3313 = VERTEX_POINT ( 'NONE', #159 ) ;
#3314 = ORIENTED_EDGE ( 'NONE', *, *, #10522, .F. ) ;
#3315 = LINE ( 'NONE', #4368, #1203 ) ;
#3316 = DIRECTION ( 'NONE',  ( 1.224646799147353207E-16, 1.000000000000000000, -0.000000000000000000 ) ) ;
#3317 = VERTEX_POINT ( 'NONE', #7689 ) ;
#3318 = FACE_OUTER_BOUND ( 'NONE', #7528, .T. ) ;
#3319 = CARTESIAN_POINT ( 'NONE',  ( -66.25000000000000000, 33.87677669529664826, 9.623223304703369507 ) ) ;
#3320 = DIRECTION ( 'NONE',  ( 1.000000000000000000, 0.000000000000000000, 0.000000000000000000 ) ) ;
#3321 = CARTESIAN_POINT ( 'NONE',  ( -3.750000000000000000, 11.50000000000000000, 1.600000000000000089 ) ) ;
#3322 = PLANE ( 'NONE',  #8232 ) ;
#3323 = ADVANCED_FACE ( 'NONE', ( #3938 ), #9674, .F. ) ;
#3324 = EDGE_CURVE ( 'NONE', #3550, #8729, #11492, .T. ) ;
#3325 = DIRECTION ( 'NONE',  ( -1.000000000000000000, 0.000000000000000000, 0.000000000000000000 ) ) ;
#3326 = VERTEX_POINT ( 'NONE', #2149 ) ;
#3327 = LINE ( 'NONE', #9001, #11050 ) ;
#3328 = ORIENTED_EDGE ( 'NONE', *, *, #4912, .T. ) ;
#3329 = ADVANCED_FACE ( 'NONE', ( #2093 ), #4751, .F. ) ;
#3330 = LINE ( 'NONE', #7082, #5721 ) ;
#3331 = VERTEX_POINT ( 'NONE', #8741 ) ;
#3332 = ORIENTED_EDGE ( 'NONE', *, *, #6805, .T. ) ;
#3333 = PLANE ( 'NONE',  #11933 ) ;
#3334 = FACE_OUTER_BOUND ( 'NONE', #9981, .T. ) ;
#3335 = CIRCLE ( 'NONE', #1941, 1.750000000000000000 ) ;
#3336 = VERTEX_POINT ( 'NONE', #5882 ) ;
#3337 = CARTESIAN_POINT ( 'NONE',  ( -8.000000000000000000, 51.75000000000000000, 1.600000000000000089 ) ) ;
#3338 = DIRECTION ( 'NONE',  ( 0.000000000000000000, 0.000000000000000000, -1.000000000000000000 ) ) ;
#3339 = ORIENTED_EDGE ( 'NONE', *, *, #2726, .T. ) ;
#3340 = EDGE_CURVE ( 'NONE', #4458, #10161, #4003, .T. ) ;
#3341 = DIRECTION ( 'NONE',  ( 0.000000000000000000, 0.7071067811865470176, -0.7071067811865480168 ) ) ;
#3342 = AXIS2_PLACEMENT_3D ( 'NONE', #5592, #122, #876 ) ;
#3343 = ORIENTED_EDGE ( 'NONE', *, *, #5240, .F. ) ;
#3344 = CARTESIAN_POINT ( 'NONE',  ( -33.75000000000000000, 50.75000000000000000, 10.09999999999999964 ) ) ;
#3345 = CARTESIAN_POINT ( 'NONE',  ( -2.200000000000000178, 0.000000000000000000, 4.599999999999999645 ) ) ;
#3346 = FACE_BOUND ( 'NONE', #4653, .T. ) ;
#3347 = DIRECTION ( 'NONE',  ( 1.000000000000000000, 0.000000000000000000, 0.000000000000000000 ) ) ;
#3348 = CARTESIAN_POINT ( 'NONE',  ( -3.250000000000000000, 50.00000000000000000, 10.09999999999999964 ) ) ;
#3349 = EDGE_CURVE ( 'NONE', #7119, #3282, #3758, .T. ) ;
#3350 = CARTESIAN_POINT ( 'NONE',  ( -75.00000000000000000, 41.00000000000000000, 5.549999999999999822 ) ) ;
#3351 = LINE ( 'NONE', #7410, #1690 ) ;
#3352 = AXIS2_PLACEMENT_3D ( 'NONE', #779, #838, #12235 ) ;
#3353 = DIRECTION ( 'NONE',  ( -0.7071067811865500152, 0.7071067811865450192, 0.000000000000000000 ) ) ;
#3354 = AXIS2_PLACEMENT_3D ( 'NONE', #1073, #8534, #2999 ) ;
#3355 = FACE_OUTER_BOUND ( 'NONE', #8128, .T. ) ;
#3356 = VERTEX_POINT ( 'NONE', #3137 ) ;
#3357 = ORIENTED_EDGE ( 'NONE', *, *, #6382, .T. ) ;
#3358 = VERTEX_POINT ( 'NONE', #10802 ) ;
#3359 = VECTOR ( 'NONE', #8091, 1000.000000000000000 ) ;
#3360 = FACE_OUTER_BOUND ( 'NONE', #9423, .T. ) ;
#3361 = DIRECTION ( 'NONE',  ( 0.000000000000000000, 0.000000000000000000, -1.000000000000000000 ) ) ;
#3362 = CARTESIAN_POINT ( 'NONE',  ( -66.00000000000000000, 41.00000000000000000, 5.549999999999999822 ) ) ;
#3363 = AXIS2_PLACEMENT_3D ( 'NONE', #9249, #10056, #1606 ) ;
#3364 = CARTESIAN_POINT ( 'NONE',  ( -8.149999999999998579, 1.750000000000000000, 1.600000000000000089 ) ) ;
#3365 = EDGE_CURVE ( 'NONE', #1839, #6009, #5195, .T. ) ;
#3366 = DIRECTION ( 'NONE',  ( 0.000000000000000000, 0.000000000000000000, 1.000000000000000000 ) ) ;
#3367 = VECTOR ( 'NONE', #7933, 1000.000000000000000 ) ;
#3368 = LINE ( 'NONE', #7187, #4705 ) ;
#3369 = ORIENTED_EDGE ( 'NONE', *, *, #870, .T. ) ;
#3370 = EDGE_CURVE ( 'NONE', #11805, #4797, #4311, .T. ) ;
#3371 = AXIS2_PLACEMENT_3D ( 'NONE', #10957, #8719, #1143 ) ;
#3372 = ORIENTED_EDGE ( 'NONE', *, *, #8104, .T. ) ;
#3373 = VERTEX_POINT ( 'NONE', #2219 ) ;
#3374 = FACE_OUTER_BOUND ( 'NONE', #1042, .T. ) ;
#3375 = DIRECTION ( 'NONE',  ( 0.000000000000000000, 1.000000000000000000, 0.000000000000000000 ) ) ;
#3376 = ORIENTED_EDGE ( 'NONE', *, *, #8967, .T. ) ;
#3377 = CARTESIAN_POINT ( 'NONE',  ( -71.00000000000000000, 8.000000000000000000, 7.849999999999999645 ) ) ;
#3378 = DIRECTION ( 'NONE',  ( 0.000000000000000000, 0.000000000000000000, -1.000000000000000000 ) ) ;
#3379 = CARTESIAN_POINT ( 'NONE',  ( -34.75000000000000000, 2.750000000000000000, 1.600000000000000089 ) ) ;
#3380 = VECTOR ( 'NONE', #8402, 1000.000000000000000 ) ;
#3381 = DIRECTION ( 'NONE',  ( 0.000000000000000000, -1.000000000000000000, 0.000000000000000000 ) ) ;
#3382 = TOROIDAL_SURFACE ( 'NONE', #1212, 2.750000000000000000, 0.5000000000000000000 ) ;
#3383 = VECTOR ( 'NONE', #3154, 1000.000000000000000 ) ;
#3384 = CARTESIAN_POINT ( 'NONE',  ( -7.000000000000000000, 50.75000000000000000, 10.09999999999999964 ) ) ;
#3385 = ORIENTED_EDGE ( 'NONE', *, *, #7885, .F. ) ;
#3386 = CARTESIAN_POINT ( 'NONE',  ( -2.200000000000000178, 31.00000000000000000, 10.59999999999999964 ) ) ;
#3387 = EDGE_LOOP ( 'NONE', ( #5081, #2654, #5581, #1413 ) ) ;
#3388 = FACE_OUTER_BOUND ( 'NONE', #4771, .T. ) ;
#3389 = CIRCLE ( 'NONE', #1222, 3.125000000000000000 ) ;
#3390 = VERTEX_POINT ( 'NONE', #11870 ) ;
#3391 = EDGE_LOOP ( 'NONE', ( #5617, #5023, #8691, #11772 ) ) ;
#3392 = CARTESIAN_POINT ( 'NONE',  ( -44.75000000000000000, 50.75000000000000000, 10.09999999999999964 ) ) ;
#3393 = FACE_OUTER_BOUND ( 'NONE', #664, .T. ) ;
#3394 = VECTOR ( 'NONE', #4434, 1000.000000000000000 ) ;
#3395 = ORIENTED_EDGE ( 'NONE', *, *, #4092, .F. ) ;
#3396 = CARTESIAN_POINT ( 'NONE',  ( -66.25000000000000000, 42.54999999999999716, 9.799999999999998934 ) ) ;
#3397 = CARTESIAN_POINT ( 'NONE',  ( -68.50000000000000000, 32.00000000000000000, 1.600000000000000089 ) ) ;
#3398 = CARTESIAN_POINT ( 'NONE',  ( -1.250000000000000000, 25.50000000000000000, 4.599999999999999645 ) ) ;
#3399 = EDGE_CURVE ( 'NONE', #10441, #5635, #9986, .T. ) ;
#3400 = CARTESIAN_POINT ( 'NONE',  ( -15.35000000000000142, 1.750000000000000000, 1.600000000000000089 ) ) ;
#3401 = VERTEX_POINT ( 'NONE', #7008 ) ;
#3402 = LINE ( 'NONE', #2544, #2958 ) ;
#3403 = DIRECTION ( 'NONE',  ( 1.000000000000000000, 0.000000000000000000, 0.000000000000000000 ) ) ;
#3404 = EDGE_CURVE ( 'NONE', #1693, #3660, #537, .T. ) ;
#3405 = LINE ( 'NONE', #11013, #8952 ) ;
#3406 = DIRECTION ( 'NONE',  ( 1.000000000000000000, 0.000000000000000000, 0.000000000000000000 ) ) ;
#3407 = CARTESIAN_POINT ( 'NONE',  ( -10.50000000000000000, 50.75000000000000000, 10.09999999999999964 ) ) ;
#3408 = LINE ( 'NONE', #6220, #417 ) ;
#3409 = PLANE ( 'NONE',  #6079 ) ;
#3410 = CARTESIAN_POINT ( 'NONE',  ( -51.00000000000000000, 52.50000000000000000, 10.09999999999999964 ) ) ;
#3411 = ORIENTED_EDGE ( 'NONE', *, *, #7418, .F. ) ;
#3412 = DIRECTION ( 'NONE',  ( -1.000000000000000000, 0.000000000000000000, 0.000000000000000000 ) ) ;
#3413 = VERTEX_POINT ( 'NONE', #9736 ) ;
#3414 = EDGE_LOOP ( 'NONE', ( #5043, #11470, #10620, #6416 ) ) ;
#3415 = VECTOR ( 'NONE', #11398, 1000.000000000000000 ) ;
#3416 = ORIENTED_EDGE ( 'NONE', *, *, #10258, .F. ) ;
#3417 = EDGE_LOOP ( 'NONE', ( #465, #9092, #11121, #7681 ) ) ;
#3418 = DIRECTION ( 'NONE',  ( 0.000000000000000000, 0.000000000000000000, 1.000000000000000000 ) ) ;
#3419 = DIRECTION ( 'NONE',  ( 0.000000000000000000, 0.000000000000000000, 1.000000000000000000 ) ) ;
#3420 = DIRECTION ( 'NONE',  ( -1.000000000000000000, 0.000000000000000000, 0.000000000000000000 ) ) ;
#3421 = CARTESIAN_POINT ( 'NONE',  ( -54.50000000000000000, 26.00000000000000000, 3.600000000000000089 ) ) ;
#3422 = CARTESIAN_POINT ( 'NONE',  ( -27.25000000000000000, 2.750000000000000000, 10.09999999999999964 ) ) ;
#3423 = VECTOR ( 'NONE', #6837, 1000.000000000000000 ) ;
#3424 = CARTESIAN_POINT ( 'NONE',  ( -14.34999999999999964, 1.750000000000000000, 10.09999999999999964 ) ) ;
#3425 = PLANE ( 'NONE',  #10293 ) ;
#3426 = ADVANCED_FACE ( 'NONE', ( #4125 ), #8119, .T. ) ;
#3427 = ORIENTED_EDGE ( 'NONE', *, *, #8389, .F. ) ;
#3428 = EDGE_CURVE ( 'NONE', #9153, #9913, #6001, .T. ) ;
#3429 = ORIENTED_EDGE ( 'NONE', *, *, #7181, .T. ) ;
#3430 = ORIENTED_EDGE ( 'NONE', *, *, #7509, .F. ) ;
#3431 = PLANE ( 'NONE',  #3184 ) ;
#3432 = LINE ( 'NONE', #6308, #11389 ) ;
#3433 = AXIS2_PLACEMENT_3D ( 'NONE', #2961, #8562, #12307 ) ;
#3434 = EDGE_CURVE ( 'NONE', #9005, #571, #10605, .T. ) ;
#3435 = ORIENTED_EDGE ( 'NONE', *, *, #7173, .T. ) ;
#3436 = LINE ( 'NONE', #2519, #3979 ) ;
#3437 = DIRECTION ( 'NONE',  ( -0.000000000000000000, -0.000000000000000000, 1.000000000000000000 ) ) ;
#3438 = CARTESIAN_POINT ( 'NONE',  ( -2.500000000000000000, 36.00000000000000000, 1.600000000000000089 ) ) ;
#3439 = DIRECTION ( 'NONE',  ( 0.000000000000000000, 0.000000000000000000, -1.000000000000000000 ) ) ;
#3440 = ADVANCED_FACE ( 'NONE', ( #1408 ), #8059, .F. ) ;
#3441 = CARTESIAN_POINT ( 'NONE',  ( -5.500000000000000000, 50.75000000000000000, 10.09999999999999964 ) ) ;
#3442 = AXIS2_PLACEMENT_3D ( 'NONE', #7297, #4420, #3420 ) ;
#3443 = ORIENTED_EDGE ( 'NONE', *, *, #6419, .F. ) ;
#3444 = LINE ( 'NONE', #8309, #3488 ) ;
#3445 = ORIENTED_EDGE ( 'NONE', *, *, #425, .T. ) ;
#3446 = CARTESIAN_POINT ( 'NONE',  ( -2.200000000000000178, 26.20000000000000284, 4.599999999999999645 ) ) ;
#3447 = EDGE_LOOP ( 'NONE', ( #2320, #5062, #8912, #6089 ) ) ;
#3448 = ORIENTED_EDGE ( 'NONE', *, *, #4503, .T. ) ;
#3449 = DIRECTION ( 'NONE',  ( 0.000000000000000000, -1.000000000000000000, 0.000000000000000000 ) ) ;
#3450 = DIRECTION ( 'NONE',  ( 0.000000000000000000, -1.000000000000000000, 0.000000000000000000 ) ) ;
#3451 = ORIENTED_EDGE ( 'NONE', *, *, #11639, .F. ) ;
#3452 = LINE ( 'NONE', #7397, #6367 ) ;
#3453 = DIRECTION ( 'NONE',  ( 0.000000000000000000, 0.000000000000000000, -1.000000000000000000 ) ) ;
#3454 = VECTOR ( 'NONE', #4818, 1000.000000000000000 ) ;
#3455 = DIRECTION ( 'NONE',  ( 0.000000000000000000, -1.000000000000000000, 0.000000000000000000 ) ) ;
#3456 = CARTESIAN_POINT ( 'NONE',  ( -4.549999999999999822, 27.90000000000000213, 10.59999999999999964 ) ) ;
#3457 = VECTOR ( 'NONE', #11625, 1000.000000000000000 ) ;
#3458 = ORIENTED_EDGE ( 'NONE', *, *, #3287, .T. ) ;
#3459 = AXIS2_PLACEMENT_3D ( 'NONE', #8106, #7182, #7054 ) ;
#3460 = EDGE_CURVE ( 'NONE', #887, #6862, #11926, .T. ) ;
#3461 = DIRECTION ( 'NONE',  ( -0.7071067811865470176, -0.7071067811865480168, 0.000000000000000000 ) ) ;
#3462 = CARTESIAN_POINT ( 'NONE',  ( -2.500000000000000000, 7.500000000000000000, 1.600000000000000089 ) ) ;
#3463 = LINE ( 'NONE', #2547, #9952 ) ;
#3464 = DIRECTION ( 'NONE',  ( 0.000000000000000000, -1.000000000000000000, 0.000000000000000000 ) ) ;
#3465 = LINE ( 'NONE', #10135, #6956 ) ;
#3466 = DIRECTION ( 'NONE',  ( 0.000000000000000000, 0.000000000000000000, -1.000000000000000000 ) ) ;
#3467 = VECTOR ( 'NONE', #6924, 1000.000000000000000 ) ;
#3468 = VECTOR ( 'NONE', #9086, 1000.000000000000000 ) ;
#3469 = PLANE ( 'NONE',  #2493 ) ;
#3470 = EDGE_CURVE ( 'NONE', #5826, #3336, #5064, .T. ) ;
#3471 = ADVANCED_FACE ( 'NONE', ( #2278 ), #11814, .F. ) ;
#3472 = EDGE_CURVE ( 'NONE', #8082, #2071, #6065, .T. ) ;
#3473 = CARTESIAN_POINT ( 'NONE',  ( -36.25000000000000000, 51.75000000000000000, 10.09999999999999964 ) ) ;
#3474 = ORIENTED_EDGE ( 'NONE', *, *, #3055, .F. ) ;
#3475 = DIRECTION ( 'NONE',  ( -1.000000000000000000, 0.000000000000000000, 0.000000000000000000 ) ) ;
#3476 = VERTEX_POINT ( 'NONE', #2461 ) ;
#3477 = ORIENTED_EDGE ( 'NONE', *, *, #8513, .T. ) ;
#3478 = VECTOR ( 'NONE', #1482, 1000.000000000000000 ) ;
#3479 = VECTOR ( 'NONE', #994, 1000.000000000000000 ) ;
#3480 = EDGE_CURVE ( 'NONE', #5462, #3125, #2402, .T. ) ;
#3481 = EDGE_LOOP ( 'NONE', ( #5004, #2594, #6507, #1485 ) ) ;
#3482 = VERTEX_POINT ( 'NONE', #11741 ) ;
#3483 = LINE ( 'NONE', #5596, #2183 ) ;
#3484 = CARTESIAN_POINT ( 'NONE',  ( -19.00000000000000000, 1.000000000000000000, 1.600000000000000089 ) ) ;
#3485 = DIRECTION ( 'NONE',  ( 0.000000000000000000, 1.000000000000000000, 0.000000000000000000 ) ) ;
#3486 = DIRECTION ( 'NONE',  ( 0.000000000000000000, 0.000000000000000000, -1.000000000000000000 ) ) ;
#3487 = CARTESIAN_POINT ( 'NONE',  ( 0.000000000000000000, 0.000000000000000000, 12.59999999999999964 ) ) ;
#3488 = VECTOR ( 'NONE', #1541, 1000.000000000000000 ) ;
#3489 = ADVANCED_FACE ( 'NONE', ( #2337 ), #9861, .F. ) ;
#3490 = PLANE ( 'NONE',  #11640 ) ;
#3491 = CARTESIAN_POINT ( 'NONE',  ( -35.75000000000000000, 2.750000000000000000, 10.09999999999999964 ) ) ;
#3492 = ORIENTED_EDGE ( 'NONE', *, *, #2407, .T. ) ;
#3493 = ORIENTED_EDGE ( 'NONE', *, *, #11320, .T. ) ;
#3494 = ORIENTED_EDGE ( 'NONE', *, *, #2497, .F. ) ;
#3495 = DIRECTION ( 'NONE',  ( 0.000000000000000000, 1.000000000000000000, 0.000000000000000000 ) ) ;
#3496 = DIRECTION ( 'NONE',  ( 0.000000000000000000, 0.000000000000000000, 1.000000000000000000 ) ) ;
#3497 = DIRECTION ( 'NONE',  ( 0.000000000000000000, 0.000000000000000000, -1.000000000000000000 ) ) ;
#3498 = DIRECTION ( 'NONE',  ( 0.000000000000000000, -1.000000000000000000, 0.000000000000000000 ) ) ;
#3499 = CARTESIAN_POINT ( 'NONE',  ( -41.25000000000000000, 50.75000000000000000, 10.09999999999999964 ) ) ;
#3500 = DIRECTION ( 'NONE',  ( 0.000000000000000000, -1.000000000000000000, 0.000000000000000000 ) ) ;
#3501 = DIRECTION ( 'NONE',  ( 1.000000000000000000, 0.000000000000000000, 0.000000000000000000 ) ) ;
#3502 = ORIENTED_EDGE ( 'NONE', *, *, #5106, .T. ) ;
#3503 = EDGE_CURVE ( 'NONE', #7427, #9048, #3202, .T. ) ;
#3504 = CARTESIAN_POINT ( 'NONE',  ( -68.50000000000000000, 53.50000000000000000, 1.600000000000000089 ) ) ;
#3505 = EDGE_LOOP ( 'NONE', ( #2949, #1554, #10956, #8950 ) ) ;
#3506 = DIRECTION ( 'NONE',  ( 0.000000000000000000, 0.000000000000000000, -1.000000000000000000 ) ) ;
#3507 = VERTEX_POINT ( 'NONE', #11679 ) ;
#3508 = ORIENTED_EDGE ( 'NONE', *, *, #70, .T. ) ;
#3509 = VERTEX_POINT ( 'NONE', #1345 ) ;
#3510 = DIRECTION ( 'NONE',  ( 0.000000000000000000, 1.000000000000000000, 0.000000000000000000 ) ) ;
#3511 = DIRECTION ( 'NONE',  ( -0.000000000000000000, -0.7071067811865480168, -0.7071067811865470176 ) ) ;
#3512 = ORIENTED_EDGE ( 'NONE', *, *, #4348, .T. ) ;
#3513 = CARTESIAN_POINT ( 'NONE',  ( -66.00000000000000000, 0.000000000000000000, 0.000000000000000000 ) ) ;
#3514 = DIRECTION ( 'NONE',  ( 0.000000000000000000, 0.000000000000000000, -1.000000000000000000 ) ) ;
#3515 = DIRECTION ( 'NONE',  ( 0.000000000000000000, 0.000000000000000000, 1.000000000000000000 ) ) ;
#3516 = DIRECTION ( 'NONE',  ( 0.000000000000000000, 0.000000000000000000, -1.000000000000000000 ) ) ;
#3517 = EDGE_CURVE ( 'NONE', #818, #731, #11406, .T. ) ;
#3518 = ORIENTED_EDGE ( 'NONE', *, *, #1533, .T. ) ;
#3520 = VECTOR ( 'NONE', #2141, 1000.000000000000000 ) ;
#3519 = CARTESIAN_POINT ( 'NONE',  ( -69.00000000000000000, 8.000000000000000000, 7.849999999999999645 ) ) ;
#3521 = PLANE ( 'NONE',  #11143 ) ;
#3522 = EDGE_CURVE ( 'NONE', #11612, #2542, #1716, .T. ) ;
#3523 = VERTEX_POINT ( 'NONE', #1536 ) ;
#3524 = CARTESIAN_POINT ( 'NONE',  ( -17.00000000000000000, 50.75000000000000000, 1.600000000000000089 ) ) ;
#3525 = DIRECTION ( 'NONE',  ( 0.000000000000000000, 0.000000000000000000, 1.000000000000000000 ) ) ;
#3526 = DIRECTION ( 'NONE',  ( 1.000000000000000000, 0.000000000000000000, 0.000000000000000000 ) ) ;
#3527 = DIRECTION ( 'NONE',  ( 1.000000000000000000, 0.000000000000000000, 0.000000000000000000 ) ) ;
#3528 = ADVANCED_FACE ( 'NONE', ( #2520 ), #7434, .T. ) ;
#3529 = LINE ( 'NONE', #8274, #7081 ) ;
#3530 = VECTOR ( 'NONE', #3050, 1000.000000000000000 ) ;
#3531 = CARTESIAN_POINT ( 'NONE',  ( -47.25000000000000000, 44.00000000000000000, 4.599999999999999645 ) ) ;
#3532 = ORIENTED_EDGE ( 'NONE', *, *, #6499, .T. ) ;
#3533 = DIRECTION ( 'NONE',  ( 0.000000000000000000, 0.000000000000000000, 1.000000000000000000 ) ) ;
#3534 = ORIENTED_EDGE ( 'NONE', *, *, #3111, .F. ) ;
#3535 = EDGE_LOOP ( 'NONE', ( #12287, #5428, #11285, #334 ) ) ;
#3536 = AXIS2_PLACEMENT_3D ( 'NONE', #6581, #10255, #10376 ) ;
#3537 = ORIENTED_EDGE ( 'NONE', *, *, #2887, .F. ) ;
#3538 = CARTESIAN_POINT ( 'NONE',  ( -12.00000000000000000, 50.75000000000000000, 10.09999999999999964 ) ) ;
#3539 = EDGE_CURVE ( 'NONE', #589, #11568, #1068, .T. ) ;
#3540 = DIRECTION ( 'NONE',  ( 0.000000000000000000, 0.000000000000000000, 1.000000000000000000 ) ) ;
#3541 = CARTESIAN_POINT ( 'NONE',  ( -28.25000000000000000, 2.750000000000000000, 10.09999999999999964 ) ) ;
#3542 = DIRECTION ( 'NONE',  ( 0.000000000000000000, 0.000000000000000000, 1.000000000000000000 ) ) ;
#3543 = CYLINDRICAL_SURFACE ( 'NONE', #3671, 0.2500000000000002220 ) ;
#3544 = ADVANCED_FACE ( 'NONE', ( #10044 ), #723, .T. ) ;
#3545 = VECTOR ( 'NONE', #4851, 1000.000000000000000 ) ;
#3546 = LINE ( 'NONE', #7301, #5467 ) ;
#3547 = CARTESIAN_POINT ( 'NONE',  ( -56.50000000000000000, 19.44999999999999929, 1.600000000000000089 ) ) ;
#3548 = ORIENTED_EDGE ( 'NONE', *, *, #10504, .T. ) ;
#3549 = CIRCLE ( 'NONE', #4548, 1.750000000000001554 ) ;
#3550 = VERTEX_POINT ( 'NONE', #6312 ) ;
#3551 = ORIENTED_EDGE ( 'NONE', *, *, #4933, .F. ) ;
#3552 = DIRECTION ( 'NONE',  ( 0.000000000000000000, 1.000000000000000000, 0.000000000000000000 ) ) ;
#3553 = DIRECTION ( 'NONE',  ( 0.000000000000000000, 1.000000000000000000, 0.000000000000000000 ) ) ;
#3554 = ADVANCED_FACE ( 'NONE', ( #6249 ), #479, .T. ) ;
#3555 = CIRCLE ( 'NONE', #5551, 2.250000000000001776 ) ;
#3556 = CARTESIAN_POINT ( 'NONE',  ( 0.000000000000000000, 0.000000000000000000, 10.59999999999999964 ) ) ;
#3557 = CARTESIAN_POINT ( 'NONE',  ( -52.75000000000000000, 26.00000000000000000, 2.100000000000000089 ) ) ;
#3558 = DIRECTION ( 'NONE',  ( 0.000000000000000000, 0.000000000000000000, -1.000000000000000000 ) ) ;
#3559 = CARTESIAN_POINT ( 'NONE',  ( -66.25000000000000000, 42.54999999999999716, 3.550000000000000266 ) ) ;
#3560 = FACE_OUTER_BOUND ( 'NONE', #4084, .T. ) ;
#3561 = VECTOR ( 'NONE', #1409, 1000.000000000000000 ) ;
#3562 = CARTESIAN_POINT ( 'NONE',  ( -56.50000000000000000, 17.89999999999999858, 2.600000000000000089 ) ) ;
#3563 = AXIS2_PLACEMENT_3D ( 'NONE', #5108, #7796, #9844 ) ;
#3564 = ORIENTED_EDGE ( 'NONE', *, *, #2859, .F. ) ;
#3565 = CIRCLE ( 'NONE', #9148, 0.5000000000000004441 ) ;
#3566 = DIRECTION ( 'NONE',  ( 0.000000000000000000, 0.000000000000000000, -1.000000000000000000 ) ) ;
#3567 = EDGE_LOOP ( 'NONE', ( #5894, #2266, #4427, #6016 ) ) ;
#3568 = ORIENTED_EDGE ( 'NONE', *, *, #9571, .F. ) ;
#3569 = EDGE_LOOP ( 'NONE', ( #8791, #6071, #7511, #7515 ) ) ;
#3570 = DIRECTION ( 'NONE',  ( 0.000000000000000000, 0.000000000000000000, -1.000000000000000000 ) ) ;
#3571 = LINE ( 'NONE', #11551, #10551 ) ;
#3572 = AXIS2_PLACEMENT_3D ( 'NONE', #5599, #1641, #1821 ) ;
#3573 = ORIENTED_EDGE ( 'NONE', *, *, #11953, .T. ) ;
#3574 = DIRECTION ( 'NONE',  ( 1.000000000000000000, 0.000000000000000000, 0.000000000000000000 ) ) ;
#3575 = CARTESIAN_POINT ( 'NONE',  ( -66.25000000000000000, 33.70000000000000284, 9.799999999999998934 ) ) ;
#3576 = AXIS2_PLACEMENT_3D ( 'NONE', #1688, #4938, #2840 ) ;
#3577 = AXIS2_PLACEMENT_3D ( 'NONE', #3513, #3636, #10247 ) ;
#3578 = DIRECTION ( 'NONE',  ( 0.000000000000000000, 0.000000000000000000, 1.000000000000000000 ) ) ;
#3579 = CYLINDRICAL_SURFACE ( 'NONE', #2502, 0.2500000000000000000 ) ;
#3580 = TOROIDAL_SURFACE ( 'NONE', #9164, 0.5000000000000000000, 0.2500000000000000000 ) ;
#3581 = VERTEX_POINT ( 'NONE', #3499 ) ;
#3582 = VECTOR ( 'NONE', #4632, 1000.000000000000000 ) ;
#3583 = LINE ( 'NONE', #7403, #4532 ) ;
#3584 = VERTEX_POINT ( 'NONE', #1653 ) ;
#3585 = VERTEX_POINT ( 'NONE', #9234 ) ;
#3586 = CARTESIAN_POINT ( 'NONE',  ( 0.000000000000000000, 30.30000000000000071, 4.599999999999999645 ) ) ;
#3587 = DIRECTION ( 'NONE',  ( -0.000000000000000000, -0.7071067811865475727, 0.7071067811865475727 ) ) ;
#3588 = ADVANCED_FACE ( 'NONE', ( #12054 ), #1766, .T. ) ;
#3589 = DIRECTION ( 'NONE',  ( 0.000000000000000000, 0.000000000000000000, -1.000000000000000000 ) ) ;
#3590 = DIRECTION ( 'NONE',  ( -0.000000000000000000, -0.000000000000000000, 1.000000000000000000 ) ) ;
#3591 = VECTOR ( 'NONE', #1456, 1000.000000000000000 ) ;
#3592 = PLANE ( 'NONE',  #901 ) ;
#3593 = ADVANCED_FACE ( 'NONE', ( #596 ), #8300, .F. ) ;
#3594 = CARTESIAN_POINT ( 'NONE',  ( -5.250000000000000000, 32.00000000000000000, 4.599999999999999645 ) ) ;
#3595 = ORIENTED_EDGE ( 'NONE', *, *, #9471, .F. ) ;
#3596 = CYLINDRICAL_SURFACE ( 'NONE', #1368, 0.2500000000000002220 ) ;
#3597 = ORIENTED_EDGE ( 'NONE', *, *, #3404, .T. ) ;
#3598 = ORIENTED_EDGE ( 'NONE', *, *, #6033, .F. ) ;
#3599 = EDGE_LOOP ( 'NONE', ( #9387, #5839, #2846, #11609 ) ) ;
#3600 = LINE ( 'NONE', #12273, #8146 ) ;
#3601 = FACE_OUTER_BOUND ( 'NONE', #11426, .T. ) ;
#3602 = CARTESIAN_POINT ( 'NONE',  ( -66.25000000000000000, 33.95000000000000284, 3.299999999999999822 ) ) ;
#3603 = PLANE ( 'NONE',  #3180 ) ;
#3604 = FACE_OUTER_BOUND ( 'NONE', #12048, .T. ) ;
#3605 = EDGE_CURVE ( 'NONE', #10453, #7470, #3682, .T. ) ;
#3606 = VERTEX_POINT ( 'NONE', #12113 ) ;
#3607 = CARTESIAN_POINT ( 'NONE',  ( -52.75000000000000000, 24.00000000000000000, 1.850000000000000089 ) ) ;
#3608 = COLOUR_RGB ( '',0.7921568627450980005, 0.8196078431372548767, 0.9333333333333333481 ) ;
#3609 = EDGE_CURVE ( 'NONE', #3613, #847, #4435, .T. ) ;
#3610 = CARTESIAN_POINT ( 'NONE',  ( 0.000000000000000000, 0.000000000000000000, 10.59999999999999964 ) ) ;
#3611 = ORIENTED_EDGE ( 'NONE', *, *, #2887, .T. ) ;
#3612 = ORIENTED_EDGE ( 'NONE', *, *, #10793, .F. ) ;
#3613 = VERTEX_POINT ( 'NONE', #2644 ) ;
#3614 = FACE_BOUND ( 'NONE', #2069, .T. ) ;
#3615 = CARTESIAN_POINT ( 'NONE',  ( -4.250000000000000000, 7.500000000000000000, 0.000000000000000000 ) ) ;
#3616 = CARTESIAN_POINT ( 'NONE',  ( -47.25000000000000000, 0.000000000000000000, 4.599999999999999645 ) ) ;
#3617 = DIRECTION ( 'NONE',  ( 0.000000000000000000, 0.000000000000000000, -1.000000000000000000 ) ) ;
#3618 = ADVANCED_FACE ( 'NONE', ( #12182 ), #10227, .T. ) ;
#3619 = VECTOR ( 'NONE', #10640, 1000.000000000000000 ) ;
#3620 = CARTESIAN_POINT ( 'NONE',  ( -27.25000000000000000, 1.750000000000000000, 10.09999999999999964 ) ) ;
#3621 = CARTESIAN_POINT ( 'NONE',  ( -46.25000000000000000, 48.00000000000000000, 4.599999999999999645 ) ) ;
#3622 = EDGE_CURVE ( 'NONE', #1762, #5260, #101, .T. ) ;
#3623 = DIRECTION ( 'NONE',  ( -1.000000000000000000, -0.000000000000000000, -0.000000000000000000 ) ) ;
#3624 = EDGE_CURVE ( 'NONE', #5174, #6699, #10288, .T. ) ;
#3625 = ORIENTED_EDGE ( 'NONE', *, *, #10625, .T. ) ;
#3626 = EDGE_CURVE ( 'NONE', #2875, #6467, #8184, .T. ) ;
#3627 = DIRECTION ( 'NONE',  ( -1.000000000000000000, 0.000000000000000000, 0.000000000000000000 ) ) ;
#3628 = ORIENTED_EDGE ( 'NONE', *, *, #6222, .T. ) ;
#3629 = VECTOR ( 'NONE', #8451, 1000.000000000000000 ) ;
#3630 = ORIENTED_EDGE ( 'NONE', *, *, #4406, .T. ) ;
#3631 = ORIENTED_EDGE ( 'NONE', *, *, #3156, .F. ) ;
#3632 = CARTESIAN_POINT ( 'NONE',  ( -59.00000000000000000, 14.50000000000000000, 1.600000000000000089 ) ) ;
#3633 = CARTESIAN_POINT ( 'NONE',  ( -13.00000000000000000, 50.75000000000000000, 1.600000000000000089 ) ) ;
#3634 = EDGE_CURVE ( 'NONE', #10441, #9185, #659, .T. ) ;
#3635 = ORIENTED_EDGE ( 'NONE', *, *, #4757, .F. ) ;
#3636 = DIRECTION ( 'NONE',  ( -1.000000000000000000, 0.000000000000000000, 0.000000000000000000 ) ) ;
#3637 = PLANE ( 'NONE',  #5614 ) ;
#3638 = DIRECTION ( 'NONE',  ( -1.000000000000000000, 0.000000000000000000, 0.000000000000000000 ) ) ;
#3639 = VECTOR ( 'NONE', #10740, 1000.000000000000000 ) ;
#3640 = DIRECTION ( 'NONE',  ( 0.000000000000000000, 0.000000000000000000, -1.000000000000000000 ) ) ;
#3641 = EDGE_CURVE ( 'NONE', #9496, #8616, #9474, .T. ) ;
#3642 = ORIENTED_EDGE ( 'NONE', *, *, #4348, .F. ) ;
#3643 = CARTESIAN_POINT ( 'NONE',  ( -2.899999999999999911, 0.000000000000000000, 4.599999999999999645 ) ) ;
#3644 = ORIENTED_EDGE ( 'NONE', *, *, #9024, .T. ) ;
#3645 = VECTOR ( 'NONE', #2135, 1000.000000000000000 ) ;
#3646 = EDGE_LOOP ( 'NONE', ( #12145, #10877, #3430, #8316 ) ) ;
#3647 = DIRECTION ( 'NONE',  ( -1.000000000000000000, 0.000000000000000000, 0.000000000000000000 ) ) ;
#3648 = CARTESIAN_POINT ( 'NONE',  ( -50.35000000000000142, 45.65000000000000568, 10.59999999999999964 ) ) ;
#3649 = LINE ( 'NONE', #5406, #6353 ) ;
#3650 = EDGE_CURVE ( 'NONE', #7304, #5925, #8671, .T. ) ;
#3651 = AXIS2_PLACEMENT_3D ( 'NONE', #11541, #3011, #85 ) ;
#3652 = VECTOR ( 'NONE', #11402, 1000.000000000000000 ) ;
#3653 = EDGE_CURVE ( 'NONE', #5960, #8881, #12020, .T. ) ;
#3654 = LINE ( 'NONE', #996, #6077 ) ;
#3655 = ORIENTED_EDGE ( 'NONE', *, *, #2695, .T. ) ;
#3656 = EDGE_CURVE ( 'NONE', #7510, #6885, #11354, .T. ) ;
#3657 = FACE_BOUND ( 'NONE', #10234, .T. ) ;
#3658 = ORIENTED_EDGE ( 'NONE', *, *, #8594, .T. ) ;
#3659 = ORIENTED_EDGE ( 'NONE', *, *, #2331, .F. ) ;
#3660 = VERTEX_POINT ( 'NONE', #2882 ) ;
#3661 = AXIS2_PLACEMENT_3D ( 'NONE', #4099, #7904, #2064 ) ;
#3662 = AXIS2_PLACEMENT_3D ( 'NONE', #10723, #5988, #9906 ) ;
#3663 = EDGE_CURVE ( 'NONE', #10050, #6365, #81, .T. ) ;
#3664 = CARTESIAN_POINT ( 'NONE',  ( -39.50000000000000000, 9.000000000000000000, 1.600000000000000089 ) ) ;
#3665 = DIRECTION ( 'NONE',  ( 1.000000000000000000, 0.000000000000000000, 0.000000000000000000 ) ) ;
#3666 = DIRECTION ( 'NONE',  ( 0.000000000000000000, 1.000000000000000000, 0.000000000000000000 ) ) ;
#3667 = CARTESIAN_POINT ( 'NONE',  ( -5.250000000000000000, 24.50000000000000000, 4.599999999999999645 ) ) ;
#3668 = DIRECTION ( 'NONE',  ( 0.000000000000000000, 1.000000000000000000, 0.000000000000000000 ) ) ;
#3669 = CARTESIAN_POINT ( 'NONE',  ( -48.75000000000000000, 51.75000000000000000, 10.09999999999999964 ) ) ;
#3670 = VECTOR ( 'NONE', #8777, 1000.000000000000000 ) ;
#3671 = AXIS2_PLACEMENT_3D ( 'NONE', #11094, #2567, #7365 ) ;
#3672 = DIRECTION ( 'NONE',  ( 1.000000000000000000, 0.000000000000000000, 0.000000000000000000 ) ) ;
#3673 = EDGE_CURVE ( 'NONE', #1141, #7211, #6550, .T. ) ;
#3674 = ORIENTED_EDGE ( 'NONE', *, *, #2056, .T. ) ;
#3675 = CARTESIAN_POINT ( 'NONE',  ( -2.899999999999999911, 0.000000000000000000, 4.599999999999999645 ) ) ;
#3676 = ORIENTED_EDGE ( 'NONE', *, *, #7617, .F. ) ;
#3677 = ORIENTED_EDGE ( 'NONE', *, *, #5442, .T. ) ;
#3678 = DIRECTION ( 'NONE',  ( 0.000000000000000000, 0.000000000000000000, -1.000000000000000000 ) ) ;
#3679 = EDGE_CURVE ( 'NONE', #11330, #3891, #8480, .T. ) ;
#3680 = PLANE ( 'NONE',  #9914 ) ;
#3681 = DIRECTION ( 'NONE',  ( -1.000000000000000000, 0.000000000000000000, 0.000000000000000000 ) ) ;
#3682 = LINE ( 'NONE', #840, #7232 ) ;
#3683 = VECTOR ( 'NONE', #4513, 1000.000000000000000 ) ;
#3684 = LINE ( 'NONE', #11420, #399 ) ;
#3685 = LINE ( 'NONE', #1837, #10835 ) ;
#3686 = ORIENTED_EDGE ( 'NONE', *, *, #4013, .T. ) ;
#3687 = ADVANCED_FACE ( 'NONE', ( #207 ), #3804, .T. ) ;
#3688 = EDGE_CURVE ( 'NONE', #2052, #2769, #9414, .T. ) ;
#3689 = LINE ( 'NONE', #6620, #11236 ) ;
#3690 = ORIENTED_EDGE ( 'NONE', *, *, #2439, .T. ) ;
#3691 = DIRECTION ( 'NONE',  ( 0.000000000000000000, 1.000000000000000000, 0.000000000000000000 ) ) ;
#3692 = VERTEX_POINT ( 'NONE', #4801 ) ;
#3693 = EDGE_LOOP ( 'NONE', ( #823, #1233, #4028, #1297 ) ) ;
#3694 = ORIENTED_EDGE ( 'NONE', *, *, #6855, .F. ) ;
#3695 = LINE ( 'NONE', #3632, #2387 ) ;
#3696 = DIRECTION ( 'NONE',  ( -1.000000000000000000, 0.000000000000000000, 0.000000000000000000 ) ) ;
#3697 = ORIENTED_EDGE ( 'NONE', *, *, #9590, .F. ) ;
#3698 = EDGE_CURVE ( 'NONE', #3831, #11920, #2076, .T. ) ;
#3699 = DIRECTION ( 'NONE',  ( 0.000000000000000000, 0.000000000000000000, -1.000000000000000000 ) ) ;
#3700 = DIRECTION ( 'NONE',  ( 0.000000000000000000, 0.000000000000000000, -1.000000000000000000 ) ) ;
#3701 = FACE_OUTER_BOUND ( 'NONE', #2039, .T. ) ;
#3702 = EDGE_CURVE ( 'NONE', #10254, #11874, #4919, .T. ) ;
#3703 = FACE_OUTER_BOUND ( 'NONE', #12160, .T. ) ;
#3704 = EDGE_CURVE ( 'NONE', #949, #3550, #274, .T. ) ;
#3705 = ORIENTED_EDGE ( 'NONE', *, *, #11205, .F. ) ;
#3706 = ORIENTED_EDGE ( 'NONE', *, *, #3539, .F. ) ;
#3707 = LINE ( 'NONE', #2723, #9121 ) ;
#3708 = VERTEX_POINT ( 'NONE', #8603 ) ;
#3709 = DIRECTION ( 'NONE',  ( 0.000000000000000000, 1.000000000000000000, 0.000000000000000000 ) ) ;
#3710 = ORIENTED_EDGE ( 'NONE', *, *, #10738, .F. ) ;
#3711 = DIRECTION ( 'NONE',  ( 0.000000000000000000, 0.000000000000000000, -1.000000000000000000 ) ) ;
#3712 = PLANE ( 'NONE',  #6816 ) ;
#3713 = EDGE_CURVE ( 'NONE', #4638, #4694, #10410, .T. ) ;
#3714 = FACE_OUTER_BOUND ( 'NONE', #4547, .T. ) ;
#3715 = VECTOR ( 'NONE', #906, 1000.000000000000000 ) ;
#3716 = CARTESIAN_POINT ( 'NONE',  ( -38.25000000000000000, 1.750000000000000000, 1.600000000000000089 ) ) ;
#3717 = EDGE_LOOP ( 'NONE', ( #3116, #2573, #7404, #5258 ) ) ;
#3718 = FACE_OUTER_BOUND ( 'NONE', #12159, .T. ) ;
#3719 = ORIENTED_EDGE ( 'NONE', *, *, #8061, .T. ) ;
#3720 = VERTEX_POINT ( 'NONE', #1892 ) ;
#3721 = VERTEX_POINT ( 'NONE', #9536 ) ;
#3722 = VECTOR ( 'NONE', #256, 1000.000000000000000 ) ;
#3723 = DIRECTION ( 'NONE',  ( 0.000000000000000000, 1.000000000000000000, 0.000000000000000000 ) ) ;
#3724 = LINE ( 'NONE', #11276, #1202 ) ;
#3725 = DIRECTION ( 'NONE',  ( 1.000000000000000000, 0.000000000000000000, 0.000000000000000000 ) ) ;
#3726 = CARTESIAN_POINT ( 'NONE',  ( -52.75000000000000000, 28.25000000000000000, 1.850000000000000089 ) ) ;
#3727 = LINE ( 'NONE', #944, #2103 ) ;
#3728 = DIRECTION ( 'NONE',  ( 0.000000000000000000, 0.000000000000000000, -1.000000000000000000 ) ) ;
#3729 = VECTOR ( 'NONE', #8031, 1000.000000000000000 ) ;
#3730 = DIRECTION ( 'NONE',  ( 0.000000000000000000, -1.000000000000000000, 0.000000000000000000 ) ) ;
#3731 = ORIENTED_EDGE ( 'NONE', *, *, #5160, .F. ) ;
#3732 = CARTESIAN_POINT ( 'NONE',  ( -4.549999999999999822, 27.90000000000000213, 10.59999999999999964 ) ) ;
#3733 = ORIENTED_EDGE ( 'NONE', *, *, #5304, .F. ) ;
#3734 = EDGE_LOOP ( 'NONE', ( #9068, #1605 ) ) ;
#3735 = DIRECTION ( 'NONE',  ( 1.000000000000000000, 0.000000000000000000, 0.000000000000000000 ) ) ;
#3736 = AXIS2_PLACEMENT_3D ( 'NONE', #1327, #3418, #9902 ) ;
#3737 = FACE_OUTER_BOUND ( 'NONE', #761, .T. ) ;
#3738 = LINE ( 'NONE', #7612, #5165 ) ;
#3739 = CARTESIAN_POINT ( 'NONE',  ( -74.75000000000000000, 44.25000000000000000, 1.850000000000000089 ) ) ;
#3740 = CARTESIAN_POINT ( 'NONE',  ( -39.75000000000000000, 51.75000000000000000, 10.09999999999999964 ) ) ;
#3741 = AXIS2_PLACEMENT_3D ( 'NONE', #4945, #11567, #1110 ) ;
#3742 = LINE ( 'NONE', #10598, #8642 ) ;
#3743 = EDGE_CURVE ( 'NONE', #480, #1169, #5795, .T. ) ;
#3744 = ORIENTED_EDGE ( 'NONE', *, *, #5533, .T. ) ;
#3745 = CYLINDRICAL_SURFACE ( 'NONE', #2872, 0.2499999999999997780 ) ;
#3746 = ORIENTED_EDGE ( 'NONE', *, *, #544, .T. ) ;
#3747 = EDGE_CURVE ( 'NONE', #10093, #11627, #896, .T. ) ;
#3748 = DIRECTION ( 'NONE',  ( 1.000000000000000000, 0.000000000000000000, 0.000000000000000000 ) ) ;
#3749 = VERTEX_POINT ( 'NONE', #5733 ) ;
#3750 = VECTOR ( 'NONE', #11283, 1000.000000000000000 ) ;
#3751 = VERTEX_POINT ( 'NONE', #7673 ) ;
#3752 = ORIENTED_EDGE ( 'NONE', *, *, #11238, .T. ) ;
#3753 = FACE_OUTER_BOUND ( 'NONE', #9482, .T. ) ;
#3754 = DIRECTION ( 'NONE',  ( 0.000000000000000000, 0.000000000000000000, -1.000000000000000000 ) ) ;
#3755 = VERTEX_POINT ( 'NONE', #1834 ) ;
#3756 = ORIENTED_EDGE ( 'NONE', *, *, #12274, .F. ) ;
#3757 = FACE_OUTER_BOUND ( 'NONE', #4586, .T. ) ;
#3758 = LINE ( 'NONE', #11374, #69 ) ;
#3759 = VECTOR ( 'NONE', #11603, 1000.000000000000000 ) ;
#3760 = CARTESIAN_POINT ( 'NONE',  ( -14.34999999999999964, 2.750000000000000000, 1.600000000000000089 ) ) ;
#3761 = CIRCLE ( 'NONE', #12333, 3.250000000000002665 ) ;
#3762 = EDGE_CURVE ( 'NONE', #8628, #1571, #5613, .T. ) ;
#3763 = DIRECTION ( 'NONE',  ( -1.000000000000000000, 0.000000000000000000, 0.000000000000000000 ) ) ;
#3764 = ORIENTED_EDGE ( 'NONE', *, *, #6343, .F. ) ;
#3765 = ORIENTED_EDGE ( 'NONE', *, *, #8860, .T. ) ;
#3766 = DIRECTION ( 'NONE',  ( 0.000000000000000000, 0.000000000000000000, -1.000000000000000000 ) ) ;
#3767 = VECTOR ( 'NONE', #3258, 1000.000000000000000 ) ;
#3768 = ORIENTED_EDGE ( 'NONE', *, *, #1812, .T. ) ;
#3769 = LINE ( 'NONE', #111, #10924 ) ;
#3770 = CIRCLE ( 'NONE', #5369, 0.2500000000000002220 ) ;
#3771 = AXIS2_PLACEMENT_3D ( 'NONE', #655, #3495, #5247 ) ;
#3772 = ORIENTED_EDGE ( 'NONE', *, *, #2707, .F. ) ;
#3773 = LINE ( 'NONE', #3952, #5767 ) ;
#3774 = EDGE_CURVE ( 'NONE', #2012, #11700, #6732, .T. ) ;
#3775 = LINE ( 'NONE', #6646, #197 ) ;
#3776 = AXIS2_PLACEMENT_3D ( 'NONE', #9884, #11893, #6094 ) ;
#3777 = CARTESIAN_POINT ( 'NONE',  ( -75.00000000000000000, 43.04999999999999716, 9.799999999999998934 ) ) ;
#3778 = AXIS2_PLACEMENT_3D ( 'NONE', #2404, #6192, #9060 ) ;
#3779 = VECTOR ( 'NONE', #7144, 1000.000000000000000 ) ;
#3780 = DIRECTION ( 'NONE',  ( -1.000000000000000000, 0.000000000000000000, 0.000000000000000000 ) ) ;
#3781 = ORIENTED_EDGE ( 'NONE', *, *, #3365, .F. ) ;
#3782 = CARTESIAN_POINT ( 'NONE',  ( -66.25000000000000000, 42.79999999999999716, 9.799999999999998934 ) ) ;
#3783 = EDGE_CURVE ( 'NONE', #5102, #9636, #10471, .T. ) ;
#3784 = ORIENTED_EDGE ( 'NONE', *, *, #11419, .F. ) ;
#3785 = ORIENTED_EDGE ( 'NONE', *, *, #5890, .F. ) ;
#3786 = VECTOR ( 'NONE', #6954, 1000.000000000000000 ) ;
#3787 = EDGE_LOOP ( 'NONE', ( #7623, #6708, #5570, #3658 ) ) ;
#3788 = LINE ( 'NONE', #10041, #2645 ) ;
#3789 = EDGE_CURVE ( 'NONE', #5880, #7652, #266, .T. ) ;
#3790 = AXIS2_PLACEMENT_3D ( 'NONE', #96, #8497, #5749 ) ;
#3791 = FACE_OUTER_BOUND ( 'NONE', #9020, .T. ) ;
#3792 = LINE ( 'NONE', #10457, #1597 ) ;
#3793 = LINE ( 'NONE', #9517, #7438 ) ;
#3794 = LINE ( 'NONE', #10517, #5066 ) ;
#3795 = CARTESIAN_POINT ( 'NONE',  ( -52.75000000000000000, 44.00000000000000000, 4.599999999999999645 ) ) ;
#3796 = FACE_OUTER_BOUND ( 'NONE', #11720, .T. ) ;
#3797 = ORIENTED_EDGE ( 'NONE', *, *, #9117, .T. ) ;
#3798 = LINE ( 'NONE', #9467, #10722 ) ;
#3799 = ORIENTED_EDGE ( 'NONE', *, *, #4654, .F. ) ;
#3800 = EDGE_LOOP ( 'NONE', ( #9529, #12108, #7391, #11349 ) ) ;
#3801 = CARTESIAN_POINT ( 'NONE',  ( -4.750000000000000000, 2.750000000000000000, 1.600000000000000089 ) ) ;
#3802 = LINE ( 'NONE', #10469, #4343 ) ;
#3803 = DIRECTION ( 'NONE',  ( 0.000000000000000000, 0.000000000000000000, -1.000000000000000000 ) ) ;
#3804 = PLANE ( 'NONE',  #9411 ) ;
#3805 = LINE ( 'NONE', #6617, #4156 ) ;
#3806 = DIRECTION ( 'NONE',  ( 0.000000000000000000, 1.000000000000000000, 0.000000000000000000 ) ) ;
#3807 = EDGE_CURVE ( 'NONE', #3150, #9292, #1206, .T. ) ;
#3808 = CARTESIAN_POINT ( 'NONE',  ( -7.150000000000000355, 1.750000000000000000, 10.09999999999999964 ) ) ;
#3809 = ORIENTED_EDGE ( 'NONE', *, *, #8086, .T. ) ;
#3810 = EDGE_CURVE ( 'NONE', #2211, #7871, #6175, .T. ) ;
#3811 = DIRECTION ( 'NONE',  ( 0.000000000000000000, 0.000000000000000000, 1.000000000000000000 ) ) ;
#3812 = ORIENTED_EDGE ( 'NONE', *, *, #9117, .F. ) ;
#3813 = EDGE_CURVE ( 'NONE', #9182, #4597, #5921, .T. ) ;
#3814 = EDGE_LOOP ( 'NONE', ( #4489, #8010, #11224, #4935 ) ) ;
#3815 = EDGE_LOOP ( 'NONE', ( #8193, #8522, #5981, #10684 ) ) ;
#3816 = PLANE ( 'NONE',  #9325 ) ;
#3817 = DIRECTION ( 'NONE',  ( 0.000000000000000000, 0.000000000000000000, -1.000000000000000000 ) ) ;
#3818 = VECTOR ( 'NONE', #11514, 1000.000000000000000 ) ;
#3819 = ORIENTED_EDGE ( 'NONE', *, *, #5509, .F. ) ;
#3820 = DIRECTION ( 'NONE',  ( -1.000000000000000000, 0.000000000000000000, 0.000000000000000000 ) ) ;
#3821 = DIRECTION ( 'NONE',  ( -1.000000000000000000, 0.000000000000000000, 0.000000000000000000 ) ) ;
#3822 = ADVANCED_FACE ( 'NONE', ( #392 ), #4989, .T. ) ;
#3823 = DIRECTION ( 'NONE',  ( -0.000000000000000000, 1.000000000000000000, -0.000000000000000000 ) ) ;
#3824 = LINE ( 'NONE', #11438, #10416 ) ;
#3825 = LINE ( 'NONE', #3890, #6480 ) ;
#3826 = AXIS2_PLACEMENT_3D ( 'NONE', #10196, #1622, #5464 ) ;
#3827 = ORIENTED_EDGE ( 'NONE', *, *, #6023, .T. ) ;
#3828 = ORIENTED_EDGE ( 'NONE', *, *, #2997, .T. ) ;
#3829 = DIRECTION ( 'NONE',  ( 0.000000000000000000, 0.000000000000000000, -1.000000000000000000 ) ) ;
#3830 = EDGE_CURVE ( 'NONE', #6263, #4910, #12106, .T. ) ;
#3831 = VERTEX_POINT ( 'NONE', #7916 ) ;
#3832 = CARTESIAN_POINT ( 'NONE',  ( -23.00000000000000000, 51.75000000000000000, 1.600000000000000089 ) ) ;
#3833 = ORIENTED_EDGE ( 'NONE', *, *, #3305, .T. ) ;
#3834 = DIRECTION ( 'NONE',  ( 1.000000000000000000, -0.000000000000000000, -0.000000000000000000 ) ) ;
#3835 = CARTESIAN_POINT ( 'NONE',  ( -56.75000000000000000, 2.500000000000000000, 1.600000000000000089 ) ) ;
#3836 = AXIS2_PLACEMENT_3D ( 'NONE', #8925, #8992, #5252 ) ;
#3837 = FACE_BOUND ( 'NONE', #10889, .T. ) ;
#3838 = LINE ( 'NONE', #4957, #8853 ) ;
#3839 = EDGE_CURVE ( 'NONE', #9687, #1761, #520, .T. ) ;
#3840 = ADVANCED_FACE ( 'NONE', ( #11855 ), #8041, .F. ) ;
#3841 = CARTESIAN_POINT ( 'NONE',  ( -2.500000000000000000, 36.00000000000000000, 1.600000000000000089 ) ) ;
#3842 = ORIENTED_EDGE ( 'NONE', *, *, #5817, .T. ) ;
#3843 = DIRECTION ( 'NONE',  ( 0.000000000000000000, 1.000000000000000000, 0.000000000000000000 ) ) ;
#3844 = ORIENTED_EDGE ( 'NONE', *, *, #3789, .T. ) ;
#3845 = ORIENTED_EDGE ( 'NONE', *, *, #6339, .F. ) ;
#3846 = CARTESIAN_POINT ( 'NONE',  ( -2.200000000000000178, 30.30000000000000071, 10.59999999999999964 ) ) ;
#3847 = DIRECTION ( 'NONE',  ( -1.000000000000000000, 0.000000000000000000, 0.000000000000000000 ) ) ;
#3848 = EDGE_CURVE ( 'NONE', #6123, #1927, #10784, .T. ) ;
#3849 = DIRECTION ( 'NONE',  ( 0.000000000000000000, 0.000000000000000000, -1.000000000000000000 ) ) ;
#3850 = CARTESIAN_POINT ( 'NONE',  ( -2.500000000000000000, 36.00000000000000000, 1.600000000000000089 ) ) ;
#3851 = ADVANCED_FACE ( 'NONE', ( #7052 ), #7856, .F. ) ;
#3852 = AXIS2_PLACEMENT_3D ( 'NONE', #7600, #11517, #2865 ) ;
#3853 = DIRECTION ( 'NONE',  ( 0.000000000000000000, 0.000000000000000000, -1.000000000000000000 ) ) ;
#3854 = EDGE_CURVE ( 'NONE', #31, #2209, #2261, .T. ) ;
#3855 = CARTESIAN_POINT ( 'NONE',  ( -27.25000000000000000, 1.750000000000000000, 10.09999999999999964 ) ) ;
#3856 = EDGE_CURVE ( 'NONE', #1570, #11920, #6993, .T. ) ;
#3857 = CARTESIAN_POINT ( 'NONE',  ( -28.25000000000000000, 2.750000000000000000, 1.600000000000000089 ) ) ;
#3858 = VERTEX_POINT ( 'NONE', #10719 ) ;
#3859 = VECTOR ( 'NONE', #8567, 1000.000000000000000 ) ;
#3860 = VECTOR ( 'NONE', #3501, 1000.000000000000000 ) ;
#3861 = CARTESIAN_POINT ( 'NONE',  ( -5.250000000000000000, 24.50000000000000000, 1.600000000000000089 ) ) ;
#3862 = ORIENTED_EDGE ( 'NONE', *, *, #11292, .F. ) ;
#3863 = VERTEX_POINT ( 'NONE', #11793 ) ;
#3864 = LINE ( 'NONE', #12288, #5757 ) ;
#3865 = CARTESIAN_POINT ( 'NONE',  ( -11.95000000000000107, 2.750000000000000000, 10.09999999999999964 ) ) ;
#3866 = DIRECTION ( 'NONE',  ( 0.000000000000000000, 0.000000000000000000, -1.000000000000000000 ) ) ;
#3867 = DIRECTION ( 'NONE',  ( 0.000000000000000000, 1.000000000000000000, 0.000000000000000000 ) ) ;
#3868 = EDGE_CURVE ( 'NONE', #5370, #11786, #10849, .T. ) ;
#3869 = DIRECTION ( 'NONE',  ( 0.000000000000000000, 1.000000000000000000, 0.000000000000000000 ) ) ;
#3870 = CARTESIAN_POINT ( 'NONE',  ( -45.50000000000000711, 9.000000000000000000, 6.850000000000000533 ) ) ;
#3871 = VECTOR ( 'NONE', #3728, 1000.000000000000000 ) ;
#3872 = VECTOR ( 'NONE', #5163, 1000.000000000000000 ) ;
#3873 = EDGE_LOOP ( 'NONE', ( #12212, #9595, #4295, #11148 ) ) ;
#3874 = DIRECTION ( 'NONE',  ( 0.000000000000000000, 0.000000000000000000, 1.000000000000000000 ) ) ;
#3875 = ORIENTED_EDGE ( 'NONE', *, *, #4767, .F. ) ;
#3876 = LINE ( 'NONE', #8731, #3715 ) ;
#3877 = ORIENTED_EDGE ( 'NONE', *, *, #2718, .T. ) ;
#3878 = ORIENTED_EDGE ( 'NONE', *, *, #10437, .T. ) ;
#3879 = AXIS2_PLACEMENT_3D ( 'NONE', #10900, #8278, #2622 ) ;
#3880 = ORIENTED_EDGE ( 'NONE', *, *, #4545, .F. ) ;
#3881 = CARTESIAN_POINT ( 'NONE',  ( -61.00000000000000000, 8.000000000000000000, 8.849999999999999645 ) ) ;
#3882 = AXIS2_PLACEMENT_3D ( 'NONE', #5633, #6695, #1853 ) ;
#3883 = CARTESIAN_POINT ( 'NONE',  ( -51.00000000000000000, 32.25000000000000000, 2.600000000000000089 ) ) ;
#3884 = ORIENTED_EDGE ( 'NONE', *, *, #3156, .T. ) ;
#3885 = EDGE_CURVE ( 'NONE', #9825, #11805, #5179, .T. ) ;
#3886 = CARTESIAN_POINT ( 'NONE',  ( -4.549999999999999822, 26.20000000000000284, 10.59999999999999964 ) ) ;
#3887 = CARTESIAN_POINT ( 'NONE',  ( -30.75000000000000000, 1.750000000000000000, 10.09999999999999964 ) ) ;
#3888 = PLANE ( 'NONE',  #2991 ) ;
#3889 = DIRECTION ( 'NONE',  ( 0.000000000000000000, 0.000000000000000000, -1.000000000000000000 ) ) ;
#3890 = CARTESIAN_POINT ( 'NONE',  ( -52.75000000000000000, 23.75000000000000000, 1.850000000000000089 ) ) ;
#3891 = VERTEX_POINT ( 'NONE', #9904 ) ;
#3892 = EDGE_LOOP ( 'NONE', ( #12125, #9270, #11673, #3768 ) ) ;
#3893 = DIRECTION ( 'NONE',  ( 0.000000000000000000, 1.000000000000000000, 0.000000000000000000 ) ) ;
#3894 = ORIENTED_EDGE ( 'NONE', *, *, #4838, .F. ) ;
#3895 = PLANE ( 'NONE',  #11923 ) ;
#3896 = VERTEX_POINT ( 'NONE', #10909 ) ;
#3897 = CARTESIAN_POINT ( 'NONE',  ( -2.200000000000000178, 31.00000000000000000, 10.59999999999999964 ) ) ;
#3898 = CARTESIAN_POINT ( 'NONE',  ( -59.00000000000000000, 20.50000000000000000, 3.350000000000000089 ) ) ;
#3899 = FACE_BOUND ( 'NONE', #12243, .T. ) ;
#3900 = EDGE_CURVE ( 'NONE', #4695, #6986, #2200, .T. ) ;
#3901 = LINE ( 'NONE', #932, #8632 ) ;
#3902 = ORIENTED_EDGE ( 'NONE', *, *, #8823, .T. ) ;
#3903 = EDGE_CURVE ( 'NONE', #5671, #2147, #4109, .T. ) ;
#3904 = DIRECTION ( 'NONE',  ( 0.000000000000000000, 0.000000000000000000, -1.000000000000000000 ) ) ;
#3905 = EDGE_LOOP ( 'NONE', ( #1109, #4688, #11800, #10811 ) ) ;
#3906 = ORIENTED_EDGE ( 'NONE', *, *, #12088, .F. ) ;
#3907 = CARTESIAN_POINT ( 'NONE',  ( -19.00000000000000000, 3.500000000000000000, 1.600000000000000089 ) ) ;
#3908 = DIRECTION ( 'NONE',  ( 0.000000000000000000, 0.000000000000000000, -1.000000000000000000 ) ) ;
#3909 = FACE_OUTER_BOUND ( 'NONE', #6477, .T. ) ;
#3910 = CARTESIAN_POINT ( 'NONE',  ( -4.549999999999999822, 30.30000000000000071, 4.599999999999999645 ) ) ;
#3911 = CARTESIAN_POINT ( 'NONE',  ( -66.07322330470340432, 41.19644660940669922, 11.29999999999999893 ) ) ;
#3912 = CARTESIAN_POINT ( 'NONE',  ( -34.75000000000000000, 2.750000000000000000, 10.09999999999999964 ) ) ;
#3913 = DIRECTION ( 'NONE',  ( 0.000000000000000000, 1.000000000000000000, 0.000000000000000000 ) ) ;
#3914 = ORIENTED_EDGE ( 'NONE', *, *, #10836, .F. ) ;
#3915 = CARTESIAN_POINT ( 'NONE',  ( -2.500000000000000000, 0.000000000000000000, 0.000000000000000000 ) ) ;
#3916 = AXIS2_PLACEMENT_3D ( 'NONE', #2890, #5872, #2950 ) ;
#3917 = ORIENTED_EDGE ( 'NONE', *, *, #3230, .F. ) ;
#3918 = EDGE_LOOP ( 'NONE', ( #3878, #11472, #5071, #3357 ) ) ;
#3919 = FACE_BOUND ( 'NONE', #1425, .T. ) ;
#3920 = DIRECTION ( 'NONE',  ( -1.000000000000000000, 0.000000000000000000, 0.000000000000000000 ) ) ;
#3921 = CARTESIAN_POINT ( 'NONE',  ( -54.25000000000000000, 26.00000000000000000, 3.850000000000000089 ) ) ;
#3922 = CARTESIAN_POINT ( 'NONE',  ( -39.75000000000000000, 50.75000000000000000, 10.09999999999999964 ) ) ;
#3923 = EDGE_CURVE ( 'NONE', #2837, #9407, #9973, .T. ) ;
#3924 = FACE_OUTER_BOUND ( 'NONE', #2210, .T. ) ;
#3925 = DIRECTION ( 'NONE',  ( -1.000000000000000000, 0.000000000000000000, 0.000000000000000000 ) ) ;
#3926 = AXIS2_PLACEMENT_3D ( 'NONE', #8280, #3412, #3533 ) ;
#3927 = FACE_OUTER_BOUND ( 'NONE', #9745, .T. ) ;
#3928 = VERTEX_POINT ( 'NONE', #12040 ) ;
#3929 = LINE ( 'NONE', #11483, #1165 ) ;
#3930 = VERTEX_POINT ( 'NONE', #3541 ) ;
#3931 = ORIENTED_EDGE ( 'NONE', *, *, #8177, .T. ) ;
#3932 = VERTEX_POINT ( 'NONE', #3362 ) ;
#3933 = CARTESIAN_POINT ( 'NONE',  ( -2.500000000000000000, 41.00000000000000000, 1.600000000000000089 ) ) ;
#3934 = CARTESIAN_POINT ( 'NONE',  ( -54.75000000000000000, 26.00000000000000000, 2.350000000000000089 ) ) ;
#3935 = AXIS2_PLACEMENT_3D ( 'NONE', #3040, #8953, #10636 ) ;
#3936 = VERTEX_POINT ( 'NONE', #11034 ) ;
#3937 = CARTESIAN_POINT ( 'NONE',  ( -4.500000000000000000, 50.75000000000000000, 10.09999999999999964 ) ) ;
#3938 = FACE_OUTER_BOUND ( 'NONE', #2499, .T. ) ;
#3939 = DIRECTION ( 'NONE',  ( -1.000000000000000000, 0.000000000000000000, 0.000000000000000000 ) ) ;
#3940 = PLANE ( 'NONE',  #3067 ) ;
#3941 = VECTOR ( 'NONE', #1204, 1000.000000000000000 ) ;
#3942 = CARTESIAN_POINT ( 'NONE',  ( -24.75000000000000000, 1.750000000000000000, 1.600000000000000089 ) ) ;
#3943 = ORIENTED_EDGE ( 'NONE', *, *, #2368, .T. ) ;
#3944 = VECTOR ( 'NONE', #1940, 1000.000000000000000 ) ;
#3945 = ADVANCED_FACE ( 'NONE', ( #4483 ), #11092, .F. ) ;
#3946 = ORIENTED_EDGE ( 'NONE', *, *, #3903, .T. ) ;
#3947 = DIRECTION ( 'NONE',  ( 0.000000000000000000, 0.000000000000000000, 1.000000000000000000 ) ) ;
#3948 = ORIENTED_EDGE ( 'NONE', *, *, #12223, .T. ) ;
#3949 = DIRECTION ( 'NONE',  ( 0.000000000000000000, -1.000000000000000000, 0.000000000000000000 ) ) ;
#3950 = CIRCLE ( 'NONE', #5346, 0.2500000000000002220 ) ;
#3951 = ORIENTED_EDGE ( 'NONE', *, *, #4308, .F. ) ;
#3952 = CARTESIAN_POINT ( 'NONE',  ( -7.000000000000000000, 51.75000000000000000, 10.09999999999999964 ) ) ;
#3953 = CARTESIAN_POINT ( 'NONE',  ( -53.25000000000000711, 9.000000000000000000, 6.349999999999999645 ) ) ;
#3954 = AXIS2_PLACEMENT_3D ( 'NONE', #2044, #1113, #2910 ) ;
#3955 = DIRECTION ( 'NONE',  ( 0.000000000000000000, 0.000000000000000000, -1.000000000000000000 ) ) ;
#3956 = TOROIDAL_SURFACE ( 'NONE', #7948, 2.000000000000000000, 0.2500000000000000000 ) ;
#3957 = EDGE_CURVE ( 'NONE', #8117, #731, #8223, .T. ) ;
#3958 = ORIENTED_EDGE ( 'NONE', *, *, #4031, .T. ) ;
#3959 = VECTOR ( 'NONE', #4918, 1000.000000000000000 ) ;
#3960 = VECTOR ( 'NONE', #9051, 1000.000000000000000 ) ;
#3961 = DIRECTION ( 'NONE',  ( 0.000000000000000000, -1.000000000000000000, 0.000000000000000000 ) ) ;
#3962 = ORIENTED_EDGE ( 'NONE', *, *, #8233, .F. ) ;
#3963 = VERTEX_POINT ( 'NONE', #8287 ) ;
#3964 = EDGE_CURVE ( 'NONE', #3212, #4198, #6131, .T. ) ;
#3965 = DIRECTION ( 'NONE',  ( -1.000000000000000000, 0.000000000000000000, 0.000000000000000000 ) ) ;
#3966 = VECTOR ( 'NONE', #9201, 1000.000000000000000 ) ;
#3967 = PLANE ( 'NONE',  #11323 ) ;
#3968 = CARTESIAN_POINT ( 'NONE',  ( -52.04999999999999716, 48.00000000000000000, 10.59999999999999964 ) ) ;
#3969 = DIRECTION ( 'NONE',  ( -1.000000000000000000, 0.000000000000000000, 0.000000000000000000 ) ) ;
#3970 = VECTOR ( 'NONE', #11141, 1000.000000000000000 ) ;
#3971 = EDGE_CURVE ( 'NONE', #3720, #7044, #1574, .T. ) ;
#3972 = VECTOR ( 'NONE', #2047, 1000.000000000000000 ) ;
#3973 = CARTESIAN_POINT ( 'NONE',  ( -5.250000000000000000, 25.50000000000000000, 10.59999999999999964 ) ) ;
#3974 = FACE_OUTER_BOUND ( 'NONE', #10038, .T. ) ;
#3975 = AXIS2_PLACEMENT_3D ( 'NONE', #3274, #7086, #6142 ) ;
#3976 = LINE ( 'NONE', #6037, #1951 ) ;
#3977 = VERTEX_POINT ( 'NONE', #5358 ) ;
#3978 = CARTESIAN_POINT ( 'NONE',  ( -58.50000000000000000, 32.00000000000000000, 12.34999999999999964 ) ) ;
#3979 = VECTOR ( 'NONE', #2583, 1000.000000000000000 ) ;
#3980 = ORIENTED_EDGE ( 'NONE', *, *, #4252, .T. ) ;
#3981 = EDGE_LOOP ( 'NONE', ( #7867, #6761, #11348, #488 ) ) ;
#3982 = VERTEX_POINT ( 'NONE', #11910 ) ;
#3983 = CARTESIAN_POINT ( 'NONE',  ( -53.75000000000000000, 45.00000000000000000, 4.599999999999999645 ) ) ;
#3984 = ADVANCED_FACE ( 'NONE', ( #9161 ), #645, .T. ) ;
#3985 = PLANE ( 'NONE',  #6928 ) ;
#3986 = CARTESIAN_POINT ( 'NONE',  ( -52.04999999999999716, 47.30000000000000426, 4.599999999999999645 ) ) ;
#3987 = CARTESIAN_POINT ( 'NONE',  ( -74.75000000000000000, 44.25000000000000000, 12.34999999999999964 ) ) ;
#3988 = DIRECTION ( 'NONE',  ( -1.000000000000000000, 0.000000000000000000, 0.000000000000000000 ) ) ;
#3989 = CARTESIAN_POINT ( 'NONE',  ( -25.00000000000000000, 52.50000000000000000, 1.600000000000000089 ) ) ;
#3990 = DIRECTION ( 'NONE',  ( -1.000000000000000000, 0.000000000000000000, 0.000000000000000000 ) ) ;
#3991 = VERTEX_POINT ( 'NONE', #1522 ) ;
#3992 = EDGE_CURVE ( 'NONE', #11834, #5548, #4356, .T. ) ;
#3993 = DIRECTION ( 'NONE',  ( 0.000000000000000000, 0.000000000000000000, -1.000000000000000000 ) ) ;
#3994 = ORIENTED_EDGE ( 'NONE', *, *, #1056, .T. ) ;
#3995 = ORIENTED_EDGE ( 'NONE', *, *, #3460, .F. ) ;
#3996 = ORIENTED_EDGE ( 'NONE', *, *, #10991, .F. ) ;
#3997 = EDGE_CURVE ( 'NONE', #3863, #10795, #9220, .T. ) ;
#3998 = VERTEX_POINT ( 'NONE', #11159 ) ;
#3999 = DIRECTION ( 'NONE',  ( 0.000000000000000000, 1.000000000000000000, 0.000000000000000000 ) ) ;
#4000 = LINE ( 'NONE', #11615, #8789 ) ;
#4001 = ORIENTED_EDGE ( 'NONE', *, *, #8020, .T. ) ;
#4002 = CARTESIAN_POINT ( 'NONE',  ( -49.75000000000000000, 51.75000000000000000, 10.09999999999999964 ) ) ;
#4003 = LINE ( 'NONE', #5939, #9018 ) ;
#4004 = DIRECTION ( 'NONE',  ( -1.000000000000000000, 0.000000000000000000, 0.000000000000000000 ) ) ;
#4005 = ADVANCED_FACE ( 'NONE', ( #2631 ), #5296, .F. ) ;
#4006 = EDGE_CURVE ( 'NONE', #11482, #2922, #2686, .T. ) ;
#4007 = EDGE_CURVE ( 'NONE', #4247, #10332, #2565, .T. ) ;
#4008 = DIRECTION ( 'NONE',  ( 1.000000000000000000, 0.000000000000000000, 0.000000000000000000 ) ) ;
#4009 = ORIENTED_EDGE ( 'NONE', *, *, #9677, .T. ) ;
#4010 = ORIENTED_EDGE ( 'NONE', *, *, #3679, .F. ) ;
#4011 = ORIENTED_EDGE ( 'NONE', *, *, #6118, .T. ) ;
#4012 =( GEOMETRIC_REPRESENTATION_CONTEXT ( 3 ) GLOBAL_UNCERTAINTY_ASSIGNED_CONTEXT ( ( #10732 ) ) GLOBAL_UNIT_ASSIGNED_CONTEXT ( ( #8208, #5281, #4218 ) ) REPRESENTATION_CONTEXT ( 'NONE', 'WORKASPACE' ) );
#4013 = EDGE_CURVE ( 'NONE', #9368, #3692, #9819, .T. ) ;
#4014 = CARTESIAN_POINT ( 'NONE',  ( -3.750000000000000000, 13.00000000000000000, 9.599999999999999645 ) ) ;
#4015 = ORIENTED_EDGE ( 'NONE', *, *, #7060, .T. ) ;
#4016 = ORIENTED_EDGE ( 'NONE', *, *, #7686, .T. ) ;
#4017 = CARTESIAN_POINT ( 'NONE',  ( -74.75000000000000000, 41.19644660940669922, 11.29999999999999893 ) ) ;
#4018 = ORIENTED_EDGE ( 'NONE', *, *, #9107, .T. ) ;
#4019 = FACE_OUTER_BOUND ( 'NONE', #7305, .T. ) ;
#4020 = CARTESIAN_POINT ( 'NONE',  ( -33.75000000000000000, 51.75000000000000000, 10.09999999999999964 ) ) ;
#4021 = AXIS2_PLACEMENT_3D ( 'NONE', #11766, #11827, #491 ) ;
#4022 = EDGE_CURVE ( 'NONE', #7996, #11213, #4537, .T. ) ;
#4023 = CARTESIAN_POINT ( 'NONE',  ( -58.75000000000000000, 32.25000000000000000, 12.34999999999999964 ) ) ;
#4024 = ORIENTED_EDGE ( 'NONE', *, *, #4985, .T. ) ;
#4025 = CARTESIAN_POINT ( 'NONE',  ( -52.04999999999999716, 44.94999999999999574, 10.59999999999999964 ) ) ;
#4026 = AXIS2_PLACEMENT_3D ( 'NONE', #1225, #10866, #5006 ) ;
#4027 = VERTEX_POINT ( 'NONE', #10153 ) ;
#4028 = ORIENTED_EDGE ( 'NONE', *, *, #498, .F. ) ;
#4029 = CARTESIAN_POINT ( 'NONE',  ( -75.00000000000000000, 44.50000000000000000, 1.850000000000000089 ) ) ;
#4030 = DIRECTION ( 'NONE',  ( 1.000000000000000000, 0.000000000000000000, 0.000000000000000000 ) ) ;
#4031 = EDGE_CURVE ( 'NONE', #1237, #8881, #5419, .T. ) ;
#4032 = CARTESIAN_POINT ( 'NONE',  ( -58.75000000000000000, 44.25000000000000000, 12.34999999999999964 ) ) ;
#4033 = DIRECTION ( 'NONE',  ( -1.000000000000000000, 0.000000000000000000, 0.000000000000000000 ) ) ;
#4034 = DIRECTION ( 'NONE',  ( 1.000000000000000000, 0.000000000000000000, 0.000000000000000000 ) ) ;
#4035 = VECTOR ( 'NONE', #9845, 1000.000000000000000 ) ;
#4036 = EDGE_CURVE ( 'NONE', #4834, #8628, #9335, .T. ) ;
#4037 = FACE_OUTER_BOUND ( 'NONE', #6542, .T. ) ;
#4038 = LINE ( 'NONE', #10776, #1564 ) ;
#4039 = ORIENTED_EDGE ( 'NONE', *, *, #2721, .T. ) ;
#4040 = ORIENTED_EDGE ( 'NONE', *, *, #2595, .T. ) ;
#4041 = CARTESIAN_POINT ( 'NONE',  ( -57.50000000000000000, 3.500000000000000000, 1.600000000000000089 ) ) ;
#4042 = EDGE_CURVE ( 'NONE', #213, #5449, #6234, .T. ) ;
#4043 = ORIENTED_EDGE ( 'NONE', *, *, #4968, .T. ) ;
#4044 = VERTEX_POINT ( 'NONE', #5783 ) ;
#4045 = EDGE_LOOP ( 'NONE', ( #4208, #834, #5136, #6629 ) ) ;
#4046 = VECTOR ( 'NONE', #3969, 1000.000000000000000 ) ;
#4047 = CARTESIAN_POINT ( 'NONE',  ( -75.00000000000000000, 32.00000000000000000, 1.850000000000000089 ) ) ;
#4048 = DIRECTION ( 'NONE',  ( -1.000000000000000000, 0.000000000000000000, 0.000000000000000000 ) ) ;
#4049 = DIRECTION ( 'NONE',  ( 0.000000000000000000, 0.000000000000000000, -1.000000000000000000 ) ) ;
#4050 = PLANE ( 'NONE',  #9947 ) ;
#4051 = CARTESIAN_POINT ( 'NONE',  ( -58.50000000000000000, 32.25000000000000000, 1.600000000000000089 ) ) ;
#4052 = ORIENTED_EDGE ( 'NONE', *, *, #11165, .F. ) ;
#4053 = EDGE_CURVE ( 'NONE', #3507, #878, #1934, .T. ) ;
#4054 = CARTESIAN_POINT ( 'NONE',  ( -66.00000000000000000, 35.50000000000000000, 5.549999999999999822 ) ) ;
#4055 = AXIS2_PLACEMENT_3D ( 'NONE', #461, #4241, #9784 ) ;
#4056 = ORIENTED_EDGE ( 'NONE', *, *, #9394, .T. ) ;
#4057 = CARTESIAN_POINT ( 'NONE',  ( -50.35000000000000142, 0.000000000000000000, 4.599999999999999645 ) ) ;
#4058 = ORIENTED_EDGE ( 'NONE', *, *, #5382, .T. ) ;
#4059 = EDGE_CURVE ( 'NONE', #4247, #9005, #7534, .T. ) ;
#4060 = ORIENTED_EDGE ( 'NONE', *, *, #6758, .F. ) ;
#4061 = ORIENTED_EDGE ( 'NONE', *, *, #3622, .F. ) ;
#4062 = DIRECTION ( 'NONE',  ( -1.000000000000000000, 0.000000000000000000, 0.000000000000000000 ) ) ;
#4063 = DIRECTION ( 'NONE',  ( 1.000000000000000000, 0.000000000000000000, 0.000000000000000000 ) ) ;
#4064 = ORIENTED_EDGE ( 'NONE', *, *, #10629, .T. ) ;
#4065 = FACE_BOUND ( 'NONE', #1776, .T. ) ;
#4066 = DIRECTION ( 'NONE',  ( -1.000000000000000000, 0.000000000000000000, 0.000000000000000000 ) ) ;
#4067 = VECTOR ( 'NONE', #8983, 1000.000000000000000 ) ;
#4068 = VECTOR ( 'NONE', #8964, 1000.000000000000000 ) ;
#4069 = EDGE_CURVE ( 'NONE', #7044, #11612, #881, .T. ) ;
#4070 =( NAMED_UNIT ( * ) SI_UNIT ( $, .STERADIAN. ) SOLID_ANGLE_UNIT ( ) );
#4071 = DIRECTION ( 'NONE',  ( 0.000000000000000000, 1.000000000000000000, 0.000000000000000000 ) ) ;
#4072 = LINE ( 'NONE', #1291, #2482 ) ;
#4073 = VERTEX_POINT ( 'NONE', #6598 ) ;
#4074 = CARTESIAN_POINT ( 'NONE',  ( -2.899999999999999911, 26.20000000000000284, 4.599999999999999645 ) ) ;
#4075 = CIRCLE ( 'NONE', #4869, 2.750000000000002665 ) ;
#4076 = EDGE_LOOP ( 'NONE', ( #8113, #1424, #9665, #8329 ) ) ;
#4077 = AXIS2_PLACEMENT_3D ( 'NONE', #12075, #1552, #5332 ) ;
#4078 = DIRECTION ( 'NONE',  ( -1.000000000000000000, 0.000000000000000000, 0.000000000000000000 ) ) ;
#4079 = ORIENTED_EDGE ( 'NONE', *, *, #601, .T. ) ;
#4080 = EDGE_CURVE ( 'NONE', #10574, #997, #3793, .T. ) ;
#4081 = ORIENTED_EDGE ( 'NONE', *, *, #3349, .T. ) ;
#4082 = PLANE ( 'NONE',  #6743 ) ;
#4083 = DIRECTION ( 'NONE',  ( 0.000000000000000000, 1.000000000000000000, 0.000000000000000000 ) ) ;
#4084 = EDGE_LOOP ( 'NONE', ( #9654, #2850, #2808, #5681 ) ) ;
#4085 = EDGE_CURVE ( 'NONE', #1152, #431, #8590, .T. ) ;
#4086 = DIRECTION ( 'NONE',  ( 0.000000000000000000, -1.000000000000000000, 0.000000000000000000 ) ) ;
#4087 = LINE ( 'NONE', #5705, #12001 ) ;
#4088 = EDGE_CURVE ( 'NONE', #3012, #4628, #943, .T. ) ;
#4089 = CARTESIAN_POINT ( 'NONE',  ( -9.500000000000000000, 51.75000000000000000, 10.09999999999999964 ) ) ;
#4090 = VERTEX_POINT ( 'NONE', #1997 ) ;
#4091 = CARTESIAN_POINT ( 'NONE',  ( -75.00000000000000000, 42.54999999999999716, 3.550000000000000266 ) ) ;
#4092 = EDGE_CURVE ( 'NONE', #10217, #11885, #10395, .T. ) ;
#4093 = ORIENTED_EDGE ( 'NONE', *, *, #5899, .T. ) ;
#4094 = FACE_OUTER_BOUND ( 'NONE', #8487, .T. ) ;
#4095 = DIRECTION ( 'NONE',  ( 0.000000000000000000, 0.000000000000000000, -1.000000000000000000 ) ) ;
#4096 = DIRECTION ( 'NONE',  ( 1.000000000000000000, 0.000000000000000000, 0.000000000000000000 ) ) ;
#4097 = FACE_OUTER_BOUND ( 'NONE', #3042, .T. ) ;
#4098 = CARTESIAN_POINT ( 'NONE',  ( -49.64999999999999858, 47.30000000000000426, 10.59999999999999964 ) ) ;
#4099 = CARTESIAN_POINT ( 'NONE',  ( -23.00000000000000000, 50.75000000000000000, 10.09999999999999964 ) ) ;
#4100 = CARTESIAN_POINT ( 'NONE',  ( -58.75000000000000000, 32.25000000000000000, 12.59999999999999964 ) ) ;
#4101 = VERTEX_POINT ( 'NONE', #6717 ) ;
#4102 = ORIENTED_EDGE ( 'NONE', *, *, #4042, .T. ) ;
#4103 = CARTESIAN_POINT ( 'NONE',  ( -2.899999999999999911, 26.20000000000000284, 10.59999999999999964 ) ) ;
#4104 = EDGE_LOOP ( 'NONE', ( #4151, #4163, #8975, #4737 ) ) ;
#4105 = ORIENTED_EDGE ( 'NONE', *, *, #1501, .T. ) ;
#4106 = ORIENTED_EDGE ( 'NONE', *, *, #1044, .F. ) ;
#4107 = LINE ( 'NONE', #11908, #6335 ) ;
#4108 = DIRECTION ( 'NONE',  ( 0.000000000000000000, 0.000000000000000000, -1.000000000000000000 ) ) ;
#4109 = LINE ( 'NONE', #8786, #3057 ) ;
#4110 = CARTESIAN_POINT ( 'NONE',  ( -74.75000000000000000, 33.70000000000000284, 3.299999999999999822 ) ) ;
#4111 = LINE ( 'NONE', #8043, #6265 ) ;
#4112 = FACE_OUTER_BOUND ( 'NONE', #11002, .T. ) ;
#4113 = ORIENTED_EDGE ( 'NONE', *, *, #7233, .T. ) ;
#4114 = AXIS2_PLACEMENT_3D ( 'NONE', #7303, #10976, #9047 ) ;
#4115 = DIRECTION ( 'NONE',  ( 0.000000000000000000, 0.000000000000000000, -1.000000000000000000 ) ) ;
#4116 = EDGE_LOOP ( 'NONE', ( #4294, #6710, #8405, #11818 ) ) ;
#4117 = ORIENTED_EDGE ( 'NONE', *, *, #7382, .F. ) ;
#4118 = ORIENTED_EDGE ( 'NONE', *, *, #7966, .T. ) ;
#4119 = CARTESIAN_POINT ( 'NONE',  ( -47.25000000000000000, 9.000000000000000000, 6.349999999999999645 ) ) ;
#4120 = CARTESIAN_POINT ( 'NONE',  ( -4.750000000000000000, 1.750000000000000000, 10.09999999999999964 ) ) ;
#4121 = VERTEX_POINT ( 'NONE', #1819 ) ;
#4122 = EDGE_CURVE ( 'NONE', #1354, #4044, #2812, .T. ) ;
#4123 = ORIENTED_EDGE ( 'NONE', *, *, #171, .T. ) ;
#4124 = FACE_OUTER_BOUND ( 'NONE', #10315, .T. ) ;
#4125 = FACE_OUTER_BOUND ( 'NONE', #7559, .T. ) ;
#4126 = CARTESIAN_POINT ( 'NONE',  ( -2.899999999999999911, 30.30000000000000071, 4.599999999999999645 ) ) ;
#4127 = AXIS2_PLACEMENT_3D ( 'NONE', #2624, #1512, #6290 ) ;
#4128 = DIRECTION ( 'NONE',  ( 0.000000000000000000, 0.000000000000000000, 1.000000000000000000 ) ) ;
#4129 = ADVANCED_FACE ( 'NONE', ( #9644 ), #67, .T. ) ;
#4130 = CARTESIAN_POINT ( 'NONE',  ( -27.25000000000000000, 1.750000000000000000, 1.600000000000000089 ) ) ;
#4131 = VERTEX_POINT ( 'NONE', #1877 ) ;
#4132 = ORIENTED_EDGE ( 'NONE', *, *, #11518, .F. ) ;
#4133 = PLANE ( 'NONE',  #724 ) ;
#4134 = ORIENTED_EDGE ( 'NONE', *, *, #6027, .F. ) ;
#4136 = DIRECTION ( 'NONE',  ( 0.000000000000000000, 0.000000000000000000, -1.000000000000000000 ) ) ;
#4135 = VECTOR ( 'NONE', #7820, 1000.000000000000000 ) ;
#4137 = VERTEX_POINT ( 'NONE', #4843 ) ;
#4138 = ORIENTED_EDGE ( 'NONE', *, *, #2331, .T. ) ;
#4139 = DIRECTION ( 'NONE',  ( -1.000000000000000000, 0.000000000000000000, 0.000000000000000000 ) ) ;
#4140 = CARTESIAN_POINT ( 'NONE',  ( -75.00000000000000000, 32.00000000000000000, 12.59999999999999964 ) ) ;
#4141 = VERTEX_POINT ( 'NONE', #5661 ) ;
#4142 = CARTESIAN_POINT ( 'NONE',  ( -22.00000000000000000, 50.75000000000000000, 10.09999999999999964 ) ) ;
#4143 = FACE_OUTER_BOUND ( 'NONE', #11413, .T. ) ;
#4144 = EDGE_CURVE ( 'NONE', #5888, #1453, #2990, .T. ) ;
#4145 = VECTOR ( 'NONE', #889, 1000.000000000000000 ) ;
#4146 = DIRECTION ( 'NONE',  ( 0.000000000000000000, -0.7071067811865480168, -0.7071067811865470176 ) ) ;
#4147 = VERTEX_POINT ( 'NONE', #3910 ) ;
#4148 = CARTESIAN_POINT ( 'NONE',  ( -24.75000000000000000, 1.750000000000000000, 1.600000000000000089 ) ) ;
#4149 = AXIS2_PLACEMENT_3D ( 'NONE', #3348, #5283, #6030 ) ;
#4150 = EDGE_CURVE ( 'NONE', #1528, #1636, #1007, .T. ) ;
#4151 = ORIENTED_EDGE ( 'NONE', *, *, #2978, .T. ) ;
#4152 = LINE ( 'NONE', #8090, #6218 ) ;
#4153 = CARTESIAN_POINT ( 'NONE',  ( -36.25000000000000000, 51.75000000000000000, 1.600000000000000089 ) ) ;
#4154 = LINE ( 'NONE', #1065, #4972 ) ;
#4155 = PLANE ( 'NONE',  #11040 ) ;
#4156 = VECTOR ( 'NONE', #10411, 1000.000000000000000 ) ;
#4157 = EDGE_CURVE ( 'NONE', #5506, #5054, #12221, .T. ) ;
#4158 = VECTOR ( 'NONE', #9039, 1000.000000000000000 ) ;
#4159 = AXIS2_PLACEMENT_3D ( 'NONE', #5550, #8476, #5672 ) ;
#4160 = ADVANCED_FACE ( 'NONE', ( #8527 ), #5, .T. ) ;
#4161 = DIRECTION ( 'NONE',  ( 0.000000000000000000, 0.000000000000000000, -1.000000000000000000 ) ) ;
#4162 = CARTESIAN_POINT ( 'NONE',  ( -35.75000000000000000, 2.750000000000000000, 1.600000000000000089 ) ) ;
#4163 = ORIENTED_EDGE ( 'NONE', *, *, #8792, .T. ) ;
#4164 = CARTESIAN_POINT ( 'NONE',  ( -47.25000000000000000, 51.75000000000000000, 1.600000000000000089 ) ) ;
#4165 = EDGE_CURVE ( 'NONE', #10176, #6697, #11226, .T. ) ;
#4166 = CIRCLE ( 'NONE', #1609, 1.750000000000001554 ) ;
#4167 = ORIENTED_EDGE ( 'NONE', *, *, #5104, .F. ) ;
#4168 = VERTEX_POINT ( 'NONE', #6785 ) ;
#4169 = EDGE_LOOP ( 'NONE', ( #8877, #4367, #3677, #833, #10052, #6259, #11061, #9421 ) ) ;
#4170 = VECTOR ( 'NONE', #2476, 1000.000000000000000 ) ;
#4171 = DIRECTION ( 'NONE',  ( 0.000000000000000000, -1.000000000000000000, 0.000000000000000000 ) ) ;
#4172 = PLANE ( 'NONE',  #6162 ) ;
#4173 = CARTESIAN_POINT ( 'NONE',  ( -66.07322330470340432, 33.70000000000000284, 9.696446609406731199 ) ) ;
#4174 = DIRECTION ( 'NONE',  ( -1.000000000000000000, -0.000000000000000000, -0.000000000000000000 ) ) ;
#4175 = PLANE ( 'NONE',  #6858 ) ;
#4176 = EDGE_CURVE ( 'NONE', #11847, #7577, #10581, .T. ) ;
#4177 = AXIS2_PLACEMENT_3D ( 'NONE', #6203, #10940, #11941 ) ;
#4178 = DIRECTION ( 'NONE',  ( 0.000000000000000000, -1.000000000000000000, 0.000000000000000000 ) ) ;
#4179 =( GEOMETRIC_REPRESENTATION_CONTEXT ( 3 ) GLOBAL_UNCERTAINTY_ASSIGNED_CONTEXT ( ( #406 ) ) GLOBAL_UNIT_ASSIGNED_CONTEXT ( ( #282, #11680, #4070 ) ) REPRESENTATION_CONTEXT ( 'NONE', 'WORKASPACE' ) );
#4180 = CIRCLE ( 'NONE', #7776, 1.750000000000001554 ) ;
#4181 = FACE_OUTER_BOUND ( 'NONE', #7172, .T. ) ;
#4182 = ORIENTED_EDGE ( 'NONE', *, *, #10154, .T. ) ;
#4183 = EDGE_LOOP ( 'NONE', ( #3182, #5353, #10510, #4884 ) ) ;
#4184 = ORIENTED_EDGE ( 'NONE', *, *, #2937, .F. ) ;
#4185 = CARTESIAN_POINT ( 'NONE',  ( -47.95000000000000284, 48.00000000000000000, 10.59999999999999964 ) ) ;
#4186 = CARTESIAN_POINT ( 'NONE',  ( -49.75000000000000000, 51.75000000000000000, 1.600000000000000089 ) ) ;
#4187 = VERTEX_POINT ( 'NONE', #8401 ) ;
#4188 = ORIENTED_EDGE ( 'NONE', *, *, #686, .T. ) ;
#4189 = PLANE ( 'NONE',  #228 ) ;
#4190 = CARTESIAN_POINT ( 'NONE',  ( -23.00000000000000000, 50.75000000000000000, 10.09999999999999964 ) ) ;
#4191 = DIRECTION ( 'NONE',  ( 0.000000000000000000, 0.000000000000000000, -1.000000000000000000 ) ) ;
#4192 = VECTOR ( 'NONE', #5178, 1000.000000000000000 ) ;
#4193 = CARTESIAN_POINT ( 'NONE',  ( -66.00000000000000000, 41.00000000000000000, 8.550000000000000711 ) ) ;
#4194 = CARTESIAN_POINT ( 'NONE',  ( 0.000000000000000000, 0.000000000000000000, 2.600000000000000089 ) ) ;
#4195 = ADVANCED_FACE ( 'NONE', ( #7477 ), #11277, .F. ) ;
#4196 = EDGE_CURVE ( 'NONE', #11282, #2115, #11652, .T. ) ;
#4197 = DIRECTION ( 'NONE',  ( 0.000000000000000000, -1.000000000000000000, 0.000000000000000000 ) ) ;
#4198 = VERTEX_POINT ( 'NONE', #1551 ) ;
#4199 = ADVANCED_FACE ( 'NONE', ( #10772 ), #8774, .F. ) ;
#4200 = CARTESIAN_POINT ( 'NONE',  ( -32.25000000000000000, 50.75000000000000000, 10.09999999999999964 ) ) ;
#4201 = ORIENTED_EDGE ( 'NONE', *, *, #5644, .F. ) ;
#4202 = CARTESIAN_POINT ( 'NONE',  ( -27.25000000000000000, 50.75000000000000000, 10.09999999999999964 ) ) ;
#4203 = EDGE_LOOP ( 'NONE', ( #7469, #3862, #9886, #11735 ) ) ;
#4204 = ORIENTED_EDGE ( 'NONE', *, *, #7221, .T. ) ;
#4205 = CARTESIAN_POINT ( 'NONE',  ( -59.00000000000000000, 14.50000000000000000, 3.350000000000000089 ) ) ;
#4206 = CARTESIAN_POINT ( 'NONE',  ( -53.50000000000000000, 51.00000000000000000, 1.600000000000000089 ) ) ;
#4207 = EDGE_CURVE ( 'NONE', #9238, #11598, #7840, .T. ) ;
#4208 = ORIENTED_EDGE ( 'NONE', *, *, #3713, .T. ) ;
#4209 = LINE ( 'NONE', #2166, #6976 ) ;
#4210 = DIRECTION ( 'NONE',  ( 0.000000000000000000, 0.000000000000000000, -1.000000000000000000 ) ) ;
#4211 = FACE_OUTER_BOUND ( 'NONE', #9684, .T. ) ;
#4212 = ADVANCED_FACE ( 'NONE', ( #4097 ), #11068, .F. ) ;
#4213 = ORIENTED_EDGE ( 'NONE', *, *, #6459, .F. ) ;
#4214 = DIRECTION ( 'NONE',  ( 0.000000000000000000, 0.000000000000000000, 1.000000000000000000 ) ) ;
#4215 = PLANE ( 'NONE',  #1411 ) ;
#4216 = EDGE_LOOP ( 'NONE', ( #4502, #1898, #8916, #6569 ) ) ;
#4217 = CARTESIAN_POINT ( 'NONE',  ( -68.50000000000000000, 32.00000000000000000, 1.850000000000000089 ) ) ;
#4218 =( NAMED_UNIT ( * ) SI_UNIT ( $, .STERADIAN. ) SOLID_ANGLE_UNIT ( ) );
#4219 = CIRCLE ( 'NONE', #2049, 0.2500000000000000000 ) ;
#4220 = LINE ( 'NONE', #376, #7936 ) ;
#4221 = DIRECTION ( 'NONE',  ( 0.000000000000000000, -1.000000000000000000, 0.000000000000000000 ) ) ;
#4222 = EDGE_CURVE ( 'NONE', #8970, #4168, #4396, .T. ) ;
#4223 = CARTESIAN_POINT ( 'NONE',  ( -45.25000000000000000, 28.25000000000000000, 2.100000000000000089 ) ) ;
#4224 = ADVANCED_FACE ( 'NONE', ( #1253 ), #9076, .F. ) ;
#4225 = DIRECTION ( 'NONE',  ( 0.000000000000000000, 0.000000000000000000, -1.000000000000000000 ) ) ;
#4226 = VECTOR ( 'NONE', #6145, 1000.000000000000000 ) ;
#4227 = LINE ( 'NONE', #1195, #3729 ) ;
#4228 = ORIENTED_EDGE ( 'NONE', *, *, #9415, .F. ) ;
#4229 = ORIENTED_EDGE ( 'NONE', *, *, #10826, .F. ) ;
#4230 = LINE ( 'NONE', #11850, #4943 ) ;
#4231 = VERTEX_POINT ( 'NONE', #8199 ) ;
#4232 = EDGE_CURVE ( 'NONE', #7583, #11273, #5970, .T. ) ;
#4233 = ORIENTED_EDGE ( 'NONE', *, *, #2020, .F. ) ;
#4234 = EDGE_CURVE ( 'NONE', #4187, #9709, #2180, .T. ) ;
#4235 = CARTESIAN_POINT ( 'NONE',  ( -6.250000000000000000, 25.50000000000000000, 4.599999999999999645 ) ) ;
#4236 = ADVANCED_FACE ( 'NONE', ( #6032 ), #9769, .F. ) ;
#4237 = FACE_OUTER_BOUND ( 'NONE', #5395, .T. ) ;
#4238 = CARTESIAN_POINT ( 'NONE',  ( -32.25000000000000000, 2.750000000000000000, 10.09999999999999964 ) ) ;
#4239 = VECTOR ( 'NONE', #9555, 1000.000000000000000 ) ;
#4240 = LINE ( 'NONE', #7111, #6363 ) ;
#4241 = DIRECTION ( 'NONE',  ( 1.000000000000000000, 0.000000000000000000, 0.000000000000000000 ) ) ;
#4242 = EDGE_CURVE ( 'NONE', #7288, #10329, #3046, .T. ) ;
#4243 = PLANE ( 'NONE',  #11848 ) ;
#4244 = CARTESIAN_POINT ( 'NONE',  ( -34.75000000000000000, 2.750000000000000000, 1.600000000000000089 ) ) ;
#4245 = ORIENTED_EDGE ( 'NONE', *, *, #6939, .F. ) ;
#4246 = VECTOR ( 'NONE', #2016, 1000.000000000000000 ) ;
#4247 = VERTEX_POINT ( 'NONE', #11708 ) ;
#4248 = EDGE_LOOP ( 'NONE', ( #5791, #7564, #8395, #2827 ) ) ;
#4249 = DIRECTION ( 'NONE',  ( 0.000000000000000000, 0.000000000000000000, 1.000000000000000000 ) ) ;
#4250 = CARTESIAN_POINT ( 'NONE',  ( -74.75000000000000000, 32.25000000000000000, 1.850000000000000089 ) ) ;
#4251 = ORIENTED_EDGE ( 'NONE', *, *, #4085, .T. ) ;
#4252 = EDGE_CURVE ( 'NONE', #9262, #1665, #6974, .T. ) ;
#4253 = ORIENTED_EDGE ( 'NONE', *, *, #6414, .T. ) ;
#4254 = FACE_BOUND ( 'NONE', #2112, .T. ) ;
#4255 = DIRECTION ( 'NONE',  ( 1.000000000000000000, 0.000000000000000000, 0.000000000000000000 ) ) ;
#4256 = DIRECTION ( 'NONE',  ( 0.000000000000000000, 0.000000000000000000, -1.000000000000000000 ) ) ;
#4257 = DIRECTION ( 'NONE',  ( 0.000000000000000000, 1.000000000000000000, 0.000000000000000000 ) ) ;
#4258 = VECTOR ( 'NONE', #27, 1000.000000000000000 ) ;
#4259 = AXIS2_PLACEMENT_3D ( 'NONE', #10307, #3515, #919 ) ;
#4260 = LINE ( 'NONE', #11813, #8438 ) ;
#4261 = ORIENTED_EDGE ( 'NONE', *, *, #7496, .F. ) ;
#4262 = ORIENTED_EDGE ( 'NONE', *, *, #6090, .F. ) ;
#4263 = LINE ( 'NONE', #542, #1515 ) ;
#4264 = VERTEX_POINT ( 'NONE', #2122 ) ;
#4265 = CARTESIAN_POINT ( 'NONE',  ( -39.75000000000000000, 11.50000000000000000, 9.599999999999999645 ) ) ;
#4266 = VERTEX_POINT ( 'NONE', #5907 ) ;
#4267 = ADVANCED_FACE ( 'NONE', ( #7274 ), #6904, .T. ) ;
#4268 = CIRCLE ( 'NONE', #6648, 0.2500000000000000000 ) ;
#4269 = VERTEX_POINT ( 'NONE', #9131 ) ;
#4270 = DIRECTION ( 'NONE',  ( 0.000000000000000000, 0.000000000000000000, -1.000000000000000000 ) ) ;
#4271 = PLANE ( 'NONE',  #5579 ) ;
#4272 = VERTEX_POINT ( 'NONE', #6271 ) ;
#4273 = CARTESIAN_POINT ( 'NONE',  ( -9.549999999999998934, 1.750000000000000000, 10.09999999999999964 ) ) ;
#4274 = CARTESIAN_POINT ( 'NONE',  ( -29.75000000000000000, 2.750000000000000000, 10.09999999999999964 ) ) ;
#4275 = VECTOR ( 'NONE', #9165, 1000.000000000000000 ) ;
#4276 = LINE ( 'NONE', #10888, #3261 ) ;
#4277 = AXIS2_PLACEMENT_3D ( 'NONE', #7536, #11465, #11587 ) ;
#4278 = VERTEX_POINT ( 'NONE', #10062 ) ;
#4279 = CARTESIAN_POINT ( 'NONE',  ( -29.75000000000000000, 2.750000000000000000, 1.600000000000000089 ) ) ;
#4280 = CARTESIAN_POINT ( 'NONE',  ( -46.00000000000000711, 9.000000000000000000, 6.850000000000000533 ) ) ;
#4281 = DIRECTION ( 'NONE',  ( -1.000000000000000000, 0.000000000000000000, 0.000000000000000000 ) ) ;
#4282 = VECTOR ( 'NONE', #6526, 1000.000000000000000 ) ;
#4283 = DIRECTION ( 'NONE',  ( 1.000000000000000000, 0.000000000000000000, 0.000000000000000000 ) ) ;
#4284 = AXIS2_PLACEMENT_3D ( 'NONE', #10505, #4778, #2302 ) ;
#4285 = EDGE_CURVE ( 'NONE', #7080, #1678, #619, .T. ) ;
#4286 = CARTESIAN_POINT ( 'NONE',  ( -66.25000000000000000, 42.54999999999999716, 3.550000000000000266 ) ) ;
#4287 = CARTESIAN_POINT ( 'NONE',  ( -4.750000000000000000, 2.750000000000000000, 10.09999999999999964 ) ) ;
#4288 = CARTESIAN_POINT ( 'NONE',  ( -2.500000000000000000, 36.00000000000000000, 1.600000000000000089 ) ) ;
#4289 = EDGE_CURVE ( 'NONE', #8628, #9182, #11585, .T. ) ;
#4290 = CARTESIAN_POINT ( 'NONE',  ( -51.00000000000000000, 32.25000000000000000, 2.600000000000000089 ) ) ;
#4291 = VECTOR ( 'NONE', #2593, 1000.000000000000000 ) ;
#4292 = CARTESIAN_POINT ( 'NONE',  ( -52.75000000000000000, 48.00000000000000000, 10.59999999999999964 ) ) ;
#4293 = EDGE_LOOP ( 'NONE', ( #1126, #11026, #7076, #6198 ) ) ;
#4294 = ORIENTED_EDGE ( 'NONE', *, *, #4720, .F. ) ;
#4295 = ORIENTED_EDGE ( 'NONE', *, *, #2595, .F. ) ;
#4296 = CARTESIAN_POINT ( 'NONE',  ( -75.00000000000000000, 33.95000000000000284, 3.550000000000000266 ) ) ;
#4297 = LINE ( 'NONE', #8222, #8745 ) ;
#4298 = CARTESIAN_POINT ( 'NONE',  ( -13.00000000000000000, 50.75000000000000000, 10.09999999999999964 ) ) ;
#4299 = DIRECTION ( 'NONE',  ( 0.000000000000000000, 0.000000000000000000, 1.000000000000000000 ) ) ;
#4300 = CARTESIAN_POINT ( 'NONE',  ( -4.750000000000000000, 2.750000000000000000, 1.600000000000000089 ) ) ;
#4301 = CARTESIAN_POINT ( 'NONE',  ( -2.200000000000000178, 31.00000000000000000, 10.59999999999999964 ) ) ;
#4302 = FACE_OUTER_BOUND ( 'NONE', #3693, .T. ) ;
#4303 = EDGE_LOOP ( 'NONE', ( #4251, #3301, #9500, #573 ) ) ;
#4304 = EDGE_LOOP ( 'NONE', ( #3207, #2108, #5742, #11939 ) ) ;
#4305 = VERTEX_POINT ( 'NONE', #1190 ) ;
#4306 = LINE ( 'NONE', #11865, #5963 ) ;
#4307 = CARTESIAN_POINT ( 'NONE',  ( -50.35000000000000142, 44.94999999999999574, 10.59999999999999964 ) ) ;
#4308 = EDGE_CURVE ( 'NONE', #10767, #8736, #4971, .T. ) ;
#4309 = EDGE_LOOP ( 'NONE', ( #1384, #3877, #5305, #8620 ) ) ;
#4310 = CARTESIAN_POINT ( 'NONE',  ( -12.00000000000000000, 50.75000000000000000, 1.600000000000000089 ) ) ;
#4311 = LINE ( 'NONE', #7124, #4431 ) ;
#4312 = DIRECTION ( 'NONE',  ( 0.000000000000000000, 0.000000000000000000, 1.000000000000000000 ) ) ;
#4313 = CYLINDRICAL_SURFACE ( 'NONE', #2293, 0.2500000000000002220 ) ;
#4314 = ORIENTED_EDGE ( 'NONE', *, *, #3105, .F. ) ;
#4315 = ADVANCED_FACE ( 'NONE', ( #5577 ), #4578, .T. ) ;
#4316 = PLANE ( 'NONE',  #7861 ) ;
#4317 = ORIENTED_EDGE ( 'NONE', *, *, #3813, .T. ) ;
#4318 = DIRECTION ( 'NONE',  ( -0.000000000000000000, -0.000000000000000000, 1.000000000000000000 ) ) ;
#4319 = ORIENTED_EDGE ( 'NONE', *, *, #10576, .T. ) ;
#4320 = EDGE_LOOP ( 'NONE', ( #10790, #6092, #10764, #1711 ) ) ;
#4321 = CARTESIAN_POINT ( 'NONE',  ( -2.500000000000000000, 52.00000000000000000, 0.000000000000000000 ) ) ;
#4322 = CARTESIAN_POINT ( 'NONE',  ( -24.75000000000000000, 1.750000000000000000, 10.09999999999999964 ) ) ;
#4323 = AXIS2_PLACEMENT_3D ( 'NONE', #527, #2571, #7246 ) ;
#4324 = EDGE_LOOP ( 'NONE', ( #11428, #11431, #7270, #2892 ) ) ;
#4325 = DIRECTION ( 'NONE',  ( 1.000000000000000000, 1.182766006347823848E-16, 0.000000000000000000 ) ) ;
#4326 = LINE ( 'NONE', #5144, #860 ) ;
#4327 = APPLICATION_CONTEXT ( 'automotive_design' ) ;
#4328 = DIRECTION ( 'NONE',  ( -1.000000000000000000, 0.000000000000000000, 0.000000000000000000 ) ) ;
#4329 = ADVANCED_FACE ( 'NONE', ( #12309 ), #4512, .T. ) ;
#4330 = CARTESIAN_POINT ( 'NONE',  ( -47.95000000000000284, 48.00000000000000000, 10.59999999999999964 ) ) ;
#4331 = VECTOR ( 'NONE', #2185, 1000.000000000000000 ) ;
#4332 = VERTEX_POINT ( 'NONE', #10371 ) ;
#4333 = CARTESIAN_POINT ( 'NONE',  ( -15.50000000000000000, 51.75000000000000000, 10.09999999999999964 ) ) ;
#4334 = CARTESIAN_POINT ( 'NONE',  ( -25.00000000000000000, 52.50000000000000000, 1.600000000000000089 ) ) ;
#4335 = VECTOR ( 'NONE', #3506, 1000.000000000000000 ) ;
#4336 = LINE ( 'NONE', #8149, #10745 ) ;
#4337 = FILL_AREA_STYLE ('',( #629 ) ) ;
#4338 = VECTOR ( 'NONE', #3461, 1000.000000000000000 ) ;
#4339 = LINE ( 'NONE', #11776, #11930 ) ;
#4340 = LINE ( 'NONE', #4287, #2408 ) ;
#4341 = DIRECTION ( 'NONE',  ( 0.000000000000000000, 0.000000000000000000, -1.000000000000000000 ) ) ;
#4342 = ADVANCED_FACE ( 'NONE', ( #5513 ), #6513, .T. ) ;
#4343 = VECTOR ( 'NONE', #1946, 1000.000000000000000 ) ;
#4344 = DIRECTION ( 'NONE',  ( -1.000000000000000000, 0.000000000000000000, 0.000000000000000000 ) ) ;
#4345 = ORIENTED_EDGE ( 'NONE', *, *, #6685, .F. ) ;
#4346 = VECTOR ( 'NONE', #2255, 1000.000000000000000 ) ;
#4347 = DIRECTION ( 'NONE',  ( 1.000000000000000000, 0.000000000000000000, 0.000000000000000000 ) ) ;
#4348 = EDGE_CURVE ( 'NONE', #10588, #12337, #11378, .T. ) ;
#4349 = ORIENTED_EDGE ( 'NONE', *, *, #10803, .T. ) ;
#4350 = VERTEX_POINT ( 'NONE', #8440 ) ;
#4351 = EDGE_LOOP ( 'NONE', ( #9115, #1770, #9885, #11150 ) ) ;
#4352 = EDGE_CURVE ( 'NONE', #8736, #967, #11254, .T. ) ;
#4353 = AXIS2_PLACEMENT_3D ( 'NONE', #5417, #6420, #12219 ) ;
#4354 = DIRECTION ( 'NONE',  ( 0.000000000000000000, 0.000000000000000000, 1.000000000000000000 ) ) ;
#4355 = FACE_BOUND ( 'NONE', #6500, .T. ) ;
#4356 = LINE ( 'NONE', #12168, #8822 ) ;
#4357 = DIRECTION ( 'NONE',  ( -0.000000000000000000, 1.000000000000000000, 0.000000000000000000 ) ) ;
#4358 = AXIS2_PLACEMENT_3D ( 'NONE', #10816, #7085, #5018 ) ;
#4359 = DIRECTION ( 'NONE',  ( 0.000000000000000000, -1.000000000000000000, 0.000000000000000000 ) ) ;
#4360 = PLANE ( 'NONE',  #4468 ) ;
#4361 = VECTOR ( 'NONE', #2759, 1000.000000000000000 ) ;
#4362 = CARTESIAN_POINT ( 'NONE',  ( -0.7500000000000000000, 7.500000000000000000, 1.600000000000000089 ) ) ;
#4363 = ORIENTED_EDGE ( 'NONE', *, *, #8922, .T. ) ;
#4364 = AXIS2_PLACEMENT_3D ( 'NONE', #5906, #7900, #128 ) ;
#4365 = VECTOR ( 'NONE', #11921, 1000.000000000000000 ) ;
#4366 = ORIENTED_EDGE ( 'NONE', *, *, #907, .F. ) ;
#4367 = ORIENTED_EDGE ( 'NONE', *, *, #1405, .F. ) ;
#4368 = CARTESIAN_POINT ( 'NONE',  ( -28.75000000000000000, 51.75000000000000000, 10.09999999999999964 ) ) ;
#4369 = DIRECTION ( 'NONE',  ( 0.000000000000000000, 1.000000000000000000, 0.000000000000000000 ) ) ;
#4370 = CARTESIAN_POINT ( 'NONE',  ( -74.75000000000000000, 35.20000000000000284, 11.54999999999999893 ) ) ;
#4371 = DIRECTION ( 'NONE',  ( 0.000000000000000000, 0.000000000000000000, 1.000000000000000000 ) ) ;
#4372 = CARTESIAN_POINT ( 'NONE',  ( -41.25000000000000000, 51.75000000000000000, 1.600000000000000089 ) ) ;
#4373 = DIRECTION ( 'NONE',  ( -0.000000000000000000, -0.000000000000000000, -1.000000000000000000 ) ) ;
#4374 = VECTOR ( 'NONE', #9162, 1000.000000000000000 ) ;
#4375 = CARTESIAN_POINT ( 'NONE',  ( -23.25000000000000000, 1.750000000000000000, 1.600000000000000089 ) ) ;
#4376 = VERTEX_POINT ( 'NONE', #8380 ) ;
#4377 = AXIS2_PLACEMENT_3D ( 'NONE', #1996, #5844, #11651 ) ;
#4378 = ADVANCED_FACE ( 'NONE', ( #3701 ), #1615, .F. ) ;
#4379 = VECTOR ( 'NONE', #4086, 1000.000000000000000 ) ;
#4380 = LINE ( 'NONE', #7386, #10621 ) ;
#4381 = ORIENTED_EDGE ( 'NONE', *, *, #2360, .F. ) ;
#4382 = LINE ( 'NONE', #11057, #4498 ) ;
#4383 = VERTEX_POINT ( 'NONE', #10186 ) ;
#4384 = DIRECTION ( 'NONE',  ( 1.000000000000000000, 0.000000000000000000, 0.000000000000000000 ) ) ;
#4385 = VECTOR ( 'NONE', #914, 1000.000000000000000 ) ;
#4386 = ORIENTED_EDGE ( 'NONE', *, *, #10220, .T. ) ;
#4387 = EDGE_LOOP ( 'NONE', ( #11852, #4201, #11456, #10792 ) ) ;
#4388 = DIRECTION ( 'NONE',  ( 1.000000000000000000, 0.000000000000000000, 0.000000000000000000 ) ) ;
#4389 = DIRECTION ( 'NONE',  ( 0.000000000000000000, 0.000000000000000000, -1.000000000000000000 ) ) ;
#4390 = VECTOR ( 'NONE', #1344, 1000.000000000000000 ) ;
#4391 = ORIENTED_EDGE ( 'NONE', *, *, #11292, .T. ) ;
#4392 = EDGE_CURVE ( 'NONE', #10329, #4822, #5398, .T. ) ;
#4393 = CARTESIAN_POINT ( 'NONE',  ( -14.50000000000000000, 51.75000000000000000, 10.09999999999999964 ) ) ;
#4394 = CARTESIAN_POINT ( 'NONE',  ( -48.75000000000000000, 50.75000000000000000, 10.09999999999999964 ) ) ;
#4395 = EDGE_CURVE ( 'NONE', #11955, #5993, #12199, .T. ) ;
#4396 = LINE ( 'NONE', #10645, #2082 ) ;
#4397 = EDGE_CURVE ( 'NONE', #2542, #3720, #7330, .T. ) ;
#4398 = FACE_OUTER_BOUND ( 'NONE', #4303, .T. ) ;
#4399 = ADVANCED_FACE ( 'NONE', ( #7574 ), #8319, .T. ) ;
#4400 = ORIENTED_EDGE ( 'NONE', *, *, #7218, .T. ) ;
#4401 = ORIENTED_EDGE ( 'NONE', *, *, #2868, .T. ) ;
#4402 = DIRECTION ( 'NONE',  ( -1.000000000000000000, 0.000000000000000000, 0.000000000000000000 ) ) ;
#4403 = CARTESIAN_POINT ( 'NONE',  ( -18.00000000000000000, 51.75000000000000000, 10.09999999999999964 ) ) ;
#4404 = LINE ( 'NONE', #8387, #2409 ) ;
#4405 = CARTESIAN_POINT ( 'NONE',  ( -28.25000000000000000, 2.750000000000000000, 1.600000000000000089 ) ) ;
#4406 = EDGE_CURVE ( 'NONE', #1729, #3963, #4634, .T. ) ;
#4407 = DIRECTION ( 'NONE',  ( 0.000000000000000000, -1.000000000000000000, 0.000000000000000000 ) ) ;
#4408 = CARTESIAN_POINT ( 'NONE',  ( -3.250000000000000000, 50.00000000000000000, 10.09999999999999964 ) ) ;
#4409 = DIRECTION ( 'NONE',  ( 1.000000000000000000, 0.000000000000000000, 0.000000000000000000 ) ) ;
#4410 = LINE ( 'NONE', #8095, #5073 ) ;
#4411 = ORIENTED_EDGE ( 'NONE', *, *, #11450, .F. ) ;
#4412 = CARTESIAN_POINT ( 'NONE',  ( -75.00000000000000000, 41.19644660940669922, 11.54999999999999893 ) ) ;
#4413 = ORIENTED_EDGE ( 'NONE', *, *, #7696, .F. ) ;
#4414 = ORIENTED_EDGE ( 'NONE', *, *, #8587, .F. ) ;
#4415 = CIRCLE ( 'NONE', #2836, 1.500000000000001332 ) ;
#4416 = ORIENTED_EDGE ( 'NONE', *, *, #10794, .F. ) ;
#4417 = ADVANCED_FACE ( 'NONE', ( #4691 ), #11192, .T. ) ;
#4418 = CARTESIAN_POINT ( 'NONE',  ( -33.75000000000000000, 50.75000000000000000, 1.600000000000000089 ) ) ;
#4419 = CARTESIAN_POINT ( 'NONE',  ( -51.00000000000000000, 50.00000000000000000, 1.600000000000000089 ) ) ;
#4420 = DIRECTION ( 'NONE',  ( 0.000000000000000000, 0.000000000000000000, -1.000000000000000000 ) ) ;
#4421 = LINE ( 'NONE', #10850, #4374 ) ;
#4422 = FACE_OUTER_BOUND ( 'NONE', #5013, .T. ) ;
#4423 = VECTOR ( 'NONE', #444, 1000.000000000000000 ) ;
#4424 = FACE_OUTER_BOUND ( 'NONE', #1939, .T. ) ;
#4425 = CARTESIAN_POINT ( 'NONE',  ( -21.00000000000000000, 3.500000000000000000, 10.09999999999999964 ) ) ;
#4426 = ORIENTED_EDGE ( 'NONE', *, *, #2997, .F. ) ;
#4427 = ORIENTED_EDGE ( 'NONE', *, *, #11210, .T. ) ;
#4428 = ORIENTED_EDGE ( 'NONE', *, *, #517, .T. ) ;
#4429 = DIRECTION ( 'NONE',  ( 0.000000000000000000, 0.000000000000000000, 1.000000000000000000 ) ) ;
#4430 = DIRECTION ( 'NONE',  ( 0.000000000000000000, -1.000000000000000000, 0.000000000000000000 ) ) ;
#4431 = VECTOR ( 'NONE', #4255, 1000.000000000000000 ) ;
#4432 = ADVANCED_FACE ( 'NONE', ( #677 ), #4455, .F. ) ;
#4433 = FACE_OUTER_BOUND ( 'NONE', #8359, .T. ) ;
#4434 = DIRECTION ( 'NONE',  ( 0.000000000000000000, 0.000000000000000000, -1.000000000000000000 ) ) ;
#4435 = LINE ( 'NONE', #7381, #7632 ) ;
#4436 = CARTESIAN_POINT ( 'NONE',  ( -26.25000000000000000, 50.75000000000000000, 10.09999999999999964 ) ) ;
#4437 = LINE ( 'NONE', #662, #4850 ) ;
#4438 = EDGE_CURVE ( 'NONE', #7693, #2906, #8261, .T. ) ;
#4439 = DIRECTION ( 'NONE',  ( 0.000000000000000000, -1.000000000000000000, 0.000000000000000000 ) ) ;
#4440 = VECTOR ( 'NONE', #9096, 1000.000000000000000 ) ;
#4441 = VERTEX_POINT ( 'NONE', #1673 ) ;
#4442 = ADVANCED_FACE ( 'NONE', ( #5453 ), #9254, .T. ) ;
#4443 = DIRECTION ( 'NONE',  ( 1.000000000000000000, -0.000000000000000000, -0.000000000000000000 ) ) ;
#4444 = ORIENTED_EDGE ( 'NONE', *, *, #6878, .F. ) ;
#4445 = DIRECTION ( 'NONE',  ( 0.000000000000000000, -1.000000000000000000, 0.000000000000000000 ) ) ;
#4446 = ORIENTED_EDGE ( 'NONE', *, *, #5148, .F. ) ;
#4447 = ORIENTED_EDGE ( 'NONE', *, *, #5478, .F. ) ;
#4448 = CARTESIAN_POINT ( 'NONE',  ( -62.50000000000000000, 20.50000000000000000, 3.350000000000000089 ) ) ;
#4449 = FACE_OUTER_BOUND ( 'NONE', #11099, .T. ) ;
#4450 = ADVANCED_FACE ( 'NONE', ( #7691 ), #1227, .F. ) ;
#4451 = EDGE_LOOP ( 'NONE', ( #5531, #10715, #8342, #2627 ) ) ;
#4452 = PLANE ( 'NONE',  #1625 ) ;
#4453 = CARTESIAN_POINT ( 'NONE',  ( -4.549999999999999822, 26.20000000000000284, 10.59999999999999964 ) ) ;
#4454 = TOROIDAL_SURFACE ( 'NONE', #8046, 1.500000000000000000, 0.2500000000000000000 ) ;
#4455 = PLANE ( 'NONE',  #11624 ) ;
#4456 = PLANE ( 'NONE',  #9449 ) ;
#4457 = VECTOR ( 'NONE', #7576, 1000.000000000000000 ) ;
#4458 = VERTEX_POINT ( 'NONE', #5940 ) ;
#4459 = VECTOR ( 'NONE', #2078, 1000.000000000000000 ) ;
#4460 = LINE ( 'NONE', #11130, #5135 ) ;
#4461 = ADVANCED_FACE ( 'NONE', ( #102 ), #8625, .F. ) ;
#4462 = CARTESIAN_POINT ( 'NONE',  ( -47.25000000000000000, 45.65000000000000568, 10.59999999999999964 ) ) ;
#4463 = LINE ( 'NONE', #5587, #4779 ) ;
#4464 = LINE ( 'NONE', #11265, #7225 ) ;
#4465 = EDGE_CURVE ( 'NONE', #3336, #887, #1105, .T. ) ;
#4466 = DIRECTION ( 'NONE',  ( 0.000000000000000000, 1.000000000000000000, 0.000000000000000000 ) ) ;
#4467 = FACE_OUTER_BOUND ( 'NONE', #8753, .T. ) ;
#4468 = AXIS2_PLACEMENT_3D ( 'NONE', #10975, #8353, #11982 ) ;
#4469 = CIRCLE ( 'NONE', #7465, 4.500000000000000888 ) ;
#4470 = CARTESIAN_POINT ( 'NONE',  ( 0.000000000000000000, 47.30000000000000426, 4.599999999999999645 ) ) ;
#4471 = DIRECTION ( 'NONE',  ( 0.000000000000000000, 0.7071067811865475727, 0.7071067811865475727 ) ) ;
#4472 = ORIENTED_EDGE ( 'NONE', *, *, #10111, .F. ) ;
#4473 = EDGE_CURVE ( 'NONE', #3982, #422, #6823, .T. ) ;
#4474 = CARTESIAN_POINT ( 'NONE',  ( -54.50000000000000000, 26.00000000000000000, 2.350000000000000089 ) ) ;
#4475 = ORIENTED_EDGE ( 'NONE', *, *, #1525, .T. ) ;
#4476 = VERTEX_POINT ( 'NONE', #9739 ) ;
#4477 = VECTOR ( 'NONE', #4501, 1000.000000000000000 ) ;
#4478 = VECTOR ( 'NONE', #11829, 1000.000000000000000 ) ;
#4479 = EDGE_LOOP ( 'NONE', ( #1094, #1919, #5744, #8324, #8218, #864 ) ) ;
#4480 = ORIENTED_EDGE ( 'NONE', *, *, #9372, .F. ) ;
#4481 = DIRECTION ( 'NONE',  ( -1.000000000000000000, 0.000000000000000000, 0.000000000000000000 ) ) ;
#4482 = CYLINDRICAL_SURFACE ( 'NONE', #11948, 1.750000000000000222 ) ;
#4483 = FACE_OUTER_BOUND ( 'NONE', #3122, .T. ) ;
#4484 = CARTESIAN_POINT ( 'NONE',  ( -4.549999999999999822, 26.20000000000000284, 4.599999999999999645 ) ) ;
#4485 = LINE ( 'NONE', #2508, #11849 ) ;
#4486 = LINE ( 'NONE', #6720, #6262 ) ;
#4487 = DIRECTION ( 'NONE',  ( 1.000000000000000000, 0.000000000000000000, 0.000000000000000000 ) ) ;
#4488 = ORIENTED_EDGE ( 'NONE', *, *, #7209, .T. ) ;
#4489 = ORIENTED_EDGE ( 'NONE', *, *, #2198, .T. ) ;
#4490 = ORIENTED_EDGE ( 'NONE', *, *, #1999, .F. ) ;
#4491 = LINE ( 'NONE', #10040, #11135 ) ;
#4492 = DIRECTION ( 'NONE',  ( 1.000000000000000000, 0.000000000000000000, 0.000000000000000000 ) ) ;
#4493 = DIRECTION ( 'NONE',  ( 0.000000000000000000, -1.000000000000000000, 0.000000000000000000 ) ) ;
#4494 = PLANE ( 'NONE',  #2221 ) ;
#4495 = DIRECTION ( 'NONE',  ( -1.000000000000000000, 0.000000000000000000, 0.000000000000000000 ) ) ;
#4496 = CARTESIAN_POINT ( 'NONE',  ( -39.75000000000000000, 2.750000000000000000, 10.09999999999999964 ) ) ;
#4497 = LINE ( 'NONE', #784, #7646 ) ;
#4498 = VECTOR ( 'NONE', #4564, 1000.000000000000000 ) ;
#4499 = LINE ( 'NONE', #6381, #10231 ) ;
#4500 = ORIENTED_EDGE ( 'NONE', *, *, #8653, .F. ) ;
#4501 = DIRECTION ( 'NONE',  ( 0.000000000000000000, 0.000000000000000000, -1.000000000000000000 ) ) ;
#4502 = ORIENTED_EDGE ( 'NONE', *, *, #5240, .T. ) ;
#4503 = EDGE_CURVE ( 'NONE', #8899, #9748, #11622, .T. ) ;
#4504 = ORIENTED_EDGE ( 'NONE', *, *, #11259, .T. ) ;
#4505 = ORIENTED_EDGE ( 'NONE', *, *, #2948, .F. ) ;
#4506 = CARTESIAN_POINT ( 'NONE',  ( -5.250000000000000000, 25.50000000000000000, 4.599999999999999645 ) ) ;
#4507 = CARTESIAN_POINT ( 'NONE',  ( -4.549999999999999822, 25.50000000000000000, 10.59999999999999964 ) ) ;
#4508 = ORIENTED_EDGE ( 'NONE', *, *, #578, .T. ) ;
#4509 = LINE ( 'NONE', #4393, #8570 ) ;
#4510 = LINE ( 'NONE', #1912, #9805 ) ;
#4511 = EDGE_CURVE ( 'NONE', #8676, #9330, #5008, .T. ) ;
#4512 = CYLINDRICAL_SURFACE ( 'NONE', #7049, 1.750000000000001554 ) ;
#4513 = DIRECTION ( 'NONE',  ( 0.000000000000000000, -1.000000000000000000, 0.000000000000000000 ) ) ;
#4514 = ORIENTED_EDGE ( 'NONE', *, *, #7548, .T. ) ;
#4516 = VECTOR ( 'NONE', #4927, 1000.000000000000000 ) ;
#4515 = CARTESIAN_POINT ( 'NONE',  ( -48.75000000000000000, 50.75000000000000000, 10.09999999999999964 ) ) ;
#4517 = EDGE_LOOP ( 'NONE', ( #10298, #10107, #2175, #8735, #7793, #12067 ) ) ;
#4518 = ADVANCED_FACE ( 'NONE', ( #10557 ), #9492, .F. ) ;
#4519 = ORIENTED_EDGE ( 'NONE', *, *, #7356, .T. ) ;
#4520 = CARTESIAN_POINT ( 'NONE',  ( -2.500000000000000000, 36.00000000000000000, 1.600000000000000089 ) ) ;
#4521 = DIRECTION ( 'NONE',  ( -1.000000000000000000, 0.000000000000000000, 0.000000000000000000 ) ) ;
#4522 = CARTESIAN_POINT ( 'NONE',  ( -62.50000000000000000, 19.00000000000000000, 1.600000000000000089 ) ) ;
#4523 = DIRECTION ( 'NONE',  ( -1.000000000000000000, 0.000000000000000000, 0.000000000000000000 ) ) ;
#4524 = EDGE_CURVE ( 'NONE', #2087, #11153, #10613, .T. ) ;
#4525 = DIRECTION ( 'NONE',  ( 1.000000000000000000, 0.000000000000000000, 0.000000000000000000 ) ) ;
#4526 = CIRCLE ( 'NONE', #3342, 2.250000000000001776 ) ;
#4527 = DIRECTION ( 'NONE',  ( 1.000000000000000000, 0.000000000000000000, 0.000000000000000000 ) ) ;
#4528 = ORIENTED_EDGE ( 'NONE', *, *, #8501, .F. ) ;
#4529 = DIRECTION ( 'NONE',  ( 0.000000000000000000, 0.000000000000000000, 1.000000000000000000 ) ) ;
#4530 = VERTEX_POINT ( 'NONE', #8689 ) ;
#4531 = VERTEX_POINT ( 'NONE', #4939 ) ;
#4532 = VECTOR ( 'NONE', #10313, 1000.000000000000000 ) ;
#4533 = EDGE_LOOP ( 'NONE', ( #10711, #12032, #7412 ) ) ;
#4534 = CARTESIAN_POINT ( 'NONE',  ( -39.75000000000000000, 21.50000000000000000, 6.599999999999999645 ) ) ;
#4535 = EDGE_CURVE ( 'NONE', #1218, #11023, #10430, .T. ) ;
#4536 = DIRECTION ( 'NONE',  ( -1.000000000000000000, 0.000000000000000000, 0.000000000000000000 ) ) ;
#4537 = LINE ( 'NONE', #6356, #4440 ) ;
#4538 = ADVANCED_FACE ( 'NONE', ( #8804 ), #3940, .F. ) ;
#4539 = DIRECTION ( 'NONE',  ( -1.000000000000000000, 0.000000000000000000, 0.000000000000000000 ) ) ;
#4540 = CARTESIAN_POINT ( 'NONE',  ( -41.25000000000000000, 51.75000000000000000, 1.600000000000000089 ) ) ;
#4541 = AXIS2_PLACEMENT_3D ( 'NONE', #205, #3006, #2197 ) ;
#4542 = ADVANCED_FACE ( 'NONE', ( #5816 ), #6882, .T. ) ;
#4543 = VECTOR ( 'NONE', #9569, 1000.000000000000000 ) ;
#4544 = FACE_OUTER_BOUND ( 'NONE', #7016, .T. ) ;
#4545 = EDGE_CURVE ( 'NONE', #1693, #288, #3081, .T. ) ;
#4546 = DIRECTION ( 'NONE',  ( 0.000000000000000000, 0.000000000000000000, -1.000000000000000000 ) ) ;
#4547 = EDGE_LOOP ( 'NONE', ( #2411, #5686, #512 ) ) ;
#4548 = AXIS2_PLACEMENT_3D ( 'NONE', #250, #3908, #10393 ) ;
#4549 = ORIENTED_EDGE ( 'NONE', *, *, #9842, .T. ) ;
#4550 = ORIENTED_EDGE ( 'NONE', *, *, #7761, .T. ) ;
#4551 = DIRECTION ( 'NONE',  ( -1.000000000000000000, 0.000000000000000000, 0.000000000000000000 ) ) ;
#4552 = VECTOR ( 'NONE', #9186, 1000.000000000000000 ) ;
#4553 = FACE_OUTER_BOUND ( 'NONE', #153, .T. ) ;
#4554 = CARTESIAN_POINT ( 'NONE',  ( -35.75000000000000000, 2.750000000000000000, 10.09999999999999964 ) ) ;
#4555 = DIRECTION ( 'NONE',  ( 0.000000000000000000, 1.000000000000000000, 0.000000000000000000 ) ) ;
#4556 = EDGE_CURVE ( 'NONE', #3212, #5445, #977, .T. ) ;
#4557 = PLANE ( 'NONE',  #12329 ) ;
#4558 = CARTESIAN_POINT ( 'NONE',  ( -25.00000000000000000, 50.00000000000000000, 1.600000000000000089 ) ) ;
#4559 = VECTOR ( 'NONE', #8419, 1000.000000000000000 ) ;
#4560 = DIRECTION ( 'NONE',  ( 0.000000000000000000, 0.000000000000000000, -1.000000000000000000 ) ) ;
#4561 = AXIS2_PLACEMENT_3D ( 'NONE', #5861, #6799, #10594 ) ;
#4562 = ORIENTED_EDGE ( 'NONE', *, *, #2230, .T. ) ;
#4563 = AXIS2_PLACEMENT_3D ( 'NONE', #443, #8024, #2013 ) ;
#4564 = DIRECTION ( 'NONE',  ( 0.000000000000000000, 0.000000000000000000, -1.000000000000000000 ) ) ;
#4565 = ORIENTED_EDGE ( 'NONE', *, *, #374, .T. ) ;
#4566 = ORIENTED_EDGE ( 'NONE', *, *, #5618, .T. ) ;
#4567 = ORIENTED_EDGE ( 'NONE', *, *, #10019, .T. ) ;
#4568 = DIRECTION ( 'NONE',  ( 0.000000000000000000, 0.000000000000000000, 1.000000000000000000 ) ) ;
#4569 = FACE_OUTER_BOUND ( 'NONE', #10815, .T. ) ;
#4570 = EDGE_LOOP ( 'NONE', ( #5943, #4052, #3534, #3765 ) ) ;
#4571 = AXIS2_PLACEMENT_3D ( 'NONE', #9905, #1392, #5180 ) ;
#4572 = ORIENTED_EDGE ( 'NONE', *, *, #5585, .F. ) ;
#4573 = EDGE_CURVE ( 'NONE', #4827, #8957, #3824, .T. ) ;
#4574 = LINE ( 'NONE', #1549, #4170 ) ;
#4575 = AXIS2_PLACEMENT_3D ( 'NONE', #3350, #2550, #10015 ) ;
#4576 = EDGE_CURVE ( 'NONE', #11084, #2711, #1965, .T. ) ;
#4577 = VECTOR ( 'NONE', #7520, 1000.000000000000000 ) ;
#4578 = PLANE ( 'NONE',  #6044 ) ;
#4579 = ADVANCED_FACE ( 'NONE', ( #2903 ), #5753, .F. ) ;
#4580 = DIRECTION ( 'NONE',  ( 1.000000000000000000, 0.000000000000000000, 0.000000000000000000 ) ) ;
#4581 = AXIS2_PLACEMENT_3D ( 'NONE', #11430, #2089, #5627 ) ;
#4582 = ORIENTED_EDGE ( 'NONE', *, *, #1478, .F. ) ;
#4583 = ADVANCED_FACE ( 'NONE', ( #3140 ), #3322, .T. ) ;
#4584 = VECTOR ( 'NONE', #7628, 1000.000000000000000 ) ;
#4585 = CARTESIAN_POINT ( 'NONE',  ( -66.00000000000000000, 42.79999999999999716, 3.550000000000000266 ) ) ;
#4586 = EDGE_LOOP ( 'NONE', ( #9425, #337, #10002, #4596 ) ) ;
#4587 = VERTEX_POINT ( 'NONE', #416 ) ;
#4588 = PLANE ( 'NONE',  #11544 ) ;
#4589 = FACE_OUTER_BOUND ( 'NONE', #9525, .T. ) ;
#4590 = CARTESIAN_POINT ( 'NONE',  ( -45.25000000000000000, 27.50000000000000000, 3.850000000000000089 ) ) ;
#4591 = ADVANCED_FACE ( 'NONE', ( #6193 ), #9924, .F. ) ;
#4592 = FACE_OUTER_BOUND ( 'NONE', #10777, .T. ) ;
#4593 = VERTEX_POINT ( 'NONE', #2341 ) ;
#4594 = ADVANCED_FACE ( 'NONE', ( #9990 ), #2463, .T. ) ;
#4595 = CARTESIAN_POINT ( 'NONE',  ( 0.000000000000000000, 0.000000000000000000, 10.09999999999999964 ) ) ;
#4596 = ORIENTED_EDGE ( 'NONE', *, *, #3609, .T. ) ;
#4597 = VERTEX_POINT ( 'NONE', #477 ) ;
#4598 = ORIENTED_EDGE ( 'NONE', *, *, #3247, .T. ) ;
#4599 = ADVANCED_FACE ( 'NONE', ( #347 ), #4454, .T. ) ;
#4600 = EDGE_CURVE ( 'NONE', #10566, #1762, #11812, .T. ) ;
#4601 = CARTESIAN_POINT ( 'NONE',  ( -59.00000000000000000, 46.00000000000000000, 3.850000000000000089 ) ) ;
#4602 = DIRECTION ( 'NONE',  ( 0.000000000000000000, 0.000000000000000000, -1.000000000000000000 ) ) ;
#4603 = CARTESIAN_POINT ( 'NONE',  ( -42.25000000000000000, 51.75000000000000000, 10.09999999999999964 ) ) ;
#4604 = CARTESIAN_POINT ( 'NONE',  ( -67.50000000000000000, 8.000000000000000000, 7.599999999999999645 ) ) ;
#4605 = DIRECTION ( 'NONE',  ( 0.000000000000000000, 0.000000000000000000, -1.000000000000000000 ) ) ;
#4606 = VECTOR ( 'NONE', #4492, 1000.000000000000000 ) ;
#4607 = DIRECTION ( 'NONE',  ( 1.000000000000000000, 0.000000000000000000, 0.000000000000000000 ) ) ;
#4608 = EDGE_CURVE ( 'NONE', #1169, #1138, #10869, .T. ) ;
#4609 = ORIENTED_EDGE ( 'NONE', *, *, #6090, .T. ) ;
#4610 = ORIENTED_EDGE ( 'NONE', *, *, #4165, .F. ) ;
#4611 = EDGE_CURVE ( 'NONE', #3331, #3264, #11928, .T. ) ;
#4612 = ORIENTED_EDGE ( 'NONE', *, *, #5883, .T. ) ;
#4613 = LINE ( 'NONE', #954, #7166 ) ;
#4614 = CARTESIAN_POINT ( 'NONE',  ( -59.00000000000000000, 17.89999999999999858, 2.600000000000000089 ) ) ;
#4615 = LINE ( 'NONE', #7551, #5780 ) ;
#4616 = CARTESIAN_POINT ( 'NONE',  ( -74.75000000000000000, 33.45000000000000284, 3.299999999999999822 ) ) ;
#4617 = VECTOR ( 'NONE', #1431, 1000.000000000000000 ) ;
#4618 = ADVANCED_FACE ( 'NONE', ( #10743 ), #7129, .T. ) ;
#4619 = DIRECTION ( 'NONE',  ( 0.000000000000000000, 0.000000000000000000, 1.000000000000000000 ) ) ;
#4620 = CARTESIAN_POINT ( 'NONE',  ( -44.75000000000000000, 51.75000000000000000, 1.600000000000000089 ) ) ;
#4621 = LINE ( 'NONE', #8423, #9247 ) ;
#4622 = ORIENTED_EDGE ( 'NONE', *, *, #9797, .F. ) ;
#4623 = CARTESIAN_POINT ( 'NONE',  ( -6.250000000000000000, 31.00000000000000000, 4.599999999999999645 ) ) ;
#4624 = ORIENTED_EDGE ( 'NONE', *, *, #11752, .F. ) ;
#4625 = VECTOR ( 'NONE', #3700, 1000.000000000000000 ) ;
#4626 = ADVANCED_FACE ( 'NONE', ( #5254 ), #5198, .T. ) ;
#4627 = ORIENTED_EDGE ( 'NONE', *, *, #11539, .T. ) ;
#4628 = VERTEX_POINT ( 'NONE', #5128 ) ;
#4629 = CARTESIAN_POINT ( 'NONE',  ( -68.50000000000000000, 32.25000000000000000, 1.850000000000000089 ) ) ;
#4630 = DIRECTION ( 'NONE',  ( 0.000000000000000000, 1.000000000000000000, 0.000000000000000000 ) ) ;
#4631 = ORIENTED_EDGE ( 'NONE', *, *, #6987, .F. ) ;
#4632 = DIRECTION ( 'NONE',  ( 0.000000000000000000, 0.000000000000000000, -1.000000000000000000 ) ) ;
#4633 = CARTESIAN_POINT ( 'NONE',  ( -74.75000000000000000, 43.04999999999999716, 9.696446609406731199 ) ) ;
#4634 = LINE ( 'NONE', #12256, #284 ) ;
#4635 = VECTOR ( 'NONE', #6920, 1000.000000000000000 ) ;
#4636 = DIRECTION ( 'NONE',  ( 0.000000000000000000, 0.000000000000000000, -1.000000000000000000 ) ) ;
#4637 = ADVANCED_FACE ( 'NONE', ( #10048 ), #5315, .F. ) ;
#4638 = VERTEX_POINT ( 'NONE', #4375 ) ;
#4639 = CARTESIAN_POINT ( 'NONE',  ( -47.25000000000000000, 49.00000000000000000, 1.600000000000000089 ) ) ;
#4640 = EDGE_LOOP ( 'NONE', ( #7700, #9816, #11770, #1814 ) ) ;
#4641 = CARTESIAN_POINT ( 'NONE',  ( -34.75000000000000000, 1.750000000000000000, 10.09999999999999964 ) ) ;
#4642 = VECTOR ( 'NONE', #1066, 1000.000000000000000 ) ;
#4643 = ORIENTED_EDGE ( 'NONE', *, *, #6755, .T. ) ;
#4644 = DIRECTION ( 'NONE',  ( 0.000000000000000000, 0.000000000000000000, -1.000000000000000000 ) ) ;
#4645 = DIRECTION ( 'NONE',  ( 0.000000000000000000, 0.000000000000000000, 1.000000000000000000 ) ) ;
#4646 = CARTESIAN_POINT ( 'NONE',  ( -5.250000000000000000, 26.20000000000000284, 10.59999999999999964 ) ) ;
#4647 = VECTOR ( 'NONE', #11055, 1000.000000000000000 ) ;
#4648 = VECTOR ( 'NONE', #4716, 1000.000000000000000 ) ;
#4649 = CARTESIAN_POINT ( 'NONE',  ( -43.75000000000000000, 50.75000000000000000, 1.600000000000000089 ) ) ;
#4650 = ORIENTED_EDGE ( 'NONE', *, *, #2917, .T. ) ;
#4651 = FACE_BOUND ( 'NONE', #9214, .T. ) ;
#4652 = ORIENTED_EDGE ( 'NONE', *, *, #6296, .T. ) ;
#4653 = EDGE_LOOP ( 'NONE', ( #4001, #2680, #6557, #4204 ) ) ;
#4654 = EDGE_CURVE ( 'NONE', #1729, #6060, #8186, .T. ) ;
#4655 = VECTOR ( 'NONE', #1580, 1000.000000000000000 ) ;
#4656 = VECTOR ( 'NONE', #8850, 1000.000000000000000 ) ;
#4657 = DIRECTION ( 'NONE',  ( 1.000000000000000000, 0.000000000000000000, 0.000000000000000000 ) ) ;
#4658 = PLANE ( 'NONE',  #998 ) ;
#4659 = CARTESIAN_POINT ( 'NONE',  ( -52.04999999999999716, 47.30000000000000426, 10.59999999999999964 ) ) ;
#4660 = ADVANCED_FACE ( 'NONE', ( #8871 ), #3205, .T. ) ;
#4661 = DIRECTION ( 'NONE',  ( -1.000000000000000000, 0.000000000000000000, 0.000000000000000000 ) ) ;
#4662 = DIRECTION ( 'NONE',  ( 0.000000000000000000, 1.000000000000000000, 0.000000000000000000 ) ) ;
#4663 = DIRECTION ( 'NONE',  ( 0.000000000000000000, 1.000000000000000000, 0.000000000000000000 ) ) ;
#4664 = VECTOR ( 'NONE', #7015, 1000.000000000000000 ) ;
#4665 = VECTOR ( 'NONE', #1255, 1000.000000000000000 ) ;
#4666 = LINE ( 'NONE', #2870, #5116 ) ;
#4667 = VERTEX_POINT ( 'NONE', #9863 ) ;
#4668 = CARTESIAN_POINT ( 'NONE',  ( -45.25000000000000000, 23.75000000000000000, 1.600000000000000089 ) ) ;
#4669 = ORIENTED_EDGE ( 'NONE', *, *, #1657, .F. ) ;
#4670 = EDGE_LOOP ( 'NONE', ( #11371, #9090 ) ) ;
#4671 = CARTESIAN_POINT ( 'NONE',  ( -48.75000000000000000, 50.75000000000000000, 10.09999999999999964 ) ) ;
#4672 = EDGE_LOOP ( 'NONE', ( #8904, #968, #11381, #4812 ) ) ;
#4673 = LINE ( 'NONE', #9287, #1380 ) ;
#4674 = LINE ( 'NONE', #2881, #8539 ) ;
#4675 = CARTESIAN_POINT ( 'NONE',  ( -50.35000000000000142, 44.94999999999999574, 10.59999999999999964 ) ) ;
#4676 = LINE ( 'NONE', #10355, #2391 ) ;
#4677 = CARTESIAN_POINT ( 'NONE',  ( -75.00000000000000000, 35.20000000000000284, 11.29999999999999893 ) ) ;
#4678 = VERTEX_POINT ( 'NONE', #8927 ) ;
#4679 = DIRECTION ( 'NONE',  ( 0.000000000000000000, 0.000000000000000000, -1.000000000000000000 ) ) ;
#4680 = VERTEX_POINT ( 'NONE', #3260 ) ;
#4681 = CARTESIAN_POINT ( 'NONE',  ( -17.00000000000000000, 51.75000000000000000, 1.600000000000000089 ) ) ;
#4682 = ORIENTED_EDGE ( 'NONE', *, *, #10918, .F. ) ;
#4683 = EDGE_CURVE ( 'NONE', #4090, #9709, #11634, .T. ) ;
#4684 = VERTEX_POINT ( 'NONE', #10290 ) ;
#4685 = EDGE_LOOP ( 'NONE', ( #9487, #6490, #3131, #7817 ) ) ;
#4686 = DIRECTION ( 'NONE',  ( 0.000000000000000000, 1.000000000000000000, 0.000000000000000000 ) ) ;
#4687 = DIRECTION ( 'NONE',  ( 0.000000000000000000, -1.000000000000000000, 0.000000000000000000 ) ) ;
#4688 = ORIENTED_EDGE ( 'NONE', *, *, #2845, .F. ) ;
#4689 = CARTESIAN_POINT ( 'NONE',  ( -51.00000000000000000, 50.00000000000000000, 10.09999999999999964 ) ) ;
#4690 = DIRECTION ( 'NONE',  ( 0.000000000000000000, 0.000000000000000000, 1.000000000000000000 ) ) ;
#4691 = FACE_OUTER_BOUND ( 'NONE', #3073, .T. ) ;
#4692 = EDGE_CURVE ( 'NONE', #37, #1927, #12239, .T. ) ;
#4693 = CARTESIAN_POINT ( 'NONE',  ( -8.000000000000000000, 51.75000000000000000, 10.09999999999999964 ) ) ;
#4694 = VERTEX_POINT ( 'NONE', #7385 ) ;
#4695 = VERTEX_POINT ( 'NONE', #11177 ) ;
#4696 = EDGE_CURVE ( 'NONE', #6699, #4131, #5498, .T. ) ;
#4697 = LINE ( 'NONE', #12260, #5936 ) ;
#4698 = ORIENTED_EDGE ( 'NONE', *, *, #2322, .F. ) ;
#4699 = DIRECTION ( 'NONE',  ( 0.000000000000000000, 0.000000000000000000, -1.000000000000000000 ) ) ;
#4700 = ORIENTED_EDGE ( 'NONE', *, *, #1440, .F. ) ;
#4701 = CARTESIAN_POINT ( 'NONE',  ( -9.549999999999998934, 2.750000000000000000, 10.09999999999999964 ) ) ;
#4702 = DIRECTION ( 'NONE',  ( -1.000000000000000000, 0.000000000000000000, 0.000000000000000000 ) ) ;
#4703 = PLANE ( 'NONE',  #12141 ) ;
#4704 = DIRECTION ( 'NONE',  ( 0.000000000000000000, 0.000000000000000000, -1.000000000000000000 ) ) ;
#4705 = VECTOR ( 'NONE', #5301, 1000.000000000000000 ) ;
#4706 = DIRECTION ( 'NONE',  ( -1.000000000000000000, 0.000000000000000000, 0.000000000000000000 ) ) ;
#4707 = ORIENTED_EDGE ( 'NONE', *, *, #12327, .T. ) ;
#4708 = DIRECTION ( 'NONE',  ( -0.7071067811865475727, -0.7071067811865475727, 0.000000000000000000 ) ) ;
#4709 = ORIENTED_EDGE ( 'NONE', *, *, #931, .F. ) ;
#4710 = ORIENTED_EDGE ( 'NONE', *, *, #2806, .F. ) ;
#4711 = DIRECTION ( 'NONE',  ( 0.000000000000000000, 0.000000000000000000, -1.000000000000000000 ) ) ;
#4712 = VECTOR ( 'NONE', #11394, 1000.000000000000000 ) ;
#4713 = DIRECTION ( 'NONE',  ( 0.000000000000000000, 0.000000000000000000, 1.000000000000000000 ) ) ;
#4714 = EDGE_CURVE ( 'NONE', #8457, #8890, #3685, .T. ) ;
#4715 = CARTESIAN_POINT ( 'NONE',  ( -64.50000000000000000, 16.00000000000000000, 1.600000000000000089 ) ) ;
#4716 = DIRECTION ( 'NONE',  ( 1.000000000000000000, 0.000000000000000000, 0.000000000000000000 ) ) ;
#4717 = EDGE_CURVE ( 'NONE', #3125, #1727, #5437, .T. ) ;
#4718 = LINE ( 'NONE', #7718, #8060 ) ;
#4719 = EDGE_LOOP ( 'NONE', ( #4064, #3875, #13, #9998 ) ) ;
#4720 = EDGE_CURVE ( 'NONE', #2637, #11786, #11053, .T. ) ;
#4721 = LINE ( 'NONE', #9, #10433 ) ;
#4722 = VECTOR ( 'NONE', #7880, 1000.000000000000000 ) ;
#4723 = DIRECTION ( 'NONE',  ( 1.000000000000000000, 0.000000000000000000, 0.000000000000000000 ) ) ;
#4724 = EDGE_LOOP ( 'NONE', ( #1282, #4040, #10221, #7891 ) ) ;
#4725 = FACE_OUTER_BOUND ( 'NONE', #5472, .T. ) ;
#4726 = EDGE_CURVE ( 'NONE', #4101, #1739, #2587, .T. ) ;
#4727 = ORIENTED_EDGE ( 'NONE', *, *, #5168, .T. ) ;
#4728 = EDGE_LOOP ( 'NONE', ( #8942, #6610, #4766, #12076 ) ) ;
#4729 = LINE ( 'NONE', #18, #8156 ) ;
#4730 = CLOSED_SHELL ( 'NONE', ( #9522, #6589, #4599, #991, #2511, #147, #7742, #11998, #3822, #8644, #8849, #12261, #2050, #6599, #1698, #5339, #980, #11181, #8111, #4160, #5154, #2957, #9192, #5334, #1332, #10947, #11365, #5962, #4618, #6955, #2814, #4005, #11711, #9808, #8424, #11676, #9758, #738, #2137, #9954, #7892, #9038, #11682, #5986, #9619, #4450, #10252, #8290, #10983, #1608, #12065, #10464, #11223, #7005, #1628, #10172, #3945, #2797, #8108, #12102, #11975, #8997, #2390, #6021, #4538, #1122, #8422, #9497, #10590, #11533, #4579, #4195, #665, #8582, #10955, #11780, #10067, #8034, #4916, #4129, #1995, #357, #5003, #137, #6230, #6187, #11162, #7041, #8656, #1973, #7714, #6207, #6653, #1882, #6946, #8275, #11797, #10032, #1451, #1508, #1103, #11457, #922, #9612, #5697, #10158, #3593, #6428, #11636, #6839, #7125, #10977, #8973, #5493, #11400, #168, #7727, #7281, #11090, #11907, #3851, #6099, #6224, #8703, #8418, #2357, #10449, #10474, #5057, #1090, #948, #6523, #6309, #5269, #11586, #5802, #9899, #4591, #1820, #2543, #2090, #837, #196, #3840, #4975, #11821, #11391, #6811, #8428, #2784, #2043, #9069, #10444, #6762, #2509, #6978, #10682, #5922, #4992, #2572, #7066, #6898, #7749, #1852, #8749, #1778, #1306, #11791, #763, #9733, #10414, #6287, #9527, #1565, #10705, #524, #10059, #7289, #4315, #7602, #10642, #11929, #9925, #6786, #4442, #7514, #42, #9713, #1945, #10701, #1444, #6645, #6788, #5461, #7595, #6989, #1182, #8410, #7920, #7529, #371, #10599, #3984, #7816, #10762, #7149, #10661, #10081, #11070, #6912, #3687, #9965, #4342, #10118, #1893, #5427, #1865, #7107, #1577, #5214, #2762, #8352, #11362, #12097, #9404, #1956, #4772, #5798, #4583, #4267, #2689, #10870, #3489, #3426, #1446, #9704, #6113, #472, #1835, #11021, #5460, #2724, #904, #620, #11095, #8662, #3038, #4955, #808, #5302, #8384, #1658, #5045, #3063, #6441, #4888, #4378, #301, #3618, #12246, #4329, #11513, #11806, #1179, #5487, #10270, #757, #6223, #9408, #6831, #4399, #8455, #4626, #9493, #4813, #12132, #8093, #12308, #8889, #11561, #4212, #8882, #10245, #7302, #10322, #9008, #1366, #7201, #4417, #7480, #5360, #3323, #6596, #5580, #10280, #5973, #3095, #9147, #3035, #11266, #12183, #8276, #1207, #6410, #3329, #7390, #9194, #5500, #7894, #802, #5277, #4637, #11037, #1674, #7898, #11575, #9087, #5286, #2849, #9771, #1725, #8764, #10292, #139, #132, #1672, #242, #9701, #7905, #5380, #4461, #2117, #8546, #530, #4880, #9026, #11769, #1677, #3528, #5838, #325, #4199, #4518, #10101, #4236, #10896, #11214, #7347, #9053, #6482, #6772, #3101, #9556, #745, #7401, #4432, #10785, #4542, #8948, #5115, #8966, #4660, #7331, #11548, #12129, #574, #2632, #5842, #8212, #7640, #10845, #1518, #8404, #5085, #8566, #3283, #4224, #367, #3554, #435, #11018, #10331, #6456, #679, #9997, #1823, #36, #5729, #3544, #1085, #6991, #713, #12023, #3440, #684, #156, #5649, #9901, #4832, #9341, #1372, #6361, #7670, #10374, #5822, #5831, #2181, #2244, #8805, #978, #5011, #11054, #3471, #10379, #2787, #9686, #2203, #7737, #5911, #7788, #4947, #9424, #6503, #6563, #11962, #12163, #8868, #7859, #3588, #4594, #6940 ) ) ;
#4731 = CARTESIAN_POINT ( 'NONE',  ( -58.75000000000000000, 32.25000000000000000, 12.34999999999999964 ) ) ;
#4732 = CARTESIAN_POINT ( 'NONE',  ( -23.25000000000000000, 2.750000000000000000, 10.09999999999999964 ) ) ;
#4733 = DIRECTION ( 'NONE',  ( -1.000000000000000000, 0.000000000000000000, 0.000000000000000000 ) ) ;
#4734 = CARTESIAN_POINT ( 'NONE',  ( -2.200000000000000178, 25.50000000000000000, 10.59999999999999964 ) ) ;
#4735 = VECTOR ( 'NONE', #259, 1000.000000000000000 ) ;
#4736 = DIRECTION ( 'NONE',  ( 1.000000000000000000, -4.625929269271489858E-16, 0.000000000000000000 ) ) ;
#4737 = ORIENTED_EDGE ( 'NONE', *, *, #11620, .T. ) ;
#4738 = DIRECTION ( 'NONE',  ( -1.000000000000000000, 0.000000000000000000, 0.000000000000000000 ) ) ;
#4739 = ORIENTED_EDGE ( 'NONE', *, *, #715, .T. ) ;
#4740 = AXIS2_PLACEMENT_3D ( 'NONE', #11140, #9384, #3589 ) ;
#4741 = LINE ( 'NONE', #8611, #4516 ) ;
#4742 = VERTEX_POINT ( 'NONE', #6439 ) ;
#4743 = TOROIDAL_SURFACE ( 'NONE', #10519, 2.750000000000000000, 0.5000000000000000000 ) ;
#4744 = ORIENTED_EDGE ( 'NONE', *, *, #632, .T. ) ;
#4745 = ORIENTED_EDGE ( 'NONE', *, *, #11717, .T. ) ;
#4746 = DIRECTION ( 'NONE',  ( 0.000000000000000000, 0.000000000000000000, 1.000000000000000000 ) ) ;
#4747 = CARTESIAN_POINT ( 'NONE',  ( -39.75000000000000000, 50.75000000000000000, 1.600000000000000089 ) ) ;
#4748 = VERTEX_POINT ( 'NONE', #842 ) ;
#4749 = ORIENTED_EDGE ( 'NONE', *, *, #8658, .T. ) ;
#4750 = DIRECTION ( 'NONE',  ( -1.000000000000000000, 0.000000000000000000, 0.000000000000000000 ) ) ;
#4751 = PLANE ( 'NONE',  #3433 ) ;
#4752 = EDGE_LOOP ( 'NONE', ( #3845, #6146, #3178, #6139, #657, #12004, #11375, #6964, #10687, #7250, #9562, #10110 ) ) ;
#4753 = EDGE_CURVE ( 'NONE', #7193, #1528, #4437, .T. ) ;
#4754 = CARTESIAN_POINT ( 'NONE',  ( -74.75000000000000000, 32.25000000000000000, 12.34999999999999964 ) ) ;
#4755 = VECTOR ( 'NONE', #1474, 1000.000000000000000 ) ;
#4756 = CARTESIAN_POINT ( 'NONE',  ( -75.00000000000000000, 33.70000000000000284, 3.550000000000000266 ) ) ;
#4757 = EDGE_CURVE ( 'NONE', #8429, #10920, #8243, .T. ) ;
#4758 = VECTOR ( 'NONE', #7240, 1000.000000000000000 ) ;
#4759 = AXIS2_PLACEMENT_3D ( 'NONE', #2088, #10734, #2273 ) ;
#4760 = PLANE ( 'NONE',  #3882 ) ;
#4761 = ORIENTED_EDGE ( 'NONE', *, *, #8206, .F. ) ;
#4762 = ORIENTED_EDGE ( 'NONE', *, *, #10092, .F. ) ;
#4763 = DIRECTION ( 'NONE',  ( 0.000000000000000000, 1.000000000000000000, 0.000000000000000000 ) ) ;
#4764 = AXIS2_PLACEMENT_3D ( 'NONE', #3462, #1557, #11133 ) ;
#4765 = EDGE_CURVE ( 'NONE', #11250, #6349, #12058, .T. ) ;
#4766 = ORIENTED_EDGE ( 'NONE', *, *, #5206, .F. ) ;
#4767 = EDGE_CURVE ( 'NONE', #6117, #7205, #9177, .T. ) ;
#4768 = CARTESIAN_POINT ( 'NONE',  ( -26.25000000000000000, 51.75000000000000000, 10.09999999999999964 ) ) ;
#4769 = CIRCLE ( 'NONE', #8951, 1.000000000000000888 ) ;
#4770 = VECTOR ( 'NONE', #10351, 1000.000000000000000 ) ;
#4771 = EDGE_LOOP ( 'NONE', ( #2286, #7746, #1696, #11064 ) ) ;
#4772 = ADVANCED_FACE ( 'NONE', ( #11291 ), #10170, .T. ) ;
#4773 = LINE ( 'NONE', #6643, #10150 ) ;
#4774 = LINE ( 'NONE', #10502, #8604 ) ;
#4775 = CARTESIAN_POINT ( 'NONE',  ( -27.25000000000000000, 2.750000000000000000, 1.600000000000000089 ) ) ;
#4776 = EDGE_CURVE ( 'NONE', #3288, #10607, #4497, .T. ) ;
#4777 = AXIS2_PLACEMENT_3D ( 'NONE', #3934, #7748, #3817 ) ;
#4778 = DIRECTION ( 'NONE',  ( 0.000000000000000000, -0.7071067811865480168, -0.7071067811865470176 ) ) ;
#4779 = VECTOR ( 'NONE', #4644, 1000.000000000000000 ) ;
#4780 = CARTESIAN_POINT ( 'NONE',  ( -50.00000000000000000, 9.000000000000000000, 6.850000000000000533 ) ) ;
#4781 = EDGE_LOOP ( 'NONE', ( #4132, #2079, #925, #4414 ) ) ;
#4782 = CARTESIAN_POINT ( 'NONE',  ( -2.899999999999999911, 28.60000000000000142, 10.59999999999999964 ) ) ;
#4783 = EDGE_CURVE ( 'NONE', #12262, #1571, #5616, .T. ) ;
#4784 = ORIENTED_EDGE ( 'NONE', *, *, #2868, .F. ) ;
#4785 = CARTESIAN_POINT ( 'NONE',  ( -12.94999999999999929, 2.750000000000000000, 10.09999999999999964 ) ) ;
#4786 = AXIS2_PLACEMENT_3D ( 'NONE', #6935, #10739, #5194 ) ;
#4787 = FACE_OUTER_BOUND ( 'NONE', #2774, .T. ) ;
#4788 = LINE ( 'NONE', #8589, #1988 ) ;
#4789 = DIRECTION ( 'NONE',  ( 1.000000000000000000, 0.000000000000000000, 0.000000000000000000 ) ) ;
#4790 = CARTESIAN_POINT ( 'NONE',  ( -27.25000000000000000, 51.75000000000000000, 10.09999999999999964 ) ) ;
#4791 = CARTESIAN_POINT ( 'NONE',  ( -62.50000000000000000, 19.00000000000000000, 2.600000000000000089 ) ) ;
#4792 = CARTESIAN_POINT ( 'NONE',  ( -32.25000000000000000, 50.75000000000000000, 1.600000000000000089 ) ) ;
#4793 = EDGE_CURVE ( 'NONE', #3331, #4266, #9291, .T. ) ;
#4794 = ORIENTED_EDGE ( 'NONE', *, *, #11188, .F. ) ;
#4795 = CARTESIAN_POINT ( 'NONE',  ( -52.04999999999999716, 45.65000000000000568, 10.59999999999999964 ) ) ;
#4796 = EDGE_LOOP ( 'NONE', ( #4965, #5724, #2912, #3332 ) ) ;
#4797 = VERTEX_POINT ( 'NONE', #8302 ) ;
#4798 = FACE_OUTER_BOUND ( 'NONE', #5980, .T. ) ;
#4799 = LINE ( 'NONE', #6918, #11510 ) ;
#4800 = FACE_OUTER_BOUND ( 'NONE', #3391, .T. ) ;
#4801 = CARTESIAN_POINT ( 'NONE',  ( -66.00000000000000000, 42.54999999999999716, 9.696446609406731199 ) ) ;
#4802 = PLANE ( 'NONE',  #2 ) ;
#4803 = CARTESIAN_POINT ( 'NONE',  ( -2.500000000000000000, 36.00000000000000000, 1.600000000000000089 ) ) ;
#4804 = EDGE_LOOP ( 'NONE', ( #4016, #3328, #4700, #8461 ) ) ;
#4805 = DIRECTION ( 'NONE',  ( -0.000000000000000000, 1.000000000000000000, -0.000000000000000000 ) ) ;
#4806 = ORIENTED_EDGE ( 'NONE', *, *, #8672, .T. ) ;
#4807 = ORIENTED_EDGE ( 'NONE', *, *, #6678, .T. ) ;
#4808 = ORIENTED_EDGE ( 'NONE', *, *, #1520, .F. ) ;
#4809 = LINE ( 'NONE', #7683, #11326 ) ;
#4810 = DIRECTION ( 'NONE',  ( 1.000000000000000000, -4.625929269271489858E-16, -0.000000000000000000 ) ) ;
#4811 = CIRCLE ( 'NONE', #2243, 2.000000000000001776 ) ;
#4812 = ORIENTED_EDGE ( 'NONE', *, *, #1771, .T. ) ;
#4813 = ADVANCED_FACE ( 'NONE', ( #3560 ), #8367, .T. ) ;
#4814 = ORIENTED_EDGE ( 'NONE', *, *, #4234, .T. ) ;
#4815 = CARTESIAN_POINT ( 'NONE',  ( -23.25000000000000000, 2.750000000000000000, 10.09999999999999964 ) ) ;
#4816 = DIRECTION ( 'NONE',  ( 0.000000000000000000, 0.000000000000000000, -1.000000000000000000 ) ) ;
#4817 = CARTESIAN_POINT ( 'NONE',  ( -71.00000000000000000, 3.500000000000000000, 12.59999999999999964 ) ) ;
#4818 = DIRECTION ( 'NONE',  ( 1.000000000000000000, 0.000000000000000000, 0.000000000000000000 ) ) ;
#4819 = EDGE_CURVE ( 'NONE', #7325, #10874, #9358, .T. ) ;
#4820 = DIRECTION ( 'NONE',  ( 1.000000000000000000, 0.000000000000000000, 0.000000000000000000 ) ) ;
#4821 = VECTOR ( 'NONE', #6893, 1000.000000000000000 ) ;
#4822 = VERTEX_POINT ( 'NONE', #6314 ) ;
#4823 = EDGE_LOOP ( 'NONE', ( #1904, #966, #3071, #2193 ) ) ;
#4824 = CARTESIAN_POINT ( 'NONE',  ( -15.35000000000000142, 1.750000000000000000, 1.600000000000000089 ) ) ;
#4825 = ORIENTED_EDGE ( 'NONE', *, *, #2256, .F. ) ;
#4826 = DIRECTION ( 'NONE',  ( 1.000000000000000000, -0.000000000000000000, -0.000000000000000000 ) ) ;
#4827 = VERTEX_POINT ( 'NONE', #10104 ) ;
#4828 = FACE_BOUND ( 'NONE', #10651, .T. ) ;
#4829 = CARTESIAN_POINT ( 'NONE',  ( -21.00000000000000000, 1.000000000000000000, 10.09999999999999964 ) ) ;
#4830 = AXIS2_PLACEMENT_3D ( 'NONE', #3319, #6936, #9800 ) ;
#4831 = DIRECTION ( 'NONE',  ( 1.000000000000000000, 0.000000000000000000, 0.000000000000000000 ) ) ;
#4832 = ADVANCED_FACE ( 'NONE', ( #1594 ), #5379, .T. ) ;
#4833 = CARTESIAN_POINT ( 'NONE',  ( -51.00000000000000000, 52.50000000000000000, 1.600000000000000089 ) ) ;
#4834 = VERTEX_POINT ( 'NONE', #9661 ) ;
#4835 = VECTOR ( 'NONE', #706, 1000.000000000000000 ) ;
#4836 = PLANE ( 'NONE',  #9112 ) ;
#4837 = ORIENTED_EDGE ( 'NONE', *, *, #2779, .F. ) ;
#4838 = EDGE_CURVE ( 'NONE', #6229, #1570, #146, .T. ) ;
#4839 = ORIENTED_EDGE ( 'NONE', *, *, #9385, .T. ) ;
#4840 = DIRECTION ( 'NONE',  ( 0.000000000000000000, 0.000000000000000000, -1.000000000000000000 ) ) ;
#4841 = DIRECTION ( 'NONE',  ( 0.000000000000000000, 0.000000000000000000, -1.000000000000000000 ) ) ;
#4842 = CARTESIAN_POINT ( 'NONE',  ( -49.75000000000000000, 51.75000000000000000, 10.09999999999999964 ) ) ;
#4843 = CARTESIAN_POINT ( 'NONE',  ( -14.50000000000000000, 51.75000000000000000, 10.09999999999999964 ) ) ;
#4844 = FACE_OUTER_BOUND ( 'NONE', #9578, .T. ) ;
#4845 = EDGE_CURVE ( 'NONE', #9284, #12061, #209, .T. ) ;
#4846 = CARTESIAN_POINT ( 'NONE',  ( -8.000000000000000000, 51.75000000000000000, 10.09999999999999964 ) ) ;
#4847 = DIRECTION ( 'NONE',  ( 0.000000000000000000, 1.000000000000000000, 0.000000000000000000 ) ) ;
#4848 = VERTEX_POINT ( 'NONE', #3062 ) ;
#4849 = VECTOR ( 'NONE', #9114, 1000.000000000000000 ) ;
#4850 = VECTOR ( 'NONE', #11110, 1000.000000000000000 ) ;
#4851 = DIRECTION ( 'NONE',  ( -1.000000000000000000, 0.000000000000000000, 0.000000000000000000 ) ) ;
#4852 = VERTEX_POINT ( 'NONE', #6867 ) ;
#4853 = ORIENTED_EDGE ( 'NONE', *, *, #2737, .T. ) ;
#4854 = ORIENTED_EDGE ( 'NONE', *, *, #56, .T. ) ;
#4855 = DIRECTION ( 'NONE',  ( 0.000000000000000000, -0.7071067811865475727, -0.7071067811865475727 ) ) ;
#4856 = DIRECTION ( 'NONE',  ( -1.000000000000000000, 0.000000000000000000, 0.000000000000000000 ) ) ;
#4857 = LINE ( 'NONE', #8670, #11531 ) ;
#4858 = DIRECTION ( 'NONE',  ( 0.000000000000000000, 0.000000000000000000, -1.000000000000000000 ) ) ;
#4859 = DIRECTION ( 'NONE',  ( 1.000000000000000000, 0.000000000000000000, 0.000000000000000000 ) ) ;
#4860 = CARTESIAN_POINT ( 'NONE',  ( 0.000000000000000000, 45.65000000000000568, 4.599999999999999645 ) ) ;
#4861 = ORIENTED_EDGE ( 'NONE', *, *, #7326, .T. ) ;
#4862 = AXIS2_PLACEMENT_3D ( 'NONE', #6050, #1333, #7801 ) ;
#4863 = AXIS2_PLACEMENT_3D ( 'NONE', #3973, #4662, #2867 ) ;
#4864 = LINE ( 'NONE', #963, #2681 ) ;
#4865 = ORIENTED_EDGE ( 'NONE', *, *, #5883, .F. ) ;
#4866 = CARTESIAN_POINT ( 'NONE',  ( -56.50000000000000000, 14.75000000000000000, 1.600000000000000089 ) ) ;
#4867 = ORIENTED_EDGE ( 'NONE', *, *, #7173, .F. ) ;
#4868 = ORIENTED_EDGE ( 'NONE', *, *, #4958, .F. ) ;
#4869 = AXIS2_PLACEMENT_3D ( 'NONE', #4780, #6651, #2856 ) ;
#4870 = ORIENTED_EDGE ( 'NONE', *, *, #7160, .F. ) ;
#4871 = FACE_OUTER_BOUND ( 'NONE', #6949, .T. ) ;
#4872 = VECTOR ( 'NONE', #9494, 1000.000000000000000 ) ;
#4873 = FACE_OUTER_BOUND ( 'NONE', #9324, .T. ) ;
#4874 = EDGE_LOOP ( 'NONE', ( #803, #11043, #2100, #3568 ) ) ;
#4875 = EDGE_LOOP ( 'NONE', ( #1902, #10241, #5913, #5789 ) ) ;
#4876 = LINE ( 'NONE', #2775, #3582 ) ;
#4877 = DIRECTION ( 'NONE',  ( 0.000000000000000000, 0.000000000000000000, -1.000000000000000000 ) ) ;
#4878 = CARTESIAN_POINT ( 'NONE',  ( -0.7500000000000000000, 36.00000000000000000, 0.000000000000000000 ) ) ;
#4879 = DIRECTION ( 'NONE',  ( 0.000000000000000000, 0.000000000000000000, -1.000000000000000000 ) ) ;
#4880 = ADVANCED_FACE ( 'NONE', ( #5677 ), #8545, .F. ) ;
#4881 = LINE ( 'NONE', #6825, #6850 ) ;
#4882 = EDGE_LOOP ( 'NONE', ( #9730, #58, #5996, #218 ) ) ;
#4883 = EDGE_CURVE ( 'NONE', #1727, #4266, #7675, .T. ) ;
#4884 = ORIENTED_EDGE ( 'NONE', *, *, #8587, .T. ) ;
#4885 = CARTESIAN_POINT ( 'NONE',  ( -56.50000000000000000, 19.44999999999999929, 2.600000000000000089 ) ) ;
#4886 = ORIENTED_EDGE ( 'NONE', *, *, #3434, .T. ) ;
#4887 = FACE_OUTER_BOUND ( 'NONE', #9812, .T. ) ;
#4888 = ADVANCED_FACE ( 'NONE', ( #2018 ), #12293, .T. ) ;
#4889 = ORIENTED_EDGE ( 'NONE', *, *, #7371, .T. ) ;
#4890 = DIRECTION ( 'NONE',  ( -1.000000000000000000, 0.000000000000000000, 0.000000000000000000 ) ) ;
#4891 = CARTESIAN_POINT ( 'NONE',  ( -58.75000000000000000, 44.25000000000000000, 12.34999999999999964 ) ) ;
#4892 = CARTESIAN_POINT ( 'NONE',  ( -5.750000000000000000, 1.750000000000000000, 10.09999999999999964 ) ) ;
#4893 = VERTEX_POINT ( 'NONE', #3870 ) ;
#4894 = EDGE_CURVE ( 'NONE', #6520, #3390, #5736, .T. ) ;
#4895 = CARTESIAN_POINT ( 'NONE',  ( -53.75000000000000000, 48.00000000000000000, 1.600000000000000089 ) ) ;
#4896 = ORIENTED_EDGE ( 'NONE', *, *, #6996, .T. ) ;
#4897 = ORIENTED_EDGE ( 'NONE', *, *, #9854, .F. ) ;
#4898 = CARTESIAN_POINT ( 'NONE',  ( -26.25000000000000000, 50.75000000000000000, 1.600000000000000089 ) ) ;
#4899 = FACE_OUTER_BOUND ( 'NONE', #6075, .T. ) ;
#4900 = CARTESIAN_POINT ( 'NONE',  ( -8.149999999999998579, 1.750000000000000000, 10.09999999999999964 ) ) ;
#4901 = DIRECTION ( 'NONE',  ( -1.000000000000000000, 0.000000000000000000, 0.000000000000000000 ) ) ;
#4902 = EDGE_CURVE ( 'NONE', #3998, #1352, #9476, .T. ) ;
#4903 = FACE_OUTER_BOUND ( 'NONE', #1084, .T. ) ;
#4904 = LINE ( 'NONE', #10838, #7079 ) ;
#4905 = EDGE_CURVE ( 'NONE', #10634, #7991, #8674, .T. ) ;
#4906 = CARTESIAN_POINT ( 'NONE',  ( -56.50000000000000000, 17.89999999999999858, 2.600000000000000089 ) ) ;
#4907 = VERTEX_POINT ( 'NONE', #6735 ) ;
#4908 = DIRECTION ( 'NONE',  ( -1.000000000000000000, 0.000000000000000000, 0.000000000000000000 ) ) ;
#4909 = CIRCLE ( 'NONE', #11898, 0.2499999999999997780 ) ;
#4910 = VERTEX_POINT ( 'NONE', #11538 ) ;
#4911 = ORIENTED_EDGE ( 'NONE', *, *, #8124, .F. ) ;
#4912 = EDGE_CURVE ( 'NONE', #11569, #8732, #9538, .T. ) ;
#4913 = ORIENTED_EDGE ( 'NONE', *, *, #1966, .T. ) ;
#4914 = EDGE_CURVE ( 'NONE', #909, #7304, #6802, .T. ) ;
#4915 = FACE_BOUND ( 'NONE', #2348, .T. ) ;
#4916 = ADVANCED_FACE ( 'NONE', ( #1023 ), #10660, .T. ) ;
#4917 = CARTESIAN_POINT ( 'NONE',  ( -45.25000000000000000, 24.25000000000000000, 3.850000000000000089 ) ) ;
#4918 = DIRECTION ( 'NONE',  ( 0.000000000000000000, 0.000000000000000000, -1.000000000000000000 ) ) ;
#4919 = LINE ( 'NONE', #10535, #8425 ) ;
#4920 = SPHERICAL_SURFACE ( 'NONE', #7367, 0.2500000000000000000 ) ;
#4921 = CARTESIAN_POINT ( 'NONE',  ( -62.50000000000000000, 14.50000000000000000, 3.350000000000000089 ) ) ;
#4922 = EDGE_CURVE ( 'NONE', #90, #10176, #3742, .T. ) ;
#4923 = ORIENTED_EDGE ( 'NONE', *, *, #4285, .T. ) ;
#4924 = VECTOR ( 'NONE', #6476, 1000.000000000000000 ) ;
#4925 = PLANE ( 'NONE',  #5065 ) ;
#4926 = ORIENTED_EDGE ( 'NONE', *, *, #9637, .T. ) ;
#4927 = DIRECTION ( 'NONE',  ( -1.000000000000000000, 0.000000000000000000, 0.000000000000000000 ) ) ;
#4928 = EDGE_LOOP ( 'NONE', ( #151, #8748, #12228, #789 ) ) ;
#4929 = VERTEX_POINT ( 'NONE', #4921 ) ;
#4930 = EDGE_LOOP ( 'NONE', ( #7995, #3625, #5328, #4861 ) ) ;
#4931 = CARTESIAN_POINT ( 'NONE',  ( -47.95000000000000284, 47.30000000000000426, 10.59999999999999964 ) ) ;
#4932 = DIRECTION ( 'NONE',  ( 0.000000000000000000, 0.000000000000000000, -1.000000000000000000 ) ) ;
#4933 = EDGE_CURVE ( 'NONE', #10606, #4231, #7554, .T. ) ;
#4934 = VECTOR ( 'NONE', #12315, 1000.000000000000000 ) ;
#4935 = ORIENTED_EDGE ( 'NONE', *, *, #1244, .T. ) ;
#4936 = DIRECTION ( 'NONE',  ( 0.000000000000000000, -1.000000000000000000, 0.000000000000000000 ) ) ;
#4937 = DIRECTION ( 'NONE',  ( 1.000000000000000000, 0.000000000000000000, 0.000000000000000000 ) ) ;
#4938 = DIRECTION ( 'NONE',  ( -1.000000000000000000, -0.000000000000000000, -0.000000000000000000 ) ) ;
#4939 = CARTESIAN_POINT ( 'NONE',  ( -8.149999999999998579, 2.750000000000000000, 10.09999999999999964 ) ) ;
#4940 = VECTOR ( 'NONE', #1264, 1000.000000000000000 ) ;
#4941 = CARTESIAN_POINT ( 'NONE',  ( -57.50000000000000000, 12.50000000000000000, 7.599999999999999645 ) ) ;
#4942 = ORIENTED_EDGE ( 'NONE', *, *, #4473, .F. ) ;
#4943 = VECTOR ( 'NONE', #3179, 1000.000000000000000 ) ;
#4944 = ORIENTED_EDGE ( 'NONE', *, *, #2609, .F. ) ;
#4945 = CARTESIAN_POINT ( 'NONE',  ( -59.00000000000000000, 14.75000000000000000, 2.600000000000000089 ) ) ;
#4946 = ORIENTED_EDGE ( 'NONE', *, *, #3839, .F. ) ;
#4947 = ADVANCED_FACE ( 'NONE', ( #2826 ), #6618, .T. ) ;
#4948 = ORIENTED_EDGE ( 'NONE', *, *, #7077, .F. ) ;
#4949 = CARTESIAN_POINT ( 'NONE',  ( -43.75000000000000000, 51.75000000000000000, 10.09999999999999964 ) ) ;
#4950 = EDGE_CURVE ( 'NONE', #10729, #9999, #7616, .T. ) ;
#4951 = AXIS2_PLACEMENT_3D ( 'NONE', #9889, #1504, #1377 ) ;
#4952 = VERTEX_POINT ( 'NONE', #6680 ) ;
#4953 = CARTESIAN_POINT ( 'NONE',  ( -45.25000000000000000, 24.00000000000000000, 2.350000000000000089 ) ) ;
#4954 = LINE ( 'NONE', #11638, #5228 ) ;
#4955 = ADVANCED_FACE ( 'NONE', ( #7918 ), #5181, .T. ) ;
#4956 = VECTOR ( 'NONE', #5949, 1000.000000000000000 ) ;
#4957 = CARTESIAN_POINT ( 'NONE',  ( -16.75000000000000000, 1.750000000000000000, 10.09999999999999964 ) ) ;
#4958 = EDGE_CURVE ( 'NONE', #6268, #5952, #12241, .T. ) ;
#4959 = CIRCLE ( 'NONE', #11942, 0.2500000000000002220 ) ;
#4960 = ORIENTED_EDGE ( 'NONE', *, *, #3340, .F. ) ;
#4961 = VECTOR ( 'NONE', #12236, 1000.000000000000000 ) ;
#4962 = VECTOR ( 'NONE', #2307, 1000.000000000000000 ) ;
#4963 = CYLINDRICAL_SURFACE ( 'NONE', #582, 0.2500000000000002220 ) ;
#4964 = ORIENTED_EDGE ( 'NONE', *, *, #3704, .T. ) ;
#4965 = ORIENTED_EDGE ( 'NONE', *, *, #915, .F. ) ;
#4966 = LINE ( 'NONE', #8771, #6417 ) ;
#4967 = VECTOR ( 'NONE', #3486, 1000.000000000000000 ) ;
#4968 = EDGE_CURVE ( 'NONE', #152, #7990, #10232, .T. ) ;
#4969 = FACE_BOUND ( 'NONE', #11207, .T. ) ;
#4970 = DIRECTION ( 'NONE',  ( 0.000000000000000000, 1.000000000000000000, 0.000000000000000000 ) ) ;
#4971 = LINE ( 'NONE', #252, #5452 ) ;
#4972 = VECTOR ( 'NONE', #8832, 1000.000000000000000 ) ;
#4973 = VECTOR ( 'NONE', #628, 1000.000000000000000 ) ;
#4974 = FACE_OUTER_BOUND ( 'NONE', #7214, .T. ) ;
#4975 = ADVANCED_FACE ( 'NONE', ( #1331 ), #4175, .F. ) ;
#4976 = CARTESIAN_POINT ( 'NONE',  ( -3.250000000000000000, 50.00000000000000000, 1.600000000000000089 ) ) ;
#4977 = AXIS2_PLACEMENT_3D ( 'NONE', #2657, #673, #5393 ) ;
#4978 = CARTESIAN_POINT ( 'NONE',  ( -74.75000000000000000, 32.25000000000000000, 1.850000000000000089 ) ) ;
#4979 = ORIENTED_EDGE ( 'NONE', *, *, #3923, .F. ) ;
#4980 = DIRECTION ( 'NONE',  ( 0.000000000000000000, 0.000000000000000000, 1.000000000000000000 ) ) ;
#4981 = EDGE_CURVE ( 'NONE', #6009, #6813, #5111, .T. ) ;
#4982 = AXIS2_PLACEMENT_3D ( 'NONE', #3557, #7380, #3681 ) ;
#4983 = ORIENTED_EDGE ( 'NONE', *, *, #4683, .F. ) ;
#4984 = ORIENTED_EDGE ( 'NONE', *, *, #6718, .T. ) ;
#4985 = EDGE_CURVE ( 'NONE', #8100, #3212, #10911, .T. ) ;
#4986 = ORIENTED_EDGE ( 'NONE', *, *, #6212, .T. ) ;
#4987 = LINE ( 'NONE', #9534, #379 ) ;
#4988 = PLANE ( 'NONE',  #8348 ) ;
#4989 = CYLINDRICAL_SURFACE ( 'NONE', #8224, 1.000000000000000000 ) ;
#4990 = DIRECTION ( 'NONE',  ( 0.000000000000000000, 0.000000000000000000, -1.000000000000000000 ) ) ;
#4991 = DIRECTION ( 'NONE',  ( 0.000000000000000000, 0.000000000000000000, -1.000000000000000000 ) ) ;
#4992 = ADVANCED_FACE ( 'NONE', ( #11912 ), #9975, .T. ) ;
#4993 = LINE ( 'NONE', #5927, #7847 ) ;
#4994 = ORIENTED_EDGE ( 'NONE', *, *, #2066, .T. ) ;
#4995 = DIRECTION ( 'NONE',  ( 0.000000000000000000, 0.000000000000000000, -1.000000000000000000 ) ) ;
#4996 = EDGE_CURVE ( 'NONE', #10920, #11380, #5239, .T. ) ;
#4997 = ORIENTED_EDGE ( 'NONE', *, *, #5509, .T. ) ;
#4998 = ORIENTED_EDGE ( 'NONE', *, *, #1495, .F. ) ;
#4999 = ORIENTED_EDGE ( 'NONE', *, *, #6561, .F. ) ;
#5000 = ORIENTED_EDGE ( 'NONE', *, *, #6820, .F. ) ;
#5001 = FACE_OUTER_BOUND ( 'NONE', #1598, .T. ) ;
#5002 = SPHERICAL_SURFACE ( 'NONE', #822, 0.2500000000000000000 ) ;
#5003 = ADVANCED_FACE ( 'NONE', ( #330 ), #1459, .F. ) ;
#5004 = ORIENTED_EDGE ( 'NONE', *, *, #3624, .T. ) ;
#5005 = DIRECTION ( 'NONE',  ( -1.000000000000000000, 0.000000000000000000, 0.000000000000000000 ) ) ;
#5006 = DIRECTION ( 'NONE',  ( 0.000000000000000000, 0.000000000000000000, -1.000000000000000000 ) ) ;
#5007 = DIRECTION ( 'NONE',  ( 0.7071067811865480168, 0.7071067811865470176, 0.000000000000000000 ) ) ;
#5008 = LINE ( 'NONE', #1914, #882 ) ;
#5009 = DIRECTION ( 'NONE',  ( 0.000000000000000000, 0.000000000000000000, -1.000000000000000000 ) ) ;
#5010 = ORIENTED_EDGE ( 'NONE', *, *, #7972, .T. ) ;
#5011 = ADVANCED_FACE ( 'NONE', ( #1394 ), #3244, .T. ) ;
#5012 = CARTESIAN_POINT ( 'NONE',  ( -3.469446951953614978E-15, 38.50000000000000000, 0.000000000000000000 ) ) ;
#5013 = EDGE_LOOP ( 'NONE', ( #3088, #9669, #1321, #3492 ) ) ;
#5014 = VECTOR ( 'NONE', #341, 1000.000000000000000 ) ;
#5015 = CARTESIAN_POINT ( 'NONE',  ( -8.000000000000000000, 50.75000000000000000, 1.600000000000000089 ) ) ;
#5016 = VERTEX_POINT ( 'NONE', #4300 ) ;
#5017 = ORIENTED_EDGE ( 'NONE', *, *, #7974, .F. ) ;
#5018 = DIRECTION ( 'NONE',  ( 1.000000000000000000, 0.000000000000000000, 0.000000000000000000 ) ) ;
#5019 = CARTESIAN_POINT ( 'NONE',  ( -7.150000000000000355, 1.750000000000000000, 1.600000000000000089 ) ) ;
#5020 = ORIENTED_EDGE ( 'NONE', *, *, #2407, .F. ) ;
#5021 = LINE ( 'NONE', #3337, #2000 ) ;
#5022 = DIRECTION ( 'NONE',  ( -1.000000000000000000, 0.000000000000000000, 0.000000000000000000 ) ) ;
#5023 = ORIENTED_EDGE ( 'NONE', *, *, #3472, .F. ) ;
#5024 = VECTOR ( 'NONE', #5828, 1000.000000000000000 ) ;
#5025 = CARTESIAN_POINT ( 'NONE',  ( -2.200000000000000178, 28.60000000000000142, 10.59999999999999964 ) ) ;
#5026 = ORIENTED_EDGE ( 'NONE', *, *, #6630, .F. ) ;
#5027 = DIRECTION ( 'NONE',  ( 0.000000000000000000, -1.000000000000000000, 0.000000000000000000 ) ) ;
#5028 = VECTOR ( 'NONE', #741, 1000.000000000000000 ) ;
#5029 = ORIENTED_EDGE ( 'NONE', *, *, #11239, .F. ) ;
#5030 = FACE_OUTER_BOUND ( 'NONE', #7722, .T. ) ;
#5031 = DIRECTION ( 'NONE',  ( -1.000000000000000000, 0.000000000000000000, 0.000000000000000000 ) ) ;
#5032 = CARTESIAN_POINT ( 'NONE',  ( -12.00000000000000000, 51.75000000000000000, 10.09999999999999964 ) ) ;
#5033 = DIRECTION ( 'NONE',  ( -1.000000000000000000, 0.000000000000000000, 0.000000000000000000 ) ) ;
#5034 = CARTESIAN_POINT ( 'NONE',  ( -47.95000000000000284, 44.94999999999999574, 10.59999999999999964 ) ) ;
#5035 = VECTOR ( 'NONE', #7733, 1000.000000000000000 ) ;
#5036 = DIRECTION ( 'NONE',  ( 0.000000000000000000, -0.8944271909999159664, 0.4472135954999579832 ) ) ;
#5037 = CARTESIAN_POINT ( 'NONE',  ( -59.00000000000000000, 17.10000000000000142, 2.600000000000000089 ) ) ;
#5038 = EDGE_CURVE ( 'NONE', #2257, #10527, #4111, .T. ) ;
#5039 = ORIENTED_EDGE ( 'NONE', *, *, #7953, .T. ) ;
#5040 = CARTESIAN_POINT ( 'NONE',  ( -75.00000000000000000, 32.00000000000000000, 12.34999999999999964 ) ) ;
#5041 = VERTEX_POINT ( 'NONE', #11857 ) ;
#5042 = EDGE_LOOP ( 'NONE', ( #10482, #4698, #6510, #7804 ) ) ;
#5043 = ORIENTED_EDGE ( 'NONE', *, *, #7575, .T. ) ;
#5044 = VECTOR ( 'NONE', #9559, 1000.000000000000000 ) ;
#5045 = ADVANCED_FACE ( 'NONE', ( #6995 ), #8788, .T. ) ;
#5046 = DIRECTION ( 'NONE',  ( 0.000000000000000000, 0.000000000000000000, 1.000000000000000000 ) ) ;
#5047 = CARTESIAN_POINT ( 'NONE',  ( -52.75000000000000000, 23.75000000000000000, 1.600000000000000089 ) ) ;
#5048 = CARTESIAN_POINT ( 'NONE',  ( -50.35000000000000142, 0.000000000000000000, 4.599999999999999645 ) ) ;
#5049 = FACE_OUTER_BOUND ( 'NONE', #3800, .T. ) ;
#5050 = FACE_OUTER_BOUND ( 'NONE', #9283, .T. ) ;
#5051 = PLANE ( 'NONE',  #6657 ) ;
#5052 = VECTOR ( 'NONE', #5439, 1000.000000000000000 ) ;
#5053 = CIRCLE ( 'NONE', #304, 4.500000000000000888 ) ;
#5054 = VERTEX_POINT ( 'NONE', #3190 ) ;
#5055 = DIRECTION ( 'NONE',  ( 0.000000000000000000, 0.000000000000000000, 1.000000000000000000 ) ) ;
#5056 = ORIENTED_EDGE ( 'NONE', *, *, #10258, .T. ) ;
#5057 = ADVANCED_FACE ( 'NONE', ( #10974 ), #10851, .T. ) ;
#5058 = ORIENTED_EDGE ( 'NONE', *, *, #8123, .T. ) ;
#5059 = EDGE_LOOP ( 'NONE', ( #6321, #10467, #2783, #2601 ) ) ;
#5060 = CARTESIAN_POINT ( 'NONE',  ( -2.500000000000000000, 36.00000000000000000, 1.600000000000000089 ) ) ;
#5061 = DIRECTION ( 'NONE',  ( 0.000000000000000000, 0.000000000000000000, -1.000000000000000000 ) ) ;
#5062 = ORIENTED_EDGE ( 'NONE', *, *, #2773, .F. ) ;
#5063 = DIRECTION ( 'NONE',  ( -1.000000000000000000, -0.000000000000000000, -0.000000000000000000 ) ) ;
#5064 = LINE ( 'NONE', #8867, #3041 ) ;
#5065 = AXIS2_PLACEMENT_3D ( 'NONE', #211, #3990, #6870 ) ;
#5066 = VECTOR ( 'NONE', #10459, 1000.000000000000000 ) ;
#5067 = PLANE ( 'NONE',  #8743 ) ;
#5068 = DIRECTION ( 'NONE',  ( 0.000000000000000000, -1.000000000000000000, 0.000000000000000000 ) ) ;
#5069 = DIRECTION ( 'NONE',  ( 0.000000000000000000, 0.000000000000000000, -1.000000000000000000 ) ) ;
#5070 = EDGE_CURVE ( 'NONE', #6739, #9687, #6237, .T. ) ;
#5071 = ORIENTED_EDGE ( 'NONE', *, *, #870, .F. ) ;
#5072 = DIRECTION ( 'NONE',  ( 1.000000000000000000, 0.000000000000000000, 0.000000000000000000 ) ) ;
#5073 = VECTOR ( 'NONE', #11900, 1000.000000000000000 ) ;
#5074 = ORIENTED_EDGE ( 'NONE', *, *, #7209, .F. ) ;
#5075 = VECTOR ( 'NONE', #12200, 1000.000000000000000 ) ;
#5076 = DIRECTION ( 'NONE',  ( -1.000000000000000000, 0.000000000000000000, 0.000000000000000000 ) ) ;
#5077 = ORIENTED_EDGE ( 'NONE', *, *, #3503, .T. ) ;
#5078 = VERTEX_POINT ( 'NONE', #4051 ) ;
#5079 = DIRECTION ( 'NONE',  ( 0.000000000000000000, 0.000000000000000000, -1.000000000000000000 ) ) ;
#5080 = DIRECTION ( 'NONE',  ( 0.000000000000000000, 0.000000000000000000, -1.000000000000000000 ) ) ;
#5081 = ORIENTED_EDGE ( 'NONE', *, *, #3650, .T. ) ;
#5082 = DIRECTION ( 'NONE',  ( 0.000000000000000000, -1.000000000000000000, 0.000000000000000000 ) ) ;
#5083 = DIRECTION ( 'NONE',  ( 1.000000000000000000, 0.000000000000000000, 0.000000000000000000 ) ) ;
#5084 = EDGE_CURVE ( 'NONE', #422, #6143, #5053, .T. ) ;
#5085 = ADVANCED_FACE ( 'NONE', ( #5050 ), #3543, .T. ) ;
#5086 = ORIENTED_EDGE ( 'NONE', *, *, #1743, .F. ) ;
#5087 = LINE ( 'NONE', #5274, #2113 ) ;
#5088 = EDGE_CURVE ( 'NONE', #6986, #9311, #4485, .T. ) ;
#5089 = ORIENTED_EDGE ( 'NONE', *, *, #10198, .F. ) ;
#5090 = CARTESIAN_POINT ( 'NONE',  ( -2.200000000000000178, 26.20000000000000284, 10.59999999999999964 ) ) ;
#5091 = ORIENTED_EDGE ( 'NONE', *, *, #8086, .F. ) ;
#5092 = DIRECTION ( 'NONE',  ( 1.000000000000000000, 0.000000000000000000, 0.000000000000000000 ) ) ;
#5093 = CARTESIAN_POINT ( 'NONE',  ( -0.7500000000000000000, 36.00000000000000000, 1.600000000000000089 ) ) ;
#5094 = DIRECTION ( 'NONE',  ( 0.000000000000000000, -1.000000000000000000, 0.000000000000000000 ) ) ;
#5095 = DIRECTION ( 'NONE',  ( -1.000000000000000000, 0.000000000000000000, 0.000000000000000000 ) ) ;
#5096 = CARTESIAN_POINT ( 'NONE',  ( -50.35000000000000142, 48.00000000000000000, 10.59999999999999964 ) ) ;
#5097 = LINE ( 'NONE', #2184, #3079 ) ;
#5098 = CARTESIAN_POINT ( 'NONE',  ( -15.35000000000000142, 2.750000000000000000, 10.09999999999999964 ) ) ;
#5099 = VERTEX_POINT ( 'NONE', #6360 ) ;
#5100 = VERTEX_POINT ( 'NONE', #5298 ) ;
#5101 = CARTESIAN_POINT ( 'NONE',  ( -50.00000000000000000, 9.000000000000000000, 6.349999999999999645 ) ) ;
#5102 = VERTEX_POINT ( 'NONE', #2688 ) ;
#5103 = ORIENTED_EDGE ( 'NONE', *, *, #10765, .T. ) ;
#5104 = EDGE_CURVE ( 'NONE', #8421, #6925, #5484, .T. ) ;
#5105 = ORIENTED_EDGE ( 'NONE', *, *, #5141, .F. ) ;
#5106 = EDGE_CURVE ( 'NONE', #5449, #3373, #10156, .T. ) ;
#5107 = DIRECTION ( 'NONE',  ( 0.000000000000000000, 0.000000000000000000, -1.000000000000000000 ) ) ;
#5108 = CARTESIAN_POINT ( 'NONE',  ( -59.00000000000000000, 52.50000000000000000, 3.850000000000000089 ) ) ;
#5109 = CARTESIAN_POINT ( 'NONE',  ( -19.50000000000000000, 50.75000000000000000, 10.09999999999999964 ) ) ;
#5110 = CARTESIAN_POINT ( 'NONE',  ( -33.25000000000000000, 1.750000000000000000, 1.600000000000000089 ) ) ;
#5111 = LINE ( 'NONE', #6177, #11842 ) ;
#5112 = EDGE_CURVE ( 'NONE', #7340, #7583, #6424, .T. ) ;
#5113 = FACE_OUTER_BOUND ( 'NONE', #9478, .T. ) ;
#5114 = ORIENTED_EDGE ( 'NONE', *, *, #11595, .F. ) ;
#5115 = ADVANCED_FACE ( 'NONE', ( #12170 ), #1524, .F. ) ;
#5116 = VECTOR ( 'NONE', #8470, 1000.000000000000000 ) ;
#5117 = DIRECTION ( 'NONE',  ( 0.000000000000000000, 0.000000000000000000, -1.000000000000000000 ) ) ;
#5118 = ORIENTED_EDGE ( 'NONE', *, *, #5700, .F. ) ;
#5119 = ORIENTED_EDGE ( 'NONE', *, *, #12114, .F. ) ;
#5120 = ORIENTED_EDGE ( 'NONE', *, *, #12257, .F. ) ;
#5121 = FACE_OUTER_BOUND ( 'NONE', #10617, .T. ) ;
#5122 = CARTESIAN_POINT ( 'NONE',  ( -27.25000000000000000, 1.750000000000000000, 1.600000000000000089 ) ) ;
#5123 = LINE ( 'NONE', #10352, #11113 ) ;
#5124 = FACE_BOUND ( 'NONE', #6791, .T. ) ;
#5125 = CARTESIAN_POINT ( 'NONE',  ( -45.25000000000000000, 27.50000000000000000, 3.600000000000000089 ) ) ;
#5126 = LINE ( 'NONE', #345, #10941 ) ;
#5127 = VECTOR ( 'NONE', #2747, 1000.000000000000000 ) ;
#5128 = CARTESIAN_POINT ( 'NONE',  ( -52.75000000000000000, 47.30000000000000426, 10.59999999999999964 ) ) ;
#5129 = EDGE_CURVE ( 'NONE', #6860, #3982, #4469, .T. ) ;
#5130 = LINE ( 'NONE', #6942, #12229 ) ;
#5131 = ORIENTED_EDGE ( 'NONE', *, *, #6630, .T. ) ;
#5132 = PLANE ( 'NONE',  #1905 ) ;
#5133 = ORIENTED_EDGE ( 'NONE', *, *, #396, .F. ) ;
#5135 = VECTOR ( 'NONE', #8087, 1000.000000000000000 ) ;
#5134 = CARTESIAN_POINT ( 'NONE',  ( -33.75000000000000000, 51.75000000000000000, 10.09999999999999964 ) ) ;
#5136 = ORIENTED_EDGE ( 'NONE', *, *, #6054, .F. ) ;
#5137 = ORIENTED_EDGE ( 'NONE', *, *, #5558, .F. ) ;
#5138 = CARTESIAN_POINT ( 'NONE',  ( -3.750000000000000000, 20.29999999999999716, 9.000000000000000000 ) ) ;
#5139 = DIRECTION ( 'NONE',  ( -1.000000000000000000, 0.000000000000000000, 0.000000000000000000 ) ) ;
#5140 = EDGE_CURVE ( 'NONE', #892, #818, #10842, .T. ) ;
#5141 = EDGE_CURVE ( 'NONE', #8114, #11482, #9223, .T. ) ;
#5142 = ORIENTED_EDGE ( 'NONE', *, *, #6339, .T. ) ;
#5143 = DIRECTION ( 'NONE',  ( 0.000000000000000000, 0.000000000000000000, -1.000000000000000000 ) ) ;
#5144 = CARTESIAN_POINT ( 'NONE',  ( -5.250000000000000000, 28.60000000000000142, 10.59999999999999964 ) ) ;
#5145 = VECTOR ( 'NONE', #11868, 1000.000000000000000 ) ;
#5146 = VECTOR ( 'NONE', #6105, 1000.000000000000000 ) ;
#5147 = DIRECTION ( 'NONE',  ( 0.000000000000000000, 0.000000000000000000, -1.000000000000000000 ) ) ;
#5148 = EDGE_CURVE ( 'NONE', #1216, #5790, #10435, .T. ) ;
#5149 = VERTEX_POINT ( 'NONE', #2744 ) ;
#5150 = EDGE_CURVE ( 'NONE', #2804, #1570, #5363, .T. ) ;
#5151 = CARTESIAN_POINT ( 'NONE',  ( -15.35000000000000142, 1.750000000000000000, 10.09999999999999964 ) ) ;
#5152 = CIRCLE ( 'NONE', #9725, 3.250000000000002665 ) ;
#5153 = EDGE_LOOP ( 'NONE', ( #9807, #11661, #2128, #4896 ) ) ;
#5154 = ADVANCED_FACE ( 'NONE', ( #3604 ), #8170, .T. ) ;
#5155 = DIRECTION ( 'NONE',  ( 0.000000000000000000, -1.000000000000000000, 0.000000000000000000 ) ) ;
#5156 = VECTOR ( 'NONE', #7267, 1000.000000000000000 ) ;
#5157 = ORIENTED_EDGE ( 'NONE', *, *, #7794, .T. ) ;
#5158 = CYLINDRICAL_SURFACE ( 'NONE', #1797, 0.2500000000000002220 ) ;
#5159 = CARTESIAN_POINT ( 'NONE',  ( -19.50000000000000000, 51.75000000000000000, 1.600000000000000089 ) ) ;
#5160 = EDGE_CURVE ( 'NONE', #8796, #467, #6537, .T. ) ;
#5161 = LINE ( 'NONE', #8961, #3359 ) ;
#5162 = LINE ( 'NONE', #10136, #7768 ) ;
#5163 = DIRECTION ( 'NONE',  ( 0.000000000000000000, -1.000000000000000000, 0.000000000000000000 ) ) ;
#5164 = AXIS2_PLACEMENT_3D ( 'NONE', #7284, #3526, #11015 ) ;
#5165 = VECTOR ( 'NONE', #7490, 1000.000000000000000 ) ;
#5166 = AXIS2_PLACEMENT_3D ( 'NONE', #6493, #11350, #6611 ) ;
#5167 = DIRECTION ( 'NONE',  ( 1.000000000000000000, 0.000000000000000000, 0.000000000000000000 ) ) ;
#5168 = EDGE_CURVE ( 'NONE', #6415, #6969, #11981, .T. ) ;
#5169 = DIRECTION ( 'NONE',  ( 0.000000000000000000, 0.000000000000000000, 1.000000000000000000 ) ) ;
#5170 = ORIENTED_EDGE ( 'NONE', *, *, #1147, .F. ) ;
#5171 = VECTOR ( 'NONE', #11959, 1000.000000000000000 ) ;
#5172 = EDGE_LOOP ( 'NONE', ( #388, #6039, #603, #9967 ) ) ;
#5173 = ORIENTED_EDGE ( 'NONE', *, *, #9786, .F. ) ;
#5174 = VERTEX_POINT ( 'NONE', #4540 ) ;
#5175 = VECTOR ( 'NONE', #4970, 1000.000000000000000 ) ;
#5176 = VECTOR ( 'NONE', #8080, 1000.000000000000000 ) ;
#5177 = CARTESIAN_POINT ( 'NONE',  ( -56.50000000000000000, 15.54999999999999893, 2.600000000000000089 ) ) ;
#5178 = DIRECTION ( 'NONE',  ( 0.000000000000000000, 1.000000000000000000, 0.000000000000000000 ) ) ;
#5179 = LINE ( 'NONE', #1266, #3645 ) ;
#5180 = DIRECTION ( 'NONE',  ( 1.000000000000000000, 0.000000000000000000, 0.000000000000000000 ) ) ;
#5181 = PLANE ( 'NONE',  #3662 ) ;
#5182 = CIRCLE ( 'NONE', #4777, 0.2499999999999997780 ) ;
#5183 = EDGE_CURVE ( 'NONE', #11151, #587, #7423, .T. ) ;
#5184 = LINE ( 'NONE', #8855, #1108 ) ;
#5185 = AXIS2_PLACEMENT_3D ( 'NONE', #12306, #3820, #10553 ) ;
#5186 =( BOUNDED_CURVE ( )  B_SPLINE_CURVE ( 3, ( #1572, #11275, #8345, #11089 ),
 .UNSPECIFIED., .F., .F. ) 
 B_SPLINE_CURVE_WITH_KNOTS ( ( 4, 4 ),
 ( 0.7853981633973474707, 1.570796326794896558 ),
 .UNSPECIFIED. ) 
 CURVE ( )  GEOMETRIC_REPRESENTATION_ITEM ( )  RATIONAL_B_SPLINE_CURVE ( ( 1.000000000000000000, 0.9492530216741782434, 0.9492530216741782434, 1.000000000000000000 ) ) 
 REPRESENTATION_ITEM ( '' )  );
#5187 = FACE_OUTER_BOUND ( 'NONE', #7055, .T. ) ;
#5188 = ORIENTED_EDGE ( 'NONE', *, *, #6605, .F. ) ;
#5189 = ORIENTED_EDGE ( 'NONE', *, *, #9260, .T. ) ;
#5190 = ORIENTED_EDGE ( 'NONE', *, *, #11902, .T. ) ;
#5191 = DIRECTION ( 'NONE',  ( 0.000000000000000000, 0.000000000000000000, 1.000000000000000000 ) ) ;
#5192 = LINE ( 'NONE', #7065, #1450 ) ;
#5193 = EDGE_LOOP ( 'NONE', ( #700, #531, #5546, #5276 ) ) ;
#5194 = DIRECTION ( 'NONE',  ( 0.000000000000000000, 0.000000000000000000, 1.000000000000000000 ) ) ;
#5195 = LINE ( 'NONE', #8802, #7622 ) ;
#5196 = DIRECTION ( 'NONE',  ( 1.000000000000000000, 0.000000000000000000, 0.000000000000000000 ) ) ;
#5197 = DIRECTION ( 'NONE',  ( 0.000000000000000000, -1.000000000000000000, 0.000000000000000000 ) ) ;
#5198 = PLANE ( 'NONE',  #6052 ) ;
#5199 = ORIENTED_EDGE ( 'NONE', *, *, #756, .T. ) ;
#5200 = DIRECTION ( 'NONE',  ( 0.000000000000000000, -1.000000000000000000, 0.000000000000000000 ) ) ;
#5201 = ORIENTED_EDGE ( 'NONE', *, *, #4600, .T. ) ;
#5202 = VERTEX_POINT ( 'NONE', #7244 ) ;
#5203 = CARTESIAN_POINT ( 'NONE',  ( 0.000000000000000000, 31.00000000000000000, 4.599999999999999645 ) ) ;
#5204 = VERTEX_POINT ( 'NONE', #1756 ) ;
#5205 = DIRECTION ( 'NONE',  ( 0.000000000000000000, 0.000000000000000000, -1.000000000000000000 ) ) ;
#5206 = EDGE_CURVE ( 'NONE', #3998, #5605, #1576, .T. ) ;
#5207 = ORIENTED_EDGE ( 'NONE', *, *, #7369, .F. ) ;
#5208 = EDGE_LOOP ( 'NONE', ( #2484, #9349, #6607, #9813 ) ) ;
#5209 = DIRECTION ( 'NONE',  ( 0.000000000000000000, 0.000000000000000000, -1.000000000000000000 ) ) ;
#5210 = CARTESIAN_POINT ( 'NONE',  ( -50.00000000000000000, 9.000000000000000000, 6.850000000000000533 ) ) ;
#5211 = ORIENTED_EDGE ( 'NONE', *, *, #2533, .T. ) ;
#5212 = LINE ( 'NONE', #9010, #3779 ) ;
#5213 = LINE ( 'NONE', #4274, #4617 ) ;
#5214 = ADVANCED_FACE ( 'NONE', ( #4422 ), #8226, .T. ) ;
#5215 = DIRECTION ( 'NONE',  ( 1.000000000000000000, 0.000000000000000000, 0.000000000000000000 ) ) ;
#5216 = PRESENTATION_LAYER_ASSIGNMENT (  '', '', ( #10578 ) ) ;
#5217 = VERTEX_POINT ( 'NONE', #1822 ) ;
#5218 = DIRECTION ( 'NONE',  ( 1.000000000000000000, 0.000000000000000000, 0.000000000000000000 ) ) ;
#5219 = CARTESIAN_POINT ( 'NONE',  ( -21.00000000000000000, 3.500000000000000000, 10.09999999999999964 ) ) ;
#5220 = EDGE_LOOP ( 'NONE', ( #5264, #9134, #3710, #5532 ) ) ;
#5221 = CARTESIAN_POINT ( 'NONE',  ( -46.00000000000000000, 32.25000000000000000, 1.600000000000000089 ) ) ;
#5222 = CARTESIAN_POINT ( 'NONE',  ( -10.50000000000000000, 51.75000000000000000, 10.09999999999999964 ) ) ;
#5223 = VECTOR ( 'NONE', #4283, 1000.000000000000000 ) ;
#5224 = CARTESIAN_POINT ( 'NONE',  ( -2.500000000000000000, 2.500000000000000000, 1.600000000000000089 ) ) ;
#5225 = CARTESIAN_POINT ( 'NONE',  ( -46.00000000000000000, 37.25000000000000000, 1.600000000000000089 ) ) ;
#5226 = CARTESIAN_POINT ( 'NONE',  ( -52.75000000000000000, 23.75000000000000000, 1.850000000000000089 ) ) ;
#5227 = CARTESIAN_POINT ( 'NONE',  ( -21.00000000000000000, 3.500000000000000000, 1.600000000000000089 ) ) ;
#5228 = VECTOR ( 'NONE', #7702, 1000.000000000000000 ) ;
#5229 = EDGE_CURVE ( 'NONE', #9065, #5444, #5600, .T. ) ;
#5230 = CARTESIAN_POINT ( 'NONE',  ( -19.00000000000000000, 3.500000000000000000, 10.09999999999999964 ) ) ;
#5231 = EDGE_LOOP ( 'NONE', ( #11199, #4508, #2272, #11757, #5491, #4024 ) ) ;
#5232 = VERTEX_POINT ( 'NONE', #5784 ) ;
#5233 = ORIENTED_EDGE ( 'NONE', *, *, #6601, .F. ) ;
#5234 = LINE ( 'NONE', #10847, #1184 ) ;
#5235 = DIRECTION ( 'NONE',  ( 1.000000000000000000, -0.000000000000000000, -0.000000000000000000 ) ) ;
#5236 = CARTESIAN_POINT ( 'NONE',  ( -46.25000000000000000, 50.75000000000000000, 10.09999999999999964 ) ) ;
#5237 = VECTOR ( 'NONE', #9191, 1000.000000000000000 ) ;
#5238 = DIRECTION ( 'NONE',  ( 1.000000000000000000, 0.000000000000000000, 0.000000000000000000 ) ) ;
#5239 = LINE ( 'NONE', #3364, #4656 ) ;
#5240 = EDGE_CURVE ( 'NONE', #878, #9035, #1879, .T. ) ;
#5241 = CARTESIAN_POINT ( 'NONE',  ( -19.50000000000000000, 50.75000000000000000, 10.09999999999999964 ) ) ;
#5242 = DIRECTION ( 'NONE',  ( 0.000000000000000000, 0.000000000000000000, 1.000000000000000000 ) ) ;
#5243 = ORIENTED_EDGE ( 'NONE', *, *, #5909, .T. ) ;
#5244 = VECTOR ( 'NONE', #1146, 1000.000000000000000 ) ;
#5245 = EDGE_LOOP ( 'NONE', ( #9063, #2160, #1697, #3809 ) ) ;
#5246 = ORIENTED_EDGE ( 'NONE', *, *, #3810, .T. ) ;
#5247 = DIRECTION ( 'NONE',  ( 0.000000000000000000, 0.000000000000000000, 1.000000000000000000 ) ) ;
#5248 = CARTESIAN_POINT ( 'NONE',  ( -7.150000000000000355, 2.750000000000000000, 10.09999999999999964 ) ) ;
#5249 = ORIENTED_EDGE ( 'NONE', *, *, #8643, .F. ) ;
#5250 = EDGE_CURVE ( 'NONE', #3991, #9262, #6787, .T. ) ;
#5251 = DIRECTION ( 'NONE',  ( 0.000000000000000000, 0.000000000000000000, -1.000000000000000000 ) ) ;
#5252 = DIRECTION ( 'NONE',  ( -1.000000000000000000, 0.000000000000000000, 0.000000000000000000 ) ) ;
#5253 = FACE_OUTER_BOUND ( 'NONE', #6914, .T. ) ;
#5254 = FACE_OUTER_BOUND ( 'NONE', #4796, .T. ) ;
#5255 = VECTOR ( 'NONE', #9561, 1000.000000000000000 ) ;
#5256 = AXIS2_PLACEMENT_3D ( 'NONE', #2151, #5885, #9676 ) ;
#5257 = LINE ( 'NONE', #12118, #11631 ) ;
#5258 = ORIENTED_EDGE ( 'NONE', *, *, #7890, .T. ) ;
#5259 = CARTESIAN_POINT ( 'NONE',  ( -75.00000000000000000, 41.54999999999999716, 11.40355339059328088 ) ) ;
#5260 = VERTEX_POINT ( 'NONE', #3911 ) ;
#5261 = DIRECTION ( 'NONE',  ( 0.000000000000000000, 0.000000000000000000, 1.000000000000000000 ) ) ;
#5262 = VERTEX_POINT ( 'NONE', #9400 ) ;
#5263 = AXIS2_PLACEMENT_3D ( 'NONE', #10707, #3175, #10647 ) ;
#5264 = ORIENTED_EDGE ( 'NONE', *, *, #5519, .T. ) ;
#5265 = LINE ( 'NONE', #3392, #7744 ) ;
#5266 = VECTOR ( 'NONE', #83, 1000.000000000000000 ) ;
#5267 = DIRECTION ( 'NONE',  ( 1.000000000000000000, 0.000000000000000000, 0.000000000000000000 ) ) ;
#5268 = VERTEX_POINT ( 'NONE', #8528 ) ;
#5269 = ADVANCED_FACE ( 'NONE', ( #9645 ), #5662, .T. ) ;
#5270 = CARTESIAN_POINT ( 'NONE',  ( -52.75000000000000000, 24.00000000000000000, 2.100000000000000089 ) ) ;
#5271 = CARTESIAN_POINT ( 'NONE',  ( -16.75000000000000000, 1.750000000000000000, 10.09999999999999964 ) ) ;
#5272 = EDGE_CURVE ( 'NONE', #10403, #11874, #4718, .T. ) ;
#5273 = AXIS2_PLACEMENT_3D ( 'NONE', #5287, #11081, #3296 ) ;
#5274 = CARTESIAN_POINT ( 'NONE',  ( -42.25000000000000000, 51.75000000000000000, 10.09999999999999964 ) ) ;
#5275 = VECTOR ( 'NONE', #2248, 1000.000000000000000 ) ;
#5276 = ORIENTED_EDGE ( 'NONE', *, *, #10437, .F. ) ;
#5277 = ADVANCED_FACE ( 'NONE', ( #11519 ), #11340, .F. ) ;
#5278 = CARTESIAN_POINT ( 'NONE',  ( -23.25000000000000000, 2.750000000000000000, 10.09999999999999964 ) ) ;
#5279 = LINE ( 'NONE', #4280, #3966 ) ;
#5280 = CARTESIAN_POINT ( 'NONE',  ( -15.50000000000000000, 50.75000000000000000, 10.09999999999999964 ) ) ;
#5281 =( NAMED_UNIT ( * ) PLANE_ANGLE_UNIT ( ) SI_UNIT ( $, .RADIAN. ) );
#5282 = VECTOR ( 'NONE', #8515, 1000.000000000000114 ) ;
#5283 = DIRECTION ( 'NONE',  ( 0.000000000000000000, -1.000000000000000000, 0.000000000000000000 ) ) ;
#5284 = LINE ( 'NONE', #4408, #1998 ) ;
#5285 = FACE_OUTER_BOUND ( 'NONE', #6944, .T. ) ;
#5286 = ADVANCED_FACE ( 'NONE', ( #4844 ), #8468, .T. ) ;
#5287 = CARTESIAN_POINT ( 'NONE',  ( -16.75000000000000000, 2.750000000000000000, 10.09999999999999964 ) ) ;
#5288 = DIRECTION ( 'NONE',  ( -1.000000000000000000, 0.000000000000000000, 0.000000000000000000 ) ) ;
#5289 = ORIENTED_EDGE ( 'NONE', *, *, #9677, .F. ) ;
#5290 = ORIENTED_EDGE ( 'NONE', *, *, #5150, .F. ) ;
#5291 = VERTEX_POINT ( 'NONE', #12278 ) ;
#5292 = EDGE_LOOP ( 'NONE', ( #1648, #5620, #5077, #546 ) ) ;
#5293 = EDGE_CURVE ( 'NONE', #9466, #1152, #3727, .T. ) ;
#5294 = LINE ( 'NONE', #9843, #581 ) ;
#5295 = CARTESIAN_POINT ( 'NONE',  ( -58.50000000000000000, 44.50000000000000000, 12.34999999999999964 ) ) ;
#5296 = CYLINDRICAL_SURFACE ( 'NONE', #3442, 1.750000000000000222 ) ;
#5297 = DIRECTION ( 'NONE',  ( 0.000000000000000000, 0.000000000000000000, -1.000000000000000000 ) ) ;
#5298 = CARTESIAN_POINT ( 'NONE',  ( -47.95000000000000284, 48.00000000000000000, 4.599999999999999645 ) ) ;
#5299 = EDGE_CURVE ( 'NONE', #260, #8899, #2001, .T. ) ;
#5300 = DIRECTION ( 'NONE',  ( 0.000000000000000000, 0.000000000000000000, -1.000000000000000000 ) ) ;
#5301 = DIRECTION ( 'NONE',  ( 0.000000000000000000, 0.000000000000000000, -1.000000000000000000 ) ) ;
#5302 = ADVANCED_FACE ( 'NONE', ( #4903 ), #5848, .T. ) ;
#5303 = ORIENTED_EDGE ( 'NONE', *, *, #8724, .T. ) ;
#5304 = EDGE_CURVE ( 'NONE', #1480, #1278, #3794, .T. ) ;
#5305 = ORIENTED_EDGE ( 'NONE', *, *, #2561, .T. ) ;
#5306 = EDGE_CURVE ( 'NONE', #6652, #7044, #2813, .T. ) ;
#5307 = EDGE_LOOP ( 'NONE', ( #1365, #9246, #11596, #1107 ) ) ;
#5308 = CARTESIAN_POINT ( 'NONE',  ( -68.50000000000000000, 0.000000000000000000, 1.600000000000000089 ) ) ;
#5309 = CARTESIAN_POINT ( 'NONE',  ( -39.75000000000000000, 21.50000000000000000, 9.599999999999999645 ) ) ;
#5310 = ORIENTED_EDGE ( 'NONE', *, *, #2268, .T. ) ;
#5311 = DIRECTION ( 'NONE',  ( 0.000000000000000000, 0.000000000000000000, 1.000000000000000000 ) ) ;
#5312 = CARTESIAN_POINT ( 'NONE',  ( -45.25000000000000000, 26.00000000000000000, 3.850000000000000089 ) ) ;
#5313 = EDGE_CURVE ( 'NONE', #10566, #3692, #6473, .T. ) ;
#5314 = CARTESIAN_POINT ( 'NONE',  ( 0.000000000000000000, 27.90000000000000213, 4.599999999999999645 ) ) ;
#5315 = PLANE ( 'NONE',  #11237 ) ;
#5316 = CIRCLE ( 'NONE', #8895, 0.2500000000000002220 ) ;
#5317 = DIRECTION ( 'NONE',  ( 0.000000000000000000, 0.000000000000000000, 1.000000000000000000 ) ) ;
#5318 = VERTEX_POINT ( 'NONE', #9463 ) ;
#5319 = PLANE ( 'NONE',  #7090 ) ;
#5320 = ORIENTED_EDGE ( 'NONE', *, *, #1743, .T. ) ;
#5321 = EDGE_CURVE ( 'NONE', #5993, #10179, #6600, .T. ) ;
#5322 = CARTESIAN_POINT ( 'NONE',  ( -16.75000000000000000, 2.750000000000000000, 10.09999999999999964 ) ) ;
#5323 = VERTEX_POINT ( 'NONE', #8 ) ;
#5324 = ORIENTED_EDGE ( 'NONE', *, *, #200, .T. ) ;
#5325 = PLANE ( 'NONE',  #8733 ) ;
#5326 = LINE ( 'NONE', #11120, #424 ) ;
#5327 = AXIS2_PLACEMENT_3D ( 'NONE', #8646, #6654, #2734 ) ;
#5328 = ORIENTED_EDGE ( 'NONE', *, *, #5141, .T. ) ;
#5329 = DIRECTION ( 'NONE',  ( 0.000000000000000000, 0.000000000000000000, -1.000000000000000000 ) ) ;
#5330 = DIRECTION ( 'NONE',  ( 0.000000000000000000, 0.000000000000000000, 1.000000000000000000 ) ) ;
#5331 = DIRECTION ( 'NONE',  ( 0.000000000000000000, 0.7071067811865470176, -0.7071067811865480168 ) ) ;
#5332 = DIRECTION ( 'NONE',  ( 0.000000000000000000, 0.000000000000000000, 1.000000000000000000 ) ) ;
#5333 = VECTOR ( 'NONE', #8571, 1000.000000000000000 ) ;
#5334 = ADVANCED_FACE ( 'NONE', ( #1936 ), #9519, .T. ) ;
#5335 = ORIENTED_EDGE ( 'NONE', *, *, #2230, .F. ) ;
#5336 = ORIENTED_EDGE ( 'NONE', *, *, #2354, .T. ) ;
#5337 = DIRECTION ( 'NONE',  ( 1.000000000000000000, 0.000000000000000000, 0.000000000000000000 ) ) ;
#5338 = CARTESIAN_POINT ( 'NONE',  ( -49.64999999999999858, 45.65000000000000568, 10.59999999999999964 ) ) ;
#5339 = ADVANCED_FACE ( 'NONE', ( #10837 ), #7971, .F. ) ;
#5340 = CARTESIAN_POINT ( 'NONE',  ( -3.500000000000000000, 3.500000000000000000, 1.600000000000000089 ) ) ;
#5341 = DIRECTION ( 'NONE',  ( 0.000000000000000000, 0.000000000000000000, 1.000000000000000000 ) ) ;
#5342 = AXIS2_PLACEMENT_3D ( 'NONE', #6829, #5823, #2158 ) ;
#5343 = DIRECTION ( 'NONE',  ( 0.000000000000000000, 0.000000000000000000, -1.000000000000000000 ) ) ;
#5344 = PLANE ( 'NONE',  #8164 ) ;
#5345 = CARTESIAN_POINT ( 'NONE',  ( -41.25000000000000000, 51.75000000000000000, 10.09999999999999964 ) ) ;
#5346 = AXIS2_PLACEMENT_3D ( 'NONE', #10151, #1816, #8464 ) ;
#5347 = PLANE ( 'NONE',  #3879 ) ;
#5348 = ORIENTED_EDGE ( 'NONE', *, *, #6194, .F. ) ;
#5349 = VECTOR ( 'NONE', #1886, 1000.000000000000000 ) ;
#5350 = PLANE ( 'NONE',  #4127 ) ;
#5351 = ORIENTED_EDGE ( 'NONE', *, *, #6285, .F. ) ;
#5352 = ORIENTED_EDGE ( 'NONE', *, *, #2755, .T. ) ;
#5353 = ORIENTED_EDGE ( 'NONE', *, *, #4080, .T. ) ;
#5354 = EDGE_CURVE ( 'NONE', #810, #1750, #10646, .T. ) ;
#5355 = AXIS2_PLACEMENT_3D ( 'NONE', #8673, #7857, #1208 ) ;
#5356 = CARTESIAN_POINT ( 'NONE',  ( -42.25000000000000000, 51.75000000000000000, 1.600000000000000089 ) ) ;
#5357 = PLANE ( 'NONE',  #7165 ) ;
#5358 = CARTESIAN_POINT ( 'NONE',  ( -56.50000000000000000, 20.25000000000000000, 2.600000000000000089 ) ) ;
#5359 = VECTOR ( 'NONE', #3361, 1000.000000000000000 ) ;
#5360 = ADVANCED_FACE ( 'NONE', ( #9832 ), #6101, .F. ) ;
#5361 = CARTESIAN_POINT ( 'NONE',  ( -66.25000000000000000, 42.54999999999999716, 9.696446609406731199 ) ) ;
#5362 = VECTOR ( 'NONE', #6141, 1000.000000000000000 ) ;
#5363 = LINE ( 'NONE', #770, #6869 ) ;
#5364 = DIRECTION ( 'NONE',  ( -1.000000000000000000, 0.000000000000000000, 0.000000000000000000 ) ) ;
#5365 = EDGE_CURVE ( 'NONE', #9426, #10736, #316, .T. ) ;
#5366 = VECTOR ( 'NONE', #4083, 1000.000000000000000 ) ;
#5367 = FACE_OUTER_BOUND ( 'NONE', #7292, .T. ) ;
#5368 = ORIENTED_EDGE ( 'NONE', *, *, #7580, .T. ) ;
#5369 = AXIS2_PLACEMENT_3D ( 'NONE', #1913, #2280, #8870 ) ;
#5370 = VERTEX_POINT ( 'NONE', #1319 ) ;
#5371 = VERTEX_POINT ( 'NONE', #10898 ) ;
#5372 = DIRECTION ( 'NONE',  ( 1.000000000000000000, 0.000000000000000000, 0.000000000000000000 ) ) ;
#5373 = CARTESIAN_POINT ( 'NONE',  ( -5.250000000000000000, 0.000000000000000000, 4.599999999999999645 ) ) ;
#5374 = ORIENTED_EDGE ( 'NONE', *, *, #2434, .T. ) ;
#5375 = DIRECTION ( 'NONE',  ( -1.000000000000000000, 0.000000000000000000, 0.000000000000000000 ) ) ;
#5376 = DIRECTION ( 'NONE',  ( 0.000000000000000000, 0.000000000000000000, -1.000000000000000000 ) ) ;
#5377 = DIRECTION ( 'NONE',  ( 0.000000000000000000, -1.000000000000000000, 0.000000000000000000 ) ) ;
#5378 = VECTOR ( 'NONE', #6154, 1000.000000000000000 ) ;
#5379 = CYLINDRICAL_SURFACE ( 'NONE', #6650, 0.2500000000000002220 ) ;
#5380 = ADVANCED_FACE ( 'NONE', ( #3229 ), #10773, .F. ) ;
#5381 = VECTOR ( 'NONE', #10120, 1000.000000000000000 ) ;
#5382 = EDGE_CURVE ( 'NONE', #1216, #716, #8894, .T. ) ;
#5383 = CARTESIAN_POINT ( 'NONE',  ( -38.75000000000000000, 51.75000000000000000, 1.600000000000000089 ) ) ;
#5384 = ORIENTED_EDGE ( 'NONE', *, *, #1637, .T. ) ;
#5385 = CARTESIAN_POINT ( 'NONE',  ( -46.25000000000000000, 48.00000000000000000, 4.599999999999999645 ) ) ;
#5386 = ORIENTED_EDGE ( 'NONE', *, *, #6372, .F. ) ;
#5387 = EDGE_CURVE ( 'NONE', #3413, #6736, #11653, .T. ) ;
#5388 = PLANE ( 'NONE',  #5944 ) ;
#5389 = VECTOR ( 'NONE', #10117, 1000.000000000000000 ) ;
#5390 = ORIENTED_EDGE ( 'NONE', *, *, #2194, .F. ) ;
#5391 = ORIENTED_EDGE ( 'NONE', *, *, #4242, .T. ) ;
#5392 = FACE_OUTER_BOUND ( 'NONE', #4045, .T. ) ;
#5393 = DIRECTION ( 'NONE',  ( 1.000000000000000000, 0.000000000000000000, 0.000000000000000000 ) ) ;
#5394 = VECTOR ( 'NONE', #11618, 1000.000000000000000 ) ;
#5395 = EDGE_LOOP ( 'NONE', ( #10932, #7819, #2625, #2820, #1419, #8779, #2186, #10268, #8692 ) ) ;
#5396 = DIRECTION ( 'NONE',  ( 0.000000000000000000, 1.000000000000000000, 0.000000000000000000 ) ) ;
#5397 = DIRECTION ( 'NONE',  ( -1.000000000000000000, 0.000000000000000000, 0.000000000000000000 ) ) ;
#5398 = LINE ( 'NONE', #2841, #7451 ) ;
#5399 = EDGE_CURVE ( 'NONE', #9091, #6135, #1443, .T. ) ;
#5400 = CARTESIAN_POINT ( 'NONE',  ( -22.00000000000000000, 51.75000000000000000, 10.09999999999999964 ) ) ;
#5401 = ORIENTED_EDGE ( 'NONE', *, *, #4022, .F. ) ;
#5402 = CARTESIAN_POINT ( 'NONE',  ( -74.75000000000000000, 32.25000000000000000, 12.59999999999999964 ) ) ;
#5403 = LINE ( 'NONE', #5338, #622 ) ;
#5404 = DIRECTION ( 'NONE',  ( -1.000000000000000000, 0.000000000000000000, 0.000000000000000000 ) ) ;
#5405 = LINE ( 'NONE', #9203, #2251 ) ;
#5406 = CARTESIAN_POINT ( 'NONE',  ( -56.50000000000000000, 15.54999999999999893, 2.600000000000000089 ) ) ;
#5407 = LINE ( 'NONE', #9023, #6171 ) ;
#5408 = CARTESIAN_POINT ( 'NONE',  ( -30.75000000000000000, 2.750000000000000000, 1.600000000000000089 ) ) ;
#5409 = CARTESIAN_POINT ( 'NONE',  ( -42.25000000000000000, 50.75000000000000000, 10.09999999999999964 ) ) ;
#5410 = ORIENTED_EDGE ( 'NONE', *, *, #2125, .F. ) ;
#5411 = CARTESIAN_POINT ( 'NONE',  ( -4.549999999999999822, 30.30000000000000071, 10.59999999999999964 ) ) ;
#5412 = ORIENTED_EDGE ( 'NONE', *, *, #3365, .T. ) ;
#5413 = ORIENTED_EDGE ( 'NONE', *, *, #3005, .T. ) ;
#5414 = VECTOR ( 'NONE', #5657, 1000.000000000000000 ) ;
#5415 = ORIENTED_EDGE ( 'NONE', *, *, #4036, .F. ) ;
#5416 = VERTEX_POINT ( 'NONE', #5226 ) ;
#5417 = CARTESIAN_POINT ( 'NONE',  ( 0.000000000000000000, 0.000000000000000000, 10.59999999999999964 ) ) ;
#5418 = DIRECTION ( 'NONE',  ( 0.000000000000000000, 1.000000000000000000, 0.000000000000000000 ) ) ;
#5419 = LINE ( 'NONE', #5482, #11415 ) ;
#5420 = CARTESIAN_POINT ( 'NONE',  ( -10.55000000000000071, 2.750000000000000000, 1.600000000000000089 ) ) ;
#5421 = DIRECTION ( 'NONE',  ( -1.000000000000000000, 0.000000000000000000, 0.000000000000000000 ) ) ;
#5422 = VECTOR ( 'NONE', #11014, 1000.000000000000000 ) ;
#5423 = EDGE_CURVE ( 'NONE', #5217, #1326, #11897, .T. ) ;
#5424 = LINE ( 'NONE', #1526, #9639 ) ;
#5425 = FACE_OUTER_BOUND ( 'NONE', #4104, .T. ) ;
#5426 = EDGE_LOOP ( 'NONE', ( #6463, #9679, #640, #246 ) ) ;
#5427 = ADVANCED_FACE ( 'NONE', ( #447 ), #253, .T. ) ;
#5428 = ORIENTED_EDGE ( 'NONE', *, *, #2124, .T. ) ;
#5429 = ORIENTED_EDGE ( 'NONE', *, *, #4352, .F. ) ;
#5430 = LINE ( 'NONE', #10096, #1400 ) ;
#5431 = FACE_OUTER_BOUND ( 'NONE', #6639, .T. ) ;
#5432 = VECTOR ( 'NONE', #4816, 1000.000000000000000 ) ;
#5433 = DIRECTION ( 'NONE',  ( 0.000000000000000000, 0.000000000000000000, -1.000000000000000000 ) ) ;
#5434 = DIRECTION ( 'NONE',  ( 1.000000000000000000, 0.000000000000000000, 0.000000000000000000 ) ) ;
#5435 = CARTESIAN_POINT ( 'NONE',  ( 0.000000000000000000, 0.000000000000000000, 10.59999999999999964 ) ) ;
#5436 = CARTESIAN_POINT ( 'NONE',  ( -45.25000000000000000, 26.00000000000000000, 2.100000000000000089 ) ) ;
#5437 = LINE ( 'NONE', #4558, #1700 ) ;
#5438 = ORIENTED_EDGE ( 'NONE', *, *, #3774, .T. ) ;
#5439 = DIRECTION ( 'NONE',  ( 0.000000000000000000, -1.000000000000000000, 0.000000000000000000 ) ) ;
#5440 = AXIS2_PLACEMENT_3D ( 'NONE', #5236, #9718, #8847 ) ;
#5441 = ORIENTED_EDGE ( 'NONE', *, *, #3656, .F. ) ;
#5442 = EDGE_CURVE ( 'NONE', #543, #4797, #6905, .T. ) ;
#5443 = DIRECTION ( 'NONE',  ( 0.000000000000000000, 0.000000000000000000, -1.000000000000000000 ) ) ;
#5444 = VERTEX_POINT ( 'NONE', #10704 ) ;
#5445 = VERTEX_POINT ( 'NONE', #8027 ) ;
#5446 = ORIENTED_EDGE ( 'NONE', *, *, #4285, .F. ) ;
#5447 = PLANE ( 'NONE',  #3363 ) ;
#5448 = LINE ( 'NONE', #6266, #8960 ) ;
#5449 = VERTEX_POINT ( 'NONE', #5034 ) ;
#5450 = LINE ( 'NONE', #9128, #418 ) ;
#5451 = LINE ( 'NONE', #10306, #10808 ) ;
#5452 = VECTOR ( 'NONE', #742, 1000.000000000000000 ) ;
#5453 = FACE_OUTER_BOUND ( 'NONE', #1027, .T. ) ;
#5454 = CARTESIAN_POINT ( 'NONE',  ( -5.500000000000000000, 51.75000000000000000, 1.600000000000000089 ) ) ;
#5455 = AXIS2_PLACEMENT_3D ( 'NONE', #8998, #7937, #8930 ) ;
#5456 = ORIENTED_EDGE ( 'NONE', *, *, #7418, .T. ) ;
#5457 = VECTOR ( 'NONE', #3925, 1000.000000000000000 ) ;
#5458 = FACE_OUTER_BOUND ( 'NONE', #349, .T. ) ;
#5459 = ORIENTED_EDGE ( 'NONE', *, *, #8806, .T. ) ;
#5460 = ADVANCED_FACE ( 'NONE', ( #9891 ), #4155, .T. ) ;
#5461 = ADVANCED_FACE ( 'NONE', ( #4974 ), #8776, .T. ) ;
#5462 = VERTEX_POINT ( 'NONE', #11779 ) ;
#5463 = DIRECTION ( 'NONE',  ( 0.000000000000000000, 1.000000000000000000, 0.000000000000000000 ) ) ;
#5464 = DIRECTION ( 'NONE',  ( 0.000000000000000000, 0.000000000000000000, 1.000000000000000000 ) ) ;
#5465 = FACE_OUTER_BOUND ( 'NONE', #2921, .T. ) ;
#5466 = CYLINDRICAL_SURFACE ( 'NONE', #9347, 3.250000000000002665 ) ;
#5467 = VECTOR ( 'NONE', #2389, 1000.000000000000000 ) ;
#5468 = VECTOR ( 'NONE', #708, 1000.000000000000000 ) ;
#5469 = EDGE_CURVE ( 'NONE', #2042, #8990, #8836, .T. ) ;
#5470 = DIRECTION ( 'NONE',  ( 0.000000000000000000, -1.000000000000000000, 0.000000000000000000 ) ) ;
#5471 = CARTESIAN_POINT ( 'NONE',  ( -74.75000000000000000, 41.54999999999999716, 11.40355339059328088 ) ) ;
#5472 = EDGE_LOOP ( 'NONE', ( #3115, #2155, #7860, #2029 ) ) ;
#5473 = DIRECTION ( 'NONE',  ( 1.000000000000000000, 0.000000000000000000, 0.000000000000000000 ) ) ;
#5474 = ORIENTED_EDGE ( 'NONE', *, *, #6057, .T. ) ;
#5475 = ORIENTED_EDGE ( 'NONE', *, *, #141, .T. ) ;
#5476 = VECTOR ( 'NONE', #758, 1000.000000000000000 ) ;
#5477 = VECTOR ( 'NONE', #10631, 1000.000000000000000 ) ;
#5478 = EDGE_CURVE ( 'NONE', #9407, #3298, #3171, .T. ) ;
#5479 = ORIENTED_EDGE ( 'NONE', *, *, #1272, .T. ) ;
#5480 = CARTESIAN_POINT ( 'NONE',  ( -25.75000000000000000, 2.750000000000000000, 10.09999999999999964 ) ) ;
#5481 = DIRECTION ( 'NONE',  ( 0.000000000000000000, 0.000000000000000000, -1.000000000000000000 ) ) ;
#5482 = CARTESIAN_POINT ( 'NONE',  ( -58.50000000000000000, 44.50000000000000000, 1.850000000000000089 ) ) ;
#5483 = DIRECTION ( 'NONE',  ( 0.000000000000000000, -1.000000000000000000, 0.000000000000000000 ) ) ;
#5484 = LINE ( 'NONE', #10213, #8256 ) ;
#5485 = FACE_OUTER_BOUND ( 'NONE', #1402, .T. ) ;
#5486 = DIRECTION ( 'NONE',  ( 0.000000000000000000, 0.000000000000000000, 1.000000000000000000 ) ) ;
#5487 = ADVANCED_FACE ( 'NONE', ( #566 ), #11080, .T. ) ;
#5488 = VERTEX_POINT ( 'NONE', #6407 ) ;
#5489 = EDGE_CURVE ( 'NONE', #3476, #4131, #2551, .T. ) ;
#5490 = ORIENTED_EDGE ( 'NONE', *, *, #7152, .F. ) ;
#5491 = ORIENTED_EDGE ( 'NONE', *, *, #9307, .T. ) ;
#5492 = DIRECTION ( 'NONE',  ( 0.000000000000000000, -1.000000000000000000, 0.000000000000000000 ) ) ;
#5493 = ADVANCED_FACE ( 'NONE', ( #8153 ), #3592, .F. ) ;
#5494 = CARTESIAN_POINT ( 'NONE',  ( -50.35000000000000142, 45.65000000000000568, 10.59999999999999964 ) ) ;
#5495 = DIRECTION ( 'NONE',  ( 0.000000000000000000, 0.000000000000000000, -1.000000000000000000 ) ) ;
#5496 = DIRECTION ( 'NONE',  ( -1.000000000000000000, 0.000000000000000000, 0.000000000000000000 ) ) ;
#5497 = CARTESIAN_POINT ( 'NONE',  ( -71.00000000000000000, 12.50000000000000000, 1.600000000000000089 ) ) ;
#5498 = LINE ( 'NONE', #12117, #6464 ) ;
#5499 = VERTEX_POINT ( 'NONE', #5408 ) ;
#5500 = ADVANCED_FACE ( 'NONE', ( #11967 ), #3469, .F. ) ;
#5501 = CARTESIAN_POINT ( 'NONE',  ( -46.25000000000000000, 45.00000000000000000, 4.599999999999999645 ) ) ;
#5502 = ORIENTED_EDGE ( 'NONE', *, *, #1272, .F. ) ;
#5503 = CARTESIAN_POINT ( 'NONE',  ( -8.149999999999998579, 2.750000000000000000, 10.09999999999999964 ) ) ;
#5504 = ORIENTED_EDGE ( 'NONE', *, *, #105, .F. ) ;
#5505 = ORIENTED_EDGE ( 'NONE', *, *, #5106, .F. ) ;
#5506 = VERTEX_POINT ( 'NONE', #12151 ) ;
#5507 = DIRECTION ( 'NONE',  ( 0.000000000000000000, 0.000000000000000000, -1.000000000000000000 ) ) ;
#5508 = LINE ( 'NONE', #852, #2416 ) ;
#5509 = EDGE_CURVE ( 'NONE', #10978, #7084, #10200, .T. ) ;
#5510 = ORIENTED_EDGE ( 'NONE', *, *, #9014, .T. ) ;
#5511 = DIRECTION ( 'NONE',  ( 0.000000000000000000, -1.000000000000000000, 0.000000000000000000 ) ) ;
#5512 = DIRECTION ( 'NONE',  ( 0.000000000000000000, 0.000000000000000000, -1.000000000000000000 ) ) ;
#5513 = FACE_OUTER_BOUND ( 'NONE', #3209, .T. ) ;
#5514 = CARTESIAN_POINT ( 'NONE',  ( -45.25000000000000000, 24.00000000000000000, 1.850000000000000089 ) ) ;
#5515 = ORIENTED_EDGE ( 'NONE', *, *, #7865, .T. ) ;
#5516 = EDGE_CURVE ( 'NONE', #4350, #3708, #8213, .T. ) ;
#5518 = AXIS2_PLACEMENT_3D ( 'NONE', #7115, #336, #1397 ) ;
#5517 = LINE ( 'NONE', #5636, #375 ) ;
#5519 = EDGE_CURVE ( 'NONE', #9035, #5318, #9268, .T. ) ;
#5520 = ORIENTED_EDGE ( 'NONE', *, *, #8823, .F. ) ;
#5521 = EDGE_LOOP ( 'NONE', ( #5685, #4233, #10993, #275 ) ) ;
#5522 = LINE ( 'NONE', #10195, #6574 ) ;
#5523 = CARTESIAN_POINT ( 'NONE',  ( -28.75000000000000000, 50.75000000000000000, 10.09999999999999964 ) ) ;
#5524 = PLANE ( 'NONE',  #6344 ) ;
#5525 = AXIS2_PLACEMENT_3D ( 'NONE', #8532, #4607, #1881 ) ;
#5526 = EDGE_CURVE ( 'NONE', #1352, #835, #692, .T. ) ;
#5527 = EDGE_CURVE ( 'NONE', #11565, #5174, #6342, .T. ) ;
#5528 = CARTESIAN_POINT ( 'NONE',  ( -52.75000000000000000, 48.00000000000000000, 4.599999999999999645 ) ) ;
#5529 = VERTEX_POINT ( 'NONE', #10137 ) ;
#5530 = CARTESIAN_POINT ( 'NONE',  ( -5.750000000000000000, 2.750000000000000000, 10.09999999999999964 ) ) ;
#5531 = ORIENTED_EDGE ( 'NONE', *, *, #10026, .F. ) ;
#5532 = ORIENTED_EDGE ( 'NONE', *, *, #10987, .T. ) ;
#5533 = EDGE_CURVE ( 'NONE', #2118, #10591, #1689, .T. ) ;
#5534 = AXIS2_PLACEMENT_3D ( 'NONE', #11643, #10573, #5837 ) ;
#5535 = ORIENTED_EDGE ( 'NONE', *, *, #4894, .T. ) ;
#5536 = CARTESIAN_POINT ( 'NONE',  ( -56.50000000000000000, 15.54999999999999893, 2.600000000000000089 ) ) ;
#5537 = DIRECTION ( 'NONE',  ( -1.000000000000000000, 0.000000000000000000, 0.000000000000000000 ) ) ;
#5538 = DIRECTION ( 'NONE',  ( -1.000000000000000000, 0.000000000000000000, 0.000000000000000000 ) ) ;
#5539 = CARTESIAN_POINT ( 'NONE',  ( -50.35000000000000142, 45.65000000000000568, 4.599999999999999645 ) ) ;
#5540 = DIRECTION ( 'NONE',  ( -1.000000000000000000, 0.000000000000000000, 0.000000000000000000 ) ) ;
#5541 = VECTOR ( 'NONE', #9232, 1000.000000000000000 ) ;
#5542 = EDGE_CURVE ( 'NONE', #6885, #11700, #3529, .T. ) ;
#5543 = VECTOR ( 'NONE', #3709, 1000.000000000000000 ) ;
#5544 = DIRECTION ( 'NONE',  ( -0.7071067811865450192, -0.7071067811865500152, 0.000000000000000000 ) ) ;
#5545 = FACE_OUTER_BOUND ( 'NONE', #623, .T. ) ;
#5546 = ORIENTED_EDGE ( 'NONE', *, *, #7375, .F. ) ;
#5547 = CIRCLE ( 'NONE', #12133, 1.750000000000001554 ) ;
#5548 = VERTEX_POINT ( 'NONE', #12085 ) ;
#5549 = EDGE_LOOP ( 'NONE', ( #7882, #9727, #4854, #10434 ) ) ;
#5550 = CARTESIAN_POINT ( 'NONE',  ( -52.04999999999999716, 45.65000000000000568, 10.59999999999999964 ) ) ;
#5551 = AXIS2_PLACEMENT_3D ( 'NONE', #11759, #4270, #1358 ) ;
#5552 = DIRECTION ( 'NONE',  ( 1.000000000000000000, 0.000000000000000000, 0.000000000000000000 ) ) ;
#5553 = CARTESIAN_POINT ( 'NONE',  ( -15.50000000000000000, 50.75000000000000000, 10.09999999999999964 ) ) ;
#5554 = CARTESIAN_POINT ( 'NONE',  ( -26.25000000000000000, 51.75000000000000000, 1.600000000000000089 ) ) ;
#5555 = FACE_OUTER_BOUND ( 'NONE', #670, .T. ) ;
#5556 = DIRECTION ( 'NONE',  ( 1.000000000000000000, 0.000000000000000000, 0.000000000000000000 ) ) ;
#5557 = VERTEX_POINT ( 'NONE', #9144 ) ;
#5558 = EDGE_CURVE ( 'NONE', #1098, #10634, #3351, .T. ) ;
#5559 = VECTOR ( 'NONE', #8993, 1000.000000000000000 ) ;
#5560 = FACE_OUTER_BOUND ( 'NONE', #10058, .T. ) ;
#5561 = VECTOR ( 'NONE', #6233, 1000.000000000000000 ) ;
#5562 = ORIENTED_EDGE ( 'NONE', *, *, #2937, .T. ) ;
#5563 = AXIS2_PLACEMENT_3D ( 'NONE', #10981, #3552, #4249 ) ;
#5564 = PLANE ( 'NONE',  #1336 ) ;
#5565 = ORIENTED_EDGE ( 'NONE', *, *, #9314, .T. ) ;
#5566 = VERTEX_POINT ( 'NONE', #10074 ) ;
#5567 = ORIENTED_EDGE ( 'NONE', *, *, #4150, .T. ) ;
#5568 = CARTESIAN_POINT ( 'NONE',  ( -4.500000000000000000, 51.75000000000000000, 10.09999999999999964 ) ) ;
#5569 = CARTESIAN_POINT ( 'NONE',  ( -8.149999999999998579, 2.750000000000000000, 10.09999999999999964 ) ) ;
#5570 = ORIENTED_EDGE ( 'NONE', *, *, #12139, .T. ) ;
#5571 = AXIS2_PLACEMENT_3D ( 'NONE', #2326, #521, #8042 ) ;
#5572 = ORIENTED_EDGE ( 'NONE', *, *, #10812, .F. ) ;
#5573 = CARTESIAN_POINT ( 'NONE',  ( -2.500000000000000000, 36.00000000000000000, 1.600000000000000089 ) ) ;
#5574 = CARTESIAN_POINT ( 'NONE',  ( -52.75000000000000000, 23.75000000000000000, 2.100000000000000089 ) ) ;
#5575 = VECTOR ( 'NONE', #229, 1000.000000000000000 ) ;
#5576 = VECTOR ( 'NONE', #11572, 1000.000000000000000 ) ;
#5577 = FACE_OUTER_BOUND ( 'NONE', #1929, .T. ) ;
#5578 = CARTESIAN_POINT ( 'NONE',  ( -75.00000000000000000, 33.45000000000000284, 9.696446609406731199 ) ) ;
#5579 = AXIS2_PLACEMENT_3D ( 'NONE', #7023, #1488, #1359 ) ;
#5580 = ADVANCED_FACE ( 'NONE', ( #5285 ), #3409, .T. ) ;
#5581 = ORIENTED_EDGE ( 'NONE', *, *, #10855, .F. ) ;
#5582 = PLANE ( 'NONE',  #1178 ) ;
#5583 = ORIENTED_EDGE ( 'NONE', *, *, #2423, .F. ) ;
#5584 = CARTESIAN_POINT ( 'NONE',  ( -22.00000000000000000, 50.75000000000000000, 10.09999999999999964 ) ) ;
#5585 = EDGE_CURVE ( 'NONE', #2596, #3692, #9632, .T. ) ;
#5586 = VERTEX_POINT ( 'NONE', #10385 ) ;
#5587 = CARTESIAN_POINT ( 'NONE',  ( -23.25000000000000000, 1.750000000000000000, 10.09999999999999964 ) ) ;
#5588 = LINE ( 'NONE', #8512, #12201 ) ;
#5589 = CARTESIAN_POINT ( 'NONE',  ( -52.75000000000000000, 26.00000000000000000, 1.850000000000000089 ) ) ;
#5590 = DIRECTION ( 'NONE',  ( 0.000000000000000000, 1.000000000000000000, 0.000000000000000000 ) ) ;
#5591 = ORIENTED_EDGE ( 'NONE', *, *, #5700, .T. ) ;
#5592 = CARTESIAN_POINT ( 'NONE',  ( -45.25000000000000000, 26.00000000000000000, 1.600000000000000089 ) ) ;
#5593 = EDGE_LOOP ( 'NONE', ( #2306, #7024, #8411, #2083 ) ) ;
#5594 = ORIENTED_EDGE ( 'NONE', *, *, #699, .F. ) ;
#5595 = ORIENTED_EDGE ( 'NONE', *, *, #9415, .T. ) ;
#5596 = CARTESIAN_POINT ( 'NONE',  ( -28.25000000000000000, 2.750000000000000000, 10.09999999999999964 ) ) ;
#5597 = DIRECTION ( 'NONE',  ( 0.000000000000000000, 1.000000000000000000, 0.000000000000000000 ) ) ;
#5598 = DIRECTION ( 'NONE',  ( 0.000000000000000000, 0.000000000000000000, 1.000000000000000000 ) ) ;
#5599 = CARTESIAN_POINT ( 'NONE',  ( -38.25000000000000000, 1.750000000000000000, 10.09999999999999964 ) ) ;
#5600 = LINE ( 'NONE', #8657, #2886 ) ;
#5601 = EDGE_CURVE ( 'NONE', #1234, #3356, #1983, .T. ) ;
#5602 = DIRECTION ( 'NONE',  ( 0.000000000000000000, 0.000000000000000000, 1.000000000000000000 ) ) ;
#5603 = VECTOR ( 'NONE', #3167, 1000.000000000000000 ) ;
#5604 = DIRECTION ( 'NONE',  ( -1.000000000000000000, 0.000000000000000000, 0.000000000000000000 ) ) ;
#5605 = VERTEX_POINT ( 'NONE', #7775 ) ;
#5606 = LINE ( 'NONE', #9406, #4145 ) ;
#5607 = EDGE_LOOP ( 'NONE', ( #28, #4825, #6625, #6781 ) ) ;
#5608 = ORIENTED_EDGE ( 'NONE', *, *, #2192, .T. ) ;
#5609 = FACE_OUTER_BOUND ( 'NONE', #1887, .T. ) ;
#5610 = EDGE_CURVE ( 'NONE', #1571, #4597, #10571, .T. ) ;
#5611 = CARTESIAN_POINT ( 'NONE',  ( -11.95000000000000107, 1.750000000000000000, 1.600000000000000089 ) ) ;
#5612 = DIRECTION ( 'NONE',  ( 0.000000000000000000, 1.000000000000000000, 0.000000000000000000 ) ) ;
#5613 = LINE ( 'NONE', #11418, #5035 ) ;
#5614 = AXIS2_PLACEMENT_3D ( 'NONE', #11253, #5397, #10370 ) ;
#5615 = CARTESIAN_POINT ( 'NONE',  ( -39.75000000000000000, 51.75000000000000000, 1.600000000000000089 ) ) ;
#5616 = LINE ( 'NONE', #1656, #1885 ) ;
#5617 = ORIENTED_EDGE ( 'NONE', *, *, #126, .T. ) ;
#5618 = EDGE_CURVE ( 'NONE', #2952, #4350, #3838, .T. ) ;
#5619 = PLANE ( 'NONE',  #1298 ) ;
#5620 = ORIENTED_EDGE ( 'NONE', *, *, #8768, .T. ) ;
#5621 = PLANE ( 'NONE',  #8306 ) ;
#5622 = ORIENTED_EDGE ( 'NONE', *, *, #7221, .F. ) ;
#5623 = VECTOR ( 'NONE', #7873, 1000.000000000000000 ) ;
#5624 = EDGE_LOOP ( 'NONE', ( #6022, #7190, #4401, #4610 ) ) ;
#5625 = ORIENTED_EDGE ( 'NONE', *, *, #7724, .T. ) ;
#5626 = CARTESIAN_POINT ( 'NONE',  ( -2.500000000000000000, 0.000000000000000000, 1.600000000000000089 ) ) ;
#5627 = DIRECTION ( 'NONE',  ( 1.000000000000000000, 0.000000000000000000, 0.000000000000000000 ) ) ;
#5628 = ORIENTED_EDGE ( 'NONE', *, *, #9024, .F. ) ;
#5629 = CARTESIAN_POINT ( 'NONE',  ( -47.25000000000000000, 50.75000000000000000, 1.600000000000000089 ) ) ;
#5630 = CARTESIAN_POINT ( 'NONE',  ( -66.25000000000000000, 35.12677669529665536, 11.22677669529664080 ) ) ;
#5631 = DIRECTION ( 'NONE',  ( 0.000000000000000000, 0.000000000000000000, 1.000000000000000000 ) ) ;
#5632 = AXIS2_PLACEMENT_3D ( 'NONE', #3739, #11476, #4733 ) ;
#5633 = CARTESIAN_POINT ( 'NONE',  ( -24.75000000000000000, 1.750000000000000000, 10.09999999999999964 ) ) ;
#5634 = ORIENTED_EDGE ( 'NONE', *, *, #10005, .F. ) ;
#5635 = VERTEX_POINT ( 'NONE', #11507 ) ;
#5636 = CARTESIAN_POINT ( 'NONE',  ( -4.500000000000000000, 51.75000000000000000, 1.600000000000000089 ) ) ;
#5637 = EDGE_CURVE ( 'NONE', #1119, #547, #9576, .T. ) ;
#5638 = ORIENTED_EDGE ( 'NONE', *, *, #8172, .T. ) ;
#5639 = CARTESIAN_POINT ( 'NONE',  ( -50.00000000000000000, 9.000000000000000000, 6.349999999999999645 ) ) ;
#5640 = AXIS2_PLACEMENT_3D ( 'NONE', #858, #2606, #5631 ) ;
#5641 = ORIENTED_EDGE ( 'NONE', *, *, #6391, .F. ) ;
#5642 = PLANE ( 'NONE',  #9754 ) ;
#5643 = CARTESIAN_POINT ( 'NONE',  ( -18.00000000000000000, 50.75000000000000000, 10.09999999999999964 ) ) ;
#5644 = EDGE_CURVE ( 'NONE', #4266, #11703, #5647, .T. ) ;
#5645 = DIRECTION ( 'NONE',  ( 1.000000000000000000, 0.000000000000000000, 0.000000000000000000 ) ) ;
#5646 = VECTOR ( 'NONE', #7199, 1000.000000000000000 ) ;
#5647 = LINE ( 'NONE', #4833, #1718 ) ;
#5648 = AXIS2_PLACEMENT_3D ( 'NONE', #522, #3307, #11727 ) ;
#5649 = ADVANCED_FACE ( 'NONE', ( #2114 ), #1121, .T. ) ;
#5650 = CARTESIAN_POINT ( 'NONE',  ( -47.25000000000000000, 48.00000000000000000, 10.59999999999999964 ) ) ;
#5651 = EDGE_LOOP ( 'NONE', ( #2191, #10622, #3089, #11986 ) ) ;
#5652 = PLANE ( 'NONE',  #773 ) ;
#5653 = ORIENTED_EDGE ( 'NONE', *, *, #12190, .F. ) ;
#5654 = ORIENTED_EDGE ( 'NONE', *, *, #3698, .T. ) ;
#5655 = VERTEX_POINT ( 'NONE', #9690 ) ;
#5656 = VECTOR ( 'NONE', #5990, 1000.000000000000000 ) ;
#5657 = DIRECTION ( 'NONE',  ( 0.000000000000000000, 1.000000000000000000, 0.000000000000000000 ) ) ;
#5658 = AXIS2_PLACEMENT_3D ( 'NONE', #2182, #5972, #9770 ) ;
#5659 = CARTESIAN_POINT ( 'NONE',  ( -59.00000000000000000, 14.75000000000000000, 2.600000000000000089 ) ) ;
#5660 = CARTESIAN_POINT ( 'NONE',  ( -47.25000000000000000, 44.94999999999999574, 10.59999999999999964 ) ) ;
#5661 = CARTESIAN_POINT ( 'NONE',  ( -2.899999999999999911, 27.90000000000000213, 10.59999999999999964 ) ) ;
#5662 = PLANE ( 'NONE',  #7655 ) ;
#5663 = CARTESIAN_POINT ( 'NONE',  ( -67.50000000000000000, 12.50000000000000000, 7.599999999999999645 ) ) ;
#5664 = VECTOR ( 'NONE', #3144, 1000.000000000000000 ) ;
#5665 = AXIS2_PLACEMENT_3D ( 'NONE', #11069, #2099, #4820 ) ;
#5666 = LINE ( 'NONE', #10521, #9499 ) ;
#5667 = VERTEX_POINT ( 'NONE', #8579 ) ;
#5668 = CARTESIAN_POINT ( 'NONE',  ( -75.00000000000000000, 35.75000000000000000, 5.799999999999999822 ) ) ;
#5669 = EDGE_CURVE ( 'NONE', #4822, #10161, #2051, .T. ) ;
#5670 = ORIENTED_EDGE ( 'NONE', *, *, #449, .F. ) ;
#5671 = VERTEX_POINT ( 'NONE', #1053 ) ;
#5672 = DIRECTION ( 'NONE',  ( 0.000000000000000000, 0.000000000000000000, -1.000000000000000000 ) ) ;
#5673 = CARTESIAN_POINT ( 'NONE',  ( -47.95000000000000284, 44.94999999999999574, 10.59999999999999964 ) ) ;
#5674 = FACE_OUTER_BOUND ( 'NONE', #9855, .T. ) ;
#5675 = CARTESIAN_POINT ( 'NONE',  ( -12.00000000000000000, 50.75000000000000000, 1.600000000000000089 ) ) ;
#5676 = LINE ( 'NONE', #22, #10727 ) ;
#5677 = FACE_OUTER_BOUND ( 'NONE', #3027, .T. ) ;
#5678 = EDGE_CURVE ( 'NONE', #10179, #8385, #12328, .T. ) ;
#5679 = CARTESIAN_POINT ( 'NONE',  ( -50.35000000000000142, 48.00000000000000000, 4.599999999999999645 ) ) ;
#5680 = EDGE_CURVE ( 'NONE', #8032, #9350, #6840, .T. ) ;
#5681 = ORIENTED_EDGE ( 'NONE', *, *, #5542, .T. ) ;
#5682 = PLANE ( 'NONE',  #401 ) ;
#5683 = EDGE_CURVE ( 'NONE', #8219, #11129, #725, .T. ) ;
#5684 = ORIENTED_EDGE ( 'NONE', *, *, #9385, .F. ) ;
#5685 = ORIENTED_EDGE ( 'NONE', *, *, #11995, .F. ) ;
#5686 = ORIENTED_EDGE ( 'NONE', *, *, #3653, .T. ) ;
#5687 = LINE ( 'NONE', #1033, #3174 ) ;
#5688 = CYLINDRICAL_SURFACE ( 'NONE', #7967, 1.750000000000001554 ) ;
#5689 = EDGE_CURVE ( 'NONE', #10523, #9841, #119, .T. ) ;
#5690 = VERTEX_POINT ( 'NONE', #1866 ) ;
#5691 = CARTESIAN_POINT ( 'NONE',  ( -2.500000000000000000, 36.00000000000000000, 1.600000000000000089 ) ) ;
#5692 = SPHERICAL_SURFACE ( 'NONE', #3242, 0.2500000000000000000 ) ;
#5693 = FACE_OUTER_BOUND ( 'NONE', #11512, .T. ) ;
#5694 = DIRECTION ( 'NONE',  ( 0.000000000000000000, 0.000000000000000000, 1.000000000000000000 ) ) ;
#5695 = LINE ( 'NONE', #9620, #10253 ) ;
#5696 = ORIENTED_EDGE ( 'NONE', *, *, #11328, .F. ) ;
#5697 = ADVANCED_FACE ( 'NONE', ( #7590 ), #8641, .F. ) ;
#5698 = ORIENTED_EDGE ( 'NONE', *, *, #11104, .T. ) ;
#5699 = PLANE ( 'NONE',  #11913 ) ;
#5700 = EDGE_CURVE ( 'NONE', #1646, #5323, #3901, .T. ) ;
#5701 = EDGE_LOOP ( 'NONE', ( #6886, #6204, #11185, #7392 ) ) ;
#5702 = DIRECTION ( 'NONE',  ( 0.000000000000000000, 0.000000000000000000, 1.000000000000000000 ) ) ;
#5703 = ORIENTED_EDGE ( 'NONE', *, *, #1070, .T. ) ;
#5704 = DIRECTION ( 'NONE',  ( 0.000000000000000000, 0.000000000000000000, -1.000000000000000000 ) ) ;
#5705 = CARTESIAN_POINT ( 'NONE',  ( -18.00000000000000000, 50.75000000000000000, 1.600000000000000089 ) ) ;
#5706 = CARTESIAN_POINT ( 'NONE',  ( -39.75000000000000000, 1.750000000000000000, 10.09999999999999964 ) ) ;
#5707 = EDGE_CURVE ( 'NONE', #9153, #4667, #2855, .T. ) ;
#5708 = CYLINDRICAL_SURFACE ( 'NONE', #4284, 0.2499999999999991118 ) ;
#5709 = AXIS2_PLACEMENT_3D ( 'NONE', #2392, #9978, #5055 ) ;
#5710 = CARTESIAN_POINT ( 'NONE',  ( -38.75000000000000000, 50.75000000000000000, 10.09999999999999964 ) ) ;
#5711 = ORIENTED_EDGE ( 'NONE', *, *, #11195, .F. ) ;
#5712 = LINE ( 'NONE', #5530, #6325 ) ;
#5713 = ORIENTED_EDGE ( 'NONE', *, *, #7359, .F. ) ;
#5714 = DIRECTION ( 'NONE',  ( 0.000000000000000000, 0.000000000000000000, -1.000000000000000000 ) ) ;
#5715 = VECTOR ( 'NONE', #5604, 1000.000000000000000 ) ;
#5716 = CYLINDRICAL_SURFACE ( 'NONE', #8929, 3.124999999999999112 ) ;
#5717 = CARTESIAN_POINT ( 'NONE',  ( -52.75000000000000000, 27.75000000000000000, 2.350000000000000089 ) ) ;
#5718 = CARTESIAN_POINT ( 'NONE',  ( -52.75000000000000000, 24.25000000000000000, 3.600000000000000089 ) ) ;
#5719 = DIRECTION ( 'NONE',  ( 0.000000000000000000, 0.000000000000000000, -1.000000000000000000 ) ) ;
#5720 = FACE_OUTER_BOUND ( 'NONE', #6981, .T. ) ;
#5721 = VECTOR ( 'NONE', #9004, 1000.000000000000000 ) ;
#5722 = DIRECTION ( 'NONE',  ( 0.000000000000000000, 0.000000000000000000, -1.000000000000000000 ) ) ;
#5723 = EDGE_CURVE ( 'NONE', #7726, #7745, #6649, .T. ) ;
#5724 = ORIENTED_EDGE ( 'NONE', *, *, #1242, .F. ) ;
#5725 = CARTESIAN_POINT ( 'NONE',  ( -66.00000000000000000, 42.54999999999999716, 3.299999999999999822 ) ) ;
#5726 = VERTEX_POINT ( 'NONE', #10448 ) ;
#5727 = ORIENTED_EDGE ( 'NONE', *, *, #3663, .T. ) ;
#5728 = FACE_OUTER_BOUND ( 'NONE', #1230, .T. ) ;
#5729 = ADVANCED_FACE ( 'NONE', ( #1925 ), #5708, .T. ) ;
#5730 = CIRCLE ( 'NONE', #12120, 1.500000000000001332 ) ;
#5731 = PLANE ( 'NONE',  #3157 ) ;
#5732 = DIRECTION ( 'NONE',  ( 0.000000000000000000, 0.000000000000000000, -1.000000000000000000 ) ) ;
#5733 = CARTESIAN_POINT ( 'NONE',  ( -74.75000000000000000, 32.00000000000000000, 1.850000000000000089 ) ) ;
#5734 = LINE ( 'NONE', #6866, #6167 ) ;
#5735 = VECTOR ( 'NONE', #4445, 1000.000000000000000 ) ;
#5736 = LINE ( 'NONE', #10537, #4459 ) ;
#5737 = EDGE_CURVE ( 'NONE', #11985, #11565, #5087, .T. ) ;
#5738 = CARTESIAN_POINT ( 'NONE',  ( -27.25000000000000000, 2.750000000000000000, 10.09999999999999964 ) ) ;
#5739 = VERTEX_POINT ( 'NONE', #6091 ) ;
#5740 = VECTOR ( 'NONE', #1188, 1000.000000000000000 ) ;
#5741 = CARTESIAN_POINT ( 'NONE',  ( -10.50000000000000000, 50.75000000000000000, 1.600000000000000089 ) ) ;
#5742 = ORIENTED_EDGE ( 'NONE', *, *, #1935, .F. ) ;
#5743 = VECTOR ( 'NONE', #2419, 1000.000000000000000 ) ;
#5744 = ORIENTED_EDGE ( 'NONE', *, *, #10531, .T. ) ;
#5745 = ORIENTED_EDGE ( 'NONE', *, *, #2731, .T. ) ;
#5746 = LINE ( 'NONE', #8557, #10933 ) ;
#5747 = LINE ( 'NONE', #7502, #23 ) ;
#5748 = EDGE_LOOP ( 'NONE', ( #2554, #11427, #9707, #10586 ) ) ;
#5749 = DIRECTION ( 'NONE',  ( 0.000000000000000000, 0.000000000000000000, -1.000000000000000000 ) ) ;
#5750 = CARTESIAN_POINT ( 'NONE',  ( -4.549999999999999822, 30.30000000000000071, 10.59999999999999964 ) ) ;
#5751 = CARTESIAN_POINT ( 'NONE',  ( -47.25000000000000000, 47.30000000000000426, 10.59999999999999964 ) ) ;
#5752 = VECTOR ( 'NONE', #11234, 1000.000000000000000 ) ;
#5753 = PLANE ( 'NONE',  #1289 ) ;
#5754 = EDGE_CURVE ( 'NONE', #1490, #8117, #7047, .T. ) ;
#5755 = VECTOR ( 'NONE', #3691, 1000.000000000000000 ) ;
#5756 = VECTOR ( 'NONE', #5597, 1000.000000000000000 ) ;
#5757 = VECTOR ( 'NONE', #8413, 1000.000000000000114 ) ;
#5758 = CARTESIAN_POINT ( 'NONE',  ( -23.25000000000000000, 1.750000000000000000, 10.09999999999999964 ) ) ;
#5759 = EDGE_CURVE ( 'NONE', #451, #3523, #7889, .T. ) ;
#5760 = ORIENTED_EDGE ( 'NONE', *, *, #3517, .F. ) ;
#5761 = ORIENTED_EDGE ( 'NONE', *, *, #2561, .F. ) ;
#5762 = CARTESIAN_POINT ( 'NONE',  ( -52.75000000000000000, 24.25000000000000000, 3.600000000000000089 ) ) ;
#5763 = VECTOR ( 'NONE', #7884, 1000.000000000000000 ) ;
#5764 = ORIENTED_EDGE ( 'NONE', *, *, #8807, .F. ) ;
#5765 = LINE ( 'NONE', #12263, #4543 ) ;
#5766 = VECTOR ( 'NONE', #10556, 1000.000000000000000 ) ;
#5767 = VECTOR ( 'NONE', #1049, 1000.000000000000000 ) ;
#5768 = ORIENTED_EDGE ( 'NONE', *, *, #7706, .T. ) ;
#5769 = FACE_BOUND ( 'NONE', #8133, .T. ) ;
#5770 = CARTESIAN_POINT ( 'NONE',  ( -38.25000000000000000, 1.750000000000000000, 1.600000000000000089 ) ) ;
#5771 = EDGE_CURVE ( 'NONE', #5445, #6268, #4276, .T. ) ;
#5772 = FACE_BOUND ( 'NONE', #594, .T. ) ;
#5773 = CARTESIAN_POINT ( 'NONE',  ( -2.200000000000000178, 25.50000000000000000, 10.59999999999999964 ) ) ;
#5774 = VECTOR ( 'NONE', #2092, 1000.000000000000000 ) ;
#5775 = DIRECTION ( 'NONE',  ( 1.000000000000000000, 0.000000000000000000, 0.000000000000000000 ) ) ;
#5776 = ORIENTED_EDGE ( 'NONE', *, *, #7273, .T. ) ;
#5777 = CYLINDRICAL_SURFACE ( 'NONE', #5327, 1.750000000000001554 ) ;
#5778 = ORIENTED_EDGE ( 'NONE', *, *, #5850, .F. ) ;
#5779 = LINE ( 'NONE', #6780, #8593 ) ;
#5780 = VECTOR ( 'NONE', #1891, 1000.000000000000114 ) ;
#5781 = CYLINDRICAL_SURFACE ( 'NONE', #6153, 0.2500000000000002220 ) ;
#5782 = CARTESIAN_POINT ( 'NONE',  ( -42.25000000000000000, 51.75000000000000000, 10.09999999999999964 ) ) ;
#5783 = CARTESIAN_POINT ( 'NONE',  ( -37.25000000000000000, 51.75000000000000000, 1.600000000000000089 ) ) ;
#5784 = CARTESIAN_POINT ( 'NONE',  ( -17.00000000000000000, 51.75000000000000000, 10.09999999999999964 ) ) ;
#5785 = DIRECTION ( 'NONE',  ( 1.000000000000000000, 0.000000000000000000, 0.000000000000000000 ) ) ;
#5786 = PLANE ( 'NONE',  #5525 ) ;
#5787 = ORIENTED_EDGE ( 'NONE', *, *, #493, .T. ) ;
#5788 = DIRECTION ( 'NONE',  ( 0.000000000000000000, 0.000000000000000000, 1.000000000000000000 ) ) ;
#5789 = ORIENTED_EDGE ( 'NONE', *, *, #6057, .F. ) ;
#5790 = VERTEX_POINT ( 'NONE', #8083 ) ;
#5791 = ORIENTED_EDGE ( 'NONE', *, *, #7774, .T. ) ;
#5792 = CARTESIAN_POINT ( 'NONE',  ( -46.00000000000000711, 9.000000000000000000, 6.349999999999999645 ) ) ;
#5793 = DIRECTION ( 'NONE',  ( 0.000000000000000000, 0.000000000000000000, -1.000000000000000000 ) ) ;
#5794 = DIRECTION ( 'NONE',  ( -1.000000000000000000, 0.000000000000000000, 0.000000000000000000 ) ) ;
#5795 = LINE ( 'NONE', #3922, #1275 ) ;
#5796 = DIRECTION ( 'NONE',  ( 0.7071067811865480168, 0.7071067811865470176, 0.000000000000000000 ) ) ;
#5797 = DIRECTION ( 'NONE',  ( 1.000000000000000000, 0.000000000000000000, 0.000000000000000000 ) ) ;
#5798 = ADVANCED_FACE ( 'NONE', ( #9880 ), #11890, .T. ) ;
#5799 = ORIENTED_EDGE ( 'NONE', *, *, #11255, .T. ) ;
#5800 = CARTESIAN_POINT ( 'NONE',  ( -74.75000000000000000, 44.25000000000000000, 12.34999999999999964 ) ) ;
#5801 = ORIENTED_EDGE ( 'NONE', *, *, #9722, .T. ) ;
#5802 = ADVANCED_FACE ( 'NONE', ( #11698 ), #2427, .F. ) ;
#5803 = DIRECTION ( 'NONE',  ( 0.000000000000000000, 0.000000000000000000, 1.000000000000000000 ) ) ;
#5804 = ORIENTED_EDGE ( 'NONE', *, *, #2008, .F. ) ;
#5805 = ORIENTED_EDGE ( 'NONE', *, *, #1825, .T. ) ;
#5806 = VERTEX_POINT ( 'NONE', #8018 ) ;
#5807 = ORIENTED_EDGE ( 'NONE', *, *, #4308, .T. ) ;
#5808 = DIRECTION ( 'NONE',  ( 0.000000000000000000, 0.000000000000000000, -1.000000000000000000 ) ) ;
#5809 = DIRECTION ( 'NONE',  ( -1.000000000000000000, 0.000000000000000000, 0.000000000000000000 ) ) ;
#5810 = VECTOR ( 'NONE', #10513, 1000.000000000000000 ) ;
#5811 = ORIENTED_EDGE ( 'NONE', *, *, #10187, .T. ) ;
#5812 = EDGE_LOOP ( 'NONE', ( #5608, #1373, #10413, #6656 ) ) ;
#5813 = PLANE ( 'NONE',  #9761 ) ;
#5814 = CARTESIAN_POINT ( 'NONE',  ( -66.25000000000000000, 42.54999999999999716, 3.550000000000000266 ) ) ;
#5815 = CARTESIAN_POINT ( 'NONE',  ( -74.75000000000000000, 33.45000000000000284, 3.550000000000000266 ) ) ;
#5816 = FACE_OUTER_BOUND ( 'NONE', #4076, .T. ) ;
#5817 = EDGE_CURVE ( 'NONE', #9913, #3317, #9760, .T. ) ;
#5818 = DIRECTION ( 'NONE',  ( -1.000000000000000000, 0.000000000000000000, 0.000000000000000000 ) ) ;
#5819 = VECTOR ( 'NONE', #10071, 1000.000000000000000 ) ;
#5820 = ORIENTED_EDGE ( 'NONE', *, *, #7912, .T. ) ;
#5821 = ORIENTED_EDGE ( 'NONE', *, *, #12274, .T. ) ;
#5822 = ADVANCED_FACE ( 'NONE', ( #1367 ), #3279, .T. ) ;
#5823 = DIRECTION ( 'NONE',  ( 0.000000000000000000, -1.000000000000000000, 0.000000000000000000 ) ) ;
#5824 = ORIENTED_EDGE ( 'NONE', *, *, #11702, .F. ) ;
#5825 = PLANE ( 'NONE',  #9919 ) ;
#5826 = VERTEX_POINT ( 'NONE', #4089 ) ;
#5827 = FACE_BOUND ( 'NONE', #10575, .T. ) ;
#5828 = DIRECTION ( 'NONE',  ( -0.7071067811865500152, 0.7071067811865450192, 0.000000000000000000 ) ) ;
#5829 = VECTOR ( 'NONE', #7069, 1000.000000000000000 ) ;
#5830 = ORIENTED_EDGE ( 'NONE', *, *, #216, .T. ) ;
#5831 = ADVANCED_FACE ( 'NONE', ( #4211 ), #10007, .T. ) ;
#5832 = CARTESIAN_POINT ( 'NONE',  ( -66.00000000000000000, 42.62322330470334464, 9.623223304703360625 ) ) ;
#5833 = EDGE_CURVE ( 'NONE', #587, #8683, #2359, .T. ) ;
#5834 = VERTEX_POINT ( 'NONE', #3219 ) ;
#5835 = EDGE_CURVE ( 'NONE', #10978, #8612, #6150, .T. ) ;
#5836 = VECTOR ( 'NONE', #4789, 1000.000000000000000 ) ;
#5837 = DIRECTION ( 'NONE',  ( -1.000000000000000000, 0.000000000000000000, 0.000000000000000000 ) ) ;
#5838 = ADVANCED_FACE ( 'NONE', ( #9946 ), #6020, .F. ) ;
#5839 = ORIENTED_EDGE ( 'NONE', *, *, #11611, .F. ) ;
#5840 = VERTEX_POINT ( 'NONE', #7028 ) ;
#5841 = LINE ( 'NONE', #4785, #249 ) ;
#5842 = ADVANCED_FACE ( 'NONE', ( #9013 ), #1308, .F. ) ;
#5843 = DIRECTION ( 'NONE',  ( -1.000000000000000000, 0.000000000000000000, 0.000000000000000000 ) ) ;
#5844 = DIRECTION ( 'NONE',  ( 1.000000000000000000, 0.000000000000000000, 0.000000000000000000 ) ) ;
#5845 = DIRECTION ( 'NONE',  ( -1.000000000000000000, 4.625929269271489858E-16, 0.000000000000000000 ) ) ;
#5846 = AXIS2_PLACEMENT_3D ( 'NONE', #9991, #9928, #7075 ) ;
#5847 = VECTOR ( 'NONE', #8833, 1000.000000000000000 ) ;
#5848 = PLANE ( 'NONE',  #9641 ) ;
#5849 = CARTESIAN_POINT ( 'NONE',  ( -4.549999999999999822, 27.90000000000000213, 10.59999999999999964 ) ) ;
#5850 = EDGE_CURVE ( 'NONE', #10403, #4742, #1241, .T. ) ;
#5851 = LINE ( 'NONE', #4906, #11304 ) ;
#5852 = ORIENTED_EDGE ( 'NONE', *, *, #7972, .F. ) ;
#5853 = VECTOR ( 'NONE', #6102, 1000.000000000000000 ) ;
#5854 = VECTOR ( 'NONE', #1149, 1000.000000000000000 ) ;
#5855 = CARTESIAN_POINT ( 'NONE',  ( -52.04999999999999716, 45.65000000000000568, 10.59999999999999964 ) ) ;
#5856 = ORIENTED_EDGE ( 'NONE', *, *, #8283, .F. ) ;
#5857 = ORIENTED_EDGE ( 'NONE', *, *, #8172, .F. ) ;
#5858 = ORIENTED_EDGE ( 'NONE', *, *, #11980, .T. ) ;
#5859 = FACE_BOUND ( 'NONE', #11690, .T. ) ;
#5860 = DIRECTION ( 'NONE',  ( 0.000000000000000000, 0.000000000000000000, -1.000000000000000000 ) ) ;
#5861 = CARTESIAN_POINT ( 'NONE',  ( -42.75000000000000000, 9.000000000000000000, 6.850000000000000533 ) ) ;
#5862 = CARTESIAN_POINT ( 'NONE',  ( -5.500000000000000000, 50.75000000000000000, 1.600000000000000089 ) ) ;
#5863 = CARTESIAN_POINT ( 'NONE',  ( -34.75000000000000000, 50.75000000000000000, 10.09999999999999964 ) ) ;
#5864 = CARTESIAN_POINT ( 'NONE',  ( -4.500000000000000000, 50.75000000000000000, 1.600000000000000089 ) ) ;
#5865 = ORIENTED_EDGE ( 'NONE', *, *, #3130, .F. ) ;
#5866 = VECTOR ( 'NONE', #12226, 1000.000000000000000 ) ;
#5867 = AXIS2_PLACEMENT_3D ( 'NONE', #10582, #2062, #5719 ) ;
#5868 = EDGE_CURVE ( 'NONE', #5232, #7652, #8886, .T. ) ;
#5869 = LINE ( 'NONE', #10789, #12240 ) ;
#5870 = ORIENTED_EDGE ( 'NONE', *, *, #331, .T. ) ;
#5871 = EDGE_CURVE ( 'NONE', #590, #1534, #10188, .T. ) ;
#5872 = DIRECTION ( 'NONE',  ( 0.000000000000000000, 1.000000000000000000, 0.000000000000000000 ) ) ;
#5873 = ORIENTED_EDGE ( 'NONE', *, *, #11566, .F. ) ;
#5874 = EDGE_LOOP ( 'NONE', ( #5190, #10008, #5386, #6943 ) ) ;
#5875 = AXIS2_PLACEMENT_3D ( 'NONE', #5710, #57, #9269 ) ;
#5876 = VERTEX_POINT ( 'NONE', #9375 ) ;
#5877 = CARTESIAN_POINT ( 'NONE',  ( -74.75000000000000000, 41.19644660940669922, 11.05000000000000071 ) ) ;
#5878 = AXIS2_PLACEMENT_3D ( 'NONE', #6895, #10691, #11767 ) ;
#5879 = CARTESIAN_POINT ( 'NONE',  ( -29.75000000000000000, 1.750000000000000000, 1.600000000000000089 ) ) ;
#5880 = VERTEX_POINT ( 'NONE', #10251 ) ;
#5881 = FACE_BOUND ( 'NONE', #5208, .T. ) ;
#5882 = CARTESIAN_POINT ( 'NONE',  ( -9.500000000000000000, 50.75000000000000000, 10.09999999999999964 ) ) ;
#5883 = EDGE_CURVE ( 'NONE', #6169, #3858, #7400, .T. ) ;
#5884 = LINE ( 'NONE', #4817, #5766 ) ;
#5885 = DIRECTION ( 'NONE',  ( -1.000000000000000000, 0.000000000000000000, 0.000000000000000000 ) ) ;
#5886 = DIRECTION ( 'NONE',  ( 0.000000000000000000, 0.000000000000000000, -1.000000000000000000 ) ) ;
#5887 = ORIENTED_EDGE ( 'NONE', *, *, #6975, .T. ) ;
#5888 = VERTEX_POINT ( 'NONE', #2664 ) ;
#5889 = LINE ( 'NONE', #7018, #7919 ) ;
#5890 = EDGE_CURVE ( 'NONE', #4848, #2038, #2541, .T. ) ;
#5891 = EDGE_LOOP ( 'NONE', ( #8227, #10665, #2454 ) ) ;
#5892 = VERTEX_POINT ( 'NONE', #11193 ) ;
#5893 = PLANE ( 'NONE',  #1980 ) ;
#5894 = ORIENTED_EDGE ( 'NONE', *, *, #2194, .T. ) ;
#5895 = CARTESIAN_POINT ( 'NONE',  ( -37.25000000000000000, 1.750000000000000000, 10.09999999999999964 ) ) ;
#5896 = DIRECTION ( 'NONE',  ( -1.000000000000000000, 0.000000000000000000, 0.000000000000000000 ) ) ;
#5897 = EDGE_CURVE ( 'NONE', #8489, #10451, #6460, .T. ) ;
#5898 = CARTESIAN_POINT ( 'NONE',  ( -58.75000000000000000, 44.25000000000000000, 12.59999999999999964 ) ) ;
#5899 = EDGE_CURVE ( 'NONE', #7203, #734, #12137, .T. ) ;
#5900 = EDGE_CURVE ( 'NONE', #731, #5291, #7454, .T. ) ;
#5901 = ORIENTED_EDGE ( 'NONE', *, *, #11787, .F. ) ;
#5902 = LINE ( 'NONE', #8766, #2169 ) ;
#5903 = ORIENTED_EDGE ( 'NONE', *, *, #955, .T. ) ;
#5904 = CARTESIAN_POINT ( 'NONE',  ( -18.00000000000000000, 50.75000000000000000, 10.09999999999999964 ) ) ;
#5905 = EDGE_CURVE ( 'NONE', #10404, #10978, #621, .T. ) ;
#5906 = CARTESIAN_POINT ( 'NONE',  ( -74.75000000000000000, 33.59644660940669780, 10.05000000000000071 ) ) ;
#5907 = CARTESIAN_POINT ( 'NONE',  ( -51.00000000000000000, 52.50000000000000000, 1.600000000000000089 ) ) ;
#5908 = DIRECTION ( 'NONE',  ( 0.000000000000000000, 0.000000000000000000, 1.000000000000000000 ) ) ;
#5909 = EDGE_CURVE ( 'NONE', #8990, #2086, #12014, .T. ) ;
#5910 = DIRECTION ( 'NONE',  ( 1.000000000000000000, 0.000000000000000000, 0.000000000000000000 ) ) ;
#5911 = ADVANCED_FACE ( 'NONE', ( #6330 ), #3579, .T. ) ;
#5912 = DIRECTION ( 'NONE',  ( 0.000000000000000000, 0.000000000000000000, -1.000000000000000000 ) ) ;
#5913 = ORIENTED_EDGE ( 'NONE', *, *, #6835, .T. ) ;
#5914 = DIRECTION ( 'NONE',  ( -1.000000000000000000, 0.000000000000000000, 0.000000000000000000 ) ) ;
#5915 = AXIS2_PLACEMENT_3D ( 'NONE', #3610, #10279, #8292 ) ;
#5916 = ORIENTED_EDGE ( 'NONE', *, *, #3713, .F. ) ;
#5917 = ORIENTED_EDGE ( 'NONE', *, *, #8129, .F. ) ;
#5918 = ORIENTED_EDGE ( 'NONE', *, *, #8099, .F. ) ;
#5919 = CARTESIAN_POINT ( 'NONE',  ( -29.75000000000000000, 1.750000000000000000, 10.09999999999999964 ) ) ;
#5920 = DIRECTION ( 'NONE',  ( 0.000000000000000000, 0.000000000000000000, 1.000000000000000000 ) ) ;
#5921 = LINE ( 'NONE', #2325, #4635 ) ;
#5922 = ADVANCED_FACE ( 'NONE', ( #4398 ), #801, .F. ) ;
#5923 = CARTESIAN_POINT ( 'NONE',  ( -2.200000000000000178, 30.30000000000000071, 10.59999999999999964 ) ) ;
#5924 = DIRECTION ( 'NONE',  ( 0.000000000000000000, 0.7071067811865480168, 0.7071067811865470176 ) ) ;
#5925 = VERTEX_POINT ( 'NONE', #5454 ) ;
#5926 = AXIS2_PLACEMENT_3D ( 'NONE', #10650, #11656, #383 ) ;
#5927 = CARTESIAN_POINT ( 'NONE',  ( -66.00000000000000000, 35.20000000000000284, 11.29999999999999893 ) ) ;
#5928 = ORIENTED_EDGE ( 'NONE', *, *, #7703, .T. ) ;
#5929 = DIRECTION ( 'NONE',  ( -1.000000000000000000, 0.000000000000000000, 0.000000000000000000 ) ) ;
#5930 = ORIENTED_EDGE ( 'NONE', *, *, #9336, .F. ) ;
#5931 = VECTOR ( 'NONE', #846, 1000.000000000000000 ) ;
#5932 = ORIENTED_EDGE ( 'NONE', *, *, #3964, .T. ) ;
#5933 = ORIENTED_EDGE ( 'NONE', *, *, #2967, .F. ) ;
#5934 = DIRECTION ( 'NONE',  ( 1.000000000000000000, 0.000000000000000000, 0.000000000000000000 ) ) ;
#5935 = CARTESIAN_POINT ( 'NONE',  ( -3.500000000000000000, 3.500000000000000000, 10.09999999999999964 ) ) ;
#5936 = VECTOR ( 'NONE', #984, 1000.000000000000000 ) ;
#5937 = VERTEX_POINT ( 'NONE', #10309 ) ;
#5938 = LINE ( 'NONE', #9735, #3000 ) ;
#5939 = CARTESIAN_POINT ( 'NONE',  ( -5.750000000000000000, 2.750000000000000000, 1.600000000000000089 ) ) ;
#5940 = CARTESIAN_POINT ( 'NONE',  ( -5.750000000000000000, 2.750000000000000000, 1.600000000000000089 ) ) ;
#5941 = AXIS2_PLACEMENT_3D ( 'NONE', #8101, #3240, #11976 ) ;
#5942 = CARTESIAN_POINT ( 'NONE',  ( -62.25000000000000000, 49.25000000000000000, 4.850000000000000533 ) ) ;
#5943 = ORIENTED_EDGE ( 'NONE', *, *, #10615, .T. ) ;
#5944 = AXIS2_PLACEMENT_3D ( 'NONE', #6320, #10113, #3268 ) ;
#5945 = EDGE_LOOP ( 'NONE', ( #9452, #11549, #3962, #908 ) ) ;
#5946 = LINE ( 'NONE', #1232, #9705 ) ;
#5947 = ORIENTED_EDGE ( 'NONE', *, *, #8477, .F. ) ;
#5948 = ORIENTED_EDGE ( 'NONE', *, *, #4289, .F. ) ;
#5949 = DIRECTION ( 'NONE',  ( 0.000000000000000000, 0.000000000000000000, -1.000000000000000000 ) ) ;
#5950 = DIRECTION ( 'NONE',  ( 0.000000000000000000, 1.000000000000000000, 0.000000000000000000 ) ) ;
#5951 = VECTOR ( 'NONE', #8588, 1000.000000000000000 ) ;
#5952 = VERTEX_POINT ( 'NONE', #5578 ) ;
#5953 = LINE ( 'NONE', #10003, #2207 ) ;
#5954 = CARTESIAN_POINT ( 'NONE',  ( 0.000000000000000000, 0.000000000000000000, 10.59999999999999964 ) ) ;
#5955 = VECTOR ( 'NONE', #1844, 1000.000000000000000 ) ;
#5956 = ORIENTED_EDGE ( 'NONE', *, *, #7668, .T. ) ;
#5957 = EDGE_CURVE ( 'NONE', #6813, #1200, #8201, .T. ) ;
#5958 = CARTESIAN_POINT ( 'NONE',  ( -3.750000000000000000, 21.50000000000000000, 6.599999999999999645 ) ) ;
#5959 = CIRCLE ( 'NONE', #613, 0.5000000000000004441 ) ;
#5960 = VERTEX_POINT ( 'NONE', #1790 ) ;
#5961 = AXIS2_PLACEMENT_3D ( 'NONE', #7716, #11707, #10771 ) ;
#5962 = ADVANCED_FACE ( 'NONE', ( #859 ), #680, .T. ) ;
#5963 = VECTOR ( 'NONE', #591, 1000.000000000000000 ) ;
#5964 = CARTESIAN_POINT ( 'NONE',  ( -25.75000000000000000, 1.750000000000000000, 1.600000000000000089 ) ) ;
#5965 = ORIENTED_EDGE ( 'NONE', *, *, #8471, .T. ) ;
#5966 = CARTESIAN_POINT ( 'NONE',  ( -47.95000000000000284, 47.30000000000000426, 10.59999999999999964 ) ) ;
#5967 = AXIS2_PLACEMENT_3D ( 'NONE', #7280, #6214, #8147 ) ;
#5968 = DIRECTION ( 'NONE',  ( 0.000000000000000000, 0.000000000000000000, 1.000000000000000000 ) ) ;
#5969 = CARTESIAN_POINT ( 'NONE',  ( -15.35000000000000142, 2.750000000000000000, 10.09999999999999964 ) ) ;
#5970 = LINE ( 'NONE', #8709, #6242 ) ;
#5971 = CIRCLE ( 'NONE', #7176, 1.750000000000001554 ) ;
#5972 = DIRECTION ( 'NONE',  ( 1.000000000000000000, 0.000000000000000000, 0.000000000000000000 ) ) ;
#5973 = ADVANCED_FACE ( 'NONE', ( #11952 ), #4456, .F. ) ;
#5974 = CARTESIAN_POINT ( 'NONE',  ( -64.50000000000000000, 19.00000000000000000, 1.600000000000000089 ) ) ;
#5975 = CIRCLE ( 'NONE', #4177, 3.250000000000002665 ) ;
#5976 = DIRECTION ( 'NONE',  ( 1.000000000000000000, 0.000000000000000000, 0.000000000000000000 ) ) ;
#5977 = ORIENTED_EDGE ( 'NONE', *, *, #3111, .T. ) ;
#5978 = DIRECTION ( 'NONE',  ( -0.000000000000000000, 1.000000000000000000, 0.000000000000000000 ) ) ;
#5979 = CIRCLE ( 'NONE', #6392, 0.2500000000000002220 ) ;
#5980 = EDGE_LOOP ( 'NONE', ( #4317, #7638, #9251, #11486 ) ) ;
#5981 = ORIENTED_EDGE ( 'NONE', *, *, #4524, .F. ) ;
#5982 = ORIENTED_EDGE ( 'NONE', *, *, #5871, .F. ) ;
#5983 = LINE ( 'NONE', #3865, #4940 ) ;
#5984 = CARTESIAN_POINT ( 'NONE',  ( -52.75000000000000000, 47.30000000000000426, 10.59999999999999964 ) ) ;
#5985 = CARTESIAN_POINT ( 'NONE',  ( -3.250000000000000000, 52.50000000000000000, 1.600000000000000089 ) ) ;
#5986 = ADVANCED_FACE ( 'NONE', ( #6273 ), #10064, .F. ) ;
#5987 = CARTESIAN_POINT ( 'NONE',  ( -2.899999999999999911, 28.60000000000000142, 10.59999999999999964 ) ) ;
#5988 = DIRECTION ( 'NONE',  ( 0.000000000000000000, 1.000000000000000000, 0.000000000000000000 ) ) ;
#5989 = ORIENTED_EDGE ( 'NONE', *, *, #3839, .T. ) ;
#5990 = DIRECTION ( 'NONE',  ( -0.000000000000000000, -1.000000000000000000, -0.000000000000000000 ) ) ;
#5991 = VERTEX_POINT ( 'NONE', #3456 ) ;
#5992 = FACE_OUTER_BOUND ( 'NONE', #550, .T. ) ;
#5993 = VERTEX_POINT ( 'NONE', #7276 ) ;
#5994 = EDGE_CURVE ( 'NONE', #7990, #152, #11051, .T. ) ;
#5995 = EDGE_LOOP ( 'NONE', ( #11903, #5745, #1972, #1261 ) ) ;
#5996 = ORIENTED_EDGE ( 'NONE', *, *, #5900, .F. ) ;
#5997 = DIRECTION ( 'NONE',  ( 0.000000000000000000, 0.000000000000000000, 1.000000000000000000 ) ) ;
#5998 = DIRECTION ( 'NONE',  ( 0.000000000000000000, 0.000000000000000000, -1.000000000000000000 ) ) ;
#5999 = EDGE_LOOP ( 'NONE', ( #6231, #2894, #290, #2453 ) ) ;
#6000 = CARTESIAN_POINT ( 'NONE',  ( -7.150000000000000355, 2.750000000000000000, 1.600000000000000089 ) ) ;
#6001 = LINE ( 'NONE', #9922, #1863 ) ;
#6002 = EDGE_CURVE ( 'NONE', #9687, #1218, #11563, .T. ) ;
#6003 = DIRECTION ( 'NONE',  ( 1.000000000000000000, 0.000000000000000000, 0.000000000000000000 ) ) ;
#6004 = DIRECTION ( 'NONE',  ( 1.000000000000000000, 0.000000000000000000, 0.000000000000000000 ) ) ;
#6005 = CARTESIAN_POINT ( 'NONE',  ( -27.25000000000000000, 1.750000000000000000, 10.09999999999999964 ) ) ;
#6006 = ORIENTED_EDGE ( 'NONE', *, *, #2338, .F. ) ;
#6007 = VERTEX_POINT ( 'NONE', #979 ) ;
#6008 = CARTESIAN_POINT ( 'NONE',  ( -51.00000000000000000, 32.25000000000000000, 2.600000000000000089 ) ) ;
#6009 = VERTEX_POINT ( 'NONE', #2037 ) ;
#6010 = VECTOR ( 'NONE', #5714, 1000.000000000000000 ) ;
#6011 = LINE ( 'NONE', #8693, #8131 ) ;
#6012 = ORIENTED_EDGE ( 'NONE', *, *, #6573, .F. ) ;
#6013 = ORIENTED_EDGE ( 'NONE', *, *, #729, .F. ) ;
#6014 = PLANE ( 'NONE',  #2977 ) ;
#6015 = CARTESIAN_POINT ( 'NONE',  ( -71.00000000000000000, 8.000000000000000000, 10.97499999999999787 ) ) ;
#6016 = ORIENTED_EDGE ( 'NONE', *, *, #3099, .F. ) ;
#6017 = DIRECTION ( 'NONE',  ( 1.000000000000000000, 0.000000000000000000, 0.000000000000000000 ) ) ;
#6018 = LINE ( 'NONE', #9876, #10996 ) ;
#6019 = VECTOR ( 'NONE', #812, 1000.000000000000000 ) ;
#6020 = PLANE ( 'NONE',  #11859 ) ;
#6021 = ADVANCED_FACE ( 'NONE', ( #3024 ), #4760, .F. ) ;
#6022 = ORIENTED_EDGE ( 'NONE', *, *, #4922, .F. ) ;
#6023 = EDGE_CURVE ( 'NONE', #12259, #9496, #8502, .T. ) ;
#6024 = LINE ( 'NONE', #370, #10913 ) ;
#6025 = VECTOR ( 'NONE', #9253, 1000.000000000000000 ) ;
#6026 = ORIENTED_EDGE ( 'NONE', *, *, #8048, .F. ) ;
#6027 = EDGE_CURVE ( 'NONE', #1138, #6289, #43, .T. ) ;
#6028 = VERTEX_POINT ( 'NONE', #10431 ) ;
#6029 = CARTESIAN_POINT ( 'NONE',  ( -33.25000000000000000, 2.750000000000000000, 1.600000000000000089 ) ) ;
#6030 = DIRECTION ( 'NONE',  ( 0.000000000000000000, 0.000000000000000000, -1.000000000000000000 ) ) ;
#6031 = CARTESIAN_POINT ( 'NONE',  ( -50.35000000000000142, 44.94999999999999574, 4.599999999999999645 ) ) ;
#6032 = FACE_OUTER_BOUND ( 'NONE', #2676, .T. ) ;
#6033 = EDGE_CURVE ( 'NONE', #5952, #10054, #5695, .T. ) ;
#6034 = DIRECTION ( 'NONE',  ( 1.000000000000000000, 0.000000000000000000, 0.000000000000000000 ) ) ;
#6035 = VECTOR ( 'NONE', #6110, 1000.000000000000000 ) ;
#6036 = DIRECTION ( 'NONE',  ( 0.000000000000000000, 0.000000000000000000, -1.000000000000000000 ) ) ;
#6037 = CARTESIAN_POINT ( 'NONE',  ( 0.000000000000000000, 31.00000000000000000, 4.599999999999999645 ) ) ;
#6038 = ORIENTED_EDGE ( 'NONE', *, *, #11376, .F. ) ;
#6039 = ORIENTED_EDGE ( 'NONE', *, *, #3340, .T. ) ;
#6040 = CARTESIAN_POINT ( 'NONE',  ( -13.00000000000000000, 51.75000000000000000, 10.09999999999999964 ) ) ;
#6041 = VERTEX_POINT ( 'NONE', #7633 ) ;
#6042 = ORIENTED_EDGE ( 'NONE', *, *, #7218, .F. ) ;
#6043 = ORIENTED_EDGE ( 'NONE', *, *, #8523, .F. ) ;
#6044 = AXIS2_PLACEMENT_3D ( 'NONE', #8500, #7507, #2661 ) ;
#6045 = DIRECTION ( 'NONE',  ( 0.000000000000000000, 1.000000000000000000, 0.000000000000000000 ) ) ;
#6046 = FACE_OUTER_BOUND ( 'NONE', #4685, .T. ) ;
#6047 = CARTESIAN_POINT ( 'NONE',  ( -18.00000000000000000, 51.75000000000000000, 1.600000000000000089 ) ) ;
#6048 = CARTESIAN_POINT ( 'NONE',  ( -24.75000000000000000, 2.750000000000000000, 1.600000000000000089 ) ) ;
#6049 = DIRECTION ( 'NONE',  ( 0.000000000000000000, 0.000000000000000000, 1.000000000000000000 ) ) ;
#6050 = CARTESIAN_POINT ( 'NONE',  ( -42.75000000000000000, 9.000000000000000000, 6.349999999999999645 ) ) ;
#6051 = AXIS2_PLACEMENT_3D ( 'NONE', #2284, #4008, #1229 ) ;
#6052 = AXIS2_PLACEMENT_3D ( 'NONE', #8995, #4257, #9061 ) ;
#6053 = EDGE_LOOP ( 'NONE', ( #2319, #7636, #6875, #3083 ) ) ;
#6054 = EDGE_CURVE ( 'NONE', #10795, #11071, #9435, .T. ) ;
#6055 =( BOUNDED_CURVE ( )  B_SPLINE_CURVE ( 3, ( #9630, #990, #3094, #2976 ),
 .UNSPECIFIED., .F., .F. ) 
 B_SPLINE_CURVE_WITH_KNOTS ( ( 4, 4 ),
 ( 3.926990816987288468, 4.712388980384677239 ),
 .UNSPECIFIED. ) 
 CURVE ( )  GEOMETRIC_REPRESENTATION_ITEM ( )  RATIONAL_B_SPLINE_CURVE ( ( 1.000000000000000000, 0.9492530216741986715, 0.9492530216741986715, 1.000000000000000000 ) ) 
 REPRESENTATION_ITEM ( '' )  );
#6056 = CARTESIAN_POINT ( 'NONE',  ( -45.25000000000000000, 26.00000000000000000, 3.600000000000000089 ) ) ;
#6057 = EDGE_CURVE ( 'NONE', #5790, #5416, #3825, .T. ) ;
#6058 = ORIENTED_EDGE ( 'NONE', *, *, #12007, .T. ) ;
#6059 = ORIENTED_EDGE ( 'NONE', *, *, #5088, .F. ) ;
#6060 = VERTEX_POINT ( 'NONE', #7692 ) ;
#6061 = FACE_OUTER_BOUND ( 'NONE', #8717, .T. ) ;
#6062 = DIRECTION ( 'NONE',  ( -1.000000000000000000, 0.000000000000000000, 0.000000000000000000 ) ) ;
#6063 = DIRECTION ( 'NONE',  ( 0.000000000000000000, 0.000000000000000000, -1.000000000000000000 ) ) ;
#6064 = CARTESIAN_POINT ( 'NONE',  ( -41.25000000000000000, 50.75000000000000000, 10.09999999999999964 ) ) ;
#6065 = LINE ( 'NONE', #7195, #10006 ) ;
#6066 = AXIS2_PLACEMENT_3D ( 'NONE', #3124, #10854, #1270 ) ;
#6067 = AXIS2_PLACEMENT_3D ( 'NONE', #9280, #10087, #1642 ) ;
#6068 = DIRECTION ( 'NONE',  ( 0.000000000000000000, 0.000000000000000000, -1.000000000000000000 ) ) ;
#6069 = DIRECTION ( 'NONE',  ( 0.000000000000000000, 0.000000000000000000, 1.000000000000000000 ) ) ;
#6070 = EDGE_CURVE ( 'NONE', #6350, #4264, #12258, .T. ) ;
#6071 = ORIENTED_EDGE ( 'NONE', *, *, #8584, .F. ) ;
#6072 = EDGE_CURVE ( 'NONE', #8954, #5099, #163, .T. ) ;
#6073 = EDGE_CURVE ( 'NONE', #1647, #8899, #11379, .T. ) ;
#6074 = CARTESIAN_POINT ( 'NONE',  ( -28.75000000000000000, 51.75000000000000000, 10.09999999999999964 ) ) ;
#6075 = EDGE_LOOP ( 'NONE', ( #7896, #5336, #3573, #4118 ) ) ;
#6076 = DIRECTION ( 'NONE',  ( 1.000000000000000000, 0.000000000000000000, 0.000000000000000000 ) ) ;
#6077 = VECTOR ( 'NONE', #5590, 1000.000000000000000 ) ;
#6078 = ORIENTED_EDGE ( 'NONE', *, *, #2539, .T. ) ;
#6079 = AXIS2_PLACEMENT_3D ( 'NONE', #1563, #636, #4409 ) ;
#6080 = EDGE_CURVE ( 'NONE', #2397, #1168, #4881, .T. ) ;
#6081 = CARTESIAN_POINT ( 'NONE',  ( -4.500000000000000000, 50.75000000000000000, 10.09999999999999964 ) ) ;
#6082 = EDGE_LOOP ( 'NONE', ( #9895, #9170, #5310, #2294 ) ) ;
#6083 = ORIENTED_EDGE ( 'NONE', *, *, #7548, .F. ) ;
#6084 = DIRECTION ( 'NONE',  ( 0.000000000000000000, 0.000000000000000000, -1.000000000000000000 ) ) ;
#6085 = CARTESIAN_POINT ( 'NONE',  ( -65.50000000000000000, 46.00000000000000000, 1.600000000000000089 ) ) ;
#6086 = ORIENTED_EDGE ( 'NONE', *, *, #5084, .T. ) ;
#6087 = DIRECTION ( 'NONE',  ( 0.000000000000000000, 0.000000000000000000, -1.000000000000000000 ) ) ;
#6088 = DIRECTION ( 'NONE',  ( -1.000000000000000000, 0.000000000000000000, 0.000000000000000000 ) ) ;
#6089 = ORIENTED_EDGE ( 'NONE', *, *, #1362, .T. ) ;
#6090 = EDGE_CURVE ( 'NONE', #8504, #3721, #2904, .T. ) ;
#6091 = CARTESIAN_POINT ( 'NONE',  ( -74.75000000000000000, 42.79999999999999716, 9.696446609406731199 ) ) ;
#6092 = ORIENTED_EDGE ( 'NONE', *, *, #4242, .F. ) ;
#6093 = DIRECTION ( 'NONE',  ( 1.000000000000000000, 0.000000000000000000, 0.000000000000000000 ) ) ;
#6094 = DIRECTION ( 'NONE',  ( 0.000000000000000000, 0.000000000000000000, 1.000000000000000000 ) ) ;
#6095 = ORIENTED_EDGE ( 'NONE', *, *, #9146, .F. ) ;
#6096 = CARTESIAN_POINT ( 'NONE',  ( -2.899999999999999911, 31.00000000000000000, 10.59999999999999964 ) ) ;
#6097 = CARTESIAN_POINT ( 'NONE',  ( -59.00000000000000000, 17.10000000000000142, 2.600000000000000089 ) ) ;
#6098 = FACE_OUTER_BOUND ( 'NONE', #45, .T. ) ;
#6099 = ADVANCED_FACE ( 'NONE', ( #10492 ), #10616, .F. ) ;
#6100 = FACE_OUTER_BOUND ( 'NONE', #2848, .T. ) ;
#6101 = PLANE ( 'NONE',  #9440 ) ;
#6102 = DIRECTION ( 'NONE',  ( 0.000000000000000000, -1.000000000000000000, 0.000000000000000000 ) ) ;
#6103 = DIRECTION ( 'NONE',  ( 1.000000000000000000, 0.000000000000000000, 0.000000000000000000 ) ) ;
#6104 = EDGE_LOOP ( 'NONE', ( #6042, #6584, #7765, #12000 ) ) ;
#6105 = DIRECTION ( 'NONE',  ( -1.000000000000000000, 0.000000000000000000, 0.000000000000000000 ) ) ;
#6106 = EDGE_LOOP ( 'NONE', ( #6012, #9634, #8510, #10091 ) ) ;
#6107 = ORIENTED_EDGE ( 'NONE', *, *, #10154, .F. ) ;
#6108 = CARTESIAN_POINT ( 'NONE',  ( -11.95000000000000107, 2.750000000000000000, 10.09999999999999964 ) ) ;
#6109 = LINE ( 'NONE', #1390, #10131 ) ;
#6110 = DIRECTION ( 'NONE',  ( 0.000000000000000000, -1.000000000000000000, 0.000000000000000000 ) ) ;
#6111 = DIRECTION ( 'NONE',  ( 0.000000000000000000, 0.000000000000000000, -1.000000000000000000 ) ) ;
#6112 = DIRECTION ( 'NONE',  ( 1.000000000000000000, 0.000000000000000000, 0.000000000000000000 ) ) ;
#6113 = ADVANCED_FACE ( 'NONE', ( #3703 ), #103, .F. ) ;
#6114 = DIRECTION ( 'NONE',  ( 0.000000000000000000, 0.000000000000000000, -1.000000000000000000 ) ) ;
#6115 = VECTOR ( 'NONE', #6683, 1000.000000000000000 ) ;
#6116 = CYLINDRICAL_SURFACE ( 'NONE', #161, 1.750000000000001554 ) ;
#6117 = VERTEX_POINT ( 'NONE', #1041 ) ;
#6118 = EDGE_CURVE ( 'NONE', #1636, #11056, #9678, .T. ) ;
#6119 = ORIENTED_EDGE ( 'NONE', *, *, #6987, .T. ) ;
#6120 = ORIENTED_EDGE ( 'NONE', *, *, #11951, .T. ) ;
#6121 = PLANE ( 'NONE',  #10132 ) ;
#6122 = CARTESIAN_POINT ( 'NONE',  ( -29.75000000000000000, 51.75000000000000000, 10.09999999999999964 ) ) ;
#6123 = VERTEX_POINT ( 'NONE', #7508 ) ;
#6124 = DIRECTION ( 'NONE',  ( 0.000000000000000000, 0.000000000000000000, -1.000000000000000000 ) ) ;
#6125 = CARTESIAN_POINT ( 'NONE',  ( -2.500000000000000000, 0.000000000000000000, 1.600000000000000089 ) ) ;
#6126 = DIRECTION ( 'NONE',  ( -1.000000000000000000, 0.000000000000000000, 0.000000000000000000 ) ) ;
#6127 = CARTESIAN_POINT ( 'NONE',  ( -2.250000000000000000, 32.00000000000000000, 4.599999999999999645 ) ) ;
#6128 = VECTOR ( 'NONE', #11846, 1000.000000000000000 ) ;
#6129 = CARTESIAN_POINT ( 'NONE',  ( -51.00000000000000000, 52.50000000000000000, 10.09999999999999964 ) ) ;
#6130 = ORIENTED_EDGE ( 'NONE', *, *, #8141, .T. ) ;
#6131 =( BOUNDED_CURVE ( )  B_SPLINE_CURVE ( 3, ( #10029, #6298, #7179, #3602 ),
 .UNSPECIFIED., .F., .F. ) 
 B_SPLINE_CURVE_WITH_KNOTS ( ( 4, 4 ),
 ( 0.000000000000000000, 1.570796326794896558 ),
 .UNSPECIFIED. ) 
 CURVE ( )  GEOMETRIC_REPRESENTATION_ITEM ( )  RATIONAL_B_SPLINE_CURVE ( ( 1.000000000000000000, 0.8047378541243649375, 0.8047378541243649375, 1.000000000000000000 ) ) 
 REPRESENTATION_ITEM ( '' )  );
#6132 = CARTESIAN_POINT ( 'NONE',  ( -59.00000000000000000, 14.75000000000000000, 2.600000000000000089 ) ) ;
#6133 = ORIENTED_EDGE ( 'NONE', *, *, #8770, .F. ) ;
#6134 = CARTESIAN_POINT ( 'NONE',  ( -71.00000000000000000, 3.500000000000000000, 1.600000000000000089 ) ) ;
#6135 = VERTEX_POINT ( 'NONE', #11309 ) ;
#6136 = EDGE_CURVE ( 'NONE', #10095, #8917, #6576, .T. ) ;
#6138 = VECTOR ( 'NONE', #1311, 1000.000000000000000 ) ;
#6137 = CARTESIAN_POINT ( 'NONE',  ( -10.50000000000000000, 51.75000000000000000, 1.600000000000000089 ) ) ;
#6139 = ORIENTED_EDGE ( 'NONE', *, *, #2020, .T. ) ;
#6140 = ORIENTED_EDGE ( 'NONE', *, *, #9205, .F. ) ;
#6141 = DIRECTION ( 'NONE',  ( 0.000000000000000000, 1.000000000000000000, 0.000000000000000000 ) ) ;
#6142 = DIRECTION ( 'NONE',  ( 0.000000000000000000, 0.000000000000000000, 1.000000000000000000 ) ) ;
#6143 = VERTEX_POINT ( 'NONE', #4941 ) ;
#6144 = DIRECTION ( 'NONE',  ( 0.000000000000000000, 0.000000000000000000, -1.000000000000000000 ) ) ;
#6145 = DIRECTION ( 'NONE',  ( -1.000000000000000000, 0.000000000000000000, 0.000000000000000000 ) ) ;
#6146 = ORIENTED_EDGE ( 'NONE', *, *, #9790, .T. ) ;
#6147 = VECTOR ( 'NONE', #5433, 1000.000000000000000 ) ;
#6148 = EDGE_CURVE ( 'NONE', #2560, #10564, #7875, .T. ) ;
#6149 = AXIS2_PLACEMENT_3D ( 'NONE', #11411, #6724, #9526 ) ;
#6150 = LINE ( 'NONE', #9077, #312 ) ;
#6151 = EDGE_LOOP ( 'NONE', ( #2475, #182, #2623, #12119 ) ) ;
#6152 = CARTESIAN_POINT ( 'NONE',  ( -61.00000000000000000, 8.000000000000000000, 7.849999999999999645 ) ) ;
#6153 = AXIS2_PLACEMENT_3D ( 'NONE', #1064, #4841, #8652 ) ;
#6154 = DIRECTION ( 'NONE',  ( 0.000000000000000000, 0.000000000000000000, -1.000000000000000000 ) ) ;
#6155 = VECTOR ( 'NONE', #1487, 1000.000000000000000 ) ;
#6156 = FACE_OUTER_BOUND ( 'NONE', #8795, .T. ) ;
#6157 = DIRECTION ( 'NONE',  ( 0.000000000000000000, 1.000000000000000000, 0.000000000000000000 ) ) ;
#6158 = DIRECTION ( 'NONE',  ( 0.000000000000000000, 0.000000000000000000, -1.000000000000000000 ) ) ;
#6159 = PLANE ( 'NONE',  #11345 ) ;
#6160 = DIRECTION ( 'NONE',  ( -1.000000000000000000, 0.000000000000000000, 0.000000000000000000 ) ) ;
#6161 = VECTOR ( 'NONE', #2521, 1000.000000000000000 ) ;
#6162 = AXIS2_PLACEMENT_3D ( 'NONE', #3059, #7855, #206 ) ;
#6163 = VECTOR ( 'NONE', #8054, 1000.000000000000000 ) ;
#6164 = PLANE ( 'NONE',  #9448 ) ;
#6165 = DIRECTION ( 'NONE',  ( 1.000000000000000000, 0.000000000000000000, 0.000000000000000000 ) ) ;
#6166 = ORIENTED_EDGE ( 'NONE', *, *, #2098, .T. ) ;
#6167 = VECTOR ( 'NONE', #3120, 1000.000000000000000 ) ;
#6168 = VERTEX_POINT ( 'NONE', #4130 ) ;
#6169 = VERTEX_POINT ( 'NONE', #6132 ) ;
#6170 = EDGE_LOOP ( 'NONE', ( #5698, #3451, #2054, #8079 ) ) ;
#6171 = VECTOR ( 'NONE', #10961, 1000.000000000000000 ) ;
#6172 = AXIS2_PLACEMENT_3D ( 'NONE', #4701, #2913, #114 ) ;
#6173 = PLANE ( 'NONE',  #7537 ) ;
#6174 = LINE ( 'NONE', #9972, #3591 ) ;
#6175 = LINE ( 'NONE', #458, #6035 ) ;
#6176 = CARTESIAN_POINT ( 'NONE',  ( -75.00000000000000000, 33.95000000000000284, 9.696446609406731199 ) ) ;
#6177 = CARTESIAN_POINT ( 'NONE',  ( -65.50000000000000000, 52.50000000000000000, 1.600000000000000089 ) ) ;
#6178 = LINE ( 'NONE', #1643, #2492 ) ;
#6179 = AXIS2_PLACEMENT_3D ( 'NONE', #4554, #2401, #5311 ) ;
#6180 = DIRECTION ( 'NONE',  ( -0.7071067811865475727, -0.7071067811865475727, 0.000000000000000000 ) ) ;
#6181 = EDGE_CURVE ( 'NONE', #6276, #11877, #9864, .T. ) ;
#6182 = ORIENTED_EDGE ( 'NONE', *, *, #1111, .F. ) ;
#6183 = ORIENTED_EDGE ( 'NONE', *, *, #8141, .F. ) ;
#6184 = EDGE_LOOP ( 'NONE', ( #7231, #16, #9755, #11298 ) ) ;
#6185 = DIRECTION ( 'NONE',  ( 0.000000000000000000, 0.000000000000000000, 1.000000000000000000 ) ) ;
#6186 = LINE ( 'NONE', #5935, #12195 ) ;
#6187 = ADVANCED_FACE ( 'NONE', ( #10807 ), #8747, .F. ) ;
#6188 = ORIENTED_EDGE ( 'NONE', *, *, #6793, .T. ) ;
#6189 = DIRECTION ( 'NONE',  ( 0.000000000000000000, 0.000000000000000000, -1.000000000000000000 ) ) ;
#6190 = DIRECTION ( 'NONE',  ( 0.000000000000000000, 1.000000000000000000, 0.000000000000000000 ) ) ;
#6191 = FACE_OUTER_BOUND ( 'NONE', #7792, .T. ) ;
#6192 = DIRECTION ( 'NONE',  ( 0.000000000000000000, 0.000000000000000000, 1.000000000000000000 ) ) ;
#6193 = FACE_OUTER_BOUND ( 'NONE', #5748, .T. ) ;
#6194 = EDGE_CURVE ( 'NONE', #6135, #9185, #5130, .T. ) ;
#6195 = FACE_OUTER_BOUND ( 'NONE', #5220, .T. ) ;
#6196 = ORIENTED_EDGE ( 'NONE', *, *, #7263, .F. ) ;
#6197 = DIRECTION ( 'NONE',  ( 1.000000000000000000, 0.000000000000000000, 0.000000000000000000 ) ) ;
#6198 = ORIENTED_EDGE ( 'NONE', *, *, #8584, .T. ) ;
#6199 = DIRECTION ( 'NONE',  ( -1.000000000000000000, 4.625929269271489858E-16, -0.000000000000000000 ) ) ;
#6200 = VERTEX_POINT ( 'NONE', #6005 ) ;
#6201 = ORIENTED_EDGE ( 'NONE', *, *, #10602, .F. ) ;
#6202 = CARTESIAN_POINT ( 'NONE',  ( -52.75000000000000000, 45.65000000000000568, 10.59999999999999964 ) ) ;
#6203 = CARTESIAN_POINT ( 'NONE',  ( -50.00000000000000000, 9.000000000000000000, 1.600000000000000089 ) ) ;
#6204 = ORIENTED_EDGE ( 'NONE', *, *, #5206, .T. ) ;
#6205 = CARTESIAN_POINT ( 'NONE',  ( -26.25000000000000000, 50.75000000000000000, 10.09999999999999964 ) ) ;
#6206 = DIRECTION ( 'NONE',  ( 1.000000000000000000, 0.000000000000000000, 0.000000000000000000 ) ) ;
#6207 = ADVANCED_FACE ( 'NONE', ( #2153 ), #348, .F. ) ;
#6208 = CARTESIAN_POINT ( 'NONE',  ( -74.75000000000000000, 35.50000000000000000, 8.550000000000000711 ) ) ;
#6209 = CIRCLE ( 'NONE', #9588, 0.2500000000000002220 ) ;
#6210 = EDGE_LOOP ( 'NONE', ( #164, #11694, #3995, #1610 ) ) ;
#6211 = ORIENTED_EDGE ( 'NONE', *, *, #9722, .F. ) ;
#6212 = EDGE_CURVE ( 'NONE', #899, #5888, #4268, .T. ) ;
#6213 = DIRECTION ( 'NONE',  ( -1.000000000000000000, 0.000000000000000000, 0.000000000000000000 ) ) ;
#6214 = DIRECTION ( 'NONE',  ( 0.000000000000000000, 1.000000000000000000, 0.000000000000000000 ) ) ;
#6215 = FACE_BOUND ( 'NONE', #11973, .T. ) ;
#6216 = CARTESIAN_POINT ( 'NONE',  ( -75.00000000000000000, 41.00000000000000000, 8.550000000000000711 ) ) ;
#6217 = EDGE_CURVE ( 'NONE', #12335, #1089, #10024, .T. ) ;
#6218 = VECTOR ( 'NONE', #11775, 1000.000000000000000 ) ;
#6219 = DIRECTION ( 'NONE',  ( 0.000000000000000000, 0.000000000000000000, -1.000000000000000000 ) ) ;
#6220 = CARTESIAN_POINT ( 'NONE',  ( -67.50000000000000000, 3.500000000000000000, 14.00000000000000000 ) ) ;
#6221 = CARTESIAN_POINT ( 'NONE',  ( -5.250000000000000000, 0.000000000000000000, 4.599999999999999645 ) ) ;
#6222 = EDGE_CURVE ( 'NONE', #5726, #4044, #2223, .T. ) ;
#6223 = ADVANCED_FACE ( 'NONE', ( #9804 ), #2410, .T. ) ;
#6224 = ADVANCED_FACE ( 'NONE', ( #9742 ), #6884, .F. ) ;
#6225 = CARTESIAN_POINT ( 'NONE',  ( -24.75000000000000000, 2.750000000000000000, 10.09999999999999964 ) ) ;
#6226 = AXIS2_PLACEMENT_3D ( 'NONE', #10674, #6819, #8498 ) ;
#6227 = PLANE ( 'NONE',  #9697 ) ;
#6228 = ORIENTED_EDGE ( 'NONE', *, *, #6883, .F. ) ;
#6229 = VERTEX_POINT ( 'NONE', #8808 ) ;
#6230 = ADVANCED_FACE ( 'NONE', ( #6195 ), #11683, .F. ) ;
#6231 = ORIENTED_EDGE ( 'NONE', *, *, #12336, .F. ) ;
#6232 = LINE ( 'NONE', #456, #7148 ) ;
#6233 = DIRECTION ( 'NONE',  ( 0.000000000000000000, 0.000000000000000000, -1.000000000000000000 ) ) ;
#6234 = LINE ( 'NONE', #11978, #10821 ) ;
#6235 = VECTOR ( 'NONE', #11536, 1000.000000000000000 ) ;
#6236 = CARTESIAN_POINT ( 'NONE',  ( -22.00000000000000000, 51.75000000000000000, 10.09999999999999964 ) ) ;
#6237 = LINE ( 'NONE', #10031, #10428 ) ;
#6238 = EDGE_CURVE ( 'NONE', #1646, #1216, #4072, .T. ) ;
#6239 = LINE ( 'NONE', #526, #1896 ) ;
#6240 = PLANE ( 'NONE',  #4114 ) ;
#6241 = ORIENTED_EDGE ( 'NONE', *, *, #3992, .T. ) ;
#6242 = VECTOR ( 'NONE', #3108, 1000.000000000000000 ) ;
#6243 = ORIENTED_EDGE ( 'NONE', *, *, #2338, .T. ) ;
#6244 = ORIENTED_EDGE ( 'NONE', *, *, #10125, .F. ) ;
#6245 = CARTESIAN_POINT ( 'NONE',  ( -74.75000000000000000, 33.95000000000000284, 3.550000000000000266 ) ) ;
#6246 = CARTESIAN_POINT ( 'NONE',  ( -69.00000000000000000, 8.000000000000000000, 7.849999999999999645 ) ) ;
#6247 = CARTESIAN_POINT ( 'NONE',  ( -54.75000000000000000, 26.00000000000000000, 2.100000000000000089 ) ) ;
#6248 = CARTESIAN_POINT ( 'NONE',  ( -74.75000000000000000, 41.19644660940669922, 11.05000000000000071 ) ) ;
#6249 = FACE_OUTER_BOUND ( 'NONE', #5995, .T. ) ;
#6250 = LINE ( 'NONE', #12057, #3561 ) ;
#6251 = DIRECTION ( 'NONE',  ( 0.7071067811865500152, -0.7071067811865450192, 0.000000000000000000 ) ) ;
#6252 = EDGE_CURVE ( 'NONE', #5232, #8489, #11750, .T. ) ;
#6253 = AXIS2_PLACEMENT_3D ( 'NONE', #7618, #7557, #6738 ) ;
#6254 = VECTOR ( 'NONE', #12185, 1000.000000000000000 ) ;
#6255 = LINE ( 'NONE', #8307, #1699 ) ;
#6256 = VERTEX_POINT ( 'NONE', #8002 ) ;
#6257 = EDGE_CURVE ( 'NONE', #10672, #273, #4260, .T. ) ;
#6258 = DIRECTION ( 'NONE',  ( 1.000000000000000000, 0.000000000000000000, 0.000000000000000000 ) ) ;
#6259 = ORIENTED_EDGE ( 'NONE', *, *, #9481, .T. ) ;
#6260 = FACE_OUTER_BOUND ( 'NONE', #8282, .T. ) ;
#6261 = ORIENTED_EDGE ( 'NONE', *, *, #5387, .F. ) ;
#6262 = VECTOR ( 'NONE', #7425, 1000.000000000000000 ) ;
#6263 = VERTEX_POINT ( 'NONE', #8066 ) ;
#6264 = CARTESIAN_POINT ( 'NONE',  ( -71.00000000000000000, 3.500000000000000000, 12.59999999999999964 ) ) ;
#6265 = VECTOR ( 'NONE', #4991, 1000.000000000000000 ) ;
#6266 = CARTESIAN_POINT ( 'NONE',  ( -75.00000000000000000, 33.52322330470335032, 9.976776695296639019 ) ) ;
#6267 = EDGE_CURVE ( 'NONE', #5149, #11042, #7814, .T. ) ;
#6268 = VERTEX_POINT ( 'NONE', #7131 ) ;
#6269 = DIRECTION ( 'NONE',  ( 1.000000000000000000, 0.000000000000000000, 0.000000000000000000 ) ) ;
#6270 = DIRECTION ( 'NONE',  ( -1.000000000000000000, 0.000000000000000000, 0.000000000000000000 ) ) ;
#6271 = CARTESIAN_POINT ( 'NONE',  ( -51.00000000000000000, 37.25000000000000000, 2.600000000000000089 ) ) ;
#6272 = CIRCLE ( 'NONE', #12248, 3.250000000000002665 ) ;
#6273 = FACE_OUTER_BOUND ( 'NONE', #276, .T. ) ;
#6274 = VECTOR ( 'NONE', #11279, 1000.000000000000000 ) ;
#6275 = EDGE_CURVE ( 'NONE', #1168, #1234, #3082, .T. ) ;
#6276 = VERTEX_POINT ( 'NONE', #3504 ) ;
#6277 = ORIENTED_EDGE ( 'NONE', *, *, #3743, .F. ) ;
#6278 = DIRECTION ( 'NONE',  ( 0.000000000000000000, 0.000000000000000000, 1.000000000000000000 ) ) ;
#6279 = CARTESIAN_POINT ( 'NONE',  ( -66.25000000000000000, 41.37322330470334464, 11.22677669529664080 ) ) ;
#6280 = EDGE_CURVE ( 'NONE', #6682, #11101, #1479, .T. ) ;
#6281 = DIRECTION ( 'NONE',  ( 0.000000000000000000, 0.000000000000000000, -1.000000000000000000 ) ) ;
#6282 = CIRCLE ( 'NONE', #12063, 0.2500000000000002220 ) ;
#6283 = CARTESIAN_POINT ( 'NONE',  ( -52.75000000000000000, 49.00000000000000000, 1.600000000000000089 ) ) ;
#6284 = LINE ( 'NONE', #10073, #10139 ) ;
#6285 = EDGE_CURVE ( 'NONE', #3238, #7304, #1659, .T. ) ;
#6286 = DIRECTION ( 'NONE',  ( 1.000000000000000000, 0.000000000000000000, 0.000000000000000000 ) ) ;
#6287 = ADVANCED_FACE ( 'NONE', ( #540 ), #6316, .T. ) ;
#6288 = CARTESIAN_POINT ( 'NONE',  ( -52.75000000000000000, 45.65000000000000568, 10.59999999999999964 ) ) ;
#6289 = VERTEX_POINT ( 'NONE', #5383 ) ;
#6290 = DIRECTION ( 'NONE',  ( 0.000000000000000000, 0.000000000000000000, -1.000000000000000000 ) ) ;
#6291 = ORIENTED_EDGE ( 'NONE', *, *, #1600, .T. ) ;
#6292 = ORIENTED_EDGE ( 'NONE', *, *, #3399, .T. ) ;
#6293 = ORIENTED_EDGE ( 'NONE', *, *, #7382, .T. ) ;
#6294 = EDGE_CURVE ( 'NONE', #6885, #7119, #2464, .T. ) ;
#6295 = CARTESIAN_POINT ( 'NONE',  ( -22.00000000000000000, 50.75000000000000000, 1.600000000000000089 ) ) ;
#6296 = EDGE_CURVE ( 'NONE', #11273, #6609, #4499, .T. ) ;
#6297 = FACE_OUTER_BOUND ( 'NONE', #2424, .T. ) ;
#6298 = CARTESIAN_POINT ( 'NONE',  ( -66.00000000000000000, 33.70000000000000284, 3.403553390593273775 ) ) ;
#6299 = LINE ( 'NONE', #8105, #4967 ) ;
#6300 = DIRECTION ( 'NONE',  ( 1.000000000000000000, -0.000000000000000000, -0.000000000000000000 ) ) ;
#6301 = EDGE_CURVE ( 'NONE', #11786, #10884, #5257, .T. ) ;
#6302 = LINE ( 'NONE', #1462, #11039 ) ;
#6303 = LINE ( 'NONE', #12046, #8701 ) ;
#6304 = ORIENTED_EDGE ( 'NONE', *, *, #1316, .F. ) ;
#6305 = ORIENTED_EDGE ( 'NONE', *, *, #10602, .T. ) ;
#6306 = VERTEX_POINT ( 'NONE', #2523 ) ;
#6307 = LINE ( 'NONE', #5308, #6163 ) ;
#6308 = CARTESIAN_POINT ( 'NONE',  ( -3.750000000000000000, 21.50000000000000000, 9.599999999999999645 ) ) ;
#6309 = ADVANCED_FACE ( 'NONE', ( #8369 ), #9294, .T. ) ;
#6310 = ORIENTED_EDGE ( 'NONE', *, *, #6660, .T. ) ;
#6311 = CARTESIAN_POINT ( 'NONE',  ( -51.00000000000000000, 37.25000000000000000, 2.600000000000000089 ) ) ;
#6312 = CARTESIAN_POINT ( 'NONE',  ( -74.75000000000000000, 44.25000000000000000, 12.59999999999999964 ) ) ;
#6313 = FACE_OUTER_BOUND ( 'NONE', #6502, .T. ) ;
#6314 = CARTESIAN_POINT ( 'NONE',  ( -5.750000000000000000, 1.750000000000000000, 10.09999999999999964 ) ) ;
#6315 = VECTOR ( 'NONE', #10089, 1000.000000000000000 ) ;
#6316 = PLANE ( 'NONE',  #8640 ) ;
#6317 = EDGE_LOOP ( 'NONE', ( #4572, #11751, #4061, #10438, #12033 ) ) ;
#6318 = DIRECTION ( 'NONE',  ( 0.000000000000000000, 1.000000000000000000, 0.000000000000000000 ) ) ;
#6319 = ORIENTED_EDGE ( 'NONE', *, *, #3762, .F. ) ;
#6320 = CARTESIAN_POINT ( 'NONE',  ( -52.75000000000000000, 48.00000000000000000, 10.59999999999999964 ) ) ;
#6321 = ORIENTED_EDGE ( 'NONE', *, *, #4883, .T. ) ;
#6322 = ORIENTED_EDGE ( 'NONE', *, *, #12175, .F. ) ;
#6323 = LINE ( 'NONE', #2713, #7549 ) ;
#6324 = CARTESIAN_POINT ( 'NONE',  ( -27.25000000000000000, 50.75000000000000000, 10.09999999999999964 ) ) ;
#6325 = VECTOR ( 'NONE', #9510, 1000.000000000000000 ) ;
#6326 = EDGE_LOOP ( 'NONE', ( #2513, #2026, #454, #11263 ) ) ;
#6327 = CARTESIAN_POINT ( 'NONE',  ( -56.50000000000000000, 17.10000000000000142, 1.600000000000000089 ) ) ;
#6328 = DIRECTION ( 'NONE',  ( -0.7071067811865500152, -0.7071067811865450192, 0.000000000000000000 ) ) ;
#6329 = CARTESIAN_POINT ( 'NONE',  ( -21.00000000000000000, 3.500000000000000000, 1.600000000000000089 ) ) ;
#6330 = FACE_OUTER_BOUND ( 'NONE', #4875, .T. ) ;
#6331 = VECTOR ( 'NONE', #4402, 1000.000000000000000 ) ;
#6332 = ORIENTED_EDGE ( 'NONE', *, *, #11583, .F. ) ;
#6333 = CARTESIAN_POINT ( 'NONE',  ( -5.250000000000000000, 26.20000000000000284, 10.59999999999999964 ) ) ;
#6334 = LINE ( 'NONE', #10069, #5378 ) ;
#6335 = VECTOR ( 'NONE', #2383, 1000.000000000000000 ) ;
#6336 = CARTESIAN_POINT ( 'NONE',  ( -22.00000000000000000, 50.75000000000000000, 10.09999999999999964 ) ) ;
#6337 = LINE ( 'NONE', #10319, #6019 ) ;
#6338 = VECTOR ( 'NONE', #10652, 1000.000000000000000 ) ;
#6339 = EDGE_CURVE ( 'NONE', #8281, #7444, #11225, .T. ) ;
#6340 = CARTESIAN_POINT ( 'NONE',  ( -59.00000000000000000, 20.25000000000000000, 2.600000000000000089 ) ) ;
#6341 = DIRECTION ( 'NONE',  ( -0.000000000000000000, -0.000000000000000000, 1.000000000000000000 ) ) ;
#6342 = LINE ( 'NONE', #5345, #6659 ) ;
#6343 = EDGE_CURVE ( 'NONE', #3977, #5557, #9179, .T. ) ;
#6344 = AXIS2_PLACEMENT_3D ( 'NONE', #2672, #2617, #871 ) ;
#6345 = LINE ( 'NONE', #12028, #2308 ) ;
#6346 = ORIENTED_EDGE ( 'NONE', *, *, #849, .T. ) ;
#6347 = VECTOR ( 'NONE', #9936, 1000.000000000000114 ) ;
#6348 = LINE ( 'NONE', #4292, #572 ) ;
#6349 = VERTEX_POINT ( 'NONE', #10233 ) ;
#6350 = VERTEX_POINT ( 'NONE', #2705 ) ;
#6351 = ORIENTED_EDGE ( 'NONE', *, *, #10871, .T. ) ;
#6352 = EDGE_LOOP ( 'NONE', ( #11677, #1294, #6530, #11058 ) ) ;
#6353 = VECTOR ( 'NONE', #7463, 1000.000000000000000 ) ;
#6354 = CARTESIAN_POINT ( 'NONE',  ( -39.75000000000000000, 50.75000000000000000, 10.09999999999999964 ) ) ;
#6355 = LINE ( 'NONE', #5295, #3173 ) ;
#6356 = CARTESIAN_POINT ( 'NONE',  ( -0.7500000000000000000, 7.500000000000000000, 1.600000000000000089 ) ) ;
#6357 = VECTOR ( 'NONE', #5418, 1000.000000000000000 ) ;
#6358 = DIRECTION ( 'NONE',  ( 0.000000000000000000, 0.000000000000000000, -1.000000000000000000 ) ) ;
#6359 = AXIS2_PLACEMENT_3D ( 'NONE', #5877, #11737, #277 ) ;
#6360 = CARTESIAN_POINT ( 'NONE',  ( -17.75000000000000000, 2.750000000000000000, 1.600000000000000089 ) ) ;
#6361 = ADVANCED_FACE ( 'NONE', ( #9062 ), #4313, .T. ) ;
#6362 = CARTESIAN_POINT ( 'NONE',  ( -20.50000000000000000, 51.75000000000000000, 10.09999999999999964 ) ) ;
#6363 = VECTOR ( 'NONE', #10973, 1000.000000000000000 ) ;
#6364 = FACE_OUTER_BOUND ( 'NONE', #9486, .T. ) ;
#6365 = VERTEX_POINT ( 'NONE', #10173 ) ;
#6366 = VECTOR ( 'NONE', #10702, 1000.000000000000000 ) ;
#6367 = VECTOR ( 'NONE', #3574, 1000.000000000000000 ) ;
#6368 = ORIENTED_EDGE ( 'NONE', *, *, #10635, .T. ) ;
#6369 = EDGE_LOOP ( 'NONE', ( #3003, #5207, #5157, #6332 ) ) ;
#6370 = DIRECTION ( 'NONE',  ( 1.000000000000000000, 0.000000000000000000, 0.000000000000000000 ) ) ;
#6371 = DIRECTION ( 'NONE',  ( -1.000000000000000000, 0.000000000000000000, 0.000000000000000000 ) ) ;
#6372 = EDGE_CURVE ( 'NONE', #2518, #11170, #8125, .T. ) ;
#6373 = CARTESIAN_POINT ( 'NONE',  ( -15.35000000000000142, 2.750000000000000000, 10.09999999999999964 ) ) ;
#6374 = LINE ( 'NONE', #658, #3394 ) ;
#6375 = DIRECTION ( 'NONE',  ( 0.000000000000000000, 0.000000000000000000, -1.000000000000000000 ) ) ;
#6376 = PLANE ( 'NONE',  #10333 ) ;
#6377 = VECTOR ( 'NONE', #1468, 1000.000000000000000 ) ;
#6378 = CARTESIAN_POINT ( 'NONE',  ( -33.25000000000000000, 2.750000000000000000, 1.600000000000000089 ) ) ;
#6379 = ORIENTED_EDGE ( 'NONE', *, *, #2431, .F. ) ;
#6380 = AXIS2_PLACEMENT_3D ( 'NONE', #11886, #5082, #6144 ) ;
#6381 = CARTESIAN_POINT ( 'NONE',  ( -6.250000000000000000, 31.00000000000000000, 1.600000000000000089 ) ) ;
#6382 = EDGE_CURVE ( 'NONE', #4272, #10417, #6255, .T. ) ;
#6383 = ORIENTED_EDGE ( 'NONE', *, *, #12316, .T. ) ;
#6384 = EDGE_CURVE ( 'NONE', #7500, #76, #6501, .T. ) ;
#6385 = CARTESIAN_POINT ( 'NONE',  ( -5.250000000000000000, 25.50000000000000000, 10.59999999999999964 ) ) ;
#6386 = EDGE_LOOP ( 'NONE', ( #1470, #1196, #9724, #1357 ) ) ;
#6387 = ORIENTED_EDGE ( 'NONE', *, *, #4902, .F. ) ;
#6388 = EDGE_LOOP ( 'NONE', ( #6119, #438, #1811, #6241 ) ) ;
#6389 = FACE_OUTER_BOUND ( 'NONE', #7495, .T. ) ;
#6390 = DIRECTION ( 'NONE',  ( 0.000000000000000000, 0.000000000000000000, 1.000000000000000000 ) ) ;
#6391 = EDGE_CURVE ( 'NONE', #8971, #2610, #4380, .T. ) ;
#6392 = AXIS2_PLACEMENT_3D ( 'NONE', #8197, #9252, #9074 ) ;
#6393 = EDGE_LOOP ( 'NONE', ( #10486, #4009, #6304, #4886 ) ) ;
#6394 = DIRECTION ( 'NONE',  ( -1.000000000000000000, 0.000000000000000000, 0.000000000000000000 ) ) ;
#6395 = CARTESIAN_POINT ( 'NONE',  ( -23.00000000000000000, 51.75000000000000000, 10.09999999999999964 ) ) ;
#6396 = CARTESIAN_POINT ( 'NONE',  ( -64.50000000000000000, 16.00000000000000000, 2.600000000000000089 ) ) ;
#6397 = CARTESIAN_POINT ( 'NONE',  ( -45.25000000000000000, 27.75000000000000000, 3.850000000000000089 ) ) ;
#6398 = EDGE_CURVE ( 'NONE', #5268, #8457, #11178, .T. ) ;
#6399 = EDGE_LOOP ( 'NONE', ( #11211, #8056, #5811, #1842 ) ) ;
#6400 = DIRECTION ( 'NONE',  ( 0.000000000000000000, 1.000000000000000000, 0.000000000000000000 ) ) ;
#6401 = ORIENTED_EDGE ( 'NONE', *, *, #3005, .F. ) ;
#6402 = EDGE_LOOP ( 'NONE', ( #11788, #6506, #10844, #5977 ) ) ;
#6403 = DIRECTION ( 'NONE',  ( 0.000000000000000000, -1.000000000000000000, 0.000000000000000000 ) ) ;
#6404 = LINE ( 'NONE', #5523, #470 ) ;
#6405 = CARTESIAN_POINT ( 'NONE',  ( -57.50000000000000000, 3.500000000000000000, 1.600000000000000089 ) ) ;
#6406 = CARTESIAN_POINT ( 'NONE',  ( -20.50000000000000000, 51.75000000000000000, 10.09999999999999964 ) ) ;
#6407 = CARTESIAN_POINT ( 'NONE',  ( -69.00000000000000000, 8.000000000000000000, 8.849999999999999645 ) ) ;
#6408 = EDGE_CURVE ( 'NONE', #3613, #9456, #10992, .T. ) ;
#6409 = APPLICATION_CONTEXT ( 'automotive_design' ) ;
#6410 = ADVANCED_FACE ( 'NONE', ( #602 ), #8187, .T. ) ;
#6411 = DIRECTION ( 'NONE',  ( -1.000000000000000000, 0.000000000000000000, 0.000000000000000000 ) ) ;
#6412 = ORIENTED_EDGE ( 'NONE', *, *, #7943, .T. ) ;
#6413 = LINE ( 'NONE', #639, #2159 ) ;
#6414 = EDGE_CURVE ( 'NONE', #6809, #7868, #1086, .T. ) ;
#6415 = VERTEX_POINT ( 'NONE', #5738 ) ;
#6416 = ORIENTED_EDGE ( 'NONE', *, *, #4059, .T. ) ;
#6417 = VECTOR ( 'NONE', #9582, 1000.000000000000000 ) ;
#6418 = ORIENTED_EDGE ( 'NONE', *, *, #2354, .F. ) ;
#6419 = EDGE_CURVE ( 'NONE', #5993, #11380, #2021, .T. ) ;
#6420 = DIRECTION ( 'NONE',  ( 0.000000000000000000, 0.000000000000000000, 1.000000000000000000 ) ) ;
#6421 = DIRECTION ( 'NONE',  ( -1.000000000000000000, 0.000000000000000000, 0.000000000000000000 ) ) ;
#6422 = CARTESIAN_POINT ( 'NONE',  ( -34.75000000000000000, 1.750000000000000000, 10.09999999999999964 ) ) ;
#6423 = CARTESIAN_POINT ( 'NONE',  ( -52.04999999999999716, 44.94999999999999574, 4.599999999999999645 ) ) ;
#6424 = LINE ( 'NONE', #829, #7848 ) ;
#6425 = VECTOR ( 'NONE', #7145, 1000.000000000000000 ) ;
#6426 = CARTESIAN_POINT ( 'NONE',  ( -63.75000000000000000, 49.25000000000000000, 3.850000000000000089 ) ) ;
#6427 = CARTESIAN_POINT ( 'NONE',  ( -74.75000000000000000, 44.25000000000000000, 1.850000000000000089 ) ) ;
#6428 = ADVANCED_FACE ( 'NONE', ( #9541 ), #5619, .F. ) ;
#6429 = ORIENTED_EDGE ( 'NONE', *, *, #9000, .F. ) ;
#6430 = ORIENTED_EDGE ( 'NONE', *, *, #863, .F. ) ;
#6431 = ORIENTED_EDGE ( 'NONE', *, *, #11762, .F. ) ;
#6432 = CARTESIAN_POINT ( 'NONE',  ( -19.00000000000000000, 1.000000000000000000, 10.09999999999999964 ) ) ;
#6433 = DIRECTION ( 'NONE',  ( 0.000000000000000000, 0.000000000000000000, 1.000000000000000000 ) ) ;
#6434 = AXIS2_PLACEMENT_3D ( 'NONE', #5435, #9354, #9289 ) ;
#6435 = CARTESIAN_POINT ( 'NONE',  ( -52.75000000000000711, 9.000000000000000000, 6.850000000000000533 ) ) ;
#6436 = CARTESIAN_POINT ( 'NONE',  ( -46.00000000000000000, 32.25000000000000000, 1.600000000000000089 ) ) ;
#6437 = CARTESIAN_POINT ( 'NONE',  ( -46.25000000000000000, 51.75000000000000000, 10.09999999999999964 ) ) ;
#6438 = DIRECTION ( 'NONE',  ( 0.000000000000000000, -1.000000000000000000, 0.000000000000000000 ) ) ;
#6439 = CARTESIAN_POINT ( 'NONE',  ( -2.899999999999999911, 28.60000000000000142, 10.59999999999999964 ) ) ;
#6440 = ORIENTED_EDGE ( 'NONE', *, *, #10830, .F. ) ;
#6441 = ADVANCED_FACE ( 'NONE', ( #6555 ), #11481, .T. ) ;
#6442 = EDGE_CURVE ( 'NONE', #5876, #485, #4864, .T. ) ;
#6443 = DIRECTION ( 'NONE',  ( 0.000000000000000000, -1.000000000000000000, 0.000000000000000000 ) ) ;
#6444 = VECTOR ( 'NONE', #9278, 1000.000000000000000 ) ;
#6445 = ORIENTED_EDGE ( 'NONE', *, *, #729, .T. ) ;
#6446 = DIRECTION ( 'NONE',  ( 0.000000000000000000, 0.000000000000000000, -1.000000000000000000 ) ) ;
#6447 = EDGE_LOOP ( 'NONE', ( #5933, #7314, #5591, #8956 ) ) ;
#6448 = ORIENTED_EDGE ( 'NONE', *, *, #6470, .T. ) ;
#6449 = EDGE_LOOP ( 'NONE', ( #10021, #11312, #1114, #891 ) ) ;
#6450 = CARTESIAN_POINT ( 'NONE',  ( -10.55000000000000071, 2.750000000000000000, 10.09999999999999964 ) ) ;
#6451 = PLANE ( 'NONE',  #11963 ) ;
#6452 = ORIENTED_EDGE ( 'NONE', *, *, #10666, .T. ) ;
#6453 = EDGE_CURVE ( 'NONE', #3550, #1582, #9631, .T. ) ;
#6454 = LINE ( 'NONE', #12071, #7960 ) ;
#6455 = CARTESIAN_POINT ( 'NONE',  ( -42.00000000000000000, 3.500000000000000000, 10.09999999999999964 ) ) ;
#6456 = ADVANCED_FACE ( 'NONE', ( #3927 ), #3745, .T. ) ;
#6457 = AXIS2_PLACEMENT_3D ( 'NONE', #8655, #3666, #129 ) ;
#6458 = CARTESIAN_POINT ( 'NONE',  ( 0.000000000000000000, 0.000000000000000000, 10.59999999999999964 ) ) ;
#6459 = EDGE_CURVE ( 'NONE', #1889, #810, #11360, .T. ) ;
#6460 = LINE ( 'NONE', #1736, #8661 ) ;
#6461 = EDGE_CURVE ( 'NONE', #6349, #3998, #3689, .T. ) ;
#6462 = AXIS2_PLACEMENT_3D ( 'NONE', #5942, #5069, #7012 ) ;
#6463 = ORIENTED_EDGE ( 'NONE', *, *, #8775, .T. ) ;
#6464 = VECTOR ( 'NONE', #2647, 1000.000000000000000 ) ;
#6465 = CARTESIAN_POINT ( 'NONE',  ( -75.00000000000000000, 42.54999999999999716, 3.050000000000000266 ) ) ;
#6466 = EDGE_LOOP ( 'NONE', ( #735, #2253, #4444, #6696 ) ) ;
#6467 = VERTEX_POINT ( 'NONE', #10415 ) ;
#6468 = CARTESIAN_POINT ( 'NONE',  ( -75.00000000000000000, 43.04999999999999716, 3.550000000000000266 ) ) ;
#6469 = PLANE ( 'NONE',  #3826 ) ;
#6470 = EDGE_CURVE ( 'NONE', #6289, #4848, #10540, .T. ) ;
#6471 = CARTESIAN_POINT ( 'NONE',  ( -74.75000000000000000, 32.25000000000000000, 1.600000000000000089 ) ) ;
#6472 = TOROIDAL_SURFACE ( 'NONE', #4862, 2.750000000000000000, 0.5000000000000000000 ) ;
#6473 = CIRCLE ( 'NONE', #4277, 0.2499999999999991118 ) ;
#6474 = CARTESIAN_POINT ( 'NONE',  ( -5.500000000000000000, 50.75000000000000000, 1.600000000000000089 ) ) ;
#6475 = ORIENTED_EDGE ( 'NONE', *, *, #4503, .F. ) ;
#6476 = DIRECTION ( 'NONE',  ( 0.000000000000000000, 0.000000000000000000, -1.000000000000000000 ) ) ;
#6477 = EDGE_LOOP ( 'NONE', ( #471, #11260, #2443, #6794 ) ) ;
#6478 = ORIENTED_EDGE ( 'NONE', *, *, #10259, .F. ) ;
#6479 = VECTOR ( 'NONE', #2495, 1000.000000000000000 ) ;
#6480 = VECTOR ( 'NONE', #8441, 1000.000000000000000 ) ;
#6481 = ORIENTED_EDGE ( 'NONE', *, *, #9663, .T. ) ;
#6482 = ADVANCED_FACE ( 'NONE', ( #5560 ), #1899, .T. ) ;
#6483 = DIRECTION ( 'NONE',  ( 0.000000000000000000, 0.000000000000000000, -1.000000000000000000 ) ) ;
#6484 = CARTESIAN_POINT ( 'NONE',  ( -14.50000000000000000, 50.75000000000000000, 1.600000000000000089 ) ) ;
#6485 = DIRECTION ( 'NONE',  ( 0.000000000000000000, 0.000000000000000000, -1.000000000000000000 ) ) ;
#6486 = DIRECTION ( 'NONE',  ( 0.000000000000000000, 0.000000000000000000, -1.000000000000000000 ) ) ;
#6487 = DIRECTION ( 'NONE',  ( 0.000000000000000000, 0.000000000000000000, -1.000000000000000000 ) ) ;
#6488 = DIRECTION ( 'NONE',  ( -1.000000000000000000, 0.000000000000000000, 0.000000000000000000 ) ) ;
#6489 = CARTESIAN_POINT ( 'NONE',  ( -58.75000000000000000, 44.25000000000000000, 12.59999999999999964 ) ) ;
#6490 = ORIENTED_EDGE ( 'NONE', *, *, #6414, .F. ) ;
#6491 = ORIENTED_EDGE ( 'NONE', *, *, #8471, .F. ) ;
#6492 = EDGE_LOOP ( 'NONE', ( #2468, #7687, #6310, #9810, #4814, #9778 ) ) ;
#6493 = CARTESIAN_POINT ( 'NONE',  ( -30.75000000000000000, 2.750000000000000000, 10.09999999999999964 ) ) ;
#6494 = LINE ( 'NONE', #12180, #8328 ) ;
#6495 = LINE ( 'NONE', #2757, #6756 ) ;
#6496 = DIRECTION ( 'NONE',  ( 1.000000000000000000, 0.000000000000000000, 0.000000000000000000 ) ) ;
#6497 = DIRECTION ( 'NONE',  ( 0.000000000000000000, 0.000000000000000000, -1.000000000000000000 ) ) ;
#6498 = DIRECTION ( 'NONE',  ( 0.000000000000000000, -1.000000000000000000, 0.000000000000000000 ) ) ;
#6499 = EDGE_CURVE ( 'NONE', #2610, #7579, #2888, .T. ) ;
#6500 = EDGE_LOOP ( 'NONE', ( #7264, #11368 ) ) ;
#6501 = LINE ( 'NONE', #3562, #8045 ) ;
#6502 = EDGE_LOOP ( 'NONE', ( #4134, #7134, #3785, #7063 ) ) ;
#6503 = ADVANCED_FACE ( 'NONE', ( #1952 ), #9034, .T. ) ;
#6504 = CARTESIAN_POINT ( 'NONE',  ( -59.00000000000000000, 52.50000000000000000, 3.850000000000000089 ) ) ;
#6505 = VERTEX_POINT ( 'NONE', #5679 ) ;
#6506 = ORIENTED_EDGE ( 'NONE', *, *, #11188, .T. ) ;
#6507 = ORIENTED_EDGE ( 'NONE', *, *, #8463, .F. ) ;
#6508 = DIRECTION ( 'NONE',  ( 0.000000000000000000, 0.000000000000000000, 1.000000000000000000 ) ) ;
#6509 = DIRECTION ( 'NONE',  ( -1.000000000000000000, 0.000000000000000000, 0.000000000000000000 ) ) ;
#6510 = ORIENTED_EDGE ( 'NONE', *, *, #3964, .F. ) ;
#6511 = CARTESIAN_POINT ( 'NONE',  ( -47.25000000000000000, 51.75000000000000000, 10.09999999999999964 ) ) ;
#6512 = LINE ( 'NONE', #4453, #9211 ) ;
#6513 = PLANE ( 'NONE',  #4259 ) ;
#6514 = DIRECTION ( 'NONE',  ( 0.000000000000000000, -1.000000000000000000, 0.000000000000000000 ) ) ;
#6515 = ORIENTED_EDGE ( 'NONE', *, *, #1848, .T. ) ;
#6517 = VECTOR ( 'NONE', #11523, 1000.000000000000000 ) ;
#6516 = DIRECTION ( 'NONE',  ( 0.7071067811865470176, -0.7071067811865480168, 0.000000000000000000 ) ) ;
#6518 = ORIENTED_EDGE ( 'NONE', *, *, #9540, .F. ) ;
#6519 = DIRECTION ( 'NONE',  ( -1.000000000000000000, 0.000000000000000000, 0.000000000000000000 ) ) ;
#6520 = VERTEX_POINT ( 'NONE', #8608 ) ;
#6521 = CARTESIAN_POINT ( 'NONE',  ( -28.25000000000000000, 1.750000000000000000, 10.09999999999999964 ) ) ;
#6522 = CARTESIAN_POINT ( 'NONE',  ( 0.000000000000000000, 0.000000000000000000, 1.600000000000000089 ) ) ;
#6523 = ADVANCED_FACE ( 'NONE', ( #10294 ), #1838, .T. ) ;
#6524 = LINE ( 'NONE', #6283, #1595 ) ;
#6525 = VECTOR ( 'NONE', #3162, 1000.000000000000000 ) ;
#6526 = DIRECTION ( 'NONE',  ( -1.000000000000000000, 0.000000000000000000, 0.000000000000000000 ) ) ;
#6527 = ORIENTED_EDGE ( 'NONE', *, *, #1040, .F. ) ;
#6528 = CARTESIAN_POINT ( 'NONE',  ( -66.00000000000000000, 33.70000000000000284, 3.299999999999999822 ) ) ;
#6529 = EDGE_CURVE ( 'NONE', #1529, #1152, #4621, .T. ) ;
#6530 = ORIENTED_EDGE ( 'NONE', *, *, #11485, .T. ) ;
#6531 = AXIS2_PLACEMENT_3D ( 'NONE', #8325, #12140, #6516 ) ;
#6532 = EDGE_LOOP ( 'NONE', ( #7525, #9135, #6058, #2377 ) ) ;
#6533 = CARTESIAN_POINT ( 'NONE',  ( -75.00000000000000000, 41.00000000000000000, 8.550000000000000711 ) ) ;
#6534 = DIRECTION ( 'NONE',  ( 0.000000000000000000, 0.000000000000000000, 1.000000000000000000 ) ) ;
#6535 = DIRECTION ( 'NONE',  ( 0.000000000000000000, -1.000000000000000000, 0.000000000000000000 ) ) ;
#6536 = FACE_OUTER_BOUND ( 'NONE', #11445, .T. ) ;
#6537 = LINE ( 'NONE', #12099, #2692 ) ;
#6538 = AXIS2_PLACEMENT_3D ( 'NONE', #5494, #10286, #11352 ) ;
#6539 = VECTOR ( 'NONE', #483, 1000.000000000000000 ) ;
#6540 = CARTESIAN_POINT ( 'NONE',  ( -46.25000000000000000, 45.00000000000000000, 4.599999999999999645 ) ) ;
#6541 = FACE_BOUND ( 'NONE', #9878, .T. ) ;
#6542 = EDGE_LOOP ( 'NONE', ( #695, #6429, #10171, #8460 ) ) ;
#6543 = LINE ( 'NONE', #1828, #3944 ) ;
#6544 = ORIENTED_EDGE ( 'NONE', *, *, #3517, .T. ) ;
#6545 = ORIENTED_EDGE ( 'NONE', *, *, #2908, .F. ) ;
#6546 = CARTESIAN_POINT ( 'NONE',  ( -2.899999999999999911, 28.60000000000000142, 4.599999999999999645 ) ) ;
#6547 = VECTOR ( 'NONE', #1907, 1000.000000000000000 ) ;
#6548 = FACE_OUTER_BOUND ( 'NONE', #1386, .T. ) ;
#6549 = LINE ( 'NONE', #957, #8974 ) ;
#6550 = LINE ( 'NONE', #12291, #9221 ) ;
#6551 = DIRECTION ( 'NONE',  ( -0.000000000000000000, -0.000000000000000000, 1.000000000000000000 ) ) ;
#6552 = DIRECTION ( 'NONE',  ( 0.000000000000000000, 0.000000000000000000, -1.000000000000000000 ) ) ;
#6553 = VECTOR ( 'NONE', #7383, 1000.000000000000000 ) ;
#6554 = EDGE_CURVE ( 'NONE', #3932, #12011, #8728, .T. ) ;
#6555 = FACE_OUTER_BOUND ( 'NONE', #7728, .T. ) ;
#6556 = VECTOR ( 'NONE', #4048, 1000.000000000000000 ) ;
#6557 = ORIENTED_EDGE ( 'NONE', *, *, #10918, .T. ) ;
#6558 = CIRCLE ( 'NONE', #999, 3.250000000000002665 ) ;
#6559 = LINE ( 'NONE', #5741, #7707 ) ;
#6560 = ORIENTED_EDGE ( 'NONE', *, *, #9329, .T. ) ;
#6561 = EDGE_CURVE ( 'NONE', #7486, #11597, #270, .T. ) ;
#6562 = VERTEX_POINT ( 'NONE', #11860 ) ;
#6563 = ADVANCED_FACE ( 'NONE', ( #7988 ), #6472, .T. ) ;
#6564 = ORIENTED_EDGE ( 'NONE', *, *, #9835, .T. ) ;
#6565 = CARTESIAN_POINT ( 'NONE',  ( -49.75000000000000000, 51.75000000000000000, 1.600000000000000089 ) ) ;
#6566 = DIRECTION ( 'NONE',  ( 0.000000000000000000, 1.000000000000000000, 0.000000000000000000 ) ) ;
#6567 = EDGE_LOOP ( 'NONE', ( #795, #11642, #1156, #1794 ) ) ;
#6568 = CIRCLE ( 'NONE', #2987, 0.5000000000000004441 ) ;
#6569 = ORIENTED_EDGE ( 'NONE', *, *, #4053, .T. ) ;
#6570 = DIRECTION ( 'NONE',  ( -1.000000000000000000, 0.000000000000000000, 0.000000000000000000 ) ) ;
#6571 = LINE ( 'NONE', #7449, #6838 ) ;
#6572 = AXIS2_PLACEMENT_3D ( 'NONE', #1505, #2436, #3527 ) ;
#6573 = EDGE_CURVE ( 'NONE', #9364, #10560, #5184, .T. ) ;
#6574 = VECTOR ( 'NONE', #5463, 1000.000000000000000 ) ;
#6575 = DIRECTION ( 'NONE',  ( -1.000000000000000000, 0.000000000000000000, 0.000000000000000000 ) ) ;
#6576 = LINE ( 'NONE', #4693, #4457 ) ;
#6577 = ORIENTED_EDGE ( 'NONE', *, *, #3434, .F. ) ;
#6578 = AXIS2_PLACEMENT_3D ( 'NONE', #8682, #7626, #9550 ) ;
#6579 = ORIENTED_EDGE ( 'NONE', *, *, #9515, .F. ) ;
#6580 = AXIS2_PLACEMENT_3D ( 'NONE', #10287, #1765, #10534 ) ;
#6581 = CARTESIAN_POINT ( 'NONE',  ( -74.75000000000000000, 44.50000000000000000, 1.850000000000000089 ) ) ;
#6582 = ORIENTED_EDGE ( 'NONE', *, *, #3641, .T. ) ;
#6583 = LINE ( 'NONE', #8573, #2375 ) ;
#6584 = ORIENTED_EDGE ( 'NONE', *, *, #10005, .T. ) ;
#6585 = CARTESIAN_POINT ( 'NONE',  ( -50.35000000000000142, 47.30000000000000426, 4.599999999999999645 ) ) ;
#6586 = DIRECTION ( 'NONE',  ( 0.000000000000000000, 0.7071067811865475727, 0.7071067811865475727 ) ) ;
#6587 = CARTESIAN_POINT ( 'NONE',  ( -52.75000000000000000, 47.30000000000000426, 10.59999999999999964 ) ) ;
#6588 = DIRECTION ( 'NONE',  ( -0.000000000000000000, -0.000000000000000000, 1.000000000000000000 ) ) ;
#6589 = ADVANCED_FACE ( 'NONE', ( #7863 ), #10240, .T. ) ;
#6590 = PLANE ( 'NONE',  #5875 ) ;
#6591 = VERTEX_POINT ( 'NONE', #1151 ) ;
#6592 = FACE_BOUND ( 'NONE', #1449, .T. ) ;
#6593 = ORIENTED_EDGE ( 'NONE', *, *, #755, .T. ) ;
#6594 = EDGE_LOOP ( 'NONE', ( #5348, #8617, #7415, #8483 ) ) ;
#6595 = LINE ( 'NONE', #5356, #2173 ) ;
#6596 = ADVANCED_FACE ( 'NONE', ( #4112 ), #5051, .F. ) ;
#6597 = PLANE ( 'NONE',  #2019 ) ;
#6598 = CARTESIAN_POINT ( 'NONE',  ( -64.50000000000000000, 19.00000000000000000, 2.600000000000000089 ) ) ;
#6599 = ADVANCED_FACE ( 'NONE', ( #5113 ), #8911, .F. ) ;
#6600 = LINE ( 'NONE', #3047, #9058 ) ;
#6601 = EDGE_CURVE ( 'NONE', #981, #1142, #7921, .T. ) ;
#6602 = ORIENTED_EDGE ( 'NONE', *, *, #8623, .F. ) ;
#6603 = CARTESIAN_POINT ( 'NONE',  ( -64.50000000000000000, 19.00000000000000000, 1.600000000000000089 ) ) ;
#6604 = VECTOR ( 'NONE', #4369, 1000.000000000000000 ) ;
#6605 = EDGE_CURVE ( 'NONE', #9330, #787, #11728, .T. ) ;
#6606 = CARTESIAN_POINT ( 'NONE',  ( -36.25000000000000000, 50.75000000000000000, 10.09999999999999964 ) ) ;
#6607 = ORIENTED_EDGE ( 'NONE', *, *, #5610, .F. ) ;
#6608 = LINE ( 'NONE', #3861, #5349 ) ;
#6609 = VERTEX_POINT ( 'NONE', #2329 ) ;
#6610 = ORIENTED_EDGE ( 'NONE', *, *, #10177, .F. ) ;
#6611 = DIRECTION ( 'NONE',  ( 0.000000000000000000, 0.000000000000000000, 1.000000000000000000 ) ) ;
#6612 = CARTESIAN_POINT ( 'NONE',  ( -53.25000000000000000, 2.500000000000000000, 0.000000000000000000 ) ) ;
#6613 = LINE ( 'NONE', #12290, #4961 ) ;
#6614 = DIRECTION ( 'NONE',  ( 0.000000000000000000, 0.000000000000000000, 1.000000000000000000 ) ) ;
#6615 = AXIS2_PLACEMENT_3D ( 'NONE', #10061, #6206, #1364 ) ;
#6616 = EDGE_CURVE ( 'NONE', #3606, #5726, #10725, .T. ) ;
#6617 = CARTESIAN_POINT ( 'NONE',  ( -59.00000000000000000, 17.89999999999999858, 2.600000000000000089 ) ) ;
#6618 = CYLINDRICAL_SURFACE ( 'NONE', #10035, 0.2500000000000002220 ) ;
#6619 = ORIENTED_EDGE ( 'NONE', *, *, #11403, .T. ) ;
#6620 = CARTESIAN_POINT ( 'NONE',  ( -5.250000000000000000, 31.00000000000000000, 10.59999999999999964 ) ) ;
#6621 = ORIENTED_EDGE ( 'NONE', *, *, #11562, .T. ) ;
#6622 = DIRECTION ( 'NONE',  ( -0.000000000000000000, -0.000000000000000000, -1.000000000000000000 ) ) ;
#6623 = ORIENTED_EDGE ( 'NONE', *, *, #8996, .T. ) ;
#6624 = VECTOR ( 'NONE', #3514, 1000.000000000000000 ) ;
#6625 = ORIENTED_EDGE ( 'NONE', *, *, #4395, .T. ) ;
#6626 = EDGE_LOOP ( 'NONE', ( #9454, #2832, #3611, #5039 ) ) ;
#6627 = DIRECTION ( 'NONE',  ( 0.000000000000000000, -1.000000000000000000, 0.000000000000000000 ) ) ;
#6628 = PLANE ( 'NONE',  #10146 ) ;
#6629 = ORIENTED_EDGE ( 'NONE', *, *, #10466, .T. ) ;
#6630 = EDGE_CURVE ( 'NONE', #11597, #10729, #2265, .T. ) ;
#6631 = FACE_OUTER_BOUND ( 'NONE', #4451, .T. ) ;
#6632 = DIRECTION ( 'NONE',  ( 0.000000000000000000, -1.000000000000000000, 0.000000000000000000 ) ) ;
#6633 = CARTESIAN_POINT ( 'NONE',  ( -3.750000000000000000, 11.50000000000000000, 6.599999999999999645 ) ) ;
#6634 = DIRECTION ( 'NONE',  ( 0.000000000000000000, 0.000000000000000000, -1.000000000000000000 ) ) ;
#6635 = CARTESIAN_POINT ( 'NONE',  ( -39.75000000000000000, 11.50000000000000000, 6.599999999999999645 ) ) ;
#6636 = ORIENTED_EDGE ( 'NONE', *, *, #565, .F. ) ;
#6637 = ORIENTED_EDGE ( 'NONE', *, *, #8792, .F. ) ;
#6638 = CARTESIAN_POINT ( 'NONE',  ( -42.75000000000000000, 9.000000000000000000, 6.850000000000000533 ) ) ;
#6639 = EDGE_LOOP ( 'NONE', ( #9093, #2291, #7739, #10714 ) ) ;
#6640 = DIRECTION ( 'NONE',  ( 0.000000000000000000, 0.000000000000000000, -1.000000000000000000 ) ) ;
#6641 = VECTOR ( 'NONE', #4602, 1000.000000000000000 ) ;
#6642 = VERTEX_POINT ( 'NONE', #9850 ) ;
#6643 = CARTESIAN_POINT ( 'NONE',  ( -35.75000000000000000, 2.750000000000000000, 10.09999999999999964 ) ) ;
#6644 = LINE ( 'NONE', #52, #7614 ) ;
#6645 = ADVANCED_FACE ( 'NONE', ( #6997 ), #4243, .T. ) ;
#6646 = CARTESIAN_POINT ( 'NONE',  ( -8.000000000000000000, 50.75000000000000000, 1.600000000000000089 ) ) ;
#6647 = EDGE_CURVE ( 'NONE', #10767, #138, #5869, .T. ) ;
#6648 = AXIS2_PLACEMENT_3D ( 'NONE', #3263, #1351, #5009 ) ;
#6649 = LINE ( 'NONE', #6705, #3479 ) ;
#6650 = AXIS2_PLACEMENT_3D ( 'NONE', #10473, #11604, #960 ) ;
#6651 = DIRECTION ( 'NONE',  ( -0.000000000000000000, -0.000000000000000000, 1.000000000000000000 ) ) ;
#6652 = VERTEX_POINT ( 'NONE', #3065 ) ;
#6653 = ADVANCED_FACE ( 'NONE', ( #9664 ), #4925, .F. ) ;
#6654 = DIRECTION ( 'NONE',  ( 0.000000000000000000, 0.000000000000000000, -1.000000000000000000 ) ) ;
#6655 = ORIENTED_EDGE ( 'NONE', *, *, #9197, .F. ) ;
#6656 = ORIENTED_EDGE ( 'NONE', *, *, #1874, .T. ) ;
#6657 = AXIS2_PLACEMENT_3D ( 'NONE', #9787, #4178, #6114 ) ;
#6658 = DIRECTION ( 'NONE',  ( 0.000000000000000000, 0.000000000000000000, -1.000000000000000000 ) ) ;
#6659 = VECTOR ( 'NONE', #1509, 1000.000000000000000 ) ;
#6660 = EDGE_CURVE ( 'NONE', #2596, #4441, #4993, .T. ) ;
#6661 = CARTESIAN_POINT ( 'NONE',  ( -48.75000000000000000, 51.75000000000000000, 1.600000000000000089 ) ) ;
#6662 = DIRECTION ( 'NONE',  ( 0.000000000000000000, 1.000000000000000000, 0.000000000000000000 ) ) ;
#6663 = DIRECTION ( 'NONE',  ( -1.000000000000000000, 0.000000000000000000, 0.000000000000000000 ) ) ;
#6664 = DIRECTION ( 'NONE',  ( 0.000000000000000000, -1.000000000000000000, 0.000000000000000000 ) ) ;
#6665 = CARTESIAN_POINT ( 'NONE',  ( -30.75000000000000000, 2.750000000000000000, 10.09999999999999964 ) ) ;
#6666 = AXIS2_PLACEMENT_3D ( 'NONE', #3912, #5910, #7042 ) ;
#6667 = VECTOR ( 'NONE', #9256, 1000.000000000000000 ) ;
#6668 = CARTESIAN_POINT ( 'NONE',  ( -3.750000000000000000, 13.00000000000000000, 9.599999999999999645 ) ) ;
#6669 = EDGE_LOOP ( 'NONE', ( #2733, #985 ) ) ;
#6670 = DIRECTION ( 'NONE',  ( -0.000000000000000000, -0.000000000000000000, -1.000000000000000000 ) ) ;
#6671 = VERTEX_POINT ( 'NONE', #1211 ) ;
#6672 = EDGE_CURVE ( 'NONE', #8758, #11246, #8790, .T. ) ;
#6673 = VERTEX_POINT ( 'NONE', #4301 ) ;
#6674 = LINE ( 'NONE', #3801, #7560 ) ;
#6675 = DIRECTION ( 'NONE',  ( 1.000000000000000000, -4.625929269271489858E-16, 0.000000000000000000 ) ) ;
#6676 = LINE ( 'NONE', #839, #11966 ) ;
#6677 = DIRECTION ( 'NONE',  ( 0.000000000000000000, -1.000000000000000000, 0.000000000000000000 ) ) ;
#6678 = EDGE_CURVE ( 'NONE', #2147, #787, #5424, .T. ) ;
#6679 = DIRECTION ( 'NONE',  ( -1.000000000000000000, 0.000000000000000000, 0.000000000000000000 ) ) ;
#6680 = CARTESIAN_POINT ( 'NONE',  ( -52.75000000000000000, 28.00000000000000000, 2.100000000000000089 ) ) ;
#6681 = DIRECTION ( 'NONE',  ( 1.000000000000000000, 0.000000000000000000, 0.000000000000000000 ) ) ;
#6682 = VERTEX_POINT ( 'NONE', #8107 ) ;
#6683 = DIRECTION ( 'NONE',  ( 0.000000000000000000, 0.000000000000000000, -1.000000000000000000 ) ) ;
#6684 = ORIENTED_EDGE ( 'NONE', *, *, #9575, .F. ) ;
#6685 = EDGE_CURVE ( 'NONE', #2071, #7895, #3546, .T. ) ;
#6686 = EDGE_LOOP ( 'NONE', ( #9591, #7725, #1356, #5505 ) ) ;
#6687 = EDGE_LOOP ( 'NONE', ( #11672, #9935, #4853, #1435 ) ) ;
#6688 = CARTESIAN_POINT ( 'NONE',  ( -42.75000000000000000, 9.000000000000000000, 6.349999999999999645 ) ) ;
#6689 = CARTESIAN_POINT ( 'NONE',  ( -4.549999999999999822, 31.00000000000000000, 10.59999999999999964 ) ) ;
#6690 = ORIENTED_EDGE ( 'NONE', *, *, #4576, .T. ) ;
#6691 = PLANE ( 'NONE',  #1025 ) ;
#6692 = CARTESIAN_POINT ( 'NONE',  ( -59.00000000000000000, 20.50000000000000000, 3.350000000000000089 ) ) ;
#6693 = LINE ( 'NONE', #9490, #10541 ) ;
#6694 = DIRECTION ( 'NONE',  ( -0.7071067811865470176, 0.7071067811865480168, 0.000000000000000000 ) ) ;
#6695 = DIRECTION ( 'NONE',  ( 0.000000000000000000, -1.000000000000000000, 0.000000000000000000 ) ) ;
#6696 = ORIENTED_EDGE ( 'NONE', *, *, #10823, .F. ) ;
#6697 = VERTEX_POINT ( 'NONE', #6426 ) ;
#6698 = CYLINDRICAL_SURFACE ( 'NONE', #3536, 0.2500000000000000000 ) ;
#6699 = VERTEX_POINT ( 'NONE', #12043 ) ;
#6700 = DIRECTION ( 'NONE',  ( -1.000000000000000000, 4.625929269271489858E-16, 0.000000000000000000 ) ) ;
#6701 = EDGE_LOOP ( 'NONE', ( #9299, #1780, #1406, #5858 ) ) ;
#6702 = DIRECTION ( 'NONE',  ( 0.000000000000000000, 0.000000000000000000, 1.000000000000000000 ) ) ;
#6703 = CARTESIAN_POINT ( 'NONE',  ( -32.25000000000000000, 51.75000000000000000, 1.600000000000000089 ) ) ;
#6704 = FACE_BOUND ( 'NONE', #10401, .T. ) ;
#6705 = CARTESIAN_POINT ( 'NONE',  ( -2.899999999999999911, 31.00000000000000000, 10.59999999999999964 ) ) ;
#6706 = VECTOR ( 'NONE', #3730, 1000.000000000000000 ) ;
#6707 = DIRECTION ( 'NONE',  ( 0.000000000000000000, 0.000000000000000000, 1.000000000000000000 ) ) ;
#6708 = ORIENTED_EDGE ( 'NONE', *, *, #6605, .T. ) ;
#6709 = LINE ( 'NONE', #9579, #7713 ) ;
#6710 = ORIENTED_EDGE ( 'NONE', *, *, #1510, .F. ) ;
#6711 = ORIENTED_EDGE ( 'NONE', *, *, #6070, .F. ) ;
#6712 = EDGE_CURVE ( 'NONE', #10190, #11627, #6178, .T. ) ;
#6713 = DIRECTION ( 'NONE',  ( -0.000000000000000000, -0.000000000000000000, 1.000000000000000000 ) ) ;
#6714 = CIRCLE ( 'NONE', #8507, 1.750000000000001554 ) ;
#6715 = FACE_BOUND ( 'NONE', #1630, .T. ) ;
#6716 = LINE ( 'NONE', #10515, #8945 ) ;
#6717 = CARTESIAN_POINT ( 'NONE',  ( -44.75000000000000000, 51.75000000000000000, 1.600000000000000089 ) ) ;
#6718 = EDGE_CURVE ( 'NONE', #9350, #5671, #11038, .T. ) ;
#6719 = CARTESIAN_POINT ( 'NONE',  ( -4.549999999999999822, 25.50000000000000000, 10.59999999999999964 ) ) ;
#6720 = CARTESIAN_POINT ( 'NONE',  ( -47.25000000000000000, 49.00000000000000000, 4.599999999999999645 ) ) ;
#6721 = AXIS2_PLACEMENT_3D ( 'NONE', #6638, #3766, #9378 ) ;
#6722 = CARTESIAN_POINT ( 'NONE',  ( -14.50000000000000000, 51.75000000000000000, 1.600000000000000089 ) ) ;
#6723 = ORIENTED_EDGE ( 'NONE', *, *, #9938, .F. ) ;
#6724 = DIRECTION ( 'NONE',  ( 0.000000000000000000, 0.000000000000000000, 1.000000000000000000 ) ) ;
#6725 = ORIENTED_EDGE ( 'NONE', *, *, #955, .F. ) ;
#6726 = VERTEX_POINT ( 'NONE', #2510 ) ;
#6727 = EDGE_LOOP ( 'NONE', ( #9546, #1883, #172, #2238 ) ) ;
#6728 = DIRECTION ( 'NONE',  ( 0.000000000000000000, -1.000000000000000000, 0.000000000000000000 ) ) ;
#6729 = EDGE_CURVE ( 'NONE', #2528, #6673, #1706, .T. ) ;
#6730 = DIRECTION ( 'NONE',  ( 0.000000000000000000, 1.000000000000000000, 0.000000000000000000 ) ) ;
#6731 = CARTESIAN_POINT ( 'NONE',  ( -7.150000000000000355, 1.750000000000000000, 1.600000000000000089 ) ) ;
#6732 = LINE ( 'NONE', #9599, #7242 ) ;
#6733 = CARTESIAN_POINT ( 'NONE',  ( -36.25000000000000000, 51.75000000000000000, 10.09999999999999964 ) ) ;
#6734 = CIRCLE ( 'NONE', #1382, 0.2500000000000002220 ) ;
#6735 = CARTESIAN_POINT ( 'NONE',  ( -2.899999999999999911, 27.90000000000000213, 4.599999999999999645 ) ) ;
#6736 = VERTEX_POINT ( 'NONE', #2635 ) ;
#6737 = EDGE_CURVE ( 'NONE', #1617, #921, #3308, .T. ) ;
#6738 = DIRECTION ( 'NONE',  ( -1.000000000000000000, 0.000000000000000000, 0.000000000000000000 ) ) ;
#6739 = VERTEX_POINT ( 'NONE', #7366 ) ;
#6740 = VECTOR ( 'NONE', #12038, 1000.000000000000000 ) ;
#6741 = DIRECTION ( 'NONE',  ( 1.000000000000000000, -0.000000000000000000, -0.000000000000000000 ) ) ;
#6742 = ORIENTED_EDGE ( 'NONE', *, *, #7635, .T. ) ;
#6743 = AXIS2_PLACEMENT_3D ( 'NONE', #1426, #6890, #5079 ) ;
#6744 = EDGE_LOOP ( 'NONE', ( #10731, #2414, #2706, #12080 ) ) ;
#6745 = ORIENTED_EDGE ( 'NONE', *, *, #10522, .T. ) ;
#6746 = DIRECTION ( 'NONE',  ( 1.000000000000000000, 0.000000000000000000, 0.000000000000000000 ) ) ;
#6747 = CARTESIAN_POINT ( 'NONE',  ( -14.34999999999999964, 1.750000000000000000, 1.600000000000000089 ) ) ;
#6748 = ORIENTED_EDGE ( 'NONE', *, *, #10485, .F. ) ;
#6749 = DIRECTION ( 'NONE',  ( 0.000000000000000000, -1.000000000000000000, 0.000000000000000000 ) ) ;
#6750 = CARTESIAN_POINT ( 'NONE',  ( -19.00000000000000000, 3.500000000000000000, 10.09999999999999964 ) ) ;
#6751 = PLANE ( 'NONE',  #11337 ) ;
#6752 = TOROIDAL_SURFACE ( 'NONE', #9528, 0.5000000000000000000, 0.2500000000000000000 ) ;
#6753 = CARTESIAN_POINT ( 'NONE',  ( -9.500000000000000000, 50.75000000000000000, 10.09999999999999964 ) ) ;
#6754 = EDGE_CURVE ( 'NONE', #3085, #11773, #6302, .T. ) ;
#6755 = EDGE_CURVE ( 'NONE', #9426, #11612, #9281, .T. ) ;
#6756 = VECTOR ( 'NONE', #5732, 1000.000000000000000 ) ;
#6757 = AXIS2_PLACEMENT_3D ( 'NONE', #6096, #7729, #11530 ) ;
#6758 = EDGE_CURVE ( 'NONE', #10161, #10527, #6239, .T. ) ;
#6759 = DIRECTION ( 'NONE',  ( 0.000000000000000000, -1.000000000000000000, 0.000000000000000000 ) ) ;
#6760 = ORIENTED_EDGE ( 'NONE', *, *, #233, .F. ) ;
#6761 = ORIENTED_EDGE ( 'NONE', *, *, #10692, .F. ) ;
#6762 = ADVANCED_FACE ( 'NONE', ( #5485 ), #772, .F. ) ;
#6763 = LINE ( 'NONE', #10750, #10709 ) ;
#6764 = CIRCLE ( 'NONE', #8354, 1.750000000000001554 ) ;
#6765 = EDGE_LOOP ( 'NONE', ( #7609, #7235, #4897, #11067 ) ) ;
#6766 = DIRECTION ( 'NONE',  ( 0.000000000000000000, -1.000000000000000000, 0.000000000000000000 ) ) ;
#6767 = VECTOR ( 'NONE', #7839, 1000.000000000000000 ) ;
#6768 = AXIS2_PLACEMENT_3D ( 'NONE', #2615, #9202, #11075 ) ;
#6769 = ORIENTED_EDGE ( 'NONE', *, *, #4894, .F. ) ;
#6770 = DIRECTION ( 'NONE',  ( -1.000000000000000000, 0.000000000000000000, 0.000000000000000000 ) ) ;
#6771 = DIRECTION ( 'NONE',  ( 0.000000000000000000, 0.000000000000000000, -1.000000000000000000 ) ) ;
#6772 = ADVANCED_FACE ( 'NONE', ( #4544 ), #4360, .T. ) ;
#6773 = VECTOR ( 'NONE', #5061, 1000.000000000000000 ) ;
#6774 = DIRECTION ( 'NONE',  ( 0.000000000000000000, 0.000000000000000000, -1.000000000000000000 ) ) ;
#6775 = CIRCLE ( 'NONE', #10962, 0.2500000000000002220 ) ;
#6776 = ORIENTED_EDGE ( 'NONE', *, *, #2877, .F. ) ;
#6777 = DIRECTION ( 'NONE',  ( 0.000000000000000000, 0.000000000000000000, -1.000000000000000000 ) ) ;
#6778 = ORIENTED_EDGE ( 'NONE', *, *, #5382, .F. ) ;
#6779 = ORIENTED_EDGE ( 'NONE', *, *, #9881, .T. ) ;
#6780 = CARTESIAN_POINT ( 'NONE',  ( -46.00000000000000000, 37.25000000000000000, 2.600000000000000089 ) ) ;
#6781 = ORIENTED_EDGE ( 'NONE', *, *, #6419, .T. ) ;
#6782 = LINE ( 'NONE', #9514, #10930 ) ;
#6783 = EDGE_CURVE ( 'NONE', #7355, #1141, #2570, .T. ) ;
#6784 = LINE ( 'NONE', #4842, #6366 ) ;
#6785 = CARTESIAN_POINT ( 'NONE',  ( -59.00000000000000000, 17.89999999999999858, 1.600000000000000089 ) ) ;
#6786 = ADVANCED_FACE ( 'NONE', ( #9044 ), #3490, .T. ) ;
#6787 = LINE ( 'NONE', #130, #9838 ) ;
#6788 = ADVANCED_FACE ( 'NONE', ( #4424 ), #9224, .T. ) ;
#6789 = LINE ( 'NONE', #8659, #10630 ) ;
#6790 = CARTESIAN_POINT ( 'NONE',  ( -66.00000000000000000, 42.54999999999999716, 3.550000000000000266 ) ) ;
#6791 = EDGE_LOOP ( 'NONE', ( #8449, #5089, #8495, #9275 ) ) ;
#6792 = CARTESIAN_POINT ( 'NONE',  ( -69.00000000000000000, 8.000000000000000000, 6.849999999999999645 ) ) ;
#6793 = EDGE_CURVE ( 'NONE', #12253, #11084, #7184, .T. ) ;
#6794 = ORIENTED_EDGE ( 'NONE', *, *, #3148, .F. ) ;
#6795 = ORIENTED_EDGE ( 'NONE', *, *, #11867, .T. ) ;
#6796 = ORIENTED_EDGE ( 'NONE', *, *, #10548, .T. ) ;
#6797 = CARTESIAN_POINT ( 'NONE',  ( -45.25000000000000000, 24.25000000000000000, 2.350000000000000089 ) ) ;
#6798 = CARTESIAN_POINT ( 'NONE',  ( -32.25000000000000000, 1.750000000000000000, 10.09999999999999964 ) ) ;
#6799 = DIRECTION ( 'NONE',  ( 0.000000000000000000, 0.000000000000000000, 1.000000000000000000 ) ) ;
#6800 = DIRECTION ( 'NONE',  ( 1.000000000000000000, 0.000000000000000000, 0.000000000000000000 ) ) ;
#6801 = DIRECTION ( 'NONE',  ( -1.000000000000000000, 0.000000000000000000, 0.000000000000000000 ) ) ;
#6802 = LINE ( 'NONE', #5864, #1102 ) ;
#6803 = VERTEX_POINT ( 'NONE', #10157 ) ;
#6804 = MECHANICAL_DESIGN_GEOMETRIC_PRESENTATION_REPRESENTATION (  '', ( #10578 ), #4012 ) ;
#6805 = EDGE_CURVE ( 'NONE', #1740, #398, #4486, .T. ) ;
#6806 = DIRECTION ( 'NONE',  ( 0.000000000000000000, 1.000000000000000000, 0.000000000000000000 ) ) ;
#6807 = ORIENTED_EDGE ( 'NONE', *, *, #3370, .T. ) ;
#6808 = CARTESIAN_POINT ( 'NONE',  ( -51.00000000000000000, 50.00000000000000000, 1.600000000000000089 ) ) ;
#6809 = VERTEX_POINT ( 'NONE', #1937 ) ;
#6810 = VERTEX_POINT ( 'NONE', #885 ) ;
#6811 = ADVANCED_FACE ( 'NONE', ( #1010 ), #831, .F. ) ;
#6812 = ORIENTED_EDGE ( 'NONE', *, *, #8922, .F. ) ;
#6813 = VERTEX_POINT ( 'NONE', #11466 ) ;
#6814 = DIRECTION ( 'NONE',  ( 1.000000000000000000, 0.000000000000000000, 0.000000000000000000 ) ) ;
#6815 = LINE ( 'NONE', #6689, #11152 ) ;
#6816 = AXIS2_PLACEMENT_3D ( 'NONE', #6522, #4645, #8271 ) ;
#6817 = EDGE_LOOP ( 'NONE', ( #1710, #10683, #8097, #7046 ) ) ;
#6818 = CARTESIAN_POINT ( 'NONE',  ( -5.250000000000000000, 26.20000000000000284, 10.59999999999999964 ) ) ;
#6819 = DIRECTION ( 'NONE',  ( -1.000000000000000000, 0.000000000000000000, 0.000000000000000000 ) ) ;
#6820 = EDGE_CURVE ( 'NONE', #9363, #12216, #4721, .T. ) ;
#6821 = ORIENTED_EDGE ( 'NONE', *, *, #648, .T. ) ;
#6822 = CARTESIAN_POINT ( 'NONE',  ( -5.250000000000000000, 30.30000000000000071, 10.59999999999999964 ) ) ;
#6823 = LINE ( 'NONE', #11559, #3454 ) ;
#6824 = EDGE_CURVE ( 'NONE', #12138, #4587, #11221, .T. ) ;
#6825 = CARTESIAN_POINT ( 'NONE',  ( -2.899999999999999911, 26.20000000000000284, 10.59999999999999964 ) ) ;
#6826 = VECTOR ( 'NONE', #7812, 1000.000000000000000 ) ;
#6827 = ORIENTED_EDGE ( 'NONE', *, *, #6835, .F. ) ;
#6828 = ORIENTED_EDGE ( 'NONE', *, *, #10830, .T. ) ;
#6829 = CARTESIAN_POINT ( 'NONE',  ( -56.50000000000000000, 15.54999999999999893, 2.600000000000000089 ) ) ;
#6830 = ORIENTED_EDGE ( 'NONE', *, *, #4438, .T. ) ;
#6831 = ADVANCED_FACE ( 'NONE', ( #7539 ), #8531, .T. ) ;
#6832 = ORIENTED_EDGE ( 'NONE', *, *, #5558, .T. ) ;
#6833 = CARTESIAN_POINT ( 'NONE',  ( -62.50000000000000000, 20.50000000000000000, 3.350000000000000089 ) ) ;
#6834 = ORIENTED_EDGE ( 'NONE', *, *, #459, .F. ) ;
#6835 = EDGE_CURVE ( 'NONE', #10864, #5416, #8253, .T. ) ;
#6836 = LINE ( 'NONE', #10627, #214 ) ;
#6837 = DIRECTION ( 'NONE',  ( 0.000000000000000000, 0.000000000000000000, -1.000000000000000000 ) ) ;
#6838 = VECTOR ( 'NONE', #3453, 1000.000000000000000 ) ;
#6839 = ADVANCED_FACE ( 'NONE', ( #10278 ), #9464, .F. ) ;
#6840 = LINE ( 'NONE', #8762, #10648 ) ;
#6841 = EDGE_LOOP ( 'NONE', ( #60, #2214, #6812, #6930 ) ) ;
#6842 = VECTOR ( 'NONE', #1329, 1000.000000000000000 ) ;
#6843 = LINE ( 'NONE', #11578, #7333 ) ;
#6844 = EDGE_CURVE ( 'NONE', #1169, #5371, #7603, .T. ) ;
#6845 = ORIENTED_EDGE ( 'NONE', *, *, #2721, .F. ) ;
#6846 = LINE ( 'NONE', #1187, #3619 ) ;
#6847 = CYLINDRICAL_SURFACE ( 'NONE', #7155, 0.2500000000000002220 ) ;
#6848 = CARTESIAN_POINT ( 'NONE',  ( -2.500000000000000000, 7.500000000000000000, 0.000000000000000000 ) ) ;
#6849 = CARTESIAN_POINT ( 'NONE',  ( -52.04999999999999716, 44.94999999999999574, 10.59999999999999964 ) ) ;
#6850 = VECTOR ( 'NONE', #8690, 1000.000000000000000 ) ;
#6851 = AXIS2_PLACEMENT_3D ( 'NONE', #1039, #7813, #1166 ) ;
#6852 = DIRECTION ( 'NONE',  ( 0.000000000000000000, 0.000000000000000000, -1.000000000000000000 ) ) ;
#6853 = PLANE ( 'NONE',  #2094 ) ;
#6854 = CARTESIAN_POINT ( 'NONE',  ( -49.64999999999999858, 0.000000000000000000, 4.599999999999999645 ) ) ;
#6855 = EDGE_CURVE ( 'NONE', #485, #2837, #10520, .T. ) ;
#6856 = ORIENTED_EDGE ( 'NONE', *, *, #6754, .F. ) ;
#6857 = TOROIDAL_SURFACE ( 'NONE', #8443, 0.5000000000000000000, 0.2500000000000000000 ) ;
#6858 = AXIS2_PLACEMENT_3D ( 'NONE', #7112, #8981, #11795 ) ;
#6859 = CARTESIAN_POINT ( 'NONE',  ( -3.750000000000000000, 21.50000000000000000, 9.599999999999999645 ) ) ;
#6860 = VERTEX_POINT ( 'NONE', #5663 ) ;
#6861 = ORIENTED_EDGE ( 'NONE', *, *, #3673, .T. ) ;
#6862 = VERTEX_POINT ( 'NONE', #9587 ) ;
#6863 = CARTESIAN_POINT ( 'NONE',  ( -47.25000000000000000, 48.00000000000000000, 10.59999999999999964 ) ) ;
#6864 = PLANE ( 'NONE',  #3563 ) ;
#6865 = DIRECTION ( 'NONE',  ( 0.000000000000000000, 0.000000000000000000, 1.000000000000000000 ) ) ;
#6866 = CARTESIAN_POINT ( 'NONE',  ( -52.04999999999999716, 48.00000000000000000, 10.59999999999999964 ) ) ;
#6867 = CARTESIAN_POINT ( 'NONE',  ( -75.00000000000000000, 33.59644660940669780, 10.05000000000000071 ) ) ;
#6868 = CIRCLE ( 'NONE', #310, 0.2499999999999997780 ) ;
#6869 = VECTOR ( 'NONE', #9098, 1000.000000000000000 ) ;
#6870 = DIRECTION ( 'NONE',  ( 0.000000000000000000, 0.000000000000000000, 1.000000000000000000 ) ) ;
#6871 = EDGE_LOOP ( 'NONE', ( #3220, #6368, #10796, #7664 ) ) ;
#6872 = LINE ( 'NONE', #6999, #1751 ) ;
#6873 = EDGE_LOOP ( 'NONE', ( #6475, #11547, #11579, #2678 ) ) ;
#6874 = VERTEX_POINT ( 'NONE', #2869 ) ;
#6875 = ORIENTED_EDGE ( 'NONE', *, *, #10187, .F. ) ;
#6876 = FACE_OUTER_BOUND ( 'NONE', #11424, .T. ) ;
#6877 = LINE ( 'NONE', #10670, #54 ) ;
#6878 = EDGE_CURVE ( 'NONE', #5262, #10672, #946, .T. ) ;
#6879 = ORIENTED_EDGE ( 'NONE', *, *, #4545, .T. ) ;
#6880 = CARTESIAN_POINT ( 'NONE',  ( -37.25000000000000000, 51.75000000000000000, 1.600000000000000089 ) ) ;
#6881 = LINE ( 'NONE', #5750, #4239 ) ;
#6882 = PLANE ( 'NONE',  #10025 ) ;
#6883 = EDGE_CURVE ( 'NONE', #764, #5499, #11407, .T. ) ;
#6884 = PLANE ( 'NONE',  #5455 ) ;
#6885 = VERTEX_POINT ( 'NONE', #6540 ) ;
#6886 = ORIENTED_EDGE ( 'NONE', *, *, #6461, .T. ) ;
#6887 = DIRECTION ( 'NONE',  ( 0.000000000000000000, 0.000000000000000000, 1.000000000000000000 ) ) ;
#6888 = VERTEX_POINT ( 'NONE', #4791 ) ;
#6889 = ORIENTED_EDGE ( 'NONE', *, *, #7198, .F. ) ;
#6890 = DIRECTION ( 'NONE',  ( 1.000000000000000000, 0.000000000000000000, 0.000000000000000000 ) ) ;
#6891 = EDGE_LOOP ( 'NONE', ( #5026, #4999, #6383, #5510 ) ) ;
#6892 = LINE ( 'NONE', #8759, #11347 ) ;
#6893 = DIRECTION ( 'NONE',  ( 0.000000000000000000, -1.000000000000000000, 0.000000000000000000 ) ) ;
#6894 = ORIENTED_EDGE ( 'NONE', *, *, #9265, .F. ) ;
#6895 = CARTESIAN_POINT ( 'NONE',  ( -56.50000000000000000, 19.44999999999999929, 2.600000000000000089 ) ) ;
#6896 = EDGE_LOOP ( 'NONE', ( #6985, #1395, #321, #4106 ) ) ;
#6897 = DIRECTION ( 'NONE',  ( 0.000000000000000000, 1.000000000000000000, 0.000000000000000000 ) ) ;
#6898 = ADVANCED_FACE ( 'NONE', ( #10460 ), #11280, .F. ) ;
#6899 = EDGE_LOOP ( 'NONE', ( #4416, #8234, #4081, #1181 ) ) ;
#6900 = ORIENTED_EDGE ( 'NONE', *, *, #10694, .F. ) ;
#6901 = DIRECTION ( 'NONE',  ( 0.000000000000000000, 1.000000000000000000, 0.000000000000000000 ) ) ;
#6902 = DIRECTION ( 'NONE',  ( 1.000000000000000000, 0.000000000000000000, 0.000000000000000000 ) ) ;
#6903 = FACE_OUTER_BOUND ( 'NONE', #10207, .T. ) ;
#6904 = PLANE ( 'NONE',  #10825 ) ;
#6905 = LINE ( 'NONE', #9702, #10641 ) ;
#6906 = CIRCLE ( 'NONE', #10686, 0.2500000000000002220 ) ;
#6907 = EDGE_CURVE ( 'NONE', #1092, #9364, #71, .T. ) ;
#6908 = PLANE ( 'NONE',  #3661 ) ;
#6909 = CARTESIAN_POINT ( 'NONE',  ( -52.75000000000000000, 27.75000000000000000, 3.600000000000000089 ) ) ;
#6910 = ORIENTED_EDGE ( 'NONE', *, *, #3267, .F. ) ;
#6911 = DIRECTION ( 'NONE',  ( 0.000000000000000000, 0.000000000000000000, -1.000000000000000000 ) ) ;
#6912 = ADVANCED_FACE ( 'NONE', ( #5720 ), #1824, .T. ) ;
#6913 = VECTOR ( 'NONE', #2305, 1000.000000000000000 ) ;
#6914 = EDGE_LOOP ( 'NONE', ( #3833, #2070, #247, #11100 ) ) ;
#6915 = ORIENTED_EDGE ( 'NONE', *, *, #1982, .T. ) ;
#6916 = EDGE_CURVE ( 'NONE', #6200, #2472, #8592, .T. ) ;
#6917 = ORIENTED_EDGE ( 'NONE', *, *, #2695, .F. ) ;
#6918 = CARTESIAN_POINT ( 'NONE',  ( -4.250000000000000000, 7.500000000000000000, 1.600000000000000089 ) ) ;
#6919 = DIRECTION ( 'NONE',  ( 0.000000000000000000, 0.000000000000000000, 1.000000000000000000 ) ) ;
#6920 = DIRECTION ( 'NONE',  ( 0.000000000000000000, 0.000000000000000000, -1.000000000000000000 ) ) ;
#6921 = LINE ( 'NONE', #4110, #10343 ) ;
#6922 = DIRECTION ( 'NONE',  ( 0.000000000000000000, 1.000000000000000000, 0.000000000000000000 ) ) ;
#6923 = VECTOR ( 'NONE', #7778, 1000.000000000000000 ) ;
#6924 = DIRECTION ( 'NONE',  ( 0.000000000000000000, 0.000000000000000000, -1.000000000000000000 ) ) ;
#6925 = VERTEX_POINT ( 'NONE', #7660 ) ;
#6926 = CARTESIAN_POINT ( 'NONE',  ( -52.75000000000000000, 26.00000000000000000, 1.850000000000000089 ) ) ;
#6927 = ORIENTED_EDGE ( 'NONE', *, *, #5516, .T. ) ;
#6928 = AXIS2_PLACEMENT_3D ( 'NONE', #10593, #3117, #2880 ) ;
#6929 = EDGE_LOOP ( 'NONE', ( #11243, #6845, #6083, #2844 ) ) ;
#6930 = ORIENTED_EDGE ( 'NONE', *, *, #6672, .T. ) ;
#6931 = PLANE ( 'NONE',  #4759 ) ;
#6932 = LINE ( 'NONE', #8798, #7773 ) ;
#6933 = VECTOR ( 'NONE', #1603, 1000.000000000000000 ) ;
#6934 = VERTEX_POINT ( 'NONE', #6603 ) ;
#6935 = CARTESIAN_POINT ( 'NONE',  ( -32.25000000000000000, 50.75000000000000000, 10.09999999999999964 ) ) ;
#6936 = DIRECTION ( 'NONE',  ( 0.000000000000000000, 0.7071067811865480168, 0.7071067811865470176 ) ) ;
#6937 = FACE_BOUND ( 'NONE', #5193, .T. ) ;
#6938 = CARTESIAN_POINT ( 'NONE',  ( -66.25000000000000000, 41.30000000000000426, 11.29999999999999893 ) ) ;
#6939 = EDGE_CURVE ( 'NONE', #6934, #11805, #10775, .T. ) ;
#6940 = ADVANCED_FACE ( 'NONE', ( #4037 ), #7844, .T. ) ;
#6941 = VECTOR ( 'NONE', #6219, 1000.000000000000000 ) ;
#6942 = CARTESIAN_POINT ( 'NONE',  ( -2.500000000000000000, 2.500000000000000000, 0.000000000000000000 ) ) ;
#6943 = ORIENTED_EDGE ( 'NONE', *, *, #3188, .T. ) ;
#6944 = EDGE_LOOP ( 'NONE', ( #11807, #4514, #7249, #11412 ) ) ;
#6945 = CIRCLE ( 'NONE', #1589, 3.250000000000002665 ) ;
#6946 = ADVANCED_FACE ( 'NONE', ( #2250 ), #11781, .F. ) ;
#6947 = LINE ( 'NONE', #5203, #7275 ) ;
#6948 = EDGE_CURVE ( 'NONE', #3930, #2658, #11654, .T. ) ;
#6949 = EDGE_LOOP ( 'NONE', ( #6448, #384, #10626, #5965 ) ) ;
#6950 = CARTESIAN_POINT ( 'NONE',  ( -4.549999999999999822, 25.50000000000000000, 4.599999999999999645 ) ) ;
#6951 = ORIENTED_EDGE ( 'NONE', *, *, #10857, .F. ) ;
#6952 = ORIENTED_EDGE ( 'NONE', *, *, #9043, .T. ) ;
#6953 = DIRECTION ( 'NONE',  ( 0.000000000000000000, 0.000000000000000000, -1.000000000000000000 ) ) ;
#6954 = DIRECTION ( 'NONE',  ( 0.000000000000000000, -1.000000000000000000, 0.000000000000000000 ) ) ;
#6955 = ADVANCED_FACE ( 'NONE', ( #8837 ), #6853, .T. ) ;
#6956 = VECTOR ( 'NONE', #4407, 1000.000000000000000 ) ;
#6957 = ORIENTED_EDGE ( 'NONE', *, *, #517, .F. ) ;
#6958 = CARTESIAN_POINT ( 'NONE',  ( -52.75000000000000000, 28.25000000000000000, 1.600000000000000089 ) ) ;
#6959 = LINE ( 'NONE', #3397, #8016 ) ;
#6960 = VECTOR ( 'NONE', #12275, 1000.000000000000000 ) ;
#6961 = CIRCLE ( 'NONE', #3164, 1.750000000000001554 ) ;
#6962 = CARTESIAN_POINT ( 'NONE',  ( -52.75000000000000000, 26.00000000000000000, 3.600000000000000089 ) ) ;
#6963 = VECTOR ( 'NONE', #10212, 1000.000000000000000 ) ;
#6964 = ORIENTED_EDGE ( 'NONE', *, *, #12190, .T. ) ;
#6965 = VECTOR ( 'NONE', #3823, 1000.000000000000000 ) ;
#6966 = VECTOR ( 'NONE', #2212, 1000.000000000000000 ) ;
#6967 = LINE ( 'NONE', #8827, #962 ) ;
#6968 = ORIENTED_EDGE ( 'NONE', *, *, #12336, .T. ) ;
#6969 = VERTEX_POINT ( 'NONE', #2126 ) ;
#6970 = DIRECTION ( 'NONE',  ( 0.000000000000000000, 0.000000000000000000, -1.000000000000000000 ) ) ;
#6971 = AXIS2_PLACEMENT_3D ( 'NONE', #2897, #7684, #2835 ) ;
#6972 = FACE_OUTER_BOUND ( 'NONE', #1112, .T. ) ;
#6973 = DIRECTION ( 'NONE',  ( 1.000000000000000000, 0.000000000000000000, 0.000000000000000000 ) ) ;
#6974 = LINE ( 'NONE', #9829, #2674 ) ;
#6975 = EDGE_CURVE ( 'NONE', #1168, #9900, #8896, .T. ) ;
#6976 = VECTOR ( 'NONE', #11765, 1000.000000000000000 ) ;
#6977 = CARTESIAN_POINT ( 'NONE',  ( -13.00000000000000000, 51.75000000000000000, 10.09999999999999964 ) ) ;
#6978 = ADVANCED_FACE ( 'NONE', ( #11712 ), #6908, .F. ) ;
#6979 = FACE_OUTER_BOUND ( 'NONE', #4351, .T. ) ;
#6980 = DIRECTION ( 'NONE',  ( 0.000000000000000000, -1.000000000000000000, 0.000000000000000000 ) ) ;
#6981 = EDGE_LOOP ( 'NONE', ( #10022, #983, #5131, #7118 ) ) ;
#6982 = ORIENTED_EDGE ( 'NONE', *, *, #6948, .F. ) ;
#6983 = DIRECTION ( 'NONE',  ( 0.000000000000000000, 0.000000000000000000, -1.000000000000000000 ) ) ;
#6984 = AXIS2_PLACEMENT_3D ( 'NONE', #1036, #8621, #6570 ) ;
#6985 = ORIENTED_EDGE ( 'NONE', *, *, #8044, .F. ) ;
#6986 = VERTEX_POINT ( 'NONE', #4976 ) ;
#6987 = EDGE_CURVE ( 'NONE', #5548, #10304, #6789, .T. ) ;
#6988 = ORIENTED_EDGE ( 'NONE', *, *, #112, .F. ) ;
#6989 = ADVANCED_FACE ( 'NONE', ( #3974 ), #380, .T. ) ;
#6990 = DIRECTION ( 'NONE',  ( 0.000000000000000000, -1.000000000000000000, 0.000000000000000000 ) ) ;
#6991 = ADVANCED_FACE ( 'NONE', ( #6979 ), #6857, .T. ) ;
#6992 = DIRECTION ( 'NONE',  ( 0.000000000000000000, -1.000000000000000000, 0.000000000000000000 ) ) ;
#6993 = LINE ( 'NONE', #5048, #10614 ) ;
#6994 = CARTESIAN_POINT ( 'NONE',  ( -74.75000000000000000, 32.25000000000000000, 12.34999999999999964 ) ) ;
#6995 = FACE_OUTER_BOUND ( 'NONE', #6447, .T. ) ;
#6996 = EDGE_CURVE ( 'NONE', #9015, #3708, #5097, .T. ) ;
#6997 = FACE_OUTER_BOUND ( 'NONE', #5607, .T. ) ;
#6998 = ORIENTED_EDGE ( 'NONE', *, *, #1123, .T. ) ;
#6999 = CARTESIAN_POINT ( 'NONE',  ( -75.00000000000000000, 44.50000000000000000, 12.34999999999999964 ) ) ;
#7000 = EDGE_LOOP ( 'NONE', ( #11617, #9361, #11447, #294 ) ) ;
#7001 = ORIENTED_EDGE ( 'NONE', *, *, #10256, .F. ) ;
#7002 = ORIENTED_EDGE ( 'NONE', *, *, #6280, .F. ) ;
#7003 = FACE_OUTER_BOUND ( 'NONE', #4116, .T. ) ;
#7004 = CARTESIAN_POINT ( 'NONE',  ( -8.149999999999998579, 1.750000000000000000, 10.09999999999999964 ) ) ;
#7005 = ADVANCED_FACE ( 'NONE', ( #3231 ), #1256, .F. ) ;
#7006 = ORIENTED_EDGE ( 'NONE', *, *, #11595, .T. ) ;
#7007 = CARTESIAN_POINT ( 'NONE',  ( -58.75000000000000000, 44.50000000000000000, 1.600000000000000089 ) ) ;
#7008 = CARTESIAN_POINT ( 'NONE',  ( -29.75000000000000000, 2.750000000000000000, 10.09999999999999964 ) ) ;
#7009 = FACE_OUTER_BOUND ( 'NONE', #9304, .T. ) ;
#7010 = APPLICATION_PROTOCOL_DEFINITION ( 'draft international standard', 'automotive_design', 1998, #4327 ) ;
#7011 = DIRECTION ( 'NONE',  ( 0.000000000000000000, 0.000000000000000000, -1.000000000000000000 ) ) ;
#7012 = DIRECTION ( 'NONE',  ( -1.000000000000000000, 0.000000000000000000, 0.000000000000000000 ) ) ;
#7013 = EDGE_LOOP ( 'NONE', ( #7006, #11503, #5622, #3102 ) ) ;
#7014 = EDGE_LOOP ( 'NONE', ( #529, #3145, #5105, #1001 ) ) ;
#7015 = DIRECTION ( 'NONE',  ( 0.000000000000000000, 1.000000000000000000, 0.000000000000000000 ) ) ;
#7016 = EDGE_LOOP ( 'NONE', ( #4622, #7980, #4123, #50 ) ) ;
#7017 = VECTOR ( 'NONE', #656, 1000.000000000000000 ) ;
#7018 = CARTESIAN_POINT ( 'NONE',  ( -13.00000000000000000, 50.75000000000000000, 10.09999999999999964 ) ) ;
#7019 = ORIENTED_EDGE ( 'NONE', *, *, #5293, .F. ) ;
#7020 = EDGE_CURVE ( 'NONE', #12216, #5834, #4904, .T. ) ;
#7021 = EDGE_LOOP ( 'NONE', ( #3906, #9006, #2234, #3211, #198, #5696, #4942 ) ) ;
#7022 = FACE_OUTER_BOUND ( 'NONE', #1454, .T. ) ;
#7023 = CARTESIAN_POINT ( 'NONE',  ( -7.000000000000000000, 50.75000000000000000, 10.09999999999999964 ) ) ;
#7024 = ORIENTED_EDGE ( 'NONE', *, *, #7369, .T. ) ;
#7025 = CARTESIAN_POINT ( 'NONE',  ( -14.34999999999999964, 2.750000000000000000, 10.09999999999999964 ) ) ;
#7026 = DIRECTION ( 'NONE',  ( 0.000000000000000000, 0.000000000000000000, 1.000000000000000000 ) ) ;
#7027 = AXIS2_PLACEMENT_3D ( 'NONE', #8388, #2548, #11138 ) ;
#7028 = CARTESIAN_POINT ( 'NONE',  ( -43.75000000000000000, 50.75000000000000000, 1.600000000000000089 ) ) ;
#7029 = ORIENTED_EDGE ( 'NONE', *, *, #5905, .T. ) ;
#7030 = FACE_OUTER_BOUND ( 'NONE', #8629, .T. ) ;
#7031 = AXIS2_PLACEMENT_3D ( 'NONE', #3256, #474, #9056 ) ;
#7032 = ORIENTED_EDGE ( 'NONE', *, *, #216, .F. ) ;
#7033 = EDGE_LOOP ( 'NONE', ( #11815, #11802, #10454, #9078 ) ) ;
#7034 = LINE ( 'NONE', #5280, #404 ) ;
#7035 = CARTESIAN_POINT ( 'NONE',  ( -75.00000000000000000, 44.25000000000000000, 12.59999999999999964 ) ) ;
#7036 = EDGE_CURVE ( 'NONE', #5991, #12215, #1381, .T. ) ;
#7037 = CARTESIAN_POINT ( 'NONE',  ( -38.25000000000000000, 2.750000000000000000, 1.600000000000000089 ) ) ;
#7038 = DIRECTION ( 'NONE',  ( 0.000000000000000000, 0.000000000000000000, -1.000000000000000000 ) ) ;
#7039 = DIRECTION ( 'NONE',  ( 0.000000000000000000, 0.000000000000000000, -1.000000000000000000 ) ) ;
#7040 = VECTOR ( 'NONE', #6485, 1000.000000000000000 ) ;
#7041 = ADVANCED_FACE ( 'NONE', ( #9647 ), #254, .F. ) ;
#7042 = DIRECTION ( 'NONE',  ( 0.000000000000000000, 0.000000000000000000, -1.000000000000000000 ) ) ;
#7043 = CARTESIAN_POINT ( 'NONE',  ( -62.25000000000000000, 49.25000000000000000, 3.850000000000000089 ) ) ;
#7044 = VERTEX_POINT ( 'NONE', #7786 ) ;
#7045 = CARTESIAN_POINT ( 'NONE',  ( -32.25000000000000000, 1.750000000000000000, 10.09999999999999964 ) ) ;
#7046 = ORIENTED_EDGE ( 'NONE', *, *, #4535, .T. ) ;
#7047 = CIRCLE ( 'NONE', #8072, 1.750000000000001554 ) ;
#7048 = ORIENTED_EDGE ( 'NONE', *, *, #9014, .F. ) ;
#7049 = AXIS2_PLACEMENT_3D ( 'NONE', #7452, #2719, #3638 ) ;
#7050 = FACE_OUTER_BOUND ( 'NONE', #5042, .T. ) ;
#7051 = LINE ( 'NONE', #7732, #4192 ) ;
#7052 = FACE_OUTER_BOUND ( 'NONE', #12196, .T. ) ;
#7053 = FACE_OUTER_BOUND ( 'NONE', #916, .T. ) ;
#7054 = DIRECTION ( 'NONE',  ( -1.000000000000000000, 0.000000000000000000, 0.000000000000000000 ) ) ;
#7055 = EDGE_LOOP ( 'NONE', ( #7067, #2969, #12245, #6430 ) ) ;
#7056 = CARTESIAN_POINT ( 'NONE',  ( -8.149999999999998579, 1.750000000000000000, 10.09999999999999964 ) ) ;
#7057 = VECTOR ( 'NONE', #8247, 1000.000000000000000 ) ;
#7058 = AXIS2_PLACEMENT_3D ( 'NONE', #4803, #9721, #1209 ) ;
#7059 = DIRECTION ( 'NONE',  ( -0.000000000000000000, 1.000000000000000000, -0.000000000000000000 ) ) ;
#7060 = EDGE_CURVE ( 'NONE', #7991, #3326, #7464, .T. ) ;
#7061 = ORIENTED_EDGE ( 'NONE', *, *, #6275, .T. ) ;
#7062 = ORIENTED_EDGE ( 'NONE', *, *, #9197, .T. ) ;
#7063 = ORIENTED_EDGE ( 'NONE', *, *, #6470, .F. ) ;
#7064 = LINE ( 'NONE', #11803, #10140 ) ;
#7065 = CARTESIAN_POINT ( 'NONE',  ( -24.25000000000000000, 50.00000000000000000, 10.09999999999999964 ) ) ;
#7066 = ADVANCED_FACE ( 'NONE', ( #2374 ), #568, .T. ) ;
#7067 = ORIENTED_EDGE ( 'NONE', *, *, #2574, .F. ) ;
#7068 = PLANE ( 'NONE',  #1015 ) ;
#7069 = DIRECTION ( 'NONE',  ( 0.000000000000000000, 0.000000000000000000, -1.000000000000000000 ) ) ;
#7070 = AXIS2_PLACEMENT_3D ( 'NONE', #11096, #7245, #3366 ) ;
#7071 = VECTOR ( 'NONE', #6852, 1000.000000000000000 ) ;
#7072 = LINE ( 'NONE', #7312, #1793 ) ;
#7073 = DIRECTION ( 'NONE',  ( -0.7071067811865470176, 0.7071067811865480168, 0.000000000000000000 ) ) ;
#7074 = CARTESIAN_POINT ( 'NONE',  ( -74.75000000000000000, 35.30355339059324393, 11.54999999999999893 ) ) ;
#7075 = DIRECTION ( 'NONE',  ( 0.000000000000000000, 0.000000000000000000, -1.000000000000000000 ) ) ;
#7076 = ORIENTED_EDGE ( 'NONE', *, *, #8965, .F. ) ;
#7077 = EDGE_CURVE ( 'NONE', #5586, #1354, #4410, .T. ) ;
#7078 = CARTESIAN_POINT ( 'NONE',  ( -64.50000000000000000, 19.00000000000000000, 2.600000000000000089 ) ) ;
#7079 = VECTOR ( 'NONE', #9893, 1000.000000000000000 ) ;
#7080 = VERTEX_POINT ( 'NONE', #5227 ) ;
#7081 = VECTOR ( 'NONE', #8335, 1000.000000000000000 ) ;
#7082 = CARTESIAN_POINT ( 'NONE',  ( -9.549999999999998934, 1.750000000000000000, 10.09999999999999964 ) ) ;
#7083 = EDGE_LOOP ( 'NONE', ( #11395, #12128, #3842, #7925 ) ) ;
#7084 = VERTEX_POINT ( 'NONE', #9209 ) ;
#7085 = DIRECTION ( 'NONE',  ( 0.000000000000000000, 0.000000000000000000, 1.000000000000000000 ) ) ;
#7086 = DIRECTION ( 'NONE',  ( 0.000000000000000000, 1.000000000000000000, 0.000000000000000000 ) ) ;
#7087 = ORIENTED_EDGE ( 'NONE', *, *, #1244, .F. ) ;
#7088 = CARTESIAN_POINT ( 'NONE',  ( -2.899999999999999911, 30.30000000000000071, 10.59999999999999964 ) ) ;
#7089 = PLANE ( 'NONE',  #1060 ) ;
#7090 = AXIS2_PLACEMENT_3D ( 'NONE', #1775, #6318, #12244 ) ;
#7091 = DIRECTION ( 'NONE',  ( 1.000000000000000000, 0.000000000000000000, 0.000000000000000000 ) ) ;
#7092 = ORIENTED_EDGE ( 'NONE', *, *, #3688, .F. ) ;
#7093 = FACE_OUTER_BOUND ( 'NONE', #7708, .T. ) ;
#7094 = CARTESIAN_POINT ( 'NONE',  ( -59.00000000000000000, 14.75000000000000000, 1.600000000000000089 ) ) ;
#7095 = DIRECTION ( 'NONE',  ( -1.000000000000000000, 0.000000000000000000, 0.000000000000000000 ) ) ;
#7096 = CARTESIAN_POINT ( 'NONE',  ( -59.00000000000000000, 19.44999999999999929, 2.600000000000000089 ) ) ;
#7097 = CARTESIAN_POINT ( 'NONE',  ( -51.75000000000000000, 51.00000000000000000, 0.000000000000000000 ) ) ;
#7098 = CARTESIAN_POINT ( 'NONE',  ( -46.25000000000000000, 45.00000000000000000, 4.599999999999999645 ) ) ;
#7099 = CARTESIAN_POINT ( 'NONE',  ( -34.75000000000000000, 51.75000000000000000, 1.600000000000000089 ) ) ;
#7100 = EDGE_CURVE ( 'NONE', #5488, #9242, #7661, .T. ) ;
#7101 = DIRECTION ( 'NONE',  ( 1.000000000000000000, 0.000000000000000000, 0.000000000000000000 ) ) ;
#7102 = CARTESIAN_POINT ( 'NONE',  ( -27.25000000000000000, 51.75000000000000000, 10.09999999999999964 ) ) ;
#7103 = EDGE_CURVE ( 'NONE', #11153, #6591, #6345, .T. ) ;
#7104 = VERTEX_POINT ( 'NONE', #6225 ) ;
#7105 = ORIENTED_EDGE ( 'NONE', *, *, #4352, .T. ) ;
#7106 = EDGE_LOOP ( 'NONE', ( #1325, #7259, #11086, #2171 ) ) ;
#7107 = ADVANCED_FACE ( 'NONE', ( #8968 ), #5347, .F. ) ;
#7108 = CARTESIAN_POINT ( 'NONE',  ( -34.75000000000000000, 50.75000000000000000, 1.600000000000000089 ) ) ;
#7109 = CARTESIAN_POINT ( 'NONE',  ( -44.75000000000000000, 50.75000000000000000, 1.600000000000000089 ) ) ;
#7110 = DIRECTION ( 'NONE',  ( 0.000000000000000000, 0.000000000000000000, -1.000000000000000000 ) ) ;
#7111 = CARTESIAN_POINT ( 'NONE',  ( -25.00000000000000000, 52.50000000000000000, 10.09999999999999964 ) ) ;
#7112 = CARTESIAN_POINT ( 'NONE',  ( -12.00000000000000000, 50.75000000000000000, 10.09999999999999964 ) ) ;
#7113 = DIRECTION ( 'NONE',  ( 0.000000000000000000, 0.000000000000000000, -1.000000000000000000 ) ) ;
#7114 = AXIS2_PLACEMENT_3D ( 'NONE', #8047, #11799, #4115 ) ;
#7115 = CARTESIAN_POINT ( 'NONE',  ( -52.75000000000000711, 9.000000000000000000, 6.349999999999999645 ) ) ;
#7116 = ORIENTED_EDGE ( 'NONE', *, *, #8322, .T. ) ;
#7117 = EDGE_CURVE ( 'NONE', #354, #1617, #448, .T. ) ;
#7118 = ORIENTED_EDGE ( 'NONE', *, *, #4950, .T. ) ;
#7119 = VERTEX_POINT ( 'NONE', #3531 ) ;
#7120 = DIRECTION ( 'NONE',  ( 1.000000000000000000, 0.000000000000000000, 0.000000000000000000 ) ) ;
#7121 = CARTESIAN_POINT ( 'NONE',  ( -74.75000000000000000, 41.00000000000000000, 5.549999999999999822 ) ) ;
#7122 = CARTESIAN_POINT ( 'NONE',  ( -39.75000000000000000, 50.75000000000000000, 1.600000000000000089 ) ) ;
#7123 = LINE ( 'NONE', #8363, #7186 ) ;
#7124 = CARTESIAN_POINT ( 'NONE',  ( -64.50000000000000000, 16.00000000000000000, 1.600000000000000089 ) ) ;
#7125 = ADVANCED_FACE ( 'NONE', ( #1566 ), #6164, .F. ) ;
#7126 = CARTESIAN_POINT ( 'NONE',  ( -33.25000000000000000, 2.750000000000000000, 10.09999999999999964 ) ) ;
#7127 = CARTESIAN_POINT ( 'NONE',  ( -47.95000000000000284, 0.000000000000000000, 4.599999999999999645 ) ) ;
#7128 = AXIS2_PLACEMENT_3D ( 'NONE', #9966, #12089, #12031 ) ;
#7129 = PLANE ( 'NONE',  #2873 ) ;
#7130 = ORIENTED_EDGE ( 'NONE', *, *, #2268, .F. ) ;
#7131 = CARTESIAN_POINT ( 'NONE',  ( -74.75000000000000000, 33.70000000000000284, 9.696446609406731199 ) ) ;
#7132 = EDGE_LOOP ( 'NONE', ( #12271, #9868, #2187, #7389 ) ) ;
#7133 = LINE ( 'NONE', #9993, #3478 ) ;
#7134 = ORIENTED_EDGE ( 'NONE', *, *, #12, .F. ) ;
#7135 = EDGE_CURVE ( 'NONE', #1761, #11023, #8030, .T. ) ;
#7137 = AXIS2_PLACEMENT_3D ( 'NONE', #6152, #8021, #6278 ) ;
#7136 = PLANE ( 'NONE',  #1579 ) ;
#7138 = VERTEX_POINT ( 'NONE', #6288 ) ;
#7139 = ORIENTED_EDGE ( 'NONE', *, *, #9355, .F. ) ;
#7140 = CARTESIAN_POINT ( 'NONE',  ( -58.75000000000000000, 32.00000000000000000, 12.34999999999999964 ) ) ;
#7141 = LINE ( 'NONE', #2420, #8559 ) ;
#7142 = ORIENTED_EDGE ( 'NONE', *, *, #6217, .F. ) ;
#7143 = EDGE_CURVE ( 'NONE', #1361, #9856, #9149, .T. ) ;
#7144 = DIRECTION ( 'NONE',  ( 0.000000000000000000, 1.000000000000000000, 0.000000000000000000 ) ) ;
#7145 = DIRECTION ( 'NONE',  ( 0.000000000000000000, 0.000000000000000000, -1.000000000000000000 ) ) ;
#7146 = EDGE_CURVE ( 'NONE', #12049, #10864, #6868, .T. ) ;
#7147 = ORIENTED_EDGE ( 'NONE', *, *, #9560, .F. ) ;
#7148 = VECTOR ( 'NONE', #6990, 1000.000000000000000 ) ;
#7149 = ADVANCED_FACE ( 'NONE', ( #7349 ), #9088, .T. ) ;
#7150 = CIRCLE ( 'NONE', #11116, 2.750000000000002665 ) ;
#7151 = CARTESIAN_POINT ( 'NONE',  ( -4.500000000000000000, 50.75000000000000000, 10.09999999999999964 ) ) ;
#7152 = EDGE_CURVE ( 'NONE', #5054, #3358, #2553, .T. ) ;
#7153 = EDGE_LOOP ( 'NONE', ( #5760, #2938, #9376, #12090 ) ) ;
#7154 = DIRECTION ( 'NONE',  ( 0.000000000000000000, 1.000000000000000000, 0.000000000000000000 ) ) ;
#7155 = AXIS2_PLACEMENT_3D ( 'NONE', #2120, #10514, #7838 ) ;
#7156 = CARTESIAN_POINT ( 'NONE',  ( -33.75000000000000000, 51.75000000000000000, 1.600000000000000089 ) ) ;
#7157 = VECTOR ( 'NONE', #3213, 999.9999999999998863 ) ;
#7158 = CARTESIAN_POINT ( 'NONE',  ( -2.500000000000000000, 0.000000000000000000, 1.600000000000000089 ) ) ;
#7159 = CARTESIAN_POINT ( 'NONE',  ( -75.00000000000000000, 40.75000000000000000, 5.799999999999999822 ) ) ;
#7160 = EDGE_CURVE ( 'NONE', #3282, #10404, #10018, .T. ) ;
#7161 = CARTESIAN_POINT ( 'NONE',  ( -30.75000000000000000, 2.750000000000000000, 10.09999999999999964 ) ) ;
#7162 = DIRECTION ( 'NONE',  ( 0.000000000000000000, 0.000000000000000000, -1.000000000000000000 ) ) ;
#7163 = DIRECTION ( 'NONE',  ( 0.000000000000000000, 1.000000000000000000, 0.000000000000000000 ) ) ;
#7164 = VECTOR ( 'NONE', #12326, 1000.000000000000000 ) ;
#7165 = AXIS2_PLACEMENT_3D ( 'NONE', #9160, #2384, #3540 ) ;
#7166 = VECTOR ( 'NONE', #7669, 1000.000000000000000 ) ;
#7167 = LINE ( 'NONE', #4290, #11647 ) ;
#7168 = DIRECTION ( 'NONE',  ( 0.000000000000000000, 1.000000000000000000, 0.000000000000000000 ) ) ;
#7169 = ORIENTED_EDGE ( 'NONE', *, *, #9000, .T. ) ;
#7170 = VECTOR ( 'NONE', #2566, 1000.000000000000000 ) ;
#7171 = ORIENTED_EDGE ( 'NONE', *, *, #7519, .T. ) ;
#7172 = EDGE_LOOP ( 'NONE', ( #12232, #2770, #5391, #9798 ) ) ;
#7173 = EDGE_CURVE ( 'NONE', #3476, #11985, #10201, .T. ) ;
#7174 = AXIS2_PLACEMENT_3D ( 'NONE', #4754, #8564, #8624 ) ;
#7175 = EDGE_CURVE ( 'NONE', #2087, #4678, #7167, .T. ) ;
#7176 = AXIS2_PLACEMENT_3D ( 'NONE', #11637, #490, #6017 ) ;
#7177 = PLANE ( 'NONE',  #11316 ) ;
#7178 = DIRECTION ( 'NONE',  ( 1.000000000000000000, 0.000000000000000000, 0.000000000000000000 ) ) ;
#7179 = CARTESIAN_POINT ( 'NONE',  ( -66.10355339059327662, 33.80355339059327235, 3.299999999999999822 ) ) ;
#7180 = DIRECTION ( 'NONE',  ( 0.7071067811865470176, 0.7071067811865480168, 0.000000000000000000 ) ) ;
#7181 = EDGE_CURVE ( 'NONE', #3584, #4101, #8157, .T. ) ;
#7182 = DIRECTION ( 'NONE',  ( 0.000000000000000000, 0.000000000000000000, -1.000000000000000000 ) ) ;
#7183 = AXIS2_PLACEMENT_3D ( 'NONE', #6324, #3696, #1607 ) ;
#7184 = LINE ( 'NONE', #6362, #710 ) ;
#7185 = EDGE_CURVE ( 'NONE', #5840, #4593, #933, .T. ) ;
#7186 = VECTOR ( 'NONE', #5375, 1000.000000000000000 ) ;
#7187 = CARTESIAN_POINT ( 'NONE',  ( -51.00000000000000000, 50.00000000000000000, 10.09999999999999964 ) ) ;
#7188 = ORIENTED_EDGE ( 'NONE', *, *, #12322, .F. ) ;
#7189 = ORIENTED_EDGE ( 'NONE', *, *, #3762, .T. ) ;
#7190 = ORIENTED_EDGE ( 'NONE', *, *, #9152, .F. ) ;
#7191 = CARTESIAN_POINT ( 'NONE',  ( -75.00000000000000000, 41.47677669529665678, 11.47677669529663902 ) ) ;
#7192 = CARTESIAN_POINT ( 'NONE',  ( -71.00000000000000000, 12.50000000000000000, 12.59999999999999964 ) ) ;
#7193 = VERTEX_POINT ( 'NONE', #11268 ) ;
#7194 = CARTESIAN_POINT ( 'NONE',  ( -47.95000000000000284, 45.65000000000000568, 10.59999999999999964 ) ) ;
#7195 = CARTESIAN_POINT ( 'NONE',  ( -15.50000000000000000, 51.75000000000000000, 10.09999999999999964 ) ) ;
#7196 = CARTESIAN_POINT ( 'NONE',  ( -75.00000000000000000, 33.95000000000000284, 3.050000000000000266 ) ) ;
#7197 = DIRECTION ( 'NONE',  ( 0.000000000000000000, 0.000000000000000000, -1.000000000000000000 ) ) ;
#7198 = EDGE_CURVE ( 'NONE', #1847, #5041, #11392, .T. ) ;
#7199 = DIRECTION ( 'NONE',  ( -1.000000000000000000, 0.000000000000000000, 0.000000000000000000 ) ) ;
#7200 = ORIENTED_EDGE ( 'NONE', *, *, #7516, .T. ) ;
#7201 = ADVANCED_FACE ( 'NONE', ( #10325 ), #7524, .F. ) ;
#7202 = LINE ( 'NONE', #12062, #2535 ) ;
#7203 = VERTEX_POINT ( 'NONE', #8456 ) ;
#7204 = CARTESIAN_POINT ( 'NONE',  ( -17.00000000000000000, 51.75000000000000000, 10.09999999999999964 ) ) ;
#7205 = VERTEX_POINT ( 'NONE', #8392 ) ;
#7206 = ORIENTED_EDGE ( 'NONE', *, *, #5112, .F. ) ;
#7207 = DIRECTION ( 'NONE',  ( 0.000000000000000000, 0.000000000000000000, 1.000000000000000000 ) ) ;
#7208 = DIRECTION ( 'NONE',  ( 0.000000000000000000, 0.000000000000000000, 1.000000000000000000 ) ) ;
#7209 = EDGE_CURVE ( 'NONE', #8052, #4269, #3654, .T. ) ;
#7210 = EDGE_CURVE ( 'NONE', #217, #3239, #7466, .T. ) ;
#7211 = VERTEX_POINT ( 'NONE', #2801 ) ;
#7212 = DIRECTION ( 'NONE',  ( 0.000000000000000000, 1.000000000000000000, 0.000000000000000000 ) ) ;
#7213 = CARTESIAN_POINT ( 'NONE',  ( -52.04999999999999716, 47.30000000000000426, 10.59999999999999964 ) ) ;
#7214 = EDGE_LOOP ( 'NONE', ( #4960, #5947, #3166, #8231 ) ) ;
#7215 = DIRECTION ( 'NONE',  ( 1.000000000000000000, 0.000000000000000000, 0.000000000000000000 ) ) ;
#7216 = CARTESIAN_POINT ( 'NONE',  ( -2.899999999999999911, 25.50000000000000000, 10.59999999999999964 ) ) ;
#7217 = VECTOR ( 'NONE', #469, 1000.000000000000000 ) ;
#7218 = EDGE_CURVE ( 'NONE', #2496, #136, #4075, .T. ) ;
#7219 = ORIENTED_EDGE ( 'NONE', *, *, #2002, .T. ) ;
#7220 = CARTESIAN_POINT ( 'NONE',  ( -5.250000000000000000, 32.00000000000000000, 1.600000000000000089 ) ) ;
#7221 = EDGE_CURVE ( 'NONE', #3085, #9950, #8516, .T. ) ;
#7222 = LINE ( 'NONE', #9955, #12152 ) ;
#7223 = PLANE ( 'NONE',  #1214 ) ;
#7224 = CARTESIAN_POINT ( 'NONE',  ( -19.00000000000000000, 1.000000000000000000, 10.09999999999999964 ) ) ;
#7225 = VECTOR ( 'NONE', #12266, 1000.000000000000000 ) ;
#7226 = EDGE_CURVE ( 'NONE', #3012, #11588, #7647, .T. ) ;
#7227 = DIRECTION ( 'NONE',  ( 0.000000000000000000, 0.000000000000000000, -1.000000000000000000 ) ) ;
#7228 = CARTESIAN_POINT ( 'NONE',  ( -66.00000000000000000, 35.50000000000000000, 5.549999999999999822 ) ) ;
#7229 = DIRECTION ( 'NONE',  ( 0.000000000000000000, 0.000000000000000000, -1.000000000000000000 ) ) ;
#7230 = DIRECTION ( 'NONE',  ( 0.000000000000000000, 0.000000000000000000, -1.000000000000000000 ) ) ;
#7231 = ORIENTED_EDGE ( 'NONE', *, *, #3172, .F. ) ;
#7232 = VECTOR ( 'NONE', #10168, 1000.000000000000000 ) ;
#7233 = EDGE_CURVE ( 'NONE', #8303, #10037, #12330, .T. ) ;
#7234 = DIRECTION ( 'NONE',  ( 0.000000000000000000, 0.000000000000000000, -1.000000000000000000 ) ) ;
#7235 = ORIENTED_EDGE ( 'NONE', *, *, #8266, .F. ) ;
#7236 = ORIENTED_EDGE ( 'NONE', *, *, #1817, .F. ) ;
#7237 = ORIENTED_EDGE ( 'NONE', *, *, #6616, .F. ) ;
#7238 = ORIENTED_EDGE ( 'NONE', *, *, #11403, .F. ) ;
#7239 = CARTESIAN_POINT ( 'NONE',  ( -4.500000000000000000, 51.75000000000000000, 10.09999999999999964 ) ) ;
#7240 = DIRECTION ( 'NONE',  ( 0.000000000000000000, 0.000000000000000000, -1.000000000000000000 ) ) ;
#7241 = DIRECTION ( 'NONE',  ( 0.000000000000000000, -1.000000000000000000, 0.000000000000000000 ) ) ;
#7242 = VECTOR ( 'NONE', #6677, 1000.000000000000000 ) ;
#7243 = LINE ( 'NONE', #8908, #10751 ) ;
#7244 = CARTESIAN_POINT ( 'NONE',  ( -56.75000000000000000, 2.500000000000000000, 1.600000000000000089 ) ) ;
#7245 = DIRECTION ( 'NONE',  ( -1.000000000000000000, 0.000000000000000000, 0.000000000000000000 ) ) ;
#7246 = DIRECTION ( 'NONE',  ( 0.000000000000000000, 0.000000000000000000, -1.000000000000000000 ) ) ;
#7247 = ORIENTED_EDGE ( 'NONE', *, *, #8770, .T. ) ;
#7248 = AXIS2_PLACEMENT_3D ( 'NONE', #12012, #3170, #554 ) ;
#7249 = ORIENTED_EDGE ( 'NONE', *, *, #11376, .T. ) ;
#7250 = ORIENTED_EDGE ( 'NONE', *, *, #5689, .T. ) ;
#7251 = CARTESIAN_POINT ( 'NONE',  ( -2.500000000000000000, 36.00000000000000000, 1.600000000000000089 ) ) ;
#7252 = CARTESIAN_POINT ( 'NONE',  ( -64.50000000000000000, 16.00000000000000000, 2.600000000000000089 ) ) ;
#7253 = VERTEX_POINT ( 'NONE', #3716 ) ;
#7254 = CARTESIAN_POINT ( 'NONE',  ( -5.250000000000000000, 31.00000000000000000, 10.59999999999999964 ) ) ;
#7255 = LINE ( 'NONE', #5314, #5559 ) ;
#7256 = CARTESIAN_POINT ( 'NONE',  ( 0.000000000000000000, 48.00000000000000000, 4.599999999999999645 ) ) ;
#7257 = VECTOR ( 'NONE', #10360, 1000.000000000000000 ) ;
#7258 = CARTESIAN_POINT ( 'NONE',  ( -58.75000000000000000, 44.50000000000000000, 12.59999999999999964 ) ) ;
#7259 = ORIENTED_EDGE ( 'NONE', *, *, #9126, .F. ) ;
#7260 = CARTESIAN_POINT ( 'NONE',  ( -14.34999999999999964, 2.750000000000000000, 10.09999999999999964 ) ) ;
#7261 = EDGE_LOOP ( 'NONE', ( #1916, #7319, #5713, #7930, #10938, #4229, #671, #6130, #4228, #10311, #3799, #3630, #17, #3181, #12070, #4245, #234, #4349, #2328, #8679 ) ) ;
#7262 = FACE_OUTER_BOUND ( 'NONE', #6687, .T. ) ;
#7263 = EDGE_CURVE ( 'NONE', #8136, #6562, #8337, .T. ) ;
#7264 = ORIENTED_EDGE ( 'NONE', *, *, #9237, .T. ) ;
#7265 = VECTOR ( 'NONE', #649, 1000.000000000000000 ) ;
#7266 = ORIENTED_EDGE ( 'NONE', *, *, #5084, .F. ) ;
#7267 = DIRECTION ( 'NONE',  ( 0.000000000000000000, 0.000000000000000000, -1.000000000000000000 ) ) ;
#7268 = VECTOR ( 'NONE', #1705, 1000.000000000000000 ) ;
#7269 = LINE ( 'NONE', #5569, #9759 ) ;
#7270 = ORIENTED_EDGE ( 'NONE', *, *, #10991, .T. ) ;
#7271 = FACE_OUTER_BOUND ( 'NONE', #11047, .T. ) ;
#7272 = LINE ( 'NONE', #6395, #5028 ) ;
#7273 = EDGE_CURVE ( 'NONE', #7444, #2241, #8660, .T. ) ;
#7274 = FACE_OUTER_BOUND ( 'NONE', #6871, .T. ) ;
#7275 = VECTOR ( 'NONE', #481, 1000.000000000000000 ) ;
#7276 = CARTESIAN_POINT ( 'NONE',  ( -7.150000000000000355, 1.750000000000000000, 10.09999999999999964 ) ) ;
#7277 = VECTOR ( 'NONE', #2842, 1000.000000000000000 ) ;
#7278 = ORIENTED_EDGE ( 'NONE', *, *, #2684, .F. ) ;
#7279 = CARTESIAN_POINT ( 'NONE',  ( -11.95000000000000107, 1.750000000000000000, 10.09999999999999964 ) ) ;
#7280 = CARTESIAN_POINT ( 'NONE',  ( -50.35000000000000142, 44.94999999999999574, 10.59999999999999964 ) ) ;
#7281 = ADVANCED_FACE ( 'NONE', ( #11324 ), #6590, .F. ) ;
#7282 = CARTESIAN_POINT ( 'NONE',  ( -15.35000000000000142, 2.750000000000000000, 1.600000000000000089 ) ) ;
#7283 = LINE ( 'NONE', #7965, #5223 ) ;
#7284 = CARTESIAN_POINT ( 'NONE',  ( -67.50000000000000000, 8.000000000000000000, 7.599999999999999645 ) ) ;
#7285 = DIRECTION ( 'NONE',  ( 0.7071067811865450192, -0.7071067811865500152, 0.000000000000000000 ) ) ;
#7286 = CARTESIAN_POINT ( 'NONE',  ( -53.75000000000000000, 48.00000000000000000, 4.599999999999999645 ) ) ;
#7287 = DIRECTION ( 'NONE',  ( 0.000000000000000000, 0.000000000000000000, 1.000000000000000000 ) ) ;
#7288 = VERTEX_POINT ( 'NONE', #9508 ) ;
#7289 = ADVANCED_FACE ( 'NONE', ( #1692 ), #1745, .T. ) ;
#7290 = FACE_OUTER_BOUND ( 'NONE', #7402, .T. ) ;
#7291 = ORIENTED_EDGE ( 'NONE', *, *, #10264, .T. ) ;
#7292 = EDGE_LOOP ( 'NONE', ( #9824, #7935, #10163, #1779 ) ) ;
#7293 = ORIENTED_EDGE ( 'NONE', *, *, #8458, .T. ) ;
#7294 = ORIENTED_EDGE ( 'NONE', *, *, #12015, .F. ) ;
#7295 = CARTESIAN_POINT ( 'NONE',  ( -2.500000000000000000, 36.00000000000000000, 1.600000000000000089 ) ) ;
#7296 = CARTESIAN_POINT ( 'NONE',  ( -52.75000000000000000, 49.00000000000000000, 4.599999999999999645 ) ) ;
#7297 = CARTESIAN_POINT ( 'NONE',  ( -2.500000000000000000, 7.500000000000000000, 1.600000000000000089 ) ) ;
#7298 = LINE ( 'NONE', #7535, #11540 ) ;
#7299 = DIRECTION ( 'NONE',  ( 0.000000000000000000, 0.000000000000000000, 1.000000000000000000 ) ) ;
#7300 = EDGE_CURVE ( 'NONE', #5790, #7429, #3084, .T. ) ;
#7301 = CARTESIAN_POINT ( 'NONE',  ( -15.50000000000000000, 51.75000000000000000, 1.600000000000000089 ) ) ;
#7302 = ADVANCED_FACE ( 'NONE', ( #4592 ), #12156, .F. ) ;
#7303 = CARTESIAN_POINT ( 'NONE',  ( 0.000000000000000000, 0.000000000000000000, 10.59999999999999964 ) ) ;
#7304 = VERTEX_POINT ( 'NONE', #6474 ) ;
#7305 = EDGE_LOOP ( 'NONE', ( #4345, #8076, #5114, #5918 ) ) ;
#7306 = EDGE_LOOP ( 'NONE', ( #1681, #7236 ) ) ;
#7307 = CARTESIAN_POINT ( 'NONE',  ( -8.000000000000000000, 51.75000000000000000, 10.09999999999999964 ) ) ;
#7308 = LINE ( 'NONE', #7252, #10189 ) ;
#7309 = FACE_OUTER_BOUND ( 'NONE', #6841, .T. ) ;
#7310 = CARTESIAN_POINT ( 'NONE',  ( -4.549999999999999822, 31.00000000000000000, 10.59999999999999964 ) ) ;
#7311 = CARTESIAN_POINT ( 'NONE',  ( -74.75000000000000000, 41.00000000000000000, 8.550000000000000711 ) ) ;
#7312 = CARTESIAN_POINT ( 'NONE',  ( -28.25000000000000000, 1.750000000000000000, 1.600000000000000089 ) ) ;
#7313 = DIRECTION ( 'NONE',  ( 0.000000000000000000, 0.000000000000000000, -1.000000000000000000 ) ) ;
#7314 = ORIENTED_EDGE ( 'NONE', *, *, #863, .T. ) ;
#7315 = CIRCLE ( 'NONE', #11494, 0.5000000000000004441 ) ;
#7316 = DIRECTION ( 'NONE',  ( 1.000000000000000000, 0.000000000000000000, 0.000000000000000000 ) ) ;
#7317 = ORIENTED_EDGE ( 'NONE', *, *, #2539, .F. ) ;
#7318 = CARTESIAN_POINT ( 'NONE',  ( -59.00000000000000000, 52.50000000000000000, 3.850000000000000089 ) ) ;
#7319 = ORIENTED_EDGE ( 'NONE', *, *, #11589, .F. ) ;
#7320 = VERTEX_POINT ( 'NONE', #10265 ) ;
#7321 = ORIENTED_EDGE ( 'NONE', *, *, #2423, .T. ) ;
#7322 = PLANE ( 'NONE',  #8933 ) ;
#7323 = CARTESIAN_POINT ( 'NONE',  ( -74.75000000000000000, 41.00000000000000000, 8.550000000000000711 ) ) ;
#7324 = CIRCLE ( 'NONE', #11500, 1.500000000000001332 ) ;
#7325 = VERTEX_POINT ( 'NONE', #5528 ) ;
#7326 = EDGE_CURVE ( 'NONE', #11482, #6117, #9323, .T. ) ;
#7327 = LINE ( 'NONE', #11065, #11146 ) ;
#7328 = CARTESIAN_POINT ( 'NONE',  ( -66.18280972448383181, 35.17428739474389232, 11.27428739474391683 ) ) ;
#7329 = EDGE_CURVE ( 'NONE', #1740, #7510, #1353, .T. ) ;
#7330 = LINE ( 'NONE', #2778, #9627 ) ;
#7331 = ADVANCED_FACE ( 'NONE', ( #9931 ), #5132, .F. ) ;
#7332 = DIRECTION ( 'NONE',  ( 0.000000000000000000, 1.000000000000000000, 0.000000000000000000 ) ) ;
#7333 = VECTOR ( 'NONE', #3961, 1000.000000000000000 ) ;
#7334 = ORIENTED_EDGE ( 'NONE', *, *, #1058, .F. ) ;
#7335 = EDGE_CURVE ( 'NONE', #11847, #7387, #3327, .T. ) ;
#7336 = DIRECTION ( 'NONE',  ( 0.000000000000000000, 0.000000000000000000, -1.000000000000000000 ) ) ;
#7337 =( BOUNDED_CURVE ( )  B_SPLINE_CURVE ( 3, ( #1923, #9757, #8698, #8821 ),
 .UNSPECIFIED., .F., .F. ) 
 B_SPLINE_CURVE_WITH_KNOTS ( ( 4, 4 ),
 ( 1.570796326794896558, 2.356194490192445201 ),
 .UNSPECIFIED. ) 
 CURVE ( )  GEOMETRIC_REPRESENTATION_ITEM ( )  RATIONAL_B_SPLINE_CURVE ( ( 1.000000000000000000, 0.9492530216741782434, 0.9492530216741782434, 1.000000000000000000 ) ) 
 REPRESENTATION_ITEM ( '' )  );
#7338 = CARTESIAN_POINT ( 'NONE',  ( -68.50000000000000000, 32.25000000000000000, 1.600000000000000089 ) ) ;
#7339 = VECTOR ( 'NONE', #2014, 1000.000000000000000 ) ;
#7340 = VERTEX_POINT ( 'NONE', #10748 ) ;
#7341 = DIRECTION ( 'NONE',  ( 0.000000000000000000, 0.000000000000000000, 1.000000000000000000 ) ) ;
#7342 = LINE ( 'NONE', #2729, #8799 ) ;
#7343 = VECTOR ( 'NONE', #6670, 1000.000000000000000 ) ;
#7344 = CYLINDRICAL_SURFACE ( 'NONE', #5164, 4.500000000000000000 ) ;
#7345 = DIRECTION ( 'NONE',  ( -1.000000000000000000, 4.625929269271489858E-16, 0.000000000000000000 ) ) ;
#7346 = CARTESIAN_POINT ( 'NONE',  ( -4.549999999999999822, 28.60000000000000142, 10.59999999999999964 ) ) ;
#7347 = ADVANCED_FACE ( 'NONE', ( #10934 ), #4133, .F. ) ;
#7348 = VECTOR ( 'NONE', #9583, 1000.000000000000000 ) ;
#7349 = FACE_OUTER_BOUND ( 'NONE', #2139, .T. ) ;
#7350 = EDGE_LOOP ( 'NONE', ( #6086, #2240, #638, #434 ) ) ;
#7351 = VECTOR ( 'NONE', #8077, 1000.000000000000000 ) ;
#7352 = DIRECTION ( 'NONE',  ( 0.000000000000000000, 0.000000000000000000, 1.000000000000000000 ) ) ;
#7353 = VERTEX_POINT ( 'NONE', #7940 ) ;
#7354 = EDGE_LOOP ( 'NONE', ( #10420, #1263, #6637, #120 ) ) ;
#7355 = VERTEX_POINT ( 'NONE', #6134 ) ;
#7356 = EDGE_CURVE ( 'NONE', #12011, #4667, #2226, .T. ) ;
#7357 = AXIS2_PLACEMENT_3D ( 'NONE', #10263, #689, #813 ) ;
#7358 = CARTESIAN_POINT ( 'NONE',  ( -4.000000000000000000, 53.50000000000000000, 0.000000000000000000 ) ) ;
#7359 = EDGE_CURVE ( 'NONE', #8970, #7949, #9867, .T. ) ;
#7360 = CARTESIAN_POINT ( 'NONE',  ( -2.500000000000000000, 36.00000000000000000, 1.600000000000000089 ) ) ;
#7361 = DIRECTION ( 'NONE',  ( -1.000000000000000000, 0.000000000000000000, 0.000000000000000000 ) ) ;
#7362 = AXIS2_PLACEMENT_3D ( 'NONE', #5553, #11475, #2700 ) ;
#7363 = PLANE ( 'NONE',  #11342 ) ;
#7364 = AXIS2_PLACEMENT_3D ( 'NONE', #3004, #561, #4855 ) ;
#7365 = DIRECTION ( 'NONE',  ( 1.000000000000000000, 0.000000000000000000, 0.000000000000000000 ) ) ;
#7366 = CARTESIAN_POINT ( 'NONE',  ( -19.50000000000000000, 51.75000000000000000, 10.09999999999999964 ) ) ;
#7367 = AXIS2_PLACEMENT_3D ( 'NONE', #6994, #268, #4859 ) ;
#7368 = LINE ( 'NONE', #11167, #567 ) ;
#7369 = EDGE_CURVE ( 'NONE', #4278, #10363, #6272, .T. ) ;
#7370 = ORIENTED_EDGE ( 'NONE', *, *, #3311, .T. ) ;
#7371 = EDGE_CURVE ( 'NONE', #1889, #2889, #8874, .T. ) ;
#7372 = VECTOR ( 'NONE', #3939, 1000.000000000000000 ) ;
#7373 = VECTOR ( 'NONE', #8089, 1000.000000000000000 ) ;
#7374 = EDGE_LOOP ( 'NONE', ( #7456, #5856, #7487, #11244 ) ) ;
#7375 = EDGE_CURVE ( 'NONE', #4678, #10421, #4263, .T. ) ;
#7376 = ORIENTED_EDGE ( 'NONE', *, *, #7703, .F. ) ;
#7377 = DIRECTION ( 'NONE',  ( 1.000000000000000000, 0.000000000000000000, 0.000000000000000000 ) ) ;
#7378 = DIRECTION ( 'NONE',  ( -1.000000000000000000, 0.000000000000000000, 0.000000000000000000 ) ) ;
#7379 = DIRECTION ( 'NONE',  ( 0.000000000000000000, 0.000000000000000000, 1.000000000000000000 ) ) ;
#7380 = DIRECTION ( 'NONE',  ( 0.000000000000000000, 0.000000000000000000, -1.000000000000000000 ) ) ;
#7381 = CARTESIAN_POINT ( 'NONE',  ( -33.25000000000000000, 1.750000000000000000, 10.09999999999999964 ) ) ;
#7382 = EDGE_CURVE ( 'NONE', #4332, #3215, #350, .T. ) ;
#7383 = DIRECTION ( 'NONE',  ( 0.000000000000000000, 0.000000000000000000, -1.000000000000000000 ) ) ;
#7384 = AXIS2_PLACEMENT_3D ( 'NONE', #4140, #9753, #2233 ) ;
#7385 = CARTESIAN_POINT ( 'NONE',  ( -23.25000000000000000, 2.750000000000000000, 1.600000000000000089 ) ) ;
#7386 = CARTESIAN_POINT ( 'NONE',  ( -65.50000000000000000, 46.00000000000000000, 3.850000000000000089 ) ) ;
#7387 = VERTEX_POINT ( 'NONE', #5012 ) ;
#7388 = DIRECTION ( 'NONE',  ( 0.000000000000000000, -1.000000000000000000, 0.000000000000000000 ) ) ;
#7389 = ORIENTED_EDGE ( 'NONE', *, *, #62, .T. ) ;
#7390 = ADVANCED_FACE ( 'NONE', ( #10810 ), #421, .F. ) ;
#7391 = ORIENTED_EDGE ( 'NONE', *, *, #6729, .F. ) ;
#7392 = ORIENTED_EDGE ( 'NONE', *, *, #4765, .T. ) ;
#7393 = FACE_OUTER_BOUND ( 'NONE', #1219, .T. ) ;
#7394 = DIRECTION ( 'NONE',  ( 0.000000000000000000, 0.7071067811865480168, 0.7071067811865470176 ) ) ;
#7395 = AXIS2_PLACEMENT_3D ( 'NONE', #66, #6662, #7533 ) ;
#7396 = ORIENTED_EDGE ( 'NONE', *, *, #46, .F. ) ;
#7397 = CARTESIAN_POINT ( 'NONE',  ( -58.50000000000000000, 32.25000000000000000, 12.59999999999999964 ) ) ;
#7398 = CARTESIAN_POINT ( 'NONE',  ( -3.500000000000000000, 3.500000000000000000, 1.600000000000000089 ) ) ;
#7399 = CARTESIAN_POINT ( 'NONE',  ( -62.50000000000000000, 20.50000000000000000, 3.350000000000000089 ) ) ;
#7400 = LINE ( 'NONE', #8263, #11830 ) ;
#7401 = ADVANCED_FACE ( 'NONE', ( #2288 ), #4316, .F. ) ;
#7402 = EDGE_LOOP ( 'NONE', ( #3644, #7981, #11685, #9439, #8718, #1429 ) ) ;
#7403 = CARTESIAN_POINT ( 'NONE',  ( -35.75000000000000000, 1.750000000000000000, 10.09999999999999964 ) ) ;
#7404 = ORIENTED_EDGE ( 'NONE', *, *, #10625, .F. ) ;
#7405 = ORIENTED_EDGE ( 'NONE', *, *, #10855, .T. ) ;
#7406 = DIRECTION ( 'NONE',  ( 1.000000000000000000, 0.000000000000000000, 0.000000000000000000 ) ) ;
#7407 = DIRECTION ( 'NONE',  ( 0.000000000000000000, 0.000000000000000000, 1.000000000000000000 ) ) ;
#7408 = PLANE ( 'NONE',  #4740 ) ;
#7409 = LINE ( 'NONE', #2096, #11542 ) ;
#7410 = CARTESIAN_POINT ( 'NONE',  ( -75.00000000000000000, 33.77322330470335032, 9.873223304703369507 ) ) ;
#7411 = DIRECTION ( 'NONE',  ( 0.7071067811865480168, -0.7071067811865470176, 0.000000000000000000 ) ) ;
#7412 = ORIENTED_EDGE ( 'NONE', *, *, #11104, .F. ) ;
#7413 = FACE_OUTER_BOUND ( 'NONE', #10998, .T. ) ;
#7414 = VERTEX_POINT ( 'NONE', #2345 ) ;
#7415 = ORIENTED_EDGE ( 'NONE', *, *, #8523, .T. ) ;
#7416 = AXIS2_PLACEMENT_3D ( 'NONE', #11675, #3316, #7994 ) ;
#7417 = ORIENTED_EDGE ( 'NONE', *, *, #7794, .F. ) ;
#7418 = EDGE_CURVE ( 'NONE', #7745, #7926, #6947, .T. ) ;
#7419 = FACE_OUTER_BOUND ( 'NONE', #6184, .T. ) ;
#7420 = CARTESIAN_POINT ( 'NONE',  ( -4.000000000000000000, 53.50000000000000000, 1.600000000000000089 ) ) ;
#7421 = EDGE_CURVE ( 'NONE', #2906, #2769, #8069, .T. ) ;
#7422 = CARTESIAN_POINT ( 'NONE',  ( -2.500000000000000000, 36.00000000000000000, 1.600000000000000089 ) ) ;
#7423 = LINE ( 'NONE', #11220, #514 ) ;
#7424 = AXIS2_PLACEMENT_3D ( 'NONE', #12324, #10262, #2616 ) ;
#7425 = DIRECTION ( 'NONE',  ( 0.000000000000000000, 0.000000000000000000, -1.000000000000000000 ) ) ;
#7426 = DIRECTION ( 'NONE',  ( -0.000000000000000000, -0.000000000000000000, -1.000000000000000000 ) ) ;
#7427 = VERTEX_POINT ( 'NONE', #4074 ) ;
#7428 = EDGE_LOOP ( 'NONE', ( #8696, #6760, #4984, #12272 ) ) ;
#7429 = VERTEX_POINT ( 'NONE', #8127 ) ;
#7430 = FACE_OUTER_BOUND ( 'NONE', #1843, .T. ) ;
#7431 = VECTOR ( 'NONE', #7629, 1000.000000000000000 ) ;
#7432 = CARTESIAN_POINT ( 'NONE',  ( -39.50000000000000000, 9.000000000000000000, 6.850000000000000533 ) ) ;
#7433 = DIRECTION ( 'NONE',  ( 0.000000000000000000, -1.000000000000000000, 0.000000000000000000 ) ) ;
#7434 = PLANE ( 'NONE',  #6434 ) ;
#7435 = CARTESIAN_POINT ( 'NONE',  ( -4.549999999999999822, 31.00000000000000000, 10.59999999999999964 ) ) ;
#7436 = DIRECTION ( 'NONE',  ( 1.000000000000000000, 0.000000000000000000, 0.000000000000000000 ) ) ;
#7437 = DIRECTION ( 'NONE',  ( 1.000000000000000000, 0.000000000000000000, 0.000000000000000000 ) ) ;
#7438 = VECTOR ( 'NONE', #12276, 1000.000000000000000 ) ;
#7439 = ORIENTED_EDGE ( 'NONE', *, *, #7146, .F. ) ;
#7440 = CARTESIAN_POINT ( 'NONE',  ( -57.50000000000000000, 3.500000000000000000, 1.600000000000000089 ) ) ;
#7441 = EDGE_LOOP ( 'NONE', ( #10465, #8258, #8252, #1076 ) ) ;
#7442 = EDGE_CURVE ( 'NONE', #8705, #2115, #7133, .T. ) ;
#7443 = ORIENTED_EDGE ( 'NONE', *, *, #11408, .T. ) ;
#7444 = VERTEX_POINT ( 'NONE', #5259 ) ;
#7445 = CARTESIAN_POINT ( 'NONE',  ( -64.50000000000000000, 16.00000000000000000, 2.600000000000000089 ) ) ;
#7446 = LINE ( 'NONE', #11249, #8366 ) ;
#7447 = ORIENTED_EDGE ( 'NONE', *, *, #4069, .F. ) ;
#7448 = LINE ( 'NONE', #12009, #10543 ) ;
#7449 = CARTESIAN_POINT ( 'NONE',  ( -59.00000000000000000, 15.54999999999999893, 2.600000000000000089 ) ) ;
#7450 = AXIS2_PLACEMENT_3D ( 'NONE', #9604, #8548, #148 ) ;
#7451 = VECTOR ( 'NONE', #9373, 1000.000000000000000 ) ;
#7452 = CARTESIAN_POINT ( 'NONE',  ( -52.75000000000000000, 26.00000000000000000, 3.850000000000000089 ) ) ;
#7453 = EDGE_CURVE ( 'NONE', #6673, #7926, #9064, .T. ) ;
#7454 = LINE ( 'NONE', #6397, #6667 ) ;
#7455 = VECTOR ( 'NONE', #7719, 1000.000000000000000 ) ;
#7456 = ORIENTED_EDGE ( 'NONE', *, *, #3747, .F. ) ;
#7457 = VECTOR ( 'NONE', #6004, 1000.000000000000000 ) ;
#7458 = DIRECTION ( 'NONE',  ( 0.000000000000000000, 0.000000000000000000, -1.000000000000000000 ) ) ;
#7459 = ORIENTED_EDGE ( 'NONE', *, *, #6212, .F. ) ;
#7460 = ORIENTED_EDGE ( 'NONE', *, *, #11019, .T. ) ;
#7461 = CARTESIAN_POINT ( 'NONE',  ( -20.50000000000000000, 50.75000000000000000, 10.09999999999999964 ) ) ;
#7462 = DIRECTION ( 'NONE',  ( 0.000000000000000000, 0.000000000000000000, -1.000000000000000000 ) ) ;
#7463 = DIRECTION ( 'NONE',  ( -1.000000000000000000, 0.000000000000000000, 0.000000000000000000 ) ) ;
#7464 = CIRCLE ( 'NONE', #10045, 0.2499999999999991118 ) ;
#7465 = AXIS2_PLACEMENT_3D ( 'NONE', #4604, #6300, #3668 ) ;
#7466 = LINE ( 'NONE', #5650, #10852 ) ;
#7467 = ORIENTED_EDGE ( 'NONE', *, *, #1757, .F. ) ;
#7468 = FACE_OUTER_BOUND ( 'NONE', #2206, .T. ) ;
#7469 = ORIENTED_EDGE ( 'NONE', *, *, #12318, .F. ) ;
#7470 = VERTEX_POINT ( 'NONE', #7440 ) ;
#7471 = AXIS2_PLACEMENT_3D ( 'NONE', #3594, #7411, #11206 ) ;
#7472 = VECTOR ( 'NONE', #3037, 1000.000000000000000 ) ;
#7473 = ORIENTED_EDGE ( 'NONE', *, *, #5229, .F. ) ;
#7474 = CYLINDRICAL_SURFACE ( 'NONE', #2973, 3.250000000000002665 ) ;
#7475 = EDGE_CURVE ( 'NONE', #7991, #6803, #8371, .T. ) ;
#7476 = CARTESIAN_POINT ( 'NONE',  ( -22.25000000000000000, 2.750000000000000000, 10.09999999999999964 ) ) ;
#7477 = FACE_OUTER_BOUND ( 'NONE', #9712, .T. ) ;
#7478 = DIRECTION ( 'NONE',  ( 0.000000000000000000, 0.000000000000000000, -1.000000000000000000 ) ) ;
#7479 = DIRECTION ( 'NONE',  ( 0.000000000000000000, 0.000000000000000000, -1.000000000000000000 ) ) ;
#7480 = ADVANCED_FACE ( 'NONE', ( #10051 ), #10175, .F. ) ;
#7481 = CARTESIAN_POINT ( 'NONE',  ( -61.00000000000000000, 8.000000000000000000, 4.724999999999998757 ) ) ;
#7482 = CARTESIAN_POINT ( 'NONE',  ( -52.75000000000000000, 45.65000000000000568, 10.59999999999999964 ) ) ;
#7483 = ORIENTED_EDGE ( 'NONE', *, *, #5707, .F. ) ;
#7484 = DIRECTION ( 'NONE',  ( 0.000000000000000000, 1.000000000000000000, 0.000000000000000000 ) ) ;
#7485 = EDGE_CURVE ( 'NONE', #4531, #8429, #12188, .T. ) ;
#7486 = VERTEX_POINT ( 'NONE', #2525 ) ;
#7487 = ORIENTED_EDGE ( 'NONE', *, *, #11566, .T. ) ;
#7488 = CARTESIAN_POINT ( 'NONE',  ( -8.000000000000000000, 51.75000000000000000, 10.09999999999999964 ) ) ;
#7489 = LINE ( 'NONE', #11287, #1578 ) ;
#7490 = DIRECTION ( 'NONE',  ( 0.000000000000000000, 0.000000000000000000, -1.000000000000000000 ) ) ;
#7491 = CARTESIAN_POINT ( 'NONE',  ( -66.18280972448383181, 41.32571260525604373, 11.27428739474391151 ) ) ;
#7492 = CARTESIAN_POINT ( 'NONE',  ( -65.50000000000000000, 46.00000000000000000, 3.850000000000000089 ) ) ;
#7493 = DIRECTION ( 'NONE',  ( 0.000000000000000000, -1.000000000000000000, 0.000000000000000000 ) ) ;
#7494 = DIRECTION ( 'NONE',  ( 0.000000000000000000, 0.000000000000000000, -1.000000000000000000 ) ) ;
#7495 = EDGE_LOOP ( 'NONE', ( #9156, #8491, #8754, #8112 ) ) ;
#7496 = EDGE_CURVE ( 'NONE', #273, #8393, #11999, .T. ) ;
#7497 = CARTESIAN_POINT ( 'NONE',  ( -43.75000000000000000, 50.75000000000000000, 10.09999999999999964 ) ) ;
#7498 = VERTEX_POINT ( 'NONE', #732 ) ;
#7499 = ORIENTED_EDGE ( 'NONE', *, *, #2002, .F. ) ;
#7500 = VERTEX_POINT ( 'NONE', #9244 ) ;
#7501 = CARTESIAN_POINT ( 'NONE',  ( -32.25000000000000000, 51.75000000000000000, 10.09999999999999964 ) ) ;
#7502 = CARTESIAN_POINT ( 'NONE',  ( -24.25000000000000000, 50.00000000000000000, 1.600000000000000089 ) ) ;
#7503 = ORIENTED_EDGE ( 'NONE', *, *, #8050, .T. ) ;
#7504 = FACE_OUTER_BOUND ( 'NONE', #9102, .T. ) ;
#7505 = CARTESIAN_POINT ( 'NONE',  ( -18.00000000000000000, 50.75000000000000000, 10.09999999999999964 ) ) ;
#7506 = EDGE_CURVE ( 'NONE', #762, #7871, #3444, .T. ) ;
#7507 = DIRECTION ( 'NONE',  ( 1.000000000000000000, 0.000000000000000000, 0.000000000000000000 ) ) ;
#7508 = CARTESIAN_POINT ( 'NONE',  ( -56.50000000000000000, 17.10000000000000142, 2.600000000000000089 ) ) ;
#7509 = EDGE_CURVE ( 'NONE', #10828, #8890, #1726, .T. ) ;
#7510 = VERTEX_POINT ( 'NONE', #5385 ) ;
#7511 = ORIENTED_EDGE ( 'NONE', *, *, #10479, .F. ) ;
#7513 = VECTOR ( 'NONE', #10603, 1000.000000000000000 ) ;
#7512 = DIRECTION ( 'NONE',  ( 0.7071067811865474617, -0.7071067811865474617, 0.000000000000000000 ) ) ;
#7514 = ADVANCED_FACE ( 'NONE', ( #605 ), #5319, .T. ) ;
#7515 = ORIENTED_EDGE ( 'NONE', *, *, #5601, .T. ) ;
#7516 = EDGE_CURVE ( 'NONE', #7579, #6813, #12121, .T. ) ;
#7517 = CARTESIAN_POINT ( 'NONE',  ( -1.250000000000000000, 25.50000000000000000, 1.600000000000000089 ) ) ;
#7518 = ORIENTED_EDGE ( 'NONE', *, *, #323, .T. ) ;
#7519 = EDGE_CURVE ( 'NONE', #363, #810, #1661, .T. ) ;
#7520 = DIRECTION ( 'NONE',  ( -1.000000000000000000, 0.000000000000000000, 0.000000000000000000 ) ) ;
#7521 = CARTESIAN_POINT ( 'NONE',  ( -56.50000000000000000, 15.54999999999999893, 1.600000000000000089 ) ) ;
#7522 = EDGE_CURVE ( 'NONE', #6268, #10634, #6282, .T. ) ;
#7523 = VECTOR ( 'NONE', #3913, 1000.000000000000000 ) ;
#7524 = PLANE ( 'NONE',  #117 ) ;
#7525 = ORIENTED_EDGE ( 'NONE', *, *, #686, .F. ) ;
#7526 = DIRECTION ( 'NONE',  ( 0.000000000000000000, -1.000000000000000000, 0.000000000000000000 ) ) ;
#7527 = CIRCLE ( 'NONE', #2168, 0.2500000000000002220 ) ;
#7528 = EDGE_LOOP ( 'NONE', ( #2935, #10206, #10912, #10495 ) ) ;
#7529 = ADVANCED_FACE ( 'NONE', ( #2708 ), #5564, .T. ) ;
#7530 = AXIS2_PLACEMENT_3D ( 'NONE', #1436, #5218, #11010 ) ;
#7531 = ORIENTED_EDGE ( 'NONE', *, *, #7300, .F. ) ;
#7532 = CARTESIAN_POINT ( 'NONE',  ( -10.55000000000000071, 2.750000000000000000, 1.600000000000000089 ) ) ;
#7533 = DIRECTION ( 'NONE',  ( 0.000000000000000000, 0.000000000000000000, 1.000000000000000000 ) ) ;
#7534 = LINE ( 'NONE', #5718, #1078 ) ;
#7535 = CARTESIAN_POINT ( 'NONE',  ( -3.750000000000000000, 11.50000000000000000, 9.599999999999999645 ) ) ;
#7536 = CARTESIAN_POINT ( 'NONE',  ( -66.25000000000000000, 42.54999999999999716, 9.696446609406731199 ) ) ;
#7537 = AXIS2_PLACEMENT_3D ( 'NONE', #6108, #1519, #5107 ) ;
#7538 = CIRCLE ( 'NONE', #593, 1.500000000000001332 ) ;
#7539 = FACE_OUTER_BOUND ( 'NONE', #7743, .T. ) ;
#7540 = CARTESIAN_POINT ( 'NONE',  ( -11.95000000000000107, 1.750000000000000000, 10.09999999999999964 ) ) ;
#7541 = EDGE_CURVE ( 'NONE', #6736, #8393, #4382, .T. ) ;
#7542 = ORIENTED_EDGE ( 'NONE', *, *, #9976, .T. ) ;
#7543 = FACE_OUTER_BOUND ( 'NONE', #7562, .T. ) ;
#7544 = AXIS2_PLACEMENT_3D ( 'NONE', #10083, #8845, #326 ) ;
#7545 = ORIENTED_EDGE ( 'NONE', *, *, #10324, .T. ) ;
#7546 = EDGE_LOOP ( 'NONE', ( #11364, #10984, #6577, #10299 ) ) ;
#7547 = PLANE ( 'NONE',  #2592 ) ;
#7548 = EDGE_CURVE ( 'NONE', #4141, #3585, #7202, .T. ) ;
#7549 = VECTOR ( 'NONE', #7625, 1000.000000000000000 ) ;
#7550 = CYLINDRICAL_SURFACE ( 'NONE', #2964, 1.500000000000001332 ) ;
#7551 = CARTESIAN_POINT ( 'NONE',  ( -76.58333333333330017, 39.16666666666665009, 7.383333333333330195 ) ) ;
#7552 = DIRECTION ( 'NONE',  ( 0.000000000000000000, 0.000000000000000000, -1.000000000000000000 ) ) ;
#7553 = DIRECTION ( 'NONE',  ( 0.000000000000000000, 0.000000000000000000, 1.000000000000000000 ) ) ;
#7554 = LINE ( 'NONE', #11357, #5266 ) ;
#7555 = EDGE_LOOP ( 'NONE', ( #12191, #9530, #3113, #4386 ) ) ;
#7556 = CIRCLE ( 'NONE', #2189, 0.2500000000000002220 ) ;
#7557 = DIRECTION ( 'NONE',  ( 0.000000000000000000, 0.000000000000000000, -1.000000000000000000 ) ) ;
#7558 = AXIS2_PLACEMENT_3D ( 'NONE', #8962, #11896, #1624 ) ;
#7559 = EDGE_LOOP ( 'NONE', ( #5824, #10147, #821, #6861 ) ) ;
#7560 = VECTOR ( 'NONE', #4551, 1000.000000000000000 ) ;
#7561 = DIRECTION ( 'NONE',  ( 0.000000000000000000, 1.000000000000000000, 0.000000000000000000 ) ) ;
#7562 = EDGE_LOOP ( 'NONE', ( #11635, #4582, #9969, #2335, #9245, #3474, #6779, #10365, #4056, #9851, #7443, #5830 ) ) ;
#7563 = ORIENTED_EDGE ( 'NONE', *, *, #11644, .T. ) ;
#7564 = ORIENTED_EDGE ( 'NONE', *, *, #3324, .F. ) ;
#7565 = FACE_OUTER_BOUND ( 'NONE', #10572, .T. ) ;
#7566 = DIRECTION ( 'NONE',  ( -1.000000000000000000, 0.000000000000000000, 0.000000000000000000 ) ) ;
#7567 = AXIS2_PLACEMENT_3D ( 'NONE', #11794, #10910, #4299 ) ;
#7568 = EDGE_CURVE ( 'NONE', #8490, #260, #10109, .T. ) ;
#7569 = EDGE_LOOP ( 'NONE', ( #287, #110, #6319, #5415 ) ) ;
#7570 = DIRECTION ( 'NONE',  ( 0.000000000000000000, 0.000000000000000000, 1.000000000000000000 ) ) ;
#7571 = LINE ( 'NONE', #1037, #10203 ) ;
#7572 = VECTOR ( 'NONE', #11811, 1000.000000000000000 ) ;
#7573 = AXIS2_PLACEMENT_3D ( 'NONE', #2975, #6770, #6702 ) ;
#7574 = FACE_OUTER_BOUND ( 'NONE', #12249, .T. ) ;
#7575 = EDGE_CURVE ( 'NONE', #9005, #12049, #2650, .T. ) ;
#7576 = DIRECTION ( 'NONE',  ( 0.000000000000000000, 0.000000000000000000, -1.000000000000000000 ) ) ;
#7577 = VERTEX_POINT ( 'NONE', #11114 ) ;
#7578 = AXIS2_PLACEMENT_3D ( 'NONE', #8376, #6390, #612 ) ;
#7579 = VERTEX_POINT ( 'NONE', #6504 ) ;
#7580 = EDGE_CURVE ( 'NONE', #11920, #11272, #10296, .T. ) ;
#7581 = VECTOR ( 'NONE', #7931, 1000.000000000000000 ) ;
#7582 = LINE ( 'NONE', #11382, #8321 ) ;
#7583 = VERTEX_POINT ( 'NONE', #4623 ) ;
#7584 = DIRECTION ( 'NONE',  ( 0.000000000000000000, -1.000000000000000000, 0.000000000000000000 ) ) ;
#7585 = ORIENTED_EDGE ( 'NONE', *, *, #2917, .F. ) ;
#7586 = CARTESIAN_POINT ( 'NONE',  ( -3.750000000000000000, 21.50000000000000000, 1.600000000000000089 ) ) ;
#7587 = CARTESIAN_POINT ( 'NONE',  ( -59.00000000000000000, 15.54999999999999893, 1.600000000000000089 ) ) ;
#7588 = FACE_BOUND ( 'NONE', #1970, .T. ) ;
#7589 = EDGE_CURVE ( 'NONE', #7577, #9091, #8427, .T. ) ;
#7590 = FACE_OUTER_BOUND ( 'NONE', #91, .T. ) ;
#7591 = EDGE_CURVE ( 'NONE', #6060, #2749, #1954, .T. ) ;
#7592 = DIRECTION ( 'NONE',  ( 1.000000000000000000, 0.000000000000000000, 0.000000000000000000 ) ) ;
#7593 = ORIENTED_EDGE ( 'NONE', *, *, #4234, .F. ) ;
#7594 = DIRECTION ( 'NONE',  ( 0.000000000000000000, -1.000000000000000000, 0.000000000000000000 ) ) ;
#7595 = ADVANCED_FACE ( 'NONE', ( #8488 ), #5682, .T. ) ;
#7596 = ORIENTED_EDGE ( 'NONE', *, *, #84, .F. ) ;
#7597 = DIRECTION ( 'NONE',  ( 1.000000000000000000, 0.000000000000000000, 0.000000000000000000 ) ) ;
#7598 = CARTESIAN_POINT ( 'NONE',  ( 0.000000000000000000, 0.000000000000000000, 2.600000000000000089 ) ) ;
#7599 = DIRECTION ( 'NONE',  ( 1.000000000000000000, 0.000000000000000000, 0.000000000000000000 ) ) ;
#7600 = CARTESIAN_POINT ( 'NONE',  ( -62.25000000000000000, 49.25000000000000000, 3.850000000000000089 ) ) ;
#7601 = DIRECTION ( 'NONE',  ( 0.000000000000000000, 0.000000000000000000, 1.000000000000000000 ) ) ;
#7602 = ADVANCED_FACE ( 'NONE', ( #10478 ), #1153, .T. ) ;
#7603 = LINE ( 'NONE', #11341, #5866 ) ;
#7604 = AXIS2_PLACEMENT_3D ( 'NONE', #2986, #4840, #10769 ) ;
#7605 = FACE_OUTER_BOUND ( 'NONE', #6567, .T. ) ;
#7606 = ORIENTED_EDGE ( 'NONE', *, *, #1817, .T. ) ;
#7607 = DIRECTION ( 'NONE',  ( 0.000000000000000000, 0.000000000000000000, 1.000000000000000000 ) ) ;
#7608 = ORIENTED_EDGE ( 'NONE', *, *, #7475, .F. ) ;
#7609 = ORIENTED_EDGE ( 'NONE', *, *, #10826, .T. ) ;
#7610 = LINE ( 'NONE', #2821, #11532 ) ;
#7611 = LINE ( 'NONE', #3058, #10108 ) ;
#7612 = CARTESIAN_POINT ( 'NONE',  ( -65.50000000000000000, 52.50000000000000000, 3.850000000000000089 ) ) ;
#7613 = CARTESIAN_POINT ( 'NONE',  ( -23.25000000000000000, 1.750000000000000000, 1.600000000000000089 ) ) ;
#7614 = VECTOR ( 'NONE', #8760, 1000.000000000000000 ) ;
#7615 = CARTESIAN_POINT ( 'NONE',  ( -38.25000000000000000, 1.750000000000000000, 10.09999999999999964 ) ) ;
#7616 = LINE ( 'NONE', #11421, #9831 ) ;
#7617 = EDGE_CURVE ( 'NONE', #4231, #5840, #3013, .T. ) ;
#7618 = CARTESIAN_POINT ( 'NONE',  ( -45.25000000000000000, 26.00000000000000000, 2.100000000000000089 ) ) ;
#7619 = ORIENTED_EDGE ( 'NONE', *, *, #11320, .F. ) ;
#7620 = DIRECTION ( 'NONE',  ( 0.000000000000000000, 1.000000000000000000, 0.000000000000000000 ) ) ;
#7621 = ORIENTED_EDGE ( 'NONE', *, *, #2152, .T. ) ;
#7622 = VECTOR ( 'NONE', #412, 1000.000000000000000 ) ;
#7623 = ORIENTED_EDGE ( 'NONE', *, *, #4511, .T. ) ;
#7624 = ORIENTED_EDGE ( 'NONE', *, *, #8029, .F. ) ;
#7625 = DIRECTION ( 'NONE',  ( -0.000000000000000000, -1.000000000000000000, -0.000000000000000000 ) ) ;
#7626 = DIRECTION ( 'NONE',  ( 0.000000000000000000, -1.000000000000000000, 0.000000000000000000 ) ) ;
#7627 = ORIENTED_EDGE ( 'NONE', *, *, #8658, .F. ) ;
#7628 = DIRECTION ( 'NONE',  ( 0.000000000000000000, -1.000000000000000000, 0.000000000000000000 ) ) ;
#7629 = DIRECTION ( 'NONE',  ( 0.000000000000000000, -1.000000000000000000, 0.000000000000000000 ) ) ;
#7630 = CARTESIAN_POINT ( 'NONE',  ( -37.25000000000000000, 2.750000000000000000, 1.600000000000000089 ) ) ;
#7631 = CARTESIAN_POINT ( 'NONE',  ( -50.35000000000000142, 47.30000000000000426, 10.59999999999999964 ) ) ;
#7632 = VECTOR ( 'NONE', #11175, 1000.000000000000000 ) ;
#7633 = CARTESIAN_POINT ( 'NONE',  ( -46.00000000000000711, 9.000000000000000000, 1.600000000000000089 ) ) ;
#7634 = ORIENTED_EDGE ( 'NONE', *, *, #4793, .T. ) ;
#7635 = EDGE_CURVE ( 'NONE', #6028, #9750, #3335, .T. ) ;
#7636 = ORIENTED_EDGE ( 'NONE', *, *, #9271, .T. ) ;
#7637 = CARTESIAN_POINT ( 'NONE',  ( -74.75000000000000000, 44.50000000000000000, 1.850000000000000089 ) ) ;
#7638 = ORIENTED_EDGE ( 'NONE', *, *, #10407, .T. ) ;
#7639 = LINE ( 'NONE', #9380, #9319 ) ;
#7640 = ADVANCED_FACE ( 'NONE', ( #8677 ), #11545, .T. ) ;
#7641 = EDGE_LOOP ( 'NONE', ( #12247, #614, #1810, #8613, #4762, #9694, #6043, #2876, #11527, #12157, #6518, #1016, #1150, #9184, #12091, #5010, #6988, #5625, #8932 ) ) ;
#7642 = PLANE ( 'NONE',  #1416 ) ;
#7643 = LINE ( 'NONE', #7772, #5024 ) ;
#7644 = DIRECTION ( 'NONE',  ( 1.000000000000000000, 0.000000000000000000, 0.000000000000000000 ) ) ;
#7645 = DIRECTION ( 'NONE',  ( 0.000000000000000000, 0.000000000000000000, -1.000000000000000000 ) ) ;
#7646 = VECTOR ( 'NONE', #6552, 1000.000000000000000 ) ;
#7647 = LINE ( 'NONE', #9386, #11858 ) ;
#7648 = ORIENTED_EDGE ( 'NONE', *, *, #2748, .F. ) ;
#7649 = EDGE_CURVE ( 'NONE', #8489, #9581, #4741, .T. ) ;
#7650 = FACE_BOUND ( 'NONE', #5245, .T. ) ;
#7651 = ORIENTED_EDGE ( 'NONE', *, *, #3698, .F. ) ;
#7652 = VERTEX_POINT ( 'NONE', #4681 ) ;
#7653 = VECTOR ( 'NONE', #6488, 1000.000000000000000 ) ;
#7654 = LINE ( 'NONE', #5222, #7800 ) ;
#7655 = AXIS2_PLACEMENT_3D ( 'NONE', #68, #7601, #11404 ) ;
#7656 = CARTESIAN_POINT ( 'NONE',  ( -61.00000000000000000, 8.000000000000000000, 7.849999999999999645 ) ) ;
#7657 = CARTESIAN_POINT ( 'NONE',  ( -3.469446951953614978E-15, 38.50000000000000000, 1.600000000000000089 ) ) ;
#7658 = CARTESIAN_POINT ( 'NONE',  ( -22.00000000000000000, 51.75000000000000000, 1.600000000000000089 ) ) ;
#7659 = DIRECTION ( 'NONE',  ( 0.000000000000000000, -1.000000000000000000, 0.000000000000000000 ) ) ;
#7660 = CARTESIAN_POINT ( 'NONE',  ( -38.25000000000000000, 2.750000000000000000, 1.600000000000000089 ) ) ;
#7661 = CIRCLE ( 'NONE', #9648, 1.000000000000000888 ) ;
#7662 = VECTOR ( 'NONE', #1180, 1000.000000000000000 ) ;
#7663 = CARTESIAN_POINT ( 'NONE',  ( -52.75000000000000000, 28.00000000000000000, 2.350000000000000089 ) ) ;
#7664 = ORIENTED_EDGE ( 'NONE', *, *, #9571, .T. ) ;
#7665 = DIRECTION ( 'NONE',  ( -1.000000000000000000, 0.000000000000000000, 0.000000000000000000 ) ) ;
#7666 = ORIENTED_EDGE ( 'NONE', *, *, #8099, .T. ) ;
#7667 = ORIENTED_EDGE ( 'NONE', *, *, #1588, .F. ) ;
#7668 = EDGE_CURVE ( 'NONE', #11703, #3125, #29, .T. ) ;
#7669 = DIRECTION ( 'NONE',  ( 0.000000000000000000, -1.000000000000000000, 0.000000000000000000 ) ) ;
#7670 = ADVANCED_FACE ( 'NONE', ( #10362 ), #150, .T. ) ;
#7671 = FACE_OUTER_BOUND ( 'NONE', #6744, .T. ) ;
#7672 = DIRECTION ( 'NONE',  ( 0.000000000000000000, 1.000000000000000000, 0.000000000000000000 ) ) ;
#7673 = CARTESIAN_POINT ( 'NONE',  ( -52.75000000000000000, 47.30000000000000426, 4.599999999999999645 ) ) ;
#7674 = CARTESIAN_POINT ( 'NONE',  ( -22.00000000000000000, 50.75000000000000000, 1.600000000000000089 ) ) ;
#7675 = LINE ( 'NONE', #3989, #5457 ) ;
#7676 = EDGE_CURVE ( 'NONE', #8702, #9065, #6559, .T. ) ;
#7677 = DIRECTION ( 'NONE',  ( 0.000000000000000000, 1.000000000000000000, 0.000000000000000000 ) ) ;
#7678 = ORIENTED_EDGE ( 'NONE', *, *, #4696, .F. ) ;
#7679 = DIRECTION ( 'NONE',  ( 0.000000000000000000, 0.000000000000000000, -1.000000000000000000 ) ) ;
#7680 = ORIENTED_EDGE ( 'NONE', *, *, #2358, .F. ) ;
#7681 = ORIENTED_EDGE ( 'NONE', *, *, #6238, .F. ) ;
#7682 = ORIENTED_EDGE ( 'NONE', *, *, #8051, .F. ) ;
#7683 = CARTESIAN_POINT ( 'NONE',  ( -14.50000000000000000, 51.75000000000000000, 10.09999999999999964 ) ) ;
#7684 = DIRECTION ( 'NONE',  ( -1.000000000000000000, 0.000000000000000000, 0.000000000000000000 ) ) ;
#7685 = EDGE_LOOP ( 'NONE', ( #1046, #11864, #5133, #7417 ) ) ;
#7686 = EDGE_CURVE ( 'NONE', #899, #11569, #3929, .T. ) ;
#7687 = ORIENTED_EDGE ( 'NONE', *, *, #528, .T. ) ;
#7688 = LINE ( 'NONE', #3937, #7970 ) ;
#7689 = CARTESIAN_POINT ( 'NONE',  ( -74.75000000000000000, 35.50000000000000000, 8.550000000000000711 ) ) ;
#7690 = CARTESIAN_POINT ( 'NONE',  ( -20.50000000000000000, 50.75000000000000000, 10.09999999999999964 ) ) ;
#7691 = FACE_OUTER_BOUND ( 'NONE', #2557, .T. ) ;
#7692 = CARTESIAN_POINT ( 'NONE',  ( -56.50000000000000000, 14.75000000000000000, 1.600000000000000089 ) ) ;
#7693 = VERTEX_POINT ( 'NONE', #11297 ) ;
#7694 = ORIENTED_EDGE ( 'NONE', *, *, #11838, .F. ) ;
#7695 = DIRECTION ( 'NONE',  ( 0.000000000000000000, 0.000000000000000000, -1.000000000000000000 ) ) ;
#7696 = EDGE_CURVE ( 'NONE', #6467, #1278, #11425, .T. ) ;
#7697 = EDGE_LOOP ( 'NONE', ( #10361, #12297, #8858, #427 ) ) ;
#7698 = CARTESIAN_POINT ( 'NONE',  ( -33.25000000000000000, 2.750000000000000000, 10.09999999999999964 ) ) ;
#7699 = EDGE_CURVE ( 'NONE', #887, #8702, #3876, .T. ) ;
#7700 = ORIENTED_EDGE ( 'NONE', *, *, #2046, .T. ) ;
#7701 = CARTESIAN_POINT ( 'NONE',  ( -43.75000000000000000, 51.75000000000000000, 10.09999999999999964 ) ) ;
#7702 = DIRECTION ( 'NONE',  ( 0.000000000000000000, -1.000000000000000000, 0.000000000000000000 ) ) ;
#7703 = EDGE_CURVE ( 'NONE', #12138, #776, #10899, .T. ) ;
#7704 = PRODUCT_DEFINITION_SHAPE ( 'NONE', 'NONE',  #7836 ) ;
#7705 = DIRECTION ( 'NONE',  ( 0.000000000000000000, 1.000000000000000000, 0.000000000000000000 ) ) ;
#7706 = EDGE_CURVE ( 'NONE', #6143, #10453, #7741, .T. ) ;
#7707 = VECTOR ( 'NONE', #9606, 1000.000000000000000 ) ;
#7708 = EDGE_LOOP ( 'NONE', ( #5246, #1032, #8739, #4138 ) ) ;
#7709 = LINE ( 'NONE', #9823, #6138 ) ;
#7710 = ORIENTED_EDGE ( 'NONE', *, *, #10914, .T. ) ;
#7711 = ORIENTED_EDGE ( 'NONE', *, *, #9646, .F. ) ;
#7712 = CARTESIAN_POINT ( 'NONE',  ( -74.75000000000000000, 44.25000000000000000, 1.850000000000000089 ) ) ;
#7713 = VECTOR ( 'NONE', #7594, 1000.000000000000000 ) ;
#7714 = ADVANCED_FACE ( 'NONE', ( #1840 ), #5621, .F. ) ;
#7715 = FACE_BOUND ( 'NONE', #232, .T. ) ;
#7716 = CARTESIAN_POINT ( 'NONE',  ( -52.75000000000000000, 26.00000000000000000, 2.100000000000000089 ) ) ;
#7717 = CARTESIAN_POINT ( 'NONE',  ( -29.75000000000000000, 50.75000000000000000, 10.09999999999999964 ) ) ;
#7718 = CARTESIAN_POINT ( 'NONE',  ( -2.200000000000000178, 28.60000000000000142, 10.59999999999999964 ) ) ;
#7719 = DIRECTION ( 'NONE',  ( 0.000000000000000000, 0.000000000000000000, -1.000000000000000000 ) ) ;
#7720 = VECTOR ( 'NONE', #9079, 1000.000000000000000 ) ;
#7721 = CARTESIAN_POINT ( 'NONE',  ( -40.75000000000000000, 2.750000000000000000, 10.09999999999999964 ) ) ;
#7722 = EDGE_LOOP ( 'NONE', ( #2344, #4946, #1388, #2346 ) ) ;
#7723 = PLANE ( 'NONE',  #8726 ) ;
#7724 = EDGE_CURVE ( 'NONE', #5078, #7907, #6906, .T. ) ;
#7725 = ORIENTED_EDGE ( 'NONE', *, *, #9948, .T. ) ;
#7726 = VERTEX_POINT ( 'NONE', #272 ) ;
#7727 = ADVANCED_FACE ( 'NONE', ( #5992 ), #8913, .F. ) ;
#7728 = EDGE_LOOP ( 'NONE', ( #6778, #2269, #107, #9898 ) ) ;
#7729 = DIRECTION ( 'NONE',  ( 1.000000000000000000, 0.000000000000000000, 0.000000000000000000 ) ) ;
#7730 = VECTOR ( 'NONE', #12111, 1000.000000000000000 ) ;
#7731 = CARTESIAN_POINT ( 'NONE',  ( -59.00000000000000000, 14.50000000000000000, 3.350000000000000089 ) ) ;
#7732 = CARTESIAN_POINT ( 'NONE',  ( -52.75000000000000000, 0.000000000000000000, 4.599999999999999645 ) ) ;
#7733 = DIRECTION ( 'NONE',  ( 0.000000000000000000, 0.000000000000000000, -1.000000000000000000 ) ) ;
#7734 = LINE ( 'NONE', #9719, #9145 ) ;
#7735 = AXIS2_PLACEMENT_3D ( 'NONE', #1047, #6700, #986 ) ;
#7736 = CARTESIAN_POINT ( 'NONE',  ( -67.50000000000000000, 0.000000000000000000, 12.59999999999999964 ) ) ;
#7737 = ADVANCED_FACE ( 'NONE', ( #5187 ), #2352, .T. ) ;
#7738 = CARTESIAN_POINT ( 'NONE',  ( -65.50000000000000000, 52.50000000000000000, 3.850000000000000089 ) ) ;
#7739 = ORIENTED_EDGE ( 'NONE', *, *, #11953, .F. ) ;
#7740 = CIRCLE ( 'NONE', #8336, 0.2500000000000002220 ) ;
#7741 = LINE ( 'NONE', #2766, #9293 ) ;
#7742 = ADVANCED_FACE ( 'NONE', ( #9789 ), #6116, .T. ) ;
#7743 = EDGE_LOOP ( 'NONE', ( #7585, #1542, #11646, #1961 ) ) ;
#7744 = VECTOR ( 'NONE', #11000, 1000.000000000000000 ) ;
#7745 = VERTEX_POINT ( 'NONE', #8857 ) ;
#7746 = ORIENTED_EDGE ( 'NONE', *, *, #5897, .F. ) ;
#7747 = CARTESIAN_POINT ( 'NONE',  ( -2.500000000000000000, 36.00000000000000000, 1.600000000000000089 ) ) ;
#7748 = DIRECTION ( 'NONE',  ( -0.000000000000000000, -1.000000000000000000, -0.000000000000000000 ) ) ;
#7749 = ADVANCED_FACE ( 'NONE', ( #215 ), #2267, .F. ) ;
#7750 = ORIENTED_EDGE ( 'NONE', *, *, #7890, .F. ) ;
#7751 = ORIENTED_EDGE ( 'NONE', *, *, #5519, .F. ) ;
#7752 = FACE_OUTER_BOUND ( 'NONE', #3905, .T. ) ;
#7753 = DIRECTION ( 'NONE',  ( -1.000000000000000000, 0.000000000000000000, 0.000000000000000000 ) ) ;
#7754 = LINE ( 'NONE', #11493, #3970 ) ;
#7755 = AXIS2_PLACEMENT_3D ( 'NONE', #1836, #6679, #7553 ) ;
#7756 = DIRECTION ( 'NONE',  ( -1.000000000000000000, 0.000000000000000000, 0.000000000000000000 ) ) ;
#7757 = CIRCLE ( 'NONE', #2394, 0.2499999999999997780 ) ;
#7758 = AXIS2_PLACEMENT_3D ( 'NONE', #10669, #3252, #9731 ) ;
#7759 = CARTESIAN_POINT ( 'NONE',  ( -48.75000000000000000, 50.75000000000000000, 10.09999999999999964 ) ) ;
#7760 = ORIENTED_EDGE ( 'NONE', *, *, #5070, .T. ) ;
#7761 = EDGE_CURVE ( 'NONE', #136, #2833, #358, .T. ) ;
#7762 = EDGE_LOOP ( 'NONE', ( #7321, #7750, #11613, #674 ) ) ;
#7763 = DIRECTION ( 'NONE',  ( 0.000000000000000000, 0.000000000000000000, 1.000000000000000000 ) ) ;
#7764 = VECTOR ( 'NONE', #11665, 1000.000000000000000 ) ;
#7765 = ORIENTED_EDGE ( 'NONE', *, *, #9314, .F. ) ;
#7766 = VERTEX_POINT ( 'NONE', #9912 ) ;
#7767 = DIRECTION ( 'NONE',  ( 0.000000000000000000, 0.000000000000000000, -1.000000000000000000 ) ) ;
#7768 = VECTOR ( 'NONE', #9890, 1000.000000000000000 ) ;
#7769 = AXIS2_PLACEMENT_3D ( 'NONE', #7461, #5404, #10318 ) ;
#7770 = EDGE_LOOP ( 'NONE', ( #11087, #10570 ) ) ;
#7771 = CARTESIAN_POINT ( 'NONE',  ( -38.25000000000000000, 1.750000000000000000, 10.09999999999999964 ) ) ;
#7772 = CARTESIAN_POINT ( 'NONE',  ( -52.75000000000000000, 44.00000000000000000, 1.600000000000000089 ) ) ;
#7773 = VECTOR ( 'NONE', #278, 1000.000000000000000 ) ;
#7774 = EDGE_CURVE ( 'NONE', #1453, #8729, #5316, .T. ) ;
#7775 = CARTESIAN_POINT ( 'NONE',  ( -4.549999999999999822, 30.30000000000000071, 10.59999999999999964 ) ) ;
#7776 = AXIS2_PLACEMENT_3D ( 'NONE', #1472, #1652, #12053 ) ;
#7777 = ORIENTED_EDGE ( 'NONE', *, *, #2806, .T. ) ;
#7778 = DIRECTION ( 'NONE',  ( 1.000000000000000000, 0.000000000000000000, 0.000000000000000000 ) ) ;
#7779 = EDGE_LOOP ( 'NONE', ( #10375, #1803, #12331, #11822 ) ) ;
#7780 = VERTEX_POINT ( 'NONE', #4244 ) ;
#7781 = PLANE ( 'NONE',  #1250 ) ;
#7782 = DIRECTION ( 'NONE',  ( 0.000000000000000000, -1.000000000000000000, 0.000000000000000000 ) ) ;
#7783 = CARTESIAN_POINT ( 'NONE',  ( -47.25000000000000000, 45.65000000000000568, 10.59999999999999964 ) ) ;
#7784 = CARTESIAN_POINT ( 'NONE',  ( -66.25000000000000000, 41.12322330470334464, 11.12322330470335885 ) ) ;
#7785 = DIRECTION ( 'NONE',  ( 0.000000000000000000, 0.000000000000000000, -1.000000000000000000 ) ) ;
#7786 = CARTESIAN_POINT ( 'NONE',  ( -27.25000000000000000, 51.75000000000000000, 1.600000000000000089 ) ) ;
#7787 = CARTESIAN_POINT ( 'NONE',  ( -28.75000000000000000, 50.75000000000000000, 1.600000000000000089 ) ) ;
#7788 = ADVANCED_FACE ( 'NONE', ( #2208 ), #11693, .T. ) ;
#7789 = ORIENTED_EDGE ( 'NONE', *, *, #10476, .F. ) ;
#7790 = DIRECTION ( 'NONE',  ( 1.000000000000000000, 0.000000000000000000, 0.000000000000000000 ) ) ;
#7791 = ORIENTED_EDGE ( 'NONE', *, *, #11752, .T. ) ;
#7792 = EDGE_LOOP ( 'NONE', ( #3948, #9168, #3756, #4015 ) ) ;
#7793 = ORIENTED_EDGE ( 'NONE', *, *, #3123, .F. ) ;
#7794 = EDGE_CURVE ( 'NONE', #4278, #322, #7315, .T. ) ;
#7795 = LINE ( 'NONE', #8541, #1967 ) ;
#7796 = DIRECTION ( 'NONE',  ( 1.000000000000000000, 0.000000000000000000, 0.000000000000000000 ) ) ;
#7797 = CARTESIAN_POINT ( 'NONE',  ( -3.500000000000000000, 1.000000000000000000, 1.600000000000000089 ) ) ;
#7798 = DIRECTION ( 'NONE',  ( 0.000000000000000000, 1.000000000000000000, 0.000000000000000000 ) ) ;
#7799 = DIRECTION ( 'NONE',  ( 1.000000000000000000, -0.000000000000000000, -0.000000000000000000 ) ) ;
#7800 = VECTOR ( 'NONE', #3347, 1000.000000000000000 ) ;
#7801 = DIRECTION ( 'NONE',  ( 1.000000000000000000, 0.000000000000000000, 0.000000000000000000 ) ) ;
#7802 = ORIENTED_EDGE ( 'NONE', *, *, #2577, .T. ) ;
#7803 = DIRECTION ( 'NONE',  ( -1.000000000000000000, 0.000000000000000000, 0.000000000000000000 ) ) ;
#7804 = ORIENTED_EDGE ( 'NONE', *, *, #4985, .F. ) ;
#7805 = ORIENTED_EDGE ( 'NONE', *, *, #3287, .F. ) ;
#7806 = ORIENTED_EDGE ( 'NONE', *, *, #6080, .T. ) ;
#7807 = DIRECTION ( 'NONE',  ( 1.000000000000000000, 0.000000000000000000, 0.000000000000000000 ) ) ;
#7808 = DIRECTION ( 'NONE',  ( 0.000000000000000000, 0.000000000000000000, -1.000000000000000000 ) ) ;
#7809 = VECTOR ( 'NONE', #6088, 1000.000000000000000 ) ;
#7810 = ORIENTED_EDGE ( 'NONE', *, *, #11697, .T. ) ;
#7811 = DIRECTION ( 'NONE',  ( 0.000000000000000000, 0.000000000000000000, 1.000000000000000000 ) ) ;
#7812 = DIRECTION ( 'NONE',  ( 0.000000000000000000, -1.000000000000000000, 0.000000000000000000 ) ) ;
#7813 = DIRECTION ( 'NONE',  ( 0.000000000000000000, -1.000000000000000000, 0.000000000000000000 ) ) ;
#7814 = LINE ( 'NONE', #11875, #702 ) ;
#7815 = VECTOR ( 'NONE', #6632, 1000.000000000000000 ) ;
#7816 = ADVANCED_FACE ( 'NONE', ( #4181 ), #10728, .T. ) ;
#7817 = ORIENTED_EDGE ( 'NONE', *, *, #599, .T. ) ;
#7818 = ORIENTED_EDGE ( 'NONE', *, *, #3480, .T. ) ;
#7819 = ORIENTED_EDGE ( 'NONE', *, *, #5833, .T. ) ;
#7820 = DIRECTION ( 'NONE',  ( 1.000000000000000000, 0.000000000000000000, 0.000000000000000000 ) ) ;
#7821 = EDGE_LOOP ( 'NONE', ( #9436, #7294, #4865, #4079 ) ) ;
#7822 = EDGE_LOOP ( 'NONE', ( #11498, #11314, #2981, #10668 ) ) ;
#7823 = CARTESIAN_POINT ( 'NONE',  ( -75.00000000000000000, 42.54999999999999716, 3.299999999999999822 ) ) ;
#7824 = EDGE_CURVE ( 'NONE', #2528, #8248, #7923, .T. ) ;
#7825 = ORIENTED_EDGE ( 'NONE', *, *, #12284, .T. ) ;
#7826 = DIRECTION ( 'NONE',  ( -1.000000000000000000, 0.000000000000000000, 0.000000000000000000 ) ) ;
#7827 = CARTESIAN_POINT ( 'NONE',  ( -62.50000000000000000, 19.00000000000000000, 2.600000000000000089 ) ) ;
#7828 = VECTOR ( 'NONE', #21, 1000.000000000000000 ) ;
#7829 = EDGE_CURVE ( 'NONE', #1453, #949, #6872, .T. ) ;
#7830 = CARTESIAN_POINT ( 'NONE',  ( -7.150000000000000355, 2.750000000000000000, 10.09999999999999964 ) ) ;
#7831 = ORIENTED_EDGE ( 'NONE', *, *, #1461, .T. ) ;
#7832 = VECTOR ( 'NONE', #6575, 1000.000000000000000 ) ;
#7833 = LINE ( 'NONE', #12077, #12116 ) ;
#7834 = ORIENTED_EDGE ( 'NONE', *, *, #3807, .F. ) ;
#7835 = ORIENTED_EDGE ( 'NONE', *, *, #10256, .T. ) ;
#7836 = PRODUCT_DEFINITION ( 'UNKNOWN', '', #10755, #1277 ) ;
#7837 = DIRECTION ( 'NONE',  ( 1.000000000000000000, -0.000000000000000000, -0.000000000000000000 ) ) ;
#7838 = DIRECTION ( 'NONE',  ( 0.000000000000000000, 0.000000000000000000, -1.000000000000000000 ) ) ;
#7839 = DIRECTION ( 'NONE',  ( 0.000000000000000000, -1.000000000000000000, 0.000000000000000000 ) ) ;
#7840 = LINE ( 'NONE', #11005, #10219 ) ;
#7841 = AXIS2_PLACEMENT_3D ( 'NONE', #920, #5886, #12311 ) ;
#7842 = AXIS2_PLACEMENT_3D ( 'NONE', #8727, #5797, #24 ) ;
#7843 = DIRECTION ( 'NONE',  ( 0.000000000000000000, 1.000000000000000000, 0.000000000000000000 ) ) ;
#7844 = PLANE ( 'NONE',  #505 ) ;
#7845 = LINE ( 'NONE', #5098, #6128 ) ;
#7846 = ORIENTED_EDGE ( 'NONE', *, *, #1338, .F. ) ;
#7847 = VECTOR ( 'NONE', #9723, 1000.000000000000000 ) ;
#7848 = VECTOR ( 'NONE', #11036, 1000.000000000000000 ) ;
#7849 = CARTESIAN_POINT ( 'NONE',  ( -66.25000000000000000, 42.54999999999999716, 9.696446609406731199 ) ) ;
#7850 = ORIENTED_EDGE ( 'NONE', *, *, #4207, .T. ) ;
#7851 = ORIENTED_EDGE ( 'NONE', *, *, #8463, .T. ) ;
#7852 = EDGE_CURVE ( 'NONE', #6505, #10672, #10791, .T. ) ;
#7853 = ORIENTED_EDGE ( 'NONE', *, *, #1588, .T. ) ;
#7854 = FACE_OUTER_BOUND ( 'NONE', #5812, .T. ) ;
#7855 = DIRECTION ( 'NONE',  ( -1.000000000000000000, 0.000000000000000000, 0.000000000000000000 ) ) ;
#7856 = PLANE ( 'NONE',  #5440 ) ;
#7857 = DIRECTION ( 'NONE',  ( 0.000000000000000000, 0.000000000000000000, -1.000000000000000000 ) ) ;
#7858 = CARTESIAN_POINT ( 'NONE',  ( -57.50000000000000000, 8.000000000000000000, 7.599999999999999645 ) ) ;
#7859 = ADVANCED_FACE ( 'NONE', ( #3310 ), #3070, .T. ) ;
#7860 = ORIENTED_EDGE ( 'NONE', *, *, #7036, .F. ) ;
#7861 = AXIS2_PLACEMENT_3D ( 'NONE', #7078, #6076, #10876 ) ;
#7862 = VECTOR ( 'NONE', #7229, 1000.000000000000000 ) ;
#7863 = FACE_OUTER_BOUND ( 'NONE', #7685, .T. ) ;
#7864 = ORIENTED_EDGE ( 'NONE', *, *, #1247, .T. ) ;
#7865 = EDGE_CURVE ( 'NONE', #7766, #8702, #10664, .T. ) ;
#7866 = CARTESIAN_POINT ( 'NONE',  ( -9.500000000000000000, 50.75000000000000000, 1.600000000000000089 ) ) ;
#7867 = ORIENTED_EDGE ( 'NONE', *, *, #2946, .T. ) ;
#7868 = VERTEX_POINT ( 'NONE', #9726 ) ;
#7869 = EDGE_LOOP ( 'NONE', ( #9180, #11300, #3285, #2959 ) ) ;
#7870 = LINE ( 'NONE', #9794, #204 ) ;
#7871 = VERTEX_POINT ( 'NONE', #1215 ) ;
#7872 = PLANE ( 'NONE',  #9166 ) ;
#7873 = DIRECTION ( 'NONE',  ( 1.000000000000000000, 0.000000000000000000, 0.000000000000000000 ) ) ;
#7874 = DIRECTION ( 'NONE',  ( 1.000000000000000000, 0.000000000000000000, 0.000000000000000000 ) ) ;
#7875 = LINE ( 'NONE', #10931, #9830 ) ;
#7876 = EDGE_LOOP ( 'NONE', ( #4986, #5761, #7924, #8265 ) ) ;
#7877 = ORIENTED_EDGE ( 'NONE', *, *, #7198, .T. ) ;
#7878 = CARTESIAN_POINT ( 'NONE',  ( -34.75000000000000000, 51.75000000000000000, 10.09999999999999964 ) ) ;
#7879 = ORIENTED_EDGE ( 'NONE', *, *, #11605, .F. ) ;
#7880 = DIRECTION ( 'NONE',  ( 0.000000000000000000, 0.000000000000000000, -1.000000000000000000 ) ) ;
#7881 = EDGE_LOOP ( 'NONE', ( #7019, #4490, #10921, #1154 ) ) ;
#7882 = ORIENTED_EDGE ( 'NONE', *, *, #6148, .F. ) ;
#7883 = CARTESIAN_POINT ( 'NONE',  ( -47.95000000000000284, 47.30000000000000426, 10.59999999999999964 ) ) ;
#7884 = DIRECTION ( 'NONE',  ( -1.000000000000000000, 0.000000000000000000, 0.000000000000000000 ) ) ;
#7885 = EDGE_CURVE ( 'NONE', #11588, #3751, #11670, .T. ) ;
#7886 = ORIENTED_EDGE ( 'NONE', *, *, #11889, .F. ) ;
#7887 = CARTESIAN_POINT ( 'NONE',  ( -47.25000000000000000, 44.00000000000000000, 1.600000000000000089 ) ) ;
#7888 = FACE_OUTER_BOUND ( 'NONE', #4309, .T. ) ;
#7889 = LINE ( 'NONE', #5958, #4478 ) ;
#7890 = EDGE_CURVE ( 'NONE', #9932, #8158, #10036, .T. ) ;
#7891 = ORIENTED_EDGE ( 'NONE', *, *, #4465, .T. ) ;
#7892 = ADVANCED_FACE ( 'NONE', ( #4302 ), #1581, .F. ) ;
#7893 = DIRECTION ( 'NONE',  ( 0.000000000000000000, 0.000000000000000000, -1.000000000000000000 ) ) ;
#7894 = ADVANCED_FACE ( 'NONE', ( #5425 ), #6240, .T. ) ;
#7895 = VERTEX_POINT ( 'NONE', #2452 ) ;
#7896 = ORIENTED_EDGE ( 'NONE', *, *, #6372, .T. ) ;
#7897 = CARTESIAN_POINT ( 'NONE',  ( -54.75000000000000000, 26.00000000000000000, 1.850000000000000089 ) ) ;
#7898 = ADVANCED_FACE ( 'NONE', ( #6364 ), #2693, .T. ) ;
#7899 = DIRECTION ( 'NONE',  ( 0.000000000000000000, -1.000000000000000000, 0.000000000000000000 ) ) ;
#7900 = DIRECTION ( 'NONE',  ( 0.000000000000000000, -0.7071067811865475727, -0.7071067811865475727 ) ) ;
#7901 = DIRECTION ( 'NONE',  ( -1.000000000000000000, 0.000000000000000000, 0.000000000000000000 ) ) ;
#7902 = CARTESIAN_POINT ( 'NONE',  ( -15.35000000000000142, 1.750000000000000000, 10.09999999999999964 ) ) ;
#7903 = VECTOR ( 'NONE', #4847, 1000.000000000000000 ) ;
#7904 = DIRECTION ( 'NONE',  ( -1.000000000000000000, 0.000000000000000000, 0.000000000000000000 ) ) ;
#7905 = ADVANCED_FACE ( 'NONE', ( #5367 ), #11041, .T. ) ;
#7906 = LINE ( 'NONE', #9894, #2361 ) ;
#7907 = VERTEX_POINT ( 'NONE', #12104 ) ;
#7908 = DIRECTION ( 'NONE',  ( 0.000000000000000000, -2.775557561562888827E-14, 1.000000000000000000 ) ) ;
#7909 = VECTOR ( 'NONE', #318, 1000.000000000000000 ) ;
#7910 = ORIENTED_EDGE ( 'NONE', *, *, #6301, .T. ) ;
#7911 = ORIENTED_EDGE ( 'NONE', *, *, #12100, .F. ) ;
#7912 = EDGE_CURVE ( 'NONE', #9242, #1662, #6303, .T. ) ;
#7913 = EDGE_LOOP ( 'NONE', ( #7802, #3744, #8372, #1030 ) ) ;
#7914 = CARTESIAN_POINT ( 'NONE',  ( -45.25000000000000000, 24.50000000000000000, 3.600000000000000089 ) ) ;
#7915 = CARTESIAN_POINT ( 'NONE',  ( -41.25000000000000000, 51.75000000000000000, 10.09999999999999964 ) ) ;
#7916 = CARTESIAN_POINT ( 'NONE',  ( -50.35000000000000142, 44.94999999999999574, 10.59999999999999964 ) ) ;
#7917 = DIRECTION ( 'NONE',  ( -0.7071067811865470176, 0.7071067811865480168, 0.000000000000000000 ) ) ;
#7918 = FACE_OUTER_BOUND ( 'NONE', #2651, .T. ) ;
#7919 = VECTOR ( 'NONE', #4136, 1000.000000000000000 ) ;
#7920 = ADVANCED_FACE ( 'NONE', ( #712 ), #3425, .T. ) ;
#7921 = LINE ( 'NONE', #11798, #3467 ) ;
#7922 = ORIENTED_EDGE ( 'NONE', *, *, #2898, .F. ) ;
#7923 = LINE ( 'NONE', #400, #3126 ) ;
#7924 = ORIENTED_EDGE ( 'NONE', *, *, #7956, .F. ) ;
#7925 = ORIENTED_EDGE ( 'NONE', *, *, #10878, .F. ) ;
#7926 = VERTEX_POINT ( 'NONE', #774 ) ;
#7927 = PLANE ( 'NONE',  #7 ) ;
#7928 = DIRECTION ( 'NONE',  ( -1.000000000000000000, 0.000000000000000000, 0.000000000000000000 ) ) ;
#7929 = VECTOR ( 'NONE', #10843, 1000.000000000000000 ) ;
#7930 = ORIENTED_EDGE ( 'NONE', *, *, #4222, .T. ) ;
#7931 = DIRECTION ( 'NONE',  ( 1.000000000000000000, 0.000000000000000000, 0.000000000000000000 ) ) ;
#7932 = CARTESIAN_POINT ( 'NONE',  ( -45.25000000000000000, 26.00000000000000000, 2.350000000000000089 ) ) ;
#7933 = DIRECTION ( 'NONE',  ( 0.000000000000000000, -1.000000000000000000, 0.000000000000000000 ) ) ;
#7934 = CARTESIAN_POINT ( 'NONE',  ( -75.00000000000000000, 42.79999999999999716, 9.799999999999998934 ) ) ;
#7935 = ORIENTED_EDGE ( 'NONE', *, *, #2360, .T. ) ;
#7936 = VECTOR ( 'NONE', #8025, 1000.000000000000000 ) ;
#7937 = DIRECTION ( 'NONE',  ( 0.000000000000000000, -1.000000000000000000, 0.000000000000000000 ) ) ;
#7938 = ORIENTED_EDGE ( 'NONE', *, *, #6883, .T. ) ;
#7939 = VECTOR ( 'NONE', #3074, 1000.000000000000000 ) ;
#7940 = CARTESIAN_POINT ( 'NONE',  ( -2.500000000000000000, 2.500000000000000000, 1.600000000000000089 ) ) ;
#7941 = ORIENTED_EDGE ( 'NONE', *, *, #6217, .T. ) ;
#7942 = DIRECTION ( 'NONE',  ( 0.000000000000000000, 1.000000000000000000, 0.000000000000000000 ) ) ;
#7943 = EDGE_CURVE ( 'NONE', #10050, #11847, #2512, .T. ) ;
#7944 = EDGE_LOOP ( 'NONE', ( #4319, #8875, #2483, #1172 ) ) ;
#7945 = ORIENTED_EDGE ( 'NONE', *, *, #4611, .F. ) ;
#7946 = CARTESIAN_POINT ( 'NONE',  ( -62.50000000000000000, 14.50000000000000000, 1.600000000000000089 ) ) ;
#7947 = PLANE ( 'NONE',  #3975 ) ;
#7948 = AXIS2_PLACEMENT_3D ( 'NONE', #3138, #6068, #10741 ) ;
#7949 = VERTEX_POINT ( 'NONE', #3547 ) ;
#7950 = FACE_OUTER_BOUND ( 'NONE', #7374, .T. ) ;
#7951 = FACE_OUTER_BOUND ( 'NONE', #9030, .T. ) ;
#7952 = AXIS2_PLACEMENT_3D ( 'NONE', #12095, #11091, #1521 ) ;
#7953 = EDGE_CURVE ( 'NONE', #6642, #1200, #7368, .T. ) ;
#7954 = VECTOR ( 'NONE', #3735, 1000.000000000000000 ) ;
#7955 = CARTESIAN_POINT ( 'NONE',  ( -68.50000000000000000, 53.50000000000000000, 0.000000000000000000 ) ) ;
#7956 = EDGE_CURVE ( 'NONE', #11569, #5960, #10082, .T. ) ;
#7957 = VECTOR ( 'NONE', #5297, 1000.000000000000000 ) ;
#7958 = ORIENTED_EDGE ( 'NONE', *, *, #10312, .T. ) ;
#7959 = AXIS2_PLACEMENT_3D ( 'NONE', #4032, #11584, #3045 ) ;
#7960 = VECTOR ( 'NONE', #740, 1000.000000000000000 ) ;
#7961 = LINE ( 'NONE', #5964, #6913 ) ;
#7962 = VERTEX_POINT ( 'NONE', #6489 ) ;
#7963 = ORIENTED_EDGE ( 'NONE', *, *, #9879, .F. ) ;
#7964 = LINE ( 'NONE', #8958, #8746 ) ;
#7965 = CARTESIAN_POINT ( 'NONE',  ( -24.25000000000000000, 52.50000000000000000, 10.09999999999999964 ) ) ;
#7966 = EDGE_CURVE ( 'NONE', #1773, #2518, #1527, .T. ) ;
#7967 = AXIS2_PLACEMENT_3D ( 'NONE', #8619, #3754, #7566 ) ;
#7968 = LINE ( 'NONE', #11706, #2382 ) ;
#7969 = DIRECTION ( 'NONE',  ( 1.000000000000000000, 0.000000000000000000, 0.000000000000000000 ) ) ;
#7970 = VECTOR ( 'NONE', #9614, 1000.000000000000000 ) ;
#7971 = CYLINDRICAL_SURFACE ( 'NONE', #108, 1.750000000000001554 ) ;
#7972 = EDGE_CURVE ( 'NONE', #11101, #10574, #9100, .T. ) ;
#7973 = CARTESIAN_POINT ( 'NONE',  ( -2.500000000000000000, 2.500000000000000000, 1.600000000000000089 ) ) ;
#7974 = EDGE_CURVE ( 'NONE', #3896, #4695, #1759, .T. ) ;
#7975 = DIRECTION ( 'NONE',  ( 0.000000000000000000, 0.000000000000000000, -1.000000000000000000 ) ) ;
#7976 = ORIENTED_EDGE ( 'NONE', *, *, #12136, .F. ) ;
#7977 = CARTESIAN_POINT ( 'NONE',  ( -66.25000000000000000, 42.79999999999999716, 9.696446609406731199 ) ) ;
#7978 = VECTOR ( 'NONE', #411, 1000.000000000000000 ) ;
#7979 = ORIENTED_EDGE ( 'NONE', *, *, #5304, .T. ) ;
#7980 = ORIENTED_EDGE ( 'NONE', *, *, #9663, .F. ) ;
#7981 = ORIENTED_EDGE ( 'NONE', *, *, #12318, .T. ) ;
#7982 = FACE_OUTER_BOUND ( 'NONE', #7913, .T. ) ;
#7983 = LINE ( 'NONE', #2260, #9944 ) ;
#7984 = DIRECTION ( 'NONE',  ( 0.000000000000000000, 0.000000000000000000, -1.000000000000000000 ) ) ;
#7985 = EDGE_CURVE ( 'NONE', #3264, #11703, #3368, .T. ) ;
#7986 = DIRECTION ( 'NONE',  ( 0.000000000000000000, -1.000000000000000000, 0.000000000000000000 ) ) ;
#7987 = CARTESIAN_POINT ( 'NONE',  ( -55.00000000000000000, 2.500000000000000000, 0.000000000000000000 ) ) ;
#7988 = FACE_OUTER_BOUND ( 'NONE', #6369, .T. ) ;
#7989 = CARTESIAN_POINT ( 'NONE',  ( -52.75000000000000000, 26.00000000000000000, 3.850000000000000089 ) ) ;
#7990 = VERTEX_POINT ( 'NONE', #9101 ) ;
#7991 = VERTEX_POINT ( 'NONE', #585 ) ;
#7992 = ORIENTED_EDGE ( 'NONE', *, *, #5321, .T. ) ;
#7993 = DIRECTION ( 'NONE',  ( 1.000000000000000000, 0.000000000000000000, 0.000000000000000000 ) ) ;
#7994 = DIRECTION ( 'NONE',  ( -1.000000000000000000, 0.000000000000000000, 0.000000000000000000 ) ) ;
#7995 = ORIENTED_EDGE ( 'NONE', *, *, #8885, .T. ) ;
#7996 = VERTEX_POINT ( 'NONE', #4362 ) ;
#7997 = DIRECTION ( 'NONE',  ( 0.000000000000000000, 0.000000000000000000, -1.000000000000000000 ) ) ;
#7998 = DIRECTION ( 'NONE',  ( 0.000000000000000000, 0.000000000000000000, 1.000000000000000000 ) ) ;
#7999 = DIRECTION ( 'NONE',  ( 0.000000000000000000, 1.000000000000000000, 0.000000000000000000 ) ) ;
#8000 = LINE ( 'NONE', #9737, #7572 ) ;
#8001 = DIRECTION ( 'NONE',  ( 0.000000000000000000, 0.000000000000000000, 1.000000000000000000 ) ) ;
#8002 = CARTESIAN_POINT ( 'NONE',  ( -7.000000000000000000, 51.75000000000000000, 10.09999999999999964 ) ) ;
#8003 = VERTEX_POINT ( 'NONE', #8175 ) ;
#8004 = ORIENTED_EDGE ( 'NONE', *, *, #652, .F. ) ;
#8005 = DIRECTION ( 'NONE',  ( 0.000000000000000000, 0.000000000000000000, -1.000000000000000000 ) ) ;
#8006 = ORIENTED_EDGE ( 'NONE', *, *, #1798, .T. ) ;
#8007 = CIRCLE ( 'NONE', #7416, 0.5000000000000004441 ) ;
#8008 = DIRECTION ( 'NONE',  ( 0.000000000000000000, -1.000000000000000000, 0.000000000000000000 ) ) ;
#8009 = ORIENTED_EDGE ( 'NONE', *, *, #3957, .F. ) ;
#8010 = ORIENTED_EDGE ( 'NONE', *, *, #11562, .F. ) ;
#8011 = CARTESIAN_POINT ( 'NONE',  ( -54.25000000000000000, 26.00000000000000000, 3.600000000000000089 ) ) ;
#8012 = CARTESIAN_POINT ( 'NONE',  ( -53.25000000000000711, 9.000000000000000000, 1.600000000000000089 ) ) ;
#8013 = ORIENTED_EDGE ( 'NONE', *, *, #2198, .F. ) ;
#8014 = CARTESIAN_POINT ( 'NONE',  ( -9.549999999999998934, 1.750000000000000000, 1.600000000000000089 ) ) ;
#8015 = CARTESIAN_POINT ( 'NONE',  ( -52.75000000000000000, 28.25000000000000000, 2.100000000000000089 ) ) ;
#8016 = VECTOR ( 'NONE', #10004, 1000.000000000000000 ) ;
#8017 = EDGE_CURVE ( 'NONE', #6256, #5268, #11983, .T. ) ;
#8018 = CARTESIAN_POINT ( 'NONE',  ( -2.200000000000000178, 27.90000000000000213, 4.599999999999999645 ) ) ;
#8019 = ORIENTED_EDGE ( 'NONE', *, *, #5723, .T. ) ;
#8020 = EDGE_CURVE ( 'NONE', #9950, #8082, #1011, .T. ) ;
#8021 = DIRECTION ( 'NONE',  ( -1.000000000000000000, 0.000000000000000000, 0.000000000000000000 ) ) ;
#8022 = PLANE ( 'NONE',  #5967 ) ;
#8023 = VECTOR ( 'NONE', #12131, 1000.000000000000000 ) ;
#8024 = DIRECTION ( 'NONE',  ( 0.000000000000000000, 0.000000000000000000, -1.000000000000000000 ) ) ;
#8025 = DIRECTION ( 'NONE',  ( -0.000000000000000000, -0.000000000000000000, -1.000000000000000000 ) ) ;
#8026 = PLANE ( 'NONE',  #1613 ) ;
#8027 = CARTESIAN_POINT ( 'NONE',  ( -74.75000000000000000, 33.70000000000000284, 3.550000000000000266 ) ) ;
#8028 = VECTOR ( 'NONE', #3060, 1000.000000000000000 ) ;
#8029 = EDGE_CURVE ( 'NONE', #11128, #4593, #886, .T. ) ;
#8030 = LINE ( 'NONE', #10141, #3290 ) ;
#8031 = DIRECTION ( 'NONE',  ( 0.000000000000000000, 0.000000000000000000, -1.000000000000000000 ) ) ;
#8032 = VERTEX_POINT ( 'NONE', #7540 ) ;
#8033 = CARTESIAN_POINT ( 'NONE',  ( -12.94999999999999929, 2.750000000000000000, 1.600000000000000089 ) ) ;
#8034 = ADVANCED_FACE ( 'NONE', ( #7605 ), #8663, .T. ) ;
#8035 = EDGE_LOOP ( 'NONE', ( #4923, #11331, #877, #9734 ) ) ;
#8036 = AXIS2_PLACEMENT_3D ( 'NONE', #9820, #1494, #7091 ) ;
#8037 = ORIENTED_EDGE ( 'NONE', *, *, #11239, .T. ) ;
#8038 = VECTOR ( 'NONE', #5033, 1000.000000000000000 ) ;
#8039 = DIRECTION ( 'NONE',  ( 0.000000000000000000, 0.000000000000000000, -1.000000000000000000 ) ) ;
#8040 = CARTESIAN_POINT ( 'NONE',  ( -68.50000000000000000, 0.000000000000000000, 1.600000000000000089 ) ) ;
#8041 = PLANE ( 'NONE',  #2465 ) ;
#8042 = DIRECTION ( 'NONE',  ( 0.000000000000000000, 0.000000000000000000, -1.000000000000000000 ) ) ;
#8043 = CARTESIAN_POINT ( 'NONE',  ( -4.750000000000000000, 1.750000000000000000, 10.09999999999999964 ) ) ;
#8044 = EDGE_CURVE ( 'NONE', #11801, #4952, #4909, .T. ) ;
#8045 = VECTOR ( 'NONE', #10049, 1000.000000000000000 ) ;
#8046 = AXIS2_PLACEMENT_3D ( 'NONE', #11873, #7197, #1349 ) ;
#8047 = CARTESIAN_POINT ( 'NONE',  ( -4.750000000000000000, 2.750000000000000000, 10.09999999999999964 ) ) ;
#8048 = EDGE_CURVE ( 'NONE', #5892, #480, #11467, .T. ) ;
#8049 = EDGE_LOOP ( 'NONE', ( #5103, #9049, #10752, #609 ) ) ;
#8050 = EDGE_CURVE ( 'NONE', #7138, #5667, #832, .T. ) ;
#8051 = EDGE_CURVE ( 'NONE', #1480, #8136, #4666, .T. ) ;
#8052 = VERTEX_POINT ( 'NONE', #4792 ) ;
#8053 = ORIENTED_EDGE ( 'NONE', *, *, #3743, .T. ) ;
#8054 = DIRECTION ( 'NONE',  ( 0.000000000000000000, 1.000000000000000000, 0.000000000000000000 ) ) ;
#8055 = DIRECTION ( 'NONE',  ( 0.000000000000000000, 0.000000000000000000, -1.000000000000000000 ) ) ;
#8056 = ORIENTED_EDGE ( 'NONE', *, *, #5754, .T. ) ;
#8057 = ORIENTED_EDGE ( 'NONE', *, *, #2497, .T. ) ;
#8058 = FACE_BOUND ( 'NONE', #5999, .T. ) ;
#8059 = CYLINDRICAL_SURFACE ( 'NONE', #4830, 0.2499999999999991118 ) ;
#8060 = VECTOR ( 'NONE', #1067, 1000.000000000000000 ) ;
#8061 = EDGE_CURVE ( 'NONE', #8430, #1276, #8595, .T. ) ;
#8062 = LINE ( 'NONE', #7126, #6553 ) ;
#8063 = LINE ( 'NONE', #6127, #8549 ) ;
#8064 = CARTESIAN_POINT ( 'NONE',  ( -39.75000000000000000, 21.50000000000000000, 6.599999999999999645 ) ) ;
#8065 = ORIENTED_EDGE ( 'NONE', *, *, #12173, .T. ) ;
#8066 = CARTESIAN_POINT ( 'NONE',  ( -66.07322330470340432, 33.70000000000000284, 9.696446609406731199 ) ) ;
#8067 = VERTEX_POINT ( 'NONE', #6668 ) ;
#8068 = ORIENTED_EDGE ( 'NONE', *, *, #10358, .T. ) ;
#8069 = LINE ( 'NONE', #11878, #8852 ) ;
#8070 = VECTOR ( 'NONE', #3780, 1000.000000000000000 ) ;
#8071 = ORIENTED_EDGE ( 'NONE', *, *, #10504, .F. ) ;
#8072 = AXIS2_PLACEMENT_3D ( 'NONE', #6962, #5147, #365 ) ;
#8073 = EDGE_CURVE ( 'NONE', #2257, #7288, #9589, .T. ) ;
#8074 = CARTESIAN_POINT ( 'NONE',  ( 4.440892098500625176E-16, 5.000000000000000000, 1.600000000000000089 ) ) ;
#8075 = ORIENTED_EDGE ( 'NONE', *, *, #890, .T. ) ;
#8076 = ORIENTED_EDGE ( 'NONE', *, *, #126, .F. ) ;
#8077 = DIRECTION ( 'NONE',  ( 1.000000000000000000, 0.000000000000000000, 0.000000000000000000 ) ) ;
#8078 = FACE_OUTER_BOUND ( 'NONE', #2556, .T. ) ;
#8079 = ORIENTED_EDGE ( 'NONE', *, *, #1560, .F. ) ;
#8080 = DIRECTION ( 'NONE',  ( 1.000000000000000000, 0.000000000000000000, 0.000000000000000000 ) ) ;
#8081 = CARTESIAN_POINT ( 'NONE',  ( -4.549999999999999822, 27.90000000000000213, 10.59999999999999964 ) ) ;
#8082 = VERTEX_POINT ( 'NONE', #9345 ) ;
#8083 = CARTESIAN_POINT ( 'NONE',  ( -45.25000000000000000, 23.75000000000000000, 1.850000000000000089 ) ) ;
#8084 = EDGE_CURVE ( 'NONE', #2658, #6969, #12281, .T. ) ;
#8085 = ORIENTED_EDGE ( 'NONE', *, *, #4726, .T. ) ;
#8086 = EDGE_CURVE ( 'NONE', #9856, #3606, #11343, .T. ) ;
#8087 = DIRECTION ( 'NONE',  ( 0.000000000000000000, 0.000000000000000000, -1.000000000000000000 ) ) ;
#8088 = FACE_OUTER_BOUND ( 'NONE', #10858, .T. ) ;
#8089 = DIRECTION ( 'NONE',  ( -1.000000000000000000, 0.000000000000000000, 0.000000000000000000 ) ) ;
#8090 = CARTESIAN_POINT ( 'NONE',  ( -2.200000000000000178, 27.90000000000000213, 10.59999999999999964 ) ) ;
#8091 = DIRECTION ( 'NONE',  ( -1.000000000000000000, 0.000000000000000000, 0.000000000000000000 ) ) ;
#8092 = DIRECTION ( 'NONE',  ( 0.000000000000000000, 0.000000000000000000, -1.000000000000000000 ) ) ;
#8093 = ADVANCED_FACE ( 'NONE', ( #10400 ), #5786, .F. ) ;
#8094 = DIRECTION ( 'NONE',  ( 0.000000000000000000, 0.000000000000000000, -1.000000000000000000 ) ) ;
#8095 = CARTESIAN_POINT ( 'NONE',  ( -36.25000000000000000, 50.75000000000000000, 1.600000000000000089 ) ) ;
#8096 = FACE_OUTER_BOUND ( 'NONE', #11971, .T. ) ;
#8097 = ORIENTED_EDGE ( 'NONE', *, *, #12177, .F. ) ;
#8098 = VERTEX_POINT ( 'NONE', #8408 ) ;
#8099 = EDGE_CURVE ( 'NONE', #7895, #11773, #2930, .T. ) ;
#8100 = VERTEX_POINT ( 'NONE', #6790 ) ;
#8101 = CARTESIAN_POINT ( 'NONE',  ( -74.75000000000000000, 42.54999999999999716, 9.696446609406731199 ) ) ;
#8102 = LINE ( 'NONE', #7296, #2590 ) ;
#8103 = DIRECTION ( 'NONE',  ( 1.000000000000000000, 0.000000000000000000, 0.000000000000000000 ) ) ;
#8104 = EDGE_CURVE ( 'NONE', #3932, #2229, #5666, .T. ) ;
#8105 = CARTESIAN_POINT ( 'NONE',  ( -68.50000000000000000, 0.000000000000000000, 1.600000000000000089 ) ) ;
#8106 = CARTESIAN_POINT ( 'NONE',  ( -52.75000000000000000, 26.00000000000000000, 2.100000000000000089 ) ) ;
#8107 = CARTESIAN_POINT ( 'NONE',  ( -58.75000000000000000, 44.50000000000000000, 12.34999999999999964 ) ) ;
#8108 = ADVANCED_FACE ( 'NONE', ( #3796 ), #2005, .F. ) ;
#8109 = AXIS2_PLACEMENT_3D ( 'NONE', #6056, #1335, #7803 ) ;
#8110 = CARTESIAN_POINT ( 'NONE',  ( -24.25000000000000000, 52.50000000000000000, 1.600000000000000089 ) ) ;
#8111 = ADVANCED_FACE ( 'NONE', ( #5545, #6541, #10344, #1826, #9403, #11714, #8778 ), #1258, .T. ) ;
#8112 = ORIENTED_EDGE ( 'NONE', *, *, #6561, .T. ) ;
#8113 = ORIENTED_EDGE ( 'NONE', *, *, #11359, .T. ) ;
#8114 = VERTEX_POINT ( 'NONE', #10710 ) ;
#8115 = LINE ( 'NONE', #10164, #11734 ) ;
#8116 = LINE ( 'NONE', #940, #4606 ) ;
#8117 = VERTEX_POINT ( 'NONE', #6909 ) ;
#8118 = DIRECTION ( 'NONE',  ( 1.000000000000000000, 0.000000000000000000, 0.000000000000000000 ) ) ;
#8119 = PLANE ( 'NONE',  #3836 ) ;
#8120 = PLANE ( 'NONE',  #1396 ) ;
#8121 = VECTOR ( 'NONE', #2172, 1000.000000000000000 ) ;
#8122 = DIRECTION ( 'NONE',  ( 0.000000000000000000, 0.000000000000000000, -1.000000000000000000 ) ) ;
#8123 = EDGE_CURVE ( 'NONE', #6809, #5566, #8838, .T. ) ;
#8124 = EDGE_CURVE ( 'NONE', #4073, #6934, #2315, .T. ) ;
#8125 = LINE ( 'NONE', #9241, #5052 ) ;
#8126 = ORIENTED_EDGE ( 'NONE', *, *, #6280, .T. ) ;
#8127 = CARTESIAN_POINT ( 'NONE',  ( -45.25000000000000000, 24.00000000000000000, 2.100000000000000089 ) ) ;
#8128 = EDGE_LOOP ( 'NONE', ( #1760, #1173, #6277, #6078 ) ) ;
#8129 = EDGE_CURVE ( 'NONE', #6697, #10176, #7324, .T. ) ;
#8131 = VECTOR ( 'NONE', #7763, 1000.000000000000000 ) ;
#8130 = DIRECTION ( 'NONE',  ( 0.000000000000000000, 0.000000000000000000, -1.000000000000000000 ) ) ;
#8132 = EDGE_LOOP ( 'NONE', ( #9327, #10349, #10432, #3427 ) ) ;
#8133 = EDGE_LOOP ( 'NONE', ( #10098, #7130, #8554, #11115 ) ) ;
#8134 = FACE_OUTER_BOUND ( 'NONE', #324, .T. ) ;
#8135 = CARTESIAN_POINT ( 'NONE',  ( -13.00000000000000000, 51.75000000000000000, 10.09999999999999964 ) ) ;
#8136 = VERTEX_POINT ( 'NONE', #11782 ) ;
#8137 = LINE ( 'NONE', #11945, #1618 ) ;
#8138 = PLANE ( 'NONE',  #2652 ) ;
#8139 = VECTOR ( 'NONE', #1389, 1000.000000000000000 ) ;
#8140 = CARTESIAN_POINT ( 'NONE',  ( -75.00000000000000000, 42.79999999999999716, 3.299999999999999822 ) ) ;
#8141 = EDGE_CURVE ( 'NONE', #37, #2788, #1137, .T. ) ;
#8142 = AXIS2_PLACEMENT_3D ( 'NONE', #7204, #8191, #5205 ) ;
#8143 = DIRECTION ( 'NONE',  ( 1.000000000000000000, 0.000000000000000000, 0.000000000000000000 ) ) ;
#8144 = ORIENTED_EDGE ( 'NONE', *, *, #5306, .T. ) ;
#8145 = LINE ( 'NONE', #6333, #9909 ) ;
#8146 = VECTOR ( 'NONE', #3723, 1000.000000000000000 ) ;
#8147 = DIRECTION ( 'NONE',  ( 0.000000000000000000, 0.000000000000000000, 1.000000000000000000 ) ) ;
#8148 = VECTOR ( 'NONE', #10366, 1000.000000000000000 ) ;
#8149 = CARTESIAN_POINT ( 'NONE',  ( -56.50000000000000000, 17.89999999999999858, 1.600000000000000089 ) ) ;
#8150 = CARTESIAN_POINT ( 'NONE',  ( -61.00000000000000000, 8.000000000000000000, 10.97499999999999787 ) ) ;
#8151 = EDGE_CURVE ( 'NONE', #1728, #5232, #3233, .T. ) ;
#8152 = CARTESIAN_POINT ( 'NONE',  ( -52.75000000000000000, 24.25000000000000000, 2.350000000000000089 ) ) ;
#8153 = FACE_OUTER_BOUND ( 'NONE', #9762, .T. ) ;
#8154 = VECTOR ( 'NONE', #8365, 1000.000000000000000 ) ;
#8155 = CIRCLE ( 'NONE', #9532, 0.2500000000000002220 ) ;
#8156 = VECTOR ( 'NONE', #778, 1000.000000000000000 ) ;
#8157 = LINE ( 'NONE', #11968, #10250 ) ;
#8158 = VERTEX_POINT ( 'NONE', #4162 ) ;
#8159 = FACE_OUTER_BOUND ( 'NONE', #7944, .T. ) ;
#8160 = ORIENTED_EDGE ( 'NONE', *, *, #5399, .F. ) ;
#8161 = ORIENTED_EDGE ( 'NONE', *, *, #11145, .T. ) ;
#8162 = VECTOR ( 'NONE', #9041, 1000.000000000000000 ) ;
#8163 = ORIENTED_EDGE ( 'NONE', *, *, #2192, .F. ) ;
#8164 = AXIS2_PLACEMENT_3D ( 'NONE', #9143, #4221, #3466 ) ;
#8165 = AXIS2_PLACEMENT_3D ( 'NONE', #12265, #3711, #4890 ) ;
#8166 = CARTESIAN_POINT ( 'NONE',  ( -40.00000000000000000, 9.000000000000000000, 6.850000000000000533 ) ) ;
#8167 = CARTESIAN_POINT ( 'NONE',  ( -32.25000000000000000, 50.75000000000000000, 10.09999999999999964 ) ) ;
#8168 = DIRECTION ( 'NONE',  ( 0.000000000000000000, 0.000000000000000000, -1.000000000000000000 ) ) ;
#8169 = CARTESIAN_POINT ( 'NONE',  ( -48.75000000000000000, 50.75000000000000000, 1.600000000000000089 ) ) ;
#8170 = PLANE ( 'NONE',  #1516 ) ;
#8171 = CIRCLE ( 'NONE', #10356, 0.2500000000000002220 ) ;
#8172 = EDGE_CURVE ( 'NONE', #988, #4748, #9706, .T. ) ;
#8173 = CARTESIAN_POINT ( 'NONE',  ( -2.200000000000000178, 30.30000000000000071, 10.59999999999999964 ) ) ;
#8174 = AXIS2_PLACEMENT_3D ( 'NONE', #2941, #2823, #895 ) ;
#8175 = CARTESIAN_POINT ( 'NONE',  ( -53.25000000000000000, 2.500000000000000000, 1.600000000000000089 ) ) ;
#8176 = ORIENTED_EDGE ( 'NONE', *, *, #2033, .T. ) ;
#8177 = EDGE_CURVE ( 'NONE', #3298, #2736, #4038, .T. ) ;
#8178 = ORIENTED_EDGE ( 'NONE', *, *, #3294, .T. ) ;
#8179 = ORIENTED_EDGE ( 'NONE', *, *, #8594, .F. ) ;
#8180 = CARTESIAN_POINT ( 'NONE',  ( -42.00000000000000000, 1.000000000000000000, 1.600000000000000089 ) ) ;
#8181 = LINE ( 'NONE', #11988, #10988 ) ;
#8182 = DIRECTION ( 'NONE',  ( 0.000000000000000000, -1.000000000000000000, 0.000000000000000000 ) ) ;
#8183 = CARTESIAN_POINT ( 'NONE',  ( -6.250000000000000000, 31.00000000000000000, 1.600000000000000089 ) ) ;
#8184 = LINE ( 'NONE', #11049, #8414 ) ;
#8185 = LINE ( 'NONE', #11052, #1984 ) ;
#8186 = LINE ( 'NONE', #2222, #7457 ) ;
#8187 = PLANE ( 'NONE',  #11841 ) ;
#8188 = EDGE_LOOP ( 'NONE', ( #11169, #1830, #7678, #10191 ) ) ;
#8189 = CARTESIAN_POINT ( 'NONE',  ( -66.00000000000000000, 35.12677669529665536, 11.22677669529664080 ) ) ;
#8190 = EDGE_LOOP ( 'NONE', ( #4994, #6527, #9213, #9788 ) ) ;
#8191 = DIRECTION ( 'NONE',  ( 1.000000000000000000, 0.000000000000000000, 0.000000000000000000 ) ) ;
#8192 = ORIENTED_EDGE ( 'NONE', *, *, #6453, .T. ) ;
#8193 = ORIENTED_EDGE ( 'NONE', *, *, #7375, .T. ) ;
#8194 = DIRECTION ( 'NONE',  ( 0.000000000000000000, 0.000000000000000000, -1.000000000000000000 ) ) ;
#8195 = DIRECTION ( 'NONE',  ( 0.000000000000000000, 1.000000000000000000, 0.000000000000000000 ) ) ;
#8196 = VERTEX_POINT ( 'NONE', #2252 ) ;
#8197 = CARTESIAN_POINT ( 'NONE',  ( -74.75000000000000000, 41.19644660940669922, 11.54999999999999893 ) ) ;
#8198 = DIRECTION ( 'NONE',  ( 0.000000000000000000, 0.000000000000000000, -1.000000000000000000 ) ) ;
#8199 = CARTESIAN_POINT ( 'NONE',  ( -43.75000000000000000, 50.75000000000000000, 10.09999999999999964 ) ) ;
#8200 = EDGE_CURVE ( 'NONE', #835, #9379, #3976, .T. ) ;
#8201 = LINE ( 'NONE', #11257, #9066 ) ;
#8202 = VECTOR ( 'NONE', #7928, 1000.000000000000000 ) ;
#8203 = VERTEX_POINT ( 'NONE', #5037 ) ;
#8204 = CARTESIAN_POINT ( 'NONE',  ( -4.000000000000000000, 53.50000000000000000, 0.000000000000000000 ) ) ;
#8205 = CARTESIAN_POINT ( 'NONE',  ( -47.25000000000000000, 45.65000000000000568, 4.599999999999999645 ) ) ;
#8206 = EDGE_CURVE ( 'NONE', #138, #2042, #7845, .T. ) ;
#8207 = LINE ( 'NONE', #3586, #2992 ) ;
#8208 =( LENGTH_UNIT ( ) NAMED_UNIT ( * ) SI_UNIT ( .MILLI., .METRE. ) );
#8209 = AXIS2_PLACEMENT_3D ( 'NONE', #11004, #6270, #616 ) ;
#8210 = CARTESIAN_POINT ( 'NONE',  ( -28.25000000000000000, 1.750000000000000000, 1.600000000000000089 ) ) ;
#8211 = CARTESIAN_POINT ( 'NONE',  ( -56.50000000000000000, 14.75000000000000000, 2.600000000000000089 ) ) ;
#8212 = ADVANCED_FACE ( 'NONE', ( #9834 ), #1320, .F. ) ;
#8213 = LINE ( 'NONE', #9208, #3280 ) ;
#8214 = DIRECTION ( 'NONE',  ( 0.000000000000000000, 1.000000000000000000, 0.000000000000000000 ) ) ;
#8215 = ORIENTED_EDGE ( 'NONE', *, *, #3663, .F. ) ;
#8216 = VECTOR ( 'NONE', #7753, 1000.000000000000000 ) ;
#8217 = LINE ( 'NONE', #9212, #9303 ) ;
#8218 = ORIENTED_EDGE ( 'NONE', *, *, #9372, .T. ) ;
#8219 = VERTEX_POINT ( 'NONE', #4100 ) ;
#8220 = ORIENTED_EDGE ( 'NONE', *, *, #11335, .T. ) ;
#8221 = DIRECTION ( 'NONE',  ( 1.000000000000000000, 0.000000000000000000, 0.000000000000000000 ) ) ;
#8222 = CARTESIAN_POINT ( 'NONE',  ( -4.549999999999999822, 28.60000000000000142, 10.59999999999999964 ) ) ;
#8223 = LINE ( 'NONE', #8347, #685 ) ;
#8224 = AXIS2_PLACEMENT_3D ( 'NONE', #2385, #9040, #4049 ) ;
#8225 = PLANE ( 'NONE',  #7567 ) ;
#8226 = PLANE ( 'NONE',  #10243 ) ;
#8227 = ORIENTED_EDGE ( 'NONE', *, *, #9343, .F. ) ;
#8228 = CARTESIAN_POINT ( 'NONE',  ( -71.00000000000000000, 3.500000000000000000, 1.600000000000000089 ) ) ;
#8229 = DIRECTION ( 'NONE',  ( 0.000000000000000000, 1.000000000000000000, 0.000000000000000000 ) ) ;
#8230 = EDGE_CURVE ( 'NONE', #2529, #1665, #7906, .T. ) ;
#8231 = ORIENTED_EDGE ( 'NONE', *, *, #5669, .T. ) ;
#8232 = AXIS2_PLACEMENT_3D ( 'NONE', #7934, #3381, #7011 ) ;
#8233 = EDGE_CURVE ( 'NONE', #899, #3749, #2746, .T. ) ;
#8234 = ORIENTED_EDGE ( 'NONE', *, *, #62, .F. ) ;
#8235 = ORIENTED_EDGE ( 'NONE', *, *, #4753, .F. ) ;
#8236 = CARTESIAN_POINT ( 'NONE',  ( -42.75000000000000000, 9.000000000000000000, 1.600000000000000089 ) ) ;
#8237 = FACE_OUTER_BOUND ( 'NONE', #2321, .T. ) ;
#8238 = EDGE_CURVE ( 'NONE', #485, #11330, #4227, .T. ) ;
#8239 = PLANE ( 'NONE',  #10509 ) ;
#8240 = DIRECTION ( 'NONE',  ( -1.000000000000000000, 0.000000000000000000, 0.000000000000000000 ) ) ;
#8241 = CARTESIAN_POINT ( 'NONE',  ( -2.500000000000000000, 0.000000000000000000, 1.600000000000000089 ) ) ;
#8242 = LINE ( 'NONE', #413, #6161 ) ;
#8243 = LINE ( 'NONE', #11235, #2296 ) ;
#8244 = VECTOR ( 'NONE', #1969, 1000.000000000000000 ) ;
#8245 = VECTOR ( 'NONE', #2136, 1000.000000000000000 ) ;
#8246 = EDGE_CURVE ( 'NONE', #6652, #9426, #3297, .T. ) ;
#8247 = DIRECTION ( 'NONE',  ( 0.000000000000000000, 0.000000000000000000, -1.000000000000000000 ) ) ;
#8248 = VERTEX_POINT ( 'NONE', #2065 ) ;
#8249 = CARTESIAN_POINT ( 'NONE',  ( -49.64999999999999858, 0.000000000000000000, 4.599999999999999645 ) ) ;
#8250 = ORIENTED_EDGE ( 'NONE', *, *, #6072, .T. ) ;
#8251 = CARTESIAN_POINT ( 'NONE',  ( -52.75000000000000000, 24.00000000000000000, 2.100000000000000089 ) ) ;
#8252 = ORIENTED_EDGE ( 'NONE', *, *, #9083, .F. ) ;
#8253 = CIRCLE ( 'NONE', #2885, 0.2500000000000000000 ) ;
#8254 = VERTEX_POINT ( 'NONE', #7787 ) ;
#8255 = DIRECTION ( 'NONE',  ( 0.000000000000000000, 0.000000000000000000, -1.000000000000000000 ) ) ;
#8256 = VECTOR ( 'NONE', #7479, 1000.000000000000000 ) ;
#8257 = CARTESIAN_POINT ( 'NONE',  ( -75.00000000000000000, 33.70000000000000284, 9.799999999999998934 ) ) ;
#8258 = ORIENTED_EDGE ( 'NONE', *, *, #7146, .T. ) ;
#8259 = CARTESIAN_POINT ( 'NONE',  ( -38.25000000000000000, 2.750000000000000000, 10.09999999999999964 ) ) ;
#8260 = DIRECTION ( 'NONE',  ( 1.000000000000000000, 0.000000000000000000, 0.000000000000000000 ) ) ;
#8261 = LINE ( 'NONE', #7399, #10624 ) ;
#8262 = AXIS2_PLACEMENT_3D ( 'NONE', #3841, #11455, #4527 ) ;
#8263 = CARTESIAN_POINT ( 'NONE',  ( -59.00000000000000000, 14.75000000000000000, 2.600000000000000089 ) ) ;
#8264 = AXIS2_PLACEMENT_3D ( 'NONE', #5400, #4580, #8381 ) ;
#8265 = ORIENTED_EDGE ( 'NONE', *, *, #7686, .F. ) ;
#8266 = EDGE_CURVE ( 'NONE', #7500, #1074, #5851, .T. ) ;
#8267 = CARTESIAN_POINT ( 'NONE',  ( -24.25000000000000000, 52.50000000000000000, 10.09999999999999964 ) ) ;
#8268 = EDGE_CURVE ( 'NONE', #11272, #6229, #193, .T. ) ;
#8269 = CARTESIAN_POINT ( 'NONE',  ( -23.00000000000000000, 50.75000000000000000, 10.09999999999999964 ) ) ;
#8270 = LINE ( 'NONE', #8450, #3193 ) ;
#8271 = DIRECTION ( 'NONE',  ( 1.000000000000000000, 0.000000000000000000, 0.000000000000000000 ) ) ;
#8272 = DIRECTION ( 'NONE',  ( 0.000000000000000000, 0.000000000000000000, 1.000000000000000000 ) ) ;
#8273 = CARTESIAN_POINT ( 'NONE',  ( -67.50000000000000000, 12.50000000000000000, 12.59999999999999964 ) ) ;
#8274 = CARTESIAN_POINT ( 'NONE',  ( -46.25000000000000000, 45.00000000000000000, 4.599999999999999645 ) ) ;
#8275 = ADVANCED_FACE ( 'NONE', ( #3355 ), #10965, .F. ) ;
#8276 = ADVANCED_FACE ( 'NONE', ( #10077 ), #10143, .F. ) ;
#8277 = EDGE_CURVE ( 'NONE', #4376, #7325, #6348, .T. ) ;
#8278 = DIRECTION ( 'NONE',  ( -1.000000000000000000, 0.000000000000000000, 0.000000000000000000 ) ) ;
#8279 = VERTEX_POINT ( 'NONE', #1631 ) ;
#8280 = CARTESIAN_POINT ( 'NONE',  ( -39.75000000000000000, 11.50000000000000000, 9.599999999999999645 ) ) ;
#8281 = VERTEX_POINT ( 'NONE', #4412 ) ;
#8282 = EDGE_LOOP ( 'NONE', ( #4105, #6006, #2697, #10237 ) ) ;
#8283 = EDGE_CURVE ( 'NONE', #467, #10093, #8217, .T. ) ;
#8284 = EDGE_LOOP ( 'NONE', ( #6879, #11361, #4565, #8533 ) ) ;
#8285 = CARTESIAN_POINT ( 'NONE',  ( -52.75000000000000000, 24.50000000000000000, 3.850000000000000089 ) ) ;
#8286 = LINE ( 'NONE', #10152, #4158 ) ;
#8287 = CARTESIAN_POINT ( 'NONE',  ( -59.00000000000000000, 14.50000000000000000, 1.600000000000000089 ) ) ;
#8288 = CARTESIAN_POINT ( 'NONE',  ( -45.25000000000000000, 26.00000000000000000, 2.350000000000000089 ) ) ;
#8289 = DIRECTION ( 'NONE',  ( 0.000000000000000000, 0.000000000000000000, -1.000000000000000000 ) ) ;
#8290 = ADVANCED_FACE ( 'NONE', ( #8096 ), #5350, .F. ) ;
#8291 = DIRECTION ( 'NONE',  ( 0.000000000000000000, 0.000000000000000000, -1.000000000000000000 ) ) ;
#8292 = DIRECTION ( 'NONE',  ( 1.000000000000000000, 0.000000000000000000, 0.000000000000000000 ) ) ;
#8293 = ORIENTED_EDGE ( 'NONE', *, *, #584, .T. ) ;
#8294 = ORIENTED_EDGE ( 'NONE', *, *, #11359, .F. ) ;
#8295 = ORIENTED_EDGE ( 'NONE', *, *, #6824, .F. ) ;
#8296 = FACE_OUTER_BOUND ( 'NONE', #8920, .T. ) ;
#8297 = PLANE ( 'NONE',  #9987 ) ;
#8298 = FACE_OUTER_BOUND ( 'NONE', #4216, .T. ) ;
#8299 = LINE ( 'NONE', #12112, #1226 ) ;
#8300 = PLANE ( 'NONE',  #2262 ) ;
#8301 = CARTESIAN_POINT ( 'NONE',  ( -20.50000000000000000, 50.75000000000000000, 10.09999999999999964 ) ) ;
#8302 = CARTESIAN_POINT ( 'NONE',  ( -62.50000000000000000, 16.00000000000000000, 1.600000000000000089 ) ) ;
#8303 = VERTEX_POINT ( 'NONE', #696 ) ;
#8304 = EDGE_CURVE ( 'NONE', #5834, #7253, #9089, .T. ) ;
#8305 = EDGE_LOOP ( 'NONE', ( #9248, #2665, #9672, #6431 ) ) ;
#8306 = AXIS2_PLACEMENT_3D ( 'NONE', #12298, #7561, #2023 ) ;
#8307 = CARTESIAN_POINT ( 'NONE',  ( -51.00000000000000000, 37.25000000000000000, 2.600000000000000089 ) ) ;
#8308 = EDGE_LOOP ( 'NONE', ( #9483, #806, #75, #4475 ) ) ;
#8309 = CARTESIAN_POINT ( 'NONE',  ( -31.25000000000000000, 50.75000000000000000, 10.09999999999999964 ) ) ;
#8310 = ORIENTED_EDGE ( 'NONE', *, *, #11139, .T. ) ;
#8311 = ORIENTED_EDGE ( 'NONE', *, *, #11019, .F. ) ;
#8312 = ORIENTED_EDGE ( 'NONE', *, *, #7953, .F. ) ;
#8313 = DIRECTION ( 'NONE',  ( -1.000000000000000000, 0.000000000000000000, 0.000000000000000000 ) ) ;
#8314 = DIRECTION ( 'NONE',  ( 1.000000000000000000, 0.000000000000000000, 0.000000000000000000 ) ) ;
#8315 = VECTOR ( 'NONE', #5912, 1000.000000000000000 ) ;
#8316 = ORIENTED_EDGE ( 'NONE', *, *, #2066, .F. ) ;
#8317 = DIRECTION ( 'NONE',  ( 0.000000000000000000, 0.000000000000000000, -1.000000000000000000 ) ) ;
#8318 = CARTESIAN_POINT ( 'NONE',  ( -14.34999999999999964, 1.750000000000000000, 1.600000000000000089 ) ) ;
#8319 = PLANE ( 'NONE',  #5640 ) ;
#8320 = DIRECTION ( 'NONE',  ( -1.000000000000000000, 0.000000000000000000, 0.000000000000000000 ) ) ;
#8321 = VECTOR ( 'NONE', #4763, 1000.000000000000000 ) ;
#8322 = EDGE_CURVE ( 'NONE', #8976, #4350, #11970, .T. ) ;
#8323 = EDGE_LOOP ( 'NONE', ( #8678, #9994, #10679, #1604 ) ) ;
#8324 = ORIENTED_EDGE ( 'NONE', *, *, #1217, .T. ) ;
#8325 = CARTESIAN_POINT ( 'NONE',  ( -1.250000000000000000, 31.00000000000000000, 4.599999999999999645 ) ) ;
#8326 = ORIENTED_EDGE ( 'NONE', *, *, #7617, .T. ) ;
#8327 = EDGE_CURVE ( 'NONE', #3264, #5462, #6413, .T. ) ;
#8328 = VECTOR ( 'NONE', #9412, 1000.000000000000000 ) ;
#8329 = ORIENTED_EDGE ( 'NONE', *, *, #2908, .T. ) ;
#8330 = CARTESIAN_POINT ( 'NONE',  ( -4.750000000000000000, 1.750000000000000000, 1.600000000000000089 ) ) ;
#8331 = DIRECTION ( 'NONE',  ( 1.000000000000000000, 0.000000000000000000, 0.000000000000000000 ) ) ;
#8332 = AXIS2_PLACEMENT_3D ( 'NONE', #11658, #4826, #8509 ) ;
#8333 = DIRECTION ( 'NONE',  ( 0.000000000000000000, 0.000000000000000000, -1.000000000000000000 ) ) ;
#8334 = CARTESIAN_POINT ( 'NONE',  ( -66.00000000000000000, 41.00000000000000000, 8.550000000000000711 ) ) ;
#8335 = DIRECTION ( 'NONE',  ( 0.000000000000000000, 0.000000000000000000, -1.000000000000000000 ) ) ;
#8336 = AXIS2_PLACEMENT_3D ( 'NONE', #4286, #11839, #3227 ) ;
#8337 = LINE ( 'NONE', #8580, #5476 ) ;
#8338 = ORIENTED_EDGE ( 'NONE', *, *, #5299, .T. ) ;
#8339 = CIRCLE ( 'NONE', #800, 0.2500000000000002220 ) ;
#8340 = CARTESIAN_POINT ( 'NONE',  ( -49.64999999999999858, 48.00000000000000000, 4.599999999999999645 ) ) ;
#8341 = ORIENTED_EDGE ( 'NONE', *, *, #10635, .F. ) ;
#8342 = ORIENTED_EDGE ( 'NONE', *, *, #6267, .F. ) ;
#8343 = ORIENTED_EDGE ( 'NONE', *, *, #7117, .T. ) ;
#8344 = AXIS2_PLACEMENT_3D ( 'NONE', #8578, #2915, #53 ) ;
#8345 = CARTESIAN_POINT ( 'NONE',  ( -66.00000000000000000, 41.04146800830126551, 11.29999999999999716 ) ) ;
#8346 = DIRECTION ( 'NONE',  ( 1.000000000000000000, 0.000000000000000000, 0.000000000000000000 ) ) ;
#8347 = CARTESIAN_POINT ( 'NONE',  ( -45.25000000000000000, 27.75000000000000000, 3.600000000000000089 ) ) ;
#8348 = AXIS2_PLACEMENT_3D ( 'NONE', #5984, #11792, #6919 ) ;
#8349 = LINE ( 'NONE', #769, #9155 ) ;
#8350 = AXIS2_PLACEMENT_3D ( 'NONE', #12234, #3678, #1831 ) ;
#8351 = DIRECTION ( 'NONE',  ( 0.000000000000000000, 0.000000000000000000, 1.000000000000000000 ) ) ;
#8352 = ADVANCED_FACE ( 'NONE', ( #8159 ), #10204, .T. ) ;
#8353 = DIRECTION ( 'NONE',  ( 0.000000000000000000, -1.000000000000000000, 0.000000000000000000 ) ) ;
#8354 = AXIS2_PLACEMENT_3D ( 'NONE', #4206, #11761, #3214 ) ;
#8355 = DIRECTION ( 'NONE',  ( 0.000000000000000000, 0.000000000000000000, 1.000000000000000000 ) ) ;
#8356 = ORIENTED_EDGE ( 'NONE', *, *, #6737, .F. ) ;
#8357 = CIRCLE ( 'NONE', #11747, 0.2500000000000002220 ) ;
#8358 = VECTOR ( 'NONE', #6403, 1000.000000000000000 ) ;
#8359 = EDGE_LOOP ( 'NONE', ( #8179, #7627, #2614, #12174 ) ) ;
#8360 = ORIENTED_EDGE ( 'NONE', *, *, #4092, .T. ) ;
#8361 = LINE ( 'NONE', #12179, #2196 ) ;
#8362 = LINE ( 'NONE', #12289, #2765 ) ;
#8363 = CARTESIAN_POINT ( 'NONE',  ( -39.75000000000000000, 20.00000000000000000, 9.599999999999999645 ) ) ;
#8364 = DIRECTION ( 'NONE',  ( -0.7071067811865475727, 0.000000000000000000, 0.7071067811865475727 ) ) ;
#8365 = DIRECTION ( 'NONE',  ( 0.000000000000000000, 0.000000000000000000, -1.000000000000000000 ) ) ;
#8366 = VECTOR ( 'NONE', #2714, 1000.000000000000000 ) ;
#8367 = PLANE ( 'NONE',  #3273 ) ;
#8368 = AXIS2_PLACEMENT_3D ( 'NONE', #8561, #10425, #9431 ) ;
#8369 = FACE_OUTER_BOUND ( 'NONE', #8520, .T. ) ;
#8370 = EDGE_LOOP ( 'NONE', ( #9405, #9228, #11689, #10905 ) ) ;
#8371 = LINE ( 'NONE', #8189, #10446 ) ;
#8372 = ORIENTED_EDGE ( 'NONE', *, *, #2164, .F. ) ;
#8373 = VERTEX_POINT ( 'NONE', #4474 ) ;
#8374 = ORIENTED_EDGE ( 'NONE', *, *, #907, .T. ) ;
#8375 = CARTESIAN_POINT ( 'NONE',  ( -15.35000000000000142, 1.750000000000000000, 10.09999999999999964 ) ) ;
#8376 = CARTESIAN_POINT ( 'NONE',  ( -2.500000000000000000, 36.00000000000000000, 1.600000000000000089 ) ) ;
#8377 = ORIENTED_EDGE ( 'NONE', *, *, #10774, .T. ) ;
#8378 = LINE ( 'NONE', #8259, #11749 ) ;
#8379 = LINE ( 'NONE', #9371, #8614 ) ;
#8380 = CARTESIAN_POINT ( 'NONE',  ( -52.75000000000000000, 48.00000000000000000, 10.59999999999999964 ) ) ;
#8381 = DIRECTION ( 'NONE',  ( 0.000000000000000000, 0.000000000000000000, -1.000000000000000000 ) ) ;
#8382 = ORIENTED_EDGE ( 'NONE', *, *, #7181, .F. ) ;
#8383 = LINE ( 'NONE', #4639, #9506 ) ;
#8384 = ADVANCED_FACE ( 'NONE', ( #7290 ), #2555, .T. ) ;
#8385 = VERTEX_POINT ( 'NONE', #1694 ) ;
#8386 = ORIENTED_EDGE ( 'NONE', *, *, #10690, .F. ) ;
#8387 = CARTESIAN_POINT ( 'NONE',  ( -75.00000000000000000, 32.00000000000000000, 1.600000000000000089 ) ) ;
#8388 = CARTESIAN_POINT ( 'NONE',  ( -75.00000000000000000, 42.54999999999999716, 3.550000000000000266 ) ) ;
#8389 = EDGE_CURVE ( 'NONE', #734, #8279, #6714, .T. ) ;
#8390 = DIRECTION ( 'NONE',  ( 0.000000000000000000, -1.000000000000000000, 0.000000000000000000 ) ) ;
#8391 = EDGE_CURVE ( 'NONE', #10736, #9123, #11149, .T. ) ;
#8392 = CARTESIAN_POINT ( 'NONE',  ( -35.75000000000000000, 1.750000000000000000, 1.600000000000000089 ) ) ;
#8393 = VERTEX_POINT ( 'NONE', #8340 ) ;
#8394 = DIRECTION ( 'NONE',  ( 1.000000000000000000, 0.000000000000000000, 0.000000000000000000 ) ) ;
#8395 = ORIENTED_EDGE ( 'NONE', *, *, #3704, .F. ) ;
#8396 = ORIENTED_EDGE ( 'NONE', *, *, #12030, .T. ) ;
#8397 = VECTOR ( 'NONE', #11573, 1000.000000000000000 ) ;
#8398 = ORIENTED_EDGE ( 'NONE', *, *, #3480, .F. ) ;
#8399 = PLANE ( 'NONE',  #4353 ) ;
#8400 = CARTESIAN_POINT ( 'NONE',  ( -32.25000000000000000, 2.750000000000000000, 1.600000000000000089 ) ) ;
#8401 = CARTESIAN_POINT ( 'NONE',  ( -66.07322330470340432, 35.30355339059324393, 11.29999999999999893 ) ) ;
#8402 = DIRECTION ( 'NONE',  ( 0.000000000000000000, 0.000000000000000000, -1.000000000000000000 ) ) ;
#8403 = CARTESIAN_POINT ( 'NONE',  ( -34.75000000000000000, 2.750000000000000000, 10.09999999999999964 ) ) ;
#8404 = ADVANCED_FACE ( 'NONE', ( #12158 ), #3596, .F. ) ;
#8405 = ORIENTED_EDGE ( 'NONE', *, *, #785, .F. ) ;
#8406 = AXIS2_PLACEMENT_3D ( 'NONE', #4633, #1734, #8260 ) ;
#8407 = DIRECTION ( 'NONE',  ( -1.000000000000000000, 0.000000000000000000, 0.000000000000000000 ) ) ;
#8408 = CARTESIAN_POINT ( 'NONE',  ( -59.00000000000000000, 14.50000000000000000, 3.350000000000000089 ) ) ;
#8409 = ORIENTED_EDGE ( 'NONE', *, *, #12136, .T. ) ;
#8410 = ADVANCED_FACE ( 'NONE', ( #1448 ), #6227, .T. ) ;
#8411 = ORIENTED_EDGE ( 'NONE', *, *, #1669, .T. ) ;
#8412 = ORIENTED_EDGE ( 'NONE', *, *, #4922, .T. ) ;
#8413 = DIRECTION ( 'NONE',  ( 0.7071067811865474617, 0.7071067811865474617, 0.000000000000000000 ) ) ;
#8414 = VECTOR ( 'NONE', #5376, 1000.000000000000000 ) ;
#8415 = DIRECTION ( 'NONE',  ( 0.000000000000000000, 0.000000000000000000, 1.000000000000000000 ) ) ;
#8416 = CARTESIAN_POINT ( 'NONE',  ( -44.75000000000000000, 50.75000000000000000, 10.09999999999999964 ) ) ;
#8417 = DIRECTION ( 'NONE',  ( -1.000000000000000000, 0.000000000000000000, 0.000000000000000000 ) ) ;
#8418 = ADVANCED_FACE ( 'NONE', ( #511, #1747, #2677, #4651, #2803, #6592, #7650, #11458, #1000, #10388, #3657 ), #2920, .T. ) ;
#8419 = DIRECTION ( 'NONE',  ( 0.000000000000000000, -1.000000000000000000, 0.000000000000000000 ) ) ;
#8420 = DIRECTION ( 'NONE',  ( 0.000000000000000000, 0.000000000000000000, -1.000000000000000000 ) ) ;
#8421 = VERTEX_POINT ( 'NONE', #1989 ) ;
#8422 = ADVANCED_FACE ( 'NONE', ( #8459 ), #4836, .F. ) ;
#8423 = CARTESIAN_POINT ( 'NONE',  ( -22.00000000000000000, 51.75000000000000000, 10.09999999999999964 ) ) ;
#8424 = ADVANCED_FACE ( 'NONE', ( #7468 ), #5777, .F. ) ;
#8425 = VECTOR ( 'NONE', #2758, 1000.000000000000000 ) ;
#8426 = ORIENTED_EDGE ( 'NONE', *, *, #2056, .F. ) ;
#8427 = LINE ( 'NONE', #1091, #11132 ) ;
#8428 = ADVANCED_FACE ( 'NONE', ( #7413 ), #12270, .F. ) ;
#8429 = VERTEX_POINT ( 'NONE', #11209 ) ;
#8430 = VERTEX_POINT ( 'NONE', #10328 ) ;
#8431 = ORIENTED_EDGE ( 'NONE', *, *, #10694, .T. ) ;
#8432 = DIRECTION ( 'NONE',  ( 0.000000000000000000, 0.000000000000000000, 1.000000000000000000 ) ) ;
#8433 = CARTESIAN_POINT ( 'NONE',  ( -74.75000000000000000, 42.54999999999999716, 3.550000000000000266 ) ) ;
#8434 = EDGE_CURVE ( 'NONE', #4910, #3212, #1870, .T. ) ;
#8435 = ORIENTED_EDGE ( 'NONE', *, *, #12218, .T. ) ;
#8436 = CARTESIAN_POINT ( 'NONE',  ( -53.75000000000000000, 48.00000000000000000, 4.599999999999999645 ) ) ;
#8437 = CARTESIAN_POINT ( 'NONE',  ( -66.00000000000000000, 33.70000000000000284, 3.550000000000000266 ) ) ;
#8438 = VECTOR ( 'NONE', #2342, 1000.000000000000000 ) ;
#8439 = VECTOR ( 'NONE', #4879, 1000.000000000000000 ) ;
#8440 = CARTESIAN_POINT ( 'NONE',  ( -16.75000000000000000, 1.750000000000000000, 1.600000000000000089 ) ) ;
#8441 = DIRECTION ( 'NONE',  ( -1.000000000000000000, 0.000000000000000000, 0.000000000000000000 ) ) ;
#8442 = EDGE_CURVE ( 'NONE', #716, #9238, #4526, .T. ) ;
#8443 = AXIS2_PLACEMENT_3D ( 'NONE', #10583, #2994, #6036 ) ;
#8444 = EDGE_LOOP ( 'NONE', ( #5429, #3951, #1343, #12066 ) ) ;
#8445 = VECTOR ( 'NONE', #1083, 1000.000000000000000 ) ;
#8446 = DIRECTION ( 'NONE',  ( 0.000000000000000000, -1.000000000000000000, 0.000000000000000000 ) ) ;
#8447 = ORIENTED_EDGE ( 'NONE', *, *, #7442, .T. ) ;
#8448 = LINE ( 'NONE', #7517, #12135 ) ;
#8449 = ORIENTED_EDGE ( 'NONE', *, *, #10358, .F. ) ;
#8450 = CARTESIAN_POINT ( 'NONE',  ( -5.250000000000000000, 31.00000000000000000, 10.59999999999999964 ) ) ;
#8451 = DIRECTION ( 'NONE',  ( 0.000000000000000000, 0.000000000000000000, -1.000000000000000000 ) ) ;
#8452 = CARTESIAN_POINT ( 'NONE',  ( -29.75000000000000000, 50.75000000000000000, 1.600000000000000089 ) ) ;
#8453 = VECTOR ( 'NONE', #694, 1000.000000000000000 ) ;
#8454 = VECTOR ( 'NONE', #10340, 1000.000000000000000 ) ;
#8455 = ADVANCED_FACE ( 'NONE', ( #3718 ), #5652, .T. ) ;
#8456 = CARTESIAN_POINT ( 'NONE',  ( -51.75000000000000000, 51.00000000000000000, 1.600000000000000089 ) ) ;
#8457 = VERTEX_POINT ( 'NONE', #8518 ) ;
#8458 = EDGE_CURVE ( 'NONE', #3482, #9368, #12334, .T. ) ;
#8459 = FACE_OUTER_BOUND ( 'NONE', #11825, .T. ) ;
#8460 = ORIENTED_EDGE ( 'NONE', *, *, #6023, .F. ) ;
#8461 = ORIENTED_EDGE ( 'NONE', *, *, #286, .T. ) ;
#8462 = ORIENTED_EDGE ( 'NONE', *, *, #4157, .F. ) ;
#8463 = EDGE_CURVE ( 'NONE', #11565, #3581, #6709, .T. ) ;
#8464 = DIRECTION ( 'NONE',  ( 1.000000000000000000, 0.000000000000000000, 0.000000000000000000 ) ) ;
#8465 = CARTESIAN_POINT ( 'NONE',  ( -34.75000000000000000, 50.75000000000000000, 10.09999999999999964 ) ) ;
#8466 = DIRECTION ( 'NONE',  ( 1.000000000000000000, 0.000000000000000000, 0.000000000000000000 ) ) ;
#8467 = PLANE ( 'NONE',  #3572 ) ;
#8468 = PLANE ( 'NONE',  #5867 ) ;
#8469 = DIRECTION ( 'NONE',  ( -1.000000000000000000, 0.000000000000000000, 0.000000000000000000 ) ) ;
#8470 = DIRECTION ( 'NONE',  ( 1.000000000000000000, 0.000000000000000000, 0.000000000000000000 ) ) ;
#8471 = EDGE_CURVE ( 'NONE', #5371, #6289, #2860, .T. ) ;
#8472 = ORIENTED_EDGE ( 'NONE', *, *, #7135, .F. ) ;
#8473 = LINE ( 'NONE', #950, #9132 ) ;
#8474 = ORIENTED_EDGE ( 'NONE', *, *, #10476, .T. ) ;
#8475 = ORIENTED_EDGE ( 'NONE', *, *, #1600, .F. ) ;
#8476 = DIRECTION ( 'NONE',  ( 0.000000000000000000, -1.000000000000000000, 0.000000000000000000 ) ) ;
#8477 = EDGE_CURVE ( 'NONE', #10329, #4458, #5712, .T. ) ;
#8478 = LINE ( 'NONE', #11231, #5541 ) ;
#8479 = CARTESIAN_POINT ( 'NONE',  ( -74.75000000000000000, 32.00000000000000000, 12.34999999999999964 ) ) ;
#8480 = LINE ( 'NONE', #5675, #2668 ) ;
#8481 = CARTESIAN_POINT ( 'NONE',  ( -68.50000000000000000, 44.50000000000000000, 1.850000000000000089 ) ) ;
#8482 = DIRECTION ( 'NONE',  ( 0.000000000000000000, -1.000000000000000000, 0.000000000000000000 ) ) ;
#8483 = ORIENTED_EDGE ( 'NONE', *, *, #3634, .T. ) ;
#8484 = EDGE_CURVE ( 'NONE', #4742, #4141, #1057, .T. ) ;
#8485 = EDGE_CURVE ( 'NONE', #3858, #306, #10267, .T. ) ;
#8486 = CARTESIAN_POINT ( 'NONE',  ( -49.75000000000000000, 50.75000000000000000, 10.09999999999999964 ) ) ;
#8487 = EDGE_LOOP ( 'NONE', ( #5017, #651, #624, #1464 ) ) ;
#8488 = FACE_OUTER_BOUND ( 'NONE', #11888, .T. ) ;
#8489 = VERTEX_POINT ( 'NONE', #819 ) ;
#8490 = VERTEX_POINT ( 'NONE', #9326 ) ;
#8491 = ORIENTED_EDGE ( 'NONE', *, *, #5637, .F. ) ;
#8492 = VERTEX_POINT ( 'NONE', #8888 ) ;
#8493 = LINE ( 'NONE', #851, #5955 ) ;
#8494 = FACE_OUTER_BOUND ( 'NONE', #10271, .T. ) ;
#8495 = ORIENTED_EDGE ( 'NONE', *, *, #11453, .F. ) ;
#8496 = EDGE_CURVE ( 'NONE', #2952, #9015, #10827, .T. ) ;
#8497 = DIRECTION ( 'NONE',  ( 1.000000000000000000, 0.000000000000000000, 0.000000000000000000 ) ) ;
#8498 = DIRECTION ( 'NONE',  ( 0.000000000000000000, 0.000000000000000000, 1.000000000000000000 ) ) ;
#8499 = AXIS2_PLACEMENT_3D ( 'NONE', #3127, #9852, #5117 ) ;
#8500 = CARTESIAN_POINT ( 'NONE',  ( -17.75000000000000000, 2.750000000000000000, 10.09999999999999964 ) ) ;
#8501 = EDGE_CURVE ( 'NONE', #3721, #8598, #7961, .T. ) ;
#8502 = LINE ( 'NONE', #6635, #10853 ) ;
#8503 = EDGE_CURVE ( 'NONE', #9913, #30, #1183, .T. ) ;
#8504 = VERTEX_POINT ( 'NONE', #4148 ) ;
#8505 = ORIENTED_EDGE ( 'NONE', *, *, #6002, .F. ) ;
#8507 = AXIS2_PLACEMENT_3D ( 'NONE', #11024, #7352, #6165 ) ;
#8506 = LINE ( 'NONE', #1857, #5333 ) ;
#8508 = ORIENTED_EDGE ( 'NONE', *, *, #3539, .T. ) ;
#8509 = DIRECTION ( 'NONE',  ( 0.000000000000000000, 0.000000000000000000, 1.000000000000000000 ) ) ;
#8510 = ORIENTED_EDGE ( 'NONE', *, *, #6118, .F. ) ;
#8511 = CARTESIAN_POINT ( 'NONE',  ( -74.75000000000000000, 33.77322330470335032, 9.873223304703369507 ) ) ;
#8512 = CARTESIAN_POINT ( 'NONE',  ( -52.75000000000000000, 48.00000000000000000, 10.59999999999999964 ) ) ;
#8513 = EDGE_CURVE ( 'NONE', #818, #589, #6967, .T. ) ;
#8514 = FACE_BOUND ( 'NONE', #4670, .T. ) ;
#8515 = DIRECTION ( 'NONE',  ( 0.5773502691896257311, -0.5773502691896257311, -0.5773502691896257311 ) ) ;
#8516 = LINE ( 'NONE', #1807, #8070 ) ;
#8517 = ORIENTED_EDGE ( 'NONE', *, *, #5909, .F. ) ;
#8518 = CARTESIAN_POINT ( 'NONE',  ( -8.000000000000000000, 50.75000000000000000, 10.09999999999999964 ) ) ;
#8519 = VECTOR ( 'NONE', #8721, 1000.000000000000000 ) ;
#8520 = EDGE_LOOP ( 'NONE', ( #4184, #5074, #6748, #10023 ) ) ;
#8521 = VECTOR ( 'NONE', #6199, 1000.000000000000000 ) ;
#8522 = ORIENTED_EDGE ( 'NONE', *, *, #849, .F. ) ;
#8523 = EDGE_CURVE ( 'NONE', #7353, #10441, #11771, .T. ) ;
#8524 = LINE ( 'NONE', #2641, #10788 ) ;
#8525 = DIRECTION ( 'NONE',  ( 0.000000000000000000, 0.000000000000000000, 1.000000000000000000 ) ) ;
#8526 = CARTESIAN_POINT ( 'NONE',  ( -66.25000000000000000, 42.54999999999999716, 3.299999999999999822 ) ) ;
#8527 = FACE_OUTER_BOUND ( 'NONE', #10840, .T. ) ;
#8528 = CARTESIAN_POINT ( 'NONE',  ( -7.000000000000000000, 50.75000000000000000, 10.09999999999999964 ) ) ;
#8529 = AXIS2_PLACEMENT_3D ( 'NONE', #4646, #1744, #8333 ) ;
#8530 = AXIS2_PLACEMENT_3D ( 'NONE', #2834, #6627, #93 ) ;
#8531 = PLANE ( 'NONE',  #106 ) ;
#8532 = CARTESIAN_POINT ( 'NONE',  ( -6.250000000000000000, 31.00000000000000000, 4.599999999999999645 ) ) ;
#8533 = ORIENTED_EDGE ( 'NONE', *, *, #10494, .T. ) ;
#8534 = DIRECTION ( 'NONE',  ( 0.000000000000000000, -1.000000000000000000, 0.000000000000000000 ) ) ;
#8535 = CIRCLE ( 'NONE', #5355, 1.750000000000001554 ) ;
#8536 = ORIENTED_EDGE ( 'NONE', *, *, #3148, .T. ) ;
#8537 = ORIENTED_EDGE ( 'NONE', *, *, #1968, .F. ) ;
#8538 = PLANE ( 'NONE',  #8350 ) ;
#8539 = VECTOR ( 'NONE', #7672, 1000.000000000000000 ) ;
#8540 = AXIS2_PLACEMENT_3D ( 'NONE', #611, #2530, #3570 ) ;
#8541 = CARTESIAN_POINT ( 'NONE',  ( -1.250000000000000000, 31.00000000000000000, 4.599999999999999645 ) ) ;
#8542 = PLANE ( 'NONE',  #6580 ) ;
#8543 = CARTESIAN_POINT ( 'NONE',  ( -46.25000000000000000, 48.00000000000000000, 4.599999999999999645 ) ) ;
#8544 = LINE ( 'NONE', #1719, #5752 ) ;
#8545 = PLANE ( 'NONE',  #7842 ) ;
#8546 = ADVANCED_FACE ( 'NONE', ( #1245 ), #3222, .F. ) ;
#8547 = VECTOR ( 'NONE', #7798, 1000.000000000000000 ) ;
#8548 = DIRECTION ( 'NONE',  ( 1.000000000000000000, 0.000000000000000000, 0.000000000000000000 ) ) ;
#8549 = VECTOR ( 'NONE', #414, 1000.000000000000000 ) ;
#8550 = ORIENTED_EDGE ( 'NONE', *, *, #9396, .T. ) ;
#8551 = EDGE_CURVE ( 'NONE', #9048, #3356, #6843, .T. ) ;
#8552 = AXIS2_PLACEMENT_3D ( 'NONE', #11473, #11286, #893 ) ;
#8553 = DIRECTION ( 'NONE',  ( 0.000000000000000000, 0.000000000000000000, 1.000000000000000000 ) ) ;
#8554 = ORIENTED_EDGE ( 'NONE', *, *, #5321, .F. ) ;
#8555 = ORIENTED_EDGE ( 'NONE', *, *, #6054, .T. ) ;
#8556 = EDGE_LOOP ( 'NONE', ( #10902, #911 ) ) ;
#8557 = CARTESIAN_POINT ( 'NONE',  ( -56.50000000000000000, 17.10000000000000142, 2.600000000000000089 ) ) ;
#8558 = CARTESIAN_POINT ( 'NONE',  ( -47.95000000000000284, 47.30000000000000426, 4.599999999999999645 ) ) ;
#8559 = VECTOR ( 'NONE', #11187, 1000.000000000000000 ) ;
#8560 = ORIENTED_EDGE ( 'NONE', *, *, #8898, .T. ) ;
#8561 = CARTESIAN_POINT ( 'NONE',  ( -52.75000000000000000, 28.00000000000000000, 2.350000000000000089 ) ) ;
#8562 = DIRECTION ( 'NONE',  ( 1.000000000000000000, 0.000000000000000000, 0.000000000000000000 ) ) ;
#8563 = VECTOR ( 'NONE', #5396, 1000.000000000000000 ) ;
#8564 = DIRECTION ( 'NONE',  ( -1.000000000000000000, 0.000000000000000000, 0.000000000000000000 ) ) ;
#8565 = DIRECTION ( 'NONE',  ( -1.000000000000000000, 0.000000000000000000, 0.000000000000000000 ) ) ;
#8566 = ADVANCED_FACE ( 'NONE', ( #307 ), #4963, .F. ) ;
#8567 = DIRECTION ( 'NONE',  ( 0.000000000000000000, 1.000000000000000000, 0.000000000000000000 ) ) ;
#8568 = ORIENTED_EDGE ( 'NONE', *, *, #5723, .F. ) ;
#8569 = ORIENTED_EDGE ( 'NONE', *, *, #9217, .T. ) ;
#8570 = VECTOR ( 'NONE', #5511, 1000.000000000000000 ) ;
#8571 = DIRECTION ( 'NONE',  ( 0.000000000000000000, -1.000000000000000000, 0.000000000000000000 ) ) ;
#8572 = ORIENTED_EDGE ( 'NONE', *, *, #915, .T. ) ;
#8573 = CARTESIAN_POINT ( 'NONE',  ( -56.50000000000000000, 20.25000000000000000, 2.600000000000000089 ) ) ;
#8574 = EDGE_LOOP ( 'NONE', ( #10538, #11552, #10266, #2289 ) ) ;
#8575 = CARTESIAN_POINT ( 'NONE',  ( -34.75000000000000000, 1.750000000000000000, 1.600000000000000089 ) ) ;
#8576 = CARTESIAN_POINT ( 'NONE',  ( -47.25000000000000000, 44.00000000000000000, 1.600000000000000089 ) ) ;
#8577 = EDGE_CURVE ( 'NONE', #2042, #7414, #2239, .T. ) ;
#8578 = CARTESIAN_POINT ( 'NONE',  ( -74.75000000000000000, 44.25000000000000000, 1.850000000000000089 ) ) ;
#8579 = CARTESIAN_POINT ( 'NONE',  ( -52.75000000000000000, 45.65000000000000568, 4.599999999999999645 ) ) ;
#8580 = CARTESIAN_POINT ( 'NONE',  ( -39.75000000000000000, 2.750000000000000000, 10.09999999999999964 ) ) ;
#8581 = ORIENTED_EDGE ( 'NONE', *, *, #3650, .F. ) ;
#8582 = ADVANCED_FACE ( 'NONE', ( #7030 ), #9693, .T. ) ;
#8583 = DIRECTION ( 'NONE',  ( 0.000000000000000000, -1.000000000000000000, 0.000000000000000000 ) ) ;
#8584 = EDGE_CURVE ( 'NONE', #3755, #9048, #10766, .T. ) ;
#8585 = ORIENTED_EDGE ( 'NONE', *, *, #6442, .T. ) ;
#8586 = CARTESIAN_POINT ( 'NONE',  ( -5.250000000000000000, 27.90000000000000213, 10.59999999999999964 ) ) ;
#8587 = EDGE_CURVE ( 'NONE', #11129, #5078, #6024, .T. ) ;
#8588 = DIRECTION ( 'NONE',  ( 0.000000000000000000, 1.000000000000000000, 0.000000000000000000 ) ) ;
#8589 = CARTESIAN_POINT ( 'NONE',  ( -21.00000000000000000, 3.500000000000000000, 10.09999999999999964 ) ) ;
#8590 = LINE ( 'NONE', #7658, #2073 ) ;
#8591 = DIRECTION ( 'NONE',  ( 0.000000000000000000, 1.000000000000000000, 0.000000000000000000 ) ) ;
#8592 = LINE ( 'NONE', #3855, #3278 ) ;
#8593 = VECTOR ( 'NONE', #6970, 1000.000000000000000 ) ;
#8594 = EDGE_CURVE ( 'NONE', #113, #8676, #7709, .T. ) ;
#8595 = LINE ( 'NONE', #72, #8901 ) ;
#8596 = EDGE_LOOP ( 'NONE', ( #3448, #5374, #134, #610 ) ) ;
#8597 = CARTESIAN_POINT ( 'NONE',  ( -2.500000000000000000, 41.00000000000000000, 0.000000000000000000 ) ) ;
#8598 = VERTEX_POINT ( 'NONE', #11509 ) ;
#8599 = ORIENTED_EDGE ( 'NONE', *, *, #9355, .T. ) ;
#8600 = DIRECTION ( 'NONE',  ( 0.000000000000000000, -1.000000000000000000, 0.000000000000000000 ) ) ;
#8601 = DIRECTION ( 'NONE',  ( 0.000000000000000000, -1.000000000000000000, 0.000000000000000000 ) ) ;
#8602 = PLANE ( 'NONE',  #8174 ) ;
#8603 = CARTESIAN_POINT ( 'NONE',  ( -16.75000000000000000, 2.750000000000000000, 1.600000000000000089 ) ) ;
#8604 = VECTOR ( 'NONE', #3338, 1000.000000000000000 ) ;
#8605 = CARTESIAN_POINT ( 'NONE',  ( -8.149999999999998579, 2.750000000000000000, 10.09999999999999964 ) ) ;
#8606 = DIRECTION ( 'NONE',  ( 0.000000000000000000, 0.000000000000000000, -1.000000000000000000 ) ) ;
#8607 = EDGE_CURVE ( 'NONE', #138, #967, #1125, .T. ) ;
#8608 = CARTESIAN_POINT ( 'NONE',  ( -9.549999999999998934, 1.750000000000000000, 10.09999999999999964 ) ) ;
#8609 = ORIENTED_EDGE ( 'NONE', *, *, #6529, .F. ) ;
#8610 = EDGE_CURVE ( 'NONE', #11801, #8373, #175, .T. ) ;
#8611 = CARTESIAN_POINT ( 'NONE',  ( -17.00000000000000000, 50.75000000000000000, 10.09999999999999964 ) ) ;
#8612 = VERTEX_POINT ( 'NONE', #4895 ) ;
#8613 = ORIENTED_EDGE ( 'NONE', *, *, #9369, .T. ) ;
#8614 = VECTOR ( 'NONE', #10121, 1000.000000000000000 ) ;
#8615 = EDGE_CURVE ( 'NONE', #5925, #3358, #8704, .T. ) ;
#8616 = VERTEX_POINT ( 'NONE', #2116 ) ;
#8617 = ORIENTED_EDGE ( 'NONE', *, *, #756, .F. ) ;
#8618 = LINE ( 'NONE', #11429, #1193 ) ;
#8619 = CARTESIAN_POINT ( 'NONE',  ( -55.00000000000000000, 2.500000000000000000, 1.600000000000000089 ) ) ;
#8620 = ORIENTED_EDGE ( 'NONE', *, *, #4144, .T. ) ;
#8621 = DIRECTION ( 'NONE',  ( 0.000000000000000000, 0.000000000000000000, -1.000000000000000000 ) ) ;
#8622 = CARTESIAN_POINT ( 'NONE',  ( -29.75000000000000000, 1.750000000000000000, 1.600000000000000089 ) ) ;
#8623 = EDGE_CURVE ( 'NONE', #2241, #5690, #5902, .T. ) ;
#8624 = DIRECTION ( 'NONE',  ( 0.000000000000000000, 0.000000000000000000, 1.000000000000000000 ) ) ;
#8625 = PLANE ( 'NONE',  #8826 ) ;
#8626 = VECTOR ( 'NONE', #328, 1000.000000000000000 ) ;
#8627 = DIRECTION ( 'NONE',  ( -0.000000000000000000, -0.000000000000000000, -1.000000000000000000 ) ) ;
#8628 = VERTEX_POINT ( 'NONE', #4025 ) ;
#8629 = EDGE_LOOP ( 'NONE', ( #4426, #4413, #6655, #6917 ) ) ;
#8630 = PLANE ( 'NONE',  #11109 ) ;
#8631 = EDGE_CURVE ( 'NONE', #10527, #5016, #7833, .T. ) ;
#8632 = VECTOR ( 'NONE', #4704, 1000.000000000000000 ) ;
#8633 = ORIENTED_EDGE ( 'NONE', *, *, #1415, .T. ) ;
#8634 = FACE_OUTER_BOUND ( 'NONE', #6899, .T. ) ;
#8635 = VECTOR ( 'NONE', #4004, 1000.000000000000000 ) ;
#8636 = ORIENTED_EDGE ( 'NONE', *, *, #3903, .F. ) ;
#8637 = DIRECTION ( 'NONE',  ( 0.000000000000000000, -1.000000000000000000, 0.000000000000000000 ) ) ;
#8638 = CARTESIAN_POINT ( 'NONE',  ( -40.75000000000000000, 1.750000000000000000, 10.09999999999999964 ) ) ;
#8639 = CARTESIAN_POINT ( 'NONE',  ( -3.250000000000000000, 52.50000000000000000, 10.09999999999999964 ) ) ;
#8640 = AXIS2_PLACEMENT_3D ( 'NONE', #12186, #663, #730 ) ;
#8641 = PLANE ( 'NONE',  #9649 ) ;
#8642 = VECTOR ( 'NONE', #8606, 1000.000000000000000 ) ;
#8643 = EDGE_CURVE ( 'NONE', #3356, #9900, #3402, .T. ) ;
#8644 = ADVANCED_FACE ( 'NONE', ( #2430 ), #9953, .F. ) ;
#8645 = ORIENTED_EDGE ( 'NONE', *, *, #12166, .F. ) ;
#8646 = CARTESIAN_POINT ( 'NONE',  ( -55.00000000000000000, 2.500000000000000000, 1.600000000000000089 ) ) ;
#8647 = EDGE_LOOP ( 'NONE', ( #10818, #11524, #4867, #9621 ) ) ;
#8648 = ORIENTED_EDGE ( 'NONE', *, *, #331, .F. ) ;
#8649 = VECTOR ( 'NONE', #10342, 1000.000000000000000 ) ;
#8650 = CARTESIAN_POINT ( 'NONE',  ( -7.000000000000000000, 51.75000000000000000, 10.09999999999999964 ) ) ;
#8651 = AXIS2_PLACEMENT_3D ( 'NONE', #1009, #8591, #2928 ) ;
#8652 = DIRECTION ( 'NONE',  ( -1.000000000000000000, 0.000000000000000000, 0.000000000000000000 ) ) ;
#8653 = EDGE_CURVE ( 'NONE', #157, #11273, #12017, .T. ) ;
#8654 = CARTESIAN_POINT ( 'NONE',  ( -42.00000000000000000, 3.500000000000000000, 10.09999999999999964 ) ) ;
#8655 = CARTESIAN_POINT ( 'NONE',  ( -71.00000000000000000, 12.50000000000000000, 12.59999999999999964 ) ) ;
#8656 = ADVANCED_FACE ( 'NONE', ( #7093 ), #10068, .F. ) ;
#8657 = CARTESIAN_POINT ( 'NONE',  ( -10.50000000000000000, 51.75000000000000000, 1.600000000000000089 ) ) ;
#8658 = EDGE_CURVE ( 'NONE', #8032, #113, #10953, .T. ) ;
#8659 = CARTESIAN_POINT ( 'NONE',  ( -22.25000000000000000, 2.750000000000000000, 1.600000000000000089 ) ) ;
#8660 = CIRCLE ( 'NONE', #11256, 0.2499999999999991118 ) ;
#8661 = VECTOR ( 'NONE', #3640, 1000.000000000000000 ) ;
#8662 = ADVANCED_FACE ( 'NONE', ( #9136 ), #10009, .T. ) ;
#8663 = PLANE ( 'NONE',  #11088 ) ;
#8664 = ORIENTED_EDGE ( 'NONE', *, *, #8699, .F. ) ;
#8665 = DIRECTION ( 'NONE',  ( 1.000000000000000000, 0.000000000000000000, 0.000000000000000000 ) ) ;
#8666 = ORIENTED_EDGE ( 'NONE', *, *, #3176, .F. ) ;
#8667 = ORIENTED_EDGE ( 'NONE', *, *, #7496, .T. ) ;
#8668 = CARTESIAN_POINT ( 'NONE',  ( -71.00000000000000000, 3.500000000000000000, 12.59999999999999964 ) ) ;
#8669 = CARTESIAN_POINT ( 'NONE',  ( 0.000000000000000000, 32.25000000000000000, 1.600000000000000089 ) ) ;
#8670 = CARTESIAN_POINT ( 'NONE',  ( -38.25000000000000000, 1.750000000000000000, 10.09999999999999964 ) ) ;
#8671 = LINE ( 'NONE', #5862, #11012 ) ;
#8672 = EDGE_CURVE ( 'NONE', #11042, #4680, #8145, .T. ) ;
#8673 = CARTESIAN_POINT ( 'NONE',  ( -52.75000000000000000, 26.00000000000000000, 3.600000000000000089 ) ) ;
#8674 = LINE ( 'NONE', #11479, #9046 ) ;
#8675 = DIRECTION ( 'NONE',  ( 0.000000000000000000, 0.000000000000000000, 1.000000000000000000 ) ) ;
#8676 = VERTEX_POINT ( 'NONE', #9016 ) ;
#8677 = FACE_OUTER_BOUND ( 'NONE', #2362, .T. ) ;
#8678 = ORIENTED_EDGE ( 'NONE', *, *, #2316, .F. ) ;
#8679 = ORIENTED_EDGE ( 'NONE', *, *, #11936, .T. ) ;
#8680 = EDGE_LOOP ( 'NONE', ( #606, #1921, #7237, #2131 ) ) ;
#8681 = PLANE ( 'NONE',  #7758 ) ;
#8682 = CARTESIAN_POINT ( 'NONE',  ( -17.00000000000000000, 50.75000000000000000, 10.09999999999999964 ) ) ;
#8683 = VERTEX_POINT ( 'NONE', #8204 ) ;
#8684 = ORIENTED_EDGE ( 'NONE', *, *, #4838, .T. ) ;
#8685 = EDGE_CURVE ( 'NONE', #11071, #11834, #499, .T. ) ;
#8686 = DIRECTION ( 'NONE',  ( 1.000000000000000000, 0.000000000000000000, 0.000000000000000000 ) ) ;
#8687 = CARTESIAN_POINT ( 'NONE',  ( -21.00000000000000000, 1.000000000000000000, 10.09999999999999964 ) ) ;
#8688 = LINE ( 'NONE', #7690, #10744 ) ;
#8689 = CARTESIAN_POINT ( 'NONE',  ( -47.95000000000000284, 45.65000000000000568, 4.599999999999999645 ) ) ;
#8690 = DIRECTION ( 'NONE',  ( 0.000000000000000000, -1.000000000000000000, 0.000000000000000000 ) ) ;
#8691 = ORIENTED_EDGE ( 'NONE', *, *, #8020, .F. ) ;
#8692 = ORIENTED_EDGE ( 'NONE', *, *, #8807, .T. ) ;
#8693 = CARTESIAN_POINT ( 'NONE',  ( -68.50000000000000000, 44.50000000000000000, 1.600000000000000089 ) ) ;
#8694 = ORIENTED_EDGE ( 'NONE', *, *, #9333, .T. ) ;
#8695 = CARTESIAN_POINT ( 'NONE',  ( -39.75000000000000000, 11.50000000000000000, 6.599999999999999645 ) ) ;
#8696 = ORIENTED_EDGE ( 'NONE', *, *, #4511, .F. ) ;
#8697 = LINE ( 'NONE', #7771, #5576 ) ;
#8698 = CARTESIAN_POINT ( 'NONE',  ( -66.02571260525608920, 35.37074366610939080, 11.29999999999999716 ) ) ;
#8699 = EDGE_CURVE ( 'NONE', #2655, #9153, #10128, .T. ) ;
#8700 = CARTESIAN_POINT ( 'NONE',  ( -10.55000000000000071, 2.750000000000000000, 10.09999999999999964 ) ) ;
#8701 = VECTOR ( 'NONE', #10160, 1000.000000000000000 ) ;
#8702 = VERTEX_POINT ( 'NONE', #1619 ) ;
#8703 = ADVANCED_FACE ( 'NONE', ( #1555 ), #11072, .F. ) ;
#8704 = LINE ( 'NONE', #179, #6923 ) ;
#8705 = VERTEX_POINT ( 'NONE', #4279 ) ;
#8706 = CARTESIAN_POINT ( 'NONE',  ( 0.000000000000000000, 48.00000000000000000, 4.599999999999999645 ) ) ;
#8707 = VECTOR ( 'NONE', #1809, 1000.000000000000000 ) ;
#8708 = LINE ( 'NONE', #10579, #5740 ) ;
#8709 = CARTESIAN_POINT ( 'NONE',  ( -6.250000000000000000, 31.00000000000000000, 4.599999999999999645 ) ) ;
#8710 = CARTESIAN_POINT ( 'NONE',  ( -3.750000000000000000, 11.50000000000000000, 9.599999999999999645 ) ) ;
#8711 = DIRECTION ( 'NONE',  ( 0.000000000000000000, 1.000000000000000000, 0.000000000000000000 ) ) ;
#8712 = VECTOR ( 'NONE', #2785, 1000.000000000000000 ) ;
#8713 = DIRECTION ( 'NONE',  ( 0.000000000000000000, 0.000000000000000000, -1.000000000000000000 ) ) ;
#8714 = ORIENTED_EDGE ( 'NONE', *, *, #7985, .F. ) ;
#8715 = CARTESIAN_POINT ( 'NONE',  ( -3.250000000000000000, 50.00000000000000000, 10.09999999999999964 ) ) ;
#8716 = ORIENTED_EDGE ( 'NONE', *, *, #9374, .F. ) ;
#8717 = EDGE_LOOP ( 'NONE', ( #7473, #11863, #11180, #8163 ) ) ;
#8718 = ORIENTED_EDGE ( 'NONE', *, *, #3641, .F. ) ;
#8719 = DIRECTION ( 'NONE',  ( 0.000000000000000000, 0.000000000000000000, -1.000000000000000000 ) ) ;
#8720 = AXIS2_PLACEMENT_3D ( 'NONE', #4296, #518, #8039 ) ;
#8721 = DIRECTION ( 'NONE',  ( 1.000000000000000000, 0.000000000000000000, 0.000000000000000000 ) ) ;
#8722 = DIRECTION ( 'NONE',  ( 0.000000000000000000, 0.000000000000000000, 1.000000000000000000 ) ) ;
#8723 = CARTESIAN_POINT ( 'NONE',  ( -2.500000000000000000, 41.00000000000000000, 1.600000000000000089 ) ) ;
#8724 = EDGE_CURVE ( 'NONE', #762, #4332, #1680, .T. ) ;
#8725 = CARTESIAN_POINT ( 'NONE',  ( -37.25000000000000000, 50.75000000000000000, 1.600000000000000089 ) ) ;
#8726 = AXIS2_PLACEMENT_3D ( 'NONE', #10463, #10587, #9592 ) ;
#8727 = CARTESIAN_POINT ( 'NONE',  ( -47.95000000000000284, 45.65000000000000568, 10.59999999999999964 ) ) ;
#8728 = LINE ( 'NONE', #4054, #5656 ) ;
#8729 = VERTEX_POINT ( 'NONE', #5402 ) ;
#8730 = AXIS2_PLACEMENT_3D ( 'NONE', #563, #6902, #445 ) ;
#8731 = CARTESIAN_POINT ( 'NONE',  ( -10.50000000000000000, 50.75000000000000000, 10.09999999999999964 ) ) ;
#8732 = VERTEX_POINT ( 'NONE', #9200 ) ;
#8733 = AXIS2_PLACEMENT_3D ( 'NONE', #6450, #4388, #736 ) ;
#8734 = EDGE_CURVE ( 'NONE', #7510, #2012, #4460, .T. ) ;
#8735 = ORIENTED_EDGE ( 'NONE', *, *, #2914, .T. ) ;
#8736 = VERTEX_POINT ( 'NONE', #2612 ) ;
#8737 = LINE ( 'NONE', #154, #6966 ) ;
#8738 = DIRECTION ( 'NONE',  ( -1.000000000000000000, 0.000000000000000000, 0.000000000000000000 ) ) ;
#8739 = ORIENTED_EDGE ( 'NONE', *, *, #9157, .F. ) ;
#8740 = LINE ( 'NONE', #10611, #7581 ) ;
#8741 = CARTESIAN_POINT ( 'NONE',  ( -51.00000000000000000, 52.50000000000000000, 10.09999999999999964 ) ) ;
#8742 = FACE_OUTER_BOUND ( 'NONE', #6053, .T. ) ;
#8743 = AXIS2_PLACEMENT_3D ( 'NONE', #9862, #9574, #5645 ) ;
#8744 = CARTESIAN_POINT ( 'NONE',  ( -20.50000000000000000, 50.75000000000000000, 10.09999999999999964 ) ) ;
#8745 = VECTOR ( 'NONE', #8978, 1000.000000000000000 ) ;
#8746 = VECTOR ( 'NONE', #7095, 1000.000000000000000 ) ;
#8747 = PLANE ( 'NONE',  #98 ) ;
#8748 = ORIENTED_EDGE ( 'NONE', *, *, #7824, .F. ) ;
#8749 = ADVANCED_FACE ( 'NONE', ( #439 ), #11892, .F. ) ;
#8750 = VERTEX_POINT ( 'NONE', #8267 ) ;
#8751 = FACE_OUTER_BOUND ( 'NONE', #308, .T. ) ;
#8752 = VECTOR ( 'NONE', #5950, 1000.000000000000000 ) ;
#8753 = EDGE_LOOP ( 'NONE', ( #1585, #5137, #3014, #8810 ) ) ;
#8754 = ORIENTED_EDGE ( 'NONE', *, *, #2879, .T. ) ;
#8755 = CYLINDRICAL_SURFACE ( 'NONE', #9930, 0.2500000000000002220 ) ;
#8756 = AXIS2_PLACEMENT_3D ( 'NONE', #5969, #4096, #9699 ) ;
#8757 = AXIS2_PLACEMENT_3D ( 'NONE', #11826, #10819, #9756 ) ;
#8758 = VERTEX_POINT ( 'NONE', #3344 ) ;
#8759 = CARTESIAN_POINT ( 'NONE',  ( -18.00000000000000000, 51.75000000000000000, 10.09999999999999964 ) ) ;
#8760 = DIRECTION ( 'NONE',  ( 0.000000000000000000, -1.000000000000000000, 0.000000000000000000 ) ) ;
#8761 = VECTOR ( 'NONE', #12127, 1000.000000000000000 ) ;
#8762 = CARTESIAN_POINT ( 'NONE',  ( -11.95000000000000107, 1.750000000000000000, 10.09999999999999964 ) ) ;
#8763 = AXIS2_PLACEMENT_3D ( 'NONE', #9174, #9985, #536 ) ;
#8764 = ADVANCED_FACE ( 'NONE', ( #5458 ), #11833, .F. ) ;
#8765 = ORIENTED_EDGE ( 'NONE', *, *, #11027, .T. ) ;
#8766 = CARTESIAN_POINT ( 'NONE',  ( -74.75000000000000000, 42.79999999999999716, 9.799999999999998934 ) ) ;
#8767 = ORIENTED_EDGE ( 'NONE', *, *, #7103, .F. ) ;
#8768 = EDGE_CURVE ( 'NONE', #9900, #7427, #2666, .T. ) ;
#8769 = ORIENTED_EDGE ( 'NONE', *, *, #945, .T. ) ;
#8770 = EDGE_CURVE ( 'NONE', #4667, #2229, #3707, .T. ) ;
#8771 = CARTESIAN_POINT ( 'NONE',  ( -39.75000000000000000, 50.75000000000000000, 10.09999999999999964 ) ) ;
#8772 = FACE_BOUND ( 'NONE', #4324, .T. ) ;
#8773 = CARTESIAN_POINT ( 'NONE',  ( -20.50000000000000000, 51.75000000000000000, 10.09999999999999964 ) ) ;
#8774 = PLANE ( 'NONE',  #87 ) ;
#8775 = EDGE_CURVE ( 'NONE', #3358, #909, #5517, .T. ) ;
#8776 = PLANE ( 'NONE',  #5658 ) ;
#8777 = DIRECTION ( 'NONE',  ( 0.000000000000000000, 1.000000000000000000, 0.000000000000000000 ) ) ;
#8778 = FACE_BOUND ( 'NONE', #8596, .T. ) ;
#8779 = ORIENTED_EDGE ( 'NONE', *, *, #2316, .T. ) ;
#8780 = CARTESIAN_POINT ( 'NONE',  ( -59.00000000000000000, 17.89999999999999858, 2.600000000000000089 ) ) ;
#8781 = ORIENTED_EDGE ( 'NONE', *, *, #747, .T. ) ;
#8782 = EDGE_LOOP ( 'NONE', ( #2524, #8609, #2710, #4598 ) ) ;
#8783 = VERTEX_POINT ( 'NONE', #6465 ) ;
#8784 = CARTESIAN_POINT ( 'NONE',  ( -33.75000000000000000, 50.75000000000000000, 10.09999999999999964 ) ) ;
#8785 = CARTESIAN_POINT ( 'NONE',  ( -56.50000000000000000, 19.44999999999999929, 1.600000000000000089 ) ) ;
#8786 = CARTESIAN_POINT ( 'NONE',  ( -12.94999999999999929, 2.750000000000000000, 10.09999999999999964 ) ) ;
#8787 = LINE ( 'NONE', #5863, #7764 ) ;
#8788 = CYLINDRICAL_SURFACE ( 'NONE', #3459, 2.250000000000001776 ) ;
#8789 = VECTOR ( 'NONE', #3075, 1000.000000000000000 ) ;
#8790 = LINE ( 'NONE', #9977, #2691 ) ;
#8791 = ORIENTED_EDGE ( 'NONE', *, *, #8551, .F. ) ;
#8792 = EDGE_CURVE ( 'NONE', #2529, #5991, #4697, .T. ) ;
#8793 = CARTESIAN_POINT ( 'NONE',  ( -74.75000000000000000, 35.50000000000000000, 8.550000000000000711 ) ) ;
#8794 = ORIENTED_EDGE ( 'NONE', *, *, #5994, .T. ) ;
#8795 = EDGE_LOOP ( 'NONE', ( #5335, #6140, #5857, #3772 ) ) ;
#8796 = VERTEX_POINT ( 'NONE', #9441 ) ;
#8797 = CARTESIAN_POINT ( 'NONE',  ( -15.50000000000000000, 50.75000000000000000, 10.09999999999999964 ) ) ;
#8798 = CARTESIAN_POINT ( 'NONE',  ( -9.500000000000000000, 51.75000000000000000, 1.600000000000000089 ) ) ;
#8799 = VECTOR ( 'NONE', #1742, 1000.000000000000000 ) ;
#8800 = EDGE_LOOP ( 'NONE', ( #5390, #7376 ) ) ;
#8801 = CARTESIAN_POINT ( 'NONE',  ( -58.75000000000000000, 44.25000000000000000, 12.34999999999999964 ) ) ;
#8802 = CARTESIAN_POINT ( 'NONE',  ( -65.50000000000000000, 46.00000000000000000, 1.600000000000000089 ) ) ;
#8803 = LINE ( 'NONE', #1348, #11154 ) ;
#8804 = FACE_OUTER_BOUND ( 'NONE', #3814, .T. ) ;
#8805 = ADVANCED_FACE ( 'NONE', ( #924 ), #6698, .T. ) ;
#8806 = EDGE_CURVE ( 'NONE', #2889, #8758, #2847, .T. ) ;
#8807 = EDGE_CURVE ( 'NONE', #9185, #11151, #12204, .T. ) ;
#8808 = CARTESIAN_POINT ( 'NONE',  ( -49.64999999999999858, 45.65000000000000568, 4.599999999999999645 ) ) ;
#8809 = AXIS2_PLACEMENT_3D ( 'NONE', #3021, #4690, #2032 ) ;
#8810 = ORIENTED_EDGE ( 'NONE', *, *, #2439, .F. ) ;
#8811 = DIRECTION ( 'NONE',  ( 0.000000000000000000, 0.000000000000000000, -1.000000000000000000 ) ) ;
#8812 = ORIENTED_EDGE ( 'NONE', *, *, #1721, .T. ) ;
#8813 = EDGE_CURVE ( 'NONE', #5204, #3482, #1792, .T. ) ;
#8814 = CARTESIAN_POINT ( 'NONE',  ( -2.250000000000000000, 32.00000000000000000, 1.600000000000000089 ) ) ;
#8815 = EDGE_LOOP ( 'NONE', ( #5595, #3631, #4366, #4428 ) ) ;
#8816 = ORIENTED_EDGE ( 'NONE', *, *, #4726, .F. ) ;
#8817 = LINE ( 'NONE', #2350, #1789 ) ;
#8818 = DIRECTION ( 'NONE',  ( 0.7071067811865470176, -0.7071067811865480168, 0.000000000000000000 ) ) ;
#8819 = ORIENTED_EDGE ( 'NONE', *, *, #105, .T. ) ;
#8820 = LINE ( 'NONE', #6958, #3383 ) ;
#8821 = CARTESIAN_POINT ( 'NONE',  ( -66.07322330470340432, 35.30355339059324393, 11.29999999999999893 ) ) ;
#8822 = VECTOR ( 'NONE', #2446, 1000.000000000000000 ) ;
#8823 = EDGE_CURVE ( 'NONE', #11042, #8490, #8506, .T. ) ;
#8824 = DIRECTION ( 'NONE',  ( -1.000000000000000000, 0.000000000000000000, 0.000000000000000000 ) ) ;
#8825 = EDGE_LOOP ( 'NONE', ( #8075, #4911, #6545, #7542 ) ) ;
#8826 = AXIS2_PLACEMENT_3D ( 'NONE', #7631, #3023, #11495 ) ;
#8827 = CARTESIAN_POINT ( 'NONE',  ( -52.75000000000000000, 27.50000000000000000, 3.850000000000000089 ) ) ;
#8828 = EDGE_LOOP ( 'NONE', ( #3635, #1483, #6915, #11028 ) ) ;
#8829 = DIRECTION ( 'NONE',  ( 0.000000000000000000, 0.000000000000000000, 1.000000000000000000 ) ) ;
#8830 = CARTESIAN_POINT ( 'NONE',  ( -12.94999999999999929, 1.750000000000000000, 1.600000000000000089 ) ) ;
#8831 = EDGE_CURVE ( 'NONE', #398, #2012, #8383, .T. ) ;
#8832 = DIRECTION ( 'NONE',  ( 0.000000000000000000, 1.000000000000000000, 0.000000000000000000 ) ) ;
#8833 = DIRECTION ( 'NONE',  ( 0.000000000000000000, 0.000000000000000000, -1.000000000000000000 ) ) ;
#8834 = VECTOR ( 'NONE', #3141, 1000.000000000000000 ) ;
#8835 = AXIS2_PLACEMENT_3D ( 'NONE', #1269, #10787, #6112 ) ;
#8836 = LINE ( 'NONE', #7902, #11649 ) ;
#8837 = FACE_OUTER_BOUND ( 'NONE', #6594, .T. ) ;
#8838 = LINE ( 'NONE', #9650, #3722 ) ;
#8839 = ORIENTED_EDGE ( 'NONE', *, *, #3679, .T. ) ;
#8840 = AXIS2_PLACEMENT_3D ( 'NONE', #5241, #583, #709 ) ;
#8841 = VECTOR ( 'NONE', #6286, 1000.000000000000000 ) ;
#8842 = DIRECTION ( 'NONE',  ( -1.000000000000000000, -0.000000000000000000, -0.000000000000000000 ) ) ;
#8843 = ORIENTED_EDGE ( 'NONE', *, *, #1798, .F. ) ;
#8844 = VERTEX_POINT ( 'NONE', #10496 ) ;
#8845 = DIRECTION ( 'NONE',  ( 0.000000000000000000, -1.000000000000000000, 0.000000000000000000 ) ) ;
#8846 = DIRECTION ( 'NONE',  ( 0.000000000000000000, 0.000000000000000000, -1.000000000000000000 ) ) ;
#8847 = DIRECTION ( 'NONE',  ( 0.000000000000000000, 0.000000000000000000, -1.000000000000000000 ) ) ;
#8848 = LINE ( 'NONE', #9537, #10949 ) ;
#8849 = ADVANCED_FACE ( 'NONE', ( #9259 ), #1918, .T. ) ;
#8850 = DIRECTION ( 'NONE',  ( 1.000000000000000000, 0.000000000000000000, 0.000000000000000000 ) ) ;
#8851 = ORIENTED_EDGE ( 'NONE', *, *, #4397, .F. ) ;
#8852 = VECTOR ( 'NONE', #8811, 1000.000000000000000 ) ;
#8853 = VECTOR ( 'NONE', #6774, 1000.000000000000000 ) ;
#8854 = EDGE_CURVE ( 'NONE', #7211, #9970, #7582, .T. ) ;
#8855 = CARTESIAN_POINT ( 'NONE',  ( -47.25000000000000000, 51.75000000000000000, 1.600000000000000089 ) ) ;
#8856 = ORIENTED_EDGE ( 'NONE', *, *, #4692, .T. ) ;
#8857 = CARTESIAN_POINT ( 'NONE',  ( -2.899999999999999911, 31.00000000000000000, 4.599999999999999645 ) ) ;
#8858 = ORIENTED_EDGE ( 'NONE', *, *, #2948, .T. ) ;
#8859 = ORIENTED_EDGE ( 'NONE', *, *, #8615, .F. ) ;
#8860 = EDGE_CURVE ( 'NONE', #10230, #1534, #11313, .T. ) ;
#8861 = EDGE_LOOP ( 'NONE', ( #5515, #1292, #12286, #5324 ) ) ;
#8862 = ORIENTED_EDGE ( 'NONE', *, *, #9877, .F. ) ;
#8863 = DIRECTION ( 'NONE',  ( 0.000000000000000000, 0.000000000000000000, 1.000000000000000000 ) ) ;
#8864 = CARTESIAN_POINT ( 'NONE',  ( -74.75000000000000000, 41.37322330470334464, 11.22677669529664080 ) ) ;
#8865 = EDGE_LOOP ( 'NONE', ( #4314, #2105, #1048, #9934 ) ) ;
#8866 = CARTESIAN_POINT ( 'NONE',  ( -14.34999999999999964, 1.750000000000000000, 10.09999999999999964 ) ) ;
#8867 = CARTESIAN_POINT ( 'NONE',  ( -9.500000000000000000, 51.75000000000000000, 10.09999999999999964 ) ) ;
#8868 = ADVANCED_FACE ( 'NONE', ( #10436 ), #5699, .T. ) ;
#8869 = FACE_BOUND ( 'NONE', #2030, .T. ) ;
#8870 = DIRECTION ( 'NONE',  ( 0.000000000000000000, -2.775557561562888827E-14, -1.000000000000000000 ) ) ;
#8871 = FACE_OUTER_BOUND ( 'NONE', #9226, .T. ) ;
#8872 = CARTESIAN_POINT ( 'NONE',  ( -68.50000000000000000, 53.50000000000000000, 1.600000000000000089 ) ) ;
#8873 = ORIENTED_EDGE ( 'NONE', *, *, #9146, .T. ) ;
#8874 = LINE ( 'NONE', #7878, #5664 ) ;
#8875 = ORIENTED_EDGE ( 'NONE', *, *, #1346, .T. ) ;
#8876 = DIRECTION ( 'NONE',  ( -1.000000000000000000, 0.000000000000000000, 0.000000000000000000 ) ) ;
#8877 = ORIENTED_EDGE ( 'NONE', *, *, #9976, .F. ) ;
#8878 = ORIENTED_EDGE ( 'NONE', *, *, #9938, .T. ) ;
#8879 = LINE ( 'NONE', #5138, #7157 ) ;
#8880 = CARTESIAN_POINT ( 'NONE',  ( -47.25000000000000000, 44.94999999999999574, 10.59999999999999964 ) ) ;
#8881 = VERTEX_POINT ( 'NONE', #7637 ) ;
#8882 = ADVANCED_FACE ( 'NONE', ( #11261 ), #746, .F. ) ;
#8883 = DIRECTION ( 'NONE',  ( 1.000000000000000000, 0.000000000000000000, 0.000000000000000000 ) ) ;
#8884 = PLANE ( 'NONE',  #1257 ) ;
#8885 = EDGE_CURVE ( 'NONE', #6117, #9932, #3583, .T. ) ;
#8886 = LINE ( 'NONE', #10822, #1120 ) ;
#8887 = EDGE_LOOP ( 'NONE', ( #12203, #5351, #8311, #8178 ) ) ;
#8888 = CARTESIAN_POINT ( 'NONE',  ( -63.75000000000000000, 49.25000000000000000, 4.850000000000000533 ) ) ;
#8889 = ADVANCED_FACE ( 'NONE', ( #11197 ), #5582, .F. ) ;
#8890 = VERTEX_POINT ( 'NONE', #5015 ) ;
#8891 = CARTESIAN_POINT ( 'NONE',  ( -34.75000000000000000, 50.75000000000000000, 10.09999999999999964 ) ) ;
#8892 = PLANE ( 'NONE',  #12320 ) ;
#8893 = DIRECTION ( 'NONE',  ( 0.000000000000000000, 0.000000000000000000, 1.000000000000000000 ) ) ;
#8894 = LINE ( 'NONE', #4223, #7071 ) ;
#8895 = AXIS2_PLACEMENT_3D ( 'NONE', #11731, #7059, #3993 ) ;
#8896 = LINE ( 'NONE', #317, #9045 ) ;
#8897 = CARTESIAN_POINT ( 'NONE',  ( -59.00000000000000000, 20.50000000000000000, 1.600000000000000089 ) ) ;
#8898 = EDGE_CURVE ( 'NONE', #10904, #1237, #6011, .T. ) ;
#8899 = VERTEX_POINT ( 'NONE', #6950 ) ;
#8900 = CARTESIAN_POINT ( 'NONE',  ( -58.75000000000000000, 44.25000000000000000, 12.34999999999999964 ) ) ;
#8901 = VECTOR ( 'NONE', #133, 1000.000000000000000 ) ;
#8902 = ORIENTED_EDGE ( 'NONE', *, *, #12018, .F. ) ;
#8903 = ORIENTED_EDGE ( 'NONE', *, *, #3854, .F. ) ;
#8904 = ORIENTED_EDGE ( 'NONE', *, *, #1295, .T. ) ;
#8905 = LINE ( 'NONE', #10027, #588 ) ;
#8906 = CARTESIAN_POINT ( 'NONE',  ( -28.25000000000000000, 1.750000000000000000, 10.09999999999999964 ) ) ;
#8907 = CARTESIAN_POINT ( 'NONE',  ( -66.00000000000000000, 33.70000000000000284, 9.446446609406731199 ) ) ;
#8908 = CARTESIAN_POINT ( 'NONE',  ( -9.549999999999998934, 2.750000000000000000, 1.600000000000000089 ) ) ;
#8909 = DIRECTION ( 'NONE',  ( -0.000000000000000000, -1.000000000000000000, -0.000000000000000000 ) ) ;
#8910 = AXIS2_PLACEMENT_3D ( 'NONE', #3519, #5337, #10890 ) ;
#8911 = CYLINDRICAL_SURFACE ( 'NONE', #6066, 1.750000000000000222 ) ;
#8912 = ORIENTED_EDGE ( 'NONE', *, *, #8484, .F. ) ;
#8913 = PLANE ( 'NONE',  #8499 ) ;
#8914 = ORIENTED_EDGE ( 'NONE', *, *, #5140, .T. ) ;
#8915 = AXIS2_PLACEMENT_3D ( 'NONE', #4917, #142, #6675 ) ;
#8916 = ORIENTED_EDGE ( 'NONE', *, *, #1024, .F. ) ;
#8917 = VERTEX_POINT ( 'NONE', #3028 ) ;
#8918 = DIRECTION ( 'NONE',  ( 0.000000000000000000, 0.000000000000000000, 1.000000000000000000 ) ) ;
#8919 = DIRECTION ( 'NONE',  ( 1.000000000000000000, 0.000000000000000000, 0.000000000000000000 ) ) ;
#8920 = EDGE_LOOP ( 'NONE', ( #9188, #2792, #10601, #3674 ) ) ;
#8921 = VECTOR ( 'NONE', #9869, 1000.000000000000000 ) ;
#8922 = EDGE_CURVE ( 'NONE', #8758, #2696, #1045, .T. ) ;
#8923 = ORIENTED_EDGE ( 'NONE', *, *, #9716, .F. ) ;
#8924 = CARTESIAN_POINT ( 'NONE',  ( -61.00000000000000000, 8.000000000000000000, 7.849999999999999645 ) ) ;
#8925 = CARTESIAN_POINT ( 'NONE',  ( 0.000000000000000000, 0.000000000000000000, 1.600000000000000089 ) ) ;
#8926 = CARTESIAN_POINT ( 'NONE',  ( -7.000000000000000000, 50.75000000000000000, 10.09999999999999964 ) ) ;
#8927 = CARTESIAN_POINT ( 'NONE',  ( -51.00000000000000000, 32.25000000000000000, 1.600000000000000089 ) ) ;
#8928 = EDGE_CURVE ( 'NONE', #3239, #5100, #5946, .T. ) ;
#8929 = AXIS2_PLACEMENT_3D ( 'NONE', #7656, #5843, #4713 ) ;
#8930 = DIRECTION ( 'NONE',  ( 0.000000000000000000, 0.000000000000000000, -1.000000000000000000 ) ) ;
#8931 = EDGE_LOOP ( 'NONE', ( #8517, #3001, #178, #9154 ) ) ;
#8932 = ORIENTED_EDGE ( 'NONE', *, *, #10531, .F. ) ;
#8933 = AXIS2_PLACEMENT_3D ( 'NONE', #6264, #11119, #4568 ) ;
#8934 = DIRECTION ( 'NONE',  ( 0.000000000000000000, 0.000000000000000000, 1.000000000000000000 ) ) ;
#8935 = EDGE_LOOP ( 'NONE', ( #9548, #2365, #353, #3458 ) ) ;
#8936 = CARTESIAN_POINT ( 'NONE',  ( -37.25000000000000000, 2.750000000000000000, 10.09999999999999964 ) ) ;
#8937 = ORIENTED_EDGE ( 'NONE', *, *, #8485, .T. ) ;
#8938 = EDGE_LOOP ( 'NONE', ( #387, #7048, #5535, #667 ) ) ;
#8939 = LINE ( 'NONE', #11691, #6347 ) ;
#8940 = PLANE ( 'NONE',  #10761 ) ;
#8941 = AXIS2_PLACEMENT_3D ( 'NONE', #208, #3869, #1949 ) ;
#8942 = ORIENTED_EDGE ( 'NONE', *, *, #10569, .F. ) ;
#8943 = DIRECTION ( 'NONE',  ( 0.000000000000000000, -1.000000000000000000, 0.000000000000000000 ) ) ;
#8944 = CARTESIAN_POINT ( 'NONE',  ( 0.000000000000000000, 0.000000000000000000, 10.59999999999999964 ) ) ;
#8945 = VECTOR ( 'NONE', #4536, 1000.000000000000000 ) ;
#8946 = EDGE_CURVE ( 'NONE', #7414, #2086, #10681, .T. ) ;
#8947 = DIRECTION ( 'NONE',  ( 0.000000000000000000, 0.000000000000000000, 1.000000000000000000 ) ) ;
#8948 = ADVANCED_FACE ( 'NONE', ( #11688 ), #11499, .F. ) ;
#8949 = AXIS2_PLACEMENT_3D ( 'NONE', #5361, #4357, #6111 ) ;
#8950 = ORIENTED_EDGE ( 'NONE', *, *, #8277, .T. ) ;
#8951 = AXIS2_PLACEMENT_3D ( 'NONE', #9961, #1964, #1104 ) ;
#8952 = VECTOR ( 'NONE', #11264, 1000.000000000000000 ) ;
#8953 = DIRECTION ( 'NONE',  ( 0.000000000000000000, 0.000000000000000000, 1.000000000000000000 ) ) ;
#8954 = VERTEX_POINT ( 'NONE', #1170 ) ;
#8955 = FACE_OUTER_BOUND ( 'NONE', #2304, .T. ) ;
#8956 = ORIENTED_EDGE ( 'NONE', *, *, #1632, .F. ) ;
#8957 = VERTEX_POINT ( 'NONE', #8814 ) ;
#8958 = CARTESIAN_POINT ( 'NONE',  ( 0.000000000000000000, 45.65000000000000568, 4.599999999999999645 ) ) ;
#8959 = DIRECTION ( 'NONE',  ( 0.000000000000000000, 1.000000000000000000, 0.000000000000000000 ) ) ;
#8960 = VECTOR ( 'NONE', #3511, 1000.000000000000000 ) ;
#8961 = CARTESIAN_POINT ( 'NONE',  ( -17.00000000000000000, 50.75000000000000000, 1.600000000000000089 ) ) ;
#8962 = CARTESIAN_POINT ( 'NONE',  ( -32.25000000000000000, 2.750000000000000000, 10.09999999999999964 ) ) ;
#8963 = VECTOR ( 'NONE', #10673, 1000.000000000000000 ) ;
#8964 = DIRECTION ( 'NONE',  ( -0.7071067811865450192, -0.7071067811865500152, 0.000000000000000000 ) ) ;
#8965 = EDGE_CURVE ( 'NONE', #3755, #2397, #6763, .T. ) ;
#8966 = ADVANCED_FACE ( 'NONE', ( #1296 ), #2040, .F. ) ;
#8967 = EDGE_CURVE ( 'NONE', #7193, #10560, #2228, .T. ) ;
#8968 = FACE_OUTER_BOUND ( 'NONE', #4183, .T. ) ;
#8969 = DIRECTION ( 'NONE',  ( -1.000000000000000000, 0.000000000000000000, 0.000000000000000000 ) ) ;
#8970 = VERTEX_POINT ( 'NONE', #3210 ) ;
#8971 = VERTEX_POINT ( 'NONE', #3146 ) ;
#8972 = CARTESIAN_POINT ( 'NONE',  ( -4.549999999999999822, 31.00000000000000000, 4.599999999999999645 ) ) ;
#8973 = ADVANCED_FACE ( 'NONE', ( #2104 ), #11628, .F. ) ;
#8974 = VECTOR ( 'NONE', #5612, 1000.000000000000000 ) ;
#8975 = ORIENTED_EDGE ( 'NONE', *, *, #7036, .T. ) ;
#8976 = VERTEX_POINT ( 'NONE', #352 ) ;
#8977 = DIRECTION ( 'NONE',  ( 0.000000000000000000, 1.000000000000000000, 0.000000000000000000 ) ) ;
#8978 = DIRECTION ( 'NONE',  ( -1.000000000000000000, 0.000000000000000000, 0.000000000000000000 ) ) ;
#8979 = CARTESIAN_POINT ( 'NONE',  ( -2.500000000000000000, 52.00000000000000000, 1.600000000000000089 ) ) ;
#8980 = FACE_OUTER_BOUND ( 'NONE', #7021, .T. ) ;
#8981 = DIRECTION ( 'NONE',  ( 0.000000000000000000, -1.000000000000000000, 0.000000000000000000 ) ) ;
#8982 = EDGE_CURVE ( 'NONE', #10037, #7949, #9623, .T. ) ;
#8983 = DIRECTION ( 'NONE',  ( 0.000000000000000000, 1.000000000000000000, 0.000000000000000000 ) ) ;
#8984 = CARTESIAN_POINT ( 'NONE',  ( -40.00000000000000000, 9.000000000000000000, 6.349999999999999645 ) ) ;
#8985 = ORIENTED_EDGE ( 'NONE', *, *, #961, .F. ) ;
#8986 = ORIENTED_EDGE ( 'NONE', *, *, #6267, .T. ) ;
#8987 = VERTEX_POINT ( 'NONE', #166 ) ;
#8988 = PLANE ( 'NONE',  #11949 ) ;
#8989 = CARTESIAN_POINT ( 'NONE',  ( -21.00000000000000000, 1.000000000000000000, 1.600000000000000089 ) ) ;
#8990 = VERTEX_POINT ( 'NONE', #4824 ) ;
#8991 = CARTESIAN_POINT ( 'NONE',  ( -46.00000000000000000, 32.25000000000000000, 2.600000000000000089 ) ) ;
#8992 = DIRECTION ( 'NONE',  ( 0.000000000000000000, 0.000000000000000000, -1.000000000000000000 ) ) ;
#8993 = DIRECTION ( 'NONE',  ( -1.000000000000000000, 0.000000000000000000, 0.000000000000000000 ) ) ;
#8994 = LINE ( 'NONE', #7127, #634 ) ;
#8995 = CARTESIAN_POINT ( 'NONE',  ( -52.75000000000000000, 49.00000000000000000, 4.599999999999999645 ) ) ;
#8996 = EDGE_CURVE ( 'NONE', #2837, #3891, #5889, .T. ) ;
#8997 = ADVANCED_FACE ( 'NONE', ( #8751 ), #235, .F. ) ;
#8998 = CARTESIAN_POINT ( 'NONE',  ( -25.00000000000000000, 52.50000000000000000, 10.09999999999999964 ) ) ;
#8999 = ORIENTED_EDGE ( 'NONE', *, *, #4981, .F. ) ;
#9000 = EDGE_CURVE ( 'NONE', #6306, #8067, #10813, .T. ) ;
#9001 = CARTESIAN_POINT ( 'NONE',  ( -3.469446951953614978E-15, 38.50000000000000000, 1.600000000000000089 ) ) ;
#9002 = EDGE_LOOP ( 'NONE', ( #1737, #3764, #3494, #10638 ) ) ;
#9003 = VECTOR ( 'NONE', #9513, 1000.000000000000000 ) ;
#9004 = DIRECTION ( 'NONE',  ( 0.000000000000000000, 0.000000000000000000, -1.000000000000000000 ) ) ;
#9005 = VERTEX_POINT ( 'NONE', #5762 ) ;
#9006 = ORIENTED_EDGE ( 'NONE', *, *, #9776, .T. ) ;
#9007 = LINE ( 'NONE', #7823, #2581 ) ;
#9008 = ADVANCED_FACE ( 'NONE', ( #109 ), #8630, .F. ) ;
#9009 = ORIENTED_EDGE ( 'NONE', *, *, #3868, .T. ) ;
#9010 = CARTESIAN_POINT ( 'NONE',  ( -62.50000000000000000, 14.50000000000000000, 1.600000000000000089 ) ) ;
#9011 = DIRECTION ( 'NONE',  ( 0.000000000000000000, 1.000000000000000000, 0.000000000000000000 ) ) ;
#9012 = CIRCLE ( 'NONE', #7027, 0.5000000000000000000 ) ;
#9013 = FACE_OUTER_BOUND ( 'NONE', #9002, .T. ) ;
#9014 = EDGE_CURVE ( 'NONE', #6520, #10729, #3330, .T. ) ;
#9015 = VERTEX_POINT ( 'NONE', #5322 ) ;
#9016 = CARTESIAN_POINT ( 'NONE',  ( -11.95000000000000107, 2.750000000000000000, 1.600000000000000089 ) ) ;
#9017 = DIRECTION ( 'NONE',  ( 0.000000000000000000, 0.000000000000000000, 1.000000000000000000 ) ) ;
#9018 = VECTOR ( 'NONE', #39, 1000.000000000000000 ) ;
#9019 = EDGE_CURVE ( 'NONE', #7577, #7353, #2290, .T. ) ;
#9020 = EDGE_LOOP ( 'NONE', ( #5932, #8341, #6107, #2591 ) ) ;
#9021 = LINE ( 'NONE', #10831, #4962 ) ;
#9022 = CARTESIAN_POINT ( 'NONE',  ( -31.25000000000000000, 50.75000000000000000, 10.09999999999999964 ) ) ;
#9023 = CARTESIAN_POINT ( 'NONE',  ( -25.00000000000000000, 52.50000000000000000, 10.09999999999999964 ) ) ;
#9024 = EDGE_CURVE ( 'NONE', #6306, #4684, #2469, .T. ) ;
#9025 = DIRECTION ( 'NONE',  ( 0.000000000000000000, 1.000000000000000000, 0.000000000000000000 ) ) ;
#9026 = ADVANCED_FACE ( 'NONE', ( #1355 ), #7136, .F. ) ;
#9027 = VECTOR ( 'NONE', #958, 1000.000000000000000 ) ;
#9028 = CARTESIAN_POINT ( 'NONE',  ( -69.00000000000000000, 8.000000000000000000, 7.849999999999999645 ) ) ;
#9029 = DIRECTION ( 'NONE',  ( 0.000000000000000000, 0.000000000000000000, 1.000000000000000000 ) ) ;
#9030 = EDGE_LOOP ( 'NONE', ( #7806, #7061, #12301, #9547 ) ) ;
#9031 = EDGE_LOOP ( 'NONE', ( #12003, #8902, #3016, #7818 ) ) ;
#9032 = ORIENTED_EDGE ( 'NONE', *, *, #11717, .F. ) ;
#9033 = EDGE_CURVE ( 'NONE', #136, #2496, #7150, .T. ) ;
#9034 = TOROIDAL_SURFACE ( 'NONE', #3651, 1.500000000000000000, 0.2500000000000000000 ) ;
#9035 = VERTEX_POINT ( 'NONE', #9996 ) ;
#9036 = VECTOR ( 'NONE', #1788, 1000.000000000000000 ) ;
#9037 = PLANE ( 'NONE',  #180 ) ;
#9038 = ADVANCED_FACE ( 'NONE', ( #6260 ), #10936, .F. ) ;
#9039 = DIRECTION ( 'NONE',  ( 0.000000000000000000, 1.000000000000000000, 0.000000000000000000 ) ) ;
#9040 = DIRECTION ( 'NONE',  ( 1.000000000000000000, 0.000000000000000000, 0.000000000000000000 ) ) ;
#9041 = DIRECTION ( 'NONE',  ( 0.000000000000000000, 1.000000000000000000, 0.000000000000000000 ) ) ;
#9042 = DIRECTION ( 'NONE',  ( 0.000000000000000000, 0.000000000000000000, 1.000000000000000000 ) ) ;
#9043 = EDGE_CURVE ( 'NONE', #8248, #973, #1543, .T. ) ;
#9044 = FACE_OUTER_BOUND ( 'NONE', #2011, .T. ) ;
#9045 = VECTOR ( 'NONE', #131, 1000.000000000000000 ) ;
#9046 = VECTOR ( 'NONE', #5924, 1000.000000000000000 ) ;
#9047 = DIRECTION ( 'NONE',  ( 1.000000000000000000, 0.000000000000000000, 0.000000000000000000 ) ) ;
#9048 = VERTEX_POINT ( 'NONE', #3446 ) ;
#9049 = ORIENTED_EDGE ( 'NONE', *, *, #6672, .F. ) ;
#9050 = EDGE_LOOP ( 'NONE', ( #7545, #3051, #2298, #11969 ) ) ;
#9051 = DIRECTION ( 'NONE',  ( 0.000000000000000000, 0.000000000000000000, -1.000000000000000000 ) ) ;
#9052 = CARTESIAN_POINT ( 'NONE',  ( -52.75000000000000000, 26.00000000000000000, 2.100000000000000089 ) ) ;
#9053 = ADVANCED_FACE ( 'NONE', ( #12231 ), #9120, .T. ) ;
#9054 = EDGE_LOOP ( 'NONE', ( #8386, #2679, #2285, #7370 ) ) ;
#9055 = FACE_OUTER_BOUND ( 'NONE', #9603, .T. ) ;
#9056 = DIRECTION ( 'NONE',  ( 0.000000000000000000, 0.000000000000000000, 1.000000000000000000 ) ) ;
#9057 = VECTOR ( 'NONE', #1420, 1000.000000000000000 ) ;
#9058 = VECTOR ( 'NONE', #10396, 1000.000000000000000 ) ;
#9059 = LINE ( 'NONE', #11927, #2980 ) ;
#9060 = DIRECTION ( 'NONE',  ( 1.000000000000000000, 0.000000000000000000, 0.000000000000000000 ) ) ;
#9061 = DIRECTION ( 'NONE',  ( 0.000000000000000000, 0.000000000000000000, 1.000000000000000000 ) ) ;
#9062 = FACE_OUTER_BOUND ( 'NONE', #6170, .T. ) ;
#9063 = ORIENTED_EDGE ( 'NONE', *, *, #6616, .T. ) ;
#9064 = LINE ( 'NONE', #3386, #9848 ) ;
#9065 = VERTEX_POINT ( 'NONE', #6137 ) ;
#9066 = VECTOR ( 'NONE', #6514, 1000.000000000000000 ) ;
#9067 = CARTESIAN_POINT ( 'NONE',  ( -24.75000000000000000, 2.750000000000000000, 10.09999999999999964 ) ) ;
#9068 = ORIENTED_EDGE ( 'NONE', *, *, #396, .T. ) ;
#9069 = ADVANCED_FACE ( 'NONE', ( #3388 ), #2415, .F. ) ;
#9070 = EDGE_LOOP ( 'NONE', ( #2871, #484, #10350, #6515 ) ) ;
#9071 = LINE ( 'NONE', #4448, #11521 ) ;
#9072 = CARTESIAN_POINT ( 'NONE',  ( -74.75000000000000000, 33.95000000000000284, 3.550000000000000266 ) ) ;
#9073 = ORIENTED_EDGE ( 'NONE', *, *, #1063, .T. ) ;
#9074 = DIRECTION ( 'NONE',  ( 0.000000000000000000, 0.000000000000000000, 1.000000000000000000 ) ) ;
#9075 = DIRECTION ( 'NONE',  ( 0.000000000000000000, 0.000000000000000000, -1.000000000000000000 ) ) ;
#9076 = CYLINDRICAL_SURFACE ( 'NONE', #2283, 0.2499999999999991118 ) ;
#9077 = CARTESIAN_POINT ( 'NONE',  ( -53.75000000000000000, 48.00000000000000000, 4.599999999999999645 ) ) ;
#9078 = ORIENTED_EDGE ( 'NONE', *, *, #171, .F. ) ;
#9079 = DIRECTION ( 'NONE',  ( 1.000000000000000000, 0.000000000000000000, 0.000000000000000000 ) ) ;
#9080 = DIRECTION ( 'NONE',  ( 0.000000000000000000, 0.000000000000000000, -1.000000000000000000 ) ) ;
#9081 = CARTESIAN_POINT ( 'NONE',  ( -52.75000000000000000, 28.00000000000000000, 1.850000000000000089 ) ) ;
#9082 = LINE ( 'NONE', #502, #5819 ) ;
#9083 = EDGE_CURVE ( 'NONE', #7429, #10864, #12002, .T. ) ;
#9084 = FACE_OUTER_BOUND ( 'NONE', #482, .T. ) ;
#9085 = DIRECTION ( 'NONE',  ( 0.000000000000000000, 0.000000000000000000, -1.000000000000000000 ) ) ;
#9086 = DIRECTION ( 'NONE',  ( 0.000000000000000000, 1.000000000000000000, 0.000000000000000000 ) ) ;
#9087 = ADVANCED_FACE ( 'NONE', ( #7262 ), #5388, .T. ) ;
#9088 = PLANE ( 'NONE',  #5273 ) ;
#9089 = LINE ( 'NONE', #9151, #12103 ) ;
#9090 = ORIENTED_EDGE ( 'NONE', *, *, #1805, .F. ) ;
#9091 = VERTEX_POINT ( 'NONE', #10997 ) ;
#9092 = ORIENTED_EDGE ( 'NONE', *, *, #1044, .T. ) ;
#9093 = ORIENTED_EDGE ( 'NONE', *, *, #2287, .T. ) ;
#9094 = DIRECTION ( 'NONE',  ( 0.000000000000000000, -1.000000000000000000, 0.000000000000000000 ) ) ;
#9095 = FACE_BOUND ( 'NONE', #11271, .T. ) ;
#9096 = DIRECTION ( 'NONE',  ( 0.000000000000000000, 0.000000000000000000, -1.000000000000000000 ) ) ;
#9097 = FACE_OUTER_BOUND ( 'NONE', #10194, .T. ) ;
#9098 = DIRECTION ( 'NONE',  ( 0.000000000000000000, 0.000000000000000000, -1.000000000000000000 ) ) ;
#9099 = DIRECTION ( 'NONE',  ( -1.000000000000000000, 0.000000000000000000, 0.000000000000000000 ) ) ;
#9100 = CIRCLE ( 'NONE', #951, 0.2500000000000002220 ) ;
#9101 = CARTESIAN_POINT ( 'NONE',  ( -56.75000000000000000, 2.500000000000000000, 0.000000000000000000 ) ) ;
#9102 = EDGE_LOOP ( 'NONE', ( #5956, #8398, #3254, #2722 ) ) ;
#9103 = ORIENTED_EDGE ( 'NONE', *, *, #4406, .F. ) ;
#9104 = ORIENTED_EDGE ( 'NONE', *, *, #8268, .F. ) ;
#9105 = LINE ( 'NONE', #9230, #10532 ) ;
#9106 = LINE ( 'NONE', #5373, #6604 ) ;
#9107 = EDGE_CURVE ( 'NONE', #6671, #6169, #9933, .T. ) ;
#9108 = ORIENTED_EDGE ( 'NONE', *, *, #5994, .F. ) ;
#9109 = CARTESIAN_POINT ( 'NONE',  ( -49.64999999999999858, 44.94999999999999574, 4.599999999999999645 ) ) ;
#9110 = CARTESIAN_POINT ( 'NONE',  ( -66.07322330470340432, 41.19644660940669922, 11.29999999999999893 ) ) ;
#9111 = CARTESIAN_POINT ( 'NONE',  ( -29.75000000000000000, 1.750000000000000000, 10.09999999999999964 ) ) ;
#9112 = AXIS2_PLACEMENT_3D ( 'NONE', #12214, #7526, #9453 ) ;
#9113 = CARTESIAN_POINT ( 'NONE',  ( -4.549999999999999822, 25.50000000000000000, 10.59999999999999964 ) ) ;
#9114 = DIRECTION ( 'NONE',  ( 0.000000000000000000, 1.000000000000000000, 0.000000000000000000 ) ) ;
#9115 = ORIENTED_EDGE ( 'NONE', *, *, #1445, .T. ) ;
#9116 = CIRCLE ( 'NONE', #3736, 2.750000000000002665 ) ;
#9117 = EDGE_CURVE ( 'NONE', #973, #7745, #1422, .T. ) ;
#9118 = DIRECTION ( 'NONE',  ( -1.000000000000000000, -0.000000000000000000, -0.000000000000000000 ) ) ;
#9119 = VERTEX_POINT ( 'NONE', #6081 ) ;
#9121 = VECTOR ( 'NONE', #9312, 1000.000000000000000 ) ;
#9120 = PLANE ( 'NONE',  #1185 ) ;
#9122 = ORIENTED_EDGE ( 'NONE', *, *, #6948, .T. ) ;
#9123 = VERTEX_POINT ( 'NONE', #4202 ) ;
#9124 = LINE ( 'NONE', #12126, #992 ) ;
#9125 = PLANE ( 'NONE',  #2807 ) ;
#9126 = EDGE_CURVE ( 'NONE', #2889, #1750, #2347, .T. ) ;
#9127 = ORIENTED_EDGE ( 'NONE', *, *, #2033, .F. ) ;
#9128 = CARTESIAN_POINT ( 'NONE',  ( -74.75000000000000000, 35.50000000000000000, 8.550000000000000711 ) ) ;
#9129 = DIRECTION ( 'NONE',  ( 1.000000000000000000, 0.000000000000000000, 0.000000000000000000 ) ) ;
#9130 = AXIS2_PLACEMENT_3D ( 'NONE', #3044, #8525, #4030 ) ;
#9131 = CARTESIAN_POINT ( 'NONE',  ( -32.25000000000000000, 51.75000000000000000, 1.600000000000000089 ) ) ;
#9132 = VECTOR ( 'NONE', #8665, 1000.000000000000000 ) ;
#9133 = DIRECTION ( 'NONE',  ( 1.000000000000000000, 0.000000000000000000, 0.000000000000000000 ) ) ;
#9134 = ORIENTED_EDGE ( 'NONE', *, *, #10214, .F. ) ;
#9135 = ORIENTED_EDGE ( 'NONE', *, *, #11789, .T. ) ;
#9136 = FACE_OUTER_BOUND ( 'NONE', #2091, .T. ) ;
#9137 = VECTOR ( 'NONE', #6483, 1000.000000000000000 ) ;
#9138 = CARTESIAN_POINT ( 'NONE',  ( -43.75000000000000000, 51.75000000000000000, 1.600000000000000089 ) ) ;
#9139 = VECTOR ( 'NONE', #428, 1000.000000000000000 ) ;
#9140 = PLANE ( 'NONE',  #6768 ) ;
#9141 = CARTESIAN_POINT ( 'NONE',  ( -66.00000000000000000, 40.94644660940669922, 11.29999999999999893 ) ) ;
#9142 = FACE_OUTER_BOUND ( 'NONE', #10066, .T. ) ;
#9143 = CARTESIAN_POINT ( 'NONE',  ( -56.50000000000000000, 17.89999999999999858, 2.600000000000000089 ) ) ;
#9144 = CARTESIAN_POINT ( 'NONE',  ( -56.50000000000000000, 20.25000000000000000, 1.600000000000000089 ) ) ;
#9145 = VECTOR ( 'NONE', #1268, 1000.000000000000000 ) ;
#9146 = EDGE_CURVE ( 'NONE', #9363, #8430, #423, .T. ) ;
#9147 = ADVANCED_FACE ( 'NONE', ( #11819 ), #135, .F. ) ;
#9148 = AXIS2_PLACEMENT_3D ( 'NONE', #4119, #220, #4062 ) ;
#9149 = LINE ( 'NONE', #3473, #2501 ) ;
#9150 = ORIENTED_EDGE ( 'NONE', *, *, #8996, .F. ) ;
#9151 = CARTESIAN_POINT ( 'NONE',  ( -37.25000000000000000, 1.750000000000000000, 1.600000000000000089 ) ) ;
#9152 = EDGE_CURVE ( 'NONE', #8492, #90, #7538, .T. ) ;
#9153 = VERTEX_POINT ( 'NONE', #5668 ) ;
#9154 = ORIENTED_EDGE ( 'NONE', *, *, #8946, .T. ) ;
#9155 = VECTOR ( 'NONE', #4539, 1000.000000000000000 ) ;
#9156 = ORIENTED_EDGE ( 'NONE', *, *, #1645, .F. ) ;
#9157 = EDGE_CURVE ( 'NONE', #2067, #762, #3798, .T. ) ;
#9158 = VECTOR ( 'NONE', #432, 1000.000000000000000 ) ;
#9159 = DIRECTION ( 'NONE',  ( 1.000000000000000000, 0.000000000000000000, 0.000000000000000000 ) ) ;
#9160 = CARTESIAN_POINT ( 'NONE',  ( -28.25000000000000000, 1.750000000000000000, 10.09999999999999964 ) ) ;
#9161 = FACE_OUTER_BOUND ( 'NONE', #6082, .T. ) ;
#9162 = DIRECTION ( 'NONE',  ( -1.000000000000000000, 0.000000000000000000, 0.000000000000000000 ) ) ;
#9163 = CARTESIAN_POINT ( 'NONE',  ( -5.250000000000000000, 30.30000000000000071, 10.59999999999999964 ) ) ;
#9164 = AXIS2_PLACEMENT_3D ( 'NONE', #9072, #5267, #1427 ) ;
#9165 = DIRECTION ( 'NONE',  ( 1.000000000000000000, 0.000000000000000000, 0.000000000000000000 ) ) ;
#9166 = AXIS2_PLACEMENT_3D ( 'NONE', #6064, #4936, #9921 ) ;
#9167 = DIRECTION ( 'NONE',  ( 0.000000000000000000, 0.000000000000000000, -1.000000000000000000 ) ) ;
#9168 = ORIENTED_EDGE ( 'NONE', *, *, #4683, .T. ) ;
#9169 = EDGE_LOOP ( 'NONE', ( #11816, #7864, #7531, #4446 ) ) ;
#9170 = ORIENTED_EDGE ( 'NONE', *, *, #5678, .F. ) ;
#9171 = DIRECTION ( 'NONE',  ( 1.000000000000000000, 0.000000000000000000, 0.000000000000000000 ) ) ;
#9172 = LINE ( 'NONE', #1650, #5414 ) ;
#9173 = ORIENTED_EDGE ( 'NONE', *, *, #6844, .F. ) ;
#9174 = CARTESIAN_POINT ( 'NONE',  ( -42.75000000000000000, 9.000000000000000000, 1.600000000000000089 ) ) ;
#9175 = DIRECTION ( 'NONE',  ( 0.000000000000000000, -1.000000000000000000, 0.000000000000000000 ) ) ;
#9176 = CARTESIAN_POINT ( 'NONE',  ( -47.25000000000000000, 45.65000000000000568, 10.59999999999999964 ) ) ;
#9177 = LINE ( 'NONE', #1720, #10632 ) ;
#9178 = EDGE_CURVE ( 'NONE', #5488, #9871, #8473, .T. ) ;
#9179 = LINE ( 'NONE', #11240, #7057 ) ;
#9180 = ORIENTED_EDGE ( 'NONE', *, *, #3971, .T. ) ;
#9181 = DIRECTION ( 'NONE',  ( 0.000000000000000000, 1.000000000000000000, 0.000000000000000000 ) ) ;
#9182 = VERTEX_POINT ( 'NONE', #4795 ) ;
#9183 = DIRECTION ( 'NONE',  ( 1.000000000000000000, 0.000000000000000000, 0.000000000000000000 ) ) ;
#9184 = ORIENTED_EDGE ( 'NONE', *, *, #11408, .F. ) ;
#9185 = VERTEX_POINT ( 'NONE', #3915 ) ;
#9186 = DIRECTION ( 'NONE',  ( 0.000000000000000000, -1.000000000000000000, 0.000000000000000000 ) ) ;
#9187 = CARTESIAN_POINT ( 'NONE',  ( -34.75000000000000000, 50.75000000000000000, 10.09999999999999964 ) ) ;
#9188 = ORIENTED_EDGE ( 'NONE', *, *, #9940, .T. ) ;
#9189 = EDGE_CURVE ( 'NONE', #6365, #7387, #9652, .T. ) ;
#9190 = FACE_BOUND ( 'NONE', #10618, .T. ) ;
#9191 = DIRECTION ( 'NONE',  ( 0.000000000000000000, -0.7071067811865480168, -0.7071067811865470176 ) ) ;
#9192 = ADVANCED_FACE ( 'NONE', ( #7543 ), #7723, .T. ) ;
#9193 = DIRECTION ( 'NONE',  ( 0.000000000000000000, 0.000000000000000000, 1.000000000000000000 ) ) ;
#9194 = ADVANCED_FACE ( 'NONE', ( #4725 ), #14, .F. ) ;
#9195 = DIRECTION ( 'NONE',  ( 1.000000000000000000, 0.000000000000000000, 0.000000000000000000 ) ) ;
#9196 = AXIS2_PLACEMENT_3D ( 'NONE', #6246, #6371, #3553 ) ;
#9197 = EDGE_CURVE ( 'NONE', #1142, #6467, #1139, .T. ) ;
#9198 = ORIENTED_EDGE ( 'NONE', *, *, #4150, .F. ) ;
#9199 = ORIENTED_EDGE ( 'NONE', *, *, #5905, .F. ) ;
#9200 = CARTESIAN_POINT ( 'NONE',  ( -68.50000000000000000, 44.25000000000000000, 1.600000000000000089 ) ) ;
#9201 = DIRECTION ( 'NONE',  ( 0.000000000000000000, 0.000000000000000000, -1.000000000000000000 ) ) ;
#9202 = DIRECTION ( 'NONE',  ( 0.000000000000000000, 0.000000000000000000, 1.000000000000000000 ) ) ;
#9203 = CARTESIAN_POINT ( 'NONE',  ( -34.75000000000000000, 2.750000000000000000, 10.09999999999999964 ) ) ;
#9204 = VECTOR ( 'NONE', #5022, 1000.000000000000000 ) ;
#9205 = EDGE_CURVE ( 'NONE', #4748, #4305, #74, .T. ) ;
#9206 = CARTESIAN_POINT ( 'NONE',  ( -44.75000000000000000, 51.75000000000000000, 10.09999999999999964 ) ) ;
#9207 = CARTESIAN_POINT ( 'NONE',  ( -66.00000000000000000, 35.50000000000000000, 8.550000000000000711 ) ) ;
#9208 = CARTESIAN_POINT ( 'NONE',  ( -16.75000000000000000, 1.750000000000000000, 1.600000000000000089 ) ) ;
#9209 = CARTESIAN_POINT ( 'NONE',  ( -52.75000000000000000, 49.00000000000000000, 4.599999999999999645 ) ) ;
#9210 = ORIENTED_EDGE ( 'NONE', *, *, #1093, .F. ) ;
#9211 = VECTOR ( 'NONE', #12255, 1000.000000000000000 ) ;
#9212 = CARTESIAN_POINT ( 'NONE',  ( -3.500000000000000000, 1.000000000000000000, 10.09999999999999964 ) ) ;
#9213 = ORIENTED_EDGE ( 'NONE', *, *, #8017, .F. ) ;
#9214 = EDGE_LOOP ( 'NONE', ( #2831, #5475, #11262, #2500 ) ) ;
#9215 = ORIENTED_EDGE ( 'NONE', *, *, #8623, .T. ) ;
#9216 = ORIENTED_EDGE ( 'NONE', *, *, #3172, .T. ) ;
#9217 = EDGE_CURVE ( 'NONE', #7320, #10588, #2818, .T. ) ;
#9218 = CARTESIAN_POINT ( 'NONE',  ( -50.00000000000000000, 9.000000000000000000, 6.349999999999999645 ) ) ;
#9219 = FACE_OUTER_BOUND ( 'NONE', #6532, .T. ) ;
#9220 = LINE ( 'NONE', #1640, #492 ) ;
#9221 = VECTOR ( 'NONE', #144, 1000.000000000000000 ) ;
#9222 = LINE ( 'NONE', #2743, #814 ) ;
#9223 = LINE ( 'NONE', #8403, #6274 ) ;
#9224 = PLANE ( 'NONE',  #7070 ) ;
#9225 = CARTESIAN_POINT ( 'NONE',  ( 0.000000000000000000, 47.30000000000000426, 4.599999999999999645 ) ) ;
#9226 = EDGE_LOOP ( 'NONE', ( #4018, #4612, #8937, #8374 ) ) ;
#9227 = VECTOR ( 'NONE', #9461, 1000.000000000000000 ) ;
#9228 = ORIENTED_EDGE ( 'NONE', *, *, #335, .T. ) ;
#9229 = EDGE_LOOP ( 'NONE', ( #3372, #7219, #1977, #4739 ) ) ;
#9230 = CARTESIAN_POINT ( 'NONE',  ( -52.75000000000000000, 27.75000000000000000, 3.850000000000000089 ) ) ;
#9231 = DIRECTION ( 'NONE',  ( 1.000000000000000000, 0.000000000000000000, 0.000000000000000000 ) ) ;
#9232 = DIRECTION ( 'NONE',  ( 0.000000000000000000, 1.000000000000000000, 0.000000000000000000 ) ) ;
#9233 = CARTESIAN_POINT ( 'NONE',  ( -50.00000000000000000, 9.000000000000000000, 1.600000000000000089 ) ) ;
#9234 = CARTESIAN_POINT ( 'NONE',  ( -2.200000000000000178, 27.90000000000000213, 10.59999999999999964 ) ) ;
#9235 = CARTESIAN_POINT ( 'NONE',  ( -59.00000000000000000, 46.00000000000000000, 1.600000000000000089 ) ) ;
#9236 = CARTESIAN_POINT ( 'NONE',  ( -51.00000000000000000, 52.50000000000000000, 10.09999999999999964 ) ) ;
#9237 = EDGE_CURVE ( 'NONE', #8279, #734, #9720, .T. ) ;
#9238 = VERTEX_POINT ( 'NONE', #4668 ) ;
#9239 = AXIS2_PLACEMENT_3D ( 'NONE', #7759, #6759, #10558 ) ;
#9240 = VECTOR ( 'NONE', #7436, 1000.000000000000000 ) ;
#9241 = CARTESIAN_POINT ( 'NONE',  ( -42.00000000000000000, 3.500000000000000000, 10.09999999999999964 ) ) ;
#9242 = VERTEX_POINT ( 'NONE', #6792 ) ;
#9243 = EDGE_CURVE ( 'NONE', #9182, #7138, #11346, .T. ) ;
#9244 = CARTESIAN_POINT ( 'NONE',  ( -56.50000000000000000, 17.89999999999999858, 2.600000000000000089 ) ) ;
#9245 = ORIENTED_EDGE ( 'NONE', *, *, #8854, .T. ) ;
#9246 = ORIENTED_EDGE ( 'NONE', *, *, #4714, .F. ) ;
#9247 = VECTOR ( 'NONE', #7494, 1000.000000000000000 ) ;
#9248 = ORIENTED_EDGE ( 'NONE', *, *, #7541, .T. ) ;
#9249 = CARTESIAN_POINT ( 'NONE',  ( -5.500000000000000000, 51.75000000000000000, 10.09999999999999964 ) ) ;
#9250 = CARTESIAN_POINT ( 'NONE',  ( -34.75000000000000000, 51.75000000000000000, 10.09999999999999964 ) ) ;
#9251 = ORIENTED_EDGE ( 'NONE', *, *, #8050, .F. ) ;
#9252 = DIRECTION ( 'NONE',  ( -0.000000000000000000, -1.000000000000000000, -0.000000000000000000 ) ) ;
#9253 = DIRECTION ( 'NONE',  ( 0.000000000000000000, 0.000000000000000000, -1.000000000000000000 ) ) ;
#9254 = PLANE ( 'NONE',  #3262 ) ;
#9255 = AXIS2_PLACEMENT_3D ( 'NONE', #11022, #5167, #1447 ) ;
#9256 = DIRECTION ( 'NONE',  ( 0.000000000000000000, 0.000000000000000000, -1.000000000000000000 ) ) ;
#9257 = AXIS2_PLACEMENT_3D ( 'NONE', #2481, #9195, #4636 ) ;
#9258 = ORIENTED_EDGE ( 'NONE', *, *, #2663, .F. ) ;
#9259 = FACE_OUTER_BOUND ( 'NONE', #12317, .T. ) ;
#9260 = EDGE_CURVE ( 'NONE', #10917, #12124, #6608, .T. ) ;
#9261 = ORIENTED_EDGE ( 'NONE', *, *, #6408, .T. ) ;
#9262 = VERTEX_POINT ( 'NONE', #195 ) ;
#9263 = LINE ( 'NONE', #7282, #8358 ) ;
#9264 = PLANE ( 'NONE',  #61 ) ;
#9265 = EDGE_CURVE ( 'NONE', #997, #11129, #2750, .T. ) ;
#9266 = CARTESIAN_POINT ( 'NONE',  ( -34.75000000000000000, 51.75000000000000000, 1.600000000000000089 ) ) ;
#9267 = CARTESIAN_POINT ( 'NONE',  ( -50.00000000000000000, 9.000000000000000000, 6.850000000000000533 ) ) ;
#9268 = LINE ( 'NONE', #10016, #8841 ) ;
#9269 = DIRECTION ( 'NONE',  ( 0.000000000000000000, 0.000000000000000000, -1.000000000000000000 ) ) ;
#9270 = ORIENTED_EDGE ( 'NONE', *, *, #4757, .T. ) ;
#9271 = EDGE_CURVE ( 'NONE', #5291, #11801, #6543, .T. ) ;
#9272 = CARTESIAN_POINT ( 'NONE',  ( -26.25000000000000000, 50.75000000000000000, 10.09999999999999964 ) ) ;
#9273 = ORIENTED_EDGE ( 'NONE', *, *, #3747, .T. ) ;
#9274 = ORIENTED_EDGE ( 'NONE', *, *, #9377, .T. ) ;
#9275 = ORIENTED_EDGE ( 'NONE', *, *, #9948, .F. ) ;
#9276 = PLANE ( 'NONE',  #189 ) ;
#9277 = CARTESIAN_POINT ( 'NONE',  ( -2.200000000000000178, 28.60000000000000142, 4.599999999999999645 ) ) ;
#9278 = DIRECTION ( 'NONE',  ( 0.000000000000000000, 0.000000000000000000, -1.000000000000000000 ) ) ;
#9279 = CARTESIAN_POINT ( 'NONE',  ( -46.25000000000000000, 50.75000000000000000, 10.09999999999999964 ) ) ;
#9280 = CARTESIAN_POINT ( 'NONE',  ( -45.25000000000000000, 26.00000000000000000, 3.850000000000000089 ) ) ;
#9281 = LINE ( 'NONE', #11164, #7265 ) ;
#9282 = DIRECTION ( 'NONE',  ( -1.000000000000000000, 0.000000000000000000, 0.000000000000000000 ) ) ;
#9283 = EDGE_LOOP ( 'NONE', ( #10829, #3917, #792, #12217 ) ) ;
#9284 = VERTEX_POINT ( 'NONE', #2874 ) ;
#9285 = ORIENTED_EDGE ( 'NONE', *, *, #6252, .T. ) ;
#9286 = CARTESIAN_POINT ( 'NONE',  ( -1.250000000000000000, 31.00000000000000000, 4.599999999999999645 ) ) ;
#9287 = CARTESIAN_POINT ( 'NONE',  ( -19.00000000000000000, 3.500000000000000000, 10.09999999999999964 ) ) ;
#9288 = LINE ( 'NONE', #7194, #2611 ) ;
#9289 = DIRECTION ( 'NONE',  ( 1.000000000000000000, 0.000000000000000000, 0.000000000000000000 ) ) ;
#9290 = CARTESIAN_POINT ( 'NONE',  ( -39.75000000000000000, 1.750000000000000000, 1.600000000000000089 ) ) ;
#9291 = LINE ( 'NONE', #9236, #12037 ) ;
#9292 = VERTEX_POINT ( 'NONE', #2932 ) ;
#9293 = VECTOR ( 'NONE', #7679, 1000.000000000000000 ) ;
#9294 = PLANE ( 'NONE',  #1101 ) ;
#9295 = EDGE_LOOP ( 'NONE', ( #8085, #8648, #2010, #3429 ) ) ;
#9296 = CARTESIAN_POINT ( 'NONE',  ( -74.75000000000000000, 33.95000000000000284, 9.696446609406731199 ) ) ;
#9297 = ORIENTED_EDGE ( 'NONE', *, *, #210, .T. ) ;
#9298 = EDGE_CURVE ( 'NONE', #3282, #11241, #5606, .T. ) ;
#9299 = ORIENTED_EDGE ( 'NONE', *, *, #2036, .T. ) ;
#9300 = ORIENTED_EDGE ( 'NONE', *, *, #9692, .F. ) ;
#9301 = FACE_OUTER_BOUND ( 'NONE', #9430, .T. ) ;
#9302 = LINE ( 'NONE', #7323, #630 ) ;
#9303 = VECTOR ( 'NONE', #11083, 1000.000000000000000 ) ;
#9304 = EDGE_LOOP ( 'NONE', ( #5711, #1401, #4948, #11305 ) ) ;
#9305 = CARTESIAN_POINT ( 'NONE',  ( -8.149999999999998579, 1.750000000000000000, 1.600000000000000089 ) ) ;
#9306 = LINE ( 'NONE', #8318, #2853 ) ;
#9307 = EDGE_CURVE ( 'NONE', #3692, #8100, #10402, .T. ) ;
#9308 = DIRECTION ( 'NONE',  ( 0.000000000000000000, 0.000000000000000000, -1.000000000000000000 ) ) ;
#9309 = DIRECTION ( 'NONE',  ( 0.000000000000000000, 0.000000000000000000, -1.000000000000000000 ) ) ;
#9310 = VECTOR ( 'NONE', #9883, 1000.000000000000000 ) ;
#9311 = VERTEX_POINT ( 'NONE', #10712 ) ;
#9312 = DIRECTION ( 'NONE',  ( 0.000000000000000000, 1.000000000000000000, 0.000000000000000000 ) ) ;
#9313 = VERTEX_POINT ( 'NONE', #9708 ) ;
#9314 = EDGE_CURVE ( 'NONE', #2833, #10076, #6945, .T. ) ;
#9315 = VECTOR ( 'NONE', #4856, 1000.000000000000000 ) ;
#9316 = ORIENTED_EDGE ( 'NONE', *, *, #257, .T. ) ;
#9317 = FACE_OUTER_BOUND ( 'NONE', #6106, .T. ) ;
#9318 = FACE_OUTER_BOUND ( 'NONE', #8132, .T. ) ;
#9319 = VECTOR ( 'NONE', #4699, 1000.000000000000000 ) ;
#9320 = LINE ( 'NONE', #752, #11526 ) ;
#9321 = EDGE_CURVE ( 'NONE', #2397, #7427, #11716, .T. ) ;
#9322 = AXIS2_PLACEMENT_3D ( 'NONE', #1251, #10014, #5968 ) ;
#9323 = LINE ( 'NONE', #817, #2111 ) ;
#9324 = EDGE_LOOP ( 'NONE', ( #3054, #8667, #11025, #6261 ) ) ;
#9325 = AXIS2_PLACEMENT_3D ( 'NONE', #5626, #11369, #2955 ) ;
#9326 = CARTESIAN_POINT ( 'NONE',  ( -5.250000000000000000, 25.50000000000000000, 10.59999999999999964 ) ) ;
#9327 = ORIENTED_EDGE ( 'NONE', *, *, #5899, .F. ) ;
#9328 = EDGE_LOOP ( 'NONE', ( #9608, #11212, #10733, #2725 ) ) ;
#9329 = EDGE_CURVE ( 'NONE', #9368, #10566, #10320, .T. ) ;
#9330 = VERTEX_POINT ( 'NONE', #8033 ) ;
#9331 = VECTOR ( 'NONE', #7644, 1000.000000000000000 ) ;
#9332 = CARTESIAN_POINT ( 'NONE',  ( -19.00000000000000000, 3.500000000000000000, 10.09999999999999964 ) ) ;
#9333 = EDGE_CURVE ( 'NONE', #5318, #8254, #4230, .T. ) ;
#9334 = FACE_OUTER_BOUND ( 'NONE', #6701, .T. ) ;
#9335 = LINE ( 'NONE', #827, #11828 ) ;
#9336 = EDGE_CURVE ( 'NONE', #9407, #5876, #1323, .T. ) ;
#9337 = AXIS2_PLACEMENT_3D ( 'NONE', #1145, #6992, #4108 ) ;
#9338 = DIRECTION ( 'NONE',  ( 0.000000000000000000, 1.000000000000000000, 0.000000000000000000 ) ) ;
#9339 = CIRCLE ( 'NONE', #9741, 1.750000000000000000 ) ;
#9340 = CARTESIAN_POINT ( 'NONE',  ( -57.50000000000000000, 12.50000000000000000, 12.59999999999999964 ) ) ;
#9341 = ADVANCED_FACE ( 'NONE', ( #2318 ), #11784, .T. ) ;
#9342 = DIRECTION ( 'NONE',  ( 0.000000000000000000, 0.000000000000000000, -1.000000000000000000 ) ) ;
#9343 = EDGE_CURVE ( 'NONE', #9774, #8219, #3158, .T. ) ;
#9344 = AXIS2_PLACEMENT_3D ( 'NONE', #883, #5483, #6358 ) ;
#9345 = CARTESIAN_POINT ( 'NONE',  ( -15.50000000000000000, 51.75000000000000000, 10.09999999999999964 ) ) ;
#9346 = ORIENTED_EDGE ( 'NONE', *, *, #9766, .F. ) ;
#9347 = AXIS2_PLACEMENT_3D ( 'NONE', #9267, #753, #4523 ) ;
#9348 = CIRCLE ( 'NONE', #816, 0.2499999999999997780 ) ;
#9349 = ORIENTED_EDGE ( 'NONE', *, *, #10407, .F. ) ;
#9350 = VERTEX_POINT ( 'NONE', #11594 ) ;
#9351 = CARTESIAN_POINT ( 'NONE',  ( -22.25000000000000000, 1.750000000000000000, 1.600000000000000089 ) ) ;
#9352 = CARTESIAN_POINT ( 'NONE',  ( -62.25000000000000000, 49.25000000000000000, 4.850000000000000533 ) ) ;
#9353 = FACE_OUTER_BOUND ( 'NONE', #1664, .T. ) ;
#9354 = DIRECTION ( 'NONE',  ( 0.000000000000000000, 0.000000000000000000, 1.000000000000000000 ) ) ;
#9355 = EDGE_CURVE ( 'NONE', #76, #8203, #2188, .T. ) ;
#9356 = DIRECTION ( 'NONE',  ( -1.000000000000000000, 0.000000000000000000, 0.000000000000000000 ) ) ;
#9357 = VECTOR ( 'NONE', #8738, 1000.000000000000000 ) ;
#9358 = LINE ( 'NONE', #7256, #2682 ) ;
#9359 = AXIS2_PLACEMENT_3D ( 'NONE', #7254, #5434, #6189 ) ;
#9360 = DIRECTION ( 'NONE',  ( 0.000000000000000000, 0.000000000000000000, 1.000000000000000000 ) ) ;
#9361 = ORIENTED_EDGE ( 'NONE', *, *, #3992, .F. ) ;
#9362 = CARTESIAN_POINT ( 'NONE',  ( 0.000000000000000000, 44.94999999999999574, 4.599999999999999645 ) ) ;
#9363 = VERTEX_POINT ( 'NONE', #9775 ) ;
#9364 = VERTEX_POINT ( 'NONE', #4164 ) ;
#9365 = ORIENTED_EDGE ( 'NONE', *, *, #6275, .F. ) ;
#9366 = CARTESIAN_POINT ( 'NONE',  ( -36.25000000000000000, 50.75000000000000000, 10.09999999999999964 ) ) ;
#9367 = FACE_OUTER_BOUND ( 'NONE', #7869, .T. ) ;
#9368 = VERTEX_POINT ( 'NONE', #7977 ) ;
#9369 = EDGE_CURVE ( 'NONE', #7470, #2142, #1260, .T. ) ;
#9370 = FACE_OUTER_BOUND ( 'NONE', #6896, .T. ) ;
#9371 = CARTESIAN_POINT ( 'NONE',  ( -53.75000000000000000, 45.00000000000000000, 4.599999999999999645 ) ) ;
#9372 = EDGE_CURVE ( 'NONE', #9774, #11397, #3052, .T. ) ;
#9373 = DIRECTION ( 'NONE',  ( 0.000000000000000000, -1.000000000000000000, 0.000000000000000000 ) ) ;
#9374 = EDGE_CURVE ( 'NONE', #6591, #4272, #3236, .T. ) ;
#9375 = CARTESIAN_POINT ( 'NONE',  ( -12.00000000000000000, 51.75000000000000000, 10.09999999999999964 ) ) ;
#9376 = ORIENTED_EDGE ( 'NONE', *, *, #381, .F. ) ;
#9377 = EDGE_CURVE ( 'NONE', #5529, #3613, #1385, .T. ) ;
#9378 = DIRECTION ( 'NONE',  ( -1.000000000000000000, 0.000000000000000000, 0.000000000000000000 ) ) ;
#9379 = VERTEX_POINT ( 'NONE', #8972 ) ;
#9380 = CARTESIAN_POINT ( 'NONE',  ( -37.25000000000000000, 50.75000000000000000, 10.09999999999999964 ) ) ;
#9381 = ORIENTED_EDGE ( 'NONE', *, *, #6072, .F. ) ;
#9382 = DIRECTION ( 'NONE',  ( 0.000000000000000000, 1.000000000000000000, 0.000000000000000000 ) ) ;
#9383 = LINE ( 'NONE', #2671, #668 ) ;
#9384 = DIRECTION ( 'NONE',  ( 1.000000000000000000, 0.000000000000000000, 0.000000000000000000 ) ) ;
#9385 = EDGE_CURVE ( 'NONE', #3523, #10588, #452, .T. ) ;
#9386 = CARTESIAN_POINT ( 'NONE',  ( -52.04999999999999716, 47.30000000000000426, 10.59999999999999964 ) ) ;
#9387 = ORIENTED_EDGE ( 'NONE', *, *, #10485, .T. ) ;
#9388 = EDGE_CURVE ( 'NONE', #589, #8117, #6734, .T. ) ;
#9389 = DIRECTION ( 'NONE',  ( 0.000000000000000000, 0.000000000000000000, 1.000000000000000000 ) ) ;
#9390 = ORIENTED_EDGE ( 'NONE', *, *, #3130, .T. ) ;
#9391 = ORIENTED_EDGE ( 'NONE', *, *, #6296, .F. ) ;
#9392 = CIRCLE ( 'NONE', #4021, 0.2499999999999997780 ) ;
#9393 = EDGE_LOOP ( 'NONE', ( #5670, #2974, #5805, #2025 ) ) ;
#9394 = EDGE_CURVE ( 'NONE', #8732, #1237, #982, .T. ) ;
#9395 = DIRECTION ( 'NONE',  ( -1.000000000000000000, 0.000000000000000000, 0.000000000000000000 ) ) ;
#9396 = EDGE_CURVE ( 'NONE', #3197, #7340, #3769, .T. ) ;
#9397 = PLANE ( 'NONE',  #7395 ) ;
#9398 = DIRECTION ( 'NONE',  ( 0.000000000000000000, 0.000000000000000000, -1.000000000000000000 ) ) ;
#9399 = DIRECTION ( 'NONE',  ( -0.000000000000000000, -0.000000000000000000, 1.000000000000000000 ) ) ;
#9400 = CARTESIAN_POINT ( 'NONE',  ( -50.35000000000000142, 47.30000000000000426, 10.59999999999999964 ) ) ;
#9401 = AXIS2_PLACEMENT_3D ( 'NONE', #10100, #6496, #3558 ) ;
#9402 = DIRECTION ( 'NONE',  ( 1.000000000000000000, 0.000000000000000000, 0.000000000000000000 ) ) ;
#9403 = FACE_BOUND ( 'NONE', #9070, .T. ) ;
#9404 = ADVANCED_FACE ( 'NONE', ( #4887 ), #5825, .T. ) ;
#9405 = ORIENTED_EDGE ( 'NONE', *, *, #2164, .T. ) ;
#9406 = CARTESIAN_POINT ( 'NONE',  ( -52.75000000000000000, 44.00000000000000000, 4.599999999999999645 ) ) ;
#9407 = VERTEX_POINT ( 'NONE', #10499 ) ;
#9408 = ADVANCED_FACE ( 'NONE', ( #8634 ), #3895, .T. ) ;
#9409 = EDGE_LOOP ( 'NONE', ( #4519, #7247, #12150, #10174 ) ) ;
#9410 = LINE ( 'NONE', #2939, #9533 ) ;
#9411 = AXIS2_PLACEMENT_3D ( 'NONE', #2942, #2824, #6800 ) ;
#9412 = DIRECTION ( 'NONE',  ( 0.000000000000000000, 0.000000000000000000, -1.000000000000000000 ) ) ;
#9413 = CARTESIAN_POINT ( 'NONE',  ( -45.25000000000000000, 28.00000000000000000, 2.350000000000000089 ) ) ;
#9414 = LINE ( 'NONE', #10595, #5244 ) ;
#9415 = EDGE_CURVE ( 'NONE', #2749, #2788, #5765, .T. ) ;
#9416 = DIRECTION ( 'NONE',  ( 0.000000000000000000, 0.000000000000000000, -1.000000000000000000 ) ) ;
#9417 = DIRECTION ( 'NONE',  ( 0.000000000000000000, 0.000000000000000000, -1.000000000000000000 ) ) ;
#9418 = EDGE_LOOP ( 'NONE', ( #8220, #2764, #7147, #6827 ) ) ;
#9419 = DIRECTION ( 'NONE',  ( 0.000000000000000000, 0.000000000000000000, -1.000000000000000000 ) ) ;
#9420 = VECTOR ( 'NONE', #8565, 1000.000000000000000 ) ;
#9421 = ORIENTED_EDGE ( 'NONE', *, *, #10803, .F. ) ;
#9422 = DIRECTION ( 'NONE',  ( 0.000000000000000000, 1.000000000000000000, 0.000000000000000000 ) ) ;
#9423 = EDGE_LOOP ( 'NONE', ( #11317, #11684, #1339, #8144 ) ) ;
#9424 = ADVANCED_FACE ( 'NONE', ( #1795 ), #2789, .T. ) ;
#9425 = ORIENTED_EDGE ( 'NONE', *, *, #1510, .T. ) ;
#9426 = VERTEX_POINT ( 'NONE', #4768 ) ;
#9427 = ORIENTED_EDGE ( 'NONE', *, *, #12015, .T. ) ;
#9428 = LINE ( 'NONE', #1959, #6547 ) ;
#9429 = PLANE ( 'NONE',  #6578 ) ;
#9430 = EDGE_LOOP ( 'NONE', ( #6351, #8684, #5290, #10671 ) ) ;
#9431 = DIRECTION ( 'NONE',  ( 0.000000000000000000, -1.000000000000000000, 0.000000000000000000 ) ) ;
#9432 = CARTESIAN_POINT ( 'NONE',  ( -2.250000000000000000, 32.00000000000000000, 4.599999999999999645 ) ) ;
#9433 = VECTOR ( 'NONE', #4197, 1000.000000000000000 ) ;
#9434 = DIRECTION ( 'NONE',  ( 0.000000000000000000, -1.000000000000000000, 0.000000000000000000 ) ) ;
#9435 = LINE ( 'NONE', #5758, #4872 ) ;
#9436 = ORIENTED_EDGE ( 'NONE', *, *, #4654, .T. ) ;
#9437 = PRODUCT_RELATED_PRODUCT_CATEGORY ( 'part', '', ( #364 ) ) ;
#9438 = AXIS2_PLACEMENT_3D ( 'NONE', #1772, #9360, #844 ) ;
#9439 = ORIENTED_EDGE ( 'NONE', *, *, #11644, .F. ) ;
#9440 = AXIS2_PLACEMENT_3D ( 'NONE', #1379, #7843, #507 ) ;
#9441 = CARTESIAN_POINT ( 'NONE',  ( -3.500000000000000000, 3.500000000000000000, 10.09999999999999964 ) ) ;
#9442 = ORIENTED_EDGE ( 'NONE', *, *, #4914, .F. ) ;
#9443 = FACE_OUTER_BOUND ( 'NONE', #6104, .T. ) ;
#9444 = ORIENTED_EDGE ( 'NONE', *, *, #7852, .F. ) ;
#9445 = LINE ( 'NONE', #3897, #4577 ) ;
#9446 = CARTESIAN_POINT ( 'NONE',  ( -12.00000000000000000, 51.75000000000000000, 1.600000000000000089 ) ) ;
#9447 = FACE_BOUND ( 'NONE', #1175, .T. ) ;
#9448 = AXIS2_PLACEMENT_3D ( 'NONE', #3410, #7101, #4225 ) ;
#9449 = AXIS2_PLACEMENT_3D ( 'NONE', #7216, #7332, #11007 ) ;
#9450 = CARTESIAN_POINT ( 'NONE',  ( -47.25000000000000000, 50.75000000000000000, 10.09999999999999964 ) ) ;
#9451 = DIRECTION ( 'NONE',  ( 0.000000000000000000, 0.000000000000000000, -1.000000000000000000 ) ) ;
#9452 = ORIENTED_EDGE ( 'NONE', *, *, #9881, .F. ) ;
#9453 = DIRECTION ( 'NONE',  ( 0.000000000000000000, 0.000000000000000000, -1.000000000000000000 ) ) ;
#9454 = ORIENTED_EDGE ( 'NONE', *, *, #5957, .F. ) ;
#9455 = ORIENTED_EDGE ( 'NONE', *, *, #6002, .T. ) ;
#9456 = VERTEX_POINT ( 'NONE', #7698 ) ;
#9457 = EDGE_CURVE ( 'NONE', #5099, #8976, #11502, .T. ) ;
#9458 = LINE ( 'NONE', #10455, #10384 ) ;
#9459 = FACE_BOUND ( 'NONE', #11198, .T. ) ;
#9460 = PLANE ( 'NONE',  #12332 ) ;
#9461 = DIRECTION ( 'NONE',  ( -0.000000000000000000, -0.000000000000000000, 1.000000000000000000 ) ) ;
#9462 = EDGE_CURVE ( 'NONE', #3977, #905, #6583, .T. ) ;
#9463 = CARTESIAN_POINT ( 'NONE',  ( -28.75000000000000000, 51.75000000000000000, 1.600000000000000089 ) ) ;
#9464 = PLANE ( 'NONE',  #9837 ) ;
#9465 = CARTESIAN_POINT ( 'NONE',  ( -7.000000000000000000, 51.75000000000000000, 10.09999999999999964 ) ) ;
#9466 = VERTEX_POINT ( 'NONE', #3832 ) ;
#9467 = CARTESIAN_POINT ( 'NONE',  ( -31.25000000000000000, 51.75000000000000000, 10.09999999999999964 ) ) ;
#9468 = VERTEX_POINT ( 'NONE', #5584 ) ;
#9469 = ORIENTED_EDGE ( 'NONE', *, *, #9877, .T. ) ;
#9470 = LINE ( 'NONE', #9286, #618 ) ;
#9471 = EDGE_CURVE ( 'NONE', #3606, #1354, #7639, .T. ) ;
#9472 = CARTESIAN_POINT ( 'NONE',  ( -5.250000000000000000, 32.00000000000000000, 1.600000000000000089 ) ) ;
#9473 = DIRECTION ( 'NONE',  ( -1.000000000000000000, 0.000000000000000000, 0.000000000000000000 ) ) ;
#9474 = LINE ( 'NONE', #1021, #7828 ) ;
#9475 = CARTESIAN_POINT ( 'NONE',  ( -45.25000000000000000, 28.25000000000000000, 1.850000000000000089 ) ) ;
#9476 = LINE ( 'NONE', #2944, #8445 ) ;
#9477 = DIRECTION ( 'NONE',  ( 0.000000000000000000, -1.000000000000000000, 0.000000000000000000 ) ) ;
#9478 = EDGE_LOOP ( 'NONE', ( #6742, #4188, #1369, #744 ) ) ;
#9479 = CARTESIAN_POINT ( 'NONE',  ( -2.500000000000000000, 36.00000000000000000, 1.600000000000000089 ) ) ;
#9480 = ORIENTED_EDGE ( 'NONE', *, *, #2036, .F. ) ;
#9481 = EDGE_CURVE ( 'NONE', #4929, #7693, #2972, .T. ) ;
#9482 = EDGE_LOOP ( 'NONE', ( #5764, #11442, #6292, #9662 ) ) ;
#9483 = ORIENTED_EDGE ( 'NONE', *, *, #4611, .T. ) ;
#9484 = DIRECTION ( 'NONE',  ( 1.000000000000000000, -0.000000000000000000, -0.000000000000000000 ) ) ;
#9485 = CARTESIAN_POINT ( 'NONE',  ( -47.25000000000000000, 44.94999999999999574, 10.59999999999999964 ) ) ;
#9486 = EDGE_LOOP ( 'NONE', ( #3385, #1871, #10860, #8769 ) ) ;
#9487 = ORIENTED_EDGE ( 'NONE', *, *, #10675, .T. ) ;
#9488 = PLANE ( 'NONE',  #635 ) ;
#9489 = LINE ( 'NONE', #6692, #7431 ) ;
#9490 = CARTESIAN_POINT ( 'NONE',  ( -59.00000000000000000, 17.10000000000000142, 2.600000000000000089 ) ) ;
#9491 = VECTOR ( 'NONE', #2816, 1000.000000000000000 ) ;
#9492 = PLANE ( 'NONE',  #6851 ) ;
#9493 = ADVANCED_FACE ( 'NONE', ( #10565 ), #11384, .T. ) ;
#9494 = DIRECTION ( 'NONE',  ( 0.000000000000000000, 1.000000000000000000, 0.000000000000000000 ) ) ;
#9495 = EDGE_LOOP ( 'NONE', ( #11919, #1262 ) ) ;
#9496 = VERTEX_POINT ( 'NONE', #8695 ) ;
#9497 = ADVANCED_FACE ( 'NONE', ( #170 ), #865, .F. ) ;
#9499 = VECTOR ( 'NONE', #1071, 1000.000000000000000 ) ;
#9498 = DIRECTION ( 'NONE',  ( 0.000000000000000000, -1.000000000000000000, 0.000000000000000000 ) ) ;
#9500 = ORIENTED_EDGE ( 'NONE', *, *, #374, .F. ) ;
#9501 = DIRECTION ( 'NONE',  ( 0.000000000000000000, 0.000000000000000000, -1.000000000000000000 ) ) ;
#9502 = ORIENTED_EDGE ( 'NONE', *, *, #5442, .F. ) ;
#9503 = CARTESIAN_POINT ( 'NONE',  ( -47.25000000000000000, 47.30000000000000426, 4.599999999999999645 ) ) ;
#9504 = DIRECTION ( 'NONE',  ( 0.000000000000000000, 1.000000000000000000, 0.000000000000000000 ) ) ;
#9505 = LINE ( 'NONE', #6587, #7164 ) ;
#9506 = VECTOR ( 'NONE', #7512, 1000.000000000000114 ) ;
#9507 = DIRECTION ( 'NONE',  ( -1.000000000000000000, 0.000000000000000000, 0.000000000000000000 ) ) ;
#9508 = CARTESIAN_POINT ( 'NONE',  ( -4.750000000000000000, 2.750000000000000000, 10.09999999999999964 ) ) ;
#9509 = EDGE_LOOP ( 'NONE', ( #2349, #3192, #6711, #3056 ) ) ;
#9510 = DIRECTION ( 'NONE',  ( 0.000000000000000000, 0.000000000000000000, -1.000000000000000000 ) ) ;
#9511 = AXIS2_PLACEMENT_3D ( 'NONE', #3732, #7665, #7607 ) ;
#9512 = ORIENTED_EDGE ( 'NONE', *, *, #10398, .F. ) ;
#9513 = DIRECTION ( 'NONE',  ( 0.000000000000000000, 0.000000000000000000, -1.000000000000000000 ) ) ;
#9514 = CARTESIAN_POINT ( 'NONE',  ( -27.25000000000000000, 2.750000000000000000, 10.09999999999999964 ) ) ;
#9515 = EDGE_CURVE ( 'NONE', #9368, #5739, #11570, .T. ) ;
#9516 = DIRECTION ( 'NONE',  ( 0.000000000000000000, 0.000000000000000000, -1.000000000000000000 ) ) ;
#9517 = CARTESIAN_POINT ( 'NONE',  ( -58.50000000000000000, 44.25000000000000000, 12.59999999999999964 ) ) ;
#9518 = EDGE_CURVE ( 'NONE', #7868, #4827, #8448, .T. ) ;
#9519 = PLANE ( 'NONE',  #8651 ) ;
#9520 = VECTOR ( 'NONE', #503, 1000.000000000000000 ) ;
#9521 = VECTOR ( 'NONE', #4139, 1000.000000000000000 ) ;
#9522 = ADVANCED_FACE ( 'NONE', ( #9443 ), #4743, .T. ) ;
#9523 = CARTESIAN_POINT ( 'NONE',  ( -2.500000000000000000, 36.00000000000000000, 1.600000000000000089 ) ) ;
#9524 = CARTESIAN_POINT ( 'NONE',  ( -38.75000000000000000, 50.75000000000000000, 10.09999999999999964 ) ) ;
#9525 = EDGE_LOOP ( 'NONE', ( #9866, #11366, #7439, #10547 ) ) ;
#9526 = DIRECTION ( 'NONE',  ( 1.000000000000000000, 0.000000000000000000, 0.000000000000000000 ) ) ;
#9527 = ADVANCED_FACE ( 'NONE', ( #1859 ), #1920, .T. ) ;
#9528 = AXIS2_PLACEMENT_3D ( 'NONE', #11810, #3320, #475 ) ;
#9529 = ORIENTED_EDGE ( 'NONE', *, *, #2911, .F. ) ;
#9530 = ORIENTED_EDGE ( 'NONE', *, *, #12284, .F. ) ;
#9531 = CARTESIAN_POINT ( 'NONE',  ( -48.75000000000000000, 51.75000000000000000, 10.09999999999999964 ) ) ;
#9532 = AXIS2_PLACEMENT_3D ( 'NONE', #11535, #5920, #11600 ) ;
#9533 = VECTOR ( 'NONE', #5492, 1000.000000000000000 ) ;
#9534 = CARTESIAN_POINT ( 'NONE',  ( -2.899999999999999911, 0.000000000000000000, 4.599999999999999645 ) ) ;
#9535 = CARTESIAN_POINT ( 'NONE',  ( -71.00000000000000000, 3.500000000000000000, 12.59999999999999964 ) ) ;
#9536 = CARTESIAN_POINT ( 'NONE',  ( -25.75000000000000000, 1.750000000000000000, 1.600000000000000089 ) ) ;
#9537 = CARTESIAN_POINT ( 'NONE',  ( -68.50000000000000000, 0.000000000000000000, 1.600000000000000089 ) ) ;
#9538 = LINE ( 'NONE', #3010, #99 ) ;
#9539 = AXIS2_PLACEMENT_3D ( 'NONE', #11160, #7478, #12224 ) ;
#9540 = EDGE_CURVE ( 'NONE', #3150, #10050, #3151, .T. ) ;
#9541 = FACE_OUTER_BOUND ( 'NONE', #9509, .T. ) ;
#9542 = CIRCLE ( 'NONE', #9752, 1.750000000000000000 ) ;
#9543 = ORIENTED_EDGE ( 'NONE', *, *, #6499, .F. ) ;
#9544 = VECTOR ( 'NONE', #1670, 1000.000000000000000 ) ;
#9545 = DIRECTION ( 'NONE',  ( 0.000000000000000000, 0.000000000000000000, 1.000000000000000000 ) ) ;
#9546 = ORIENTED_EDGE ( 'NONE', *, *, #7100, .F. ) ;
#9547 = ORIENTED_EDGE ( 'NONE', *, *, #8965, .T. ) ;
#9548 = ORIENTED_EDGE ( 'NONE', *, *, #1024, .T. ) ;
#9549 = DIRECTION ( 'NONE',  ( -1.000000000000000000, 0.000000000000000000, 0.000000000000000000 ) ) ;
#9550 = DIRECTION ( 'NONE',  ( 0.000000000000000000, 0.000000000000000000, -1.000000000000000000 ) ) ;
#9551 = ORIENTED_EDGE ( 'NONE', *, *, #3160, .T. ) ;
#9552 = TOROIDAL_SURFACE ( 'NONE', #3226, 2.000000000000000000, 0.2500000000000000000 ) ;
#9553 = ORIENTED_EDGE ( 'NONE', *, *, #10214, .T. ) ;
#9554 = DIRECTION ( 'NONE',  ( 1.000000000000000000, 0.000000000000000000, 0.000000000000000000 ) ) ;
#9555 = DIRECTION ( 'NONE',  ( 0.000000000000000000, 1.000000000000000000, 0.000000000000000000 ) ) ;
#9556 = ADVANCED_FACE ( 'NONE', ( #2295 ), #6014, .T. ) ;
#9557 = AXIS2_PLACEMENT_3D ( 'NONE', #38, #4750, #11491 ) ;
#9558 = DIRECTION ( 'NONE',  ( 0.000000000000000000, 0.000000000000000000, 1.000000000000000000 ) ) ;
#9559 = DIRECTION ( 'NONE',  ( 1.000000000000000000, 0.000000000000000000, 0.000000000000000000 ) ) ;
#9560 = EDGE_CURVE ( 'NONE', #5416, #1240, #3555, .T. ) ;
#9561 = DIRECTION ( 'NONE',  ( 0.000000000000000000, 0.000000000000000000, -1.000000000000000000 ) ) ;
#9562 = ORIENTED_EDGE ( 'NONE', *, *, #1254, .F. ) ;
#9563 = EDGE_LOOP ( 'NONE', ( #5401, #2176, #2613, #1958 ) ) ;
#9564 = AXIS2_PLACEMENT_3D ( 'NONE', #1006, #10335, #7599 ) ;
#9565 = DIRECTION ( 'NONE',  ( 0.000000000000000000, 1.000000000000000000, 0.000000000000000000 ) ) ;
#9566 = EDGE_CURVE ( 'NONE', #6609, #10917, #238, .T. ) ;
#9567 = ORIENTED_EDGE ( 'NONE', *, *, #720, .T. ) ;
#9568 = EDGE_CURVE ( 'NONE', #9856, #5586, #9814, .T. ) ;
#9569 = DIRECTION ( 'NONE',  ( -1.000000000000000000, 0.000000000000000000, 0.000000000000000000 ) ) ;
#9570 = VERTEX_POINT ( 'NONE', #7946 ) ;
#9571 = EDGE_CURVE ( 'NONE', #11831, #1991, #9007, .T. ) ;
#9572 = FACE_BOUND ( 'NONE', #11881, .T. ) ;
#9573 = PLANE ( 'NONE',  #3036 ) ;
#9574 = DIRECTION ( 'NONE',  ( 0.000000000000000000, 0.000000000000000000, 1.000000000000000000 ) ) ;
#9575 = EDGE_CURVE ( 'NONE', #3288, #764, #1174, .T. ) ;
#9576 = LINE ( 'NONE', #8700, #118 ) ;
#9577 = DIRECTION ( 'NONE',  ( 0.7071067811865474617, -0.7071067811865474617, 0.000000000000000000 ) ) ;
#9578 = EDGE_LOOP ( 'NONE', ( #3612, #12092, #5801, #244 ) ) ;
#9579 = CARTESIAN_POINT ( 'NONE',  ( -41.25000000000000000, 51.75000000000000000, 10.09999999999999964 ) ) ;
#9580 = EDGE_CURVE ( 'NONE', #3523, #6007, #8879, .T. ) ;
#9581 = VERTEX_POINT ( 'NONE', #3090 ) ;
#9582 = DIRECTION ( 'NONE',  ( 0.000000000000000000, 0.000000000000000000, -1.000000000000000000 ) ) ;
#9583 = DIRECTION ( 'NONE',  ( -0.000000000000000000, 0.7071067811865480168, 0.7071067811865470176 ) ) ;
#9584 = DIRECTION ( 'NONE',  ( 0.000000000000000000, 0.000000000000000000, -1.000000000000000000 ) ) ;
#9585 = CARTESIAN_POINT ( 'NONE',  ( -27.25000000000000000, 51.75000000000000000, 1.600000000000000089 ) ) ;
#9586 = CARTESIAN_POINT ( 'NONE',  ( -29.75000000000000000, 50.75000000000000000, 1.600000000000000089 ) ) ;
#9587 = CARTESIAN_POINT ( 'NONE',  ( -10.50000000000000000, 51.75000000000000000, 10.09999999999999964 ) ) ;
#9588 = AXIS2_PLACEMENT_3D ( 'NONE', #7712, #7837, #8829 ) ;
#9589 = LINE ( 'NONE', #1938, #7523 ) ;
#9590 = EDGE_CURVE ( 'NONE', #8971, #1839, #8817, .T. ) ;
#9591 = ORIENTED_EDGE ( 'NONE', *, *, #84, .T. ) ;
#9592 = DIRECTION ( 'NONE',  ( 0.000000000000000000, 0.000000000000000000, 1.000000000000000000 ) ) ;
#9593 = ORIENTED_EDGE ( 'NONE', *, *, #11560, .F. ) ;
#9594 = ORIENTED_EDGE ( 'NONE', *, *, #9637, .F. ) ;
#9595 = ORIENTED_EDGE ( 'NONE', *, *, #1874, .F. ) ;
#9596 = FACE_BOUND ( 'NONE', #11183, .T. ) ;
#9597 = DIRECTION ( 'NONE',  ( -0.7071067811865470176, 0.7071067811865480168, 0.000000000000000000 ) ) ;
#9598 = LINE ( 'NONE', #3616, #11166 ) ;
#9599 = CARTESIAN_POINT ( 'NONE',  ( -46.25000000000000000, 48.00000000000000000, 1.600000000000000089 ) ) ;
#9600 = VECTOR ( 'NONE', #373, 1000.000000000000000 ) ;
#9601 = DIRECTION ( 'NONE',  ( 0.000000000000000000, 1.000000000000000000, 0.000000000000000000 ) ) ;
#9602 = CARTESIAN_POINT ( 'NONE',  ( -45.25000000000000000, 23.75000000000000000, 2.100000000000000089 ) ) ;
#9603 = EDGE_LOOP ( 'NONE', ( #9840, #6387, #1808, #8474 ) ) ;
#9604 = CARTESIAN_POINT ( 'NONE',  ( -59.00000000000000000, 20.50000000000000000, 3.350000000000000089 ) ) ;
#9605 = ORIENTED_EDGE ( 'NONE', *, *, #7263, .T. ) ;
#9606 = DIRECTION ( 'NONE',  ( 0.000000000000000000, 1.000000000000000000, 0.000000000000000000 ) ) ;
#9607 = ORIENTED_EDGE ( 'NONE', *, *, #5759, .T. ) ;
#9608 = ORIENTED_EDGE ( 'NONE', *, *, #6685, .T. ) ;
#9609 = ORIENTED_EDGE ( 'NONE', *, *, #11251, .T. ) ;
#9610 = CYLINDRICAL_SURFACE ( 'NONE', #8530, 0.2500000000000002220 ) ;
#9611 = LINE ( 'NONE', #2772, #11356 ) ;
#9612 = ADVANCED_FACE ( 'NONE', ( #7022 ), #5893, .F. ) ;
#9613 = ORIENTED_EDGE ( 'NONE', *, *, #3885, .F. ) ;
#9614 = DIRECTION ( 'NONE',  ( -1.000000000000000000, 0.000000000000000000, 0.000000000000000000 ) ) ;
#9615 = LINE ( 'NONE', #6750, #11208 ) ;
#9616 = DIRECTION ( 'NONE',  ( 0.000000000000000000, -1.000000000000000000, 0.000000000000000000 ) ) ;
#9617 = CARTESIAN_POINT ( 'NONE',  ( 0.000000000000000000, 0.000000000000000000, 2.600000000000000089 ) ) ;
#9618 = AXIS2_PLACEMENT_3D ( 'NONE', #10972, #11217, #768 ) ;
#9619 = ADVANCED_FACE ( 'NONE', ( #355 ), #4082, .F. ) ;
#9620 = CARTESIAN_POINT ( 'NONE',  ( -75.00000000000000000, 33.45000000000000284, 3.299999999999999822 ) ) ;
#9621 = ORIENTED_EDGE ( 'NONE', *, *, #5489, .T. ) ;
#9622 = VERTEX_POINT ( 'NONE', #4017 ) ;
#9623 = LINE ( 'NONE', #4885, #4722 ) ;
#9624 = VECTOR ( 'NONE', #743, 1000.000000000000000 ) ;
#9625 = EDGE_LOOP ( 'NONE', ( #2165, #10937, #8472, #9346 ) ) ;
#9626 = CARTESIAN_POINT ( 'NONE',  ( -62.50000000000000000, 14.50000000000000000, 3.350000000000000089 ) ) ;
#9627 = VECTOR ( 'NONE', #10249, 1000.000000000000000 ) ;
#9628 = VERTEX_POINT ( 'NONE', #7883 ) ;
#9629 = FACE_BOUND ( 'NONE', #2085, .T. ) ;
#9630 = CARTESIAN_POINT ( 'NONE',  ( -66.07322330470340432, 33.70000000000000284, 9.696446609406731199 ) ) ;
#9631 = CIRCLE ( 'NONE', #293, 0.2500000000000002220 ) ;
#9632 = LINE ( 'NONE', #5832, #5477 ) ;
#9633 = VECTOR ( 'NONE', #5068, 1000.000000000000000 ) ;
#9634 = ORIENTED_EDGE ( 'NONE', *, *, #544, .F. ) ;
#9635 = CARTESIAN_POINT ( 'NONE',  ( -49.64999999999999858, 48.00000000000000000, 10.59999999999999964 ) ) ;
#9636 = VERTEX_POINT ( 'NONE', #2162 ) ;
#9637 = EDGE_CURVE ( 'NONE', #8957, #157, #295, .T. ) ;
#9638 = ORIENTED_EDGE ( 'NONE', *, *, #1489, .T. ) ;
#9639 = VECTOR ( 'NONE', #7113, 1000.000000000000000 ) ;
#9640 = CARTESIAN_POINT ( 'NONE',  ( -19.50000000000000000, 51.75000000000000000, 10.09999999999999964 ) ) ;
#9641 = AXIS2_PLACEMENT_3D ( 'NONE', #8710, #6664, #188 ) ;
#9642 = LINE ( 'NONE', #185, #7348 ) ;
#9643 = LINE ( 'NONE', #8773, #10951 ) ;
#9644 = FACE_OUTER_BOUND ( 'NONE', #11480, .T. ) ;
#9645 = FACE_OUTER_BOUND ( 'NONE', #11344, .T. ) ;
#9646 = EDGE_CURVE ( 'NONE', #8196, #30, #8939, .T. ) ;
#9647 = FACE_OUTER_BOUND ( 'NONE', #1421, .T. ) ;
#9648 = AXIS2_PLACEMENT_3D ( 'NONE', #9028, #6411, #8214 ) ;
#9649 = AXIS2_PLACEMENT_3D ( 'NONE', #9450, #9507, #11390 ) ;
#9650 = CARTESIAN_POINT ( 'NONE',  ( -1.250000000000000000, 25.50000000000000000, 4.599999999999999645 ) ) ;
#9651 = ORIENTED_EDGE ( 'NONE', *, *, #459, .T. ) ;
#9652 = LINE ( 'NONE', #8597, #382 ) ;
#9653 = ORIENTED_EDGE ( 'NONE', *, *, #4608, .T. ) ;
#9654 = ORIENTED_EDGE ( 'NONE', *, *, #3774, .F. ) ;
#9655 = ORIENTED_EDGE ( 'NONE', *, *, #8238, .T. ) ;
#9656 = FACE_BOUND ( 'NONE', #4724, .T. ) ;
#9657 = CARTESIAN_POINT ( 'NONE',  ( -23.00000000000000000, 51.75000000000000000, 10.09999999999999964 ) ) ;
#9658 = CARTESIAN_POINT ( 'NONE',  ( -5.500000000000000000, 50.75000000000000000, 10.09999999999999964 ) ) ;
#9659 = DIRECTION ( 'NONE',  ( -1.000000000000000000, 0.000000000000000000, 0.000000000000000000 ) ) ;
#9660 = DIRECTION ( 'NONE',  ( -1.000000000000000000, 0.000000000000000000, 0.000000000000000000 ) ) ;
#9661 = CARTESIAN_POINT ( 'NONE',  ( -52.75000000000000000, 44.94999999999999574, 10.59999999999999964 ) ) ;
#9662 = ORIENTED_EDGE ( 'NONE', *, *, #1478, .T. ) ;
#9663 = EDGE_CURVE ( 'NONE', #8098, #3963, #9872, .T. ) ;
#9664 = FACE_OUTER_BOUND ( 'NONE', #8680, .T. ) ;
#9665 = ORIENTED_EDGE ( 'NONE', *, *, #1405, .T. ) ;
#9666 = CARTESIAN_POINT ( 'NONE',  ( -40.75000000000000000, 1.750000000000000000, 1.600000000000000089 ) ) ;
#9667 = ORIENTED_EDGE ( 'NONE', *, *, #1316, .T. ) ;
#9668 = ORIENTED_EDGE ( 'NONE', *, *, #8442, .T. ) ;
#9669 = ORIENTED_EDGE ( 'NONE', *, *, #3324, .T. ) ;
#9670 = DIRECTION ( 'NONE',  ( 1.000000000000000000, 0.000000000000000000, 0.000000000000000000 ) ) ;
#9671 = CARTESIAN_POINT ( 'NONE',  ( -47.25000000000000000, 48.00000000000000000, 10.59999999999999964 ) ) ;
#9672 = ORIENTED_EDGE ( 'NONE', *, *, #1903, .F. ) ;
#9673 = DIRECTION ( 'NONE',  ( 0.000000000000000000, 0.000000000000000000, -1.000000000000000000 ) ) ;
#9674 = PLANE ( 'NONE',  #6226 ) ;
#9675 = CARTESIAN_POINT ( 'NONE',  ( -28.75000000000000000, 50.75000000000000000, 1.600000000000000089 ) ) ;
#9676 = DIRECTION ( 'NONE',  ( 0.000000000000000000, 0.000000000000000000, 1.000000000000000000 ) ) ;
#9677 = EDGE_CURVE ( 'NONE', #11568, #1490, #191, .T. ) ;
#9678 = LINE ( 'NONE', #1167, #11030 ) ;
#9679 = ORIENTED_EDGE ( 'NONE', *, *, #3294, .F. ) ;
#9680 = EDGE_CURVE ( 'NONE', #5262, #3413, #486, .T. ) ;
#9681 = ORIENTED_EDGE ( 'NONE', *, *, #6238, .T. ) ;
#9682 = DIRECTION ( 'NONE',  ( 0.000000000000000000, 0.000000000000000000, 1.000000000000000000 ) ) ;
#9683 = ORIENTED_EDGE ( 'NONE', *, *, #121, .T. ) ;
#9684 = EDGE_LOOP ( 'NONE', ( #4964, #8192, #11189 ) ) ;
#9685 = CARTESIAN_POINT ( 'NONE',  ( -2.500000000000000000, 52.00000000000000000, 1.600000000000000089 ) ) ;
#9686 = ADVANCED_FACE ( 'NONE', ( #3031 ), #8755, .F. ) ;
#9687 = VERTEX_POINT ( 'NONE', #548 ) ;
#9688 = CARTESIAN_POINT ( 'NONE',  ( -30.75000000000000000, 1.750000000000000000, 1.600000000000000089 ) ) ;
#9689 = LINE ( 'NONE', #7827, #9204 ) ;
#9690 = CARTESIAN_POINT ( 'NONE',  ( -47.95000000000000284, 44.94999999999999574, 4.599999999999999645 ) ) ;
#9691 = ORIENTED_EDGE ( 'NONE', *, *, #6136, .T. ) ;
#9692 = EDGE_CURVE ( 'NONE', #9292, #6365, #2656, .T. ) ;
#9693 = PLANE ( 'NONE',  #3935 ) ;
#9694 = ORIENTED_EDGE ( 'NONE', *, *, #3399, .F. ) ;
#9695 = ORIENTED_EDGE ( 'NONE', *, *, #3813, .F. ) ;
#9696 = CARTESIAN_POINT ( 'NONE',  ( -42.00000000000000000, 3.500000000000000000, 10.09999999999999964 ) ) ;
#9697 = AXIS2_PLACEMENT_3D ( 'NONE', #5230, #10020, #9029 ) ;
#9698 = CARTESIAN_POINT ( 'NONE',  ( -52.75000000000000000, 27.50000000000000000, 3.850000000000000089 ) ) ;
#9699 = DIRECTION ( 'NONE',  ( 0.000000000000000000, 0.000000000000000000, -1.000000000000000000 ) ) ;
#9700 = DIRECTION ( 'NONE',  ( 0.000000000000000000, 1.000000000000000000, 0.000000000000000000 ) ) ;
#9701 = ADVANCED_FACE ( 'NONE', ( #9301 ), #793, .F. ) ;
#9702 = CARTESIAN_POINT ( 'NONE',  ( -62.50000000000000000, 16.00000000000000000, 2.600000000000000089 ) ) ;
#9703 = CARTESIAN_POINT ( 'NONE',  ( -36.25000000000000000, 51.75000000000000000, 10.09999999999999964 ) ) ;
#9704 = ADVANCED_FACE ( 'NONE', ( #11940, #7393 ), #7322, .T. ) ;
#9705 = VECTOR ( 'NONE', #8876, 1000.000000000000000 ) ;
#9706 = LINE ( 'NONE', #9773, #7909 ) ;
#9707 = ORIENTED_EDGE ( 'NONE', *, *, #720, .F. ) ;
#9708 = CARTESIAN_POINT ( 'NONE',  ( -5.250000000000000000, 28.60000000000000142, 10.59999999999999964 ) ) ;
#9709 = VERTEX_POINT ( 'NONE', #12068 ) ;
#9710 = EDGE_LOOP ( 'NONE', ( #3271, #11029, #6013, #1061 ) ) ;
#9711 = EDGE_CURVE ( 'NONE', #12215, #3991, #11186, .T. ) ;
#9712 = EDGE_LOOP ( 'NONE', ( #8006, #1497, #10330, #1660 ) ) ;
#9713 = ADVANCED_FACE ( 'NONE', ( #6389 ), #5325, .T. ) ;
#9714 = AXIS2_PLACEMENT_3D ( 'NONE', #4731, #12052, #3497 ) ;
#9715 = LINE ( 'NONE', #8669, #3941 ) ;
#9716 = EDGE_CURVE ( 'NONE', #5739, #5690, #8339, .T. ) ;
#9717 = LINE ( 'NONE', #9903, #437 ) ;
#9718 = DIRECTION ( 'NONE',  ( 0.000000000000000000, -1.000000000000000000, 0.000000000000000000 ) ) ;
#9719 = CARTESIAN_POINT ( 'NONE',  ( -66.00000000000000000, 41.19644660940669922, 11.29999999999999893 ) ) ;
#9720 = CIRCLE ( 'NONE', #6149, 1.750000000000001554 ) ;
#9721 = DIRECTION ( 'NONE',  ( 0.000000000000000000, 0.000000000000000000, 1.000000000000000000 ) ) ;
#9722 = EDGE_CURVE ( 'NONE', #11972, #3012, #10939, .T. ) ;
#9723 = DIRECTION ( 'NONE',  ( -0.000000000000000000, -1.000000000000000000, -0.000000000000000000 ) ) ;
#9724 = ORIENTED_EDGE ( 'NONE', *, *, #10398, .T. ) ;
#9725 = AXIS2_PLACEMENT_3D ( 'NONE', #9218, #704, #4481 ) ;
#9726 = CARTESIAN_POINT ( 'NONE',  ( -1.250000000000000000, 25.50000000000000000, 1.600000000000000089 ) ) ;
#9727 = ORIENTED_EDGE ( 'NONE', *, *, #3311, .F. ) ;
#9728 = AXIS2_PLACEMENT_3D ( 'NONE', #4629, #9484, #4746 ) ;
#9729 = ORIENTED_EDGE ( 'NONE', *, *, #10692, .T. ) ;
#9730 = ORIENTED_EDGE ( 'NONE', *, *, #4007, .T. ) ;
#9731 = DIRECTION ( 'NONE',  ( 0.000000000000000000, 0.000000000000000000, 1.000000000000000000 ) ) ;
#9732 = CARTESIAN_POINT ( 'NONE',  ( -31.25000000000000000, 51.75000000000000000, 1.600000000000000089 ) ) ;
#9733 = ADVANCED_FACE ( 'NONE', ( #1666 ), #5447, .F. ) ;
#9734 = ORIENTED_EDGE ( 'NONE', *, *, #11844, .T. ) ;
#9735 = CARTESIAN_POINT ( 'NONE',  ( -25.00000000000000000, 50.00000000000000000, 10.09999999999999964 ) ) ;
#9736 = CARTESIAN_POINT ( 'NONE',  ( -49.64999999999999858, 47.30000000000000426, 10.59999999999999964 ) ) ;
#9737 = CARTESIAN_POINT ( 'NONE',  ( -10.55000000000000071, 1.750000000000000000, 10.09999999999999964 ) ) ;
#9738 = VECTOR ( 'NONE', #10472, 1000.000000000000000 ) ;
#9739 = CARTESIAN_POINT ( 'NONE',  ( -46.75000000000000000, 9.000000000000000000, 1.600000000000000089 ) ) ;
#9740 = VECTOR ( 'NONE', #5481, 1000.000000000000000 ) ;
#9741 = AXIS2_PLACEMENT_3D ( 'NONE', #3017, #5997, #6814 ) ;
#9742 = FACE_OUTER_BOUND ( 'NONE', #5059, .T. ) ;
#9743 = ORIENTED_EDGE ( 'NONE', *, *, #5038, .T. ) ;
#9744 = ORIENTED_EDGE ( 'NONE', *, *, #359, .T. ) ;
#9745 = EDGE_LOOP ( 'NONE', ( #10193, #5653, #7142, #11785 ) ) ;
#9746 = CARTESIAN_POINT ( 'NONE',  ( -14.34999999999999964, 1.750000000000000000, 10.09999999999999964 ) ) ;
#9747 = VECTOR ( 'NONE', #7180, 1000.000000000000000 ) ;
#9748 = VERTEX_POINT ( 'NONE', #4506 ) ;
#9749 = EDGE_CURVE ( 'NONE', #7693, #2052, #9071, .T. ) ;
#9750 = VERTEX_POINT ( 'NONE', #1546 ) ;
#9751 = CARTESIAN_POINT ( 'NONE',  ( -6.250000000000000000, 25.50000000000000000, 1.600000000000000089 ) ) ;
#9752 = AXIS2_PLACEMENT_3D ( 'NONE', #6848, #8893, #3169 ) ;
#9753 = DIRECTION ( 'NONE',  ( 0.000000000000000000, 1.000000000000000000, 0.000000000000000000 ) ) ;
#9754 = AXIS2_PLACEMENT_3D ( 'NONE', #4142, #240, #2235 ) ;
#9755 = ORIENTED_EDGE ( 'NONE', *, *, #10148, .T. ) ;
#9756 = DIRECTION ( 'NONE',  ( 1.000000000000000000, 0.000000000000000000, 0.000000000000000000 ) ) ;
#9757 = CARTESIAN_POINT ( 'NONE',  ( -66.00000000000000000, 35.45853199169867054, 11.29999999999999716 ) ) ;
#9758 = ADVANCED_FACE ( 'NONE', ( #5392 ), #1730, .F. ) ;
#9759 = VECTOR ( 'NONE', #3450, 1000.000000000000000 ) ;
#9760 = LINE ( 'NONE', #6208, #11258 ) ;
#9761 = AXIS2_PLACEMENT_3D ( 'NONE', #4689, #974, #1849 ) ;
#9762 = EDGE_LOOP ( 'NONE', ( #8435, #35, #7805, #7777 ) ) ;
#9763 = CARTESIAN_POINT ( 'NONE',  ( -2.500000000000000000, 2.500000000000000000, 1.600000000000000089 ) ) ;
#9764 = EDGE_LOOP ( 'NONE', ( #11511, #5502, #10424, #2919 ) ) ;
#9765 = DIRECTION ( 'NONE',  ( -1.000000000000000000, 0.000000000000000000, 0.000000000000000000 ) ) ;
#9766 = EDGE_CURVE ( 'NONE', #2711, #1761, #9124, .T. ) ;
#9767 = CARTESIAN_POINT ( 'NONE',  ( -32.25000000000000000, 1.750000000000000000, 1.600000000000000089 ) ) ;
#9768 = CARTESIAN_POINT ( 'NONE',  ( -50.00000000000000000, 9.000000000000000000, 6.349999999999999645 ) ) ;
#9769 = PLANE ( 'NONE',  #7248 ) ;
#9770 = DIRECTION ( 'NONE',  ( 0.000000000000000000, 0.000000000000000000, -1.000000000000000000 ) ) ;
#9771 = ADVANCED_FACE ( 'NONE', ( #8134 ), #3333, .F. ) ;
#9772 = DIRECTION ( 'NONE',  ( 0.000000000000000000, -1.000000000000000000, 0.000000000000000000 ) ) ;
#9773 = CARTESIAN_POINT ( 'NONE',  ( -3.250000000000000000, 52.50000000000000000, 10.09999999999999964 ) ) ;
#9774 = VERTEX_POINT ( 'NONE', #7140 ) ;
#9775 = CARTESIAN_POINT ( 'NONE',  ( -37.25000000000000000, 2.750000000000000000, 10.09999999999999964 ) ) ;
#9776 = EDGE_CURVE ( 'NONE', #9284, #10364, #2473, .T. ) ;
#9777 = EDGE_LOOP ( 'NONE', ( #11459, #7789, #1043, #6166 ) ) ;
#9778 = ORIENTED_EDGE ( 'NONE', *, *, #11838, .T. ) ;
#9779 = ORIENTED_EDGE ( 'NONE', *, *, #5771, .F. ) ;
#9780 = LINE ( 'NONE', #4047, #8519 ) ;
#9781 = DIRECTION ( 'NONE',  ( 0.000000000000000000, 1.000000000000000000, 0.000000000000000000 ) ) ;
#9782 = CARTESIAN_POINT ( 'NONE',  ( -66.00000000000000000, 33.70000000000000284, 9.541468008301299264 ) ) ;
#9783 = DIRECTION ( 'NONE',  ( 0.000000000000000000, -1.000000000000000000, 0.000000000000000000 ) ) ;
#9784 = DIRECTION ( 'NONE',  ( 0.000000000000000000, 0.000000000000000000, -1.000000000000000000 ) ) ;
#9785 = TOROIDAL_SURFACE ( 'NONE', #7604, 2.000000000000000000, 0.2500000000000000000 ) ;
#9786 = EDGE_CURVE ( 'NONE', #11128, #3584, #5265, .T. ) ;
#9787 = CARTESIAN_POINT ( 'NONE',  ( -2.200000000000000178, 28.60000000000000142, 10.59999999999999964 ) ) ;
#9788 = ORIENTED_EDGE ( 'NONE', *, *, #10637, .T. ) ;
#9789 = FACE_OUTER_BOUND ( 'NONE', #10178, .T. ) ;
#9790 = EDGE_CURVE ( 'NONE', #8281, #4090, #6323, .T. ) ;
#9791 = ORIENTED_EDGE ( 'NONE', *, *, #7649, .F. ) ;
#9792 = EDGE_LOOP ( 'NONE', ( #1213, #2753, #6951, #9926 ) ) ;
#9793 = ORIENTED_EDGE ( 'NONE', *, *, #3230, .T. ) ;
#9794 = CARTESIAN_POINT ( 'NONE',  ( -30.75000000000000000, 1.750000000000000000, 1.600000000000000089 ) ) ;
#9795 = FACE_OUTER_BOUND ( 'NONE', #9169, .T. ) ;
#9796 = VECTOR ( 'NONE', #1979, 1000.000000000000000 ) ;
#9797 = EDGE_CURVE ( 'NONE', #3963, #9570, #3695, .T. ) ;
#9798 = ORIENTED_EDGE ( 'NONE', *, *, #8477, .T. ) ;
#9799 = LINE ( 'NONE', #2148, #11768 ) ;
#9800 = DIRECTION ( 'NONE',  ( 0.000000000000000000, -0.7071067811865475727, 0.7071067811865475727 ) ) ;
#9801 = DIRECTION ( 'NONE',  ( 0.000000000000000000, 1.000000000000000000, 0.000000000000000000 ) ) ;
#9802 = FACE_OUTER_BOUND ( 'NONE', #9764, .T. ) ;
#9803 = DIRECTION ( 'NONE',  ( 0.000000000000000000, 0.8944271909999159664, 0.4472135954999579832 ) ) ;
#9804 = FACE_OUTER_BOUND ( 'NONE', #5624, .T. ) ;
#9805 = VECTOR ( 'NONE', #11619, 1000.000000000000000 ) ;
#9806 = ORIENTED_EDGE ( 'NONE', *, *, #7649, .T. ) ;
#9807 = ORIENTED_EDGE ( 'NONE', *, *, #5516, .F. ) ;
#9808 = ADVANCED_FACE ( 'NONE', ( #3753 ), #3816, .T. ) ;
#9809 = CARTESIAN_POINT ( 'NONE',  ( -75.00000000000000000, 35.50000000000000000, 5.549999999999999822 ) ) ;
#9810 = ORIENTED_EDGE ( 'NONE', *, *, #2933, .T. ) ;
#9811 = DIRECTION ( 'NONE',  ( -1.000000000000000000, 0.000000000000000000, 0.000000000000000000 ) ) ;
#9812 = EDGE_LOOP ( 'NONE', ( #3690, #3251, #10055, #10768, #12189 ) ) ;
#9813 = ORIENTED_EDGE ( 'NONE', *, *, #4783, .F. ) ;
#9814 = LINE ( 'NONE', #10685, #4956 ) ;
#9815 = CARTESIAN_POINT ( 'NONE',  ( -71.00000000000000000, 8.000000000000000000, 7.849999999999999645 ) ) ;
#9816 = ORIENTED_EDGE ( 'NONE', *, *, #11453, .T. ) ;
#9817 = LINE ( 'NONE', #3276, #5176 ) ;
#9818 = DIRECTION ( 'NONE',  ( 0.000000000000000000, -1.000000000000000000, 0.000000000000000000 ) ) ;
#9819 = CIRCLE ( 'NONE', #11218, 0.2500000000000002220 ) ;
#9820 = CARTESIAN_POINT ( 'NONE',  ( -74.75000000000000000, 44.25000000000000000, 12.34999999999999964 ) ) ;
#9821 = ORIENTED_EDGE ( 'NONE', *, *, #7706, .F. ) ;
#9822 = VECTOR ( 'NONE', #7756, 1000.000000000000000 ) ;
#9823 = CARTESIAN_POINT ( 'NONE',  ( -11.95000000000000107, 1.750000000000000000, 1.600000000000000089 ) ) ;
#9824 = ORIENTED_EDGE ( 'NONE', *, *, #10812, .T. ) ;
#9825 = VERTEX_POINT ( 'NONE', #7445 ) ;
#9826 = LINE ( 'NONE', #3225, #10584 ) ;
#9827 = CARTESIAN_POINT ( 'NONE',  ( -45.25000000000000000, 27.75000000000000000, 3.600000000000000089 ) ) ;
#9828 = PLANE ( 'NONE',  #815 ) ;
#9829 = CARTESIAN_POINT ( 'NONE',  ( 0.000000000000000000, 27.90000000000000213, 4.599999999999999645 ) ) ;
#9830 = VECTOR ( 'NONE', #10678, 1000.000000000000000 ) ;
#9831 = VECTOR ( 'NONE', #2884, 1000.000000000000000 ) ;
#9832 = FACE_OUTER_BOUND ( 'NONE', #6929, .T. ) ;
#9833 = DIRECTION ( 'NONE',  ( 1.000000000000000000, 0.000000000000000000, 0.000000000000000000 ) ) ;
#9834 = FACE_OUTER_BOUND ( 'NONE', #10281, .T. ) ;
#9835 = EDGE_CURVE ( 'NONE', #4137, #7895, #4809, .T. ) ;
#9836 = ORIENTED_EDGE ( 'NONE', *, *, #5817, .F. ) ;
#9837 = AXIS2_PLACEMENT_3D ( 'NONE', #3669, #5785, #12171 ) ;
#9838 = VECTOR ( 'NONE', #7659, 1000.000000000000000 ) ;
#9839 = DIRECTION ( 'NONE',  ( -1.000000000000000000, -0.000000000000000000, -0.000000000000000000 ) ) ;
#9840 = ORIENTED_EDGE ( 'NONE', *, *, #5526, .F. ) ;
#9841 = VERTEX_POINT ( 'NONE', #11301 ) ;
#9842 = EDGE_CURVE ( 'NONE', #2106, #3991, #9428, .T. ) ;
#9843 = CARTESIAN_POINT ( 'NONE',  ( -22.00000000000000000, 51.75000000000000000, 10.09999999999999964 ) ) ;
#9844 = DIRECTION ( 'NONE',  ( 0.000000000000000000, 0.000000000000000000, -1.000000000000000000 ) ) ;
#9845 = DIRECTION ( 'NONE',  ( 0.000000000000000000, 1.000000000000000000, 0.000000000000000000 ) ) ;
#9846 = DIRECTION ( 'NONE',  ( 0.000000000000000000, 1.000000000000000000, 0.000000000000000000 ) ) ;
#9847 = DIRECTION ( 'NONE',  ( 1.000000000000000000, 0.000000000000000000, 0.000000000000000000 ) ) ;
#9848 = VECTOR ( 'NONE', #666, 1000.000000000000000 ) ;
#9849 = VECTOR ( 'NONE', #243, 1000.000000000000000 ) ;
#9850 = CARTESIAN_POINT ( 'NONE',  ( -59.00000000000000000, 46.00000000000000000, 3.850000000000000089 ) ) ;
#9851 = ORIENTED_EDGE ( 'NONE', *, *, #8898, .F. ) ;
#9852 = DIRECTION ( 'NONE',  ( 0.000000000000000000, -1.000000000000000000, 0.000000000000000000 ) ) ;
#9853 = EDGE_LOOP ( 'NONE', ( #6293, #8878, #11935, #5303 ) ) ;
#9854 = EDGE_CURVE ( 'NONE', #6123, #7500, #5746, .T. ) ;
#9855 = EDGE_LOOP ( 'NONE', ( #1722, #8382, #5173, #2024 ) ) ;
#9856 = VERTEX_POINT ( 'NONE', #9366 ) ;
#9857 = DIRECTION ( 'NONE',  ( 1.000000000000000000, 0.000000000000000000, 0.000000000000000000 ) ) ;
#9858 = FACE_OUTER_BOUND ( 'NONE', #10935, .T. ) ;
#9859 = EDGE_LOOP ( 'NONE', ( #7483, #8664, #4411, #6133 ) ) ;
#9860 = CARTESIAN_POINT ( 'NONE',  ( -42.00000000000000000, 1.000000000000000000, 10.09999999999999964 ) ) ;
#9861 = PLANE ( 'NONE',  #4026 ) ;
#9862 = CARTESIAN_POINT ( 'NONE',  ( -2.500000000000000000, 36.00000000000000000, 1.600000000000000089 ) ) ;
#9863 = CARTESIAN_POINT ( 'NONE',  ( -74.75000000000000000, 35.50000000000000000, 5.549999999999999822 ) ) ;
#9864 = LINE ( 'NONE', #8872, #8834 ) ;
#9865 = EDGE_CURVE ( 'NONE', #11938, #213, #5687, .T. ) ;
#9866 = ORIENTED_EDGE ( 'NONE', *, *, #2124, .F. ) ;
#9867 = LINE ( 'NONE', #11753, #10639 ) ;
#9868 = ORIENTED_EDGE ( 'NONE', *, *, #5542, .F. ) ;
#9869 = DIRECTION ( 'NONE',  ( 0.000000000000000000, 0.000000000000000000, -1.000000000000000000 ) ) ;
#9870 = ORIENTED_EDGE ( 'NONE', *, *, #7575, .F. ) ;
#9871 = VERTEX_POINT ( 'NONE', #3881 ) ;
#9872 = LINE ( 'NONE', #4205, #394 ) ;
#9873 = CARTESIAN_POINT ( 'NONE',  ( -4.549999999999999822, 0.000000000000000000, 4.599999999999999645 ) ) ;
#9874 = ORIENTED_EDGE ( 'NONE', *, *, #9033, .F. ) ;
#9875 = CARTESIAN_POINT ( 'NONE',  ( -33.75000000000000000, 51.75000000000000000, 1.600000000000000089 ) ) ;
#9876 = CARTESIAN_POINT ( 'NONE',  ( -62.50000000000000000, 14.50000000000000000, 3.350000000000000089 ) ) ;
#9877 = EDGE_CURVE ( 'NONE', #5041, #4383, #8618, .T. ) ;
#9878 = EDGE_LOOP ( 'NONE', ( #6952, #3797, #5456, #1387 ) ) ;
#9879 = EDGE_CURVE ( 'NONE', #2209, #590, #2895, .T. ) ;
#9880 = FACE_OUTER_BOUND ( 'NONE', #3269, .T. ) ;
#9881 = EDGE_CURVE ( 'NONE', #10389, #1679, #2780, .T. ) ;
#9882 = EDGE_LOOP ( 'NONE', ( #2418, #4505, #7711, #7499 ) ) ;
#9883 = DIRECTION ( 'NONE',  ( 0.000000000000000000, 0.000000000000000000, -1.000000000000000000 ) ) ;
#9884 = CARTESIAN_POINT ( 'NONE',  ( -52.75000000000000000, 44.94999999999999574, 10.59999999999999964 ) ) ;
#9885 = ORIENTED_EDGE ( 'NONE', *, *, #7522, .F. ) ;
#9886 = ORIENTED_EDGE ( 'NONE', *, *, #9580, .F. ) ;
#9887 = DIRECTION ( 'NONE',  ( -1.000000000000000000, 0.000000000000000000, 0.000000000000000000 ) ) ;
#9888 = EDGE_CURVE ( 'NONE', #10737, #2528, #8493, .T. ) ;
#9889 = CARTESIAN_POINT ( 'NONE',  ( -62.25000000000000000, 49.25000000000000000, 4.850000000000000533 ) ) ;
#9890 = DIRECTION ( 'NONE',  ( 0.000000000000000000, 0.000000000000000000, -1.000000000000000000 ) ) ;
#9891 = FACE_OUTER_BOUND ( 'NONE', #3734, .T. ) ;
#9892 = AXIS2_PLACEMENT_3D ( 'NONE', #6427, #1709, #5486 ) ;
#9893 = DIRECTION ( 'NONE',  ( 0.000000000000000000, -1.000000000000000000, 0.000000000000000000 ) ) ;
#9894 = CARTESIAN_POINT ( 'NONE',  ( -5.250000000000000000, 27.90000000000000213, 10.59999999999999964 ) ) ;
#9895 = ORIENTED_EDGE ( 'NONE', *, *, #11179, .F. ) ;
#9896 = DIRECTION ( 'NONE',  ( -1.000000000000000000, 0.000000000000000000, 0.000000000000000000 ) ) ;
#9897 = AXIS2_PLACEMENT_3D ( 'NONE', #10452, #936, #11270 ) ;
#9898 = ORIENTED_EDGE ( 'NONE', *, *, #8442, .F. ) ;
#9899 = ADVANCED_FACE ( 'NONE', ( #12302 ), #33, .F. ) ;
#9900 = VERTEX_POINT ( 'NONE', #12193 ) ;
#9901 = ADVANCED_FACE ( 'NONE', ( #7565 ), #9610, .T. ) ;
#9902 = DIRECTION ( 'NONE',  ( 1.000000000000000000, 0.000000000000000000, 0.000000000000000000 ) ) ;
#9903 = CARTESIAN_POINT ( 'NONE',  ( -56.50000000000000000, 20.25000000000000000, 1.600000000000000089 ) ) ;
#9904 = CARTESIAN_POINT ( 'NONE',  ( -13.00000000000000000, 50.75000000000000000, 1.600000000000000089 ) ) ;
#9905 = CARTESIAN_POINT ( 'NONE',  ( -2.500000000000000000, 7.500000000000000000, 1.600000000000000089 ) ) ;
#9906 = DIRECTION ( 'NONE',  ( 0.000000000000000000, 0.000000000000000000, 1.000000000000000000 ) ) ;
#9907 = VECTOR ( 'NONE', #11182, 1000.000000000000000 ) ;
#9908 = EDGE_CURVE ( 'NONE', #10363, #4278, #3761, .T. ) ;
#9909 = VECTOR ( 'NONE', #1499, 1000.000000000000000 ) ;
#9910 = CARTESIAN_POINT ( 'NONE',  ( -37.25000000000000000, 50.75000000000000000, 10.09999999999999964 ) ) ;
#9911 = EDGE_CURVE ( 'NONE', #8987, #7203, #6961, .T. ) ;
#9912 = CARTESIAN_POINT ( 'NONE',  ( -9.500000000000000000, 50.75000000000000000, 1.600000000000000089 ) ) ;
#9913 = VERTEX_POINT ( 'NONE', #10549 ) ;
#9914 = AXIS2_PLACEMENT_3D ( 'NONE', #3556, #7379, #11173 ) ;
#9915 = ORIENTED_EDGE ( 'NONE', *, *, #11238, .F. ) ;
#9916 = ORIENTED_EDGE ( 'NONE', *, *, #5038, .F. ) ;
#9917 = CARTESIAN_POINT ( 'NONE',  ( 0.000000000000000000, 26.20000000000000284, 4.599999999999999645 ) ) ;
#9918 = DIRECTION ( 'NONE',  ( 1.000000000000000000, -0.000000000000000000, -0.000000000000000000 ) ) ;
#9919 = AXIS2_PLACEMENT_3D ( 'NONE', #10316, #926, #5702 ) ;
#9920 = ORIENTED_EDGE ( 'NONE', *, *, #6384, .T. ) ;
#9921 = DIRECTION ( 'NONE',  ( 0.000000000000000000, 0.000000000000000000, -1.000000000000000000 ) ) ;
#9922 = CARTESIAN_POINT ( 'NONE',  ( -75.00000000000000000, 35.75000000000000000, 8.550000000000000711 ) ) ;
#9923 = PLANE ( 'NONE',  #805 ) ;
#9924 = PLANE ( 'NONE',  #693 ) ;
#9925 = ADVANCED_FACE ( 'NONE', ( #2027 ), #1096, .T. ) ;
#9926 = ORIENTED_EDGE ( 'NONE', *, *, #6907, .T. ) ;
#9927 = AXIS2_PLACEMENT_3D ( 'NONE', #12165, #10334, #9395 ) ;
#9928 = DIRECTION ( 'NONE',  ( 0.000000000000000000, -1.000000000000000000, 0.000000000000000000 ) ) ;
#9929 = ORIENTED_EDGE ( 'NONE', *, *, #5957, .T. ) ;
#9930 = AXIS2_PLACEMENT_3D ( 'NONE', #672, #12005, #3510 ) ;
#9931 = FACE_OUTER_BOUND ( 'NONE', #10080, .T. ) ;
#9932 = VERTEX_POINT ( 'NONE', #10300 ) ;
#9933 = LINE ( 'NONE', #669, #5735 ) ;
#9934 = ORIENTED_EDGE ( 'NONE', *, *, #8283, .T. ) ;
#9935 = ORIENTED_EDGE ( 'NONE', *, *, #8277, .F. ) ;
#9936 = DIRECTION ( 'NONE',  ( -0.5773502691896257311, -0.5773502691896257311, -0.5773502691896257311 ) ) ;
#9937 = CARTESIAN_POINT ( 'NONE',  ( -22.25000000000000000, 1.750000000000000000, 1.600000000000000089 ) ) ;
#9938 = EDGE_CURVE ( 'NONE', #3215, #2067, #12250, .T. ) ;
#9939 = VECTOR ( 'NONE', #3500, 1000.000000000000000 ) ;
#9940 = EDGE_CURVE ( 'NONE', #7498, #9628, #3133, .T. ) ;
#9941 = ORIENTED_EDGE ( 'NONE', *, *, #10063, .T. ) ;
#9942 = DIRECTION ( 'NONE',  ( 0.000000000000000000, 0.000000000000000000, 1.000000000000000000 ) ) ;
#9943 = PLANE ( 'NONE',  #6615 ) ;
#9944 = VECTOR ( 'NONE', #8846, 1000.000000000000000 ) ;
#9945 = VECTOR ( 'NONE', #9670, 1000.000000000000000 ) ;
#9946 = FACE_OUTER_BOUND ( 'NONE', #10695, .T. ) ;
#9947 = AXIS2_PLACEMENT_3D ( 'NONE', #5923, #9660, #3189 ) ;
#9948 = EDGE_CURVE ( 'NONE', #5655, #10726, #7064, .T. ) ;
#9949 = VERTEX_POINT ( 'NONE', #3198 ) ;
#9950 = VERTEX_POINT ( 'NONE', #8797 ) ;
#9951 = AXIS2_PLACEMENT_3D ( 'NONE', #2371, #564, #8092 ) ;
#9952 = VECTOR ( 'NONE', #1621, 1000.000000000000000 ) ;
#9953 = CYLINDRICAL_SURFACE ( 'NONE', #7137, 3.124999999999999112 ) ;
#9954 = ADVANCED_FACE ( 'NONE', ( #5001 ), #8681, .F. ) ;
#9955 = CARTESIAN_POINT ( 'NONE',  ( -22.00000000000000000, 50.75000000000000000, 10.09999999999999964 ) ) ;
#9956 = PLANE ( 'NONE',  #3371 ) ;
#9957 = LINE ( 'NONE', #7224, #5422 ) ;
#9958 = EDGE_CURVE ( 'NONE', #9628, #3313, #1220, .T. ) ;
#9959 = VECTOR ( 'NONE', #8919, 1000.000000000000000 ) ;
#9960 = DIRECTION ( 'NONE',  ( 1.000000000000000000, 0.000000000000000000, 0.000000000000000000 ) ) ;
#9961 = CARTESIAN_POINT ( 'NONE',  ( -61.00000000000000000, 8.000000000000000000, 7.849999999999999645 ) ) ;
#9962 = AXIS2_PLACEMENT_3D ( 'NONE', #3886, #6749, #3020 ) ;
#9963 = DIRECTION ( 'NONE',  ( 0.000000000000000000, 0.000000000000000000, -1.000000000000000000 ) ) ;
#9964 = CARTESIAN_POINT ( 'NONE',  ( -52.75000000000000000, 44.00000000000000000, 4.599999999999999645 ) ) ;
#9965 = ADVANCED_FACE ( 'NONE', ( #10797 ), #6121, .T. ) ;
#9966 = CARTESIAN_POINT ( 'NONE',  ( -75.00000000000000000, 35.50000000000000000, 8.550000000000000711 ) ) ;
#9967 = ORIENTED_EDGE ( 'NONE', *, *, #8631, .T. ) ;
#9968 = EDGE_LOOP ( 'NONE', ( #1955, #11440, #2802, #4504 ) ) ;
#9969 = ORIENTED_EDGE ( 'NONE', *, *, #10092, .T. ) ;
#9970 = VERTEX_POINT ( 'NONE', #340 ) ;
#9971 = DIRECTION ( 'NONE',  ( 0.000000000000000000, 0.000000000000000000, 1.000000000000000000 ) ) ;
#9972 = CARTESIAN_POINT ( 'NONE',  ( -2.899999999999999911, 31.00000000000000000, 10.59999999999999964 ) ) ;
#9973 = LINE ( 'NONE', #1457, #4835 ) ;
#9974 = LINE ( 'NONE', #5110, #8162 ) ;
#9975 = PLANE ( 'NONE',  #3080 ) ;
#9976 = EDGE_CURVE ( 'NONE', #6888, #6810, #8737, .T. ) ;
#9977 = CARTESIAN_POINT ( 'NONE',  ( -33.75000000000000000, 50.75000000000000000, 10.09999999999999964 ) ) ;
#9978 = DIRECTION ( 'NONE',  ( 0.000000000000000000, 1.000000000000000000, 0.000000000000000000 ) ) ;
#9979 = ORIENTED_EDGE ( 'NONE', *, *, #538, .F. ) ;
#9980 = ORIENTED_EDGE ( 'NONE', *, *, #1242, .T. ) ;
#9981 = EDGE_LOOP ( 'NONE', ( #1340, #7879, #4709, #3628 ) ) ;
#9982 = DIRECTION ( 'NONE',  ( 1.000000000000000000, 0.000000000000000000, 0.000000000000000000 ) ) ;
#9983 = LINE ( 'NONE', #5248, #8202 ) ;
#9984 = ORIENTED_EDGE ( 'NONE', *, *, #3249, .T. ) ;
#9985 = DIRECTION ( 'NONE',  ( 0.000000000000000000, 0.000000000000000000, 1.000000000000000000 ) ) ;
#9986 = LINE ( 'NONE', #6125, #10397 ) ;
#9987 = AXIS2_PLACEMENT_3D ( 'NONE', #10097, #3496, #7597 ) ;
#9988 = DIRECTION ( 'NONE',  ( 1.000000000000000000, 0.000000000000000000, 0.000000000000000000 ) ) ;
#9989 = DIRECTION ( 'NONE',  ( -0.000000000000000000, 1.000000000000000000, -0.000000000000000000 ) ) ;
#9990 = FACE_OUTER_BOUND ( 'NONE', #4203, .T. ) ;
#9991 = CARTESIAN_POINT ( 'NONE',  ( -74.75000000000000000, 33.95000000000000284, 3.050000000000000266 ) ) ;
#9992 = ORIENTED_EDGE ( 'NONE', *, *, #4397, .T. ) ;
#9993 = CARTESIAN_POINT ( 'NONE',  ( -29.75000000000000000, 2.750000000000000000, 1.600000000000000089 ) ) ;
#9994 = ORIENTED_EDGE ( 'NONE', *, *, #7335, .F. ) ;
#9995 = AXIS2_PLACEMENT_3D ( 'NONE', #4891, #2110, #11449 ) ;
#9996 = CARTESIAN_POINT ( 'NONE',  ( -29.75000000000000000, 51.75000000000000000, 1.600000000000000089 ) ) ;
#9997 = ADVANCED_FACE ( 'NONE', ( #6876 ), #1614, .T. ) ;
#9998 = ORIENTED_EDGE ( 'NONE', *, *, #4006, .T. ) ;
#9999 = VERTEX_POINT ( 'NONE', #2145 ) ;
#10000 = CARTESIAN_POINT ( 'NONE',  ( -57.50000000000000000, 3.500000000000000000, 12.59999999999999964 ) ) ;
#10001 = FACE_OUTER_BOUND ( 'NONE', #5307, .T. ) ;
#10002 = ORIENTED_EDGE ( 'NONE', *, *, #6408, .F. ) ;
#10003 = CARTESIAN_POINT ( 'NONE',  ( -52.04999999999999716, 0.000000000000000000, 4.599999999999999645 ) ) ;
#10004 = DIRECTION ( 'NONE',  ( 0.000000000000000000, 0.000000000000000000, -1.000000000000000000 ) ) ;
#10005 = EDGE_CURVE ( 'NONE', #2496, #10076, #3565, .T. ) ;
#10006 = VECTOR ( 'NONE', #10986, 1000.000000000000000 ) ;
#10007 = SPHERICAL_SURFACE ( 'NONE', #8036, 0.2500000000000000000 ) ;
#10008 = ORIENTED_EDGE ( 'NONE', *, *, #1070, .F. ) ;
#10009 = CYLINDRICAL_SURFACE ( 'NONE', #8910, 1.000000000000000000 ) ;
#10010 = DIRECTION ( 'NONE',  ( 0.000000000000000000, 0.000000000000000000, -1.000000000000000000 ) ) ;
#10011 = AXIS2_PLACEMENT_3D ( 'NONE', #3987, #3867, #6614 ) ;
#10012 = CARTESIAN_POINT ( 'NONE',  ( -59.00000000000000000, 46.00000000000000000, 3.850000000000000089 ) ) ;
#10013 = CARTESIAN_POINT ( 'NONE',  ( -39.75000000000000000, 2.750000000000000000, 1.600000000000000089 ) ) ;
#10014 = DIRECTION ( 'NONE',  ( 0.000000000000000000, 1.000000000000000000, 0.000000000000000000 ) ) ;
#10015 = DIRECTION ( 'NONE',  ( 0.000000000000000000, 0.000000000000000000, 1.000000000000000000 ) ) ;
#10016 = CARTESIAN_POINT ( 'NONE',  ( -29.75000000000000000, 51.75000000000000000, 1.600000000000000089 ) ) ;
#10017 = AXIS2_PLACEMENT_3D ( 'NONE', #2742, #6535, #315 ) ;
#10018 = LINE ( 'NONE', #9964, #1313 ) ;
#10019 = EDGE_CURVE ( 'NONE', #10607, #5499, #7870, .T. ) ;
#10020 = DIRECTION ( 'NONE',  ( 0.000000000000000000, 1.000000000000000000, 0.000000000000000000 ) ) ;
#10021 = ORIENTED_EDGE ( 'NONE', *, *, #12088, .T. ) ;
#10022 = ORIENTED_EDGE ( 'NONE', *, *, #1481, .T. ) ;
#10023 = ORIENTED_EDGE ( 'NONE', *, *, #3810, .F. ) ;
#10024 = CIRCLE ( 'NONE', #5846, 0.2499999999999997780 ) ;
#10025 = AXIS2_PLACEMENT_3D ( 'NONE', #9617, #5694, #162 ) ;
#10026 = EDGE_CURVE ( 'NONE', #4680, #1647, #11674, .T. ) ;
#10027 = CARTESIAN_POINT ( 'NONE',  ( -67.50000000000000000, 12.50000000000000000, 7.599999999999999645 ) ) ;
#10028 = PLANE ( 'NONE',  #7952 ) ;
#10029 = CARTESIAN_POINT ( 'NONE',  ( -66.00000000000000000, 33.70000000000000284, 3.550000000000000266 ) ) ;
#10030 = LINE ( 'NONE', #1523, #7957 ) ;
#10031 = CARTESIAN_POINT ( 'NONE',  ( -19.50000000000000000, 51.75000000000000000, 10.09999999999999964 ) ) ;
#10032 = ADVANCED_FACE ( 'NONE', ( #4871 ), #6931, .F. ) ;
#10033 = CARTESIAN_POINT ( 'NONE',  ( -11.95000000000000107, 2.750000000000000000, 10.09999999999999964 ) ) ;
#10034 = VECTOR ( 'NONE', #10600, 1000.000000000000000 ) ;
#10035 = AXIS2_PLACEMENT_3D ( 'NONE', #10412, #4736, #3806 ) ;
#10036 = LINE ( 'NONE', #3491, #11293 ) ;
#10037 = VERTEX_POINT ( 'NONE', #408 ) ;
#10038 = EDGE_LOOP ( 'NONE', ( #1749, #9916, #12264, #8396 ) ) ;
#10039 = ORIENTED_EDGE ( 'NONE', *, *, #5112, .T. ) ;
#10040 = CARTESIAN_POINT ( 'NONE',  ( -4.549999999999999822, 30.30000000000000071, 10.59999999999999964 ) ) ;
#10041 = CARTESIAN_POINT ( 'NONE',  ( -38.75000000000000000, 50.75000000000000000, 10.09999999999999964 ) ) ;
#10042 = FACE_OUTER_BOUND ( 'NONE', #10269, .T. ) ;
#10043 = DIRECTION ( 'NONE',  ( 0.000000000000000000, 1.000000000000000000, 0.000000000000000000 ) ) ;
#10044 = FACE_OUTER_BOUND ( 'NONE', #12305, .T. ) ;
#10045 = AXIS2_PLACEMENT_3D ( 'NONE', #10964, #4471, #10075 ) ;
#10046 = VECTOR ( 'NONE', #3853, 1000.000000000000000 ) ;
#10047 = CARTESIAN_POINT ( 'NONE',  ( -47.25000000000000000, 51.75000000000000000, 10.09999999999999964 ) ) ;
#10048 = FACE_OUTER_BOUND ( 'NONE', #48, .T. ) ;
#10049 = DIRECTION ( 'NONE',  ( -1.000000000000000000, 0.000000000000000000, 0.000000000000000000 ) ) ;
#10050 = VERTEX_POINT ( 'NONE', #3933 ) ;
#10051 = FACE_OUTER_BOUND ( 'NONE', #3447, .T. ) ;
#10052 = ORIENTED_EDGE ( 'NONE', *, *, #3097, .F. ) ;
#10053 = CARTESIAN_POINT ( 'NONE',  ( -47.95000000000000284, 44.94999999999999574, 10.59999999999999964 ) ) ;
#10054 = VERTEX_POINT ( 'NONE', #1158 ) ;
#10055 = ORIENTED_EDGE ( 'NONE', *, *, #8434, .T. ) ;
#10056 = DIRECTION ( 'NONE',  ( 0.000000000000000000, 1.000000000000000000, 0.000000000000000000 ) ) ;
#10057 = DIRECTION ( 'NONE',  ( 0.000000000000000000, 0.000000000000000000, -1.000000000000000000 ) ) ;
#10058 = EDGE_LOOP ( 'NONE', ( #169, #11168, #5787, #11351, #12122, #496, #6481, #9103, #642, #2899, #3884, #6183, #5120, #7139, #2669, #2224 ) ) ;
#10059 = ADVANCED_FACE ( 'NONE', ( #6061 ), #7927, .T. ) ;
#10060 = DIRECTION ( 'NONE',  ( 0.000000000000000000, -1.000000000000000000, 0.000000000000000000 ) ) ;
#10061 = CARTESIAN_POINT ( 'NONE',  ( -75.00000000000000000, 44.50000000000000000, 12.59999999999999964 ) ) ;
#10062 = CARTESIAN_POINT ( 'NONE',  ( -39.50000000000000000, 9.000000000000000000, 6.349999999999999645 ) ) ;
#10063 = EDGE_CURVE ( 'NONE', #12162, #2985, #9339, .T. ) ;
#10064 = PLANE ( 'NONE',  #4077 ) ;
#10065 = ORIENTED_EDGE ( 'NONE', *, *, #8928, .T. ) ;
#10066 = EDGE_LOOP ( 'NONE', ( #5684, #1271, #11184, #9984, #6291, #3642 ) ) ;
#10067 = ADVANCED_FACE ( 'NONE', ( #7003 ), #1279, .T. ) ;
#10068 = PLANE ( 'NONE',  #7530 ) ;
#10069 = CARTESIAN_POINT ( 'NONE',  ( -45.25000000000000000, 23.75000000000000000, 2.100000000000000089 ) ) ;
#10070 = LINE ( 'NONE', #11137, #2799 ) ;
#10071 = DIRECTION ( 'NONE',  ( 0.000000000000000000, 0.000000000000000000, -1.000000000000000000 ) ) ;
#10072 = LINE ( 'NONE', #12210, #987 ) ;
#10073 = CARTESIAN_POINT ( 'NONE',  ( -66.00000000000000000, 35.50000000000000000, 8.550000000000000711 ) ) ;
#10074 = CARTESIAN_POINT ( 'NONE',  ( -1.250000000000000000, 31.00000000000000000, 4.599999999999999645 ) ) ;
#10075 = DIRECTION ( 'NONE',  ( 0.000000000000000000, -0.7071067811865475727, 0.7071067811865475727 ) ) ;
#10076 = VERTEX_POINT ( 'NONE', #1341 ) ;
#10077 = FACE_OUTER_BOUND ( 'NONE', #11626, .T. ) ;
#10078 = ORIENTED_EDGE ( 'NONE', *, *, #6820, .T. ) ;
#10079 = EDGE_LOOP ( 'NONE', ( #7062, #10880, #10392, #1486 ) ) ;
#10080 = EDGE_LOOP ( 'NONE', ( #8856, #1569, #9258, #1350 ) ) ;
#10081 = ADVANCED_FACE ( 'NONE', ( #5121 ), #3431, .T. ) ;
#10082 = CIRCLE ( 'NONE', #9892, 0.2500000000000002220 ) ;
#10083 = CARTESIAN_POINT ( 'NONE',  ( -66.25000000000000000, 42.79999999999999716, 3.550000000000000266 ) ) ;
#10084 = CARTESIAN_POINT ( 'NONE',  ( -46.25000000000000000, 45.00000000000000000, 1.600000000000000089 ) ) ;
#10085 = DIRECTION ( 'NONE',  ( 1.000000000000000000, 0.000000000000000000, 0.000000000000000000 ) ) ;
#10086 = DIRECTION ( 'NONE',  ( 0.000000000000000000, 0.000000000000000000, -1.000000000000000000 ) ) ;
#10087 = DIRECTION ( 'NONE',  ( -0.000000000000000000, -0.000000000000000000, 1.000000000000000000 ) ) ;
#10088 = DIRECTION ( 'NONE',  ( 0.000000000000000000, 1.000000000000000000, 0.000000000000000000 ) ) ;
#10089 = DIRECTION ( 'NONE',  ( -1.000000000000000000, 0.000000000000000000, 0.000000000000000000 ) ) ;
#10090 = EDGE_CURVE ( 'NONE', #7211, #10453, #8115, .T. ) ;
#10091 = ORIENTED_EDGE ( 'NONE', *, *, #1228, .F. ) ;
#10092 = EDGE_CURVE ( 'NONE', #5635, #2142, #6307, .T. ) ;
#10093 = VERTEX_POINT ( 'NONE', #533 ) ;
#10094 = EDGE_CURVE ( 'NONE', #532, #6041, #6558, .T. ) ;
#10095 = VERTEX_POINT ( 'NONE', #7307 ) ;
#10096 = CARTESIAN_POINT ( 'NONE',  ( -53.25000000000000711, 9.000000000000000000, 6.850000000000000533 ) ) ;
#10097 = CARTESIAN_POINT ( 'NONE',  ( -2.500000000000000000, 36.00000000000000000, 1.600000000000000089 ) ) ;
#10098 = ORIENTED_EDGE ( 'NONE', *, *, #1982, .F. ) ;
#10099 = CARTESIAN_POINT ( 'NONE',  ( -29.75000000000000000, 1.750000000000000000, 10.09999999999999964 ) ) ;
#10100 = CARTESIAN_POINT ( 'NONE',  ( -74.75000000000000000, 42.54999999999999716, 3.550000000000000266 ) ) ;
#10101 = ADVANCED_FACE ( 'NONE', ( #8296 ), #1649, .T. ) ;
#10102 = CARTESIAN_POINT ( 'NONE',  ( -66.25000000000000000, 33.77322330470335032, 9.873223304703369507 ) ) ;
#10103 = AXIS2_PLACEMENT_3D ( 'NONE', #291, #4078, #3947 ) ;
#10104 = CARTESIAN_POINT ( 'NONE',  ( -1.250000000000000000, 31.00000000000000000, 1.600000000000000089 ) ) ;
#10105 = CARTESIAN_POINT ( 'NONE',  ( -75.00000000000000000, 41.19644660940669922, 11.05000000000000071 ) ) ;
#10106 = EDGE_LOOP ( 'NONE', ( #8765, #219, #11196, #9668, #7850 ) ) ;
#10107 = ORIENTED_EDGE ( 'NONE', *, *, #578, .F. ) ;
#10108 = VECTOR ( 'NONE', #5860, 1000.000000000000000 ) ;
#10109 = LINE ( 'NONE', #6385, #9907 ) ;
#10110 = ORIENTED_EDGE ( 'NONE', *, *, #10111, .T. ) ;
#10111 = EDGE_CURVE ( 'NONE', #3936, #7444, #1403, .T. ) ;
#10113 = DIRECTION ( 'NONE',  ( 0.000000000000000000, 1.000000000000000000, 0.000000000000000000 ) ) ;
#10112 = AXIS2_PLACEMENT_3D ( 'NONE', #10778, #9839, #6911 ) ;
#10114 = ORIENTED_EDGE ( 'NONE', *, *, #1669, .F. ) ;
#10115 = ORIENTED_EDGE ( 'NONE', *, *, #6907, .F. ) ;
#10116 = DIRECTION ( 'NONE',  ( 1.000000000000000000, 0.000000000000000000, 0.000000000000000000 ) ) ;
#10117 = DIRECTION ( 'NONE',  ( 0.000000000000000000, 0.000000000000000000, -1.000000000000000000 ) ) ;
#10118 = ADVANCED_FACE ( 'NONE', ( #3374 ), #8988, .T. ) ;
#10119 = ORIENTED_EDGE ( 'NONE', *, *, #8775, .F. ) ;
#10120 = DIRECTION ( 'NONE',  ( 0.000000000000000000, -1.000000000000000000, 0.000000000000000000 ) ) ;
#10121 = DIRECTION ( 'NONE',  ( 0.000000000000000000, 0.000000000000000000, -1.000000000000000000 ) ) ;
#10122 = CARTESIAN_POINT ( 'NONE',  ( -3.750000000000000000, 21.50000000000000000, 1.600000000000000089 ) ) ;
#10123 = AXIS2_PLACEMENT_3D ( 'NONE', #8375, #11247, #8432 ) ;
#10124 = DIRECTION ( 'NONE',  ( 1.000000000000000000, 0.000000000000000000, 0.000000000000000000 ) ) ;
#10125 = EDGE_CURVE ( 'NONE', #354, #6609, #2640, .T. ) ;
#10126 = ORIENTED_EDGE ( 'NONE', *, *, #5707, .T. ) ;
#10127 = ORIENTED_EDGE ( 'NONE', *, *, #7475, .T. ) ;
#10128 = LINE ( 'NONE', #11958, #1768 ) ;
#10129 = AXIS2_PLACEMENT_3D ( 'NONE', #9206, #4466, #8272 ) ;
#10130 = DIRECTION ( 'NONE',  ( -1.000000000000000000, 0.000000000000000000, 0.000000000000000000 ) ) ;
#10131 = VECTOR ( 'NONE', #10718, 1000.000000000000000 ) ;
#10132 = AXIS2_PLACEMENT_3D ( 'NONE', #10861, #8918, #10608 ) ;
#10133 = LINE ( 'NONE', #12146, #11957 ) ;
#10134 = FACE_OUTER_BOUND ( 'NONE', #1942, .T. ) ;
#10135 = CARTESIAN_POINT ( 'NONE',  ( -52.75000000000000000, 0.000000000000000000, 4.599999999999999645 ) ) ;
#10136 = CARTESIAN_POINT ( 'NONE',  ( -4.250000000000000000, 36.00000000000000000, 1.600000000000000089 ) ) ;
#10137 = CARTESIAN_POINT ( 'NONE',  ( -32.25000000000000000, 1.750000000000000000, 10.09999999999999964 ) ) ;
#10138 = AXIS2_PLACEMENT_3D ( 'NONE', #2386, #9846, #1330 ) ;
#10139 = VECTOR ( 'NONE', #6341, 1000.000000000000000 ) ;
#10140 = VECTOR ( 'NONE', #5934, 1000.000000000000000 ) ;
#10141 = CARTESIAN_POINT ( 'NONE',  ( -19.50000000000000000, 50.75000000000000000, 1.600000000000000089 ) ) ;
#10142 = ORIENTED_EDGE ( 'NONE', *, *, #12166, .T. ) ;
#10143 = PLANE ( 'NONE',  #12295 ) ;
#10144 = EDGE_LOOP ( 'NONE', ( #10202, #10377, #6401, #11667 ) ) ;
#10145 = ORIENTED_EDGE ( 'NONE', *, *, #2412, .T. ) ;
#10146 = AXIS2_PLACEMENT_3D ( 'NONE', #2028, #5809, #155 ) ;
#10147 = ORIENTED_EDGE ( 'NONE', *, *, #830, .T. ) ;
#10148 = EDGE_CURVE ( 'NONE', #2833, #1858, #5430, .T. ) ;
#10149 = ORIENTED_EDGE ( 'NONE', *, *, #6647, .F. ) ;
#10150 = VECTOR ( 'NONE', #1978, 1000.000000000000000 ) ;
#10151 = CARTESIAN_POINT ( 'NONE',  ( -74.75000000000000000, 44.25000000000000000, 12.34999999999999964 ) ) ;
#10152 = CARTESIAN_POINT ( 'NONE',  ( -39.75000000000000000, 11.50000000000000000, 1.600000000000000089 ) ) ;
#10153 = CARTESIAN_POINT ( 'NONE',  ( -45.25000000000000000, 28.00000000000000000, 2.100000000000000089 ) ) ;
#10154 = EDGE_CURVE ( 'NONE', #5445, #12335, #11339, .T. ) ;
#10155 = CARTESIAN_POINT ( 'NONE',  ( -33.25000000000000000, 2.750000000000000000, 10.09999999999999964 ) ) ;
#10156 = LINE ( 'NONE', #12225, #7268 ) ;
#10157 = CARTESIAN_POINT ( 'NONE',  ( -66.25000000000000000, 35.12677669529665536, 11.22677669529664080 ) ) ;
#10158 = ADVANCED_FACE ( 'NONE', ( #468 ), #1467, .F. ) ;
#10159 = AXIS2_PLACEMENT_3D ( 'NONE', #11555, #3699, #2960 ) ;
#10160 = DIRECTION ( 'NONE',  ( 1.000000000000000000, 0.000000000000000000, 0.000000000000000000 ) ) ;
#10161 = VERTEX_POINT ( 'NONE', #12050 ) ;
#10162 = ORIENTED_EDGE ( 'NONE', *, *, #8124, .T. ) ;
#10163 = ORIENTED_EDGE ( 'NONE', *, *, #5423, .T. ) ;
#10164 = CARTESIAN_POINT ( 'NONE',  ( -71.00000000000000000, 12.50000000000000000, 1.600000000000000089 ) ) ;
#10165 = DIRECTION ( 'NONE',  ( 1.000000000000000000, 0.000000000000000000, 0.000000000000000000 ) ) ;
#10166 = CARTESIAN_POINT ( 'NONE',  ( -62.25000000000000000, 49.25000000000000000, 4.850000000000000533 ) ) ;
#10167 = DIRECTION ( 'NONE',  ( 0.000000000000000000, 0.000000000000000000, -1.000000000000000000 ) ) ;
#10168 = DIRECTION ( 'NONE',  ( 0.000000000000000000, -1.000000000000000000, 0.000000000000000000 ) ) ;
#10169 = LINE ( 'NONE', #8926, #995 ) ;
#10170 = PLANE ( 'NONE',  #888 ) ;
#10171 = ORIENTED_EDGE ( 'NONE', *, *, #305, .F. ) ;
#10172 = ADVANCED_FACE ( 'NONE', ( #1586 ), #718, .F. ) ;
#10173 = CARTESIAN_POINT ( 'NONE',  ( -2.500000000000000000, 41.00000000000000000, 0.000000000000000000 ) ) ;
#10174 = ORIENTED_EDGE ( 'NONE', *, *, #6554, .T. ) ;
#10175 = PLANE ( 'NONE',  #12055 ) ;
#10176 = VERTEX_POINT ( 'NONE', #11102 ) ;
#10177 = EDGE_CURVE ( 'NONE', #5605, #4147, #4491, .T. ) ;
#10178 = EDGE_LOOP ( 'NONE', ( #9667, #9638, #6821, #9870 ) ) ;
#10179 = VERTEX_POINT ( 'NONE', #2579 ) ;
#10180 = CARTESIAN_POINT ( 'NONE',  ( -52.04999999999999716, 48.00000000000000000, 10.59999999999999964 ) ) ;
#10181 = CARTESIAN_POINT ( 'NONE',  ( -47.95000000000000284, 48.00000000000000000, 10.59999999999999964 ) ) ;
#10182 = EDGE_LOOP ( 'NONE', ( #697, #7317, #6026, #10145 ) ) ;
#10183 = CARTESIAN_POINT ( 'NONE',  ( -5.250000000000000000, 24.50000000000000000, 1.600000000000000089 ) ) ;
#10184 = CARTESIAN_POINT ( 'NONE',  ( -32.25000000000000000, 51.75000000000000000, 10.09999999999999964 ) ) ;
#10185 = ADVANCED_BREP_SHAPE_REPRESENTATION ( 'Arduino_Uno', ( #2619, #3778 ), #4179 ) ;
#10186 = CARTESIAN_POINT ( 'NONE',  ( -25.75000000000000000, 2.750000000000000000, 10.09999999999999964 ) ) ;
#10187 = EDGE_CURVE ( 'NONE', #8117, #11801, #9105, .T. ) ;
#10188 = LINE ( 'NONE', #2607, #3683 ) ;
#10189 = VECTOR ( 'NONE', #12110, 1000.000000000000000 ) ;
#10190 = VERTEX_POINT ( 'NONE', #6432 ) ;
#10191 = ORIENTED_EDGE ( 'NONE', *, *, #3624, .F. ) ;
#10192 = DIRECTION ( 'NONE',  ( 0.000000000000000000, 0.000000000000000000, -1.000000000000000000 ) ) ;
#10193 = ORIENTED_EDGE ( 'NONE', *, *, #3091, .T. ) ;
#10194 = EDGE_LOOP ( 'NONE', ( #11657, #1259, #3686 ) ) ;
#10195 = CARTESIAN_POINT ( 'NONE',  ( -42.25000000000000000, 50.75000000000000000, 1.600000000000000089 ) ) ;
#10196 = CARTESIAN_POINT ( 'NONE',  ( -40.75000000000000000, 1.750000000000000000, 10.09999999999999964 ) ) ;
#10197 = LINE ( 'NONE', #4522, #10525 ) ;
#10198 = EDGE_CURVE ( 'NONE', #1746, #4530, #4306, .T. ) ;
#10199 = DIRECTION ( 'NONE',  ( 0.000000000000000000, 0.000000000000000000, -1.000000000000000000 ) ) ;
#10200 = LINE ( 'NONE', #7286, #1897 ) ;
#10201 = LINE ( 'NONE', #5409, #8453 ) ;
#10202 = ORIENTED_EDGE ( 'NONE', *, *, #4720, .T. ) ;
#10203 = VECTOR ( 'NONE', #3078, 1000.000000000000000 ) ;
#10204 = PLANE ( 'NONE',  #7128 ) ;
#10205 = ORIENTED_EDGE ( 'NONE', *, *, #2434, .F. ) ;
#10206 = ORIENTED_EDGE ( 'NONE', *, *, #5489, .F. ) ;
#10207 = EDGE_LOOP ( 'NONE', ( #5634, #9874, #4550, #6636 ) ) ;
#10208 = FACE_OUTER_BOUND ( 'NONE', #368, .T. ) ;
#10209 = CARTESIAN_POINT ( 'NONE',  ( -16.75000000000000000, 2.750000000000000000, 1.600000000000000089 ) ) ;
#10210 = DIRECTION ( 'NONE',  ( 1.000000000000000000, -4.625929269271489858E-16, 0.000000000000000000 ) ) ;
#10211 = VECTOR ( 'NONE', #11724, 1000.000000000000000 ) ;
#10212 = DIRECTION ( 'NONE',  ( 0.000000000000000000, -1.000000000000000000, 0.000000000000000000 ) ) ;
#10213 = CARTESIAN_POINT ( 'NONE',  ( -38.25000000000000000, 2.750000000000000000, 10.09999999999999964 ) ) ;
#10214 = EDGE_CURVE ( 'NONE', #5102, #5318, #3315, .T. ) ;
#10215 = CARTESIAN_POINT ( 'NONE',  ( -5.250000000000000000, 24.50000000000000000, 4.599999999999999645 ) ) ;
#10216 = CARTESIAN_POINT ( 'NONE',  ( -25.75000000000000000, 2.750000000000000000, 10.09999999999999964 ) ) ;
#10217 = VERTEX_POINT ( 'NONE', #8180 ) ;
#10218 = VECTOR ( 'NONE', #5215, 1000.000000000000000 ) ;
#10219 = VECTOR ( 'NONE', #4328, 1000.000000000000000 ) ;
#10220 = EDGE_CURVE ( 'NONE', #5566, #4827, #9470, .T. ) ;
#10221 = ORIENTED_EDGE ( 'NONE', *, *, #3470, .T. ) ;
#10222 = ORIENTED_EDGE ( 'NONE', *, *, #1346, .F. ) ;
#10223 = CARTESIAN_POINT ( 'NONE',  ( -2.899999999999999911, 26.20000000000000284, 10.59999999999999964 ) ) ;
#10224 = CARTESIAN_POINT ( 'NONE',  ( -42.25000000000000000, 51.75000000000000000, 1.600000000000000089 ) ) ;
#10225 = CARTESIAN_POINT ( 'NONE',  ( -60.75000000000000000, 49.25000000000000000, 4.850000000000000533 ) ) ;
#10226 = LINE ( 'NONE', #2460, #430 ) ;
#10227 = CYLINDRICAL_SURFACE ( 'NONE', #2270, 1.750000000000001554 ) ;
#10228 = LINE ( 'NONE', #2703, #9738 ) ;
#10229 = DIRECTION ( 'NONE',  ( -1.000000000000000000, 0.000000000000000000, 0.000000000000000000 ) ) ;
#10230 = VERTEX_POINT ( 'NONE', #4671 ) ;
#10231 = VECTOR ( 'NONE', #4439, 1000.000000000000000 ) ;
#10232 = CIRCLE ( 'NONE', #296, 1.750000000000001554 ) ;
#10233 = CARTESIAN_POINT ( 'NONE',  ( -5.250000000000000000, 31.00000000000000000, 10.59999999999999964 ) ) ;
#10234 = EDGE_LOOP ( 'NONE', ( #11876, #466, #10663, #1059 ) ) ;
#10235 = EDGE_CURVE ( 'NONE', #905, #8303, #4613, .T. ) ;
#10236 = CARTESIAN_POINT ( 'NONE',  ( -52.75000000000000000, 24.25000000000000000, 3.850000000000000089 ) ) ;
#10237 = ORIENTED_EDGE ( 'NONE', *, *, #10872, .T. ) ;
#10238 = ORIENTED_EDGE ( 'NONE', *, *, #1627, .T. ) ;
#10239 = EDGE_LOOP ( 'NONE', ( #319, #402, #5594 ) ) ;
#10240 = TOROIDAL_SURFACE ( 'NONE', #11441, 2.750000000000000000, 0.5000000000000000000 ) ;
#10241 = ORIENTED_EDGE ( 'NONE', *, *, #9083, .T. ) ;
#10242 = CARTESIAN_POINT ( 'NONE',  ( -74.75000000000000000, 42.54999999999999716, 9.696446609406731199 ) ) ;
#10243 = AXIS2_PLACEMENT_3D ( 'NONE', #3487, #7299, #884 ) ;
#10244 = CARTESIAN_POINT ( 'NONE',  ( -10.55000000000000071, 1.750000000000000000, 10.09999999999999964 ) ) ;
#10245 = ADVANCED_FACE ( 'NONE', ( #11414 ), #77, .F. ) ;
#10246 = ORIENTED_EDGE ( 'NONE', *, *, #3247, .F. ) ;
#10247 = DIRECTION ( 'NONE',  ( 0.000000000000000000, 0.000000000000000000, 1.000000000000000000 ) ) ;
#10248 = FACE_OUTER_BOUND ( 'NONE', #4169, .T. ) ;
#10249 = DIRECTION ( 'NONE',  ( -1.000000000000000000, 0.000000000000000000, 0.000000000000000000 ) ) ;
#10250 = VECTOR ( 'NONE', #7230, 1000.000000000000000 ) ;
#10251 = CARTESIAN_POINT ( 'NONE',  ( -18.00000000000000000, 51.75000000000000000, 1.600000000000000089 ) ) ;
#10252 = ADVANCED_FACE ( 'NONE', ( #5728 ), #2754, .F. ) ;
#10253 = VECTOR ( 'NONE', #8627, 1000.000000000000000 ) ;
#10254 = VERTEX_POINT ( 'NONE', #6546 ) ;
#10255 = DIRECTION ( 'NONE',  ( 0.000000000000000000, -1.000000000000000000, 0.000000000000000000 ) ) ;
#10256 = EDGE_CURVE ( 'NONE', #10095, #6256, #1018, .T. ) ;
#10257 = ORIENTED_EDGE ( 'NONE', *, *, #8831, .T. ) ;
#10258 = EDGE_CURVE ( 'NONE', #8612, #2400, #3864, .T. ) ;
#10259 = EDGE_CURVE ( 'NONE', #5041, #3721, #2878, .T. ) ;
#10260 = ORIENTED_EDGE ( 'NONE', *, *, #6554, .F. ) ;
#10261 = FACE_OUTER_BOUND ( 'NONE', #7762, .T. ) ;
#10262 = DIRECTION ( 'NONE',  ( 0.000000000000000000, 0.000000000000000000, -1.000000000000000000 ) ) ;
#10263 = CARTESIAN_POINT ( 'NONE',  ( -74.75000000000000000, 43.04999999999999716, 3.550000000000000266 ) ) ;
#10264 = EDGE_CURVE ( 'NONE', #12034, #10417, #7610, .T. ) ;
#10265 = CARTESIAN_POINT ( 'NONE',  ( -39.75000000000000000, 21.50000000000000000, 1.600000000000000089 ) ) ;
#10266 = ORIENTED_EDGE ( 'NONE', *, *, #11251, .F. ) ;
#10267 = LINE ( 'NONE', #59, #10693 ) ;
#10268 = ORIENTED_EDGE ( 'NONE', *, *, #6194, .T. ) ;
#10269 = EDGE_LOOP ( 'NONE', ( #7710, #7694, #4983, #2143 ) ) ;
#10270 = ADVANCED_FACE ( 'NONE', ( #3614, #10285 ), #8538, .F. ) ;
#10271 = EDGE_LOOP ( 'NONE', ( #3752, #1544, #9108, #7922 ) ) ;
#10272 = CARTESIAN_POINT ( 'NONE',  ( -59.00000000000000000, 20.25000000000000000, 2.600000000000000089 ) ) ;
#10273 = PLANE ( 'NONE',  #2790 ) ;
#10274 = CARTESIAN_POINT ( 'NONE',  ( -66.25000000000000000, 42.54999999999999716, 9.696446609406731199 ) ) ;
#10275 = FACE_OUTER_BOUND ( 'NONE', #10144, .T. ) ;
#10276 = DIRECTION ( 'NONE',  ( 0.000000000000000000, 1.000000000000000000, 0.000000000000000000 ) ) ;
#10277 = ORIENTED_EDGE ( 'NONE', *, *, #10282, .F. ) ;
#10278 = FACE_OUTER_BOUND ( 'NONE', #11905, .T. ) ;
#10279 = DIRECTION ( 'NONE',  ( 0.000000000000000000, 0.000000000000000000, 1.000000000000000000 ) ) ;
#10280 = ADVANCED_FACE ( 'NONE', ( #5609 ), #7547, .F. ) ;
#10281 = EDGE_LOOP ( 'NONE', ( #4627, #2998, #11484, #2353 ) ) ;
#10282 = EDGE_CURVE ( 'NONE', #5370, #5529, #9410, .T. ) ;
#10283 = ORIENTED_EDGE ( 'NONE', *, *, #1287, .T. ) ;
#10284 = ORIENTED_EDGE ( 'NONE', *, *, #9396, .F. ) ;
#10285 = FACE_OUTER_BOUND ( 'NONE', #104, .T. ) ;
#10286 = DIRECTION ( 'NONE',  ( 1.000000000000000000, 0.000000000000000000, 0.000000000000000000 ) ) ;
#10287 = CARTESIAN_POINT ( 'NONE',  ( -75.00000000000000000, 35.50000000000000000, 5.549999999999999822 ) ) ;
#10288 = LINE ( 'NONE', #4372, #3248 ) ;
#10289 = CARTESIAN_POINT ( 'NONE',  ( -75.00000000000000000, 42.54999999999999716, 9.696446609406731199 ) ) ;
#10290 = CARTESIAN_POINT ( 'NONE',  ( -39.75000000000000000, 20.00000000000000000, 9.599999999999999645 ) ) ;
#10291 = ORIENTED_EDGE ( 'NONE', *, *, #771, .T. ) ;
#10292 = ADVANCED_FACE ( 'NONE', ( #4798 ), #1890, .F. ) ;
#10293 = AXIS2_PLACEMENT_3D ( 'NONE', #2636, #4487, #9167 ) ;
#10294 = FACE_OUTER_BOUND ( 'NONE', #405, .T. ) ;
#10295 = ORIENTED_EDGE ( 'NONE', *, *, #1161, .F. ) ;
#10296 = LINE ( 'NONE', #9362, #5931 ) ;
#10297 = ORIENTED_EDGE ( 'NONE', *, *, #8485, .F. ) ;
#10298 = ORIENTED_EDGE ( 'NONE', *, *, #2933, .F. ) ;
#10299 = ORIENTED_EDGE ( 'NONE', *, *, #4059, .F. ) ;
#10300 = CARTESIAN_POINT ( 'NONE',  ( -35.75000000000000000, 2.750000000000000000, 10.09999999999999964 ) ) ;
#10301 = DIRECTION ( 'NONE',  ( 0.000000000000000000, 1.000000000000000000, 0.000000000000000000 ) ) ;
#10302 = AXIS2_PLACEMENT_3D ( 'NONE', #7721, #2996, #10585 ) ;
#10303 = EDGE_CURVE ( 'NONE', #3863, #10304, #4729, .T. ) ;
#10304 = VERTEX_POINT ( 'NONE', #9351 ) ;
#10305 = PLANE ( 'NONE',  #12155 ) ;
#10306 = CARTESIAN_POINT ( 'NONE',  ( -46.75000000000000000, 9.000000000000000000, 6.850000000000000533 ) ) ;
#10307 = CARTESIAN_POINT ( 'NONE',  ( -2.500000000000000000, 36.00000000000000000, 1.600000000000000089 ) ) ;
#10308 = EDGE_CURVE ( 'NONE', #5016, #4458, #6674, .T. ) ;
#10309 = CARTESIAN_POINT ( 'NONE',  ( -50.35000000000000142, 48.00000000000000000, 10.59999999999999964 ) ) ;
#10310 = VECTOR ( 'NONE', #804, 1000.000000000000000 ) ;
#10311 = ORIENTED_EDGE ( 'NONE', *, *, #7591, .F. ) ;
#10312 = EDGE_CURVE ( 'NONE', #4822, #2257, #8361, .T. ) ;
#10313 = DIRECTION ( 'NONE',  ( 0.000000000000000000, 1.000000000000000000, 0.000000000000000000 ) ) ;
#10314 = EDGE_CURVE ( 'NONE', #3509, #10230, #1944, .T. ) ;
#10315 = EDGE_LOOP ( 'NONE', ( #4488, #7619, #4117, #73 ) ) ;
#10316 = CARTESIAN_POINT ( 'NONE',  ( -75.00000000000000000, 33.70000000000000284, 3.299999999999999822 ) ) ;
#10317 = EDGE_LOOP ( 'NONE', ( #4913, #4447, #4979, #6623 ) ) ;
#10318 = DIRECTION ( 'NONE',  ( 0.000000000000000000, 0.000000000000000000, 1.000000000000000000 ) ) ;
#10319 = CARTESIAN_POINT ( 'NONE',  ( -49.64999999999999858, 44.94999999999999574, 10.59999999999999964 ) ) ;
#10320 = CIRCLE ( 'NONE', #1971, 0.2500000000000002220 ) ;
#10321 = DIRECTION ( 'NONE',  ( 1.000000000000000000, 0.000000000000000000, 0.000000000000000000 ) ) ;
#10322 = ADVANCED_FACE ( 'NONE', ( #7430 ), #836, .F. ) ;
#10323 = VECTOR ( 'NONE', #1441, 1000.000000000000000 ) ;
#10324 = EDGE_CURVE ( 'NONE', #1074, #4168, #4336, .T. ) ;
#10325 = FACE_OUTER_BOUND ( 'NONE', #1322, .T. ) ;
#10326 = ORIENTED_EDGE ( 'NONE', *, *, #8391, .F. ) ;
#10327 = AXIS2_PLACEMENT_3D ( 'NONE', #4641, #3949, #7767 ) ;
#10328 = CARTESIAN_POINT ( 'NONE',  ( -37.25000000000000000, 1.750000000000000000, 10.09999999999999964 ) ) ;
#10329 = VERTEX_POINT ( 'NONE', #1077 ) ;
#10330 = ORIENTED_EDGE ( 'NONE', *, *, #3997, .F. ) ;
#10331 = ADVANCED_FACE ( 'NONE', ( #11960 ), #1438, .T. ) ;
#10332 = VERTEX_POINT ( 'NONE', #6797 ) ;
#10333 = AXIS2_PLACEMENT_3D ( 'NONE', #9111, #5377, #11871 ) ;
#10334 = DIRECTION ( 'NONE',  ( 0.000000000000000000, 0.000000000000000000, -1.000000000000000000 ) ) ;
#10335 = DIRECTION ( 'NONE',  ( 0.000000000000000000, 0.000000000000000000, 1.000000000000000000 ) ) ;
#10336 = DIRECTION ( 'NONE',  ( 0.000000000000000000, -1.000000000000000000, 0.000000000000000000 ) ) ;
#10337 = VECTOR ( 'NONE', #1702, 1000.000000000000000 ) ;
#10338 = LINE ( 'NONE', #5420, #6963 ) ;
#10339 = AXIS2_PLACEMENT_3D ( 'NONE', #5060, #8863, #9857 ) ;
#10340 = DIRECTION ( 'NONE',  ( 0.000000000000000000, 1.000000000000000000, 0.000000000000000000 ) ) ;
#10341 = EDGE_CURVE ( 'NONE', #9950, #11906, #7034, .T. ) ;
#10342 = DIRECTION ( 'NONE',  ( 0.000000000000000000, 0.000000000000000000, -1.000000000000000000 ) ) ;
#10343 = VECTOR ( 'NONE', #9783, 1000.000000000000000 ) ;
#10344 = FACE_BOUND ( 'NONE', #733, .T. ) ;
#10345 = ORIENTED_EDGE ( 'NONE', *, *, #8813, .T. ) ;
#10346 = CIRCLE ( 'NONE', #4364, 0.2499999999999991118 ) ;
#10347 = DIRECTION ( 'NONE',  ( -1.000000000000000000, 0.000000000000000000, 0.000000000000000000 ) ) ;
#10348 = VECTOR ( 'NONE', #5143, 1000.000000000000000 ) ;
#10349 = ORIENTED_EDGE ( 'NONE', *, *, #1805, .T. ) ;
#10350 = ORIENTED_EDGE ( 'NONE', *, *, #8200, .T. ) ;
#10351 = DIRECTION ( 'NONE',  ( 0.000000000000000000, 0.000000000000000000, -1.000000000000000000 ) ) ;
#10352 = CARTESIAN_POINT ( 'NONE',  ( -5.250000000000000000, 25.50000000000000000, 10.59999999999999964 ) ) ;
#10353 = DIRECTION ( 'NONE',  ( 0.000000000000000000, -1.000000000000000000, 0.000000000000000000 ) ) ;
#10354 = DIRECTION ( 'NONE',  ( -1.000000000000000000, 0.000000000000000000, 0.000000000000000000 ) ) ;
#10355 = CARTESIAN_POINT ( 'NONE',  ( -58.75000000000000000, 32.00000000000000000, 12.59999999999999964 ) ) ;
#10356 = AXIS2_PLACEMENT_3D ( 'NONE', #8433, #8314, #4389 ) ;
#10357 = CARTESIAN_POINT ( 'NONE',  ( -59.00000000000000000, 17.10000000000000142, 1.600000000000000089 ) ) ;
#10358 = EDGE_CURVE ( 'NONE', #4530, #5655, #10893, .T. ) ;
#10359 = CIRCLE ( 'NONE', #4982, 2.000000000000001776 ) ;
#10360 = DIRECTION ( 'NONE',  ( 0.000000000000000000, 0.000000000000000000, -1.000000000000000000 ) ) ;
#10361 = ORIENTED_EDGE ( 'NONE', *, *, #3428, .T. ) ;
#10362 = FACE_OUTER_BOUND ( 'NONE', #4248, .T. ) ;
#10363 = VERTEX_POINT ( 'NONE', #5792 ) ;
#10364 = VERTEX_POINT ( 'NONE', #8668 ) ;
#10365 = ORIENTED_EDGE ( 'NONE', *, *, #1440, .T. ) ;
#10366 = DIRECTION ( 'NONE',  ( 1.000000000000000000, 0.000000000000000000, 0.000000000000000000 ) ) ;
#10367 = LINE ( 'NONE', #3199, #9959 ) ;
#10368 = VERTEX_POINT ( 'NONE', #202 ) ;
#10369 = FACE_OUTER_BOUND ( 'NONE', #3787, .T. ) ;
#10370 = DIRECTION ( 'NONE',  ( 0.000000000000000000, 0.000000000000000000, 1.000000000000000000 ) ) ;
#10371 = CARTESIAN_POINT ( 'NONE',  ( -32.25000000000000000, 50.75000000000000000, 10.09999999999999964 ) ) ;
#10372 = CARTESIAN_POINT ( 'NONE',  ( -19.50000000000000000, 50.75000000000000000, 10.09999999999999964 ) ) ;
#10373 = ORIENTED_EDGE ( 'NONE', *, *, #10314, .F. ) ;
#10374 = ADVANCED_FACE ( 'NONE', ( #10592 ), #2072, .T. ) ;
#10375 = ORIENTED_EDGE ( 'NONE', *, *, #10823, .T. ) ;
#10376 = DIRECTION ( 'NONE',  ( 0.000000000000000000, 0.000000000000000000, -1.000000000000000000 ) ) ;
#10377 = ORIENTED_EDGE ( 'NONE', *, *, #3868, .F. ) ;
#10378 = CARTESIAN_POINT ( 'NONE',  ( -75.00000000000000000, 42.79999999999999716, 9.696446609406731199 ) ) ;
#10379 = ADVANCED_FACE ( 'NONE', ( #140 ), #5158, .T. ) ;
#10380 = ORIENTED_EDGE ( 'NONE', *, *, #10615, .F. ) ;
#10381 = DIRECTION ( 'NONE',  ( 0.7071067811865470176, 0.7071067811865480168, 0.000000000000000000 ) ) ;
#10382 = CARTESIAN_POINT ( 'NONE',  ( -74.75000000000000000, 42.90355339059325246, 10.05000000000000071 ) ) ;
#10383 = CARTESIAN_POINT ( 'NONE',  ( -15.35000000000000142, 2.750000000000000000, 1.600000000000000089 ) ) ;
#10384 = VECTOR ( 'NONE', #3375, 1000.000000000000000 ) ;
#10385 = CARTESIAN_POINT ( 'NONE',  ( -36.25000000000000000, 50.75000000000000000, 1.600000000000000089 ) ) ;
#10386 = CARTESIAN_POINT ( 'NONE',  ( -2.200000000000000178, 31.00000000000000000, 10.59999999999999964 ) ) ;
#10387 = ORIENTED_EDGE ( 'NONE', *, *, #8233, .T. ) ;
#10388 = FACE_BOUND ( 'NONE', #8935, .T. ) ;
#10389 = VERTEX_POINT ( 'NONE', #4217 ) ;
#10390 = ORIENTED_EDGE ( 'NONE', *, *, #3349, .F. ) ;
#10391 = VECTOR ( 'NONE', #10689, 1000.000000000000000 ) ;
#10392 = ORIENTED_EDGE ( 'NONE', *, *, #11867, .F. ) ;
#10393 = DIRECTION ( 'NONE',  ( -1.000000000000000000, 0.000000000000000000, 0.000000000000000000 ) ) ;
#10394 = DIRECTION ( 'NONE',  ( 0.000000000000000000, -1.000000000000000000, 0.000000000000000000 ) ) ;
#10395 = LINE ( 'NONE', #10516, #11020 ) ;
#10396 = DIRECTION ( 'NONE',  ( 0.000000000000000000, 1.000000000000000000, 0.000000000000000000 ) ) ;
#10397 = VECTOR ( 'NONE', #11809, 1000.000000000000000 ) ;
#10398 = EDGE_CURVE ( 'NONE', #3390, #1119, #10529, .T. ) ;
#10399 = DIRECTION ( 'NONE',  ( 0.000000000000000000, 0.000000000000000000, -1.000000000000000000 ) ) ;
#10400 = FACE_OUTER_BOUND ( 'NONE', #1548, .T. ) ;
#10401 = EDGE_LOOP ( 'NONE', ( #7621, #1017, #1514, #3235 ) ) ;
#10402 = LINE ( 'NONE', #5725, #7343 ) ;
#10403 = VERTEX_POINT ( 'NONE', #11836 ) ;
#10404 = VERTEX_POINT ( 'NONE', #3983 ) ;
#10405 = DIRECTION ( 'NONE',  ( 0.000000000000000000, 0.000000000000000000, -1.000000000000000000 ) ) ;
#10406 = VECTOR ( 'NONE', #4858, 1000.000000000000000 ) ;
#10407 = EDGE_CURVE ( 'NONE', #4597, #5667, #7964, .T. ) ;
#10408 = FACE_OUTER_BOUND ( 'NONE', #5891, .T. ) ;
#10409 = DIRECTION ( 'NONE',  ( 0.000000000000000000, 1.000000000000000000, 0.000000000000000000 ) ) ;
#10410 = LINE ( 'NONE', #7613, #4246 ) ;
#10411 = DIRECTION ( 'NONE',  ( 0.000000000000000000, 0.000000000000000000, -1.000000000000000000 ) ) ;
#10412 = CARTESIAN_POINT ( 'NONE',  ( -45.25000000000000000, 24.50000000000000000, 3.600000000000000089 ) ) ;
#10413 = ORIENTED_EDGE ( 'NONE', *, *, #3470, .F. ) ;
#10414 = ADVANCED_FACE ( 'NONE', ( #6156, #1502, #3919, #5859, #3346, #9596, #9656, #4915, #6215 ), #9956, .F. ) ;
#10415 = CARTESIAN_POINT ( 'NONE',  ( -40.75000000000000000, 1.750000000000000000, 1.600000000000000089 ) ) ;
#10416 = VECTOR ( 'NONE', #6694, 1000.000000000000000 ) ;
#10417 = VERTEX_POINT ( 'NONE', #3224 ) ;
#10418 = CARTESIAN_POINT ( 'NONE',  ( -5.750000000000000000, 1.750000000000000000, 10.09999999999999964 ) ) ;
#10419 = ORIENTED_EDGE ( 'NONE', *, *, #2008, .T. ) ;
#10420 = ORIENTED_EDGE ( 'NONE', *, *, #4252, .F. ) ;
#10421 = VERTEX_POINT ( 'NONE', #5221 ) ;
#10422 = DIRECTION ( 'NONE',  ( 1.000000000000000000, 0.000000000000000000, 0.000000000000000000 ) ) ;
#10423 = FACE_OUTER_BOUND ( 'NONE', #6388, .T. ) ;
#10424 = ORIENTED_EDGE ( 'NONE', *, *, #7117, .F. ) ;
#10425 = DIRECTION ( 'NONE',  ( -1.000000000000000000, 4.625929269271489858E-16, 0.000000000000000000 ) ) ;
#10426 = FACE_OUTER_BOUND ( 'NONE', #10239, .T. ) ;
#10427 = AXIS2_PLACEMENT_3D ( 'NONE', #10105, #3623, #1596 ) ;
#10428 = VECTOR ( 'NONE', #269, 1000.000000000000000 ) ;
#10429 = CARTESIAN_POINT ( 'NONE',  ( -52.75000000000000000, 44.94999999999999574, 4.599999999999999645 ) ) ;
#10430 = LINE ( 'NONE', #8744, #8439 ) ;
#10431 = CARTESIAN_POINT ( 'NONE',  ( -4.250000000000000000, 36.00000000000000000, 1.600000000000000089 ) ) ;
#10432 = ORIENTED_EDGE ( 'NONE', *, *, #1147, .T. ) ;
#10433 = VECTOR ( 'NONE', #4605, 1000.000000000000000 ) ;
#10434 = ORIENTED_EDGE ( 'NONE', *, *, #2249, .T. ) ;
#10435 = CIRCLE ( 'NONE', #12251, 2.250000000000001776 ) ;
#10436 = FACE_OUTER_BOUND ( 'NONE', #9882, .T. ) ;
#10437 = EDGE_CURVE ( 'NONE', #10417, #4678, #9021, .T. ) ;
#10438 = ORIENTED_EDGE ( 'NONE', *, *, #4600, .F. ) ;
#10439 = DIRECTION ( 'NONE',  ( -1.000000000000000000, 0.000000000000000000, 0.000000000000000000 ) ) ;
#10440 = EDGE_CURVE ( 'NONE', #6642, #8971, #501, .T. ) ;
#10441 = VERTEX_POINT ( 'NONE', #7158 ) ;
#10442 = LINE ( 'NONE', #2793, #10757 ) ;
#10443 = LINE ( 'NONE', #5770, #8397 ) ;
#10444 = ADVANCED_FACE ( 'NONE', ( #2433 ), #11200, .F. ) ;
#10445 = CARTESIAN_POINT ( 'NONE',  ( -37.25000000000000000, 51.75000000000000000, 10.09999999999999964 ) ) ;
#10446 = VECTOR ( 'NONE', #4443, 1000.000000000000000 ) ;
#10447 = AXIS2_PLACEMENT_3D ( 'NONE', #436, #4146, #3341 ) ;
#10448 = CARTESIAN_POINT ( 'NONE',  ( -37.25000000000000000, 51.75000000000000000, 10.09999999999999964 ) ) ;
#10449 = ADVANCED_FACE ( 'NONE', ( #9317 ), #9140, .T. ) ;
#10450 = DIRECTION ( 'NONE',  ( 0.000000000000000000, -0.7071067811865475727, 0.7071067811865475727 ) ) ;
#10451 = VERTEX_POINT ( 'NONE', #3524 ) ;
#10452 = CARTESIAN_POINT ( 'NONE',  ( -14.50000000000000000, 51.75000000000000000, 10.09999999999999964 ) ) ;
#10453 = VERTEX_POINT ( 'NONE', #687 ) ;
#10454 = ORIENTED_EDGE ( 'NONE', *, *, #9481, .F. ) ;
#10455 = CARTESIAN_POINT ( 'NONE',  ( -35.75000000000000000, 1.750000000000000000, 1.600000000000000089 ) ) ;
#10456 = DIRECTION ( 'NONE',  ( 1.000000000000000000, 0.000000000000000000, 0.000000000000000000 ) ) ;
#10457 = CARTESIAN_POINT ( 'NONE',  ( -74.75000000000000000, 41.30000000000000426, 11.29999999999999893 ) ) ;
#10458 = CARTESIAN_POINT ( 'NONE',  ( -75.00000000000000000, 32.25000000000000000, 12.59999999999999964 ) ) ;
#10459 = DIRECTION ( 'NONE',  ( 0.000000000000000000, 0.000000000000000000, -1.000000000000000000 ) ) ;
#10460 = FACE_OUTER_BOUND ( 'NONE', #1160, .T. ) ;
#10461 = CARTESIAN_POINT ( 'NONE',  ( -2.500000000000000000, 36.00000000000000000, 1.600000000000000089 ) ) ;
#10462 = ORIENTED_EDGE ( 'NONE', *, *, #4232, .T. ) ;
#10463 = CARTESIAN_POINT ( 'NONE',  ( -68.50000000000000000, 0.000000000000000000, 1.600000000000000089 ) ) ;
#10464 = ADVANCED_FACE ( 'NONE', ( #10261 ), #7223, .F. ) ;
#10465 = ORIENTED_EDGE ( 'NONE', *, *, #12202, .F. ) ;
#10466 = EDGE_CURVE ( 'NONE', #10795, #4638, #4463, .T. ) ;
#10467 = ORIENTED_EDGE ( 'NONE', *, *, #4793, .F. ) ;
#10468 = DIRECTION ( 'NONE',  ( 1.000000000000000000, 0.000000000000000000, 0.000000000000000000 ) ) ;
#10469 = CARTESIAN_POINT ( 'NONE',  ( -39.75000000000000000, 12.69999999999999929, 9.000000000000000000 ) ) ;
#10470 = DIRECTION ( 'NONE',  ( 0.000000000000000000, 1.000000000000000000, 0.000000000000000000 ) ) ;
#10471 = LINE ( 'NONE', #1081, #8028 ) ;
#10472 = DIRECTION ( 'NONE',  ( 0.000000000000000000, -1.000000000000000000, 0.000000000000000000 ) ) ;
#10473 = CARTESIAN_POINT ( 'NONE',  ( 0.000000000000000000, 32.25000000000000000, 12.34999999999999964 ) ) ;
#10474 = ADVANCED_FACE ( 'NONE', ( #1741 ), #4588, .T. ) ;
#10475 = DIRECTION ( 'NONE',  ( 0.000000000000000000, 0.000000000000000000, 1.000000000000000000 ) ) ;
#10476 = EDGE_CURVE ( 'NONE', #6349, #835, #8270, .T. ) ;
#10477 = ORIENTED_EDGE ( 'NONE', *, *, #3702, .F. ) ;
#10478 = FACE_OUTER_BOUND ( 'NONE', #426, .T. ) ;
#10479 = EDGE_CURVE ( 'NONE', #1234, #3755, #3405, .T. ) ;
#10480 = ORIENTED_EDGE ( 'NONE', *, *, #5527, .F. ) ;
#10481 = ORIENTED_EDGE ( 'NONE', *, *, #9189, .F. ) ;
#10482 = ORIENTED_EDGE ( 'NONE', *, *, #699, .T. ) ;
#10483 = DIRECTION ( 'NONE',  ( -0.000000000000000000, -0.000000000000000000, -1.000000000000000000 ) ) ;
#10484 = DIRECTION ( 'NONE',  ( 1.000000000000000000, 0.000000000000000000, 0.000000000000000000 ) ) ;
#10485 = EDGE_CURVE ( 'NONE', #7871, #8052, #10133, .T. ) ;
#10486 = ORIENTED_EDGE ( 'NONE', *, *, #2470, .F. ) ;
#10487 = CARTESIAN_POINT ( 'NONE',  ( -29.75000000000000000, 2.750000000000000000, 10.09999999999999964 ) ) ;
#10488 = CARTESIAN_POINT ( 'NONE',  ( -28.75000000000000000, 50.75000000000000000, 10.09999999999999964 ) ) ;
#10489 = CARTESIAN_POINT ( 'NONE',  ( -52.75000000000000000, 27.75000000000000000, 3.850000000000000089 ) ) ;
#10490 = AXIS2_PLACEMENT_3D ( 'NONE', #10216, #8229, #8355 ) ;
#10491 = CARTESIAN_POINT ( 'NONE',  ( -27.25000000000000000, 1.750000000000000000, 10.09999999999999964 ) ) ;
#10492 = FACE_OUTER_BOUND ( 'NONE', #4570, .T. ) ;
#10493 = ORIENTED_EDGE ( 'NONE', *, *, #9237, .F. ) ;
#10494 = EDGE_CURVE ( 'NONE', #9468, #1693, #867, .T. ) ;
#10495 = ORIENTED_EDGE ( 'NONE', *, *, #10649, .T. ) ;
#10497 = AXIS2_PLACEMENT_3D ( 'NONE', #569, #5288, #2498 ) ;
#10496 = CARTESIAN_POINT ( 'NONE',  ( -59.00000000000000000, 20.25000000000000000, 1.600000000000000089 ) ) ;
#10498 = ORIENTED_EDGE ( 'NONE', *, *, #3900, .F. ) ;
#10499 = CARTESIAN_POINT ( 'NONE',  ( -13.00000000000000000, 51.75000000000000000, 10.09999999999999964 ) ) ;
#10500 = ORIENTED_EDGE ( 'NONE', *, *, #7210, .T. ) ;
#10501 = LINE ( 'NONE', #173, #3972 ) ;
#10502 = CARTESIAN_POINT ( 'NONE',  ( -75.00000000000000000, 40.75000000000000000, 5.549999999999999822 ) ) ;
#10503 = CARTESIAN_POINT ( 'NONE',  ( -75.00000000000000000, 44.25000000000000000, 12.34999999999999964 ) ) ;
#10504 = EDGE_CURVE ( 'NONE', #7583, #354, #10070, .T. ) ;
#10505 = CARTESIAN_POINT ( 'NONE',  ( -74.75000000000000000, 33.52322330470335032, 9.976776695296639019 ) ) ;
#10506 = DIRECTION ( 'NONE',  ( 0.000000000000000000, 1.000000000000000000, 0.000000000000000000 ) ) ;
#10507 = ORIENTED_EDGE ( 'NONE', *, *, #6257, .F. ) ;
#10508 = DIRECTION ( 'NONE',  ( -0.7071067811865475727, 0.7071067811865475727, 0.000000000000000000 ) ) ;
#10509 = AXIS2_PLACEMENT_3D ( 'NONE', #3200, #10800, #2276 ) ;
#10510 = ORIENTED_EDGE ( 'NONE', *, *, #9265, .T. ) ;
#10511 = VECTOR ( 'NONE', #7790, 1000.000000000000000 ) ;
#10512 = ORIENTED_EDGE ( 'NONE', *, *, #10878, .T. ) ;
#10513 = DIRECTION ( 'NONE',  ( 0.000000000000000000, 1.000000000000000000, 0.000000000000000000 ) ) ;
#10514 = DIRECTION ( 'NONE',  ( 1.000000000000000000, 0.000000000000000000, 0.000000000000000000 ) ) ;
#10515 = CARTESIAN_POINT ( 'NONE',  ( -39.75000000000000000, 1.750000000000000000, 10.09999999999999964 ) ) ;
#10516 = CARTESIAN_POINT ( 'NONE',  ( -42.00000000000000000, 1.000000000000000000, 1.600000000000000089 ) ) ;
#10517 = CARTESIAN_POINT ( 'NONE',  ( -40.75000000000000000, 2.750000000000000000, 10.09999999999999964 ) ) ;
#10518 = VECTOR ( 'NONE', #4657, 1000.000000000000000 ) ;
#10519 = AXIS2_PLACEMENT_3D ( 'NONE', #5639, #6640, #10439 ) ;
#10520 = LINE ( 'NONE', #2003, #7653 ) ;
#10521 = CARTESIAN_POINT ( 'NONE',  ( -75.00000000000000000, 41.00000000000000000, 5.549999999999999822 ) ) ;
#10522 = EDGE_CURVE ( 'NONE', #2472, #3930, #12081, .T. ) ;
#10523 = VERTEX_POINT ( 'NONE', #6468 ) ;
#10524 = CARTESIAN_POINT ( 'NONE',  ( -62.25000000000000000, 49.25000000000000000, 4.850000000000000533 ) ) ;
#10525 = VECTOR ( 'NONE', #12024, 1000.000000000000000 ) ;
#10526 = ORIENTED_EDGE ( 'NONE', *, *, #9716, .T. ) ;
#10527 = VERTEX_POINT ( 'NONE', #8330 ) ;
#10528 = ORIENTED_EDGE ( 'NONE', *, *, #6391, .T. ) ;
#10529 = LINE ( 'NONE', #11894, #809 ) ;
#10530 = VECTOR ( 'NONE', #3866, 1000.000000000000000 ) ;
#10531 = EDGE_CURVE ( 'NONE', #9970, #7907, #4404, .T. ) ;
#10532 = VECTOR ( 'NONE', #12109, 1000.000000000000000 ) ;
#10533 = LINE ( 'NONE', #6798, #12310 ) ;
#10534 = DIRECTION ( 'NONE',  ( -1.000000000000000000, 0.000000000000000000, 0.000000000000000000 ) ) ;
#10535 = CARTESIAN_POINT ( 'NONE',  ( 0.000000000000000000, 28.60000000000000142, 4.599999999999999645 ) ) ;
#10536 = LINE ( 'NONE', #10597, #1210 ) ;
#10537 = CARTESIAN_POINT ( 'NONE',  ( -9.549999999999998934, 1.750000000000000000, 10.09999999999999964 ) ) ;
#10538 = ORIENTED_EDGE ( 'NONE', *, *, #3622, .T. ) ;
#10539 = CIRCLE ( 'NONE', #9539, 2.250000000000001776 ) ;
#10540 = LINE ( 'NONE', #1026, #4258 ) ;
#10541 = VECTOR ( 'NONE', #10199, 1000.000000000000000 ) ;
#10542 = VERTEX_POINT ( 'NONE', #1558 ) ;
#10543 = VECTOR ( 'NONE', #7212, 1000.000000000000000 ) ;
#10544 = DIRECTION ( 'NONE',  ( 1.000000000000000000, 0.000000000000000000, 0.000000000000000000 ) ) ;
#10545 = ORIENTED_EDGE ( 'NONE', *, *, #5833, .F. ) ;
#10546 = ORIENTED_EDGE ( 'NONE', *, *, #10720, .F. ) ;
#10547 = ORIENTED_EDGE ( 'NONE', *, *, #648, .F. ) ;
#10548 = EDGE_CURVE ( 'NONE', #967, #8990, #9263, .T. ) ;
#10549 = CARTESIAN_POINT ( 'NONE',  ( -75.00000000000000000, 35.75000000000000000, 8.300000000000000711 ) ) ;
#10550 = CARTESIAN_POINT ( 'NONE',  ( -5.250000000000000000, 28.60000000000000142, 4.599999999999999645 ) ) ;
#10551 = VECTOR ( 'NONE', #4687, 1000.000000000000000 ) ;
#10552 = EDGE_LOOP ( 'NONE', ( #1635, #9613, #8294, #10162 ) ) ;
#10553 = DIRECTION ( 'NONE',  ( 0.000000000000000000, 0.000000000000000000, 1.000000000000000000 ) ) ;
#10554 = CARTESIAN_POINT ( 'NONE',  ( -51.00000000000000000, 50.00000000000000000, 10.09999999999999964 ) ) ;
#10555 = CIRCLE ( 'NONE', #12164, 0.2500000000000002220 ) ;
#10556 = DIRECTION ( 'NONE',  ( 0.000000000000000000, 1.000000000000000000, 0.000000000000000000 ) ) ;
#10557 = FACE_OUTER_BOUND ( 'NONE', #2157, .T. ) ;
#10558 = DIRECTION ( 'NONE',  ( 0.000000000000000000, 0.000000000000000000, -1.000000000000000000 ) ) ;
#10559 = EDGE_CURVE ( 'NONE', #4131, #2393, #5522, .T. ) ;
#10560 = VERTEX_POINT ( 'NONE', #12207 ) ;
#10561 = ORIENTED_EDGE ( 'NONE', *, *, #12139, .F. ) ;
#10562 = AXIS2_PLACEMENT_3D ( 'NONE', #1205, #3007, #10657 ) ;
#10563 = DIRECTION ( 'NONE',  ( 0.000000000000000000, 0.000000000000000000, -1.000000000000000000 ) ) ;
#10564 = VERTEX_POINT ( 'NONE', #5340 ) ;
#10565 = FACE_OUTER_BOUND ( 'NONE', #5651, .T. ) ;
#10566 = VERTEX_POINT ( 'NONE', #750 ) ;
#10567 = FACE_BOUND ( 'NONE', #4320, .T. ) ;
#10568 = LINE ( 'NONE', #10628, #9796 ) ;
#10569 = EDGE_CURVE ( 'NONE', #4147, #1352, #8207, .T. ) ;
#10570 = ORIENTED_EDGE ( 'NONE', *, *, #11210, .F. ) ;
#10571 = LINE ( 'NONE', #2979, #9849 ) ;
#10572 = EDGE_LOOP ( 'NONE', ( #1855, #6894, #7886, #5020 ) ) ;
#10573 = DIRECTION ( 'NONE',  ( -0.000000000000000000, -0.000000000000000000, 1.000000000000000000 ) ) ;
#10574 = VERTEX_POINT ( 'NONE', #12021 ) ;
#10575 = EDGE_LOOP ( 'NONE', ( #8636, #11669, #11820, #654 ) ) ;
#10576 = EDGE_CURVE ( 'NONE', #12087, #3317, #3463, .T. ) ;
#10577 = LINE ( 'NONE', #8706, #1052 ) ;
#10578 = STYLED_ITEM ( 'NONE', ( #2367 ), #2619 ) ;
#10579 = CARTESIAN_POINT ( 'NONE',  ( -2.250000000000000000, 24.50000000000000000, 4.599999999999999645 ) ) ;
#10580 = CARTESIAN_POINT ( 'NONE',  ( -42.00000000000000000, 3.500000000000000000, 1.600000000000000089 ) ) ;
#10581 = LINE ( 'NONE', #2061, #3652 ) ;
#10582 = CARTESIAN_POINT ( 'NONE',  ( -52.04999999999999716, 48.00000000000000000, 10.59999999999999964 ) ) ;
#10583 = CARTESIAN_POINT ( 'NONE',  ( -74.75000000000000000, 33.95000000000000284, 9.696446609406731199 ) ) ;
#10584 = VECTOR ( 'NONE', #3406, 1000.000000000000000 ) ;
#10585 = DIRECTION ( 'NONE',  ( 0.000000000000000000, 0.000000000000000000, 1.000000000000000000 ) ) ;
#10586 = ORIENTED_EDGE ( 'NONE', *, *, #4714, .T. ) ;
#10587 = DIRECTION ( 'NONE',  ( -1.000000000000000000, 0.000000000000000000, 0.000000000000000000 ) ) ;
#10588 = VERTEX_POINT ( 'NONE', #7586 ) ;
#10589 = ORIENTED_EDGE ( 'NONE', *, *, #7185, .F. ) ;
#10590 = ADVANCED_FACE ( 'NONE', ( #12323 ), #7642, .F. ) ;
#10591 = VERTEX_POINT ( 'NONE', #9503 ) ;
#10592 = FACE_OUTER_BOUND ( 'NONE', #11932, .T. ) ;
#10593 = CARTESIAN_POINT ( 'NONE',  ( -49.64999999999999858, 44.94999999999999574, 10.59999999999999964 ) ) ;
#10594 = DIRECTION ( 'NONE',  ( 1.000000000000000000, 0.000000000000000000, 0.000000000000000000 ) ) ;
#10595 = CARTESIAN_POINT ( 'NONE',  ( -62.50000000000000000, 20.50000000000000000, 1.600000000000000089 ) ) ;
#10596 = AXIS2_PLACEMENT_3D ( 'NONE', #10382, #3587, #6586 ) ;
#10597 = CARTESIAN_POINT ( 'NONE',  ( -74.75000000000000000, 35.50000000000000000, 5.549999999999999822 ) ) ;
#10598 = CARTESIAN_POINT ( 'NONE',  ( -60.75000000000000000, 49.25000000000000000, 4.850000000000000533 ) ) ;
#10599 = ADVANCED_FACE ( 'NONE', ( #989 ), #928, .T. ) ;
#10600 = DIRECTION ( 'NONE',  ( 0.000000000000000000, 0.000000000000000000, -1.000000000000000000 ) ) ;
#10601 = ORIENTED_EDGE ( 'NONE', *, *, #12153, .T. ) ;
#10602 = EDGE_CURVE ( 'NONE', #6673, #7726, #9445, .T. ) ;
#10603 = DIRECTION ( 'NONE',  ( 1.000000000000000000, 0.000000000000000000, 0.000000000000000000 ) ) ;
#10604 = ORIENTED_EDGE ( 'NONE', *, *, #8860, .F. ) ;
#10605 = CIRCLE ( 'NONE', #7031, 0.2500000000000002220 ) ;
#10606 = VERTEX_POINT ( 'NONE', #7701 ) ;
#10607 = VERTEX_POINT ( 'NONE', #9688 ) ;
#10608 = DIRECTION ( 'NONE',  ( 1.000000000000000000, 0.000000000000000000, 0.000000000000000000 ) ) ;
#10609 = CARTESIAN_POINT ( 'NONE',  ( -15.35000000000000142, 1.750000000000000000, 10.09999999999999964 ) ) ;
#10610 = ORIENTED_EDGE ( 'NONE', *, *, #9865, .T. ) ;
#10611 = CARTESIAN_POINT ( 'NONE',  ( -15.50000000000000000, 51.75000000000000000, 10.09999999999999964 ) ) ;
#10612 = CARTESIAN_POINT ( 'NONE',  ( -75.00000000000000000, 42.79999999999999716, 3.050000000000000266 ) ) ;
#10613 = LINE ( 'NONE', #2035, #1498 ) ;
#10614 = VECTOR ( 'NONE', #11664, 1000.000000000000000 ) ;
#10615 = EDGE_CURVE ( 'NONE', #1534, #31, #10442, .T. ) ;
#10616 = PLANE ( 'NONE',  #9239 ) ;
#10617 = EDGE_LOOP ( 'NONE', ( #7105, #6796, #5243, #9390 ) ) ;
#10618 = EDGE_LOOP ( 'NONE', ( #5119, #10260, #701, #7188 ) ) ;
#10619 = CARTESIAN_POINT ( 'NONE',  ( -46.25000000000000000, 51.75000000000000000, 10.09999999999999964 ) ) ;
#10620 = ORIENTED_EDGE ( 'NONE', *, *, #4007, .F. ) ;
#10621 = VECTOR ( 'NONE', #11931, 1000.000000000000000 ) ;
#10622 = ORIENTED_EDGE ( 'NONE', *, *, #6805, .F. ) ;
#10623 = DIRECTION ( 'NONE',  ( 1.182766006347823848E-16, -1.000000000000000000, 0.000000000000000000 ) ) ;
#10624 = VECTOR ( 'NONE', #11125, 1000.000000000000000 ) ;
#10625 = EDGE_CURVE ( 'NONE', #9932, #8114, #4773, .T. ) ;
#10626 = ORIENTED_EDGE ( 'NONE', *, *, #607, .F. ) ;
#10627 = CARTESIAN_POINT ( 'NONE',  ( -2.250000000000000000, 24.50000000000000000, 1.600000000000000089 ) ) ;
#10628 = CARTESIAN_POINT ( 'NONE',  ( -59.00000000000000000, 52.50000000000000000, 3.850000000000000089 ) ) ;
#10629 = EDGE_CURVE ( 'NONE', #2922, #7205, #1176, .T. ) ;
#10630 = VECTOR ( 'NONE', #9772, 1000.000000000000000 ) ;
#10631 = DIRECTION ( 'NONE',  ( -0.000000000000000000, 0.7071067811865470176, -0.7071067811865480168 ) ) ;
#10632 = VECTOR ( 'NONE', #2761, 1000.000000000000000 ) ;
#10633 = EDGE_CURVE ( 'NONE', #7429, #10332, #9348, .T. ) ;
#10634 = VERTEX_POINT ( 'NONE', #8511 ) ;
#10635 = EDGE_CURVE ( 'NONE', #12335, #4198, #51, .T. ) ;
#10636 = DIRECTION ( 'NONE',  ( 1.000000000000000000, 0.000000000000000000, 0.000000000000000000 ) ) ;
#10637 = EDGE_CURVE ( 'NONE', #6256, #10542, #3773, .T. ) ;
#10638 = ORIENTED_EDGE ( 'NONE', *, *, #8982, .T. ) ;
#10639 = VECTOR ( 'NONE', #5775, 1000.000000000000000 ) ;
#10640 = DIRECTION ( 'NONE',  ( 0.000000000000000000, 1.000000000000000000, 0.000000000000000000 ) ) ;
#10641 = VECTOR ( 'NONE', #7039, 1000.000000000000000 ) ;
#10642 = ADVANCED_FACE ( 'NONE', ( #2109 ), #11448, .T. ) ;
#10643 = DIRECTION ( 'NONE',  ( 0.000000000000000000, 0.000000000000000000, 1.000000000000000000 ) ) ;
#10644 = FACE_OUTER_BOUND ( 'NONE', #5874, .T. ) ;
#10645 = CARTESIAN_POINT ( 'NONE',  ( -59.00000000000000000, 20.50000000000000000, 1.600000000000000089 ) ) ;
#10646 = LINE ( 'NONE', #7099, #11248 ) ;
#10647 = DIRECTION ( 'NONE',  ( 0.000000000000000000, 0.000000000000000000, 1.000000000000000000 ) ) ;
#10648 = VECTOR ( 'NONE', #7705, 1000.000000000000000 ) ;
#10649 = EDGE_CURVE ( 'NONE', #3581, #6699, #10501, .T. ) ;
#10650 = CARTESIAN_POINT ( 'NONE',  ( -56.50000000000000000, 20.25000000000000000, 2.600000000000000089 ) ) ;
#10651 = EDGE_LOOP ( 'NONE', ( #4761, #10149, #12299, #3196 ) ) ;
#10652 = DIRECTION ( 'NONE',  ( 0.000000000000000000, 0.000000000000000000, -1.000000000000000000 ) ) ;
#10653 = ORIENTED_EDGE ( 'NONE', *, *, #10914, .F. ) ;
#10654 = ORIENTED_EDGE ( 'NONE', *, *, #2653, .F. ) ;
#10655 = ORIENTED_EDGE ( 'NONE', *, *, #8230, .F. ) ;
#10656 = LINE ( 'NONE', #7731, #2373 ) ;
#10657 = DIRECTION ( 'NONE',  ( -0.7071067811865470176, -0.7071067811865480168, 0.000000000000000000 ) ) ;
#10658 = DIRECTION ( 'NONE',  ( 0.000000000000000000, 0.000000000000000000, -1.000000000000000000 ) ) ;
#10659 = LINE ( 'NONE', #7674, #3759 ) ;
#10660 = PLANE ( 'NONE',  #7058 ) ;
#10661 = ADVANCED_FACE ( 'NONE', ( #3033, #10567, #5769, #9572, #5827, #4828, #9629 ), #1115, .F. ) ;
#10662 = CARTESIAN_POINT ( 'NONE',  ( -42.75000000000000000, 9.000000000000000000, 6.349999999999999645 ) ) ;
#10663 = ORIENTED_EDGE ( 'NONE', *, *, #5365, .T. ) ;
#10664 = LINE ( 'NONE', #7866, #3520 ) ;
#10665 = ORIENTED_EDGE ( 'NONE', *, *, #11518, .T. ) ;
#10666 = EDGE_CURVE ( 'NONE', #1276, #7253, #8697, .T. ) ;
#10667 = ORIENTED_EDGE ( 'NONE', *, *, #210, .F. ) ;
#10668 = ORIENTED_EDGE ( 'NONE', *, *, #4031, .F. ) ;
#10669 = CARTESIAN_POINT ( 'NONE',  ( -25.75000000000000000, 1.750000000000000000, 10.09999999999999964 ) ) ;
#10670 = CARTESIAN_POINT ( 'NONE',  ( -66.25000000000000000, 42.79999999999999716, 3.299999999999999822 ) ) ;
#10671 = ORIENTED_EDGE ( 'NONE', *, *, #1686, .F. ) ;
#10672 = VERTEX_POINT ( 'NONE', #6585 ) ;
#10673 = DIRECTION ( 'NONE',  ( 1.000000000000000000, 0.000000000000000000, 0.000000000000000000 ) ) ;
#10674 = CARTESIAN_POINT ( 'NONE',  ( -2.200000000000000178, 27.90000000000000213, 10.59999999999999964 ) ) ;
#10675 = EDGE_CURVE ( 'NONE', #12124, #7868, #6836, .T. ) ;
#10676 = DIRECTION ( 'NONE',  ( 1.000000000000000000, 0.000000000000000000, 0.000000000000000000 ) ) ;
#10677 = CARTESIAN_POINT ( 'NONE',  ( -23.00000000000000000, 50.75000000000000000, 10.09999999999999964 ) ) ;
#10678 = DIRECTION ( 'NONE',  ( 1.000000000000000000, 0.000000000000000000, 0.000000000000000000 ) ) ;
#10679 = ORIENTED_EDGE ( 'NONE', *, *, #4176, .T. ) ;
#10680 = EDGE_LOOP ( 'NONE', ( #1075, #10980, #3039, #4643 ) ) ;
#10681 = LINE ( 'NONE', #9746, #11311 ) ;
#10682 = ADVANCED_FACE ( 'NONE', ( #1861 ), #5642, .F. ) ;
#10683 = ORIENTED_EDGE ( 'NONE', *, *, #6793, .F. ) ;
#10684 = ORIENTED_EDGE ( 'NONE', *, *, #7175, .T. ) ;
#10685 = CARTESIAN_POINT ( 'NONE',  ( -36.25000000000000000, 50.75000000000000000, 10.09999999999999964 ) ) ;
#10686 = AXIS2_PLACEMENT_3D ( 'NONE', #1901, #6622, #10856 ) ;
#10687 = ORIENTED_EDGE ( 'NONE', *, *, #2731, .F. ) ;
#10688 = CARTESIAN_POINT ( 'NONE',  ( -47.25000000000000000, 50.75000000000000000, 10.09999999999999964 ) ) ;
#10689 = DIRECTION ( 'NONE',  ( 0.000000000000000000, 0.000000000000000000, -1.000000000000000000 ) ) ;
#10690 = EDGE_CURVE ( 'NONE', #11627, #2560, #4209, .T. ) ;
#10691 = DIRECTION ( 'NONE',  ( -1.000000000000000000, 0.000000000000000000, 0.000000000000000000 ) ) ;
#10692 = EDGE_CURVE ( 'NONE', #1728, #5880, #6892, .T. ) ;
#10693 = VECTOR ( 'NONE', #3843, 1000.000000000000000 ) ;
#10694 = EDGE_CURVE ( 'NONE', #8003, #5202, #5971, .T. ) ;
#10695 = EDGE_LOOP ( 'NONE', ( #10419, #6968, #12107, #952 ) ) ;
#10696 = DIRECTION ( 'NONE',  ( -1.000000000000000000, 4.625929269271489858E-16, -0.000000000000000000 ) ) ;
#10697 = ORIENTED_EDGE ( 'NONE', *, *, #4981, .T. ) ;
#10698 = PLANE ( 'NONE',  #1654 ) ;
#10699 = VECTOR ( 'NONE', #7168, 1000.000000000000000 ) ;
#10700 = LINE ( 'NONE', #7037, #10323 ) ;
#10701 = ADVANCED_FACE ( 'NONE', ( #10885 ), #3093, .T. ) ;
#10702 = DIRECTION ( 'NONE',  ( 0.000000000000000000, 0.000000000000000000, -1.000000000000000000 ) ) ;
#10703 = CARTESIAN_POINT ( 'NONE',  ( -75.00000000000000000, 35.30355339059324393, 11.29999999999999893 ) ) ;
#10704 = CARTESIAN_POINT ( 'NONE',  ( -9.500000000000000000, 51.75000000000000000, 1.600000000000000089 ) ) ;
#10705 = ADVANCED_FACE ( 'NONE', ( #4019 ), #1304, .T. ) ;
#10706 = VECTOR ( 'NONE', #4171, 1000.000000000000000 ) ;
#10707 = CARTESIAN_POINT ( 'NONE',  ( -4.750000000000000000, 1.750000000000000000, 10.09999999999999964 ) ) ;
#10708 = EDGE_CURVE ( 'NONE', #5323, #716, #8820, .T. ) ;
#10709 = VECTOR ( 'NONE', #9811, 1000.000000000000000 ) ;
#10710 = CARTESIAN_POINT ( 'NONE',  ( -34.75000000000000000, 2.750000000000000000, 10.09999999999999964 ) ) ;
#10711 = ORIENTED_EDGE ( 'NONE', *, *, #11889, .T. ) ;
#10712 = CARTESIAN_POINT ( 'NONE',  ( -24.25000000000000000, 50.00000000000000000, 1.600000000000000089 ) ) ;
#10713 = ORIENTED_EDGE ( 'NONE', *, *, #9568, .T. ) ;
#10714 = ORIENTED_EDGE ( 'NONE', *, *, #2859, .T. ) ;
#10715 = ORIENTED_EDGE ( 'NONE', *, *, #8672, .F. ) ;
#10716 = CIRCLE ( 'NONE', #9927, 0.2500000000000002220 ) ;
#10717 = DIRECTION ( 'NONE',  ( 0.000000000000000000, 0.000000000000000000, -1.000000000000000000 ) ) ;
#10718 = DIRECTION ( 'NONE',  ( -1.000000000000000000, 0.000000000000000000, 0.000000000000000000 ) ) ;
#10719 = CARTESIAN_POINT ( 'NONE',  ( -56.50000000000000000, 14.75000000000000000, 2.600000000000000089 ) ) ;
#10720 = EDGE_CURVE ( 'NONE', #9949, #11056, #1238, .T. ) ;
#10721 = CARTESIAN_POINT ( 'NONE',  ( -49.64999999999999858, 45.65000000000000568, 10.59999999999999964 ) ) ;
#10722 = VECTOR ( 'NONE', #1014, 1000.000000000000000 ) ;
#10723 = CARTESIAN_POINT ( 'NONE',  ( -39.75000000000000000, 21.50000000000000000, 9.599999999999999645 ) ) ;
#10724 = ORIENTED_EDGE ( 'NONE', *, *, #11433, .F. ) ;
#10725 = LINE ( 'NONE', #9910, #4067 ) ;
#10726 = VERTEX_POINT ( 'NONE', #10759 ) ;
#10727 = VECTOR ( 'NONE', #12238, 1000.000000000000000 ) ;
#10728 = PLANE ( 'NONE',  #7114 ) ;
#10729 = VERTEX_POINT ( 'NONE', #8014 ) ;
#10730 = VECTOR ( 'NONE', #10623, 1000.000000000000000 ) ;
#10731 = ORIENTED_EDGE ( 'NONE', *, *, #2748, .T. ) ;
#10732 = UNCERTAINTY_MEASURE_WITH_UNIT (LENGTH_MEASURE( 1.000000000000000082E-05 ), #8208, 'distance_accuracy_value', 'NONE');
#10733 = ORIENTED_EDGE ( 'NONE', *, *, #11074, .F. ) ;
#10734 = DIRECTION ( 'NONE',  ( 1.000000000000000000, 0.000000000000000000, 0.000000000000000000 ) ) ;
#10735 = CARTESIAN_POINT ( 'NONE',  ( -61.00000000000000000, 8.000000000000000000, 7.849999999999999645 ) ) ;
#10736 = VERTEX_POINT ( 'NONE', #6205 ) ;
#10737 = VERTEX_POINT ( 'NONE', #7088 ) ;
#10738 = EDGE_CURVE ( 'NONE', #2217, #5102, #9817, .T. ) ;
#10739 = DIRECTION ( 'NONE',  ( -1.000000000000000000, 0.000000000000000000, 0.000000000000000000 ) ) ;
#10740 = DIRECTION ( 'NONE',  ( 0.000000000000000000, 0.000000000000000000, -1.000000000000000000 ) ) ;
#10741 = DIRECTION ( 'NONE',  ( -1.000000000000000000, 0.000000000000000000, 0.000000000000000000 ) ) ;
#10742 = AXIS2_PLACEMENT_3D ( 'NONE', #5436, #6497, #2825 ) ;
#10743 = FACE_OUTER_BOUND ( 'NONE', #557, .T. ) ;
#10744 = VECTOR ( 'NONE', #40, 1000.000000000000000 ) ;
#10745 = VECTOR ( 'NONE', #9887, 1000.000000000000000 ) ;
#10746 = DIRECTION ( 'NONE',  ( 0.000000000000000000, 0.000000000000000000, -1.000000000000000000 ) ) ;
#10747 = ORIENTED_EDGE ( 'NONE', *, *, #11630, .T. ) ;
#10748 = CARTESIAN_POINT ( 'NONE',  ( -5.250000000000000000, 32.00000000000000000, 4.599999999999999645 ) ) ;
#10749 = ORIENTED_EDGE ( 'NONE', *, *, #4165, .T. ) ;
#10750 = CARTESIAN_POINT ( 'NONE',  ( -2.200000000000000178, 26.20000000000000284, 10.59999999999999964 ) ) ;
#10751 = VECTOR ( 'NONE', #646, 1000.000000000000000 ) ;
#10752 = ORIENTED_EDGE ( 'NONE', *, *, #8806, .F. ) ;
#10753 = ORIENTED_EDGE ( 'NONE', *, *, #872, .T. ) ;
#10754 = DIRECTION ( 'NONE',  ( 0.000000000000000000, 0.000000000000000000, -1.000000000000000000 ) ) ;
#10755 = PRODUCT_DEFINITION_FORMATION_WITH_SPECIFIED_SOURCE ( 'ANY', '', #364, .NOT_KNOWN. ) ;
#10756 = FACE_OUTER_BOUND ( 'NONE', #2829, .T. ) ;
#10757 = VECTOR ( 'NONE', #1922, 1000.000000000000000 ) ;
#10758 = ORIENTED_EDGE ( 'NONE', *, *, #5737, .F. ) ;
#10759 = CARTESIAN_POINT ( 'NONE',  ( -47.25000000000000000, 44.94999999999999574, 4.599999999999999645 ) ) ;
#10760 = FACE_OUTER_BOUND ( 'NONE', #3569, .T. ) ;
#10761 = AXIS2_PLACEMENT_3D ( 'NONE', #8135, #429, #7208 ) ;
#10762 = ADVANCED_FACE ( 'NONE', ( #7950 ), #2355, .T. ) ;
#10763 = CIRCLE ( 'NONE', #11358, 3.250000000000002665 ) ;
#10764 = ORIENTED_EDGE ( 'NONE', *, *, #8073, .F. ) ;
#10765 = EDGE_CURVE ( 'NONE', #1750, #11246, #3216, .T. ) ;
#10766 = LINE ( 'NONE', #5090, #9310 ) ;
#10767 = VERTEX_POINT ( 'NONE', #7025 ) ;
#10768 = ORIENTED_EDGE ( 'NONE', *, *, #4556, .T. ) ;
#10769 = DIRECTION ( 'NONE',  ( -1.000000000000000000, 0.000000000000000000, 0.000000000000000000 ) ) ;
#10770 = CYLINDRICAL_SURFACE ( 'NONE', #8730, 0.2500000000000002220 ) ;
#10771 = DIRECTION ( 'NONE',  ( -1.000000000000000000, 0.000000000000000000, 0.000000000000000000 ) ) ;
#10772 = FACE_OUTER_BOUND ( 'NONE', #8370, .T. ) ;
#10773 = PLANE ( 'NONE',  #3086 ) ;
#10774 = EDGE_CURVE ( 'NONE', #8917, #10542, #5021, .T. ) ;
#10775 = LINE ( 'NONE', #5974, #5853 ) ;
#10776 = CARTESIAN_POINT ( 'NONE',  ( -13.00000000000000000, 51.75000000000000000, 1.600000000000000089 ) ) ;
#10777 = EDGE_LOOP ( 'NONE', ( #848, #12035, #7206, #11882 ) ) ;
#10778 = CARTESIAN_POINT ( 'NONE',  ( -58.75000000000000000, 32.25000000000000000, 12.34999999999999964 ) ) ;
#10779 = ORIENTED_EDGE ( 'NONE', *, *, #11639, .T. ) ;
#10780 = EDGE_LOOP ( 'NONE', ( #2694, #6491, #9173, #9653 ) ) ;
#10781 = ORIENTED_EDGE ( 'NONE', *, *, #538, .T. ) ;
#10782 = CARTESIAN_POINT ( 'NONE',  ( -47.95000000000000284, 47.30000000000000426, 10.59999999999999964 ) ) ;
#10783 = FACE_OUTER_BOUND ( 'NONE', #6765, .T. ) ;
#10784 = LINE ( 'NONE', #3119, #1493 ) ;
#10785 = ADVANCED_FACE ( 'NONE', ( #2299 ), #1430, .F. ) ;
#10786 = LINE ( 'NONE', #2263, #2600 ) ;
#10787 = DIRECTION ( 'NONE',  ( 0.000000000000000000, 0.000000000000000000, 1.000000000000000000 ) ) ;
#10788 = VECTOR ( 'NONE', #9231, 1000.000000000000000 ) ;
#10789 = CARTESIAN_POINT ( 'NONE',  ( -14.34999999999999964, 2.750000000000000000, 10.09999999999999964 ) ) ;
#10790 = ORIENTED_EDGE ( 'NONE', *, *, #4392, .F. ) ;
#10791 = LINE ( 'NONE', #4057, #2934 ) ;
#10792 = ORIENTED_EDGE ( 'NONE', *, *, #4717, .F. ) ;
#10793 = EDGE_CURVE ( 'NONE', #10874, #11588, #5953, .T. ) ;
#10794 = EDGE_CURVE ( 'NONE', #2817, #11241, #299, .T. ) ;
#10795 = VERTEX_POINT ( 'NONE', #11695 ) ;
#10796 = ORIENTED_EDGE ( 'NONE', *, *, #2322, .T. ) ;
#10797 = FACE_OUTER_BOUND ( 'NONE', #5172, .T. ) ;
#10798 = CARTESIAN_POINT ( 'NONE',  ( -45.25000000000000000, 26.00000000000000000, 1.850000000000000089 ) ) ;
#10799 = AXIS2_PLACEMENT_3D ( 'NONE', #6216, #1375, #5092 ) ;
#10800 = DIRECTION ( 'NONE',  ( -1.000000000000000000, 0.000000000000000000, 0.000000000000000000 ) ) ;
#10801 = CARTESIAN_POINT ( 'NONE',  ( -17.75000000000000000, 1.750000000000000000, 10.09999999999999964 ) ) ;
#10802 = CARTESIAN_POINT ( 'NONE',  ( -4.500000000000000000, 51.75000000000000000, 1.600000000000000089 ) ) ;
#10803 = EDGE_CURVE ( 'NONE', #6810, #2052, #5212, .T. ) ;
#10804 = FACE_BOUND ( 'NONE', #2471, .T. ) ;
#10805 = APPLICATION_PROTOCOL_DEFINITION ( 'draft international standard', 'automotive_design', 1998, #6409 ) ;
#10806 = DIRECTION ( 'NONE',  ( 0.7071067811865450192, 0.7071067811865500152, 0.000000000000000000 ) ) ;
#10807 = FACE_OUTER_BOUND ( 'NONE', #1243, .T. ) ;
#10808 = VECTOR ( 'NONE', #5512, 1000.000000000000000 ) ;
#10809 = ORIENTED_EDGE ( 'NONE', *, *, #11405, .T. ) ;
#10810 = FACE_OUTER_BOUND ( 'NONE', #7354, .T. ) ;
#10811 = ORIENTED_EDGE ( 'NONE', *, *, #7020, .F. ) ;
#10812 = EDGE_CURVE ( 'NONE', #2804, #3831, #2425, .T. ) ;
#10813 = LINE ( 'NONE', #4014, #4135 ) ;
#10814 = ORIENTED_EDGE ( 'NONE', *, *, #6975, .F. ) ;
#10815 = EDGE_LOOP ( 'NONE', ( #8859, #8581, #9442, #10119 ) ) ;
#10816 = CARTESIAN_POINT ( 'NONE',  ( -2.500000000000000000, 36.00000000000000000, 1.600000000000000089 ) ) ;
#10817 = LINE ( 'NONE', #9937, #5763 ) ;
#10818 = ORIENTED_EDGE ( 'NONE', *, *, #10559, .T. ) ;
#10819 = DIRECTION ( 'NONE',  ( 0.000000000000000000, 0.000000000000000000, 1.000000000000000000 ) ) ;
#10820 = LINE ( 'NONE', #1550, #3232 ) ;
#10821 = VECTOR ( 'NONE', #7241, 1000.000000000000000 ) ;
#10822 = CARTESIAN_POINT ( 'NONE',  ( -17.00000000000000000, 51.75000000000000000, 10.09999999999999964 ) ) ;
#10823 = EDGE_CURVE ( 'NONE', #5937, #5262, #8137, .T. ) ;
#10824 = ORIENTED_EDGE ( 'NONE', *, *, #10887, .T. ) ;
#10825 = AXIS2_PLACEMENT_3D ( 'NONE', #8140, #11950, #7215 ) ;
#10826 = EDGE_CURVE ( 'NONE', #1927, #1074, #11190, .T. ) ;
#10827 = LINE ( 'NONE', #1370, #6525 ) ;
#10828 = VERTEX_POINT ( 'NONE', #1611 ) ;
#10829 = ORIENTED_EDGE ( 'NONE', *, *, #902, .F. ) ;
#10830 = EDGE_CURVE ( 'NONE', #8421, #9363, #8378, .T. ) ;
#10831 = CARTESIAN_POINT ( 'NONE',  ( -51.00000000000000000, 37.25000000000000000, 1.600000000000000089 ) ) ;
#10832 = LINE ( 'NONE', #5224, #3163 ) ;
#10833 = LINE ( 'NONE', #11965, #6 ) ;
#10834 = VECTOR ( 'NONE', #11996, 1000.000000000000000 ) ;
#10835 = VECTOR ( 'NONE', #7313, 1000.000000000000000 ) ;
#10836 = EDGE_CURVE ( 'NONE', #8729, #8219, #3452, .T. ) ;
#10837 = FACE_OUTER_BOUND ( 'NONE', #2515, .T. ) ;
#10838 = CARTESIAN_POINT ( 'NONE',  ( -37.25000000000000000, 2.750000000000000000, 1.600000000000000089 ) ) ;
#10839 = CARTESIAN_POINT ( 'NONE',  ( -18.00000000000000000, 51.75000000000000000, 10.09999999999999964 ) ) ;
#10840 = EDGE_LOOP ( 'NONE', ( #964, #3943, #5768, #261, #777, #11564, #7791 ) ) ;
#10841 = AXIS2_PLACEMENT_3D ( 'NONE', #4846, #4663, #1758 ) ;
#10842 = CIRCLE ( 'NONE', #6067, 1.500000000000001332 ) ;
#10843 = DIRECTION ( 'NONE',  ( -1.000000000000000000, 0.000000000000000000, 0.000000000000000000 ) ) ;
#10844 = ORIENTED_EDGE ( 'NONE', *, *, #10314, .T. ) ;
#10845 = ADVANCED_FACE ( 'NONE', ( #2659 ), #11252, .F. ) ;
#10846 = ORIENTED_EDGE ( 'NONE', *, *, #7335, .T. ) ;
#10847 = CARTESIAN_POINT ( 'NONE',  ( -24.25000000000000000, 50.00000000000000000, 10.09999999999999964 ) ) ;
#10848 = CARTESIAN_POINT ( 'NONE',  ( -34.75000000000000000, 1.750000000000000000, 10.09999999999999964 ) ) ;
#10849 = LINE ( 'NONE', #4238, #2858 ) ;
#10850 = CARTESIAN_POINT ( 'NONE',  ( -43.75000000000000000, 50.75000000000000000, 10.09999999999999964 ) ) ;
#10851 = PLANE ( 'NONE',  #8835 ) ;
#10852 = VECTOR ( 'NONE', #9451, 1000.000000000000000 ) ;
#10853 = VECTOR ( 'NONE', #5818, 1000.000000000000000 ) ;
#10854 = DIRECTION ( 'NONE',  ( 0.000000000000000000, 0.000000000000000000, -1.000000000000000000 ) ) ;
#10855 = EDGE_CURVE ( 'NONE', #3238, #5506, #6454, .T. ) ;
#10856 = DIRECTION ( 'NONE',  ( 1.000000000000000000, 0.000000000000000000, 0.000000000000000000 ) ) ;
#10857 = EDGE_CURVE ( 'NONE', #1092, #7193, #11003, .T. ) ;
#10858 = EDGE_LOOP ( 'NONE', ( #6998, #1155, #3705, #11736 ) ) ;
#10859 = ORIENTED_EDGE ( 'NONE', *, *, #3281, .F. ) ;
#10860 = ORIENTED_EDGE ( 'NONE', *, *, #4088, .T. ) ;
#10861 = CARTESIAN_POINT ( 'NONE',  ( -2.500000000000000000, 36.00000000000000000, 1.600000000000000089 ) ) ;
#10862 = FACE_OUTER_BOUND ( 'NONE', #309, .T. ) ;
#10863 = EDGE_LOOP ( 'NONE', ( #11228, #8714, #7945, #7634 ) ) ;
#10864 = VERTEX_POINT ( 'NONE', #5270 ) ;
#10865 = CARTESIAN_POINT ( 'NONE',  ( 0.000000000000000000, 0.000000000000000000, 4.599999999999999645 ) ) ;
#10866 = DIRECTION ( 'NONE',  ( 1.000000000000000000, 0.000000000000000000, 0.000000000000000000 ) ) ;
#10867 = LINE ( 'NONE', #4436, #3767 ) ;
#10868 = CARTESIAN_POINT ( 'NONE',  ( -39.75000000000000000, 18.30000000000000071, 13.00000000000000000 ) ) ;
#10869 = LINE ( 'NONE', #1476, #506 ) ;
#10870 = ADVANCED_FACE ( 'NONE', ( #11122, #9190 ), #12197, .T. ) ;
#10871 = EDGE_CURVE ( 'NONE', #1326, #6229, #4574, .T. ) ;
#10872 = EDGE_CURVE ( 'NONE', #7104, #372, #7327, .T. ) ;
#10873 = DIRECTION ( 'NONE',  ( 1.000000000000000000, 0.000000000000000000, 0.000000000000000000 ) ) ;
#10874 = VERTEX_POINT ( 'NONE', #552 ) ;
#10875 = ORIENTED_EDGE ( 'NONE', *, *, #6073, .F. ) ;
#10876 = DIRECTION ( 'NONE',  ( 0.000000000000000000, 0.000000000000000000, -1.000000000000000000 ) ) ;
#10877 = ORIENTED_EDGE ( 'NONE', *, *, #935, .F. ) ;
#10878 = EDGE_CURVE ( 'NONE', #8196, #3317, #5450, .T. ) ;
#10879 = DIRECTION ( 'NONE',  ( 0.000000000000000000, 0.000000000000000000, 1.000000000000000000 ) ) ;
#10880 = ORIENTED_EDGE ( 'NONE', *, *, #3626, .F. ) ;
#10881 = ORIENTED_EDGE ( 'NONE', *, *, #6878, .T. ) ;
#10882 = CARTESIAN_POINT ( 'NONE',  ( -2.250000000000000000, 32.00000000000000000, 1.600000000000000089 ) ) ;
#10883 = LINE ( 'NONE', #5019, #8752 ) ;
#10884 = VERTEX_POINT ( 'NONE', #615 ) ;
#10885 = FACE_OUTER_BOUND ( 'NONE', #8938, .T. ) ;
#10886 = DIRECTION ( 'NONE',  ( -1.000000000000000000, 0.000000000000000000, 0.000000000000000000 ) ) ;
#10887 = EDGE_CURVE ( 'NONE', #2875, #1480, #7448, .T. ) ;
#10888 = CARTESIAN_POINT ( 'NONE',  ( -74.75000000000000000, 33.70000000000000284, 9.799999999999998934 ) ) ;
#10889 = EDGE_LOOP ( 'NONE', ( #8569, #3512, #1201, #7563 ) ) ;
#10890 = DIRECTION ( 'NONE',  ( 0.000000000000000000, 0.000000000000000000, -1.000000000000000000 ) ) ;
#10891 = CARTESIAN_POINT ( 'NONE',  ( -47.25000000000000000, 49.00000000000000000, 4.599999999999999645 ) ) ;
#10892 = ORIENTED_EDGE ( 'NONE', *, *, #11605, .T. ) ;
#10893 = LINE ( 'NONE', #3289, #12144 ) ;
#10894 = LINE ( 'NONE', #6097, #4423 ) ;
#10895 = PLANE ( 'NONE',  #9322 ) ;
#10896 = ADVANCED_FACE ( 'NONE', ( #675 ), #10305, .F. ) ;
#10897 = DIRECTION ( 'NONE',  ( 0.7071067811865500152, 0.7071067811865450192, 0.000000000000000000 ) ) ;
#10898 = CARTESIAN_POINT ( 'NONE',  ( -38.75000000000000000, 51.75000000000000000, 10.09999999999999964 ) ) ;
#10899 = CIRCLE ( 'NONE', #1360, 3.125000000000000000 ) ;
#10900 = CARTESIAN_POINT ( 'NONE',  ( -58.50000000000000000, 32.00000000000000000, 12.59999999999999964 ) ) ;
#10901 = CARTESIAN_POINT ( 'NONE',  ( -75.00000000000000000, 42.54999999999999716, 9.696446609406731199 ) ) ;
#10902 = ORIENTED_EDGE ( 'NONE', *, *, #2381, .T. ) ;
#10903 = VECTOR ( 'NONE', #11281, 1000.000000000000000 ) ;
#10904 = VERTEX_POINT ( 'NONE', #2602 ) ;
#10905 = ORIENTED_EDGE ( 'NONE', *, *, #12153, .F. ) ;
#10906 = ORIENTED_EDGE ( 'NONE', *, *, #1637, .F. ) ;
#10907 = CARTESIAN_POINT ( 'NONE',  ( -47.25000000000000000, 49.00000000000000000, 1.600000000000000089 ) ) ;
#10908 = DIRECTION ( 'NONE',  ( 0.000000000000000000, 1.000000000000000000, 0.000000000000000000 ) ) ;
#10909 = CARTESIAN_POINT ( 'NONE',  ( -24.25000000000000000, 52.50000000000000000, 1.600000000000000089 ) ) ;
#10910 = DIRECTION ( 'NONE',  ( -1.000000000000000000, 0.000000000000000000, 0.000000000000000000 ) ) ;
#10911 = LINE ( 'NONE', #2388, #1507 ) ;
#10912 = ORIENTED_EDGE ( 'NONE', *, *, #3069, .F. ) ;
#10913 = VECTOR ( 'NONE', #3904, 1000.000000000000000 ) ;
#10914 = EDGE_CURVE ( 'NONE', #8281, #9622, #5979, .T. ) ;
#10915 = DIRECTION ( 'NONE',  ( 0.000000000000000000, 0.000000000000000000, -1.000000000000000000 ) ) ;
#10916 = DIRECTION ( 'NONE',  ( -0.000000000000000000, 1.000000000000000000, -0.000000000000000000 ) ) ;
#10917 = VERTEX_POINT ( 'NONE', #10183 ) ;
#10918 = EDGE_CURVE ( 'NONE', #4137, #3085, #4509, .T. ) ;
#10919 = VECTOR ( 'NONE', #1651, 1000.000000000000000 ) ;
#10920 = VERTEX_POINT ( 'NONE', #9305 ) ;
#10921 = ORIENTED_EDGE ( 'NONE', *, *, #1295, .F. ) ;
#10922 = DIRECTION ( 'NONE',  ( 0.000000000000000000, 0.000000000000000000, -1.000000000000000000 ) ) ;
#10923 = DIRECTION ( 'NONE',  ( 0.000000000000000000, 1.000000000000000000, 0.000000000000000000 ) ) ;
#10924 = VECTOR ( 'NONE', #49, 1000.000000000000000 ) ;
#10925 = ORIENTED_EDGE ( 'NONE', *, *, #2381, .F. ) ;
#10926 = CARTESIAN_POINT ( 'NONE',  ( -0.7500000000000000000, 7.500000000000000000, 0.000000000000000000 ) ) ;
#10927 = DIRECTION ( 'NONE',  ( 1.000000000000000000, -0.000000000000000000, -0.000000000000000000 ) ) ;
#10928 = LINE ( 'NONE', #1475, #212 ) ;
#10929 = DIRECTION ( 'NONE',  ( 0.000000000000000000, -1.000000000000000000, 0.000000000000000000 ) ) ;
#10930 = VECTOR ( 'NONE', #941, 1000.000000000000000 ) ;
#10931 = CARTESIAN_POINT ( 'NONE',  ( -19.00000000000000000, 3.500000000000000000, 1.600000000000000089 ) ) ;
#10932 = ORIENTED_EDGE ( 'NONE', *, *, #5183, .T. ) ;
#10933 = VECTOR ( 'NONE', #912, 1000.000000000000000 ) ;
#10934 = FACE_OUTER_BOUND ( 'NONE', #3815, .T. ) ;
#10935 = EDGE_LOOP ( 'NONE', ( #10387, #10781, #7459 ) ) ;
#10936 = PLANE ( 'NONE',  #2174 ) ;
#10937 = ORIENTED_EDGE ( 'NONE', *, *, #12279, .F. ) ;
#10938 = ORIENTED_EDGE ( 'NONE', *, *, #10324, .F. ) ;
#10939 = LINE ( 'NONE', #10180, #4552 ) ;
#10940 = DIRECTION ( 'NONE',  ( 0.000000000000000000, 0.000000000000000000, 1.000000000000000000 ) ) ;
#10941 = VECTOR ( 'NONE', #11505, 1000.000000000000000 ) ;
#10942 = ORIENTED_EDGE ( 'NONE', *, *, #2898, .T. ) ;
#10943 = DIRECTION ( 'NONE',  ( 0.000000000000000000, 0.000000000000000000, -1.000000000000000000 ) ) ;
#10944 = CARTESIAN_POINT ( 'NONE',  ( -41.25000000000000000, 50.75000000000000000, 10.09999999999999964 ) ) ;
#10945 = VECTOR ( 'NONE', #9781, 1000.000000000000000 ) ;
#10946 = AXIS2_PLACEMENT_3D ( 'NONE', #6245, #9171, #11987 ) ;
#10947 = ADVANCED_FACE ( 'NONE', ( #7271 ), #4452, .T. ) ;
#10948 = DIRECTION ( 'NONE',  ( 1.000000000000000000, 0.000000000000000000, 0.000000000000000000 ) ) ;
#10949 = VECTOR ( 'NONE', #329, 1000.000000000000000 ) ;
#10950 = ORIENTED_EDGE ( 'NONE', *, *, #5835, .T. ) ;
#10951 = VECTOR ( 'NONE', #7969, 1000.000000000000000 ) ;
#10952 = VECTOR ( 'NONE', #11386, 1000.000000000000000 ) ;
#10953 = LINE ( 'NONE', #7279, #783 ) ;
#10954 = CARTESIAN_POINT ( 'NONE',  ( -19.50000000000000000, 50.75000000000000000, 1.600000000000000089 ) ) ;
#10955 = ADVANCED_FACE ( 'NONE', ( #7752 ), #9488, .T. ) ;
#10956 = ORIENTED_EDGE ( 'NONE', *, *, #2653, .T. ) ;
#10957 = CARTESIAN_POINT ( 'NONE',  ( 0.000000000000000000, 0.000000000000000000, 10.09999999999999964 ) ) ;
#10958 = CARTESIAN_POINT ( 'NONE',  ( -65.50000000000000000, 52.50000000000000000, 3.850000000000000089 ) ) ;
#10959 = VECTOR ( 'NONE', #10301, 1000.000000000000000 ) ;
#10960 = LINE ( 'NONE', #2435, #6941 ) ;
#10961 = DIRECTION ( 'NONE',  ( 0.000000000000000000, 0.000000000000000000, -1.000000000000000000 ) ) ;
#10962 = AXIS2_PLACEMENT_3D ( 'NONE', #8801, #5063, #7997 ) ;
#10963 = DIRECTION ( 'NONE',  ( 0.000000000000000000, 0.000000000000000000, 1.000000000000000000 ) ) ;
#10964 = CARTESIAN_POINT ( 'NONE',  ( -74.75000000000000000, 34.95000000000000284, 11.40355339059328088 ) ) ;
#10965 = PLANE ( 'NONE',  #10497 ) ;
#10966 = EDGE_CURVE ( 'NONE', #7340, #157, #4876, .T. ) ;
#10967 = ORIENTED_EDGE ( 'NONE', *, *, #9457, .T. ) ;
#10968 = ORIENTED_EDGE ( 'NONE', *, *, #607, .T. ) ;
#10969 = ORIENTED_EDGE ( 'NONE', *, *, #6855, .T. ) ;
#10970 = LINE ( 'NONE', #2444, #8139 ) ;
#10971 = CARTESIAN_POINT ( 'NONE',  ( -36.25000000000000000, 51.75000000000000000, 10.09999999999999964 ) ) ;
#10972 = CARTESIAN_POINT ( 'NONE',  ( -7.150000000000000355, 2.750000000000000000, 10.09999999999999964 ) ) ;
#10973 = DIRECTION ( 'NONE',  ( -1.000000000000000000, 0.000000000000000000, 0.000000000000000000 ) ) ;
#10974 = FACE_OUTER_BOUND ( 'NONE', #8188, .T. ) ;
#10975 = CARTESIAN_POINT ( 'NONE',  ( -59.00000000000000000, 14.50000000000000000, 3.350000000000000089 ) ) ;
#10976 = DIRECTION ( 'NONE',  ( 0.000000000000000000, 0.000000000000000000, 1.000000000000000000 ) ) ;
#10977 = ADVANCED_FACE ( 'NONE', ( #7504 ), #5813, .F. ) ;
#10978 = VERTEX_POINT ( 'NONE', #8436 ) ;
#10979 = EDGE_LOOP ( 'NONE', ( #10126, #10222, #9836, #2442 ) ) ;
#10980 = ORIENTED_EDGE ( 'NONE', *, *, #1063, .F. ) ;
#10981 = CARTESIAN_POINT ( 'NONE',  ( -47.25000000000000000, 51.75000000000000000, 10.09999999999999964 ) ) ;
#10982 = LINE ( 'NONE', #2457, #7017 ) ;
#10983 = ADVANCED_FACE ( 'NONE', ( #3757 ), #1962, .F. ) ;
#10984 = ORIENTED_EDGE ( 'NONE', *, *, #2041, .F. ) ;
#10985 = CARTESIAN_POINT ( 'NONE',  ( -33.75000000000000000, 50.75000000000000000, 1.600000000000000089 ) ) ;
#10987 = EDGE_CURVE ( 'NONE', #2217, #9035, #11373, .T. ) ;
#10986 = DIRECTION ( 'NONE',  ( 0.000000000000000000, 0.000000000000000000, -1.000000000000000000 ) ) ;
#10988 = VECTOR ( 'NONE', #2517, 1000.000000000000000 ) ;
#10989 = DIRECTION ( 'NONE',  ( 0.000000000000000000, 0.000000000000000000, -1.000000000000000000 ) ) ;
#10990 = CARTESIAN_POINT ( 'NONE',  ( -21.00000000000000000, 3.500000000000000000, 10.09999999999999964 ) ) ;
#10991 = EDGE_CURVE ( 'NONE', #3401, #11282, #2031, .T. ) ;
#10992 = LINE ( 'NONE', #1539, #4849 ) ;
#10993 = ORIENTED_EDGE ( 'NONE', *, *, #7060, .F. ) ;
#10994 = CARTESIAN_POINT ( 'NONE',  ( -2.899999999999999911, 28.60000000000000142, 10.59999999999999964 ) ) ;
#10995 = ORIENTED_EDGE ( 'NONE', *, *, #4524, .T. ) ;
#10996 = VECTOR ( 'NONE', #4210, 1000.000000000000000 ) ;
#10997 = CARTESIAN_POINT ( 'NONE',  ( 0.000000000000000000, 5.000000000000000000, 0.000000000000000000 ) ) ;
#10998 = EDGE_LOOP ( 'NONE', ( #7666, #6856, #4682, #6564 ) ) ;
#10999 = ORIENTED_EDGE ( 'NONE', *, *, #9908, .T. ) ;
#11000 = DIRECTION ( 'NONE',  ( 0.000000000000000000, 1.000000000000000000, 0.000000000000000000 ) ) ;
#11001 = PLANE ( 'NONE',  #7578 ) ;
#11002 = EDGE_LOOP ( 'NONE', ( #10477, #1303, #5778, #12016 ) ) ;
#11003 = LINE ( 'NONE', #6511, #9544 ) ;
#11004 = CARTESIAN_POINT ( 'NONE',  ( -2.200000000000000178, 25.50000000000000000, 10.59999999999999964 ) ) ;
#11005 = CARTESIAN_POINT ( 'NONE',  ( -45.25000000000000000, 23.75000000000000000, 1.600000000000000089 ) ) ;
#11006 = CIRCLE ( 'NONE', #8406, 0.2500000000000002220 ) ;
#11007 = DIRECTION ( 'NONE',  ( 0.000000000000000000, 0.000000000000000000, 1.000000000000000000 ) ) ;
#11008 = ORIENTED_EDGE ( 'NONE', *, *, #9515, .T. ) ;
#11009 = EDGE_CURVE ( 'NONE', #4952, #1646, #2809, .T. ) ;
#11010 = DIRECTION ( 'NONE',  ( 0.000000000000000000, 0.000000000000000000, -1.000000000000000000 ) ) ;
#11011 = FACE_OUTER_BOUND ( 'NONE', #12176, .T. ) ;
#11012 = VECTOR ( 'NONE', #3008, 1000.000000000000000 ) ;
#11013 = CARTESIAN_POINT ( 'NONE',  ( -2.200000000000000178, 25.50000000000000000, 10.59999999999999964 ) ) ;
#11014 = DIRECTION ( 'NONE',  ( 0.000000000000000000, 1.000000000000000000, 0.000000000000000000 ) ) ;
#11015 = DIRECTION ( 'NONE',  ( 0.000000000000000000, 0.000000000000000000, -1.000000000000000000 ) ) ;
#11016 = FACE_OUTER_BOUND ( 'NONE', #9229, .T. ) ;
#11017 = CARTESIAN_POINT ( 'NONE',  ( -28.75000000000000000, 50.75000000000000000, 10.09999999999999964 ) ) ;
#11018 = ADVANCED_FACE ( 'NONE', ( #11434 ), #2900, .F. ) ;
#11019 = EDGE_CURVE ( 'NONE', #9119, #3238, #7688, .T. ) ;
#11020 = VECTOR ( 'NONE', #8466, 1000.000000000000000 ) ;
#11021 = ADVANCED_FACE ( 'NONE', ( #158 ), #1099, .T. ) ;
#11022 = CARTESIAN_POINT ( 'NONE',  ( -3.250000000000000000, 52.50000000000000000, 10.09999999999999964 ) ) ;
#11023 = VERTEX_POINT ( 'NONE', #856 ) ;
#11024 = CARTESIAN_POINT ( 'NONE',  ( -53.50000000000000000, 51.00000000000000000, 0.000000000000000000 ) ) ;
#11025 = ORIENTED_EDGE ( 'NONE', *, *, #7541, .F. ) ;
#11026 = ORIENTED_EDGE ( 'NONE', *, *, #9321, .F. ) ;
#11027 = EDGE_CURVE ( 'NONE', #11598, #3928, #11155, .T. ) ;
#11028 = ORIENTED_EDGE ( 'NONE', *, *, #2256, .T. ) ;
#11029 = ORIENTED_EDGE ( 'NONE', *, *, #2946, .F. ) ;
#11030 = VECTOR ( 'NONE', #3763, 1000.000000000000000 ) ;
#11031 = AXIS2_PLACEMENT_3D ( 'NONE', #2264, #6049, #9847 ) ;
#11032 = CARTESIAN_POINT ( 'NONE',  ( -57.50000000000000000, 3.500000000000000000, 7.599999999999999645 ) ) ;
#11033 = FACE_BOUND ( 'NONE', #2317, .T. ) ;
#11034 = CARTESIAN_POINT ( 'NONE',  ( -75.00000000000000000, 42.90355339059325246, 10.05000000000000071 ) ) ;
#11035 = PLANE ( 'NONE',  #5571 ) ;
#11036 = DIRECTION ( 'NONE',  ( -0.7071067811865470176, -0.7071067811865480168, 0.000000000000000000 ) ) ;
#11037 = ADVANCED_FACE ( 'NONE', ( #6631 ), #1784, .F. ) ;
#11038 = LINE ( 'NONE', #10033, #12044 ) ;
#11039 = VECTOR ( 'NONE', #5300, 1000.000000000000000 ) ;
#11040 = AXIS2_PLACEMENT_3D ( 'NONE', #1191, #11843, #3295 ) ;
#11041 = PLANE ( 'NONE',  #5915 ) ;
#11042 = VERTEX_POINT ( 'NONE', #6818 ) ;
#11043 = ORIENTED_EDGE ( 'NONE', *, *, #8813, .F. ) ;
#11044 = ORIENTED_EDGE ( 'NONE', *, *, #4088, .F. ) ;
#11045 = DIRECTION ( 'NONE',  ( 0.000000000000000000, 0.000000000000000000, 1.000000000000000000 ) ) ;
#11046 = PLANE ( 'NONE',  #11796 ) ;
#11047 = EDGE_LOOP ( 'NONE', ( #9300, #7834, #11529, #5727 ) ) ;
#11048 = PLANE ( 'NONE',  #9359 ) ;
#11049 = CARTESIAN_POINT ( 'NONE',  ( -40.75000000000000000, 1.750000000000000000, 10.09999999999999964 ) ) ;
#11050 = VECTOR ( 'NONE', #8005, 1000.000000000000000 ) ;
#11051 = CIRCLE ( 'NONE', #5665, 1.750000000000001554 ) ;
#11052 = CARTESIAN_POINT ( 'NONE',  ( -66.00000000000000000, 42.72677669529665678, 9.873223304703358849 ) ) ;
#11053 = LINE ( 'NONE', #6378, #6254 ) ;
#11054 = ADVANCED_FACE ( 'NONE', ( #9370 ), #11306, .F. ) ;
#11055 = DIRECTION ( 'NONE',  ( -0.7071067811865500152, -0.7071067811865450192, 0.000000000000000000 ) ) ;
#11056 = VERTEX_POINT ( 'NONE', #5629 ) ;
#11057 = CARTESIAN_POINT ( 'NONE',  ( -49.64999999999999858, 48.00000000000000000, 10.59999999999999964 ) ) ;
#11058 = ORIENTED_EDGE ( 'NONE', *, *, #4819, .T. ) ;
#11059 = DIRECTION ( 'NONE',  ( -1.000000000000000000, 0.000000000000000000, 0.000000000000000000 ) ) ;
#11060 = ORIENTED_EDGE ( 'NONE', *, *, #6181, .T. ) ;
#11061 = ORIENTED_EDGE ( 'NONE', *, *, #9749, .T. ) ;
#11062 = DIRECTION ( 'NONE',  ( 1.000000000000000000, 0.000000000000000000, 0.000000000000000000 ) ) ;
#11063 = CARTESIAN_POINT ( 'NONE',  ( -74.75000000000000000, 42.54999999999999716, 3.299999999999999822 ) ) ;
#11064 = ORIENTED_EDGE ( 'NONE', *, *, #5868, .T. ) ;
#11065 = CARTESIAN_POINT ( 'NONE',  ( -24.75000000000000000, 2.750000000000000000, 10.09999999999999964 ) ) ;
#11066 = DIRECTION ( 'NONE',  ( 0.000000000000000000, 1.000000000000000000, 0.000000000000000000 ) ) ;
#11067 = ORIENTED_EDGE ( 'NONE', *, *, #3848, .T. ) ;
#11068 = PLANE ( 'NONE',  #12027 ) ;
#11069 = CARTESIAN_POINT ( 'NONE',  ( -55.00000000000000000, 2.500000000000000000, 0.000000000000000000 ) ) ;
#11070 = ADVANCED_FACE ( 'NONE', ( #10369 ), #6691, .T. ) ;
#11071 = VERTEX_POINT ( 'NONE', #4815 ) ;
#11072 = PLANE ( 'NONE',  #11705 ) ;
#11073 = DIRECTION ( 'NONE',  ( -1.000000000000000000, 0.000000000000000000, 0.000000000000000000 ) ) ;
#11074 = EDGE_CURVE ( 'NONE', #8082, #4137, #8740, .T. ) ;
#11075 = DIRECTION ( 'NONE',  ( 1.000000000000000000, 0.000000000000000000, 0.000000000000000000 ) ) ;
#11076 = LINE ( 'NONE', #7035, #9600 ) ;
#11077 = FACE_OUTER_BOUND ( 'NONE', #9295, .T. ) ;
#11078 = CYLINDRICAL_SURFACE ( 'NONE', #9951, 0.2500000000000002220 ) ;
#11079 = EDGE_CURVE ( 'NONE', #6739, #2711, #9799, .T. ) ;
#11080 = PLANE ( 'NONE',  #913 ) ;
#11081 = DIRECTION ( 'NONE',  ( 0.000000000000000000, -1.000000000000000000, 0.000000000000000000 ) ) ;
#11082 = EDGE_LOOP ( 'NONE', ( #7910, #10667, #10277, #9009 ) ) ;
#11083 = DIRECTION ( 'NONE',  ( 0.000000000000000000, 0.000000000000000000, -1.000000000000000000 ) ) ;
#11084 = VERTEX_POINT ( 'NONE', #2336 ) ;
#11085 = ORIENTED_EDGE ( 'NONE', *, *, #10633, .F. ) ;
#11086 = ORIENTED_EDGE ( 'NONE', *, *, #7371, .F. ) ;
#11087 = ORIENTED_EDGE ( 'NONE', *, *, #1869, .F. ) ;
#11088 = AXIS2_PLACEMENT_3D ( 'NONE', #10461, #12227, #3672 ) ;
#11089 = CARTESIAN_POINT ( 'NONE',  ( -66.00000000000000000, 40.94644660940669922, 11.29999999999999893 ) ) ;
#11090 = ADVANCED_FACE ( 'NONE', ( #3318 ), #7872, .F. ) ;
#11091 = DIRECTION ( 'NONE',  ( 0.000000000000000000, 1.000000000000000000, 0.000000000000000000 ) ) ;
#11092 = PLANE ( 'NONE',  #11610 ) ;
#11093 = CARTESIAN_POINT ( 'NONE',  ( -74.75000000000000000, 44.50000000000000000, 12.34999999999999964 ) ) ;
#11094 = CARTESIAN_POINT ( 'NONE',  ( -74.75000000000000000, 43.04999999999999716, 9.799999999999998934 ) ) ;
#11095 = ADVANCED_FACE ( 'NONE', ( #1283, #11869 ), #4189, .T. ) ;
#11096 = CARTESIAN_POINT ( 'NONE',  ( -7.150000000000000355, 1.750000000000000000, 10.09999999999999964 ) ) ;
#11097 = AXIS2_PLACEMENT_3D ( 'NONE', #4595, #9389, #8394 ) ;
#11098 = DIRECTION ( 'NONE',  ( 0.000000000000000000, 0.000000000000000000, -1.000000000000000000 ) ) ;
#11099 = EDGE_LOOP ( 'NONE', ( #7171, #4213, #442, #8633 ) ) ;
#11100 = ORIENTED_EDGE ( 'NONE', *, *, #4196, .T. ) ;
#11101 = VERTEX_POINT ( 'NONE', #7007 ) ;
#11102 = CARTESIAN_POINT ( 'NONE',  ( -60.75000000000000000, 49.25000000000000000, 3.850000000000000089 ) ) ;
#11103 = CARTESIAN_POINT ( 'NONE',  ( -52.75000000000000000, 49.00000000000000000, 1.600000000000000089 ) ) ;
#11104 = EDGE_CURVE ( 'NONE', #7962, #6682, #6775, .T. ) ;
#11105 = DIRECTION ( 'NONE',  ( -1.000000000000000000, 0.000000000000000000, 0.000000000000000000 ) ) ;
#11106 = DIRECTION ( 'NONE',  ( 0.000000000000000000, 0.000000000000000000, -1.000000000000000000 ) ) ;
#11107 = DIRECTION ( 'NONE',  ( -1.000000000000000000, 0.000000000000000000, 0.000000000000000000 ) ) ;
#11108 = DIRECTION ( 'NONE',  ( 1.000000000000000000, 0.000000000000000000, 0.000000000000000000 ) ) ;
#11109 = AXIS2_PLACEMENT_3D ( 'NONE', #3087, #3893, #10879 ) ;
#11110 = DIRECTION ( 'NONE',  ( 0.000000000000000000, -1.000000000000000000, 0.000000000000000000 ) ) ;
#11111 = CARTESIAN_POINT ( 'NONE',  ( -2.500000000000000000, 36.00000000000000000, 1.600000000000000089 ) ) ;
#11112 = ORIENTED_EDGE ( 'NONE', *, *, #2845, .T. ) ;
#11113 = VECTOR ( 'NONE', #1714, 1000.000000000000000 ) ;
#11114 = CARTESIAN_POINT ( 'NONE',  ( 0.000000000000000000, 5.000000000000000000, 1.600000000000000089 ) ) ;
#11115 = ORIENTED_EDGE ( 'NONE', *, *, #4395, .F. ) ;
#11116 = AXIS2_PLACEMENT_3D ( 'NONE', #11880, #4318, #11059 ) ;
#11117 = ORIENTED_EDGE ( 'NONE', *, *, #10235, .T. ) ;
#11118 = ORIENTED_EDGE ( 'NONE', *, *, #2533, .F. ) ;
#11119 = DIRECTION ( 'NONE',  ( -1.000000000000000000, 0.000000000000000000, 0.000000000000000000 ) ) ;
#11120 = CARTESIAN_POINT ( 'NONE',  ( -50.35000000000000142, 48.00000000000000000, 10.59999999999999964 ) ) ;
#11121 = ORIENTED_EDGE ( 'NONE', *, *, #11947, .F. ) ;
#11122 = FACE_OUTER_BOUND ( 'NONE', #5231, .T. ) ;
#11123 = CARTESIAN_POINT ( 'NONE',  ( -47.25000000000000000, 48.00000000000000000, 4.599999999999999645 ) ) ;
#11124 = AXIS2_PLACEMENT_3D ( 'NONE', #5589, #7227, #1802 ) ;
#11125 = DIRECTION ( 'NONE',  ( 1.000000000000000000, 0.000000000000000000, 0.000000000000000000 ) ) ;
#11126 = VECTOR ( 'NONE', #6519, 1000.000000000000000 ) ;
#11127 = CARTESIAN_POINT ( 'NONE',  ( -38.75000000000000000, 50.75000000000000000, 1.600000000000000089 ) ) ;
#11128 = VERTEX_POINT ( 'NONE', #11740 ) ;
#11129 = VERTEX_POINT ( 'NONE', #3201 ) ;
#11130 = CARTESIAN_POINT ( 'NONE',  ( -46.25000000000000000, 48.00000000000000000, 4.599999999999999645 ) ) ;
#11131 = VECTOR ( 'NONE', #6003, 1000.000000000000000 ) ;
#11132 = VECTOR ( 'NONE', #2084, 1000.000000000000000 ) ;
#11133 = DIRECTION ( 'NONE',  ( -1.000000000000000000, 0.000000000000000000, 0.000000000000000000 ) ) ;
#11134 = VECTOR ( 'NONE', #10908, 1000.000000000000000 ) ;
#11135 = VECTOR ( 'NONE', #1531, 1000.000000000000000 ) ;
#11136 = ORIENTED_EDGE ( 'NONE', *, *, #599, .F. ) ;
#11137 = CARTESIAN_POINT ( 'NONE',  ( -6.250000000000000000, 31.00000000000000000, 4.599999999999999645 ) ) ;
#11138 = DIRECTION ( 'NONE',  ( 0.000000000000000000, 0.000000000000000000, -1.000000000000000000 ) ) ;
#11139 = EDGE_CURVE ( 'NONE', #258, #2952, #11808, .T. ) ;
#11140 = CARTESIAN_POINT ( 'NONE',  ( -3.750000000000000000, 21.50000000000000000, 9.599999999999999645 ) ) ;
#11141 = DIRECTION ( 'NONE',  ( 1.000000000000000000, 0.000000000000000000, 0.000000000000000000 ) ) ;
#11142 = DIRECTION ( 'NONE',  ( -1.000000000000000000, 0.000000000000000000, 0.000000000000000000 ) ) ;
#11143 = AXIS2_PLACEMENT_3D ( 'NONE', #2487, #9017, #3403 ) ;
#11144 = CIRCLE ( 'NONE', #6572, 1.750000000000000000 ) ;
#11145 = EDGE_CURVE ( 'NONE', #7414, #10767, #2277, .T. ) ;
#11146 = VECTOR ( 'NONE', #5329, 1000.000000000000000 ) ;
#11147 = DIRECTION ( 'NONE',  ( 0.000000000000000000, -1.000000000000000000, 0.000000000000000000 ) ) ;
#11148 = ORIENTED_EDGE ( 'NONE', *, *, #11471, .T. ) ;
#11149 = LINE ( 'NONE', #9272, #3139 ) ;
#11150 = ORIENTED_EDGE ( 'NONE', *, *, #4958, .T. ) ;
#11151 = VERTEX_POINT ( 'NONE', #343 ) ;
#11152 = VECTOR ( 'NONE', #11489, 1000.000000000000000 ) ;
#11153 = VERTEX_POINT ( 'NONE', #8991 ) ;
#11154 = VECTOR ( 'NONE', #10676, 1000.000000000000000 ) ;
#11155 = CIRCLE ( 'NONE', #10159, 2.250000000000001776 ) ;
#11156 =( BOUNDED_CURVE ( )  B_SPLINE_CURVE ( 3, ( #5630, #7328, #2717, #676 ),
 .UNSPECIFIED., .F., .F. ) 
 B_SPLINE_CURVE_WITH_KNOTS ( ( 4, 4 ),
 ( 4.712388980384753623, 5.497787143782089103 ),
 .UNSPECIFIED. ) 
 CURVE ( )  GEOMETRIC_REPRESENTATION_ITEM ( )  RATIONAL_B_SPLINE_CURVE ( ( 1.000000000000000000, 0.9492530216742054439, 0.9492530216742054439, 1.000000000000000000 ) ) 
 REPRESENTATION_ITEM ( '' )  );
#11157 = LINE ( 'NONE', #6533, #6740 ) ;
#11158 = DIRECTION ( 'NONE',  ( 0.000000000000000000, 0.000000000000000000, -1.000000000000000000 ) ) ;
#11159 = CARTESIAN_POINT ( 'NONE',  ( -5.250000000000000000, 30.30000000000000071, 10.59999999999999964 ) ) ;
#11160 = CARTESIAN_POINT ( 'NONE',  ( -52.75000000000000000, 26.00000000000000000, 1.600000000000000089 ) ) ;
#11161 = CARTESIAN_POINT ( 'NONE',  ( -56.50000000000000000, 14.75000000000000000, 2.600000000000000089 ) ) ;
#11162 = ADVANCED_FACE ( 'NONE', ( #4124 ), #3136, .F. ) ;
#11163 = ORIENTED_EDGE ( 'NONE', *, *, #2098, .F. ) ;
#11164 = CARTESIAN_POINT ( 'NONE',  ( -26.25000000000000000, 51.75000000000000000, 10.09999999999999964 ) ) ;
#11165 = EDGE_CURVE ( 'NONE', #6350, #31, #1407, .T. ) ;
#11166 = VECTOR ( 'NONE', #10470, 1000.000000000000000 ) ;
#11167 = CARTESIAN_POINT ( 'NONE',  ( -59.00000000000000000, 46.00000000000000000, 3.850000000000000089 ) ) ;
#11168 = ORIENTED_EDGE ( 'NONE', *, *, #10235, .F. ) ;
#11169 = ORIENTED_EDGE ( 'NONE', *, *, #560, .F. ) ;
#11170 = VERTEX_POINT ( 'NONE', #9860 ) ;
#11171 = CARTESIAN_POINT ( 'NONE',  ( 0.000000000000000000, 0.000000000000000000, 10.59999999999999964 ) ) ;
#11172 = LINE ( 'NONE', #719, #1846 ) ;
#11173 = DIRECTION ( 'NONE',  ( 1.000000000000000000, 0.000000000000000000, 0.000000000000000000 ) ) ;
#11174 = DIRECTION ( 'NONE',  ( 1.000000000000000000, 0.000000000000000000, 0.000000000000000000 ) ) ;
#11175 = DIRECTION ( 'NONE',  ( 0.000000000000000000, 0.000000000000000000, -1.000000000000000000 ) ) ;
#11176 = CARTESIAN_POINT ( 'NONE',  ( -22.00000000000000000, 51.75000000000000000, 1.600000000000000089 ) ) ;
#11177 = CARTESIAN_POINT ( 'NONE',  ( -3.250000000000000000, 52.50000000000000000, 1.600000000000000089 ) ) ;
#11178 = LINE ( 'NONE', #3384, #5646 ) ;
#11179 = EDGE_CURVE ( 'NONE', #8385, #8429, #2218, .T. ) ;
#11180 = ORIENTED_EDGE ( 'NONE', *, *, #7865, .F. ) ;
#11181 = ADVANCED_FACE ( 'NONE', ( #5124, #4065, #473, #3255, #5881, #4254, #8058 ), #7068, .F. ) ;
#11182 = DIRECTION ( 'NONE',  ( 1.000000000000000000, 0.000000000000000000, 0.000000000000000000 ) ) ;
#11183 = EDGE_LOOP ( 'NONE', ( #2333, #12064, #8585, #10969 ) ) ;
#11184 = ORIENTED_EDGE ( 'NONE', *, *, #2450, .T. ) ;
#11185 = ORIENTED_EDGE ( 'NONE', *, *, #3300, .T. ) ;
#11186 = LINE ( 'NONE', #2598, #5156 ) ;
#11187 = DIRECTION ( 'NONE',  ( 0.000000000000000000, 0.000000000000000000, -1.000000000000000000 ) ) ;
#11188 = EDGE_CURVE ( 'NONE', #4264, #3509, #225, .T. ) ;
#11189 = ORIENTED_EDGE ( 'NONE', *, *, #489, .F. ) ;
#11190 = LINE ( 'NONE', #6327, #8563 ) ;
#11191 = LINE ( 'NONE', #2536, #4625 ) ;
#11192 = PLANE ( 'NONE',  #1691 ) ;
#11193 = CARTESIAN_POINT ( 'NONE',  ( -38.75000000000000000, 50.75000000000000000, 10.09999999999999964 ) ) ;
#11194 = AXIS2_PLACEMENT_3D ( 'NONE', #8650, #2119, #1062 ) ;
#11195 = EDGE_CURVE ( 'NONE', #4044, #6726, #3077, .T. ) ;
#11196 = ORIENTED_EDGE ( 'NONE', *, *, #10708, .T. ) ;
#11197 = FACE_OUTER_BOUND ( 'NONE', #11310, .T. ) ;
#11198 = EDGE_LOOP ( 'NONE', ( #6745, #9651, #4744, #12269 ) ) ;
#11199 = ORIENTED_EDGE ( 'NONE', *, *, #8434, .F. ) ;
#11200 = PLANE ( 'NONE',  #7769 ) ;
#11201 = CARTESIAN_POINT ( 'NONE',  ( -2.899999999999999911, 27.90000000000000213, 10.59999999999999964 ) ) ;
#11202 = AXIS2_PLACEMENT_3D ( 'NONE', #7096, #6157, #5341 ) ;
#11203 = DIRECTION ( 'NONE',  ( -1.000000000000000000, 0.000000000000000000, 0.000000000000000000 ) ) ;
#11204 = EDGE_CURVE ( 'NONE', #5462, #3129, #5938, .T. ) ;
#11205 = EDGE_CURVE ( 'NONE', #213, #4530, #9288, .T. ) ;
#11206 = DIRECTION ( 'NONE',  ( 0.7071067811865470176, 0.7071067811865480168, 0.000000000000000000 ) ) ;
#11207 = EDGE_LOOP ( 'NONE', ( #9469, #1324, #2597, #7877 ) ) ;
#11208 = VECTOR ( 'NONE', #4877, 1000.000000000000000 ) ;
#11209 = CARTESIAN_POINT ( 'NONE',  ( -8.149999999999998579, 2.750000000000000000, 1.600000000000000089 ) ) ;
#11210 = EDGE_CURVE ( 'NONE', #4587, #1868, #824, .T. ) ;
#11211 = ORIENTED_EDGE ( 'NONE', *, *, #1489, .F. ) ;
#11212 = ORIENTED_EDGE ( 'NONE', *, *, #9835, .F. ) ;
#11213 = VERTEX_POINT ( 'NONE', #10926 ) ;
#11214 = ADVANCED_FACE ( 'NONE', ( #595 ), #4494, .F. ) ;
#11215 = CARTESIAN_POINT ( 'NONE',  ( -3.500000000000000000, 1.000000000000000000, 10.09999999999999964 ) ) ;
#11216 = CARTESIAN_POINT ( 'NONE',  ( -21.00000000000000000, 1.000000000000000000, 1.600000000000000089 ) ) ;
#11217 = DIRECTION ( 'NONE',  ( 0.000000000000000000, -1.000000000000000000, 0.000000000000000000 ) ) ;
#11218 = AXIS2_PLACEMENT_3D ( 'NONE', #10274, #8168, #1754 ) ;
#11219 = LINE ( 'NONE', #9279, #7170 ) ;
#11220 = CARTESIAN_POINT ( 'NONE',  ( -68.50000000000000000, 0.000000000000000000, 0.000000000000000000 ) ) ;
#11221 = LINE ( 'NONE', #7481, #513 ) ;
#11222 = DIRECTION ( 'NONE',  ( 1.000000000000000000, 0.000000000000000000, 0.000000000000000000 ) ) ;
#11223 = ADVANCED_FACE ( 'NONE', ( #1591 ), #2643, .F. ) ;
#11224 = ORIENTED_EDGE ( 'NONE', *, *, #6916, .F. ) ;
#11225 = CIRCLE ( 'NONE', #10427, 0.5000000000000004441 ) ;
#11226 = CIRCLE ( 'NONE', #3852, 1.500000000000001332 ) ;
#11227 = ORIENTED_EDGE ( 'NONE', *, *, #190, .T. ) ;
#11228 = ORIENTED_EDGE ( 'NONE', *, *, #5644, .T. ) ;
#11229 = DIRECTION ( 'NONE',  ( 0.000000000000000000, 0.000000000000000000, -1.000000000000000000 ) ) ;
#11230 = EDGE_CURVE ( 'NONE', #1858, #4476, #10763, .T. ) ;
#11231 = CARTESIAN_POINT ( 'NONE',  ( -58.50000000000000000, 32.00000000000000000, 1.600000000000000089 ) ) ;
#11232 = PLANE ( 'NONE',  #12143 ) ;
#11233 = DIRECTION ( 'NONE',  ( 0.000000000000000000, 0.000000000000000000, -1.000000000000000000 ) ) ;
#11234 = DIRECTION ( 'NONE',  ( 0.000000000000000000, 0.000000000000000000, -1.000000000000000000 ) ) ;
#11235 = CARTESIAN_POINT ( 'NONE',  ( -8.149999999999998579, 2.750000000000000000, 1.600000000000000089 ) ) ;
#11236 = VECTOR ( 'NONE', #9477, 1000.000000000000000 ) ;
#11237 = AXIS2_PLACEMENT_3D ( 'NONE', #9113, #598, #6069 ) ;
#11238 = EDGE_CURVE ( 'NONE', #5202, #8003, #4180, .T. ) ;
#11239 = EDGE_CURVE ( 'NONE', #8881, #1582, #10226, .T. ) ;
#11240 = CARTESIAN_POINT ( 'NONE',  ( -56.50000000000000000, 20.25000000000000000, 2.600000000000000089 ) ) ;
#11241 = VERTEX_POINT ( 'NONE', #11925 ) ;
#11242 = CARTESIAN_POINT ( 'NONE',  ( -7.000000000000000000, 50.75000000000000000, 1.600000000000000089 ) ) ;
#11243 = ORIENTED_EDGE ( 'NONE', *, *, #1056, .F. ) ;
#11244 = ORIENTED_EDGE ( 'NONE', *, *, #6712, .T. ) ;
#11245 = VECTOR ( 'NONE', #10088, 1000.000000000000000 ) ;
#11246 = VERTEX_POINT ( 'NONE', #10985 ) ;
#11247 = DIRECTION ( 'NONE',  ( 0.000000000000000000, 1.000000000000000000, 0.000000000000000000 ) ) ;
#11248 = VECTOR ( 'NONE', #6034, 1000.000000000000000 ) ;
#11249 = CARTESIAN_POINT ( 'NONE',  ( -25.75000000000000000, 2.750000000000000000, 1.600000000000000089 ) ) ;
#11250 = VERTEX_POINT ( 'NONE', #7310 ) ;
#11251 = EDGE_CURVE ( 'NONE', #2241, #9622, #10555, .T. ) ;
#11252 = CYLINDRICAL_SURFACE ( 'NONE', #2605, 0.2500000000000002220 ) ;
#11253 = CARTESIAN_POINT ( 'NONE',  ( -62.50000000000000000, 14.50000000000000000, 3.350000000000000089 ) ) ;
#11254 = LINE ( 'NONE', #3760, #7832 ) ;
#11255 = EDGE_CURVE ( 'NONE', #10421, #12034, #12181, .T. ) ;
#11256 = AXIS2_PLACEMENT_3D ( 'NONE', #5471, #10450, #1926 ) ;
#11257 = CARTESIAN_POINT ( 'NONE',  ( -59.00000000000000000, 52.50000000000000000, 1.600000000000000089 ) ) ;
#11258 = VECTOR ( 'NONE', #2170, 1000.000000000000114 ) ;
#11259 = EDGE_CURVE ( 'NONE', #8303, #8970, #1715, .T. ) ;
#11260 = ORIENTED_EDGE ( 'NONE', *, *, #2967, .T. ) ;
#11261 = FACE_OUTER_BOUND ( 'NONE', #7555, .T. ) ;
#11262 = ORIENTED_EDGE ( 'NONE', *, *, #4933, .T. ) ;
#11263 = ORIENTED_EDGE ( 'NONE', *, *, #2358, .T. ) ;
#11264 = DIRECTION ( 'NONE',  ( 0.000000000000000000, 1.000000000000000000, 0.000000000000000000 ) ) ;
#11265 = CARTESIAN_POINT ( 'NONE',  ( -16.75000000000000000, 2.750000000000000000, 10.09999999999999964 ) ) ;
#11266 = ADVANCED_FACE ( 'NONE', ( #9055 ), #11048, .F. ) ;
#11267 = CARTESIAN_POINT ( 'NONE',  ( -4.500000000000000000, 50.75000000000000000, 1.600000000000000089 ) ) ;
#11268 = CARTESIAN_POINT ( 'NONE',  ( -46.25000000000000000, 51.75000000000000000, 10.09999999999999964 ) ) ;
#11269 = ORIENTED_EDGE ( 'NONE', *, *, #2726, .F. ) ;
#11270 = DIRECTION ( 'NONE',  ( 0.000000000000000000, 0.000000000000000000, -1.000000000000000000 ) ) ;
#11271 = EDGE_LOOP ( 'NONE', ( #8794, #4043 ) ) ;
#11272 = VERTEX_POINT ( 'NONE', #9109 ) ;
#11273 = VERTEX_POINT ( 'NONE', #8183 ) ;
#11274 = EDGE_CURVE ( 'NONE', #3390, #9999, #3436, .T. ) ;
#11275 = CARTESIAN_POINT ( 'NONE',  ( -66.02571260525608920, 41.12925633389055236, 11.29999999999999716 ) ) ;
#11276 = CARTESIAN_POINT ( 'NONE',  ( -49.64999999999999858, 48.00000000000000000, 10.59999999999999964 ) ) ;
#11277 = PLANE ( 'NONE',  #10017 ) ;
#11278 = DIRECTION ( 'NONE',  ( -1.000000000000000000, 0.000000000000000000, 0.000000000000000000 ) ) ;
#11279 = DIRECTION ( 'NONE',  ( 0.000000000000000000, -1.000000000000000000, 0.000000000000000000 ) ) ;
#11280 = PLANE ( 'NONE',  #10841 ) ;
#11281 = DIRECTION ( 'NONE',  ( 1.000000000000000000, 0.000000000000000000, 0.000000000000000000 ) ) ;
#11282 = VERTEX_POINT ( 'NONE', #10099 ) ;
#11283 = DIRECTION ( 'NONE',  ( 1.000000000000000000, 0.000000000000000000, 0.000000000000000000 ) ) ;
#11284 = EDGE_LOOP ( 'NONE', ( #10390, #1299, #5441, #1418, #1990, #3819, #9199, #4870 ) ) ;
#11285 = ORIENTED_EDGE ( 'NONE', *, *, #8610, .F. ) ;
#11286 = DIRECTION ( 'NONE',  ( 0.000000000000000000, -1.000000000000000000, 0.000000000000000000 ) ) ;
#11287 = CARTESIAN_POINT ( 'NONE',  ( -44.75000000000000000, 51.75000000000000000, 10.09999999999999964 ) ) ;
#11288 = DIRECTION ( 'NONE',  ( 0.000000000000000000, 0.000000000000000000, 1.000000000000000000 ) ) ;
#11289 = CARTESIAN_POINT ( 'NONE',  ( -66.12073400415064839, 41.26363688492287451, 11.29999999999999716 ) ) ;
#11290 = CARTESIAN_POINT ( 'NONE',  ( -55.25000000000000000, 51.00000000000000000, 1.600000000000000089 ) ) ;
#11291 = FACE_OUTER_BOUND ( 'NONE', #6492, .T. ) ;
#11292 = EDGE_CURVE ( 'NONE', #6007, #4684, #7123, .T. ) ;
#11293 = VECTOR ( 'NONE', #11098, 1000.000000000000000 ) ;
#11294 = DIRECTION ( 'NONE',  ( 0.000000000000000000, -1.000000000000000000, 0.000000000000000000 ) ) ;
#11295 = ORIENTED_EDGE ( 'NONE', *, *, #2879, .F. ) ;
#11296 = EDGE_CURVE ( 'NONE', #6041, #532, #1815, .T. ) ;
#11297 = CARTESIAN_POINT ( 'NONE',  ( -62.50000000000000000, 20.50000000000000000, 3.350000000000000089 ) ) ;
#11298 = ORIENTED_EDGE ( 'NONE', *, *, #11230, .T. ) ;
#11299 = ORIENTED_EDGE ( 'NONE', *, *, #8177, .F. ) ;
#11300 = ORIENTED_EDGE ( 'NONE', *, *, #5306, .F. ) ;
#11301 = CARTESIAN_POINT ( 'NONE',  ( -75.00000000000000000, 43.04999999999999716, 9.696446609406731199 ) ) ;
#11302 = CARTESIAN_POINT ( 'NONE',  ( -15.50000000000000000, 51.75000000000000000, 1.600000000000000089 ) ) ;
#11303 = ORIENTED_EDGE ( 'NONE', *, *, #323, .F. ) ;
#11304 = VECTOR ( 'NONE', #8713, 1000.000000000000000 ) ;
#11305 = ORIENTED_EDGE ( 'NONE', *, *, #691, .F. ) ;
#11306 = CYLINDRICAL_SURFACE ( 'NONE', #8368, 0.2500000000000002220 ) ;
#11307 = CARTESIAN_POINT ( 'NONE',  ( -5.500000000000000000, 50.75000000000000000, 10.09999999999999964 ) ) ;
#11308 = CARTESIAN_POINT ( 'NONE',  ( -52.75000000000000000, 26.00000000000000000, 3.850000000000000089 ) ) ;
#11309 = CARTESIAN_POINT ( 'NONE',  ( -2.500000000000000000, 2.500000000000000000, 0.000000000000000000 ) ) ;
#11310 = EDGE_LOOP ( 'NONE', ( #5189, #11136, #8356, #5479 ) ) ;
#11311 = VECTOR ( 'NONE', #10563, 1000.000000000000000 ) ;
#11312 = ORIENTED_EDGE ( 'NONE', *, *, #5129, .F. ) ;
#11313 = LINE ( 'NONE', #4515, #3147 ) ;
#11314 = ORIENTED_EDGE ( 'NONE', *, *, #4912, .F. ) ;
#11315 = DIRECTION ( 'NONE',  ( 0.000000000000000000, 1.000000000000000000, 0.000000000000000000 ) ) ;
#11316 = AXIS2_PLACEMENT_3D ( 'NONE', #2323, #8977, #4354 ) ;
#11317 = ORIENTED_EDGE ( 'NONE', *, *, #4069, .T. ) ;
#11318 = CARTESIAN_POINT ( 'NONE',  ( -66.00000000000000000, 33.95000000000000284, 3.299999999999999822 ) ) ;
#11319 = CARTESIAN_POINT ( 'NONE',  ( -59.00000000000000000, 20.50000000000000000, 1.600000000000000089 ) ) ;
#11320 = EDGE_CURVE ( 'NONE', #3215, #4269, #6374, .T. ) ;
#11321 = VECTOR ( 'NONE', #7484, 1000.000000000000000 ) ;
#11322 = DIRECTION ( 'NONE',  ( 0.000000000000000000, 0.000000000000000000, 1.000000000000000000 ) ) ;
#11323 = AXIS2_PLACEMENT_3D ( 'NONE', #7598, #10643, #10456 ) ;
#11324 = FACE_OUTER_BOUND ( 'NONE', #10182, .T. ) ;
#11325 = ORIENTED_EDGE ( 'NONE', *, *, #11419, .T. ) ;
#11326 = VECTOR ( 'NONE', #1781, 1000.000000000000000 ) ;
#11327 = CARTESIAN_POINT ( 'NONE',  ( -53.75000000000000000, 48.00000000000000000, 4.599999999999999645 ) ) ;
#11328 = EDGE_CURVE ( 'NONE', #422, #7470, #8299, .T. ) ;
#11329 = EDGE_LOOP ( 'NONE', ( #8816, #1975, #10589, #5504 ) ) ;
#11330 = VERTEX_POINT ( 'NONE', #4310 ) ;
#11331 = ORIENTED_EDGE ( 'NONE', *, *, #3188, .F. ) ;
#11332 = CIRCLE ( 'NONE', #10742, 2.000000000000001776 ) ;
#11333 = LINE ( 'NONE', #4418, #2777 ) ;
#11334 = FACE_OUTER_BOUND ( 'NONE', #10780, .T. ) ;
#11335 = EDGE_CURVE ( 'NONE', #10864, #32, #10359, .T. ) ;
#11336 = CARTESIAN_POINT ( 'NONE',  ( -5.500000000000000000, 51.75000000000000000, 10.09999999999999964 ) ) ;
#11337 = AXIS2_PLACEMENT_3D ( 'NONE', #3022, #976, #9616 ) ;
#11338 = DIRECTION ( 'NONE',  ( 0.000000000000000000, 0.000000000000000000, 1.000000000000000000 ) ) ;
#11339 = CIRCLE ( 'NONE', #10946, 0.2500000000000002220 ) ;
#11340 = PLANE ( 'NONE',  #4863 ) ;
#11341 = CARTESIAN_POINT ( 'NONE',  ( -39.75000000000000000, 51.75000000000000000, 10.09999999999999964 ) ) ;
#11342 = AXIS2_PLACEMENT_3D ( 'NONE', #1704, #441, #10130 ) ;
#11343 = LINE ( 'NONE', #6606, #5715 ) ;
#11344 = EDGE_LOOP ( 'NONE', ( #7751, #3343, #338, #11385 ) ) ;
#11345 = AXIS2_PLACEMENT_3D ( 'NONE', #12025, #2491, #11840 ) ;
#11346 = LINE ( 'NONE', #5855, #2968 ) ;
#11347 = VECTOR ( 'NONE', #6087, 1000.000000000000000 ) ;
#11348 = ORIENTED_EDGE ( 'NONE', *, *, #584, .F. ) ;
#11349 = ORIENTED_EDGE ( 'NONE', *, *, #7824, .T. ) ;
#11350 = DIRECTION ( 'NONE',  ( 0.000000000000000000, 1.000000000000000000, 0.000000000000000000 ) ) ;
#11351 = ORIENTED_EDGE ( 'NONE', *, *, #11936, .F. ) ;
#11352 = DIRECTION ( 'NONE',  ( 0.000000000000000000, 0.000000000000000000, -1.000000000000000000 ) ) ;
#11353 = LINE ( 'NONE', #9535, #1796 ) ;
#11354 = LINE ( 'NONE', #8543, #9027 ) ;
#11355 = LINE ( 'NONE', #3620, #4361 ) ;
#11356 = VECTOR ( 'NONE', #4810, 1000.000000000000000 ) ;
#11357 = CARTESIAN_POINT ( 'NONE',  ( -43.75000000000000000, 51.75000000000000000, 10.09999999999999964 ) ) ;
#11358 = AXIS2_PLACEMENT_3D ( 'NONE', #9233, #4371, #11174 ) ;
#11359 = EDGE_CURVE ( 'NONE', #4073, #9825, #6676, .T. ) ;
#11360 = LINE ( 'NONE', #2828, #7257 ) ;
#11361 = ORIENTED_EDGE ( 'NONE', *, *, #1477, .T. ) ;
#11362 = ADVANCED_FACE ( 'NONE', ( #1080 ), #8542, .T. ) ;
#11363 = CARTESIAN_POINT ( 'NONE',  ( -61.00000000000000000, 8.000000000000000000, 7.849999999999999645 ) ) ;
#11364 = ORIENTED_EDGE ( 'NONE', *, *, #381, .T. ) ;
#11365 = ADVANCED_FACE ( 'NONE', ( #9353 ), #8602, .T. ) ;
#11366 = ORIENTED_EDGE ( 'NONE', *, *, #11335, .F. ) ;
#11367 = EDGE_CURVE ( 'NONE', #10364, #7355, #11353, .T. ) ;
#11368 = ORIENTED_EDGE ( 'NONE', *, *, #8389, .T. ) ;
#11369 = DIRECTION ( 'NONE',  ( 0.000000000000000000, -1.000000000000000000, 0.000000000000000000 ) ) ;
#11370 = LINE ( 'NONE', #3018, #4385 ) ;
#11371 = ORIENTED_EDGE ( 'NONE', *, *, #9911, .F. ) ;
#11372 = ORIENTED_EDGE ( 'NONE', *, *, #3069, .T. ) ;
#11373 = LINE ( 'NONE', #12254, #26 ) ;
#11374 = CARTESIAN_POINT ( 'NONE',  ( -47.25000000000000000, 44.00000000000000000, 4.599999999999999645 ) ) ;
#11375 = ORIENTED_EDGE ( 'NONE', *, *, #359, .F. ) ;
#11376 = EDGE_CURVE ( 'NONE', #3585, #10403, #4674, .T. ) ;
#11377 = DIRECTION ( 'NONE',  ( 0.000000000000000000, 1.000000000000000000, 0.000000000000000000 ) ) ;
#11378 = LINE ( 'NONE', #10122, #1878 ) ;
#11379 = LINE ( 'NONE', #1106, #1884 ) ;
#11380 = VERTEX_POINT ( 'NONE', #6731 ) ;
#11381 = ORIENTED_EDGE ( 'NONE', *, *, #10494, .F. ) ;
#11382 = CARTESIAN_POINT ( 'NONE',  ( -68.50000000000000000, 0.000000000000000000, 1.600000000000000089 ) ) ;
#11383 = EDGE_LOOP ( 'NONE', ( #4102, #3502, #3161, #10610 ) ) ;
#11384 = PLANE ( 'NONE',  #3954 ) ;
#11385 = ORIENTED_EDGE ( 'NONE', *, *, #9333, .F. ) ;
#11386 = DIRECTION ( 'NONE',  ( -1.000000000000000000, 0.000000000000000000, 0.000000000000000000 ) ) ;
#11387 = LINE ( 'NONE', #3835, #10391 ) ;
#11388 = CARTESIAN_POINT ( 'NONE',  ( -58.50000000000000000, 44.25000000000000000, 12.34999999999999964 ) ) ;
#11389 = VECTOR ( 'NONE', #4430, 1000.000000000000000 ) ;
#11390 = DIRECTION ( 'NONE',  ( 0.000000000000000000, 0.000000000000000000, 1.000000000000000000 ) ) ;
#11391 = ADVANCED_FACE ( 'NONE', ( #4800 ), #11417, .F. ) ;
#11392 = LINE ( 'NONE', #2732, #4282 ) ;
#11393 = ORIENTED_EDGE ( 'NONE', *, *, #7421, .T. ) ;
#11394 = DIRECTION ( 'NONE',  ( 0.000000000000000000, 0.000000000000000000, 1.000000000000000000 ) ) ;
#11395 = ORIENTED_EDGE ( 'NONE', *, *, #9646, .T. ) ;
#11396 = VECTOR ( 'NONE', #2426, 1000.000000000000000 ) ;
#11397 = VERTEX_POINT ( 'NONE', #8479 ) ;
#11398 = DIRECTION ( 'NONE',  ( 0.000000000000000000, 0.000000000000000000, -1.000000000000000000 ) ) ;
#11399 = LINE ( 'NONE', #5904, #5951 ) ;
#11400 = ADVANCED_FACE ( 'NONE', ( #80 ), #1020, .F. ) ;
#11401 = DIRECTION ( 'NONE',  ( 0.000000000000000000, 0.000000000000000000, -1.000000000000000000 ) ) ;
#11402 = DIRECTION ( 'NONE',  ( 0.000000000000000000, -1.000000000000000000, 0.000000000000000000 ) ) ;
#11403 = EDGE_CURVE ( 'NONE', #9949, #1092, #6549, .T. ) ;
#11404 = DIRECTION ( 'NONE',  ( 1.000000000000000000, 0.000000000000000000, 0.000000000000000000 ) ) ;
#11405 = EDGE_CURVE ( 'NONE', #4027, #5291, #7757, .T. ) ;
#11406 = CIRCLE ( 'NONE', #11602, 0.2500000000000002220 ) ;
#11407 = LINE ( 'NONE', #6665, #3871 ) ;
#11408 = EDGE_CURVE ( 'NONE', #10904, #6276, #6613, .T. ) ;
#11409 = CARTESIAN_POINT ( 'NONE',  ( -15.50000000000000000, 50.75000000000000000, 10.09999999999999964 ) ) ;
#11410 = ORIENTED_EDGE ( 'NONE', *, *, #12316, .F. ) ;
#11411 = CARTESIAN_POINT ( 'NONE',  ( -53.50000000000000000, 51.00000000000000000, 0.000000000000000000 ) ) ;
#11412 = ORIENTED_EDGE ( 'NONE', *, *, #5850, .T. ) ;
#11413 = EDGE_LOOP ( 'NONE', ( #5118, #9681, #4058, #11632 ) ) ;
#11414 = FACE_OUTER_BOUND ( 'NONE', #1791, .T. ) ;
#11415 = VECTOR ( 'NONE', #5538, 1000.000000000000000 ) ;
#11416 = DIRECTION ( 'NONE',  ( 0.000000000000000000, 1.000000000000000000, 0.000000000000000000 ) ) ;
#11417 = PLANE ( 'NONE',  #7362 ) ;
#11418 = CARTESIAN_POINT ( 'NONE',  ( -52.04999999999999716, 44.94999999999999574, 10.59999999999999964 ) ) ;
#11419 = EDGE_CURVE ( 'NONE', #1276, #8421, #4857, .T. ) ;
#11420 = CARTESIAN_POINT ( 'NONE',  ( -5.500000000000000000, 51.75000000000000000, 10.09999999999999964 ) ) ;
#11421 = CARTESIAN_POINT ( 'NONE',  ( -9.549999999999998934, 1.750000000000000000, 1.600000000000000089 ) ) ;
#11422 = DIRECTION ( 'NONE',  ( 0.000000000000000000, 0.000000000000000000, 1.000000000000000000 ) ) ;
#11423 = VECTOR ( 'NONE', #6663, 1000.000000000000000 ) ;
#11424 = EDGE_LOOP ( 'NONE', ( #5776, #9609, #10653, #5142 ) ) ;
#11425 = LINE ( 'NONE', #9666, #1556 ) ;
#11426 = EDGE_LOOP ( 'NONE', ( #10906, #8312, #11851, #11879 ) ) ;
#11427 = ORIENTED_EDGE ( 'NONE', *, *, #6136, .F. ) ;
#11428 = ORIENTED_EDGE ( 'NONE', *, *, #9575, .T. ) ;
#11429 = CARTESIAN_POINT ( 'NONE',  ( -25.75000000000000000, 1.750000000000000000, 10.09999999999999964 ) ) ;
#11430 = CARTESIAN_POINT ( 'NONE',  ( -2.500000000000000000, 7.500000000000000000, 1.600000000000000089 ) ) ;
#11431 = ORIENTED_EDGE ( 'NONE', *, *, #961, .T. ) ;
#11432 = EDGE_LOOP ( 'NONE', ( #9551, #10526, #4837, #2380 ) ) ;
#11433 = EDGE_CURVE ( 'NONE', #2610, #6009, #3738, .T. ) ;
#11434 = FACE_OUTER_BOUND ( 'NONE', #8574, .T. ) ;
#11435 = DIRECTION ( 'NONE',  ( 0.000000000000000000, 0.000000000000000000, 1.000000000000000000 ) ) ;
#11436 = AXIS2_PLACEMENT_3D ( 'NONE', #4194, #4128, #2281 ) ;
#11437 = PLANE ( 'NONE',  #617 ) ;
#11438 = CARTESIAN_POINT ( 'NONE',  ( -1.250000000000000000, 31.00000000000000000, 1.600000000000000089 ) ) ;
#11439 = CARTESIAN_POINT ( 'NONE',  ( -17.75000000000000000, 2.750000000000000000, 10.09999999999999964 ) ) ;
#11440 = ORIENTED_EDGE ( 'NONE', *, *, #8982, .F. ) ;
#11441 = AXIS2_PLACEMENT_3D ( 'NONE', #10662, #333, #11668 ) ;
#11442 = ORIENTED_EDGE ( 'NONE', *, *, #3634, .F. ) ;
#11443 = AXIS2_PLACEMENT_3D ( 'NONE', #11161, #12042, #8351 ) ;
#11444 = CARTESIAN_POINT ( 'NONE',  ( -33.75000000000000000, 51.75000000000000000, 10.09999999999999964 ) ) ;
#11445 = EDGE_LOOP ( 'NONE', ( #2227, #8560, #3958, #8037, #10779, #8126 ) ) ;
#11446 = DIRECTION ( 'NONE',  ( -1.000000000000000000, 0.000000000000000000, 0.000000000000000000 ) ) ;
#11447 = ORIENTED_EDGE ( 'NONE', *, *, #8685, .F. ) ;
#11448 = PLANE ( 'NONE',  #7573 ) ;
#11449 = DIRECTION ( 'NONE',  ( 1.000000000000000000, 0.000000000000000000, 0.000000000000000000 ) ) ;
#11450 = EDGE_CURVE ( 'NONE', #2229, #2655, #4615, .T. ) ;
#11451 = CARTESIAN_POINT ( 'NONE',  ( -30.75000000000000000, 2.750000000000000000, 10.09999999999999964 ) ) ;
#11452 = VECTOR ( 'NONE', #1601, 1000.000000000000000 ) ;
#11453 = EDGE_CURVE ( 'NONE', #10726, #1746, #9598, .T. ) ;
#11454 = DIRECTION ( 'NONE',  ( -0.000000000000000000, 1.000000000000000000, -0.000000000000000000 ) ) ;
#11455 = DIRECTION ( 'NONE',  ( 0.000000000000000000, 0.000000000000000000, 1.000000000000000000 ) ) ;
#11456 = ORIENTED_EDGE ( 'NONE', *, *, #4883, .F. ) ;
#11457 = ADVANCED_FACE ( 'NONE', ( #5674 ), #11232, .F. ) ;
#11458 = FACE_BOUND ( 'NONE', #938, .T. ) ;
#11459 = ORIENTED_EDGE ( 'NONE', *, *, #8200, .F. ) ;
#11460 = ORIENTED_EDGE ( 'NONE', *, *, #2421, .T. ) ;
#11461 = FACE_OUTER_BOUND ( 'NONE', #8190, .T. ) ;
#11462 = LINE ( 'NONE', #2988, #11520 ) ;
#11463 = FACE_OUTER_BOUND ( 'NONE', #8782, .T. ) ;
#11464 = CARTESIAN_POINT ( 'NONE',  ( -37.25000000000000000, 50.75000000000000000, 1.600000000000000089 ) ) ;
#11465 = DIRECTION ( 'NONE',  ( -0.000000000000000000, 0.7071067811865475727, -0.7071067811865475727 ) ) ;
#11466 = CARTESIAN_POINT ( 'NONE',  ( -59.00000000000000000, 52.50000000000000000, 1.600000000000000089 ) ) ;
#11467 = LINE ( 'NONE', #9524, #9491 ) ;
#11468 = ORIENTED_EDGE ( 'NONE', *, *, #5168, .F. ) ;
#11469 = DIRECTION ( 'NONE',  ( -0.000000000000000000, -1.000000000000000000, -0.000000000000000000 ) ) ;
#11470 = ORIENTED_EDGE ( 'NONE', *, *, #12202, .T. ) ;
#11471 = EDGE_CURVE ( 'NONE', #6862, #9065, #6495, .T. ) ;
#11472 = ORIENTED_EDGE ( 'NONE', *, *, #7175, .F. ) ;
#11473 = CARTESIAN_POINT ( 'NONE',  ( -2.250000000000000000, 32.00000000000000000, 4.599999999999999645 ) ) ;
#11474 = CARTESIAN_POINT ( 'NONE',  ( -17.75000000000000000, 1.750000000000000000, 10.09999999999999964 ) ) ;
#11475 = DIRECTION ( 'NONE',  ( -1.000000000000000000, 0.000000000000000000, 0.000000000000000000 ) ) ;
#11476 = DIRECTION ( 'NONE',  ( 0.000000000000000000, 0.000000000000000000, -1.000000000000000000 ) ) ;
#11477 = EDGE_CURVE ( 'NONE', #11071, #4694, #1947, .T. ) ;
#11478 = PLANE ( 'NONE',  #8941 ) ;
#11479 = CARTESIAN_POINT ( 'NONE',  ( -74.75000000000000000, 35.20000000000000284, 11.29999999999999893 ) ) ;
#11480 = EDGE_LOOP ( 'NONE', ( #8537, #4528, #4262, #455 ) ) ;
#11481 = CYLINDRICAL_SURFACE ( 'NONE', #6253, 2.250000000000001776 ) ;
#11482 = VERTEX_POINT ( 'NONE', #10848 ) ;
#11483 = CARTESIAN_POINT ( 'NONE',  ( -74.75000000000000000, 0.000000000000000000, 1.600000000000000089 ) ) ;
#11484 = ORIENTED_EDGE ( 'NONE', *, *, #9462, .F. ) ;
#11485 = EDGE_CURVE ( 'NONE', #3751, #7325, #7051, .T. ) ;
#11486 = ORIENTED_EDGE ( 'NONE', *, *, #9243, .F. ) ;
#11487 = ORIENTED_EDGE ( 'NONE', *, *, #3971, .F. ) ;
#11488 = DIRECTION ( 'NONE',  ( 1.000000000000000000, 0.000000000000000000, 0.000000000000000000 ) ) ;
#11489 = DIRECTION ( 'NONE',  ( 0.000000000000000000, 0.000000000000000000, -1.000000000000000000 ) ) ;
#11490 = EDGE_LOOP ( 'NONE', ( #10498, #1199, #5638, #453 ) ) ;
#11491 = DIRECTION ( 'NONE',  ( 0.000000000000000000, 0.000000000000000000, 1.000000000000000000 ) ) ;
#11492 = LINE ( 'NONE', #11556, #7815 ) ;
#11493 = CARTESIAN_POINT ( 'NONE',  ( -12.94999999999999929, 1.750000000000000000, 1.600000000000000089 ) ) ;
#11494 = AXIS2_PLACEMENT_3D ( 'NONE', #8984, #464, #11608 ) ;
#11495 = DIRECTION ( 'NONE',  ( 0.000000000000000000, 0.000000000000000000, 1.000000000000000000 ) ) ;
#11496 = DIRECTION ( 'NONE',  ( 1.000000000000000000, 0.000000000000000000, 0.000000000000000000 ) ) ;
#11497 = ORIENTED_EDGE ( 'NONE', *, *, #1028, .F. ) ;
#11498 = ORIENTED_EDGE ( 'NONE', *, *, #9394, .F. ) ;
#11500 = AXIS2_PLACEMENT_3D ( 'NONE', #7043, #7975, #3177 ) ;
#11499 = PLANE ( 'NONE',  #3741 ) ;
#11501 = ORIENTED_EDGE ( 'NONE', *, *, #5104, .T. ) ;
#11502 = LINE ( 'NONE', #12319, #790 ) ;
#11503 = ORIENTED_EDGE ( 'NONE', *, *, #10341, .F. ) ;
#11504 = DIRECTION ( 'NONE',  ( 1.000000000000000000, 0.000000000000000000, 0.000000000000000000 ) ) ;
#11505 = DIRECTION ( 'NONE',  ( 0.000000000000000000, 1.000000000000000000, 0.000000000000000000 ) ) ;
#11506 = AXIS2_PLACEMENT_3D ( 'NONE', #4333, #6400, #4214 ) ;
#11507 = CARTESIAN_POINT ( 'NONE',  ( -68.50000000000000000, 0.000000000000000000, 1.600000000000000089 ) ) ;
#11508 = ORIENTED_EDGE ( 'NONE', *, *, #4535, .F. ) ;
#11509 = CARTESIAN_POINT ( 'NONE',  ( -25.75000000000000000, 2.750000000000000000, 1.600000000000000089 ) ) ;
#11510 = VECTOR ( 'NONE', #10717, 1000.000000000000000 ) ;
#11511 = ORIENTED_EDGE ( 'NONE', *, *, #9566, .T. ) ;
#11512 = EDGE_LOOP ( 'NONE', ( #5565, #9216, #7606, #124 ) ) ;
#11513 = ADVANCED_FACE ( 'NONE', ( #11663 ), #6864, .T. ) ;
#11514 = DIRECTION ( 'NONE',  ( 0.000000000000000000, 0.000000000000000000, -1.000000000000000000 ) ) ;
#11515 = LINE ( 'NONE', #5093, #9520 ) ;
#11516 = PLANE ( 'NONE',  #1008 ) ;
#11517 = DIRECTION ( 'NONE',  ( 0.000000000000000000, 0.000000000000000000, -1.000000000000000000 ) ) ;
#11518 = EDGE_CURVE ( 'NONE', #9774, #11129, #8155, .T. ) ;
#11519 = FACE_OUTER_BOUND ( 'NONE', #6873, .T. ) ;
#11520 = VECTOR ( 'NONE', #3106, 1000.000000000000000 ) ;
#11521 = VECTOR ( 'NONE', #8194, 1000.000000000000000 ) ;
#11522 = DIRECTION ( 'NONE',  ( 1.000000000000000000, 0.000000000000000000, 0.000000000000000000 ) ) ;
#11523 = DIRECTION ( 'NONE',  ( 0.000000000000000000, 0.000000000000000000, -1.000000000000000000 ) ) ;
#11524 = ORIENTED_EDGE ( 'NONE', *, *, #1627, .F. ) ;
#11525 = CARTESIAN_POINT ( 'NONE',  ( -39.75000000000000000, 21.50000000000000000, 1.600000000000000089 ) ) ;
#11526 = VECTOR ( 'NONE', #8390, 1000.000000000000000 ) ;
#11527 = ORIENTED_EDGE ( 'NONE', *, *, #4176, .F. ) ;
#11528 = ORIENTED_EDGE ( 'NONE', *, *, #4289, .T. ) ;
#11529 = ORIENTED_EDGE ( 'NONE', *, *, #9540, .T. ) ;
#11530 = DIRECTION ( 'NONE',  ( 0.000000000000000000, 0.000000000000000000, -1.000000000000000000 ) ) ;
#11531 = VECTOR ( 'NONE', #10409, 1000.000000000000000 ) ;
#11532 = VECTOR ( 'NONE', #1713, 1000.000000000000000 ) ;
#11533 = ADVANCED_FACE ( 'NONE', ( #3186 ), #3118, .F. ) ;
#11534 = LINE ( 'NONE', #2940, #11710 ) ;
#11535 = CARTESIAN_POINT ( 'NONE',  ( -58.75000000000000000, 32.25000000000000000, 12.34999999999999964 ) ) ;
#11536 = DIRECTION ( 'NONE',  ( 0.000000000000000000, 0.000000000000000000, -1.000000000000000000 ) ) ;
#11537 = DIRECTION ( 'NONE',  ( 0.000000000000000000, 0.000000000000000000, 1.000000000000000000 ) ) ;
#11538 = CARTESIAN_POINT ( 'NONE',  ( -66.00000000000000000, 33.70000000000000284, 9.446446609406731199 ) ) ;
#11539 = EDGE_CURVE ( 'NONE', #5557, #8844, #9717, .T. ) ;
#11540 = VECTOR ( 'NONE', #6486, 1000.000000000000000 ) ;
#11541 = CARTESIAN_POINT ( 'NONE',  ( -52.75000000000000000, 26.00000000000000000, 3.600000000000000089 ) ) ;
#11542 = VECTOR ( 'NONE', #100, 1000.000000000000000 ) ;
#11543 = ORIENTED_EDGE ( 'NONE', *, *, #7580, .F. ) ;
#11544 = AXIS2_PLACEMENT_3D ( 'NONE', #4520, #7341, #7406 ) ;
#11545 = PLANE ( 'NONE',  #2140 ) ;
#11546 = ORIENTED_EDGE ( 'NONE', *, *, #8685, .T. ) ;
#11547 = ORIENTED_EDGE ( 'NONE', *, *, #5299, .F. ) ;
#11548 = ADVANCED_FACE ( 'NONE', ( #10783 ), #4172, .F. ) ;
#11549 = ORIENTED_EDGE ( 'NONE', *, *, #177, .F. ) ;
#11550 = DIRECTION ( 'NONE',  ( 0.000000000000000000, 0.000000000000000000, 1.000000000000000000 ) ) ;
#11551 = CARTESIAN_POINT ( 'NONE',  ( -12.00000000000000000, 51.75000000000000000, 1.600000000000000089 ) ) ;
#11552 = ORIENTED_EDGE ( 'NONE', *, *, #1290, .F. ) ;
#11553 = AXIS2_PLACEMENT_3D ( 'NONE', #9187, #6509, #1731 ) ;
#11554 = EDGE_LOOP ( 'NONE', ( #1829, #6957, #10297, #9427 ) ) ;
#11555 = CARTESIAN_POINT ( 'NONE',  ( -52.75000000000000000, 26.00000000000000000, 1.600000000000000089 ) ) ;
#11556 = CARTESIAN_POINT ( 'NONE',  ( -74.75000000000000000, 32.00000000000000000, 12.59999999999999964 ) ) ;
#11557 = VECTOR ( 'NONE', #10043, 1000.000000000000000 ) ;
#11558 = FACE_OUTER_BOUND ( 'NONE', #9859, .T. ) ;
#11559 = CARTESIAN_POINT ( 'NONE',  ( -67.50000000000000000, 3.500000000000000000, 7.599999999999999645 ) ) ;
#11560 = EDGE_CURVE ( 'NONE', #8003, #152, #7983, .T. ) ;
#11561 = ADVANCED_FACE ( 'NONE', ( #6046 ), #3241, .F. ) ;
#11562 = EDGE_CURVE ( 'NONE', #2472, #866, #1328, .T. ) ;
#11563 = LINE ( 'NONE', #10372, #7277 ) ;
#11564 = ORIENTED_EDGE ( 'NONE', *, *, #2421, .F. ) ;
#11565 = VERTEX_POINT ( 'NONE', #7915 ) ;
#11566 = EDGE_CURVE ( 'NONE', #467, #10190, #6109, .T. ) ;
#11567 = DIRECTION ( 'NONE',  ( 0.000000000000000000, 1.000000000000000000, 0.000000000000000000 ) ) ;
#11568 = VERTEX_POINT ( 'NONE', #3921 ) ;
#11569 = VERTEX_POINT ( 'NONE', #143 ) ;
#11570 = LINE ( 'NONE', #10378, #11126 ) ;
#11571 = ORIENTED_EDGE ( 'NONE', *, *, #3885, .T. ) ;
#11572 = DIRECTION ( 'NONE',  ( 0.000000000000000000, 0.000000000000000000, -1.000000000000000000 ) ) ;
#11573 = DIRECTION ( 'NONE',  ( 0.000000000000000000, 1.000000000000000000, 0.000000000000000000 ) ) ;
#11574 = ORIENTED_EDGE ( 'NONE', *, *, #2663, .T. ) ;
#11575 = ADVANCED_FACE ( 'NONE', ( #391 ), #4988, .T. ) ;
#11576 = DIRECTION ( 'NONE',  ( -1.000000000000000000, 0.000000000000000000, 0.000000000000000000 ) ) ;
#11577 = ORIENTED_EDGE ( 'NONE', *, *, #8151, .F. ) ;
#11578 = CARTESIAN_POINT ( 'NONE',  ( -2.200000000000000178, 0.000000000000000000, 4.599999999999999645 ) ) ;
#11579 = ORIENTED_EDGE ( 'NONE', *, *, #7568, .F. ) ;
#11580 = CARTESIAN_POINT ( 'NONE',  ( -28.25000000000000000, 1.750000000000000000, 10.09999999999999964 ) ) ;
#11581 = AXIS2_PLACEMENT_3D ( 'NONE', #2399, #5998, #6062 ) ;
#11582 = FACE_BOUND ( 'NONE', #953, .T. ) ;
#11583 = EDGE_CURVE ( 'NONE', #4893, #322, #2982, .T. ) ;
#11584 = DIRECTION ( 'NONE',  ( 0.000000000000000000, 1.000000000000000000, 0.000000000000000000 ) ) ;
#11585 = LINE ( 'NONE', #6849, #497 ) ;
#11586 = ADVANCED_FACE ( 'NONE', ( #2199 ), #327, .F. ) ;
#11587 = DIRECTION ( 'NONE',  ( 0.000000000000000000, -0.7071067811865475727, -0.7071067811865475727 ) ) ;
#11588 = VERTEX_POINT ( 'NONE', #3986 ) ;
#11589 = EDGE_CURVE ( 'NONE', #7949, #5557, #2134, .T. ) ;
#11590 = DIRECTION ( 'NONE',  ( 1.000000000000000000, 0.000000000000000000, 0.000000000000000000 ) ) ;
#11591 = VECTOR ( 'NONE', #8959, 1000.000000000000000 ) ;
#11592 = CARTESIAN_POINT ( 'NONE',  ( 0.000000000000000000, 0.000000000000000000, 4.599999999999999645 ) ) ;
#11593 = EDGE_LOOP ( 'NONE', ( #8555, #11546, #5352, #1157 ) ) ;
#11594 = CARTESIAN_POINT ( 'NONE',  ( -11.95000000000000107, 2.750000000000000000, 10.09999999999999964 ) ) ;
#11595 = EDGE_CURVE ( 'NONE', #11773, #11906, #1265, .T. ) ;
#11596 = ORIENTED_EDGE ( 'NONE', *, *, #6398, .F. ) ;
#11597 = VERTEX_POINT ( 'NONE', #11723 ) ;
#11598 = VERTEX_POINT ( 'NONE', #5047 ) ;
#11599 = CARTESIAN_POINT ( 'NONE',  ( -4.549999999999999822, 25.50000000000000000, 10.59999999999999964 ) ) ;
#11600 = DIRECTION ( 'NONE',  ( 1.000000000000000000, 0.000000000000000000, 0.000000000000000000 ) ) ;
#11601 = CARTESIAN_POINT ( 'NONE',  ( -49.75000000000000000, 50.75000000000000000, 1.600000000000000089 ) ) ;
#11602 = AXIS2_PLACEMENT_3D ( 'NONE', #5125, #5496, #781 ) ;
#11603 = DIRECTION ( 'NONE',  ( -1.000000000000000000, 0.000000000000000000, 0.000000000000000000 ) ) ;
#11604 = DIRECTION ( 'NONE',  ( -1.000000000000000000, 0.000000000000000000, 0.000000000000000000 ) ) ;
#11605 = EDGE_CURVE ( 'NONE', #1361, #6726, #519, .T. ) ;
#11606 = DIRECTION ( 'NONE',  ( 0.000000000000000000, 0.000000000000000000, 1.000000000000000000 ) ) ;
#11607 = ORIENTED_EDGE ( 'NONE', *, *, #9388, .T. ) ;
#11608 = DIRECTION ( 'NONE',  ( 0.000000000000000000, 0.000000000000000000, -1.000000000000000000 ) ) ;
#11609 = ORIENTED_EDGE ( 'NONE', *, *, #7506, .T. ) ;
#11610 = AXIS2_PLACEMENT_3D ( 'NONE', #577, #10085, #2506 ) ;
#11611 = EDGE_CURVE ( 'NONE', #4332, #8052, #2564, .T. ) ;
#11612 = VERTEX_POINT ( 'NONE', #11909 ) ;
#11613 = ORIENTED_EDGE ( 'NONE', *, *, #8885, .F. ) ;
#11614 = DIRECTION ( 'NONE',  ( 1.000000000000000000, 0.000000000000000000, 0.000000000000000000 ) ) ;
#11615 = CARTESIAN_POINT ( 'NONE',  ( 0.000000000000000000, 38.50000000000000000, 0.000000000000000000 ) ) ;
#11616 = ORIENTED_EDGE ( 'NONE', *, *, #2540, .F. ) ;
#11617 = ORIENTED_EDGE ( 'NONE', *, *, #2609, .T. ) ;
#11618 = DIRECTION ( 'NONE',  ( 1.000000000000000000, 0.000000000000000000, 0.000000000000000000 ) ) ;
#11619 = DIRECTION ( 'NONE',  ( 0.000000000000000000, -0.4472135954999579277, -0.8944271909999158554 ) ) ;
#11620 = EDGE_CURVE ( 'NONE', #12215, #9313, #4297, .T. ) ;
#11621 = SHAPE_DEFINITION_REPRESENTATION ( #7704, #10185 ) ;
#11622 = LINE ( 'NONE', #2963, #9822 ) ;
#11623 = EDGE_CURVE ( 'NONE', #7084, #1740, #8102, .T. ) ;
#11624 = AXIS2_PLACEMENT_3D ( 'NONE', #6396, #12134, #3578 ) ;
#11625 = DIRECTION ( 'NONE',  ( 0.000000000000000000, 0.000000000000000000, -1.000000000000000000 ) ) ;
#11626 = EDGE_LOOP ( 'NONE', ( #11862, #11163, #1783, #874 ) ) ;
#11627 = VERTEX_POINT ( 'NONE', #3484 ) ;
#11628 = PLANE ( 'NONE',  #10103 ) ;
#11629 = ORIENTED_EDGE ( 'NONE', *, *, #1888, .F. ) ;
#11630 = EDGE_CURVE ( 'NONE', #11877, #8683, #2445, .T. ) ;
#11631 = VECTOR ( 'NONE', #6443, 1000.000000000000000 ) ;
#11632 = ORIENTED_EDGE ( 'NONE', *, *, #10708, .F. ) ;
#11633 = DIRECTION ( 'NONE',  ( 1.000000000000000000, 0.000000000000000000, 0.000000000000000000 ) ) ;
#11634 = CIRCLE ( 'NONE', #703, 0.2500000000000002220 ) ;
#11635 = ORIENTED_EDGE ( 'NONE', *, *, #5183, .F. ) ;
#11636 = ADVANCED_FACE ( 'NONE', ( #2630 ), #10028, .F. ) ;
#11637 = CARTESIAN_POINT ( 'NONE',  ( -55.00000000000000000, 2.500000000000000000, 1.600000000000000089 ) ) ;
#11638 = CARTESIAN_POINT ( 'NONE',  ( -2.200000000000000178, 0.000000000000000000, 4.599999999999999645 ) ) ;
#11639 = EDGE_CURVE ( 'NONE', #1582, #6682, #6355, .T. ) ;
#11640 = AXIS2_PLACEMENT_3D ( 'NONE', #3424, #5364, #12101 ) ;
#11641 = DIRECTION ( 'NONE',  ( 0.000000000000000000, 0.000000000000000000, -1.000000000000000000 ) ) ;
#11642 = ORIENTED_EDGE ( 'NONE', *, *, #10019, .F. ) ;
#11643 = CARTESIAN_POINT ( 'NONE',  ( -52.75000000000000000, 26.00000000000000000, 2.350000000000000089 ) ) ;
#11644 = EDGE_CURVE ( 'NONE', #8616, #7320, #8286, .T. ) ;
#11645 = EDGE_LOOP ( 'NONE', ( #7467, #5474, #8536, #12187 ) ) ;
#11646 = ORIENTED_EDGE ( 'NONE', *, *, #7160, .T. ) ;
#11647 = VECTOR ( 'NONE', #1511, 1000.000000000000000 ) ;
#11648 = CARTESIAN_POINT ( 'NONE',  ( -24.25000000000000000, 52.50000000000000000, 10.09999999999999964 ) ) ;
#11649 = VECTOR ( 'NONE', #11709, 1000.000000000000000 ) ;
#11650 = FACE_OUTER_BOUND ( 'NONE', #92, .T. ) ;
#11651 = DIRECTION ( 'NONE',  ( 0.000000000000000000, 0.000000000000000000, -1.000000000000000000 ) ) ;
#11652 = LINE ( 'NONE', #1132, #5847 ) ;
#11653 = LINE ( 'NONE', #4098, #4665 ) ;
#11654 = LINE ( 'NONE', #1194, #7455 ) ;
#11655 = VECTOR ( 'NONE', #9181, 1000.000000000000000 ) ;
#11656 = DIRECTION ( 'NONE',  ( 0.000000000000000000, -1.000000000000000000, 0.000000000000000000 ) ) ;
#11657 = ORIENTED_EDGE ( 'NONE', *, *, #5313, .F. ) ;
#11658 = CARTESIAN_POINT ( 'NONE',  ( -68.50000000000000000, 44.25000000000000000, 1.850000000000000089 ) ) ;
#11659 = ORIENTED_EDGE ( 'NONE', *, *, #3143, .T. ) ;
#11660 = ORIENTED_EDGE ( 'NONE', *, *, #11951, .F. ) ;
#11661 = ORIENTED_EDGE ( 'NONE', *, *, #5618, .F. ) ;
#11662 = LINE ( 'NONE', #1019, #7339 ) ;
#11663 = FACE_OUTER_BOUND ( 'NONE', #6626, .T. ) ;
#11664 = DIRECTION ( 'NONE',  ( 0.000000000000000000, -1.000000000000000000, 0.000000000000000000 ) ) ;
#11665 = DIRECTION ( 'NONE',  ( 0.000000000000000000, 0.000000000000000000, -1.000000000000000000 ) ) ;
#11666 = DIRECTION ( 'NONE',  ( 1.000000000000000000, 0.000000000000000000, 0.000000000000000000 ) ) ;
#11667 = ORIENTED_EDGE ( 'NONE', *, *, #1136, .T. ) ;
#11668 = DIRECTION ( 'NONE',  ( 1.000000000000000000, 0.000000000000000000, 0.000000000000000000 ) ) ;
#11669 = ORIENTED_EDGE ( 'NONE', *, *, #6718, .F. ) ;
#11670 = LINE ( 'NONE', #9225, #6315 ) ;
#11671 = ORIENTED_EDGE ( 'NONE', *, *, #7635, .F. ) ;
#11672 = ORIENTED_EDGE ( 'NONE', *, *, #4819, .F. ) ;
#11673 = ORIENTED_EDGE ( 'NONE', *, *, #4996, .T. ) ;
#11674 = LINE ( 'NONE', #9917, #9945 ) ;
#11675 = CARTESIAN_POINT ( 'NONE',  ( -45.50000000000000711, 9.000000000000000000, 6.349999999999999645 ) ) ;
#11676 = ADVANCED_FACE ( 'NONE', ( #4237, #11033, #12039, #4355, #9095 ), #11977, .F. ) ;
#11677 = ORIENTED_EDGE ( 'NONE', *, *, #10793, .T. ) ;
#11678 = DIRECTION ( 'NONE',  ( 1.000000000000000000, 0.000000000000000000, 0.000000000000000000 ) ) ;
#11679 = CARTESIAN_POINT ( 'NONE',  ( -29.75000000000000000, 50.75000000000000000, 10.09999999999999964 ) ) ;
#11680 =( NAMED_UNIT ( * ) PLANE_ANGLE_UNIT ( ) SI_UNIT ( $, .RADIAN. ) );
#11681 = DIRECTION ( 'NONE',  ( -1.000000000000000000, 0.000000000000000000, 0.000000000000000000 ) ) ;
#11682 = ADVANCED_FACE ( 'NONE', ( #6297 ), #5357, .F. ) ;
#11683 = PLANE ( 'NONE',  #1496 ) ;
#11684 = ORIENTED_EDGE ( 'NONE', *, *, #6755, .F. ) ;
#11685 = ORIENTED_EDGE ( 'NONE', *, *, #2431, .T. ) ;
#11686 = DIRECTION ( 'NONE',  ( -1.000000000000000000, 0.000000000000000000, 0.000000000000000000 ) ) ;
#11687 = EDGE_LOOP ( 'NONE', ( #7976, #7846 ) ) ;
#11688 = FACE_OUTER_BOUND ( 'NONE', #7821, .T. ) ;
#11689 = ORIENTED_EDGE ( 'NONE', *, *, #7210, .F. ) ;
#11690 = EDGE_LOOP ( 'NONE', ( #8293, #2022, #9285, #9806 ) ) ;
#11691 = CARTESIAN_POINT ( 'NONE',  ( -75.75000000000000000, 40.00000000000000000, 7.550000000000000711 ) ) ;
#11692 = LINE ( 'NONE', #8880, #5366 ) ;
#11693 = TOROIDAL_SURFACE ( 'NONE', #8109, 1.500000000000000000, 0.2500000000000000000 ) ;
#11694 = ORIENTED_EDGE ( 'NONE', *, *, #11471, .F. ) ;
#11695 = CARTESIAN_POINT ( 'NONE',  ( -23.25000000000000000, 1.750000000000000000, 10.09999999999999964 ) ) ;
#11696 = FACE_BOUND ( 'NONE', #4752, .T. ) ;
#11697 = EDGE_CURVE ( 'NONE', #1762, #2241, #705, .T. ) ;
#11698 = FACE_OUTER_BOUND ( 'NONE', #8887, .T. ) ;
#11699 = VECTOR ( 'NONE', #6980, 1000.000000000000000 ) ;
#11700 = VERTEX_POINT ( 'NONE', #10084 ) ;
#11701 = DIRECTION ( 'NONE',  ( 1.000000000000000000, 0.000000000000000000, 0.000000000000000000 ) ) ;
#11702 = EDGE_CURVE ( 'NONE', #2142, #7211, #1573, .T. ) ;
#11703 = VERTEX_POINT ( 'NONE', #4419 ) ;
#11704 = DIRECTION ( 'NONE',  ( 0.000000000000000000, 0.000000000000000000, -1.000000000000000000 ) ) ;
#11705 = AXIS2_PLACEMENT_3D ( 'NONE', #558, #626, #7336 ) ;
#11706 = CARTESIAN_POINT ( 'NONE',  ( -8.000000000000000000, 50.75000000000000000, 10.09999999999999964 ) ) ;
#11707 = DIRECTION ( 'NONE',  ( 0.000000000000000000, 0.000000000000000000, -1.000000000000000000 ) ) ;
#11708 = CARTESIAN_POINT ( 'NONE',  ( -45.25000000000000000, 24.25000000000000000, 3.600000000000000089 ) ) ;
#11709 = DIRECTION ( 'NONE',  ( 0.000000000000000000, 0.000000000000000000, -1.000000000000000000 ) ) ;
#11710 = VECTOR ( 'NONE', #6730, 1000.000000000000000 ) ;
#11711 = ADVANCED_FACE ( 'NONE', ( #9219 ), #4482, .F. ) ;
#11712 = FACE_OUTER_BOUND ( 'NONE', #1517, .T. ) ;
#11713 = VECTOR ( 'NONE', #8842, 1000.000000000000000 ) ;
#11714 = FACE_BOUND ( 'NONE', #11764, .T. ) ;
#11715 = ORIENTED_EDGE ( 'NONE', *, *, #10720, .T. ) ;
#11716 = LINE ( 'NONE', #4103, #4346 ) ;
#11717 = EDGE_CURVE ( 'NONE', #3708, #5099, #3303, .T. ) ;
#11718 = ORIENTED_EDGE ( 'NONE', *, *, #1247, .F. ) ;
#11719 = ORIENTED_EDGE ( 'NONE', *, *, #10220, .F. ) ;
#11720 = EDGE_LOOP ( 'NONE', ( #3828, #6196, #7682, #7979 ) ) ;
#11721 = VECTOR ( 'NONE', #11203, 1000.000000000000000 ) ;
#11722 = CYLINDRICAL_SURFACE ( 'NONE', #7544, 0.2500000000000002220 ) ;
#11723 = CARTESIAN_POINT ( 'NONE',  ( -10.55000000000000071, 1.750000000000000000, 1.600000000000000089 ) ) ;
#11724 = DIRECTION ( 'NONE',  ( 0.000000000000000000, 0.000000000000000000, -1.000000000000000000 ) ) ;
#11725 = FACE_OUTER_BOUND ( 'NONE', #9393, .T. ) ;
#11726 = VECTOR ( 'NONE', #11614, 1000.000000000000000 ) ;
#11727 = DIRECTION ( 'NONE',  ( 0.000000000000000000, 0.000000000000000000, 1.000000000000000000 ) ) ;
#11728 = LINE ( 'NONE', #3245, #302 ) ;
#11729 = ORIENTED_EDGE ( 'NONE', *, *, #10094, .T. ) ;
#11730 = VECTOR ( 'NONE', #4256, 1000.000000000000000 ) ;
#11731 = CARTESIAN_POINT ( 'NONE',  ( -74.75000000000000000, 32.25000000000000000, 12.34999999999999964 ) ) ;
#11732 = ORIENTED_EDGE ( 'NONE', *, *, #2156, .F. ) ;
#11733 = VECTOR ( 'NONE', #1639, 1000.000000000000000 ) ;
#11734 = VECTOR ( 'NONE', #6370, 1000.000000000000000 ) ;
#11735 = ORIENTED_EDGE ( 'NONE', *, *, #5759, .F. ) ;
#11736 = ORIENTED_EDGE ( 'NONE', *, *, #9865, .F. ) ;
#11737 = DIRECTION ( 'NONE',  ( 1.000000000000000000, 0.000000000000000000, 0.000000000000000000 ) ) ;
#11738 = DIRECTION ( 'NONE',  ( -1.000000000000000000, 0.000000000000000000, 0.000000000000000000 ) ) ;
#11739 = ORIENTED_EDGE ( 'NONE', *, *, #11205, .T. ) ;
#11740 = CARTESIAN_POINT ( 'NONE',  ( -44.75000000000000000, 50.75000000000000000, 10.09999999999999964 ) ) ;
#11741 = CARTESIAN_POINT ( 'NONE',  ( -66.25000000000000000, 42.79999999999999716, 3.550000000000000266 ) ) ;
#11742 = FACE_BOUND ( 'NONE', #7261, .T. ) ;
#11743 = DIRECTION ( 'NONE',  ( 0.000000000000000000, 0.4472135954999583718, -0.8944271909999157444 ) ) ;
#11744 = CIRCLE ( 'NONE', #415, 1.000000000000000888 ) ;
#11745 = CARTESIAN_POINT ( 'NONE',  ( 4.440892098500625176E-16, 5.000000000000000000, 1.600000000000000089 ) ) ;
#11746 = EDGE_CURVE ( 'NONE', #4593, #4101, #11854, .T. ) ;
#11747 = AXIS2_PLACEMENT_3D ( 'NONE', #5815, #3590, #1038 ) ;
#11748 = EDGE_CURVE ( 'NONE', #7726, #10737, #6174, .T. ) ;
#11749 = VECTOR ( 'NONE', #6269, 1000.000000000000000 ) ;
#11750 = LINE ( 'NONE', #3206, #9433 ) ;
#11751 = ORIENTED_EDGE ( 'NONE', *, *, #528, .F. ) ;
#11752 = EDGE_CURVE ( 'NONE', #6874, #12061, #826, .T. ) ;
#11753 = CARTESIAN_POINT ( 'NONE',  ( -59.00000000000000000, 19.44999999999999929, 1.600000000000000089 ) ) ;
#11754 = ORIENTED_EDGE ( 'NONE', *, *, #6398, .T. ) ;
#11755 = CARTESIAN_POINT ( 'NONE',  ( -42.00000000000000000, 1.000000000000000000, 10.09999999999999964 ) ) ;
#11756 = AXIS2_PLACEMENT_3D ( 'NONE', #10735, #9918, #3253 ) ;
#11757 = ORIENTED_EDGE ( 'NONE', *, *, #5585, .T. ) ;
#11758 = ORIENTED_EDGE ( 'NONE', *, *, #4042, .F. ) ;
#11759 = CARTESIAN_POINT ( 'NONE',  ( -52.75000000000000000, 26.00000000000000000, 1.850000000000000089 ) ) ;
#11760 = VECTOR ( 'NONE', #11743, 999.9999999999998863 ) ;
#11761 = DIRECTION ( 'NONE',  ( 0.000000000000000000, 0.000000000000000000, 1.000000000000000000 ) ) ;
#11762 = EDGE_CURVE ( 'NONE', #6736, #5937, #3724, .T. ) ;
#11763 = VECTOR ( 'NONE', #9382, 1000.000000000000000 ) ;
#11764 = EDGE_LOOP ( 'NONE', ( #3980, #1002, #4549, #717 ) ) ;
#11765 = DIRECTION ( 'NONE',  ( 0.000000000000000000, 1.000000000000000000, 0.000000000000000000 ) ) ;
#11766 = CARTESIAN_POINT ( 'NONE',  ( -74.75000000000000000, 42.54999999999999716, 3.050000000000000266 ) ) ;
#11767 = DIRECTION ( 'NONE',  ( 0.000000000000000000, 0.000000000000000000, 1.000000000000000000 ) ) ;
#11768 = VECTOR ( 'NONE', #6124, 1000.000000000000000 ) ;
#11769 = ADVANCED_FACE ( 'NONE', ( #12167 ), #4658, .F. ) ;
#11770 = ORIENTED_EDGE ( 'NONE', *, *, #1123, .F. ) ;
#11771 = LINE ( 'NONE', #9763, #8121 ) ;
#11772 = ORIENTED_EDGE ( 'NONE', *, *, #10341, .T. ) ;
#11773 = VERTEX_POINT ( 'NONE', #6484 ) ;
#11774 = DIRECTION ( 'NONE',  ( 0.000000000000000000, 0.000000000000000000, 1.000000000000000000 ) ) ;
#11775 = DIRECTION ( 'NONE',  ( 0.000000000000000000, 0.000000000000000000, -1.000000000000000000 ) ) ;
#11776 = CARTESIAN_POINT ( 'NONE',  ( -12.94999999999999929, 1.750000000000000000, 10.09999999999999964 ) ) ;
#11777 = DIRECTION ( 'NONE',  ( -1.000000000000000000, 0.000000000000000000, 0.000000000000000000 ) ) ;
#11778 = EDGE_CURVE ( 'NONE', #2696, #1889, #1818, .T. ) ;
#11779 = CARTESIAN_POINT ( 'NONE',  ( -25.00000000000000000, 50.00000000000000000, 10.09999999999999964 ) ) ;
#11780 = ADVANCED_FACE ( 'NONE', ( #2685 ), #10273, .T. ) ;
#11781 = PLANE ( 'NONE',  #1506 ) ;
#11782 = CARTESIAN_POINT ( 'NONE',  ( -39.75000000000000000, 2.750000000000000000, 10.09999999999999964 ) ) ;
#11783 = ORIENTED_EDGE ( 'NONE', *, *, #6257, .T. ) ;
#11784 = SPHERICAL_SURFACE ( 'NONE', #1777, 0.2500000000000000000 ) ;
#11785 = ORIENTED_EDGE ( 'NONE', *, *, #1434, .F. ) ;
#11786 = VERTEX_POINT ( 'NONE', #8400 ) ;
#11787 = EDGE_CURVE ( 'NONE', #4383, #8598, #767, .T. ) ;
#11788 = ORIENTED_EDGE ( 'NONE', *, *, #6070, .T. ) ;
#11789 = EDGE_CURVE ( 'NONE', #9750, #6028, #2620, .T. ) ;
#11790 = DIRECTION ( 'NONE',  ( 0.000000000000000000, 0.000000000000000000, -1.000000000000000000 ) ) ;
#11791 = ADVANCED_FACE ( 'NONE', ( #11463 ), #9397, .F. ) ;
#11792 = DIRECTION ( 'NONE',  ( -1.000000000000000000, 0.000000000000000000, 0.000000000000000000 ) ) ;
#11793 = CARTESIAN_POINT ( 'NONE',  ( -22.25000000000000000, 1.750000000000000000, 10.09999999999999964 ) ) ;
#11794 = CARTESIAN_POINT ( 'NONE',  ( -42.25000000000000000, 50.75000000000000000, 10.09999999999999964 ) ) ;
#11795 = DIRECTION ( 'NONE',  ( 0.000000000000000000, 0.000000000000000000, -1.000000000000000000 ) ) ;
#11796 = AXIS2_PLACEMENT_3D ( 'NONE', #11922, #7378, #6433 ) ;
#11797 = ADVANCED_FACE ( 'NONE', ( #11334 ), #2811, .F. ) ;
#11798 = CARTESIAN_POINT ( 'NONE',  ( -39.75000000000000000, 1.750000000000000000, 10.09999999999999964 ) ) ;
#11799 = DIRECTION ( 'NONE',  ( 0.000000000000000000, -1.000000000000000000, 0.000000000000000000 ) ) ;
#11800 = ORIENTED_EDGE ( 'NONE', *, *, #8304, .F. ) ;
#11801 = VERTEX_POINT ( 'NONE', #5717 ) ;
#11802 = ORIENTED_EDGE ( 'NONE', *, *, #4438, .F. ) ;
#11803 = CARTESIAN_POINT ( 'NONE',  ( 0.000000000000000000, 44.94999999999999574, 4.599999999999999645 ) ) ;
#11804 = CIRCLE ( 'NONE', #9995, 0.2500000000000002220 ) ;
#11805 = VERTEX_POINT ( 'NONE', #4715 ) ;
#11806 = ADVANCED_FACE ( 'NONE', ( #3601 ), #6597, .T. ) ;
#11807 = ORIENTED_EDGE ( 'NONE', *, *, #8484, .T. ) ;
#11808 = LINE ( 'NONE', #10801, #2009 ) ;
#11809 = DIRECTION ( 'NONE',  ( -1.000000000000000000, 0.000000000000000000, 0.000000000000000000 ) ) ;
#11810 = CARTESIAN_POINT ( 'NONE',  ( -74.75000000000000000, 35.30355339059324393, 11.05000000000000071 ) ) ;
#11811 = DIRECTION ( 'NONE',  ( 1.000000000000000000, 0.000000000000000000, 0.000000000000000000 ) ) ;
#11812 = LINE ( 'NONE', #6938, #1301 ) ;
#11813 = CARTESIAN_POINT ( 'NONE',  ( 0.000000000000000000, 47.30000000000000426, 4.599999999999999645 ) ) ;
#11814 = TOROIDAL_SURFACE ( 'NONE', #2662, 2.000000000000000000, 0.2500000000000000000 ) ;
#11815 = ORIENTED_EDGE ( 'NONE', *, *, #3309, .F. ) ;
#11816 = ORIENTED_EDGE ( 'NONE', *, *, #11947, .T. ) ;
#11817 = DIRECTION ( 'NONE',  ( -0.000000000000000000, -0.000000000000000000, -1.000000000000000000 ) ) ;
#11818 = ORIENTED_EDGE ( 'NONE', *, *, #6301, .F. ) ;
#11819 = FACE_OUTER_BOUND ( 'NONE', #4293, .T. ) ;
#11820 = ORIENTED_EDGE ( 'NONE', *, *, #5680, .F. ) ;
#11821 = ADVANCED_FACE ( 'NONE', ( #9334 ), #9460, .F. ) ;
#11822 = ORIENTED_EDGE ( 'NONE', *, *, #11762, .T. ) ;
#11823 = CARTESIAN_POINT ( 'NONE',  ( -30.75000000000000000, 1.750000000000000000, 10.09999999999999964 ) ) ;
#11824 = CARTESIAN_POINT ( 'NONE',  ( -9.500000000000000000, 51.75000000000000000, 10.09999999999999964 ) ) ;
#11825 = EDGE_LOOP ( 'NONE', ( #1602, #1231, #2909, #9297 ) ) ;
#11826 = CARTESIAN_POINT ( 'NONE',  ( -2.500000000000000000, 36.00000000000000000, 1.600000000000000089 ) ) ;
#11827 = DIRECTION ( 'NONE',  ( -0.000000000000000000, -1.000000000000000000, -0.000000000000000000 ) ) ;
#11828 = VECTOR ( 'NONE', #8103, 1000.000000000000000 ) ;
#11829 = DIRECTION ( 'NONE',  ( 1.000000000000000000, 0.000000000000000000, 0.000000000000000000 ) ) ;
#11830 = VECTOR ( 'NONE', #9133, 1000.000000000000000 ) ;
#11831 = VERTEX_POINT ( 'NONE', #8526 ) ;
#11832 = VECTOR ( 'NONE', #7901, 1000.000000000000000 ) ;
#11833 = PLANE ( 'NONE',  #972 ) ;
#11834 = VERTEX_POINT ( 'NONE', #7476 ) ;
#11835 = LINE ( 'NONE', #2546, #1804 ) ;
#11836 = CARTESIAN_POINT ( 'NONE',  ( -2.200000000000000178, 28.60000000000000142, 10.59999999999999964 ) ) ;
#11837 = SURFACE_SIDE_STYLE ('',( #1559 ) ) ;
#11838 = EDGE_CURVE ( 'NONE', #9709, #9622, #3792, .T. ) ;
#11839 = DIRECTION ( 'NONE',  ( -0.000000000000000000, 1.000000000000000000, -0.000000000000000000 ) ) ;
#11840 = DIRECTION ( 'NONE',  ( 0.000000000000000000, 0.000000000000000000, -1.000000000000000000 ) ) ;
#11841 = AXIS2_PLACEMENT_3D ( 'NONE', #903, #10475, #2763 ) ;
#11842 = VECTOR ( 'NONE', #11666, 1000.000000000000000 ) ;
#11843 = DIRECTION ( 'NONE',  ( 0.000000000000000000, 0.000000000000000000, 1.000000000000000000 ) ) ;
#11844 = EDGE_CURVE ( 'NONE', #1773, #7080, #4788, .T. ) ;
#11845 = CARTESIAN_POINT ( 'NONE',  ( -52.75000000000000000, 24.00000000000000000, 2.350000000000000089 ) ) ;
#11846 = DIRECTION ( 'NONE',  ( 0.000000000000000000, -1.000000000000000000, 0.000000000000000000 ) ) ;
#11847 = VERTEX_POINT ( 'NONE', #7657 ) ;
#11848 = AXIS2_PLACEMENT_3D ( 'NONE', #7056, #6806, #11606 ) ;
#11849 = VECTOR ( 'NONE', #5421, 1000.000000000000000 ) ;
#11850 = CARTESIAN_POINT ( 'NONE',  ( -28.75000000000000000, 51.75000000000000000, 1.600000000000000089 ) ) ;
#11851 = ORIENTED_EDGE ( 'NONE', *, *, #10440, .T. ) ;
#11852 = ORIENTED_EDGE ( 'NONE', *, *, #7668, .F. ) ;
#11853 = FACE_OUTER_BOUND ( 'NONE', #11432, .T. ) ;
#11854 = LINE ( 'NONE', #7109, #11134 ) ;
#11855 = FACE_OUTER_BOUND ( 'NONE', #10317, .T. ) ;
#11856 = FACE_OUTER_BOUND ( 'NONE', #8647, .T. ) ;
#11857 = CARTESIAN_POINT ( 'NONE',  ( -25.75000000000000000, 1.750000000000000000, 10.09999999999999964 ) ) ;
#11858 = VECTOR ( 'NONE', #873, 1000.000000000000000 ) ;
#11859 = AXIS2_PLACEMENT_3D ( 'NONE', #4330, #8143, #1433 ) ;
#11860 = CARTESIAN_POINT ( 'NONE',  ( -39.75000000000000000, 2.750000000000000000, 1.600000000000000089 ) ) ;
#11861 = DIRECTION ( 'NONE',  ( 0.000000000000000000, -1.000000000000000000, 0.000000000000000000 ) ) ;
#11862 = ORIENTED_EDGE ( 'NONE', *, *, #1848, .F. ) ;
#11863 = ORIENTED_EDGE ( 'NONE', *, *, #7676, .F. ) ;
#11864 = ORIENTED_EDGE ( 'NONE', *, *, #2215, .T. ) ;
#11865 = CARTESIAN_POINT ( 'NONE',  ( 0.000000000000000000, 45.65000000000000568, 4.599999999999999645 ) ) ;
#11866 = LINE ( 'NONE', #5122, #6377 ) ;
#11867 = EDGE_CURVE ( 'NONE', #981, #2875, #6716, .T. ) ;
#11868 = DIRECTION ( 'NONE',  ( 0.000000000000000000, 1.000000000000000000, 0.000000000000000000 ) ) ;
#11869 = FACE_OUTER_BOUND ( 'NONE', #8800, .T. ) ;
#11870 = CARTESIAN_POINT ( 'NONE',  ( -9.549999999999998934, 2.750000000000000000, 10.09999999999999964 ) ) ;
#11871 = DIRECTION ( 'NONE',  ( 0.000000000000000000, 0.000000000000000000, -1.000000000000000000 ) ) ;
#11872 = LINE ( 'NONE', #10868, #11760 ) ;
#11873 = CARTESIAN_POINT ( 'NONE',  ( -52.75000000000000000, 26.00000000000000000, 3.600000000000000089 ) ) ;
#11874 = VERTEX_POINT ( 'NONE', #9277 ) ;
#11875 = CARTESIAN_POINT ( 'NONE',  ( -4.549999999999999822, 26.20000000000000284, 10.59999999999999964 ) ) ;
#11876 = ORIENTED_EDGE ( 'NONE', *, *, #2537, .T. ) ;
#11877 = VERTEX_POINT ( 'NONE', #7420 ) ;
#11878 = CARTESIAN_POINT ( 'NONE',  ( -59.00000000000000000, 20.50000000000000000, 3.350000000000000089 ) ) ;
#11879 = ORIENTED_EDGE ( 'NONE', *, *, #9590, .T. ) ;
#11880 = CARTESIAN_POINT ( 'NONE',  ( -50.00000000000000000, 9.000000000000000000, 6.850000000000000533 ) ) ;
#11881 = EDGE_LOOP ( 'NONE', ( #11295, #9512, #6769, #11410 ) ) ;
#11882 = ORIENTED_EDGE ( 'NONE', *, *, #10966, .T. ) ;
#11883 = CARTESIAN_POINT ( 'NONE',  ( -23.25000000000000000, 1.750000000000000000, 10.09999999999999964 ) ) ;
#11884 = PLANE ( 'NONE',  #223 ) ;
#11885 = VERTEX_POINT ( 'NONE', #11216 ) ;
#11886 = CARTESIAN_POINT ( 'NONE',  ( -3.500000000000000000, 1.000000000000000000, 10.09999999999999964 ) ) ;
#11887 = DIRECTION ( 'NONE',  ( 0.000000000000000000, 0.000000000000000000, 1.000000000000000000 ) ) ;
#11888 = EDGE_LOOP ( 'NONE', ( #4060, #224, #7958, #9743 ) ) ;
#11889 = EDGE_CURVE ( 'NONE', #7962, #997, #3183, .T. ) ;
#11890 = PLANE ( 'NONE',  #10447 ) ;
#11891 = ORIENTED_EDGE ( 'NONE', *, *, #7103, .T. ) ;
#11892 = PLANE ( 'NONE',  #11506 ) ;
#11893 = DIRECTION ( 'NONE',  ( 0.000000000000000000, 1.000000000000000000, 0.000000000000000000 ) ) ;
#11894 = CARTESIAN_POINT ( 'NONE',  ( -9.549999999999998934, 2.750000000000000000, 10.09999999999999964 ) ) ;
#11895 = LINE ( 'NONE', #4153, #798 ) ;
#11896 = DIRECTION ( 'NONE',  ( 1.000000000000000000, 0.000000000000000000, 0.000000000000000000 ) ) ;
#11897 = LINE ( 'NONE', #2123, #12045 ) ;
#11898 = AXIS2_PLACEMENT_3D ( 'NONE', #7663, #4723, #5722 ) ;
#11899 = EDGE_CURVE ( 'NONE', #4264, #2209, #6784, .T. ) ;
#11900 = DIRECTION ( 'NONE',  ( -1.000000000000000000, 0.000000000000000000, 0.000000000000000000 ) ) ;
#11901 = DIRECTION ( 'NONE',  ( -1.000000000000000000, 0.000000000000000000, 0.000000000000000000 ) ) ;
#11902 = EDGE_CURVE ( 'NONE', #1678, #10217, #1317, .T. ) ;
#11903 = ORIENTED_EDGE ( 'NONE', *, *, #902, .T. ) ;
#11904 = VECTOR ( 'NONE', #8583, 1000.000000000000000 ) ;
#11905 = EDGE_LOOP ( 'NONE', ( #3153, #10604, #10373, #3518 ) ) ;
#11906 = VERTEX_POINT ( 'NONE', #3107 ) ;
#11907 = ADVANCED_FACE ( 'NONE', ( #3228 ), #11516, .F. ) ;
#11908 = CARTESIAN_POINT ( 'NONE',  ( -47.25000000000000000, 0.000000000000000000, 4.599999999999999645 ) ) ;
#11909 = CARTESIAN_POINT ( 'NONE',  ( -26.25000000000000000, 51.75000000000000000, 1.600000000000000089 ) ) ;
#11910 = CARTESIAN_POINT ( 'NONE',  ( -67.50000000000000000, 3.500000000000000000, 7.599999999999999645 ) ) ;
#11911 = LINE ( 'NONE', #6048, #1993 ) ;
#11912 = FACE_OUTER_BOUND ( 'NONE', #88, .T. ) ;
#11913 = AXIS2_PLACEMENT_3D ( 'NONE', #1974, #47, #3829 ) ;
#11914 = DIRECTION ( 'NONE',  ( 1.000000000000000000, 0.000000000000000000, 0.000000000000000000 ) ) ;
#11915 = DIRECTION ( 'NONE',  ( 1.000000000000000000, 0.000000000000000000, 0.000000000000000000 ) ) ;
#11916 = EDGE_LOOP ( 'NONE', ( #6560, #7334, #8923, #6579 ) ) ;
#11917 = EDGE_CURVE ( 'NONE', #11213, #63, #9542, .T. ) ;
#11918 = TOROIDAL_SURFACE ( 'NONE', #5941, 0.5000000000000000000, 0.2500000000000000000 ) ;
#11919 = ORIENTED_EDGE ( 'NONE', *, *, #11296, .F. ) ;
#11920 = VERTEX_POINT ( 'NONE', #6031 ) ;
#11921 = DIRECTION ( 'NONE',  ( -0.000000000000000000, -0.7071067811865470176, 0.7071067811865480168 ) ) ;
#11922 = CARTESIAN_POINT ( 'NONE',  ( -21.00000000000000000, 1.000000000000000000, 10.09999999999999964 ) ) ;
#11923 = AXIS2_PLACEMENT_3D ( 'NONE', #1976, #7584, #9501 ) ;
#11924 = ORIENTED_EDGE ( 'NONE', *, *, #3702, .T. ) ;
#11925 = CARTESIAN_POINT ( 'NONE',  ( -52.75000000000000000, 44.00000000000000000, 1.600000000000000089 ) ) ;
#11926 = LINE ( 'NONE', #1284, #1675 ) ;
#11927 = CARTESIAN_POINT ( 'NONE',  ( -74.75000000000000000, 32.00000000000000000, 12.59999999999999964 ) ) ;
#11928 = LINE ( 'NONE', #6129, #9633 ) ;
#11929 = ADVANCED_FACE ( 'NONE', ( #377 ), #2121, .T. ) ;
#11930 = VECTOR ( 'NONE', #9960, 1000.000000000000000 ) ;
#11931 = DIRECTION ( 'NONE',  ( 0.000000000000000000, 1.000000000000000000, 0.000000000000000000 ) ) ;
#11932 = EDGE_LOOP ( 'NONE', ( #1633, #641, #9979, #9210 ) ) ;
#11933 = AXIS2_PLACEMENT_3D ( 'NONE', #6202, #10116, #5507 ) ;
#11934 = DIRECTION ( 'NONE',  ( 0.000000000000000000, 1.000000000000000000, 0.000000000000000000 ) ) ;
#11935 = ORIENTED_EDGE ( 'NONE', *, *, #9157, .T. ) ;
#11936 = EDGE_CURVE ( 'NONE', #2769, #8844, #2179, .T. ) ;
#11937 = CARTESIAN_POINT ( 'NONE',  ( 0.000000000000000000, 30.30000000000000071, 4.599999999999999645 ) ) ;
#11938 = VERTEX_POINT ( 'NONE', #7783 ) ;
#11939 = ORIENTED_EDGE ( 'NONE', *, *, #9307, .F. ) ;
#11940 = FACE_BOUND ( 'NONE', #7770, .T. ) ;
#11941 = DIRECTION ( 'NONE',  ( 1.000000000000000000, 0.000000000000000000, 0.000000000000000000 ) ) ;
#11942 = AXIS2_PLACEMENT_3D ( 'NONE', #597, #4373, #11108 ) ;
#11943 = ORIENTED_EDGE ( 'NONE', *, *, #632, .F. ) ;
#11944 = EDGE_CURVE ( 'NONE', #9570, #4797, #4154, .T. ) ;
#11945 = CARTESIAN_POINT ( 'NONE',  ( -50.35000000000000142, 48.00000000000000000, 10.59999999999999964 ) ) ;
#11946 = PLANE ( 'NONE',  #8209 ) ;
#11947 = EDGE_CURVE ( 'NONE', #1216, #4027, #1414, .T. ) ;
#11948 = AXIS2_PLACEMENT_3D ( 'NONE', #7360, #11158, #6421 ) ;
#11949 = AXIS2_PLACEMENT_3D ( 'NONE', #7251, #5191, #9982 ) ;
#11950 = DIRECTION ( 'NONE',  ( 0.000000000000000000, 0.000000000000000000, 1.000000000000000000 ) ) ;
#11951 = EDGE_CURVE ( 'NONE', #12253, #6739, #9643, .T. ) ;
#11952 = FACE_OUTER_BOUND ( 'NONE', #1274, .T. ) ;
#11953 = EDGE_CURVE ( 'NONE', #3312, #1773, #2246, .T. ) ;
#11954 = AXIS2_PLACEMENT_3D ( 'NONE', #10155, #9338, #11338 ) ;
#11955 = VERTEX_POINT ( 'NONE', #4900 ) ;
#11956 = VECTOR ( 'NONE', #7162, 1000.000000000000000 ) ;
#11957 = VECTOR ( 'NONE', #2670, 1000.000000000000000 ) ;
#11958 = CARTESIAN_POINT ( 'NONE',  ( -75.00000000000000000, 35.50000000000000000, 5.799999999999999822 ) ) ;
#11959 = DIRECTION ( 'NONE',  ( 0.000000000000000000, -1.000000000000000000, 0.000000000000000000 ) ) ;
#11960 = FACE_OUTER_BOUND ( 'NONE', #2503, .T. ) ;
#11961 = PLANE ( 'NONE',  #11202 ) ;
#11962 = ADVANCED_FACE ( 'NONE', ( #6903 ), #3382, .T. ) ;
#11963 = AXIS2_PLACEMENT_3D ( 'NONE', #10244, #8195, #12006 ) ;
#11964 = LINE ( 'NONE', #9767, #1583 ) ;
#11965 = CARTESIAN_POINT ( 'NONE',  ( -27.25000000000000000, 50.75000000000000000, 10.09999999999999964 ) ) ;
#11966 = VECTOR ( 'NONE', #10353, 1000.000000000000000 ) ;
#11967 = FACE_OUTER_BOUND ( 'NONE', #4823, .T. ) ;
#11968 = CARTESIAN_POINT ( 'NONE',  ( -44.75000000000000000, 51.75000000000000000, 10.09999999999999964 ) ) ;
#11969 = ORIENTED_EDGE ( 'NONE', *, *, #8266, .T. ) ;
#11970 = LINE ( 'NONE', #2440, #2945 ) ;
#11971 = EDGE_LOOP ( 'NONE', ( #8447, #728, #3996, #2254 ) ) ;
#11972 = VERTEX_POINT ( 'NONE', #3968 ) ;
#11973 = EDGE_LOOP ( 'NONE', ( #7405, #3149, #3445, #7460 ) ) ;
#11974 = ORIENTED_EDGE ( 'NONE', *, *, #9749, .F. ) ;
#11975 = ADVANCED_FACE ( 'NONE', ( #10644 ), #9828, .F. ) ;
#11976 = DIRECTION ( 'NONE',  ( 0.000000000000000000, 0.000000000000000000, -1.000000000000000000 ) ) ;
#11977 = PLANE ( 'NONE',  #203 ) ;
#11978 = CARTESIAN_POINT ( 'NONE',  ( -47.95000000000000284, 45.65000000000000568, 10.59999999999999964 ) ) ;
#11979 = DIRECTION ( 'NONE',  ( 0.000000000000000000, -1.387778780781444413E-14, -1.000000000000000000 ) ) ;
#11980 = EDGE_CURVE ( 'NONE', #5876, #2736, #2989, .T. ) ;
#11981 = LINE ( 'NONE', #3422, #5468 ) ;
#11982 = DIRECTION ( 'NONE',  ( 0.000000000000000000, 0.000000000000000000, -1.000000000000000000 ) ) ;
#11983 = LINE ( 'NONE', #9465, #6706 ) ;
#11984 = EDGE_LOOP ( 'NONE', ( #9992, #759, #10326, #9073 ) ) ;
#11985 = VERTEX_POINT ( 'NONE', #5782 ) ;
#11986 = ORIENTED_EDGE ( 'NONE', *, *, #8734, .T. ) ;
#11987 = DIRECTION ( 'NONE',  ( 0.000000000000000000, 0.000000000000000000, -1.000000000000000000 ) ) ;
#11988 = CARTESIAN_POINT ( 'NONE',  ( -66.00000000000000000, 33.70000000000000284, 9.696446609406731199 ) ) ;
#11989 = CARTESIAN_POINT ( 'NONE',  ( -59.00000000000000000, 17.10000000000000142, 1.600000000000000089 ) ) ;
#11990 = DIRECTION ( 'NONE',  ( 0.000000000000000000, 0.000000000000000000, -1.000000000000000000 ) ) ;
#11991 = DIRECTION ( 'NONE',  ( 0.000000000000000000, -1.000000000000000000, 0.000000000000000000 ) ) ;
#11992 = VECTOR ( 'NONE', #12051, 1000.000000000000000 ) ;
#11993 = CARTESIAN_POINT ( 'NONE',  ( -3.750000000000000000, 11.50000000000000000, 1.600000000000000089 ) ) ;
#11994 = DIRECTION ( 'NONE',  ( 1.000000000000000000, 0.000000000000000000, 0.000000000000000000 ) ) ;
#11995 = EDGE_CURVE ( 'NONE', #4852, #10634, #10346, .T. ) ;
#11996 = DIRECTION ( 'NONE',  ( 0.000000000000000000, 0.000000000000000000, -1.000000000000000000 ) ) ;
#11997 = ORIENTED_EDGE ( 'NONE', *, *, #10765, .F. ) ;
#11998 = ADVANCED_FACE ( 'NONE', ( #3909 ), #314, .T. ) ;
#11999 = LINE ( 'NONE', #8249, #11452 ) ;
#12000 = ORIENTED_EDGE ( 'NONE', *, *, #7761, .F. ) ;
#12001 = VECTOR ( 'NONE', #9504, 1000.000000000000000 ) ;
#12002 = LINE ( 'NONE', #8251, #8521 ) ;
#12003 = ORIENTED_EDGE ( 'NONE', *, *, #4717, .T. ) ;
#12004 = ORIENTED_EDGE ( 'NONE', *, *, #6033, .T. ) ;
#12005 = DIRECTION ( 'NONE',  ( 1.000000000000000000, -4.625929269271489858E-16, 0.000000000000000000 ) ) ;
#12006 = DIRECTION ( 'NONE',  ( 0.000000000000000000, 0.000000000000000000, 1.000000000000000000 ) ) ;
#12007 = EDGE_CURVE ( 'NONE', #6028, #2985, #5162, .T. ) ;
#12008 = ORIENTED_EDGE ( 'NONE', *, *, #11139, .F. ) ;
#12009 = CARTESIAN_POINT ( 'NONE',  ( -40.75000000000000000, 1.750000000000000000, 10.09999999999999964 ) ) ;
#12010 = CARTESIAN_POINT ( 'NONE',  ( -2.500000000000000000, 52.00000000000000000, 1.600000000000000089 ) ) ;
#12011 = VERTEX_POINT ( 'NONE', #7228 ) ;
#12012 = CARTESIAN_POINT ( 'NONE',  ( -46.00000000000000000, 32.25000000000000000, 2.600000000000000089 ) ) ;
#12013 = VECTOR ( 'NONE', #8198, 1000.000000000000000 ) ;
#12014 = LINE ( 'NONE', #3400, #9624 ) ;
#12015 = EDGE_CURVE ( 'NONE', #3858, #6060, #1442, .T. ) ;
#12016 = ORIENTED_EDGE ( 'NONE', *, *, #5272, .T. ) ;
#12017 = LINE ( 'NONE', #7220, #4338 ) ;
#12018 = EDGE_CURVE ( 'NONE', #3129, #1727, #5407, .T. ) ;
#12019 = DIRECTION ( 'NONE',  ( 0.000000000000000000, 1.000000000000000000, 0.000000000000000000 ) ) ;
#12020 = CIRCLE ( 'NONE', #5632, 0.2500000000000002220 ) ;
#12021 = CARTESIAN_POINT ( 'NONE',  ( -58.50000000000000000, 44.25000000000000000, 1.600000000000000089 ) ) ;
#12022 = LINE ( 'NONE', #2309, #11591 ) ;
#12023 = ADVANCED_FACE ( 'NONE', ( #4467 ), #11078, .F. ) ;
#12024 = DIRECTION ( 'NONE',  ( -1.000000000000000000, 0.000000000000000000, 0.000000000000000000 ) ) ;
#12025 = CARTESIAN_POINT ( 'NONE',  ( -39.75000000000000000, 2.750000000000000000, 10.09999999999999964 ) ) ;
#12026 = CARTESIAN_POINT ( 'NONE',  ( -65.50000000000000000, 52.50000000000000000, 3.850000000000000089 ) ) ;
#12027 = AXIS2_PLACEMENT_3D ( 'NONE', #3398, #4901, #2247 ) ;
#12028 = CARTESIAN_POINT ( 'NONE',  ( -46.00000000000000000, 32.25000000000000000, 2.600000000000000089 ) ) ;
#12029 = ORIENTED_EDGE ( 'NONE', *, *, #2951, .F. ) ;
#12030 = EDGE_CURVE ( 'NONE', #7288, #5016, #4340, .T. ) ;
#12031 = DIRECTION ( 'NONE',  ( 0.000000000000000000, 0.000000000000000000, -1.000000000000000000 ) ) ;
#12032 = ORIENTED_EDGE ( 'NONE', *, *, #2924, .T. ) ;
#12033 = ORIENTED_EDGE ( 'NONE', *, *, #5313, .T. ) ;
#12034 = VERTEX_POINT ( 'NONE', #5225 ) ;
#12035 = ORIENTED_EDGE ( 'NONE', *, *, #4232, .F. ) ;
#12036 = VECTOR ( 'NONE', #9419, 1000.000000000000000 ) ;
#12037 = VECTOR ( 'NONE', #9417, 1000.000000000000000 ) ;
#12038 = DIRECTION ( 'NONE',  ( -1.000000000000000000, -0.000000000000000000, -0.000000000000000000 ) ) ;
#12039 = FACE_BOUND ( 'NONE', #6669, .T. ) ;
#12040 = CARTESIAN_POINT ( 'NONE',  ( -55.00000000000000000, 26.00000000000000000, 1.600000000000000089 ) ) ;
#12041 = CARTESIAN_POINT ( 'NONE',  ( -23.00000000000000000, 51.75000000000000000, 10.09999999999999964 ) ) ;
#12042 = DIRECTION ( 'NONE',  ( -1.000000000000000000, 0.000000000000000000, 0.000000000000000000 ) ) ;
#12043 = CARTESIAN_POINT ( 'NONE',  ( -41.25000000000000000, 50.75000000000000000, 1.600000000000000089 ) ) ;
#12044 = VECTOR ( 'NONE', #9099, 1000.000000000000000 ) ;
#12045 = VECTOR ( 'NONE', #9025, 1000.000000000000000 ) ;
#12046 = CARTESIAN_POINT ( 'NONE',  ( -69.00000000000000000, 8.000000000000000000, 6.849999999999999645 ) ) ;
#12047 = ORIENTED_EDGE ( 'NONE', *, *, #6844, .T. ) ;
#12048 = EDGE_LOOP ( 'NONE', ( #7266, #239, #2738, #9821 ) ) ;
#12049 = VERTEX_POINT ( 'NONE', #8152 ) ;
#12050 = CARTESIAN_POINT ( 'NONE',  ( -5.750000000000000000, 1.750000000000000000, 1.600000000000000089 ) ) ;
#12051 = DIRECTION ( 'NONE',  ( 0.000000000000000000, 0.000000000000000000, -1.000000000000000000 ) ) ;
#12052 = DIRECTION ( 'NONE',  ( -0.000000000000000000, 1.000000000000000000, 0.000000000000000000 ) ) ;
#12053 = DIRECTION ( 'NONE',  ( 1.000000000000000000, 0.000000000000000000, 0.000000000000000000 ) ) ;
#12054 = FACE_OUTER_BOUND ( 'NONE', #7083, .T. ) ;
#12055 = AXIS2_PLACEMENT_3D ( 'NONE', #10994, #6258, #5443 ) ;
#12056 = AXIS2_PLACEMENT_3D ( 'NONE', #7151, #303, #2237 ) ;
#12057 = CARTESIAN_POINT ( 'NONE',  ( -52.75000000000000000, 28.00000000000000000, 2.100000000000000089 ) ) ;
#12058 = LINE ( 'NONE', #727, #2485 ) ;
#12059 = ORIENTED_EDGE ( 'NONE', *, *, #12073, .T. ) ;
#12060 = DIRECTION ( 'NONE',  ( 0.000000000000000000, 0.000000000000000000, -1.000000000000000000 ) ) ;
#12061 = VERTEX_POINT ( 'NONE', #8273 ) ;
#12062 = CARTESIAN_POINT ( 'NONE',  ( -2.899999999999999911, 27.90000000000000213, 10.59999999999999964 ) ) ;
#12063 = AXIS2_PLACEMENT_3D ( 'NONE', #9296, #9118, #3566 ) ;
#12064 = ORIENTED_EDGE ( 'NONE', *, *, #9336, .T. ) ;
#12065 = ADVANCED_FACE ( 'NONE', ( #12084 ), #504, .F. ) ;
#12066 = ORIENTED_EDGE ( 'NONE', *, *, #8607, .T. ) ;
#12067 = ORIENTED_EDGE ( 'NONE', *, *, #3176, .T. ) ;
#12068 = CARTESIAN_POINT ( 'NONE',  ( -74.75000000000000000, 35.30355339059324393, 11.29999999999999893 ) ) ;
#12069 = PLANE ( 'NONE',  #7183 ) ;
#12070 = ORIENTED_EDGE ( 'NONE', *, *, #3370, .F. ) ;
#12071 = CARTESIAN_POINT ( 'NONE',  ( -5.500000000000000000, 50.75000000000000000, 10.09999999999999964 ) ) ;
#12072 = LINE ( 'NONE', #7505, #6624 ) ;
#12073 = EDGE_CURVE ( 'NONE', #2985, #12162, #11144, .T. ) ;
#12074 = DIRECTION ( 'NONE',  ( -1.000000000000000000, 0.000000000000000000, 0.000000000000000000 ) ) ;
#12075 = CARTESIAN_POINT ( 'NONE',  ( -28.25000000000000000, 2.750000000000000000, 10.09999999999999964 ) ) ;
#12076 = ORIENTED_EDGE ( 'NONE', *, *, #4902, .T. ) ;
#12077 = CARTESIAN_POINT ( 'NONE',  ( -4.750000000000000000, 1.750000000000000000, 1.600000000000000089 ) ) ;
#12078 = CARTESIAN_POINT ( 'NONE',  ( -5.250000000000000000, 27.90000000000000213, 4.599999999999999645 ) ) ;
#12079 = EDGE_CURVE ( 'NONE', #9123, #3720, #10833, .T. ) ;
#12080 = ORIENTED_EDGE ( 'NONE', *, *, #5423, .F. ) ;
#12081 = LINE ( 'NONE', #6521, #11763 ) ;
#12082 = CARTESIAN_POINT ( 'NONE',  ( -67.50000000000000000, 8.000000000000000000, 7.599999999999999645 ) ) ;
#12083 = CARTESIAN_POINT ( 'NONE',  ( -5.250000000000000000, 31.00000000000000000, 4.599999999999999645 ) ) ;
#12084 = FACE_OUTER_BOUND ( 'NONE', #11082, .T. ) ;
#12085 = CARTESIAN_POINT ( 'NONE',  ( -22.25000000000000000, 2.750000000000000000, 1.600000000000000089 ) ) ;
#12086 = CARTESIAN_POINT ( 'NONE',  ( -6.250000000000000000, 25.50000000000000000, 4.599999999999999645 ) ) ;
#12087 = VERTEX_POINT ( 'NONE', #9207 ) ;
#12088 = EDGE_CURVE ( 'NONE', #9284, #3982, #3408, .T. ) ;
#12089 = DIRECTION ( 'NONE',  ( 0.000000000000000000, -1.000000000000000000, 0.000000000000000000 ) ) ;
#12090 = ORIENTED_EDGE ( 'NONE', *, *, #586, .F. ) ;
#12091 = ORIENTED_EDGE ( 'NONE', *, *, #2751, .F. ) ;
#12092 = ORIENTED_EDGE ( 'NONE', *, *, #1432, .F. ) ;
#12093 = AXIS2_PLACEMENT_3D ( 'NONE', #6926, #4995, #5929 ) ;
#12094 = DIRECTION ( 'NONE',  ( 0.7071067811865470176, -0.7071067811865480168, 0.000000000000000000 ) ) ;
#12095 = CARTESIAN_POINT ( 'NONE',  ( -49.75000000000000000, 51.75000000000000000, 10.09999999999999964 ) ) ;
#12096 = CARTESIAN_POINT ( 'NONE',  ( -27.25000000000000000, 50.75000000000000000, 1.600000000000000089 ) ) ;
#12097 = ADVANCED_FACE ( 'NONE', ( #11016 ), #633, .T. ) ;
#12098 = FACE_OUTER_BOUND ( 'NONE', #3246, .T. ) ;
#12099 = CARTESIAN_POINT ( 'NONE',  ( -3.500000000000000000, 3.500000000000000000, 10.09999999999999964 ) ) ;
#12100 = EDGE_CURVE ( 'NONE', #4748, #6986, #5284, .T. ) ;
#12101 = DIRECTION ( 'NONE',  ( 0.000000000000000000, 0.000000000000000000, 1.000000000000000000 ) ) ;
#12102 = ADVANCED_FACE ( 'NONE', ( #6100 ), #6159, .F. ) ;
#12103 = VECTOR ( 'NONE', #3475, 1000.000000000000000 ) ;
#12104 = CARTESIAN_POINT ( 'NONE',  ( -58.75000000000000000, 32.00000000000000000, 1.600000000000000089 ) ) ;
#12105 = ORIENTED_EDGE ( 'NONE', *, *, #9518, .T. ) ;
#12106 =( BOUNDED_CURVE ( )  B_SPLINE_CURVE ( 3, ( #4173, #3304, #9782, #8907 ),
 .UNSPECIFIED., .F., .F. ) 
 B_SPLINE_CURVE_WITH_KNOTS ( ( 4, 4 ),
 ( 0.7853981633973474707, 1.570796326794896558 ),
 .UNSPECIFIED. ) 
 CURVE ( )  GEOMETRIC_REPRESENTATION_ITEM ( )  RATIONAL_B_SPLINE_CURVE ( ( 1.000000000000000000, 0.9492530216741782434, 0.9492530216741782434, 1.000000000000000000 ) ) 
 REPRESENTATION_ITEM ( '' )  );
#12107 = ORIENTED_EDGE ( 'NONE', *, *, #2577, .F. ) ;
#12108 = ORIENTED_EDGE ( 'NONE', *, *, #7453, .F. ) ;
#12109 = DIRECTION ( 'NONE',  ( 0.000000000000000000, 0.000000000000000000, -1.000000000000000000 ) ) ;
#12110 = DIRECTION ( 'NONE',  ( 1.000000000000000000, 0.000000000000000000, 0.000000000000000000 ) ) ;
#12111 = DIRECTION ( 'NONE',  ( 0.000000000000000000, 1.000000000000000000, 0.000000000000000000 ) ) ;
#12112 = CARTESIAN_POINT ( 'NONE',  ( -57.50000000000000000, 3.500000000000000000, 12.59999999999999964 ) ) ;
#12113 = CARTESIAN_POINT ( 'NONE',  ( -37.25000000000000000, 50.75000000000000000, 10.09999999999999964 ) ) ;
#12114 = EDGE_CURVE ( 'NONE', #12011, #12087, #6284, .T. ) ;
#12115 = DIRECTION ( 'NONE',  ( 0.000000000000000000, 0.000000000000000000, -1.000000000000000000 ) ) ;
#12116 = VECTOR ( 'NONE', #7154, 1000.000000000000000 ) ;
#12117 = CARTESIAN_POINT ( 'NONE',  ( -41.25000000000000000, 50.75000000000000000, 1.600000000000000089 ) ) ;
#12118 = CARTESIAN_POINT ( 'NONE',  ( -32.25000000000000000, 2.750000000000000000, 1.600000000000000089 ) ) ;
#12119 = ORIENTED_EDGE ( 'NONE', *, *, #5469, .T. ) ;
#12120 = AXIS2_PLACEMENT_3D ( 'NONE', #9352, #8415, #5552 ) ;
#12121 = LINE ( 'NONE', #7318, #4291 ) ;
#12122 = ORIENTED_EDGE ( 'NONE', *, *, #7421, .F. ) ;
#12123 = VECTOR ( 'NONE', #9896, 1000.000000000000000 ) ;
#12124 = VERTEX_POINT ( 'NONE', #1378 ) ;
#12125 = ORIENTED_EDGE ( 'NONE', *, *, #11179, .T. ) ;
#12126 = CARTESIAN_POINT ( 'NONE',  ( -19.50000000000000000, 51.75000000000000000, 1.600000000000000089 ) ) ;
#12127 = DIRECTION ( 'NONE',  ( 0.000000000000000000, 1.000000000000000000, 0.000000000000000000 ) ) ;
#12128 = ORIENTED_EDGE ( 'NONE', *, *, #8503, .F. ) ;
#12129 = ADVANCED_FACE ( 'NONE', ( #1562 ), #5344, .F. ) ;
#12130 = DIRECTION ( 'NONE',  ( 0.000000000000000000, 0.000000000000000000, -1.000000000000000000 ) ) ;
#12131 = DIRECTION ( 'NONE',  ( -1.000000000000000000, 0.000000000000000000, 0.000000000000000000 ) ) ;
#12132 = ADVANCED_FACE ( 'NONE', ( #3293 ), #8026, .T. ) ;
#12133 = AXIS2_PLACEMENT_3D ( 'NONE', #1129, #1005, #3847 ) ;
#12134 = DIRECTION ( 'NONE',  ( 0.000000000000000000, 1.000000000000000000, 0.000000000000000000 ) ) ;
#12135 = VECTOR ( 'NONE', #11315, 1000.000000000000000 ) ;
#12136 = EDGE_CURVE ( 'NONE', #1662, #9871, #4769, .T. ) ;
#12137 = LINE ( 'NONE', #1616, #5075 ) ;
#12138 = VERTEX_POINT ( 'NONE', #2618 ) ;
#12139 = EDGE_CURVE ( 'NONE', #787, #113, #7754, .T. ) ;
#12140 = DIRECTION ( 'NONE',  ( -0.7071067811865480168, -0.7071067811865470176, 0.000000000000000000 ) ) ;
#12141 = AXIS2_PLACEMENT_3D ( 'NONE', #2279, #11322, #4831 ) ;
#12142 = ORIENTED_EDGE ( 'NONE', *, *, #2585, .F. ) ;
#12143 = AXIS2_PLACEMENT_3D ( 'NONE', #8416, #9473, #11288 ) ;
#12144 = VECTOR ( 'NONE', #6728, 1000.000000000000000 ) ;
#12145 = ORIENTED_EDGE ( 'NONE', *, *, #10774, .F. ) ;
#12146 = CARTESIAN_POINT ( 'NONE',  ( -31.25000000000000000, 50.75000000000000000, 1.600000000000000089 ) ) ;
#12147 = DIRECTION ( 'NONE',  ( -1.000000000000000000, 0.000000000000000000, 0.000000000000000000 ) ) ;
#12148 = PLANE ( 'NONE',  #8529 ) ;
#12149 = LINE ( 'NONE', #10612, #6965 ) ;
#12150 = ORIENTED_EDGE ( 'NONE', *, *, #8104, .F. ) ;
#12151 = CARTESIAN_POINT ( 'NONE',  ( -5.500000000000000000, 51.75000000000000000, 10.09999999999999964 ) ) ;
#12152 = VECTOR ( 'NONE', #1437, 1000.000000000000000 ) ;
#12153 = EDGE_CURVE ( 'NONE', #3313, #217, #160, .T. ) ;
#12154 = CIRCLE ( 'NONE', #7174, 0.2500000000000002220 ) ;
#12155 = AXIS2_PLACEMENT_3D ( 'NONE', #2716, #10060, #12130 ) ;
#12156 = PLANE ( 'NONE',  #7471 ) ;
#12157 = ORIENTED_EDGE ( 'NONE', *, *, #7943, .F. ) ;
#12158 = FACE_OUTER_BOUND ( 'NONE', #11916, .T. ) ;
#12159 = EDGE_LOOP ( 'NONE', ( #3416, #845, #4997, #9980 ) ) ;
#12160 = EDGE_LOOP ( 'NONE', ( #2767, #2638, #4624, #535 ) ) ;
#12161 = CIRCLE ( 'NONE', #4581, 1.750000000000000000 ) ;
#12162 = VERTEX_POINT ( 'NONE', #4878 ) ;
#12163 = ADVANCED_FACE ( 'NONE', ( #11558 ), #6751, .T. ) ;
#12164 = AXIS2_PLACEMENT_3D ( 'NONE', #6248, #780, #5251 ) ;
#12165 = CARTESIAN_POINT ( 'NONE',  ( -74.75000000000000000, 32.25000000000000000, 1.850000000000000089 ) ) ;
#12166 = EDGE_CURVE ( 'NONE', #5445, #10054, #8357, .T. ) ;
#12167 = FACE_OUTER_BOUND ( 'NONE', #4640, .T. ) ;
#12168 = CARTESIAN_POINT ( 'NONE',  ( -22.25000000000000000, 2.750000000000000000, 10.09999999999999964 ) ) ;
#12169 = FACE_OUTER_BOUND ( 'NONE', #9710, .T. ) ;
#12170 = FACE_OUTER_BOUND ( 'NONE', #11554, .T. ) ;
#12171 = DIRECTION ( 'NONE',  ( 0.000000000000000000, 0.000000000000000000, -1.000000000000000000 ) ) ;
#12172 = CARTESIAN_POINT ( 'NONE',  ( -58.75000000000000000, 44.25000000000000000, 1.600000000000000089 ) ) ;
#12173 = EDGE_CURVE ( 'NONE', #10364, #6874, #5884, .T. ) ;
#12174 = ORIENTED_EDGE ( 'NONE', *, *, #233, .T. ) ;
#12175 = EDGE_CURVE ( 'NONE', #11397, #8729, #12154, .T. ) ;
#12176 = EDGE_LOOP ( 'NONE', ( #3844, #1732, #11577, #9729 ) ) ;
#12177 = EDGE_CURVE ( 'NONE', #1218, #12253, #8688, .T. ) ;
#12178 = VERTEX_POINT ( 'NONE', #8334 ) ;
#12179 = CARTESIAN_POINT ( 'NONE',  ( -5.750000000000000000, 1.750000000000000000, 10.09999999999999964 ) ) ;
#12180 = CARTESIAN_POINT ( 'NONE',  ( -47.25000000000000000, 44.00000000000000000, 4.599999999999999645 ) ) ;
#12181 = LINE ( 'NONE', #6436, #11557 ) ;
#12182 = FACE_OUTER_BOUND ( 'NONE', #4882, .T. ) ;
#12183 = ADVANCED_FACE ( 'NONE', ( #2034 ), #3888, .F. ) ;
#12184 = PLANE ( 'NONE',  #7755 ) ;
#12185 = DIRECTION ( 'NONE',  ( 1.000000000000000000, 0.000000000000000000, 0.000000000000000000 ) ) ;
#12186 = CARTESIAN_POINT ( 'NONE',  ( -2.500000000000000000, 36.00000000000000000, 1.600000000000000089 ) ) ;
#12187 = ORIENTED_EDGE ( 'NONE', *, *, #4207, .F. ) ;
#12188 = LINE ( 'NONE', #5503, #4477 ) ;
#12189 = ORIENTED_EDGE ( 'NONE', *, *, #5771, .T. ) ;
#12190 = EDGE_CURVE ( 'NONE', #1089, #8783, #12149, .T. ) ;
#12191 = ORIENTED_EDGE ( 'NONE', *, *, #4573, .T. ) ;
#12192 = ORIENTED_EDGE ( 'NONE', *, *, #1533, .F. ) ;
#12193 = CARTESIAN_POINT ( 'NONE',  ( -2.899999999999999911, 25.50000000000000000, 4.599999999999999645 ) ) ;
#12194 = CARTESIAN_POINT ( 'NONE',  ( -56.50000000000000000, 17.10000000000000142, 1.600000000000000089 ) ) ;
#12195 = VECTOR ( 'NONE', #1280, 1000.000000000000000 ) ;
#12196 = EDGE_LOOP ( 'NONE', ( #4011, #10546, #7667, #5567 ) ) ;
#12197 = PLANE ( 'NONE',  #3577 ) ;
#12198 = DIRECTION ( 'NONE',  ( 0.000000000000000000, -1.000000000000000000, 0.000000000000000000 ) ) ;
#12199 = LINE ( 'NONE', #799, #9036 ) ;
#12200 = DIRECTION ( 'NONE',  ( 0.000000000000000000, 0.000000000000000000, -1.000000000000000000 ) ) ;
#12201 = VECTOR ( 'NONE', #8331, 1000.000000000000000 ) ;
#12202 = EDGE_CURVE ( 'NONE', #12049, #10332, #7409, .T. ) ;
#12203 = ORIENTED_EDGE ( 'NONE', *, *, #4914, .T. ) ;
#12204 = LINE ( 'NONE', #2907, #10310 ) ;
#12205 = ORIENTED_EDGE ( 'NONE', *, *, #1117, .F. ) ;
#12206 = ORIENTED_EDGE ( 'NONE', *, *, #9518, .F. ) ;
#12207 = CARTESIAN_POINT ( 'NONE',  ( -46.25000000000000000, 51.75000000000000000, 1.600000000000000089 ) ) ;
#12208 = CARTESIAN_POINT ( 'NONE',  ( -53.50000000000000000, 51.00000000000000000, 1.600000000000000089 ) ) ;
#12209 = VECTOR ( 'NONE', #300, 1000.000000000000000 ) ;
#12210 = CARTESIAN_POINT ( 'NONE',  ( -46.00000000000000000, 32.25000000000000000, 2.600000000000000089 ) ) ;
#12211 = DIRECTION ( 'NONE',  ( 0.000000000000000000, 0.000000000000000000, -1.000000000000000000 ) ) ;
#12212 = ORIENTED_EDGE ( 'NONE', *, *, #5229, .T. ) ;
#12213 = CIRCLE ( 'NONE', #8809, 1.750000000000000000 ) ;
#12214 = CARTESIAN_POINT ( 'NONE',  ( -32.25000000000000000, 1.750000000000000000, 10.09999999999999964 ) ) ;
#12215 = VERTEX_POINT ( 'NONE', #2962 ) ;
#12216 = VERTEX_POINT ( 'NONE', #7630 ) ;
#12217 = ORIENTED_EDGE ( 'NONE', *, *, #5689, .F. ) ;
#12218 = EDGE_CURVE ( 'NONE', #8254, #878, #1164, .T. ) ;
#12219 = DIRECTION ( 'NONE',  ( 1.000000000000000000, 0.000000000000000000, 0.000000000000000000 ) ) ;
#12220 = DIRECTION ( 'NONE',  ( 0.000000000000000000, 0.000000000000000000, 1.000000000000000000 ) ) ;
#12221 = LINE ( 'NONE', #11336, #4648 ) ;
#12222 = VECTOR ( 'NONE', #10354, 1000.000000000000000 ) ;
#12223 = EDGE_CURVE ( 'NONE', #3326, #4090, #2195, .T. ) ;
#12224 = DIRECTION ( 'NONE',  ( 1.000000000000000000, 0.000000000000000000, 0.000000000000000000 ) ) ;
#12225 = CARTESIAN_POINT ( 'NONE',  ( -47.95000000000000284, 44.94999999999999574, 10.59999999999999964 ) ) ;
#12226 = DIRECTION ( 'NONE',  ( 1.000000000000000000, 0.000000000000000000, 0.000000000000000000 ) ) ;
#12227 = DIRECTION ( 'NONE',  ( 0.000000000000000000, 0.000000000000000000, 1.000000000000000000 ) ) ;
#12228 = ORIENTED_EDGE ( 'NONE', *, *, #9888, .F. ) ;
#12229 = VECTOR ( 'NONE', #5200, 1000.000000000000000 ) ;
#12230 = AXIS2_PLACEMENT_3D ( 'NONE', #11308, #9308, #12074 ) ;
#12231 = FACE_OUTER_BOUND ( 'NONE', #3015, .T. ) ;
#12232 = ORIENTED_EDGE ( 'NONE', *, *, #10308, .F. ) ;
#12233 = ORIENTED_EDGE ( 'NONE', *, *, #11748, .T. ) ;
#12234 = CARTESIAN_POINT ( 'NONE',  ( 0.000000000000000000, 0.000000000000000000, 3.850000000000000089 ) ) ;
#12235 = DIRECTION ( 'NONE',  ( 0.000000000000000000, 0.000000000000000000, 1.000000000000000000 ) ) ;
#12236 = DIRECTION ( 'NONE',  ( 0.000000000000000000, 1.000000000000000000, 0.000000000000000000 ) ) ;
#12237 = CARTESIAN_POINT ( 'NONE',  ( -66.25000000000000000, 41.37322330470334464, 11.22677669529664080 ) ) ;
#12238 = DIRECTION ( 'NONE',  ( 0.000000000000000000, 0.000000000000000000, -1.000000000000000000 ) ) ;
#12239 = LINE ( 'NONE', #10357, #3860 ) ;
#12240 = VECTOR ( 'NONE', #3191, 1000.000000000000000 ) ;
#12241 = CIRCLE ( 'NONE', #11031, 0.2500000000000002220 ) ;
#12242 = CARTESIAN_POINT ( 'NONE',  ( -1.250000000000000000, 25.50000000000000000, 4.599999999999999645 ) ) ;
#12243 = EDGE_LOOP ( 'NONE', ( #9929, #5384, #5412, #10697 ) ) ;
#12244 = DIRECTION ( 'NONE',  ( 0.000000000000000000, 0.000000000000000000, 1.000000000000000000 ) ) ;
#12245 = ORIENTED_EDGE ( 'NONE', *, *, #11009, .T. ) ;
#12246 = ADVANCED_FACE ( 'NONE', ( #8742 ), #11437, .T. ) ;
#12247 = ORIENTED_EDGE ( 'NONE', *, *, #8854, .F. ) ;
#12248 = AXIS2_PLACEMENT_3D ( 'NONE', #2413, #11817, #5072 ) ;
#12249 = EDGE_LOOP ( 'NONE', ( #1712, #95, #7029, #10950 ) ) ;
#12250 = LINE ( 'NONE', #7501, #11726 ) ;
#12251 = AXIS2_PLACEMENT_3D ( 'NONE', #2634, #8289, #5540 ) ;
#12252 = FACE_OUTER_BOUND ( 'NONE', #6891, .T. ) ;
#12253 = VERTEX_POINT ( 'NONE', #6406 ) ;
#12254 = CARTESIAN_POINT ( 'NONE',  ( -29.75000000000000000, 51.75000000000000000, 10.09999999999999964 ) ) ;
#12255 = DIRECTION ( 'NONE',  ( 0.000000000000000000, 0.000000000000000000, -1.000000000000000000 ) ) ;
#12256 = CARTESIAN_POINT ( 'NONE',  ( -59.00000000000000000, 20.50000000000000000, 1.600000000000000089 ) ) ;
#12257 = EDGE_CURVE ( 'NONE', #8203, #37, #6693, .T. ) ;
#12258 = LINE ( 'NONE', #1915, #3859 ) ;
#12259 = VERTEX_POINT ( 'NONE', #6633 ) ;
#12260 = CARTESIAN_POINT ( 'NONE',  ( -5.250000000000000000, 27.90000000000000213, 10.59999999999999964 ) ) ;
#12261 = ADVANCED_FACE ( 'NONE', ( #5693 ), #5466, .T. ) ;
#12262 = VERTEX_POINT ( 'NONE', #10429 ) ;
#12263 = CARTESIAN_POINT ( 'NONE',  ( -56.50000000000000000, 15.54999999999999893, 1.600000000000000089 ) ) ;
#12264 = ORIENTED_EDGE ( 'NONE', *, *, #8073, .T. ) ;
#12265 = CARTESIAN_POINT ( 'NONE',  ( 0.000000000000000000, 0.000000000000000000, 10.09999999999999964 ) ) ;
#12266 = DIRECTION ( 'NONE',  ( -1.000000000000000000, 0.000000000000000000, 0.000000000000000000 ) ) ;
#12267 = LINE ( 'NONE', #2795, #4755 ) ;
#12268 = CARTESIAN_POINT ( 'NONE',  ( -59.00000000000000000, 19.44999999999999929, 2.600000000000000089 ) ) ;
#12269 = ORIENTED_EDGE ( 'NONE', *, *, #6916, .T. ) ;
#12270 = PLANE ( 'NONE',  #9897 ) ;
#12271 = ORIENTED_EDGE ( 'NONE', *, *, #3143, .F. ) ;
#12272 = ORIENTED_EDGE ( 'NONE', *, *, #2585, .T. ) ;
#12273 = CARTESIAN_POINT ( 'NONE',  ( -47.25000000000000000, 50.75000000000000000, 1.600000000000000089 ) ) ;
#12274 = EDGE_CURVE ( 'NONE', #7991, #9709, #3770, .T. ) ;
#12275 = DIRECTION ( 'NONE',  ( 1.000000000000000000, 0.000000000000000000, 0.000000000000000000 ) ) ;
#12276 = DIRECTION ( 'NONE',  ( -0.000000000000000000, -0.000000000000000000, 1.000000000000000000 ) ) ;
#12277 = FACE_OUTER_BOUND ( 'NONE', #1281, .T. ) ;
#12278 = CARTESIAN_POINT ( 'NONE',  ( -45.25000000000000000, 27.75000000000000000, 2.350000000000000089 ) ) ;
#12279 = EDGE_CURVE ( 'NONE', #11023, #11084, #10928, .T. ) ;
#12280 = CARTESIAN_POINT ( 'NONE',  ( -14.50000000000000000, 50.75000000000000000, 10.09999999999999964 ) ) ;
#12281 = LINE ( 'NONE', #3857, #10903 ) ;
#12282 = ORIENTED_EDGE ( 'NONE', *, *, #9033, .T. ) ;
#12283 = DIRECTION ( 'NONE',  ( 1.000000000000000000, 0.000000000000000000, 0.000000000000000000 ) ) ;
#12284 = EDGE_CURVE ( 'NONE', #3197, #8957, #8063, .T. ) ;
#12285 = VECTOR ( 'NONE', #650, 1000.000000000000000 ) ;
#12286 = ORIENTED_EDGE ( 'NONE', *, *, #4465, .F. ) ;
#12287 = ORIENTED_EDGE ( 'NONE', *, *, #2275, .F. ) ;
#12288 = CARTESIAN_POINT ( 'NONE',  ( -53.75000000000000000, 48.00000000000000000, 1.600000000000000089 ) ) ;
#12289 = CARTESIAN_POINT ( 'NONE',  ( -43.75000000000000000, 51.75000000000000000, 1.600000000000000089 ) ) ;
#12290 = CARTESIAN_POINT ( 'NONE',  ( -68.50000000000000000, 0.000000000000000000, 1.600000000000000089 ) ) ;
#12291 = CARTESIAN_POINT ( 'NONE',  ( -71.00000000000000000, 12.50000000000000000, 1.600000000000000089 ) ) ;
#12292 = CARTESIAN_POINT ( 'NONE',  ( -55.00000000000000000, 26.00000000000000000, 1.850000000000000089 ) ) ;
#12293 = PLANE ( 'NONE',  #2095 ) ;
#12294 = ORIENTED_EDGE ( 'NONE', *, *, #6148, .T. ) ;
#12295 = AXIS2_PLACEMENT_3D ( 'NONE', #5411, #11901, #4529 ) ;
#12296 = DIRECTION ( 'NONE',  ( -1.000000000000000000, 0.000000000000000000, 0.000000000000000000 ) ) ;
#12297 = ORIENTED_EDGE ( 'NONE', *, *, #8503, .T. ) ;
#12298 = CARTESIAN_POINT ( 'NONE',  ( -34.75000000000000000, 51.75000000000000000, 10.09999999999999964 ) ) ;
#12299 = ORIENTED_EDGE ( 'NONE', *, *, #11145, .F. ) ;
#12300 = ORIENTED_EDGE ( 'NONE', *, *, #11433, .T. ) ;
#12301 = ORIENTED_EDGE ( 'NONE', *, *, #10479, .T. ) ;
#12302 = FACE_OUTER_BOUND ( 'NONE', #5426, .T. ) ;
#12303 = FACE_OUTER_BOUND ( 'NONE', #2727, .T. ) ;
#12304 = VECTOR ( 'NONE', #9498, 1000.000000000000000 ) ;
#12305 = EDGE_LOOP ( 'NONE', ( #10142, #3598, #4868, #9779 ) ) ;
#12306 = CARTESIAN_POINT ( 'NONE',  ( -33.25000000000000000, 1.750000000000000000, 10.09999999999999964 ) ) ;
#12307 = DIRECTION ( 'NONE',  ( 0.000000000000000000, 0.000000000000000000, -1.000000000000000000 ) ) ;
#12308 = ADVANCED_FACE ( 'NONE', ( #9802 ), #1410, .F. ) ;
#12309 = FACE_OUTER_BOUND ( 'NONE', #6399, .T. ) ;
#12310 = VECTOR ( 'NONE', #5793, 1000.000000000000000 ) ;
#12311 = DIRECTION ( 'NONE',  ( -1.000000000000000000, 0.000000000000000000, 0.000000000000000000 ) ) ;
#12312 = EDGE_LOOP ( 'NONE', ( #10545, #7032, #11060, #10747 ) ) ;
#12313 = VECTOR ( 'NONE', #7695, 1000.000000000000000 ) ;
#12314 = ORIENTED_EDGE ( 'NONE', *, *, #3653, .F. ) ;
#12315 = DIRECTION ( 'NONE',  ( 1.000000000000000000, -0.000000000000000000, -0.000000000000000000 ) ) ;
#12316 = EDGE_CURVE ( 'NONE', #7486, #6520, #8000, .T. ) ;
#12317 = EDGE_LOOP ( 'NONE', ( #10999, #3508, #11729, #10114 ) ) ;
#12318 = EDGE_CURVE ( 'NONE', #4684, #451, #11872, .T. ) ;
#12319 = CARTESIAN_POINT ( 'NONE',  ( -17.75000000000000000, 2.750000000000000000, 1.600000000000000089 ) ) ;
#12320 = AXIS2_PLACEMENT_3D ( 'NONE', #2370, #6158, #313 ) ;
#12321 = EDGE_LOOP ( 'NONE', ( #3395, #3068, #5446, #1906 ) ) ;
#12322 = EDGE_CURVE ( 'NONE', #12087, #12178, #2340, .T. ) ;
#12323 = FACE_OUTER_BOUND ( 'NONE', #6326, .T. ) ;
#12324 = CARTESIAN_POINT ( 'NONE',  ( -52.75000000000000000, 26.00000000000000000, 2.350000000000000089 ) ) ;
#12325 = VECTOR ( 'NONE', #11469, 1000.000000000000000 ) ;
#12326 = DIRECTION ( 'NONE',  ( 0.000000000000000000, 0.000000000000000000, -1.000000000000000000 ) ) ;
#12327 = EDGE_CURVE ( 'NONE', #5499, #8705, #8803, .T. ) ;
#12328 = LINE ( 'NONE', #7830, #7472 ) ;
#12329 = AXIS2_PLACEMENT_3D ( 'NONE', #7492, #9356, #4619 ) ;
#12330 = LINE ( 'NONE', #12268, #2701 ) ;
#12331 = ORIENTED_EDGE ( 'NONE', *, *, #5387, .T. ) ;
#12332 = AXIS2_PLACEMENT_3D ( 'NONE', #2864, #8346, #9516 ) ;
#12333 = AXIS2_PLACEMENT_3D ( 'NONE', #6688, #10483, #10422 ) ;
#12334 = LINE ( 'NONE', #3782, #4712 ) ;
#12335 = VERTEX_POINT ( 'NONE', #346 ) ;
#12336 = EDGE_CURVE ( 'NONE', #5100, #2118, #8994, .T. ) ;
#12337 = VERTEX_POINT ( 'NONE', #3321 ) ;
ENDSEC;
END-ISO-10303-21;
