ISO-10303-21;
HEADER;
FILE_DESCRIPTION (( 'STEP AP214' ),
    '1' );
FILE_NAME ('GT2_Idler_Smooth_6mm.STEP',
    '2026-08-22T12:14:19',
    ( '' ),
    ( '' ),
    'SwSTEP 2.0',
    'SolidWorks 2026',
    '' );
FILE_SCHEMA (( 'AUTOMOTIVE_DESIGN' ));
ENDSEC;

DATA;
#1 = MECHANICAL_DESIGN_GEOMETRIC_PRESENTATION_REPRESENTATION (  '', ( #1031 ), #864 ) ;
#2 = CIRCLE ( 'NONE', #1388, 4.500000000000000000 ) ;
#3 = CARTESIAN_POINT ( 'NONE',  ( 8.917157287525387943, 2.999999999999992895, -4.458578643762690419 ) ) ;
#4 = ADVANCED_FACE ( 'NONE', ( #2234 ), #1596, .F. ) ;
#5 = AXIS2_PLACEMENT_3D ( 'NONE', #125, #1197, #3148 ) ;
#6 = AXIS2_PLACEMENT_3D ( 'NONE', #2231, #2804, #1690 ) ;
#7 = CARTESIAN_POINT ( 'NONE',  ( 5.200000000000001954, 2.999999999999998668, 2.600000000000001865 ) ) ;
#8 = ORIENTED_EDGE ( 'NONE', *, *, #728, .F. ) ;
#9 = CIRCLE ( 'NONE', #462, 2.500000000000000000 ) ;
#10 = CARTESIAN_POINT ( 'NONE',  ( 1.169999999999999882E-15, 3.500000000000000000, -1.939999999999999969E-15 ) ) ;
#11 = AXIS2_PLACEMENT_3D ( 'NONE', #1484, #2208, #102 ) ;
#12 = CARTESIAN_POINT ( 'NONE',  ( -2.174804040507109590E-15, 0.1000000000000000194, 3.958578643762689087 ) ) ;
#13 = CIRCLE ( 'NONE', #239, 2.500000000000000000 ) ;
#14 = ORIENTED_EDGE ( 'NONE', *, *, #1057, .T. ) ;
#15 = CARTESIAN_POINT ( 'NONE',  ( -5.999999999999997335, 0.09999999999999861777, -3.000000000000002665 ) ) ;
#16 =( LENGTH_UNIT ( ) NAMED_UNIT ( * ) SI_UNIT ( .MILLI., .METRE. ) );
#17 = ORIENTED_EDGE ( 'NONE', *, *, #2167, .T. ) ;
#18 =( BOUNDED_CURVE ( )  B_SPLINE_CURVE ( 3, ( #1396, #591, #1090, #1733 ),
 .UNSPECIFIED., .F., .F. ) 
 B_SPLINE_CURVE_WITH_KNOTS ( ( 4, 4 ),
 ( 0.000000000000000000, 1.000000000000000000 ),
 .UNSPECIFIED. ) 
 CURVE ( )  GEOMETRIC_REPRESENTATION_ITEM ( )  RATIONAL_B_SPLINE_CURVE ( ( 1.000000000000000000, 0.8047378541243649375, 0.8047378541243649375, 1.000000000000000000 ) ) 
 REPRESENTATION_ITEM ( '' )  );
#19 = CARTESIAN_POINT ( 'NONE',  ( 1.300729194251528658E-15, -2.264000000000000501E-15, -2.899999999999999911 ) ) ;
#20 = CARTESIAN_POINT ( 'NONE',  ( 2.582605960255793976E-15, 2.899999999999998135, -3.000000000000001776 ) ) ;
#21 =( BOUNDED_CURVE ( )  B_SPLINE_CURVE ( 3, ( #2097, #373, #3188, #1531 ),
 .UNSPECIFIED., .F., .T. ) 
 B_SPLINE_CURVE_WITH_KNOTS ( ( 4, 4 ),
 ( 0.000000000000000000, 1.000000000000000000 ),
 .UNSPECIFIED. ) 
 CURVE ( )  GEOMETRIC_REPRESENTATION_ITEM ( )  RATIONAL_B_SPLINE_CURVE ( ( 1.000000000000000000, 0.8047379479385700085, 0.8047379479385700085, 1.000000000000000000 ) ) 
 REPRESENTATION_ITEM ( '' )  );
#22 = ORIENTED_EDGE ( 'NONE', *, *, #1799, .F. ) ;
#23 = DIRECTION ( 'NONE',  ( -6.799999999999999069E-16, 5.004010026856174159E-16, 1.000000000000000000 ) ) ;
#24 = DIRECTION ( 'NONE',  ( -3.299999999999999882E-16, -1.000000000000000000, 5.600000000000000277E-16 ) ) ;
#25 = CARTESIAN_POINT ( 'NONE',  ( 5.917157287525381726, 2.999999999999994671, -2.958578643762688198 ) ) ;
#26 = CARTESIAN_POINT ( 'NONE',  ( 2.377612903468742751E-15, 2.958578643762685978, -2.500000000000006661 ) ) ;
#27 = ORIENTED_EDGE ( 'NONE', *, *, #506, .F. ) ;
#28 = CARTESIAN_POINT ( 'NONE',  ( 8.200000000000002842, 2.999999999999997335, 4.100000000000004086 ) ) ;
#29 = CARTESIAN_POINT ( 'NONE',  ( 5.406514900639484839E-15, 4.799999999999995381, -7.500000000000002665 ) ) ;
#30 = ORIENTED_EDGE ( 'NONE', *, *, #2236, .F. ) ;
#31 = CARTESIAN_POINT ( 'NONE',  ( 6.000000000000002665, 2.799999999999998046, 3.000000000000002665 ) ) ;
#32 = CARTESIAN_POINT ( 'NONE',  ( 9.699999999999999847E-16, 2.899999999999999911, -1.609999999999999932E-15 ) ) ;
#33 = DIRECTION ( 'NONE',  ( 1.000000000000000000, 0.000000000000000000, 0.000000000000000000 ) ) ;
#34 = EDGE_LOOP ( 'NONE', ( #1107, #1170, #3287, #677 ) ) ;
#35 = CARTESIAN_POINT ( 'NONE',  ( 1.169999999999999882E-15, 3.500000000000000000, -1.939999999999999969E-15 ) ) ;
#36 = VERTEX_POINT ( 'NONE', #1972 ) ;
#37 = EDGE_CURVE ( 'NONE', #3541, #2679, #366, .T. ) ;
#38 = CARTESIAN_POINT ( 'NONE',  ( 9.699999999999999847E-16, 2.899999999999999911, -1.609999999999999932E-15 ) ) ;
#39 = ORIENTED_EDGE ( 'NONE', *, *, #2975, .T. ) ;
#40 = CARTESIAN_POINT ( 'NONE',  ( -2.170000000000001340E-15, 0.2000000000000000111, 4.000000000000000000 ) ) ;
#41 =( BOUNDED_SURFACE ( )  B_SPLINE_SURFACE ( 3, 3, ( 
 ( #2690, #3200, #1019, #2122 ),
 ( #2957, #206, #2437, #1311 ),
 ( #2147, #1870, #2970, #493 ),
 ( #1600, #2704, #1137, #1712 ) ),
 .UNSPECIFIED., .F., .F., .F. ) 
 B_SPLINE_SURFACE_WITH_KNOTS ( ( 4, 4 ),
 ( 4, 4 ),
 ( 0.000000000000000000, 1.000000000000000000 ),
 ( 0.000000000000000000, 1.000000000000000000 ),
 .UNSPECIFIED. ) 
 GEOMETRIC_REPRESENTATION_ITEM ( )  RATIONAL_B_SPLINE_SURFACE ( (
 ( 1.000000000000000000, 0.3333333333333334259, 0.3333333333333334259, 1.000000000000000000),
 ( 0.8047378541243649375, 0.2682459513747884050, 0.2682459513747884050, 0.8047378541243649375),
 ( 0.8047378541243649375, 0.2682459513747884050, 0.2682459513747884050, 0.8047378541243649375),
 ( 1.000000000000000000, 0.3333333333333334259, 0.3333333333333334259, 1.000000000000000000) ) ) 
 REPRESENTATION_ITEM ( '' )  SURFACE ( )  );
#42 = CARTESIAN_POINT ( 'NONE',  ( -1.864999999999999737E-15, 2.900000000000002576, 4.499999999999998224 ) ) ;
#43 = CARTESIAN_POINT ( 'NONE',  ( 5.200000000000004619, 2.999999999999995115, -2.600000000000000533 ) ) ;
#44 = CARTESIAN_POINT ( 'NONE',  ( -1.590000000000002171E-15, 2.800000039801999741, 4.000000000000000000 ) ) ;
#45 = CARTESIAN_POINT ( 'NONE',  ( -5.942825606821168797E-16, 2.899999999999999911, 4.000000000000000000 ) ) ;
#46 = VERTEX_POINT ( 'NONE', #1935 ) ;
#47 = LINE ( 'NONE', #2202, #1620 ) ;
#48 = ADVANCED_FACE ( 'NONE', ( #2539 ), #1104, .F. ) ;
#49 = CARTESIAN_POINT ( 'NONE',  ( -5.917157287525374620, -1.346982464388157508E-15, -2.958578643762691307 ) ) ;
#50 = ORIENTED_EDGE ( 'NONE', *, *, #391, .F. ) ;
#51 = PRODUCT_DEFINITION ( 'UNKNOWN', '', #1284, #1545 ) ;
#52 = CARTESIAN_POINT ( 'NONE',  ( -5.200000000000003730, 3.000000000000001776, 2.599999999999996536 ) ) ;
#53 = CYLINDRICAL_SURFACE ( 'NONE', #1033, 4.500000000000000000 ) ;
#54 = ORIENTED_EDGE ( 'NONE', *, *, #2760, .T. ) ;
#55 = EDGE_CURVE ( 'NONE', #1960, #3012, #2099, .T. ) ;
#56 = CARTESIAN_POINT ( 'NONE',  ( 1.362729266615448385E-15, 0.09999999999999661937, -3.041421356237311358 ) ) ;
#57 = DIRECTION ( 'NONE',  ( -6.299999999999999819E-16, 5.940833821838380231E-16, 1.000000000000000000 ) ) ;
#58 = CARTESIAN_POINT ( 'NONE',  ( -1.009999999999999846E-15, 2.900000000000001688, 2.999999999999998224 ) ) ;
#59 = AXIS2_PLACEMENT_3D ( 'NONE', #2213, #3276, #543 ) ;
#60 = ADVANCED_FACE ( 'NONE', ( #3190 ), #2081, .F. ) ;
#61 = CARTESIAN_POINT ( 'NONE',  ( 2.954387748332530157E-15, 2.899999999999995470, -3.900000000000003020 ) ) ;
#62 = CARTESIAN_POINT ( 'NONE',  ( -6.000000000000000888, 0.1414213562373116961, 2.999999999999996447 ) ) ;
#63 = PRESENTATION_LAYER_ASSIGNMENT (  '', '', ( #1031 ) ) ;
#64 = CARTESIAN_POINT ( 'NONE',  ( 9.000000000000007105, 0.04142135623730151817, -4.499999999999998224 ) ) ;
#65 = VECTOR ( 'NONE', #845, 1000.000000000000000 ) ;
#66 = AXIS2_PLACEMENT_3D ( 'NONE', #362, #1926, #3558 ) ;
#67 = ORIENTED_EDGE ( 'NONE', *, *, #2117, .T. ) ;
#68 = CARTESIAN_POINT ( 'NONE',  ( 1.300729194251528658E-15, -2.264000000000000501E-15, -2.899999999999999911 ) ) ;
#69 = AXIS2_PLACEMENT_3D ( 'NONE', #2415, #491, #2721 ) ;
#70 = DIRECTION ( 'NONE',  ( 3.299999999999999882E-16, 1.000000000000000000, -5.600000000000000277E-16 ) ) ;
#71 =( LENGTH_UNIT ( ) NAMED_UNIT ( * ) SI_UNIT ( .MILLI., .METRE. ) );
#72 = ORIENTED_EDGE ( 'NONE', *, *, #2241, .F. ) ;
#73 = AXIS2_PLACEMENT_3D ( 'NONE', #1333, #513, #1242 ) ;
#74 = EDGE_CURVE ( 'NONE', #3014, #2917, #2774, .T. ) ;
#75 = FACE_OUTER_BOUND ( 'NONE', #1371, .T. ) ;
#76 = EDGE_LOOP ( 'NONE', ( #1882, #3250, #2419, #620 ) ) ;
#77 = CARTESIAN_POINT ( 'NONE',  ( 1.724537748332531876E-15, 0.09999999999999563405, -3.899999999999999911 ) ) ;
#78 = DIRECTION ( 'NONE',  ( -1.049999999999999904E-15, 6.746146851020916917E-16, 1.000000000000000000 ) ) ;
#79 = CARTESIAN_POINT ( 'NONE',  ( -1.316766004263232093E-16, 2.899999999999999911, 2.500000000000000000 ) ) ;
#80 = ORIENTED_EDGE ( 'NONE', *, *, #1829, .T. ) ;
#81 = DIRECTION ( 'NONE',  ( 3.299999999999999882E-16, 1.000000000000000000, -5.600000000000000277E-16 ) ) ;
#82 = EDGE_CURVE ( 'NONE', #2814, #2567, #2979, .T. ) ;
#83 = DIRECTION ( 'NONE',  ( -5.600000000000000277E-16, 5.600000000000000277E-16, 1.000000000000000000 ) ) ;
#84 = EDGE_CURVE ( 'NONE', #3085, #1337, #117, .T. ) ;
#85 = EDGE_LOOP ( 'NONE', ( #530, #2168, #2443, #2692 ) ) ;
#86 = DIRECTION ( 'NONE',  ( -6.299999999999999819E-16, 5.913830031739114557E-16, 1.000000000000000000 ) ) ;
#87 = CARTESIAN_POINT ( 'NONE',  ( -2.490000000000000229E-15, 0.1000000000000025313, 4.500000000000000000 ) ) ;
#88 = CARTESIAN_POINT ( 'NONE',  ( -1.525999999999999947E-15, 2.900000000000002132, 3.899999999999998135 ) ) ;
#89 = VERTEX_POINT ( 'NONE', #446 ) ;
#90 = FACE_OUTER_BOUND ( 'NONE', #768, .T. ) ;
#91 = EDGE_CURVE ( 'NONE', #2366, #617, #883, .T. ) ;
#92 = DIRECTION ( 'NONE',  ( 3.299999999999999882E-16, 1.000000000000000000, -5.600000000000000277E-16 ) ) ;
#93 = ADVANCED_FACE ( 'NONE', ( #1499, #649 ), #1480, .F. ) ;
#94 = ORIENTED_EDGE ( 'NONE', *, *, #643, .T. ) ;
#95 = CARTESIAN_POINT ( 'NONE',  ( -1.031112698372207622E-15, 2.858578643762690330, 3.000000000000000888 ) ) ;
#96 = CARTESIAN_POINT ( 'NONE',  ( 5.800000000000002487, 2.999999999999998668, 2.900000000000002576 ) ) ;
#97 = EDGE_CURVE ( 'NONE', #2461, #3320, #2135, .T. ) ;
#98 = DIRECTION ( 'NONE',  ( 3.299999999999999882E-16, 1.000000000000000000, -5.600000000000000277E-16 ) ) ;
#99 = DIRECTION ( 'NONE',  ( -3.299999999999999882E-16, -1.000000000000000000, 5.600000000000000277E-16 ) ) ;
#100 = CARTESIAN_POINT ( 'NONE',  ( 1.990908940383689357E-15, 0.09999999999999496791, -4.500000000000000000 ) ) ;
#101 = ORIENTED_EDGE ( 'NONE', *, *, #2859, .T. ) ;
#102 = DIRECTION ( 'NONE',  ( -5.599999999999999291E-16, 5.599999999999999291E-16, 1.000000000000000000 ) ) ;
#103 = DIRECTION ( 'NONE',  ( 3.299999999999999882E-16, 1.000000000000000000, -5.600000000000000277E-16 ) ) ;
#104 = CARTESIAN_POINT ( 'NONE',  ( -9.242625737380066368E-16, 0.1000000000000000194, 3.041421356237311802 ) ) ;
#105 = ORIENTED_EDGE ( 'NONE', *, *, #2359, .T. ) ;
#106 = CARTESIAN_POINT ( 'NONE',  ( -7.187672275409628338E-16, 3.000000000000001332, 4.458578643762690419 ) ) ;
#107 = CARTESIAN_POINT ( 'NONE',  ( 3.213155408375164232E-15, 2.999999999999995115, -4.400000000000003908 ) ) ;
#108 = DIRECTION ( 'NONE',  ( -5.600000000000000277E-16, 5.590417451878382238E-16, 1.000000000000000000 ) ) ;
#109 = DIRECTION ( 'NONE',  ( 3.299999999999999882E-16, 1.000000000000000000, -5.600000000000000277E-16 ) ) ;
#110 = CARTESIAN_POINT ( 'NONE',  ( 1.098063696957575952E-15, 0.04142135623730665989, -2.500000000000003109 ) ) ;
#111 = CARTESIAN_POINT ( 'NONE',  ( 8.000000000000005329, 2.800000039801993079, -3.999999999999999556 ) ) ;
#112 = EDGE_CURVE ( 'NONE', #3417, #1411, #2661, .T. ) ;
#113 = AXIS2_PLACEMENT_3D ( 'NONE', #1240, #2373, #2352 ) ;
#114 = DIRECTION ( 'NONE',  ( -4.400000000000000007E-16, -1.000000000000000000, 1.110000000000000090E-15 ) ) ;
#115 = ORIENTED_EDGE ( 'NONE', *, *, #3481, .T. ) ;
#116 = CIRCLE ( 'NONE', #2598, 3.100000000000000089 ) ;
#117 = CIRCLE ( 'NONE', #230, 2.899999999999999911 ) ;
#118 = CARTESIAN_POINT ( 'NONE',  ( 7.999999999999996447, 0.1999999999999974021, 4.000000000000002665 ) ) ;
#119 = DIRECTION ( 'NONE',  ( -7.399999999999998958E-16, 5.782411586589356653E-16, 1.000000000000000000 ) ) ;
#120 = AXIS2_PLACEMENT_3D ( 'NONE', #2280, #1717, #2765 ) ;
#121 = AXIS2_PLACEMENT_3D ( 'NONE', #1156, #1761, #635 ) ;
#122 = EDGE_LOOP ( 'NONE', ( #318, #2405, #1744, #2416 ) ) ;
#123 = AXIS2_PLACEMENT_3D ( 'NONE', #1309, #1559, #3232 ) ;
#124 = CARTESIAN_POINT ( 'NONE',  ( 9.000000000000008882, 2.958578643762685978, 4.500000000000007105 ) ) ;
#125 = CARTESIAN_POINT ( 'NONE',  ( 3.000000000000000061E-17, 0.1000000000000000056, -6.000000000000000121E-17 ) ) ;
#126 = ADVANCED_FACE ( 'NONE', ( #414, #1755 ), #1550, .T. ) ;
#127 =( GEOMETRIC_REPRESENTATION_CONTEXT ( 3 ) GLOBAL_UNCERTAINTY_ASSIGNED_CONTEXT ( ( #1938 ) ) GLOBAL_UNIT_ASSIGNED_CONTEXT ( ( #1139, #1435, #3073 ) ) REPRESENTATION_CONTEXT ( 'NONE', 'WORKASPACE' ) );
#128 = ORIENTED_EDGE ( 'NONE', *, *, #3549, .T. ) ;
#129 = DIRECTION ( 'NONE',  ( 3.299999999999999882E-16, 1.000000000000000000, -5.600000000000000277E-16 ) ) ;
#130 = LINE ( 'NONE', #2335, #3101 ) ;
#131 = CARTESIAN_POINT ( 'NONE',  ( 1.282482653896136089E-15, -3.299644369271530058E-15, -2.958578643762688642 ) ) ;
#132 = FACE_OUTER_BOUND ( 'NONE', #550, .T. ) ;
#133 = CARTESIAN_POINT ( 'NONE',  ( -5.000000000000007105, 2.958578643762687754, -2.500000000000009326 ) ) ;
#134 = DIRECTION ( 'NONE',  ( -3.299999999999999882E-16, -1.000000000000000000, 5.600000000000000277E-16 ) ) ;
#135 = CARTESIAN_POINT ( 'NONE',  ( -1.364310816750329041E-15, 0.000000000000000000, 4.400000000000000355 ) ) ;
#136 = EDGE_LOOP ( 'NONE', ( #2747, #426, #2616, #2676 ) ) ;
#137 = CARTESIAN_POINT ( 'NONE',  ( 1.818141280341057073E-15, 0.1999999999999955425, -4.000000000000000000 ) ) ;
#138 = CARTESIAN_POINT ( 'NONE',  ( -8.892119205115880871E-16, 0.2000000000000000111, 3.000000000000000000 ) ) ;
#139 = EDGE_LOOP ( 'NONE', ( #231, #1237, #2830, #499 ) ) ;
#140 = DIRECTION ( 'NONE',  ( -6.800000000000000055E-16, 5.204170427930421283E-16, 1.000000000000000000 ) ) ;
#141 = PRODUCT_DEFINITION_CONTEXT ( 'detailed design', #2543, 'design' ) ;
#142 = EDGE_LOOP ( 'NONE', ( #1390, #1541, #3230, #882 ) ) ;
#143 = DIRECTION ( 'NONE',  ( -5.600000000000000277E-16, 5.600000000000000277E-16, 1.000000000000000000 ) ) ;
#144 = DIRECTION ( 'NONE',  ( -3.299999999999999882E-16, -1.000000000000000000, 5.600000000000000277E-16 ) ) ;
#145 = CARTESIAN_POINT ( 'NONE',  ( 5.917157287525374620, -1.938698193140690007E-15, 2.958578643762689531 ) ) ;
#146 = CARTESIAN_POINT ( 'NONE',  ( 9.699999999999999847E-16, 2.899999999999999911, -1.609999999999999932E-15 ) ) ;
#147 = CARTESIAN_POINT ( 'NONE',  ( 0.000000000000000000, -5.799999999999999583E-16, 0.000000000000000000 ) ) ;
#148 = DIRECTION ( 'NONE',  ( -3.299999999999999882E-16, -1.000000000000000000, 5.600000000000000277E-16 ) ) ;
#149 = ORIENTED_EDGE ( 'NONE', *, *, #2884, .F. ) ;
#150 = CARTESIAN_POINT ( 'NONE',  ( 6.200000000000004619, 2.899999999999993694, -3.099999999999999645 ) ) ;
#151 = CARTESIAN_POINT ( 'NONE',  ( 2.623908940383689585E-15, -2.000000000000003109, -4.499999999999997335 ) ) ;
#152 = DIRECTION ( 'NONE',  ( -6.599999999999999763E-16, 5.782411586589356653E-16, 1.000000000000000000 ) ) ;
#153 = VERTEX_POINT ( 'NONE', #2856 ) ;
#154 = CARTESIAN_POINT ( 'NONE',  ( -8.082842712474620939, -1.873017535611850638E-15, -4.041421356237314022 ) ) ;
#155 = EDGE_CURVE ( 'NONE', #1830, #2145, #1245, .T. ) ;
#156 = LINE ( 'NONE', #1457, #3108 ) ;
#157 = EDGE_LOOP ( 'NONE', ( #2064, #1964, #1195, #311 ) ) ;
#158 = DIRECTION ( 'NONE',  ( -5.600000000000000277E-16, 5.601711224508439904E-16, 1.000000000000000000 ) ) ;
#159 = DIRECTION ( 'NONE',  ( 8.900000000000000652E-16, 1.000000000000000000, -6.700000000000000402E-16 ) ) ;
#160 = CARTESIAN_POINT ( 'NONE',  ( 1.123838300213160912E-15, 0.09999999999999720224, -2.500000000000000000 ) ) ;
#161 = CARTESIAN_POINT ( 'NONE',  ( -5.082842712474617386, 2.999999999999999556, -2.541421356237314910 ) ) ;
#162 = CARTESIAN_POINT ( 'NONE',  ( -1.382767227540959128E-15, 1.396371174268245607E-17, 4.458578643762692195 ) ) ;
#163 = DIRECTION ( 'NONE',  ( 6.700000000000000402E-16, 1.000000000000000000, -5.600000000000000277E-16 ) ) ;
#164 = VERTEX_POINT ( 'NONE', #2302 ) ;
#165 = ADVANCED_FACE ( 'NONE', ( #2425 ), #1986, .F. ) ;
#166 = CARTESIAN_POINT ( 'NONE',  ( -2.488887301627791397E-15, 0.04142135623730951871, 4.500000000000002665 ) ) ;
#167 = VECTOR ( 'NONE', #134, 1000.000000000000000 ) ;
#168 = CARTESIAN_POINT ( 'NONE',  ( 3.000000000000000061E-17, 0.1000000000000000056, -6.000000000000000121E-17 ) ) ;
#169 = EDGE_CURVE ( 'NONE', #1016, #2917, #2362, .T. ) ;
#170 = VECTOR ( 'NONE', #3029, 1000.000000000000000 ) ;
#171 = VERTEX_POINT ( 'NONE', #1012 ) ;
#172 = CARTESIAN_POINT ( 'NONE',  ( 9.699999999999999847E-16, 2.899999999999999911, -1.609999999999999932E-15 ) ) ;
#173 = VECTOR ( 'NONE', #494, 1000.000000000000000 ) ;
#174 = AXIS2_PLACEMENT_3D ( 'NONE', #3170, #1768, #3418 ) ;
#175 = CARTESIAN_POINT ( 'NONE',  ( -2.476000000000000001E-15, 0.1000000000000000056, 4.500000000000000000 ) ) ;
#176 = EDGE_CURVE ( 'NONE', #2311, #843, #924, .T. ) ;
#177 = EDGE_CURVE ( 'NONE', #2252, #1528, #3487, .T. ) ;
#178 = ORIENTED_EDGE ( 'NONE', *, *, #242, .F. ) ;
#179 = AXIS2_PLACEMENT_3D ( 'NONE', #3197, #1005, #204 ) ;
#180 = CIRCLE ( 'NONE', #694, 2.600000000000000089 ) ;
#181 = CARTESIAN_POINT ( 'NONE',  ( 1.769894812349583723E-15, -4.592000000000002042E-15, -4.100000000000000533 ) ) ;
#182 = CARTESIAN_POINT ( 'NONE',  ( 1.300729194251528658E-15, -2.264000000000000501E-15, -2.899999999999999911 ) ) ;
#183 = CARTESIAN_POINT ( 'NONE',  ( 5.000000000000007105, 0.04142135623730502231, -2.500000000000001332 ) ) ;
#184 = CIRCLE ( 'NONE', #2834, 3.000000000000000000 ) ;
#185 = CARTESIAN_POINT ( 'NONE',  ( 1.901838300213161721E-15, 2.899999999999998579, -2.500000000000002220 ) ) ;
#186 = CARTESIAN_POINT ( 'NONE',  ( 8.999999999999996447, 0.09999999999999703570, 4.500000000000001776 ) ) ;
#187 = CARTESIAN_POINT ( 'NONE',  ( -5.917157287525375509, 2.999999999999999556, -2.958578643762694416 ) ) ;
#188 = EDGE_LOOP ( 'NONE', ( #863, #2883 ) ) ;
#189 = ADVANCED_FACE ( 'NONE', ( #215 ), #3253, .F. ) ;
#190 = EDGE_LOOP ( 'NONE', ( #2327, #1514 ) ) ;
#191 = CYLINDRICAL_SURFACE ( 'NONE', #1497, 3.000000000000000000 ) ;
#192 =( BOUNDED_SURFACE ( )  B_SPLINE_SURFACE ( 3, 3, ( 
 ( #1117, #3335, #337, #323 ),
 ( #614, #1133, #3100, #1462 ),
 ( #3319, #62, #2772, #3385 ),
 ( #583, #926, #2795, #2024 ) ),
 .UNSPECIFIED., .F., .F., .T. ) 
 B_SPLINE_SURFACE_WITH_KNOTS ( ( 4, 4 ),
 ( 4, 4 ),
 ( 0.000000000000000000, 1.000000000000000000 ),
 ( 0.000000000000000000, 1.000000000000000000 ),
 .UNSPECIFIED. ) 
 GEOMETRIC_REPRESENTATION_ITEM ( )  RATIONAL_B_SPLINE_SURFACE ( (
 ( 1.000000000000000000, 0.3333333333333334259, 0.3333333333333334259, 1.000000000000000000),
 ( 0.8047378541243649375, 0.2682459513747884050, 0.2682459513747884050, 0.8047378541243649375),
 ( 0.8047378541243649375, 0.2682459513747884050, 0.2682459513747884050, 0.8047378541243649375),
 ( 1.000000000000000000, 0.3333333333333334259, 0.3333333333333334259, 1.000000000000000000) ) ) 
 REPRESENTATION_ITEM ( '' )  SURFACE ( )  );
#193 = VERTEX_POINT ( 'NONE', #3243 ) ;
#194 = CARTESIAN_POINT ( 'NONE',  ( -1.607999999999993588E-15, 3.000000000000002220, 4.099999999999998757 ) ) ;
#195 = DIRECTION ( 'NONE',  ( -6.800000000000000055E-16, 5.204170427930421283E-16, 1.000000000000000000 ) ) ;
#196 = ORIENTED_EDGE ( 'NONE', *, *, #1463, .F. ) ;
#197 = CARTESIAN_POINT ( 'NONE',  ( 2.550380563511376219E-15, 2.858578643762686777, -3.000000000000003997 ) ) ;
#198 = CARTESIAN_POINT ( 'NONE',  ( 8.000000000000000000, 0.1414213562373026201, -3.999999999999996003 ) ) ;
#199 = CARTESIAN_POINT ( 'NONE',  ( 3.218908940383688407E-15, 2.899999999999994582, -4.500000000000003553 ) ) ;
#200 = ADVANCED_FACE ( 'NONE', ( #1059 ), #760, .T. ) ;
#201 = CARTESIAN_POINT ( 'NONE',  ( -5.999999999999998224, 2.899999999999998579, -3.000000000000006661 ) ) ;
#202 = VERTEX_POINT ( 'NONE', #1861 ) ;
#203 = CARTESIAN_POINT ( 'NONE',  ( -1.611999999999999964E-15, -2.343290394745871458E-49, 2.899999999999999911 ) ) ;
#204 = DIRECTION ( 'NONE',  ( -5.600000000000000277E-16, 5.601711224508439904E-16, 1.000000000000000000 ) ) ;
#205 = ORIENTED_EDGE ( 'NONE', *, *, #2480, .T. ) ;
#206 = CARTESIAN_POINT ( 'NONE',  ( -6.082842712474624491, 0.1000000000000020317, 3.041421356237307805 ) ) ;
#207 = CARTESIAN_POINT ( 'NONE',  ( -9.000000000000003553, 0.04142135623730745786, -4.500000000000007105 ) ) ;
#208 = ADVANCED_FACE ( 'NONE', ( #524 ), #2963, .F. ) ;
#209 = EDGE_LOOP ( 'NONE', ( #196, #858, #409, #1885 ) ) ;
#210 = CARTESIAN_POINT ( 'NONE',  ( -6.199999999999999289, 2.899999999999998579, -3.100000000000006306 ) ) ;
#211 = DIRECTION ( 'NONE',  ( 3.299999999999999882E-16, 1.000000000000000000, -5.600000000000000277E-16 ) ) ;
#212 = EDGE_LOOP ( 'NONE', ( #639, #2744 ) ) ;
#213 = CARTESIAN_POINT ( 'NONE',  ( 3.213155408375164232E-15, 2.999999999999995115, -4.400000000000003908 ) ) ;
#214 = EDGE_CURVE ( 'NONE', #2756, #262, #1157, .T. ) ;
#215 = FACE_OUTER_BOUND ( 'NONE', #2124, .T. ) ;
#216 = CARTESIAN_POINT ( 'NONE',  ( -9.429999999999999404E-16, 3.000000000000001776, 2.899999999999998135 ) ) ;
#217 = DIRECTION ( 'NONE',  ( -1.049999999999999707E-15, 6.938893903907228378E-16, 1.000000000000000000 ) ) ;
#218 = EDGE_CURVE ( 'NONE', #275, #1719, #2488, .T. ) ;
#219 = VERTEX_POINT ( 'NONE', #2790 ) ;
#220 = CARTESIAN_POINT ( 'NONE',  ( 1.792366677085472311E-15, 0.1414213562373052568, -4.000000000000000000 ) ) ;
#221 = ORIENTED_EDGE ( 'NONE', *, *, #3149, .T. ) ;
#222 = CARTESIAN_POINT ( 'NONE',  ( 9.300000000000001235E-16, 2.799999999999999822, -1.549999999999999943E-15 ) ) ;
#223 = CARTESIAN_POINT ( 'NONE',  ( -8.799999999999998934, -2.024000000000004884E-15, -4.400000000000003908 ) ) ;
#224 = CIRCLE ( 'NONE', #1838, 4.500000000000000000 ) ;
#225 = DIRECTION ( 'NONE',  ( -3.299999999999999882E-16, -1.000000000000000000, 5.600000000000000277E-16 ) ) ;
#226 = EDGE_LOOP ( 'NONE', ( #1352, #1901, #3220, #39 ) ) ;
#227 = SURFACE_STYLE_USAGE ( .BOTH. , #1584 ) ;
#228 = AXIS2_PLACEMENT_3D ( 'NONE', #3088, #103, #933 ) ;
#229 = CARTESIAN_POINT ( 'NONE',  ( -9.808040405071069511E-16, 3.000000000000000888, 2.958578643762688642 ) ) ;
#230 = AXIS2_PLACEMENT_3D ( 'NONE', #1533, #1772, #1519 ) ;
#231 = ORIENTED_EDGE ( 'NONE', *, *, #1313, .F. ) ;
#232 = CARTESIAN_POINT ( 'NONE',  ( -8.999999999999998224, 2.899999999999997691, -4.500000000000007105 ) ) ;
#233 = AXIS2_PLACEMENT_3D ( 'NONE', #1110, #317, #3559 ) ;
#234 = CIRCLE ( 'NONE', #2263, 3.000000000000000000 ) ;
#235 = CARTESIAN_POINT ( 'NONE',  ( 1.730387748332530580E-15, 0.09999999999999563405, -3.899999999999999911 ) ) ;
#236 = CARTESIAN_POINT ( 'NONE',  ( -1.009999999999999846E-15, 2.900000000000001688, 2.999999999999998224 ) ) ;
#237 = AXIS2_PLACEMENT_3D ( 'NONE', #3477, #3493, #766 ) ;
#238 = CARTESIAN_POINT ( 'NONE',  ( 2.413961606572817452E-15, 2.999999999999997780, -2.541421356237312246 ) ) ;
#239 = AXIS2_PLACEMENT_3D ( 'NONE', #2576, #98, #2609 ) ;
#240 = EDGE_LOOP ( 'NONE', ( #1727, #837 ) ) ;
#241 = CARTESIAN_POINT ( 'NONE',  ( -6.000000000000000888, 0.04142135623731151711, 2.999999999999996447 ) ) ;
#242 = EDGE_CURVE ( 'NONE', #489, #2679, #2257, .T. ) ;
#243 = DIRECTION ( 'NONE',  ( 3.299999999999999882E-16, 1.000000000000000000, -5.600000000000000277E-16 ) ) ;
#244 = ORIENTED_EDGE ( 'NONE', *, *, #2681, .F. ) ;
#245 = CARTESIAN_POINT ( 'NONE',  ( 0.000000000000000000, -5.799999999999999583E-16, 0.000000000000000000 ) ) ;
#246 = CARTESIAN_POINT ( 'NONE',  ( 3.000000000000000061E-17, 0.1000000000000000056, -6.000000000000000121E-17 ) ) ;
#247 = CARTESIAN_POINT ( 'NONE',  ( -7.299999999999999305E-16, 2.900000000000001243, 2.499999999999998224 ) ) ;
#248 = EDGE_LOOP ( 'NONE', ( #623, #2797, #1071, #661 ) ) ;
#249 = CARTESIAN_POINT ( 'NONE',  ( -2.194000000000000152E-15, 0.1000000000000000056, 4.000000000000000000 ) ) ;
#250 = CARTESIAN_POINT ( 'NONE',  ( -5.930000000000000512E-15, -3.499999999999996447, 6.000000000000002665 ) ) ;
#251 = VERTEX_POINT ( 'NONE', #593 ) ;
#252 = DIRECTION ( 'NONE',  ( 0.000000000000000000, -1.110000000000000090E-15, -1.000000000000000000 ) ) ;
#253 = ORIENTED_EDGE ( 'NONE', *, *, #854, .F. ) ;
#254 = DIRECTION ( 'NONE',  ( 3.299999999999999882E-16, 1.000000000000000000, -5.600000000000000277E-16 ) ) ;
#255 = CARTESIAN_POINT ( 'NONE',  ( 5.476514900639484004E-15, 4.999999999999995559, -7.500000000000002665 ) ) ;
#256 = DIRECTION ( 'NONE',  ( 3.299999999999999882E-16, 1.000000000000000000, -5.600000000000000277E-16 ) ) ;
#257 = ORIENTED_EDGE ( 'NONE', *, *, #2100, .T. ) ;
#258 = DIRECTION ( 'NONE',  ( 3.299999999999999882E-16, 1.000000000000000000, -5.600000000000000277E-16 ) ) ;
#259 = CARTESIAN_POINT ( 'NONE',  ( -8.082842712474624491, 3.000000000000003109, 4.041421356237306917 ) ) ;
#260 = ORIENTED_EDGE ( 'NONE', *, *, #725, .T. ) ;
#261 = CARTESIAN_POINT ( 'NONE',  ( 6.000000000000000888, 0.1999999999999946543, -2.999999999999997780 ) ) ;
#262 = VERTEX_POINT ( 'NONE', #1669 ) ;
#263 =( BOUNDED_SURFACE ( )  B_SPLINE_SURFACE ( 3, 3, ( 
 ( #3240, #3206, #3545, #736 ),
 ( #1338, #1631, #2680, #2962 ),
 ( #2978, #467, #1570, #500 ),
 ( #774, #1876, #2444, #790 ) ),
 .UNSPECIFIED., .F., .F., .F. ) 
 B_SPLINE_SURFACE_WITH_KNOTS ( ( 4, 4 ),
 ( 4, 4 ),
 ( 0.000000000000000000, 1.000000000000000000 ),
 ( 0.000000000000000000, 1.000000000000000000 ),
 .UNSPECIFIED. ) 
 GEOMETRIC_REPRESENTATION_ITEM ( )  RATIONAL_B_SPLINE_SURFACE ( (
 ( 1.000000000000000000, 0.3333333333333334259, 0.3333333333333334259, 1.000000000000000000),
 ( 0.8047378541243649375, 0.2682459513747884050, 0.2682459513747884050, 0.8047378541243649375),
 ( 0.8047378541243649375, 0.2682459513747884050, 0.2682459513747884050, 0.8047378541243649375),
 ( 1.000000000000000000, 0.3333333333333334259, 0.3333333333333334259, 1.000000000000000000) ) ) 
 REPRESENTATION_ITEM ( '' )  SURFACE ( )  );
#264 = ADVANCED_FACE ( 'NONE', ( #3078 ), #1810, .F. ) ;
#265 = CARTESIAN_POINT ( 'NONE',  ( -1.077999999999999176E-15, 2.900000000000001688, 3.099999999999998312 ) ) ;
#266 = CARTESIAN_POINT ( 'NONE',  ( -1.849863636363636975E-15, 2.899999999999999911, 4.500000000000000000 ) ) ;
#267 = EDGE_LOOP ( 'NONE', ( #326, #3162 ) ) ;
#268 = CARTESIAN_POINT ( 'NONE',  ( -1.649999999999999990E-15, 0.1000000000000016848, 3.000000000000000000 ) ) ;
#269 = CARTESIAN_POINT ( 'NONE',  ( 3.244785634024033528E-15, 2.999999999999995559, -4.458578643762694860 ) ) ;
#270 = FACE_OUTER_BOUND ( 'NONE', #2876, .T. ) ;
#271 = EDGE_LOOP ( 'NONE', ( #3305, #50 ) ) ;
#272 = DIRECTION ( 'NONE',  ( -7.399999999999998958E-16, 5.782411586589356653E-16, 1.000000000000000000 ) ) ;
#273 = EDGE_CURVE ( 'NONE', #563, #2399, #2, .T. ) ;
#274 = CARTESIAN_POINT ( 'NONE',  ( 3.060264586700712834E-15, 2.999999999999996447, -4.041421356237314022 ) ) ;
#275 = VERTEX_POINT ( 'NONE', #3048 ) ;
#276 = DIRECTION ( 'NONE',  ( -6.599999999999999763E-16, 5.782411586589356653E-16, 1.000000000000000000 ) ) ;
#277 = CARTESIAN_POINT ( 'NONE',  ( 1.282482653896136089E-15, -3.299644369271530058E-15, -2.958578643762688642 ) ) ;
#278 = VERTEX_POINT ( 'NONE', #847 ) ;
#279 = CYLINDRICAL_SURFACE ( 'NONE', #1328, 3.000000000000000000 ) ;
#280 = EDGE_LOOP ( 'NONE', ( #17, #128 ) ) ;
#281 = CONICAL_SURFACE ( 'NONE', #1142, 7.500000000000000000, 0.7853981633970000820 ) ;
#282 = CARTESIAN_POINT ( 'NONE',  ( 2.566105960255793412E-15, 2.899999999999998135, -3.000000000000001776 ) ) ;
#283 = AXIS2_PLACEMENT_3D ( 'NONE', #412, #942, #2375 ) ;
#284 = AXIS2_PLACEMENT_3D ( 'NONE', #737, #254, #3207 ) ;
#285 = FACE_OUTER_BOUND ( 'NONE', #1641, .T. ) ;
#286 =( BOUNDED_CURVE ( )  B_SPLINE_CURVE ( 3, ( #2938, #1886, #3495, #3267 ),
 .UNSPECIFIED., .F., .F. ) 
 B_SPLINE_CURVE_WITH_KNOTS ( ( 4, 4 ),
 ( 0.000000000000000000, 1.000000000000000000 ),
 .UNSPECIFIED. ) 
 CURVE ( )  GEOMETRIC_REPRESENTATION_ITEM ( )  RATIONAL_B_SPLINE_CURVE ( ( 1.000000000000000000, 0.8047378541243649375, 0.8047378541243649375, 1.000000000000000000 ) ) 
 REPRESENTATION_ITEM ( '' )  );
#287 = CARTESIAN_POINT ( 'NONE',  ( 3.085894812349579666E-15, 2.999999999999997780, -4.100000000000002309 ) ) ;
#288 = VECTOR ( 'NONE', #2210, 1000.000000000000000 ) ;
#289 =( GEOMETRIC_REPRESENTATION_CONTEXT ( 3 ) GLOBAL_UNCERTAINTY_ASSIGNED_CONTEXT ( ( #1102 ) ) GLOBAL_UNIT_ASSIGNED_CONTEXT ( ( #3426, #670, #986 ) ) REPRESENTATION_CONTEXT ( 'NONE', 'WORKASPACE' ) );
#290 = DIRECTION ( 'NONE',  ( -3.299999999999999882E-16, -1.000000000000000000, 5.600000000000000277E-16 ) ) ;
#291 = CARTESIAN_POINT ( 'NONE',  ( -7.917157250552025793, 2.899999999999994138, -3.958578625276020446 ) ) ;
#292 = AXIS2_PLACEMENT_3D ( 'NONE', #2137, #2699, #217 ) ;
#293 = DIRECTION ( 'NONE',  ( -5.600000000000000277E-16, 5.624298769768554251E-16, 1.000000000000000000 ) ) ;
#294 = CARTESIAN_POINT ( 'NONE',  ( -1.045195959492893627E-15, 2.900000000000001688, 3.041421356237311358 ) ) ;
#295 = CIRCLE ( 'NONE', #1401, 4.000000000000000000 ) ;
#296 = EDGE_LOOP ( 'NONE', ( #1795, #779, #501, #1125 ) ) ;
#297 = CARTESIAN_POINT ( 'NONE',  ( 5.199999999999998401, -1.715999999999998499E-15, 2.600000000000001865 ) ) ;
#298 = FACE_OUTER_BOUND ( 'NONE', #2843, .T. ) ;
#299 = DIRECTION ( 'NONE',  ( 0.000000000000000000, 0.000000000000000000, 1.000000000000000000 ) ) ;
#300 = ORIENTED_EDGE ( 'NONE', *, *, #433, .F. ) ;
#301 = CARTESIAN_POINT ( 'NONE',  ( 1.947032174379424435E-15, -3.444000000000001137E-15, -4.400000000000000355 ) ) ;
#302 = ORIENTED_EDGE ( 'NONE', *, *, #1857, .T. ) ;
#303 = CARTESIAN_POINT ( 'NONE',  ( 3.023641286908388367E-15, 2.899999999999997691, -4.000000000000001776 ) ) ;
#304 = CARTESIAN_POINT ( 'NONE',  ( -5.917157287525375509, 2.999999999999999556, -2.958578643762694416 ) ) ;
#305 = CARTESIAN_POINT ( 'NONE',  ( 6.000000000000002665, 2.899999999999997691, 3.000000000000002665 ) ) ;
#306 = CYLINDRICAL_SURFACE ( 'NONE', #699, 7.500000000000000000 ) ;
#307 = EDGE_LOOP ( 'NONE', ( #1906, #2955, #3104, #717 ) ) ;
#308 = ADVANCED_FACE ( 'NONE', ( #285 ), #3011, .F. ) ;
#309 = CARTESIAN_POINT ( 'NONE',  ( 8.000000000000001776, 2.899999999999997247, 4.000000000000003553 ) ) ;
#310 = CARTESIAN_POINT ( 'NONE',  ( 3.085894812349578878E-15, 2.999999999999995115, -4.100000000000004086 ) ) ;
#311 = ORIENTED_EDGE ( 'NONE', *, *, #2241, .T. ) ;
#312 = CARTESIAN_POINT ( 'NONE',  ( 5.000000000000007105, 0.04142135623730502231, -2.500000000000001332 ) ) ;
#313 = DIRECTION ( 'NONE',  ( -6.400000000000000458E-16, 5.288791085295142546E-16, 1.000000000000000000 ) ) ;
#314 =( NAMED_UNIT ( * ) SI_UNIT ( $, .STERADIAN. ) SOLID_ANGLE_UNIT ( ) );
#315 = ORIENTED_EDGE ( 'NONE', *, *, #1327, .F. ) ;
#316 = CARTESIAN_POINT ( 'NONE',  ( -5.000000000000007105, 2.958578643762687754, -2.500000000000009326 ) ) ;
#317 = DIRECTION ( 'NONE',  ( 6.700000000000000402E-16, 1.000000000000000000, -5.600000000000000277E-16 ) ) ;
#318 = ORIENTED_EDGE ( 'NONE', *, *, #2117, .F. ) ;
#319 = CARTESIAN_POINT ( 'NONE',  ( -6.000000000000002665, 2.900000000000001688, 2.999999999999996003 ) ) ;
#320 = CARTESIAN_POINT ( 'NONE',  ( 2.598482653896136174E-15, 2.999999999999996891, -2.958578643762691751 ) ) ;
#321 = PLANE ( 'NONE',  #2897 ) ;
#322 = ORIENTED_EDGE ( 'NONE', *, *, #2634, .T. ) ;
#323 = CARTESIAN_POINT ( 'NONE',  ( 1.373892825597653456E-15, 0.09999999999999653610, -3.100000000000000089 ) ) ;
#324 = CARTESIAN_POINT ( 'NONE',  ( 8.200000000000002842, 2.999999999999997335, 4.100000000000004086 ) ) ;
#325 = ADVANCED_FACE ( 'NONE', ( #3363 ), #866, .T. ) ;
#326 = ORIENTED_EDGE ( 'NONE', *, *, #3082, .F. ) ;
#327 = CARTESIAN_POINT ( 'NONE',  ( 2.612359492264318935E-15, 2.899999999999996358, -3.100000000000002753 ) ) ;
#328 = CARTESIAN_POINT ( 'NONE',  ( 1.388605960255793113E-15, 0.1999999999999966527, -3.000000000000000444 ) ) ;
#329 = VERTEX_POINT ( 'NONE', #268 ) ;
#330 = CARTESIAN_POINT ( 'NONE',  ( -7.780000000000048520E-16, 3.000000000000001332, 2.599999999999998312 ) ) ;
#331 = DIRECTION ( 'NONE',  ( -6.299999999999999819E-16, 5.421010862427522170E-16, 1.000000000000000000 ) ) ;
#332 = DIRECTION ( 'NONE',  ( 3.299999999999999882E-16, 1.000000000000000000, -5.600000000000000277E-16 ) ) ;
#333 = CARTESIAN_POINT ( 'NONE',  ( -8.900000000000000652E-16, -2.000000000000000000, 2.220000000000000180E-15 ) ) ;
#334 = CARTESIAN_POINT ( 'NONE',  ( -7.917157250552031122, 2.899999999999998579, 3.958578625276008012 ) ) ;
#335 = CIRCLE ( 'NONE', #1842, 3.100000000000000089 ) ;
#336 = CARTESIAN_POINT ( 'NONE',  ( 2.979915882774036932E-15, 2.858578665078006065, -3.999999976684530889 ) ) ;
#337 = CARTESIAN_POINT ( 'NONE',  ( -6.199999999999996625, 0.09999999999999857614, -3.100000000000002753 ) ) ;
#338 = CIRCLE ( 'NONE', #3393, 4.100000000000000533 ) ;
#339 = AXIS2_PLACEMENT_3D ( 'NONE', #2017, #1529, #371 ) ;
#340 = CARTESIAN_POINT ( 'NONE',  ( -1.386705182395172697E-15, 0.04142135623730951871, 4.500000000000002665 ) ) ;
#341 = AXIS2_PLACEMENT_3D ( 'NONE', #945, #1990, #3084 ) ;
#342 = VECTOR ( 'NONE', #1250, 1000.000000000000000 ) ;
#343 = ORIENTED_EDGE ( 'NONE', *, *, #544, .F. ) ;
#344 = CARTESIAN_POINT ( 'NONE',  ( 2.598380563511375421E-15, 2.958578643762685090, -3.000000000000003997 ) ) ;
#345 = DIRECTION ( 'NONE',  ( -3.299999999999999882E-16, -1.000000000000000000, 5.600000000000000277E-16 ) ) ;
#346 = AXIS2_PLACEMENT_3D ( 'NONE', #2326, #1758, #3102 ) ;
#347 = CARTESIAN_POINT ( 'NONE',  ( 3.000000000000000061E-17, 0.1000000000000000056, -6.000000000000000121E-17 ) ) ;
#348 = ORIENTED_EDGE ( 'NONE', *, *, #906, .F. ) ;
#349 = CARTESIAN_POINT ( 'NONE',  ( -1.636887301627792541E-15, 0.1414213562373097255, 3.000000000000000888 ) ) ;
#350 = EDGE_CURVE ( 'NONE', #251, #385, #1498, .T. ) ;
#351 = CARTESIAN_POINT ( 'NONE',  ( -8.999999999999998224, 2.899999999999997691, -4.500000000000007105 ) ) ;
#352 = PRODUCT_DEFINITION_FORMATION_WITH_SPECIFIED_SOURCE ( 'ANY', '', #1681, .NOT_KNOWN. ) ;
#353 = DIRECTION ( 'NONE',  ( 3.299999999999999882E-16, 1.000000000000000000, -5.600000000000000277E-16 ) ) ;
#354 = CARTESIAN_POINT ( 'NONE',  ( -1.441999999999999963E-15, 8.760000000000006266E-16, 2.600000000000000089 ) ) ;
#355 =( BOUNDED_CURVE ( )  B_SPLINE_CURVE ( 3, ( #3458, #1044, #1014, #1306 ),
 .UNSPECIFIED., .F., .F. ) 
 B_SPLINE_CURVE_WITH_KNOTS ( ( 4, 4 ),
 ( 0.000000000000000000, 1.000000000000000000 ),
 .UNSPECIFIED. ) 
 CURVE ( )  GEOMETRIC_REPRESENTATION_ITEM ( )  RATIONAL_B_SPLINE_CURVE ( ( 1.000000000000000000, 0.8047378541243649375, 0.8047378541243649375, 1.000000000000000000 ) ) 
 REPRESENTATION_ITEM ( '' )  );
#356 = CARTESIAN_POINT ( 'NONE',  ( 2.413961606572817452E-15, 2.999999999999997780, -2.541421356237312246 ) ) ;
#357 = CARTESIAN_POINT ( 'NONE',  ( 7.799999999999999822, 2.899999999999997247, 3.900000000000002576 ) ) ;
#358 = CARTESIAN_POINT ( 'NONE',  ( 8.200000000000006395, 2.999999999999992895, -4.099999999999999645 ) ) ;
#359 = DIRECTION ( 'NONE',  ( 3.299999999999999882E-16, 1.000000000000000000, -5.600000000000000277E-16 ) ) ;
#360 = EDGE_LOOP ( 'NONE', ( #1068, #2180 ) ) ;
#361 = APPLICATION_CONTEXT ( 'automotive_design' ) ;
#362 = CARTESIAN_POINT ( 'NONE',  ( 9.699999999999999847E-16, 2.899999999999999911, -1.609999999999999932E-15 ) ) ;
#363 = CARTESIAN_POINT ( 'NONE',  ( 1.169999999999999882E-15, 3.500000000000000000, -1.939999999999999969E-15 ) ) ;
#364 = DIRECTION ( 'NONE',  ( -6.299999999999999819E-16, 5.782411586589356653E-16, 1.000000000000000000 ) ) ;
#365 = ORIENTED_EDGE ( 'NONE', *, *, #1047, .T. ) ;
#366 =( BOUNDED_CURVE ( )  B_SPLINE_CURVE ( 3, ( #2840, #2807, #3081, #1430 ),
 .UNSPECIFIED., .F., .F. ) 
 B_SPLINE_CURVE_WITH_KNOTS ( ( 4, 4 ),
 ( 0.000000000000000000, 1.000000000000000000 ),
 .UNSPECIFIED. ) 
 CURVE ( )  GEOMETRIC_REPRESENTATION_ITEM ( )  RATIONAL_B_SPLINE_CURVE ( ( 1.000000000000000000, 0.8047378541243649375, 0.8047378541243649375, 1.000000000000000000 ) ) 
 REPRESENTATION_ITEM ( '' )  );
#367 = CARTESIAN_POINT ( 'NONE',  ( -8.000000000000003553, 2.958578643762691307, 3.999999999999995115 ) ) ;
#368 = FACE_OUTER_BOUND ( 'NONE', #448, .T. ) ;
#369 = ADVANCED_FACE ( 'NONE', ( #662, #2586 ), #644, .T. ) ;
#370 = ORIENTED_EDGE ( 'NONE', *, *, #1186, .F. ) ;
#371 = DIRECTION ( 'NONE',  ( 0.000000000000000000, -5.600000000000000277E-16, -1.000000000000000000 ) ) ;
#372 = PLANE ( 'NONE',  #2322 ) ;
#373 = CARTESIAN_POINT ( 'NONE',  ( 2.980017965892822346E-15, 2.899999999999992362, -3.958578625276016449 ) ) ;
#374 = CARTESIAN_POINT ( 'NONE',  ( 1.000000000000000078E-15, 3.000000000000000000, -1.669999999999999921E-15 ) ) ;
#375 = CARTESIAN_POINT ( 'NONE',  ( -5.200000000000003730, 3.000000000000001776, 2.599999999999996536 ) ) ;
#376 =( BOUNDED_CURVE ( )  B_SPLINE_CURVE ( 3, ( #2238, #3056, #294, #1381 ),
 .UNSPECIFIED., .F., .F. ) 
 B_SPLINE_CURVE_WITH_KNOTS ( ( 4, 4 ),
 ( 0.000000000000000000, 1.000000000000000000 ),
 .UNSPECIFIED. ) 
 CURVE ( )  GEOMETRIC_REPRESENTATION_ITEM ( )  RATIONAL_B_SPLINE_CURVE ( ( 1.000000000000000000, 0.8047378541243649375, 0.8047378541243649375, 1.000000000000000000 ) ) 
 REPRESENTATION_ITEM ( '' )  );
#377 = LINE ( 'NONE', #3192, #167 ) ;
#378 =( BOUNDED_SURFACE ( )  B_SPLINE_SURFACE ( 3, 3, ( 
 ( #1806, #2929, #2643, #1753 ),
 ( #1261, #2854, #2893, #3382 ),
 ( #110, #183, #2659, #444 ),
 ( #160, #1201, #2321, #3403 ) ),
 .UNSPECIFIED., .F., .F., .F. ) 
 B_SPLINE_SURFACE_WITH_KNOTS ( ( 4, 4 ),
 ( 4, 4 ),
 ( 0.000000000000000000, 1.000000000000000000 ),
 ( 0.000000000000000000, 1.000000000000000000 ),
 .UNSPECIFIED. ) 
 GEOMETRIC_REPRESENTATION_ITEM ( )  RATIONAL_B_SPLINE_SURFACE ( (
 ( 1.000000000000000000, 0.3333333333333334259, 0.3333333333333334259, 1.000000000000000000),
 ( 0.8047378541243649375, 0.2682459513747884050, 0.2682459513747884050, 0.8047378541243649375),
 ( 0.8047378541243649375, 0.2682459513747884050, 0.2682459513747884050, 0.8047378541243649375),
 ( 1.000000000000000000, 0.3333333333333334259, 0.3333333333333334259, 1.000000000000000000) ) ) 
 REPRESENTATION_ITEM ( '' )  SURFACE ( )  );
#379 = CARTESIAN_POINT ( 'NONE',  ( 1.965134337128104989E-15, 0.04142135623730448107, -4.500000000000002665 ) ) ;
#380 = EDGE_LOOP ( 'NONE', ( #554, #2976, #1587, #370 ) ) ;
#381 = DIRECTION ( 'NONE',  ( 8.900000000000000652E-16, 1.000000000000000000, -6.700000000000000402E-16 ) ) ;
#382 = CARTESIAN_POINT ( 'NONE',  ( 8.000000000000000000, 0.1999999999999929057, -3.999999999999996891 ) ) ;
#383 = PLANE ( 'NONE',  #2020 ) ;
#384 = APPLICATION_PROTOCOL_DEFINITION ( 'draft international standard', 'automotive_design', 1998, #361 ) ;
#385 = VERTEX_POINT ( 'NONE', #1736 ) ;
#386 = CARTESIAN_POINT ( 'NONE',  ( 1.097961606572816973E-15, -2.860355630728469459E-15, -2.541421356237308693 ) ) ;
#387 = DIRECTION ( 'NONE',  ( -6.799999999999999069E-16, 5.004010026856174159E-16, 1.000000000000000000 ) ) ;
#388 = ORIENTED_EDGE ( 'NONE', *, *, #2859, .F. ) ;
#389 = CARTESIAN_POINT ( 'NONE',  ( 3.000000000000000061E-17, 0.1000000000000000056, -6.000000000000000121E-17 ) ) ;
#390 = DIRECTION ( 'NONE',  ( -4.400000000000000007E-16, -1.000000000000000000, 1.110000000000000090E-15 ) ) ;
#391 = EDGE_CURVE ( 'NONE', #1249, #3537, #3446, .T. ) ;
#392 = CARTESIAN_POINT ( 'NONE',  ( -9.112119205115880502E-16, 0.1000000000000000056, 3.000000000000000000 ) ) ;
#393 = CARTESIAN_POINT ( 'NONE',  ( 2.351838300213160355E-15, 2.899999999999997247, -2.500000000000003109 ) ) ;
#394 = CARTESIAN_POINT ( 'NONE',  ( -1.031112698372207622E-15, 2.858578643762690330, 3.000000000000000888 ) ) ;
#395 = CARTESIAN_POINT ( 'NONE',  ( -1.373817880767381893E-15, 0.1000000000000000056, 4.500000000000000000 ) ) ;
#396 = ORIENTED_EDGE ( 'NONE', *, *, #3266, .F. ) ;
#397 = CYLINDRICAL_SURFACE ( 'NONE', #523, 7.500000000000000000 ) ;
#398 = AXIS2_PLACEMENT_3D ( 'NONE', #432, #2629, #2056 ) ;
#399 =( BOUNDED_CURVE ( )  B_SPLINE_CURVE ( 3, ( #1962, #2763, #2815, #589 ),
 .UNSPECIFIED., .F., .T. ) 
 B_SPLINE_CURVE_WITH_KNOTS ( ( 4, 4 ),
 ( 0.000000000000000000, 1.000000000000000000 ),
 .UNSPECIFIED. ) 
 CURVE ( )  GEOMETRIC_REPRESENTATION_ITEM ( )  RATIONAL_B_SPLINE_CURVE ( ( 1.000000000000000000, 0.8047378541243649375, 0.8047378541243649375, 1.000000000000000000 ) ) 
 REPRESENTATION_ITEM ( '' )  );
#400 = CARTESIAN_POINT ( 'NONE',  ( 4.155211920511587712E-15, 3.499999999999996447, -6.000000000000001776 ) ) ;
#401 = CARTESIAN_POINT ( 'NONE',  ( -5.200000000000001066, 1.715999999999997907E-15, 2.599999999999996980 ) ) ;
#402 = AXIS2_PLACEMENT_3D ( 'NONE', #32, #3025, #672 ) ;
#403 = EDGE_CURVE ( 'NONE', #2194, #3014, #1198, .T. ) ;
#404 = ORIENTED_EDGE ( 'NONE', *, *, #1478, .T. ) ;
#405 = AXIS2_PLACEMENT_3D ( 'NONE', #651, #2027, #2271 ) ;
#406 = DIRECTION ( 'NONE',  ( 3.299999999999999882E-16, 1.000000000000000000, -5.600000000000000277E-16 ) ) ;
#407 = LINE ( 'NONE', #1513, #1269 ) ;
#408 = CIRCLE ( 'NONE', #2612, 3.000000000000000000 ) ;
#409 = ORIENTED_EDGE ( 'NONE', *, *, #2205, .T. ) ;
#410 = CARTESIAN_POINT ( 'NONE',  ( 3.000000000000000061E-17, 0.1000000000000000056, -6.000000000000000121E-17 ) ) ;
#411 = FACE_OUTER_BOUND ( 'NONE', #3311, .T. ) ;
#412 = CARTESIAN_POINT ( 'NONE',  ( 3.000000000000000061E-17, 0.1000000000000000056, -6.000000000000000121E-17 ) ) ;
#413 = CARTESIAN_POINT ( 'NONE',  ( -2.154000000000000291E-15, 0.1000000000000021844, 3.899999999999999911 ) ) ;
#414 = FACE_OUTER_BOUND ( 'NONE', #1675, .T. ) ;
#415 = DIRECTION ( 'NONE',  ( -6.200000000000001152E-16, 5.782411586589356653E-16, 1.000000000000000000 ) ) ;
#416 = EDGE_CURVE ( 'NONE', #3541, #2753, #865, .T. ) ;
#417 = ORIENTED_EDGE ( 'NONE', *, *, #37, .F. ) ;
#418 = CARTESIAN_POINT ( 'NONE',  ( -8.799999999999998934, 2.903999999999996701E-15, 4.399999999999995026 ) ) ;
#419 = CARTESIAN_POINT ( 'NONE',  ( 3.563091059616308200E-15, 2.899999999999997247, -4.500000000000001776 ) ) ;
#420 = DIRECTION ( 'NONE',  ( 3.299999999999999882E-16, 1.000000000000000000, -5.600000000000000277E-16 ) ) ;
#421 = PRODUCT_DEFINITION ( 'UNKNOWN', '', #1097, #2924 ) ;
#422 = EDGE_LOOP ( 'NONE', ( #94, #3491 ) ) ;
#423 = CARTESIAN_POINT ( 'NONE',  ( 1.770141280341057082E-15, 0.09999999999999552303, -4.000000000000000000 ) ) ;
#424 = CYLINDRICAL_SURFACE ( 'NONE', #989, 4.500000000000000000 ) ;
#425 = UNCERTAINTY_MEASURE_WITH_UNIT (LENGTH_MEASURE( 1.000000000000000082E-05 ), #16, 'distance_accuracy_value', 'NONE');
#426 = ORIENTED_EDGE ( 'NONE', *, *, #2466, .T. ) ;
#427 = CARTESIAN_POINT ( 'NONE',  ( 2.586729266615450525E-15, 2.899999999999998579, -3.041421356237314910 ) ) ;
#428 = FACE_OUTER_BOUND ( 'NONE', #914, .T. ) ;
#429 = ADVANCED_FACE ( 'NONE', ( #624 ), #1475, .T. ) ;
#430 = FACE_OUTER_BOUND ( 'NONE', #2187, .T. ) ;
#431 = CARTESIAN_POINT ( 'NONE',  ( 2.388626379701570552E-15, -2.000000000000002220, -3.499999999999998224 ) ) ;
#432 = CARTESIAN_POINT ( 'NONE',  ( 3.000000000000000061E-17, 0.1000000000000000056, -6.000000000000000121E-17 ) ) ;
#433 = EDGE_CURVE ( 'NONE', #89, #1368, #2314, .T. ) ;
#434 = CYLINDRICAL_SURFACE ( 'NONE', #2722, 6.000000000000000000 ) ;
#435 = EDGE_LOOP ( 'NONE', ( #2225, #2206, #3272, #984 ) ) ;
#436 = CARTESIAN_POINT ( 'NONE',  ( 1.903155408375163062E-15, -4.928000000000001980E-15, -4.400000000000000355 ) ) ;
#437 = DIRECTION ( 'NONE',  ( 3.299999999999999882E-16, 1.000000000000000000, -5.600000000000000277E-16 ) ) ;
#438 = ORIENTED_EDGE ( 'NONE', *, *, #3440, .F. ) ;
#439 = DIRECTION ( 'NONE',  ( 3.299999999999999882E-16, 1.000000000000000000, -5.600000000000000277E-16 ) ) ;
#440 = CARTESIAN_POINT ( 'NONE',  ( -2.029999999999999854E-15, 2.000000000000002665, 4.499999999999999112 ) ) ;
#441 = ORIENTED_EDGE ( 'NONE', *, *, #3546, .T. ) ;
#442 = FACE_OUTER_BOUND ( 'NONE', #3444, .T. ) ;
#443 = FACE_OUTER_BOUND ( 'NONE', #139, .T. ) ;
#444 = CARTESIAN_POINT ( 'NONE',  ( -7.645639020541137583E-16, 0.04142135623730944932, 2.500000000000003109 ) ) ;
#445 = EDGE_CURVE ( 'NONE', #617, #1504, #1843, .T. ) ;
#446 = CARTESIAN_POINT ( 'NONE',  ( -2.210000000000000018E-15, 0.1000000000000022399, 4.000000000000000000 ) ) ;
#447 = CYLINDRICAL_SURFACE ( 'NONE', #3345, 4.000000000000000000 ) ;
#448 = EDGE_LOOP ( 'NONE', ( #2779, #729, #115, #2138 ) ) ;
#449 = CARTESIAN_POINT ( 'NONE',  ( 1.928785634024029894E-15, -4.979644369271533296E-15, -4.458578643762692195 ) ) ;
#450 = VECTOR ( 'NONE', #1060, 1000.000000000000000 ) ;
#451 = DIRECTION ( 'NONE',  ( -5.600000000000000277E-16, 5.601711224508439904E-16, 1.000000000000000000 ) ) ;
#452 = AXIS2_PLACEMENT_3D ( 'NONE', #1588, #2171, #2462 ) ;
#453 = AXIS2_PLACEMENT_3D ( 'NONE', #1589, #2156, #2731 ) ;
#454 = ADVANCED_FACE ( 'NONE', ( #1199 ), #2869, .T. ) ;
#455 = ORIENTED_EDGE ( 'NONE', *, *, #3317, .F. ) ;
#456 = ADVANCED_BREP_SHAPE_REPRESENTATION ( '', ( #716, #2386 ), #1912 ) ;
#457 = FACE_OUTER_BOUND ( 'NONE', #1767, .T. ) ;
#458 = AXIS2_PLACEMENT_3D ( 'NONE', #2691, #1020, #1008 ) ;
#459 = VECTOR ( 'NONE', #1037, 1000.000000000000000 ) ;
#460 = CARTESIAN_POINT ( 'NONE',  ( -8.999999999999998224, 0.1000000000000029615, 4.499999999999993783 ) ) ;
#461 = ORIENTED_EDGE ( 'NONE', *, *, #3298, .T. ) ;
#462 = AXIS2_PLACEMENT_3D ( 'NONE', #1046, #243, #2401 ) ;
#463 = AXIS2_PLACEMENT_3D ( 'NONE', #2754, #1078, #272 ) ;
#464 = CARTESIAN_POINT ( 'NONE',  ( -8.082842712474624491, 2.653374383373939517E-15, 4.041421356237307805 ) ) ;
#465 = CARTESIAN_POINT ( 'NONE',  ( 9.699999999999999847E-16, 2.899999999999999911, -1.609999999999999932E-15 ) ) ;
#466 = ORIENTED_EDGE ( 'NONE', *, *, #2356, .T. ) ;
#467 = CARTESIAN_POINT ( 'NONE',  ( -5.000000000000007994, 0.04142135623731110772, 2.500000000000000444 ) ) ;
#468 = CIRCLE ( 'NONE', #529, 4.500000000000000000 ) ;
#469 = EDGE_CURVE ( 'NONE', #1546, #1960, #3165, .T. ) ;
#470 = CARTESIAN_POINT ( 'NONE',  ( 7.999999999999996447, 0.1414213562373070887, 4.000000000000002665 ) ) ;
#471 = CARTESIAN_POINT ( 'NONE',  ( 8.800000000000004263, 2.999999999999992006, -4.399999999999999467 ) ) ;
#472 = EDGE_CURVE ( 'NONE', #329, #2463, #630, .T. ) ;
#473 = CARTESIAN_POINT ( 'NONE',  ( -9.650249544070406169E-16, 3.000000000000000888, 2.958578643762688642 ) ) ;
#474 = VERTEX_POINT ( 'NONE', #2371 ) ;
#475 = CARTESIAN_POINT ( 'NONE',  ( -9.000000000000003553, 0.04142135623730745786, -4.500000000000007105 ) ) ;
#476 =( BOUNDED_CURVE ( )  B_SPLINE_CURVE ( 3, ( #2833, #1143, #901, #3327 ),
 .UNSPECIFIED., .F., .F. ) 
 B_SPLINE_CURVE_WITH_KNOTS ( ( 4, 4 ),
 ( 0.000000000000000000, 1.000000000000000000 ),
 .UNSPECIFIED. ) 
 CURVE ( )  GEOMETRIC_REPRESENTATION_ITEM ( )  RATIONAL_B_SPLINE_CURVE ( ( 1.000000000000000000, 0.8047378541243649375, 0.8047378541243649375, 1.000000000000000000 ) ) 
 REPRESENTATION_ITEM ( '' )  );
#477 = CARTESIAN_POINT ( 'NONE',  ( -7.311126983722083683E-16, 2.958578643762688642, 2.500000000000003997 ) ) ;
#478 = CARTESIAN_POINT ( 'NONE',  ( 0.000000000000000000, -9.099999999999999958E-16, 0.000000000000000000 ) ) ;
#479 = CARTESIAN_POINT ( 'NONE',  ( -2.442000000000000238E-15, -3.112167842308886081E-50, 4.400000000000000355 ) ) ;
#480 = ORIENTED_EDGE ( 'NONE', *, *, #2336, .T. ) ;
#481 = CARTESIAN_POINT ( 'NONE',  ( 1.744366677085473700E-15, 0.04142135623730498761, -4.000000000000000000 ) ) ;
#482 = LINE ( 'NONE', #772, #532 ) ;
#483 = ORIENTED_EDGE ( 'NONE', *, *, #2516, .F. ) ;
#484 = FACE_OUTER_BOUND ( 'NONE', #1483, .T. ) ;
#485 = EDGE_CURVE ( 'NONE', #2463, #329, #1735, .T. ) ;
#486 = CARTESIAN_POINT ( 'NONE',  ( 3.040141280341058786E-15, 2.899999999999997691, -4.000000000000001776 ) ) ;
#487 = CARTESIAN_POINT ( 'NONE',  ( -7.187672275409628338E-16, 3.000000000000001332, 4.458578643762690419 ) ) ;
#488 = CARTESIAN_POINT ( 'NONE',  ( -6.000000000000002665, 2.958578643762690863, 2.999999999999996003 ) ) ;
#489 = VERTEX_POINT ( 'NONE', #701 ) ;
#490 = CARTESIAN_POINT ( 'NONE',  ( 8.000000000000000000, 0.04142135623730235083, -3.999999999999996003 ) ) ;
#491 = DIRECTION ( 'NONE',  ( 3.299999999999999882E-16, 1.000000000000000000, -5.600000000000000277E-16 ) ) ;
#492 = ORIENTED_EDGE ( 'NONE', *, *, #2545, .T. ) ;
#493 = CARTESIAN_POINT ( 'NONE',  ( 1.348831357000210686E-15, 0.1414213562373063671, -3.000000000000000888 ) ) ;
#494 = DIRECTION ( 'NONE',  ( 3.299999999999999882E-16, 1.000000000000000000, -5.600000000000000277E-16 ) ) ;
#495 =( NAMED_UNIT ( * ) SI_UNIT ( $, .STERADIAN. ) SOLID_ANGLE_UNIT ( ) );
#496 = ORIENTED_EDGE ( 'NONE', *, *, #1231, .F. ) ;
#497 = PLANE ( 'NONE',  #121 ) ;
#498 = FACE_BOUND ( 'NONE', #2345, .T. ) ;
#499 = ORIENTED_EDGE ( 'NONE', *, *, #2216, .F. ) ;
#500 = CARTESIAN_POINT ( 'NONE',  ( 1.098063696957575952E-15, 0.04142135623730667376, -2.500000000000003109 ) ) ;
#501 = ORIENTED_EDGE ( 'NONE', *, *, #2452, .T. ) ;
#502 = CARTESIAN_POINT ( 'NONE',  ( 7.799999999999998046, 0.09999999999999743816, 3.900000000000002576 ) ) ;
#503 = CARTESIAN_POINT ( 'NONE',  ( 8.199999999999997513, -2.705999999999997822E-15, 4.100000000000003197 ) ) ;
#504 = CARTESIAN_POINT ( 'NONE',  ( 2.612359492264318935E-15, 2.899999999999996358, -3.100000000000002753 ) ) ;
#505 = ORIENTED_EDGE ( 'NONE', *, *, #3465, .F. ) ;
#506 = EDGE_CURVE ( 'NONE', #1016, #2194, #1088, .T. ) ;
#507 = CARTESIAN_POINT ( 'NONE',  ( 3.000000000000000061E-17, 0.1000000000000000056, -6.000000000000000121E-17 ) ) ;
#508 = CARTESIAN_POINT ( 'NONE',  ( 1.756017973981403921E-15, 0.09999999999999557854, -3.958578643762689087 ) ) ;
#509 = CONTEXT_DEPENDENT_SHAPE_REPRESENTATION ( #1168, #1030 ) ;
#510 = ORIENTED_EDGE ( 'NONE', *, *, #3379, .T. ) ;
#511 = CARTESIAN_POINT ( 'NONE',  ( 1.928785634024029894E-15, -4.979644369271533296E-15, -4.458578643762692195 ) ) ;
#512 = AXIS2_PLACEMENT_3D ( 'NONE', #333, #2836, #78 ) ;
#513 = DIRECTION ( 'NONE',  ( 3.299999999999999882E-16, 1.000000000000000000, -5.600000000000000277E-16 ) ) ;
#514 = EDGE_LOOP ( 'NONE', ( #669, #3236, #1174, #946 ) ) ;
#515 = CARTESIAN_POINT ( 'NONE',  ( 7.097485099360509295E-15, -4.800000000000004263, -7.499999999999997335 ) ) ;
#516 = AXIS2_PLACEMENT_3D ( 'NONE', #2337, #2039, #2627 ) ;
#517 = DIRECTION ( 'NONE',  ( -5.600000000000000277E-16, 5.601711224508439904E-16, 1.000000000000000000 ) ) ;
#518 = AXIS2_PLACEMENT_3D ( 'NONE', #1263, #1790, #721 ) ;
#519 =( BOUNDED_SURFACE ( )  B_SPLINE_SURFACE ( 3, 3, ( 
 ( #1721, #2001, #96, #888 ),
 ( #320, #25, #2505, #1146 ),
 ( #1129, #2768, #1691, #1111 ),
 ( #2791, #3349, #305, #560 ) ),
 .UNSPECIFIED., .F., .F., .F. ) 
 B_SPLINE_SURFACE_WITH_KNOTS ( ( 4, 4 ),
 ( 4, 4 ),
 ( 0.000000000000000000, 1.000000000000000000 ),
 ( 0.000000000000000000, 1.000000000000000000 ),
 .UNSPECIFIED. ) 
 GEOMETRIC_REPRESENTATION_ITEM ( )  RATIONAL_B_SPLINE_SURFACE ( (
 ( 1.000000000000000000, 0.3333333333333334259, 0.3333333333333334259, 1.000000000000000000),
 ( 0.8047378541243649375, 0.2682459513747884050, 0.2682459513747884050, 0.8047378541243649375),
 ( 0.8047378541243649375, 0.2682459513747884050, 0.2682459513747884050, 0.8047378541243649375),
 ( 1.000000000000000000, 0.3333333333333334259, 0.3333333333333334259, 1.000000000000000000) ) ) 
 REPRESENTATION_ITEM ( '' )  SURFACE ( )  );
#520 = ORIENTED_EDGE ( 'NONE', *, *, #1099, .T. ) ;
#521 = DIRECTION ( 'NONE',  ( -3.299999999999999882E-16, -1.000000000000000000, 5.600000000000000277E-16 ) ) ;
#522 = CIRCLE ( 'NONE', #2261, 6.000000000000000000 ) ;
#523 = AXIS2_PLACEMENT_3D ( 'NONE', #2060, #1615, #1883 ) ;
#524 = FACE_OUTER_BOUND ( 'NONE', #3467, .T. ) ;
#525 = CARTESIAN_POINT ( 'NONE',  ( 8.200000000000001066, -7.297999999999998286E-15, -4.099999999999996980 ) ) ;
#526 = AXIS2_PLACEMENT_3D ( 'NONE', #3461, #2686, #3181 ) ;
#527 = CARTESIAN_POINT ( 'NONE',  ( 2.550380563511376219E-15, 2.858578643762686333, -3.000000000000003997 ) ) ;
#528 = ADVANCED_FACE ( 'NONE', ( #3151 ), #3031, .F. ) ;
#529 = AXIS2_PLACEMENT_3D ( 'NONE', #2895, #2073, #1602 ) ;
#530 = ORIENTED_EDGE ( 'NONE', *, *, #273, .F. ) ;
#531 = CARTESIAN_POINT ( 'NONE',  ( 1.744264586700714722E-15, -4.540355630728472303E-15, -4.041421356237312246 ) ) ;
#532 = VECTOR ( 'NONE', #1282, 1000.000000000000000 ) ;
#533 = DIRECTION ( 'NONE',  ( -6.299999999999999819E-16, 5.421010862427522170E-16, 1.000000000000000000 ) ) ;
#534 = ORIENTED_EDGE ( 'NONE', *, *, #849, .F. ) ;
#535 =( NAMED_UNIT ( * ) PLANE_ANGLE_UNIT ( ) SI_UNIT ( $, .RADIAN. ) );
#536 = CARTESIAN_POINT ( 'NONE',  ( -5.812319016310862125E-16, 2.899999999999995914, 3.958578625276013785 ) ) ;
#537 = ORIENTED_EDGE ( 'NONE', *, *, #506, .T. ) ;
#538 = CARTESIAN_POINT ( 'NONE',  ( -2.783246188837960466E-16, 2.958578643762689087, 3.000000000000000888 ) ) ;
#539 = FACE_OUTER_BOUND ( 'NONE', #422, .T. ) ;
#540 = VERTEX_POINT ( 'NONE', #515 ) ;
#541 = CARTESIAN_POINT ( 'NONE',  ( -8.799999999999998934, 2.999999999999998668, -4.400000000000007461 ) ) ;
#542 = CARTESIAN_POINT ( 'NONE',  ( -7.917157287525374620, 0.09999999999999818756, -3.958578643762693083 ) ) ;
#543 = DIRECTION ( 'NONE',  ( -7.300000000000001277E-16, 5.782411586589356653E-16, 1.000000000000000000 ) ) ;
#544 = EDGE_CURVE ( 'NONE', #819, #2453, #3524, .T. ) ;
#545 = CARTESIAN_POINT ( 'NONE',  ( -1.044000000000000004E-15, 2.799999999999999822, 3.000000000000000000 ) ) ;
#546 = ORIENTED_EDGE ( 'NONE', *, *, #1446, .T. ) ;
#547 = CARTESIAN_POINT ( 'NONE',  ( 7.999999999999996447, 0.09999999999999735489, 4.000000000000002665 ) ) ;
#548 = PRODUCT_DEFINITION_SHAPE ( 'NONE', 'NONE',  #51 ) ;
#549 = DIRECTION ( 'NONE',  ( -5.600000000000000277E-16, 5.624298769768554251E-16, 1.000000000000000000 ) ) ;
#550 = EDGE_LOOP ( 'NONE', ( #600, #3077, #1162, #2436 ) ) ;
#551 = CARTESIAN_POINT ( 'NONE',  ( 6.000000000000003553, 2.799999999999994493, -3.000000000000000000 ) ) ;
#552 = EDGE_CURVE ( 'NONE', #2399, #843, #1052, .T. ) ;
#553 = CARTESIAN_POINT ( 'NONE',  ( -1.590000000000000001E-15, 2.800000039802001961, 3.999999999999998224 ) ) ;
#554 = ORIENTED_EDGE ( 'NONE', *, *, #416, .F. ) ;
#555 = FACE_OUTER_BOUND ( 'NONE', #3074, .T. ) ;
#556 = DIRECTION ( 'NONE',  ( 3.299999999999999882E-16, 1.000000000000000000, -5.600000000000000277E-16 ) ) ;
#557 = EDGE_LOOP ( 'NONE', ( #2259, #1645, #908, #492 ) ) ;
#558 = DIRECTION ( 'NONE',  ( -6.599999999999999763E-16, 5.782411586589356653E-16, 1.000000000000000000 ) ) ;
#559 = CARTESIAN_POINT ( 'NONE',  ( -9.971126983722098310E-16, 2.958578643762688642, 3.000000000000000888 ) ) ;
#560 = CARTESIAN_POINT ( 'NONE',  ( -2.912119205115879349E-16, 2.899999999999999911, 3.000000000000000000 ) ) ;
#561 = DIRECTION ( 'NONE',  ( -3.299999999999999882E-16, -1.000000000000000000, 5.600000000000000277E-16 ) ) ;
#562 = ADVANCED_FACE ( 'NONE', ( #442 ), #2960, .T. ) ;
#563 = VERTEX_POINT ( 'NONE', #771 ) ;
#564 = DIRECTION ( 'NONE',  ( 6.700000000000000402E-16, 1.000000000000000000, -5.600000000000000277E-16 ) ) ;
#565 = CARTESIAN_POINT ( 'NONE',  ( 9.699999999999999847E-16, 2.899999999999999911, -1.609999999999999932E-15 ) ) ;
#566 = UNCERTAINTY_MEASURE_WITH_UNIT (LENGTH_MEASURE( 1.000000000000000082E-05 ), #3468, 'distance_accuracy_value', 'NONE');
#567 = ORIENTED_EDGE ( 'NONE', *, *, #2470, .F. ) ;
#568 = CARTESIAN_POINT ( 'NONE',  ( 2.586729266615450525E-15, 2.899999999999998579, -3.041421356237314910 ) ) ;
#569 = CARTESIAN_POINT ( 'NONE',  ( 7.799999999999999822, 2.899999999999997247, 3.900000000000002576 ) ) ;
#570 = EDGE_LOOP ( 'NONE', ( #2993, #2551, #2217, #1859 ) ) ;
#571 = CARTESIAN_POINT ( 'NONE',  ( 3.244785634024033528E-15, 2.999999999999995559, -4.458578643762694860 ) ) ;
#572 = EDGE_LOOP ( 'NONE', ( #3499, #2227 ) ) ;
#573 = AXIS2_PLACEMENT_3D ( 'NONE', #1805, #1200, #3452 ) ;
#574 = DIRECTION ( 'NONE',  ( 3.299999999999999882E-16, 1.000000000000000000, -5.600000000000000277E-16 ) ) ;
#575 = EDGE_CURVE ( 'NONE', #275, #1930, #2689, .T. ) ;
#576 = PRODUCT_DEFINITION_SHAPE ( 'NONE', 'NONE',  #1594 ) ;
#577 = AXIS2_PLACEMENT_3D ( 'NONE', #3155, #1824, #2931 ) ;
#578 = CARTESIAN_POINT ( 'NONE',  ( -5.799999999999999822, 2.999999999999998668, -2.900000000000006128 ) ) ;
#579 = CARTESIAN_POINT ( 'NONE',  ( 3.000000000000000061E-17, 0.1000000000000000056, -6.000000000000000121E-17 ) ) ;
#580 = AXIS2_PLACEMENT_3D ( 'NONE', #246, #3251, #730 ) ;
#581 = CIRCLE ( 'NONE', #2021, 4.500000000000000000 ) ;
#582 = DIRECTION ( 'NONE',  ( -5.600000000000000277E-16, 5.590417451878382238E-16, 1.000000000000000000 ) ) ;
#583 = CARTESIAN_POINT ( 'NONE',  ( -1.610000000000000721E-15, 0.2000000000000000111, 3.000000000000000000 ) ) ;
#584 = EDGE_CURVE ( 'NONE', #3527, #2557, #792, .T. ) ;
#585 = ORIENTED_EDGE ( 'NONE', *, *, #2100, .F. ) ;
#586 = CARTESIAN_POINT ( 'NONE',  ( 5.199999999999999289, -4.627999999999998683E-15, -2.599999999999997868 ) ) ;
#587 = CARTESIAN_POINT ( 'NONE',  ( -1.611999999999999964E-15, -2.343290394745871458E-49, 2.899999999999999911 ) ) ;
#588 = ORIENTED_EDGE ( 'NONE', *, *, #846, .T. ) ;
#589 = CARTESIAN_POINT ( 'NONE',  ( -1.369999999999999976E-15, 0.1000000000000014072, 2.500000000000000000 ) ) ;
#590 = EDGE_LOOP ( 'NONE', ( #2787, #3372 ) ) ;
#591 = CARTESIAN_POINT ( 'NONE',  ( -1.561112698372208346E-15, 2.958578643762688642, 4.000000000000000000 ) ) ;
#592 = ORIENTED_EDGE ( 'NONE', *, *, #3024, .T. ) ;
#593 = CARTESIAN_POINT ( 'NONE',  ( 1.947032174379424435E-15, -3.444000000000001137E-15, -4.400000000000000355 ) ) ;
#594 = DIRECTION ( 'NONE',  ( -5.599999999999999291E-16, 5.595882180570345180E-16, 1.000000000000000000 ) ) ;
#595 = EDGE_CURVE ( 'NONE', #1289, #1423, #749, .T. ) ;
#596 = DIRECTION ( 'NONE',  ( -3.299999999999999882E-16, -1.000000000000000000, 5.600000000000000277E-16 ) ) ;
#597 = CARTESIAN_POINT ( 'NONE',  ( 2.973915891565457355E-15, 2.858578665078006065, -3.999999976684530889 ) ) ;
#598 = CARTESIAN_POINT ( 'NONE',  ( 3.563091059616307412E-15, 0.09999999999999747979, -4.500000000000000000 ) ) ;
#599 = CARTESIAN_POINT ( 'NONE',  ( 3.085894812349583611E-15, 2.999999999999995115, -4.100000000000004086 ) ) ;
#600 = ORIENTED_EDGE ( 'NONE', *, *, #1554, .T. ) ;
#601 = FILL_AREA_STYLE_COLOUR ( '', #2427 ) ;
#602 = CARTESIAN_POINT ( 'NONE',  ( 3.563091059616308200E-15, 2.899999999999997247, -4.500000000000001776 ) ) ;
#603 = EDGE_CURVE ( 'NONE', #3544, #385, #1787, .T. ) ;
#604 = ORIENTED_EDGE ( 'NONE', *, *, #3082, .T. ) ;
#605 = CARTESIAN_POINT ( 'NONE',  ( -7.171126983722100144E-16, 2.958578643762688642, 2.500000000000003109 ) ) ;
#606 = DIRECTION ( 'NONE',  ( -6.400000000000000458E-16, 5.288791085295142546E-16, 1.000000000000000000 ) ) ;
#607 = EDGE_LOOP ( 'NONE', ( #1697, #1988, #178, #2631 ) ) ;
#608 = CARTESIAN_POINT ( 'NONE',  ( -7.999999999999996447, 0.1999999999999981515, -4.000000000000003553 ) ) ;
#609 = CARTESIAN_POINT ( 'NONE',  ( -1.771999999999999803E-15, 3.000000000000002665, 4.399999999999998579 ) ) ;
#610 = CARTESIAN_POINT ( 'NONE',  ( 9.699999999999999847E-16, 2.899999999999999911, -1.609999999999999932E-15 ) ) ;
#611 = ADVANCED_FACE ( 'NONE', ( #2656 ), #2560, .F. ) ;
#612 = EDGE_LOOP ( 'NONE', ( #1132, #2973, #3442, #1800 ) ) ;
#613 = MANIFOLD_SOLID_BREP ( 'GT2_Idler_20S[1]', #2886 ) ;
#614 = CARTESIAN_POINT ( 'NONE',  ( -1.655002659830451690E-15, 0.1000000000000000194, 3.041421356237311802 ) ) ;
#615 = CARTESIAN_POINT ( 'NONE',  ( -2.271999999999999842E-15, 1.386000000000001222E-15, 4.100000000000000533 ) ) ;
#616 = ADVANCED_FACE ( 'NONE', ( #3028, #2007 ), #497, .T. ) ;
#617 = VERTEX_POINT ( 'NONE', #265 ) ;
#618 = LINE ( 'NONE', #400, #1896 ) ;
#619 = CARTESIAN_POINT ( 'NONE',  ( 1.388359492264319359E-15, 0.09999999999999653610, -3.100000000000000089 ) ) ;
#620 = ORIENTED_EDGE ( 'NONE', *, *, #1119, .F. ) ;
#621 = DIRECTION ( 'NONE',  ( -5.600000000000000277E-16, 5.601711224508439904E-16, 1.000000000000000000 ) ) ;
#622 = DIRECTION ( 'NONE',  ( -6.699999999999999416E-16, 5.981805089575197183E-16, 1.000000000000000000 ) ) ;
#623 = ORIENTED_EDGE ( 'NONE', *, *, #2916, .F. ) ;
#624 = FACE_OUTER_BOUND ( 'NONE', #34, .T. ) ;
#625 = CIRCLE ( 'NONE', #2653, 3.000000000000000000 ) ;
#626 = CARTESIAN_POINT ( 'NONE',  ( -2.490000000000000229E-15, 0.1000000000000025313, 4.500000000000000000 ) ) ;
#627 = CARTESIAN_POINT ( 'NONE',  ( 5.082842712474622715, 2.999999999999995559, -2.541421356237309137 ) ) ;
#628 = ORIENTED_EDGE ( 'NONE', *, *, #1737, .F. ) ;
#629 =( BOUNDED_SURFACE ( )  B_SPLINE_SURFACE ( 3, 3, ( 
 ( #2297, #1819, #642, #107 ),
 ( #3400, #2051, #2034, #2090 ),
 ( #3184, #1218, #3114, #1750 ),
 ( #676, #1782, #351, #2887 ) ),
 .UNSPECIFIED., .F., .F., .T. ) 
 B_SPLINE_SURFACE_WITH_KNOTS ( ( 4, 4 ),
 ( 4, 4 ),
 ( 0.000000000000000000, 1.000000000000000000 ),
 ( 0.000000000000000000, 1.000000000000000000 ),
 .UNSPECIFIED. ) 
 GEOMETRIC_REPRESENTATION_ITEM ( )  RATIONAL_B_SPLINE_SURFACE ( (
 ( 1.000000000000000000, 0.3333333333333334259, 0.3333333333333334259, 1.000000000000000000),
 ( 0.8047378541243649375, 0.2682459513747884050, 0.2682459513747884050, 0.8047378541243649375),
 ( 0.8047378541243649375, 0.2682459513747884050, 0.2682459513747884050, 0.8047378541243649375),
 ( 1.000000000000000000, 0.3333333333333334259, 0.3333333333333334259, 1.000000000000000000) ) ) 
 REPRESENTATION_ITEM ( '' )  SURFACE ( )  );
#630 = CIRCLE ( 'NONE', #1271, 3.000000000000000000 ) ;
#631 = CARTESIAN_POINT ( 'NONE',  ( -1.658887301627792109E-15, 0.04142135623730951871, 3.000000000000000888 ) ) ;
#632 = AXIS2_PLACEMENT_3D ( 'NONE', #685, #359, #3157 ) ;
#633 = CIRCLE ( 'NONE', #1331, 4.500000000000000000 ) ;
#634 = VERTEX_POINT ( 'NONE', #1664 ) ;
#635 = DIRECTION ( 'NONE',  ( -1.000000000000000000, 3.299999999999999882E-16, 0.000000000000000000 ) ) ;
#636 = CARTESIAN_POINT ( 'NONE',  ( 2.759858719658941191E-15, 0.09999999999999777123, -4.000000000000000000 ) ) ;
#637 = AXIS2_PLACEMENT_3D ( 'NONE', #2717, #1934, #2752 ) ;
#638 = FACE_BOUND ( 'NONE', #271, .T. ) ;
#639 = ORIENTED_EDGE ( 'NONE', *, *, #849, .T. ) ;
#640 = CARTESIAN_POINT ( 'NONE',  ( -8.082842712474624491, 3.000000000000003109, 4.041421356237306917 ) ) ;
#641 = ADVANCED_FACE ( 'NONE', ( #555 ), #1897, .F. ) ;
#642 = CARTESIAN_POINT ( 'NONE',  ( -8.799999999999998934, 2.999999999999998668, -4.400000000000007461 ) ) ;
#643 = EDGE_CURVE ( 'NONE', #1719, #275, #3113, .T. ) ;
#644 = PLANE ( 'NONE',  #339 ) ;
#645 = FACE_BOUND ( 'NONE', #658, .T. ) ;
#646 = DIRECTION ( 'NONE',  ( -5.599999999999999291E-16, 5.599999999999999291E-16, 1.000000000000000000 ) ) ;
#647 = CARTESIAN_POINT ( 'NONE',  ( 2.093894039744205396E-15, 0.1999999999999983180, -3.000000000000000000 ) ) ;
#648 = EDGE_CURVE ( 'NONE', #3012, #2567, #1739, .T. ) ;
#649 = FACE_BOUND ( 'NONE', #1347, .T. ) ;
#650 = DIRECTION ( 'NONE',  ( 3.299999999999999882E-16, 1.000000000000000000, -5.600000000000000277E-16 ) ) ;
#651 = CARTESIAN_POINT ( 'NONE',  ( 9.699999999999999847E-16, 2.899999999999999911, -1.609999999999999932E-15 ) ) ;
#652 = ORIENTED_EDGE ( 'NONE', *, *, #3472, .F. ) ;
#653 = CARTESIAN_POINT ( 'NONE',  ( 1.000000000000000078E-15, 3.000000000000000000, -1.669999999999999921E-15 ) ) ;
#654 =( BOUNDED_SURFACE ( )  B_SPLINE_SURFACE ( 3, 3, ( 
 ( #2221, #551, #31, #3009 ),
 ( #1421, #2811, #2254, #1922 ),
 ( #568, #3341, #1433, #1660 ),
 ( #327, #2546, #1121, #2240 ) ),
 .UNSPECIFIED., .F., .F., .F. ) 
 B_SPLINE_SURFACE_WITH_KNOTS ( ( 4, 4 ),
 ( 4, 4 ),
 ( 0.000000000000000000, 1.000000000000000000 ),
 ( 0.000000000000000000, 1.000000000000000000 ),
 .UNSPECIFIED. ) 
 GEOMETRIC_REPRESENTATION_ITEM ( )  RATIONAL_B_SPLINE_SURFACE ( (
 ( 1.000000000000000000, 0.3333333333333334259, 0.3333333333333334259, 1.000000000000000000),
 ( 0.8047378541243649375, 0.2682459513747884050, 0.2682459513747884050, 0.8047378541243649375),
 ( 0.8047378541243649375, 0.2682459513747884050, 0.2682459513747884050, 0.8047378541243649375),
 ( 1.000000000000000000, 0.3333333333333334259, 0.3333333333333334259, 1.000000000000000000) ) ) 
 REPRESENTATION_ITEM ( '' )  SURFACE ( )  );
#655 = CARTESIAN_POINT ( 'NONE',  ( 1.756017973981403921E-15, 0.09999999999999556466, -3.958578643762689087 ) ) ;
#656 = CARTESIAN_POINT ( 'NONE',  ( -5.082842712474615610, -1.183017535611847118E-15, -2.541421356237310913 ) ) ;
#657 = PRODUCT_CONTEXT ( 'NONE', #1841, 'mechanical' ) ;
#658 = EDGE_LOOP ( 'NONE', ( #2860, #1280 ) ) ;
#659 = CARTESIAN_POINT ( 'NONE',  ( -8.199999999999997513, -1.886000000000004614E-15, -4.100000000000004086 ) ) ;
#660 = CARTESIAN_POINT ( 'NONE',  ( 3.085894812349579666E-15, 2.999999999999997780, -4.100000000000002309 ) ) ;
#661 = ORIENTED_EDGE ( 'NONE', *, *, #2610, .F. ) ;
#662 = FACE_BOUND ( 'NONE', #3058, .T. ) ;
#663 = DIRECTION ( 'NONE',  ( -1.049999999999999707E-15, 6.938893903907228378E-16, 1.000000000000000000 ) ) ;
#664 = FACE_OUTER_BOUND ( 'NONE', #2761, .T. ) ;
#665 = APPLICATION_CONTEXT ( 'automotive_design' ) ;
#666 = DIRECTION ( 'NONE',  ( 3.299999999999999882E-16, 1.000000000000000000, -5.600000000000000277E-16 ) ) ;
#667 = DIRECTION ( 'NONE',  ( -5.600000000000000277E-16, 5.601711224508439904E-16, 1.000000000000000000 ) ) ;
#668 = CARTESIAN_POINT ( 'NONE',  ( 1.000000000000000078E-15, 3.000000000000000000, -1.669999999999999921E-15 ) ) ;
#669 = ORIENTED_EDGE ( 'NONE', *, *, #112, .F. ) ;
#670 =( NAMED_UNIT ( * ) PLANE_ANGLE_UNIT ( ) SI_UNIT ( $, .RADIAN. ) );
#671 = CARTESIAN_POINT ( 'NONE',  ( 7.799999999999999822, 0.09999999999999306666, -3.899999999999996358 ) ) ;
#672 = DIRECTION ( 'NONE',  ( -6.599999999999999763E-16, 5.782411586589356653E-16, 1.000000000000000000 ) ) ;
#673 = DIRECTION ( 'NONE',  ( 1.000000000000000000, 0.000000000000000000, 0.000000000000000000 ) ) ;
#674 = VERTEX_POINT ( 'NONE', #3390 ) ;
#675 = CARTESIAN_POINT ( 'NONE',  ( 3.085894812349578878E-15, 2.999999999999995115, -4.100000000000004086 ) ) ;
#676 = CARTESIAN_POINT ( 'NONE',  ( -1.849863636363636975E-15, 2.899999999999999911, 4.500000000000000000 ) ) ;
#677 = ORIENTED_EDGE ( 'NONE', *, *, #2336, .F. ) ;
#678 = CARTESIAN_POINT ( 'NONE',  ( -6.000000000000002665, 2.800000000000002043, 2.999999999999996003 ) ) ;
#679 = CARTESIAN_POINT ( 'NONE',  ( 2.586729266615450525E-15, 2.899999999999999023, -3.041421356237315354 ) ) ;
#680 = CARTESIAN_POINT ( 'NONE',  ( -9.240992221393806287E-16, 0.04142135623730951871, 3.000000000000000888 ) ) ;
#681 = ADVANCED_FACE ( 'NONE', ( #1728 ), #894, .F. ) ;
#682 = CARTESIAN_POINT ( 'NONE',  ( 4.378485099360514614E-15, -4.800000000000004263, -7.499999999999996447 ) ) ;
#683 = DIRECTION ( 'NONE',  ( 0.000000000000000000, -1.110000000000000090E-15, -1.000000000000000000 ) ) ;
#684 = VECTOR ( 'NONE', #1494, 1000.000000000000000 ) ;
#685 = CARTESIAN_POINT ( 'NONE',  ( 3.000000000000000061E-17, 0.1000000000000000056, -6.000000000000000121E-17 ) ) ;
#686 = VERTEX_POINT ( 'NONE', #19 ) ;
#687 = AXIS2_PLACEMENT_3D ( 'NONE', #172, #1295, #1277 ) ;
#688 = CARTESIAN_POINT ( 'NONE',  ( -2.476000000000000001E-15, 0.1000000000000000056, 4.500000000000000000 ) ) ;
#689 = AXIS2_PLACEMENT_3D ( 'NONE', #2036, #2319, #2909 ) ;
#690 = EDGE_CURVE ( 'NONE', #1406, #1834, #581, .T. ) ;
#691 = FACE_OUTER_BOUND ( 'NONE', #1649, .T. ) ;
#692 = CARTESIAN_POINT ( 'NONE',  ( 1.388359492264320148E-15, 0.09999999999999827083, -3.100000000000000089 ) ) ;
#693 = AXIS2_PLACEMENT_3D ( 'NONE', #2264, #3032, #558 ) ;
#694 = AXIS2_PLACEMENT_3D ( 'NONE', #2396, #3439, #3473 ) ;
#695 = ORIENTED_EDGE ( 'NONE', *, *, #350, .F. ) ;
#696 = AXIS2_PLACEMENT_3D ( 'NONE', #168, #2387, #1849 ) ;
#697 = CARTESIAN_POINT ( 'NONE',  ( -7.999999999999998224, 2.958578643762686866, -4.000000000000006217 ) ) ;
#698 = DIRECTION ( 'NONE',  ( 3.299999999999999882E-16, 1.000000000000000000, -5.600000000000000277E-16 ) ) ;
#699 = AXIS2_PLACEMENT_3D ( 'NONE', #2483, #290, #1361 ) ;
#700 = ORIENTED_EDGE ( 'NONE', *, *, #1039, .F. ) ;
#701 = CARTESIAN_POINT ( 'NONE',  ( -1.369999999999999976E-15, 0.1000000000000014072, 2.500000000000000000 ) ) ;
#702 = CARTESIAN_POINT ( 'NONE',  ( 7.097485099360514028E-15, -3.500000000000005329, -7.499999999999997335 ) ) ;
#703 = CARTESIAN_POINT ( 'NONE',  ( 5.799999999999998046, -1.913999999999998758E-15, 2.900000000000001688 ) ) ;
#704 = CARTESIAN_POINT ( 'NONE',  ( 0.000000000000000000, -9.099999999999999958E-16, 0.000000000000000000 ) ) ;
#705 = CARTESIAN_POINT ( 'NONE',  ( -7.300000000000017054E-16, 2.899999999999999911, 2.500000000000000000 ) ) ;
#706 = EDGE_CURVE ( 'NONE', #1702, #262, #1085, .T. ) ;
#707 = CARTESIAN_POINT ( 'NONE',  ( 1.769894812349584512E-15, -3.206000000000000425E-15, -4.100000000000000533 ) ) ;
#708 = DIRECTION ( 'NONE',  ( 3.299999999999999882E-16, 1.000000000000000000, -5.600000000000000277E-16 ) ) ;
#709 = ORIENTED_EDGE ( 'NONE', *, *, #2816, .F. ) ;
#710 = CYLINDRICAL_SURFACE ( 'NONE', #696, 3.000000000000000000 ) ;
#711 = ORIENTED_EDGE ( 'NONE', *, *, #839, .T. ) ;
#712 = CARTESIAN_POINT ( 'NONE',  ( 2.093894039744204607E-15, 0.09999999999999832634, -3.000000000000000000 ) ) ;
#713 = LINE ( 'NONE', #2014, #3168 ) ;
#714 = PRODUCT_DEFINITION_CONTEXT ( 'detailed design', #1239, 'design' ) ;
#715 = EDGE_CURVE ( 'NONE', #3014, #219, #1192, .T. ) ;
#716 = MANIFOLD_SOLID_BREP ( 'Ball bearing (5x9x3)mm001[1]', #2075 ) ;
#717 = ORIENTED_EDGE ( 'NONE', *, *, #2191, .F. ) ;
#718 = DIRECTION ( 'NONE',  ( 3.299999999999999882E-16, 1.000000000000000000, -5.600000000000000277E-16 ) ) ;
#719 = CARTESIAN_POINT ( 'NONE',  ( 2.093894039744204607E-15, 0.09999999999999832634, -3.000000000000000000 ) ) ;
#720 = CARTESIAN_POINT ( 'NONE',  ( -7.299999999999999305E-16, 2.900000000000001243, 2.499999999999998224 ) ) ;
#721 = DIRECTION ( 'NONE',  ( -5.600000000000000277E-16, 5.590417451878382238E-16, 1.000000000000000000 ) ) ;
#722 = CARTESIAN_POINT ( 'NONE',  ( -1.364310816750329041E-15, 0.000000000000000000, 4.400000000000000355 ) ) ;
#723 = DIRECTION ( 'NONE',  ( -5.600000000000000277E-16, 5.594761210582250344E-16, 1.000000000000000000 ) ) ;
#724 = ADVANCED_FACE ( 'NONE', ( #2918 ), #2161, .F. ) ;
#725 = EDGE_CURVE ( 'NONE', #1816, #2006, #2554, .T. ) ;
#726 = EDGE_LOOP ( 'NONE', ( #1979, #2967 ) ) ;
#727 = CARTESIAN_POINT ( 'NONE',  ( 1.774264514336792151E-15, 0.09999999999999782674, -3.899999999999999911 ) ) ;
#728 = EDGE_CURVE ( 'NONE', #1021, #1406, #2400, .T. ) ;
#729 = ORIENTED_EDGE ( 'NONE', *, *, #1463, .T. ) ;
#730 = DIRECTION ( 'NONE',  ( -5.599999999999999291E-16, 5.595882180570345180E-16, 1.000000000000000000 ) ) ;
#731 = ADVANCED_FACE ( 'NONE', ( #1847 ), #3050, .F. ) ;
#732 = ORIENTED_EDGE ( 'NONE', *, *, #1598, .F. ) ;
#733 = CARTESIAN_POINT ( 'NONE',  ( 1.169999999999999882E-15, 3.500000000000000000, -1.939999999999999969E-15 ) ) ;
#734 = CARTESIAN_POINT ( 'NONE',  ( -9.429999999999999404E-16, 3.000000000000001776, 2.899999999999998135 ) ) ;
#735 = EDGE_CURVE ( 'NONE', #634, #686, #2318, .T. ) ;
#736 = CARTESIAN_POINT ( 'NONE',  ( 1.123591832221687158E-15, -2.912000000000000775E-15, -2.600000000000000089 ) ) ;
#737 = CARTESIAN_POINT ( 'NONE',  ( 1.669999999999999921E-15, 5.000000000000000000, -2.779999999999999814E-15 ) ) ;
#738 = CARTESIAN_POINT ( 'NONE',  ( 9.000000000000003553, 2.899999999999991473, -4.499999999999999112 ) ) ;
#739 = CARTESIAN_POINT ( 'NONE',  ( 1.169999999999999882E-15, 3.500000000000000000, -1.939999999999999969E-15 ) ) ;
#740 = ORIENTED_EDGE ( 'NONE', *, *, #706, .F. ) ;
#741 = CARTESIAN_POINT ( 'NONE',  ( -8.799999999999998934, -2.024000000000004884E-15, -4.400000000000003908 ) ) ;
#742 = CIRCLE ( 'NONE', #113, 4.000000000000000000 ) ;
#743 = EDGE_CURVE ( 'NONE', #3134, #89, #954, .T. ) ;
#744 = FACE_BOUND ( 'NONE', #188, .T. ) ;
#745 = CIRCLE ( 'NONE', #1958, 2.600000000000000089 ) ;
#746 =( BOUNDED_CURVE ( )  B_SPLINE_CURVE ( 3, ( #2730, #3015, #2409, #3273 ),
 .UNSPECIFIED., .F., .T. ) 
 B_SPLINE_CURVE_WITH_KNOTS ( ( 4, 4 ),
 ( 0.000000000000000000, 1.000000000000000000 ),
 .UNSPECIFIED. ) 
 CURVE ( )  GEOMETRIC_REPRESENTATION_ITEM ( )  RATIONAL_B_SPLINE_CURVE ( ( 1.000000000000000000, 0.8047378541243649375, 0.8047378541243649375, 1.000000000000000000 ) ) 
 REPRESENTATION_ITEM ( '' )  );
#747 = CARTESIAN_POINT ( 'NONE',  ( 9.699999999999999847E-16, 2.899999999999999911, -1.609999999999999932E-15 ) ) ;
#748 = ADVANCED_FACE ( 'NONE', ( #967 ), #397, .T. ) ;
#749 = CIRCLE ( 'NONE', #1685, 7.500000000000000000 ) ;
#750 =( BOUNDED_SURFACE ( )  B_SPLINE_SURFACE ( 3, 3, ( 
 ( #2019, #998, #2071, #392 ),
 ( #1495, #3173, #2607, #680 ),
 ( #131, #1517, #145, #1241 ),
 ( #2353, #3436, #703, #2911 ) ),
 .UNSPECIFIED., .F., .F., .F. ) 
 B_SPLINE_SURFACE_WITH_KNOTS ( ( 4, 4 ),
 ( 4, 4 ),
 ( 0.000000000000000000, 1.000000000000000000 ),
 ( 0.000000000000000000, 1.000000000000000000 ),
 .UNSPECIFIED. ) 
 GEOMETRIC_REPRESENTATION_ITEM ( )  RATIONAL_B_SPLINE_SURFACE ( (
 ( 1.000000000000000000, 0.3333333333333334259, 0.3333333333333334259, 1.000000000000000000),
 ( 0.8047378541243649375, 0.2682459513747884050, 0.2682459513747884050, 0.8047378541243649375),
 ( 0.8047378541243649375, 0.2682459513747884050, 0.2682459513747884050, 0.8047378541243649375),
 ( 1.000000000000000000, 0.3333333333333334259, 0.3333333333333334259, 1.000000000000000000) ) ) 
 REPRESENTATION_ITEM ( '' )  SURFACE ( )  );
#751 = CARTESIAN_POINT ( 'NONE',  ( 1.388359492264319359E-15, 0.09999999999999653610, -3.100000000000000089 ) ) ;
#752 = EDGE_LOOP ( 'NONE', ( #939, #302, #1344, #2032 ) ) ;
#753 = CIRCLE ( 'NONE', #1211, 3.899999999999999911 ) ;
#754 = AXIS2_PLACEMENT_3D ( 'NONE', #2853, #2018, #3152 ) ;
#755 = CARTESIAN_POINT ( 'NONE',  ( -2.271999999999999842E-15, -1.477067513746531812E-49, 4.100000000000000533 ) ) ;
#756 = CARTESIAN_POINT ( 'NONE',  ( 9.699999999999999847E-16, 2.899999999999999911, -1.609999999999999932E-15 ) ) ;
#757 = ORIENTED_EDGE ( 'NONE', *, *, #2178, .T. ) ;
#758 = CARTESIAN_POINT ( 'NONE',  ( -9.000000000000010658, 2.958578643762691751, 4.499999999999997335 ) ) ;
#759 = CONICAL_SURFACE ( 'NONE', #994, 7.500000000000000000, 0.7853981633970000820 ) ;
#760 = CYLINDRICAL_SURFACE ( 'NONE', #2549, 3.000000000000000000 ) ;
#761 = AXIS2_PLACEMENT_3D ( 'NONE', #1942, #299, #33 ) ;
#762 = FACE_OUTER_BOUND ( 'NONE', #1731, .T. ) ;
#763 = EDGE_CURVE ( 'NONE', #2244, #819, #1148, .T. ) ;
#764 = ORIENTED_EDGE ( 'NONE', *, *, #603, .F. ) ;
#765 = CARTESIAN_POINT ( 'NONE',  ( -5.917157287525374620, -1.346982464388157508E-15, -2.958578643762691307 ) ) ;
#766 = DIRECTION ( 'NONE',  ( -6.299999999999999819E-16, 5.421010862427522170E-16, 1.000000000000000000 ) ) ;
#767 = ADVANCED_FACE ( 'NONE', ( #2469 ), #816, .F. ) ;
#768 = EDGE_LOOP ( 'NONE', ( #1910, #2584, #3130, #2810 ) ) ;
#769 = FACE_BOUND ( 'NONE', #3150, .T. ) ;
#770 = ORIENTED_EDGE ( 'NONE', *, *, #2898, .T. ) ;
#771 = CARTESIAN_POINT ( 'NONE',  ( 4.416091059616307664E-15, 1.999999999999997335, -4.500000000000000888 ) ) ;
#772 = CARTESIAN_POINT ( 'NONE',  ( 6.723485099360513867E-15, -5.000000000000008882, -7.499999999999994671 ) ) ;
#773 =( BOUNDED_CURVE ( )  B_SPLINE_CURVE ( 3, ( #2494, #3071, #1977, #68 ),
 .UNSPECIFIED., .F., .T. ) 
 B_SPLINE_CURVE_WITH_KNOTS ( ( 4, 4 ),
 ( 0.000000000000000000, 1.000000000000000000 ),
 .UNSPECIFIED. ) 
 CURVE ( )  GEOMETRIC_REPRESENTATION_ITEM ( )  RATIONAL_B_SPLINE_CURVE ( ( 1.000000000000000000, 0.8047378541243649375, 0.8047378541243649375, 1.000000000000000000 ) ) 
 REPRESENTATION_ITEM ( '' )  );
#774 = CARTESIAN_POINT ( 'NONE',  ( -1.364000000000000076E-15, 0.1000000000000000056, 2.500000000000000000 ) ) ;
#775 = PRODUCT ( 'Ball bearing (5x9x3)mm001.step', 'Ball bearing (5x9x3)mm001.step', '', ( #783 ) ) ;
#776 = CARTESIAN_POINT ( 'NONE',  ( 1.756017973981403921E-15, 0.09999999999999556466, -3.958578643762689087 ) ) ;
#777 = CARTESIAN_POINT ( 'NONE',  ( -1.227169862309909968E-15, 0.04142135623730946320, 4.000000000000000000 ) ) ;
#778 = CARTESIAN_POINT ( 'NONE',  ( -5.800000000000003375, 3.000000000000001776, 2.899999999999995914 ) ) ;
#779 = ORIENTED_EDGE ( 'NONE', *, *, #485, .T. ) ;
#780 = CARTESIAN_POINT ( 'NONE',  ( -1.610000000000000129E-15, 0.2000000000000016764, 3.000000000000000000 ) ) ;
#781 = ADVANCED_FACE ( 'NONE', ( #1865 ), #1179, .F. ) ;
#782 = CARTESIAN_POINT ( 'NONE',  ( 2.439591832221690990E-15, 2.999999999999998668, -2.600000000000001421 ) ) ;
#783 = PRODUCT_CONTEXT ( 'NONE', #1981, 'mechanical' ) ;
#784 = VERTEX_POINT ( 'NONE', #2719 ) ;
#785 = DIRECTION ( 'NONE',  ( -6.299999999999999819E-16, 5.913830031739114557E-16, 1.000000000000000000 ) ) ;
#786 =( LENGTH_UNIT ( ) NAMED_UNIT ( * ) SI_UNIT ( .MILLI., .METRE. ) );
#787 = ORIENTED_EDGE ( 'NONE', *, *, #1916, .T. ) ;
#788 = CARTESIAN_POINT ( 'NONE',  ( -8.082842712474620939, -1.873017535611850638E-15, -4.041421356237314022 ) ) ;
#789 = DIRECTION ( 'NONE',  ( 3.299999999999999882E-16, 1.000000000000000000, -5.600000000000000277E-16 ) ) ;
#790 = CARTESIAN_POINT ( 'NONE',  ( 1.123838300213160912E-15, 0.09999999999999720224, -2.500000000000000000 ) ) ;
#791 = CARTESIAN_POINT ( 'NONE',  ( -2.136150000000000997E-15, 0.1000000000000000056, 3.899999999999999911 ) ) ;
#792 =( BOUNDED_CURVE ( )  B_SPLINE_CURVE ( 3, ( #2459, #3203, #2169, #194 ),
 .UNSPECIFIED., .F., .F. ) 
 B_SPLINE_CURVE_WITH_KNOTS ( ( 4, 4 ),
 ( 0.000000000000000000, 1.000000000000000000 ),
 .UNSPECIFIED. ) 
 CURVE ( )  GEOMETRIC_REPRESENTATION_ITEM ( )  RATIONAL_B_SPLINE_CURVE ( ( 1.000000000000000000, 0.8047378541243649375, 0.8047378541243649375, 1.000000000000000000 ) ) 
 REPRESENTATION_ITEM ( '' )  );
#793 = DIRECTION ( 'NONE',  ( -3.299999999999999882E-16, -1.000000000000000000, 5.600000000000000277E-16 ) ) ;
#794 = CARTESIAN_POINT ( 'NONE',  ( 5.000000000000002665, 2.899999999999997691, 2.500000000000002220 ) ) ;
#795 = VERTEX_POINT ( 'NONE', #3247 ) ;
#796 = CARTESIAN_POINT ( 'NONE',  ( 8.199999999999997513, -2.705999999999997822E-15, 4.100000000000003197 ) ) ;
#797 = CARTESIAN_POINT ( 'NONE',  ( 8.082842712474624491, 2.999999999999998224, 4.041421356237313134 ) ) ;
#798 = ORIENTED_EDGE ( 'NONE', *, *, #1818, .T. ) ;
#799 =( LENGTH_UNIT ( ) NAMED_UNIT ( * ) SI_UNIT ( .MILLI., .METRE. ) );
#800 = FACE_OUTER_BOUND ( 'NONE', #3142, .T. ) ;
#801 = AXIS2_PLACEMENT_3D ( 'NONE', #3310, #556, #2262 ) ;
#802 = DIRECTION ( 'NONE',  ( 0.000000000000000000, 0.000000000000000000, 1.000000000000000000 ) ) ;
#803 = ORIENTED_EDGE ( 'NONE', *, *, #3070, .T. ) ;
#804 = FILL_AREA_STYLE ('',( #1175 ) ) ;
#805 = AXIS2_PLACEMENT_3D ( 'NONE', #2940, #1565, #2990 ) ;
#806 = CARTESIAN_POINT ( 'NONE',  ( 2.612359492264318935E-15, 2.899999999999998135, -3.100000000000001421 ) ) ;
#807 = AXIS2_PLACEMENT_3D ( 'NONE', #410, #129, #2891 ) ;
#808 = ORIENTED_EDGE ( 'NONE', *, *, #2275, .F. ) ;
#809 = CARTESIAN_POINT ( 'NONE',  ( -8.917157287525387943, 3.000000000000003553, 4.458578643762686866 ) ) ;
#810 = AXIS2_PLACEMENT_3D ( 'NONE', #1232, #2569, #119 ) ;
#811 = ORIENTED_EDGE ( 'NONE', *, *, #2316, .T. ) ;
#812 = CARTESIAN_POINT ( 'NONE',  ( 1.812141280341058554E-15, 0.1999999999999955425, -4.000000000000000000 ) ) ;
#813 = DIRECTION ( 'NONE',  ( -6.299999999999999819E-16, 5.782411586589356653E-16, 1.000000000000000000 ) ) ;
#814 = AXIS2_PLACEMENT_3D ( 'NONE', #1409, #3042, #3090 ) ;
#815 = CARTESIAN_POINT ( 'NONE',  ( -1.227272536527433120E-16, 3.000000000000001332, 2.541421356237308693 ) ) ;
#816 =( BOUNDED_SURFACE ( )  B_SPLINE_SURFACE ( 3, 3, ( 
 ( #1895, #2701, #1028, #2140 ),
 ( #1363, #241, #1639, #3003 ),
 ( #3020, #2195, #765, #3231 ),
 ( #203, #1919, #1324, #1308 ) ),
 .UNSPECIFIED., .F., .F., .T. ) 
 B_SPLINE_SURFACE_WITH_KNOTS ( ( 4, 4 ),
 ( 4, 4 ),
 ( 0.000000000000000000, 1.000000000000000000 ),
 ( 0.000000000000000000, 1.000000000000000000 ),
 .UNSPECIFIED. ) 
 GEOMETRIC_REPRESENTATION_ITEM ( )  RATIONAL_B_SPLINE_SURFACE ( (
 ( 1.000000000000000000, 0.3333333333333334259, 0.3333333333333334259, 1.000000000000000000),
 ( 0.8047378541243649375, 0.2682459513747884050, 0.2682459513747884050, 0.8047378541243649375),
 ( 0.8047378541243649375, 0.2682459513747884050, 0.2682459513747884050, 0.8047378541243649375),
 ( 1.000000000000000000, 0.3333333333333334259, 0.3333333333333334259, 1.000000000000000000) ) ) 
 REPRESENTATION_ITEM ( '' )  SURFACE ( )  );
#817 = ORIENTED_EDGE ( 'NONE', *, *, #74, .F. ) ;
#818 = CARTESIAN_POINT ( 'NONE',  ( -1.389999999999999907E-15, 5.000000000000002665, 4.499999999999997335 ) ) ;
#819 = VERTEX_POINT ( 'NONE', #431 ) ;
#820 = CARTESIAN_POINT ( 'NONE',  ( 3.060264586700713229E-15, 2.999999999999996447, -4.041421356237314910 ) ) ;
#821 = ORIENTED_EDGE ( 'NONE', *, *, #3549, .F. ) ;
#822 = DIRECTION ( 'NONE',  ( -3.299999999999999882E-16, -1.000000000000000000, 5.600000000000000277E-16 ) ) ;
#823 = CARTESIAN_POINT ( 'NONE',  ( 9.699999999999999847E-16, 2.899999999999999911, -1.609999999999999932E-15 ) ) ;
#824 = DIRECTION ( 'NONE',  ( 1.000000000000000000, 0.000000000000000000, 0.000000000000000000 ) ) ;
#825 = ORIENTED_EDGE ( 'NONE', *, *, #2848, .T. ) ;
#826 = CARTESIAN_POINT ( 'NONE',  ( -2.912119205115879349E-16, 2.899999999999999911, 3.000000000000000000 ) ) ;
#827 = CARTESIAN_POINT ( 'NONE',  ( -7.299999999999999305E-16, 2.900000000000001243, 2.499999999999998224 ) ) ;
#828 = DIRECTION ( 'NONE',  ( 3.299999999999999882E-16, 1.000000000000000000, -5.600000000000000277E-16 ) ) ;
#829 = EDGE_LOOP ( 'NONE', ( #2520, #1607 ) ) ;
#830 = DIRECTION ( 'NONE',  ( 3.299999999999999882E-16, 1.000000000000000000, -5.600000000000000277E-16 ) ) ;
#831 = CARTESIAN_POINT ( 'NONE',  ( 6.000000000000000000, 0.09999999999999466260, -2.999999999999997335 ) ) ;
#832 = CARTESIAN_POINT ( 'NONE',  ( 3.085894812349579666E-15, 2.999999999999997780, -4.100000000000002309 ) ) ;
#833 = VERTEX_POINT ( 'NONE', #780 ) ;
#834 = CARTESIAN_POINT ( 'NONE',  ( 8.000000000000000000, 0.09999999999999287237, -3.999999999999996891 ) ) ;
#835 = EDGE_CURVE ( 'NONE', #36, #1436, #1345, .T. ) ;
#836 = DIRECTION ( 'NONE',  ( -4.400000000000000007E-16, -1.000000000000000000, 1.110000000000000090E-15 ) ) ;
#837 = ORIENTED_EDGE ( 'NONE', *, *, #3266, .T. ) ;
#838 = SURFACE_STYLE_USAGE ( .BOTH. , #1158 ) ;
#839 = EDGE_CURVE ( 'NONE', #1423, #1289, #3507, .T. ) ;
#840 =( NAMED_UNIT ( * ) SI_UNIT ( $, .STERADIAN. ) SOLID_ANGLE_UNIT ( ) );
#841 = ORIENTED_EDGE ( 'NONE', *, *, #1246, .F. ) ;
#842 = CARTESIAN_POINT ( 'NONE',  ( -4.999999999999999112, 2.899999999999999023, -2.500000000000005773 ) ) ;
#843 = VERTEX_POINT ( 'NONE', #818 ) ;
#844 =( BOUNDED_CURVE ( )  B_SPLINE_CURVE ( 3, ( #2639, #1527, #2573, #660 ),
 .UNSPECIFIED., .F., .T. ) 
 B_SPLINE_CURVE_WITH_KNOTS ( ( 4, 4 ),
 ( 0.000000000000000000, 1.000000000000000000 ),
 .UNSPECIFIED. ) 
 CURVE ( )  GEOMETRIC_REPRESENTATION_ITEM ( )  RATIONAL_B_SPLINE_CURVE ( ( 1.000000000000000000, 0.8047378541243649375, 0.8047378541243649375, 1.000000000000000000 ) ) 
 REPRESENTATION_ITEM ( '' )  );
#845 = DIRECTION ( 'NONE',  ( 3.299999999999999882E-16, 1.000000000000000000, -5.600000000000000277E-16 ) ) ;
#846 = EDGE_CURVE ( 'NONE', #3514, #1659, #2433, .T. ) ;
#847 = CARTESIAN_POINT ( 'NONE',  ( -9.424999999999998336E-15, -3.499999999999994671, 7.500000000000003553 ) ) ;
#848 = CARTESIAN_POINT ( 'NONE',  ( -1.376887301627791471E-15, 0.04142135623730947708, 2.500000000000003997 ) ) ;
#849 = EDGE_CURVE ( 'NONE', #2399, #563, #633, .T. ) ;
#850 = CARTESIAN_POINT ( 'NONE',  ( -7.621999999999999607E-15, -4.999999999999995559, 7.300000000000003375 ) ) ;
#851 = CARTESIAN_POINT ( 'NONE',  ( 2.974080106620678819E-15, 2.899999999999991473, -3.958578625276017782 ) ) ;
#852 = CARTESIAN_POINT ( 'NONE',  ( 3.085894812349583611E-15, 2.999999999999995115, -4.100000000000004086 ) ) ;
#853 = CARTESIAN_POINT ( 'NONE',  ( -7.999999999999998224, 2.958578643762686866, -4.000000000000006217 ) ) ;
#854 = EDGE_CURVE ( 'NONE', #540, #1257, #1444, .T. ) ;
#855 = VERTEX_POINT ( 'NONE', #2486 ) ;
#856 = CARTESIAN_POINT ( 'NONE',  ( -8.051836644433762262E-16, 0.000000000000000000, 2.600000000000000089 ) ) ;
#857 = CARTESIAN_POINT ( 'NONE',  ( -1.645999999999999925E-15, 0.1000000000000000056, 3.000000000000000000 ) ) ;
#858 = ORIENTED_EDGE ( 'NONE', *, *, #155, .T. ) ;
#859 = CARTESIAN_POINT ( 'NONE',  ( -1.525999999999999947E-15, 2.900000000000002132, 3.899999999999998135 ) ) ;
#860 = VERTEX_POINT ( 'NONE', #1100 ) ;
#861 = AXIS2_PLACEMENT_3D ( 'NONE', #3470, #3501, #1316 ) ;
#862 = CARTESIAN_POINT ( 'NONE',  ( 1.000000000000000078E-15, 3.000000000000000000, -1.669999999999999921E-15 ) ) ;
#863 = ORIENTED_EDGE ( 'NONE', *, *, #2260, .F. ) ;
#864 =( GEOMETRIC_REPRESENTATION_CONTEXT ( 3 ) GLOBAL_UNCERTAINTY_ASSIGNED_CONTEXT ( ( #2776 ) ) GLOBAL_UNIT_ASSIGNED_CONTEXT ( ( #799, #535, #1940 ) ) REPRESENTATION_CONTEXT ( 'NONE', 'WORKASPACE' ) );
#865 = CIRCLE ( 'NONE', #689, 2.600000000000000089 ) ;
#866 = CYLINDRICAL_SURFACE ( 'NONE', #2998, 7.500000000000000000 ) ;
#867 = DIRECTION ( 'NONE',  ( 8.900000000000000652E-16, 1.000000000000000000, -6.700000000000000402E-16 ) ) ;
#868 = SHAPE_REPRESENTATION ( 'Ball bearing (5x9x3)mm001.step', ( #2386 ), #1912 ) ;
#869 = CIRCLE ( 'NONE', #810, 7.500000000000000000 ) ;
#870 = AXIS2_PLACEMENT_3D ( 'NONE', #1874, #2728, #1353 ) ;
#871 = CARTESIAN_POINT ( 'NONE',  ( -6.200000000000002842, 2.900000000000001688, 3.099999999999996092 ) ) ;
#872 = CARTESIAN_POINT ( 'NONE',  ( -8.000000000000003553, 2.800000039802002405, 3.999999999999994671 ) ) ;
#873 = CIRCLE ( 'NONE', #1397, 3.500000000000000000 ) ;
#874 = CARTESIAN_POINT ( 'NONE',  ( 1.947032174379424435E-15, -3.444000000000001137E-15, -4.400000000000000355 ) ) ;
#875 = EDGE_CURVE ( 'NONE', #2350, #784, #1394, .T. ) ;
#876 = DIRECTION ( 'NONE',  ( -3.299999999999999882E-16, -1.000000000000000000, 5.600000000000000277E-16 ) ) ;
#877 = AXIS2_PLACEMENT_3D ( 'NONE', #1083, #1995, #1714 ) ;
#878 = VERTEX_POINT ( 'NONE', #3083 ) ;
#879 = FACE_OUTER_BOUND ( 'NONE', #1939, .T. ) ;
#880 = CARTESIAN_POINT ( 'NONE',  ( -2.550000000000000415E-15, 3.500000000000003553, 5.999999999999998224 ) ) ;
#881 = DIRECTION ( 'NONE',  ( 0.000000000000000000, 0.000000000000000000, 1.000000000000000000 ) ) ;
#882 = ORIENTED_EDGE ( 'NONE', *, *, #2681, .T. ) ;
#883 =( BOUNDED_CURVE ( )  B_SPLINE_CURVE ( 3, ( #925, #394, #999, #2023 ),
 .UNSPECIFIED., .F., .F. ) 
 B_SPLINE_CURVE_WITH_KNOTS ( ( 4, 4 ),
 ( 0.000000000000000000, 1.000000000000000000 ),
 .UNSPECIFIED. ) 
 CURVE ( )  GEOMETRIC_REPRESENTATION_ITEM ( )  RATIONAL_B_SPLINE_CURVE ( ( 1.000000000000000000, 0.8047378541243649375, 0.8047378541243649375, 1.000000000000000000 ) ) 
 REPRESENTATION_ITEM ( '' )  );
#884 = CARTESIAN_POINT ( 'NONE',  ( -1.369999999999999976E-15, 0.1000000000000014072, 2.500000000000000000 ) ) ;
#885 = ADVANCED_FACE ( 'NONE', ( #1953, #1171 ), #1741, .T. ) ;
#886 = ORIENTED_EDGE ( 'NONE', *, *, #1554, .F. ) ;
#887 = CARTESIAN_POINT ( 'NONE',  ( -7.917157287525374620, 0.09999999999999818756, -3.958578643762693083 ) ) ;
#888 = CARTESIAN_POINT ( 'NONE',  ( -2.377048564945352551E-16, 3.000000000000000000, 2.899999999999999911 ) ) ;
#889 = CARTESIAN_POINT ( 'NONE',  ( 5.000000000000008882, 2.958578643762686866, 2.500000000000004885 ) ) ;
#890 = ORIENTED_EDGE ( 'NONE', *, *, #3290, .F. ) ;
#891 = CARTESIAN_POINT ( 'NONE',  ( 3.023915883596639317E-15, 2.958578643762684202, -4.000000000000003553 ) ) ;
#892 = CARTESIAN_POINT ( 'NONE',  ( 9.000000000000003553, 0.04142135623730654886, 4.500000000000006217 ) ) ;
#893 = ORIENTED_EDGE ( 'NONE', *, *, #1944, .T. ) ;
#894 = CYLINDRICAL_SURFACE ( 'NONE', #11, 3.500000000000000000 ) ;
#895 = ADVANCED_FACE ( 'NONE', ( #3352 ), #2899, .F. ) ;
#896 = FACE_OUTER_BOUND ( 'NONE', #3158, .T. ) ;
#897 = ADVANCED_FACE ( 'NONE', ( #2304 ), #192, .F. ) ;
#898 = CARTESIAN_POINT ( 'NONE',  ( 6.199999999999997513, 0.09999999999999797939, 3.100000000000002309 ) ) ;
#899 = EDGE_LOOP ( 'NONE', ( #1604, #811 ) ) ;
#900 = CARTESIAN_POINT ( 'NONE',  ( -5.082842712474617386, 2.999999999999999556, -2.541421356237314910 ) ) ;
#901 = CARTESIAN_POINT ( 'NONE',  ( 1.744366677085473897E-15, 0.04142135623730498761, -4.000000000000000000 ) ) ;
#902 = CARTESIAN_POINT ( 'NONE',  ( -5.800000000000003375, 3.000000000000001776, 2.899999999999995914 ) ) ;
#903 = CARTESIAN_POINT ( 'NONE',  ( 1.256852428247266496E-15, -3.248000000000001108E-15, -2.899999999999999911 ) ) ;
#904 = CARTESIAN_POINT ( 'NONE',  ( -7.999999953369057337, 2.858578665078013170, 3.999999976684522895 ) ) ;
#905 = EDGE_LOOP ( 'NONE', ( #3124, #14, #3239, #1814 ) ) ;
#906 = EDGE_CURVE ( 'NONE', #1803, #251, #1322, .T. ) ;
#907 = DIRECTION ( 'NONE',  ( 3.299999999999999882E-16, 1.000000000000000000, -5.600000000000000277E-16 ) ) ;
#908 = ORIENTED_EDGE ( 'NONE', *, *, #2191, .T. ) ;
#909 = PRESENTATION_STYLE_ASSIGNMENT (( #2291 ) ) ;
#910 = CARTESIAN_POINT ( 'NONE',  ( -7.516766004263236450E-16, 0.1000000000000000056, 2.500000000000000000 ) ) ;
#911 = DIRECTION ( 'NONE',  ( 3.299999999999999882E-16, 1.000000000000000000, -5.600000000000000277E-16 ) ) ;
#912 = EDGE_CURVE ( 'NONE', #3344, #2557, #3169, .T. ) ;
#913 = SHAPE_DEFINITION_REPRESENTATION ( #576, #1254 ) ;
#914 = EDGE_LOOP ( 'NONE', ( #510, #3210 ) ) ;
#915 = CARTESIAN_POINT ( 'NONE',  ( 2.998141280341051793E-15, 2.899999999999995470, -4.000000000000003553 ) ) ;
#916 = CARTESIAN_POINT ( 'NONE',  ( 9.699999999999999847E-16, 2.899999999999999911, -1.609999999999999932E-15 ) ) ;
#917 = ORIENTED_EDGE ( 'NONE', *, *, #3503, .T. ) ;
#918 = CARTESIAN_POINT ( 'NONE',  ( -1.077999999999999965E-15, 2.899999999999999911, 3.100000000000000089 ) ) ;
#919 = AXIS2_PLACEMENT_3D ( 'NONE', #2522, #867, #2819 ) ;
#920 = DIRECTION ( 'NONE',  ( -1.070000000000000032E-15, 1.156482317317871331E-15, 1.000000000000000000 ) ) ;
#921 = CARTESIAN_POINT ( 'NONE',  ( 7.000000000000000347E-17, 0.2000000000000000111, -1.099999999999999878E-16 ) ) ;
#922 = CARTESIAN_POINT ( 'NONE',  ( -7.800000000000002487, 2.900000000000002576, 3.899999999999995026 ) ) ;
#923 = VECTOR ( 'NONE', #521, 1000.000000000000000 ) ;
#924 = CIRCLE ( 'NONE', #284, 4.500000000000000000 ) ;
#925 = CARTESIAN_POINT ( 'NONE',  ( -1.049999999999999707E-15, 2.800000000000001599, 2.999999999999998224 ) ) ;
#926 = CARTESIAN_POINT ( 'NONE',  ( -6.000000000000000000, 0.2000000000000019817, 2.999999999999996447 ) ) ;
#927 = CIRCLE ( 'NONE', #3222, 4.500000000000000000 ) ;
#928 = CARTESIAN_POINT ( 'NONE',  ( 8.917157287525380838, -2.928698193140691894E-15, 4.458578643762694860 ) ) ;
#929 = CIRCLE ( 'NONE', #1091, 2.600000000000000089 ) ;
#930 = AXIS2_PLACEMENT_3D ( 'NONE', #1459, #2575, #57 ) ;
#931 = ORIENTED_EDGE ( 'NONE', *, *, #55, .T. ) ;
#932 = DIRECTION ( 'NONE',  ( 3.299999999999999882E-16, 1.000000000000000000, -5.600000000000000277E-16 ) ) ;
#933 = DIRECTION ( 'NONE',  ( -5.600000000000000277E-16, 5.590417451878382238E-16, 1.000000000000000000 ) ) ;
#934 = VECTOR ( 'NONE', #1067, 1000.000000000000000 ) ;
#935 = CARTESIAN_POINT ( 'NONE',  ( 1.362729266615447991E-15, 0.09999999999999660549, -3.041421356237311802 ) ) ;
#936 = ORIENTED_EDGE ( 'NONE', *, *, #1566, .F. ) ;
#937 = CARTESIAN_POINT ( 'NONE',  ( 3.023915883596634978E-15, 2.958578643762684202, -4.000000000000003553 ) ) ;
#938 = DIRECTION ( 'NONE',  ( -5.600000000000000277E-16, 5.601711224508439904E-16, 1.000000000000000000 ) ) ;
#939 = ORIENTED_EDGE ( 'NONE', *, *, #485, .F. ) ;
#940 = DIRECTION ( 'NONE',  ( 3.299999999999999882E-16, 1.000000000000000000, -5.600000000000000277E-16 ) ) ;
#941 = FACE_OUTER_BOUND ( 'NONE', #3254, .T. ) ;
#942 = DIRECTION ( 'NONE',  ( 3.299999999999999882E-16, 1.000000000000000000, -5.600000000000000277E-16 ) ) ;
#943 = CARTESIAN_POINT ( 'NONE',  ( -1.544866170882423452E-15, 2.899999999999995914, 3.958578625276013785 ) ) ;
#944 = CARTESIAN_POINT ( 'NONE',  ( 3.244785634024033528E-15, 2.999999999999995559, -4.458578643762694860 ) ) ;
#945 = CARTESIAN_POINT ( 'NONE',  ( 3.000000000000000061E-17, 0.1000000000000000056, -6.000000000000000121E-17 ) ) ;
#946 = ORIENTED_EDGE ( 'NONE', *, *, #1115, .F. ) ;
#947 = CARTESIAN_POINT ( 'NONE',  ( 0.000000000000000000, -6.399999999999999472E-16, 0.000000000000000000 ) ) ;
#948 = DIRECTION ( 'NONE',  ( -3.299999999999999882E-16, -1.000000000000000000, 5.600000000000000277E-16 ) ) ;
#949 = CARTESIAN_POINT ( 'NONE',  ( 1.097961606572817170E-15, -2.860355630728468275E-15, -2.541421356237308693 ) ) ;
#950 =( LENGTH_UNIT ( ) NAMED_UNIT ( * ) SI_UNIT ( .MILLI., .METRE. ) );
#951 = VERTEX_POINT ( 'NONE', #3067 ) ;
#952 = CARTESIAN_POINT ( 'NONE',  ( -1.607999999999994969E-15, 3.000000000000000000, 4.100000000000000533 ) ) ;
#953 = DIRECTION ( 'NONE',  ( -5.600000000000000277E-16, 5.601711224508439904E-16, 1.000000000000000000 ) ) ;
#954 =( BOUNDED_CURVE ( )  B_SPLINE_CURVE ( 3, ( #2342, #1290, #3476, #1017 ),
 .UNSPECIFIED., .F., .F. ) 
 B_SPLINE_CURVE_WITH_KNOTS ( ( 4, 4 ),
 ( 0.000000000000000000, 1.000000000000000000 ),
 .UNSPECIFIED. ) 
 CURVE ( )  GEOMETRIC_REPRESENTATION_ITEM ( )  RATIONAL_B_SPLINE_CURVE ( ( 1.000000000000000000, 0.8047378541243649375, 0.8047378541243649375, 1.000000000000000000 ) ) 
 REPRESENTATION_ITEM ( '' )  );
#955 = ORIENTED_EDGE ( 'NONE', *, *, #2839, .F. ) ;
#956 = PRODUCT_RELATED_PRODUCT_CATEGORY ( 'part', '', ( #775 ) ) ;
#957 = CARTESIAN_POINT ( 'NONE',  ( 3.000000000000000061E-17, 0.1000000000000000056, -6.000000000000000121E-17 ) ) ;
#958 = DIRECTION ( 'NONE',  ( 6.700000000000000402E-16, 1.000000000000000000, -5.600000000000000277E-16 ) ) ;
#959 = DIRECTION ( 'NONE',  ( -6.400000000000000458E-16, 5.421010862427522170E-16, 1.000000000000000000 ) ) ;
#960 = CARTESIAN_POINT ( 'NONE',  ( -2.490000000000000229E-15, 0.1000000000000025313, 4.500000000000000000 ) ) ;
#961 = EDGE_CURVE ( 'NONE', #2934, #1436, #1793, .T. ) ;
#962 = CARTESIAN_POINT ( 'NONE',  ( -6.033952470189320811E-16, 2.858578665078010506, 3.999999976684526892 ) ) ;
#963 = CARTESIAN_POINT ( 'NONE',  ( 3.000000000000000061E-17, 0.1000000000000000056, -6.000000000000000121E-17 ) ) ;
#964 = DIRECTION ( 'NONE',  ( -1.049999999999999904E-15, 1.156482317317871331E-15, 1.000000000000000000 ) ) ;
#965 = EDGE_CURVE ( 'NONE', #262, #164, #234, .T. ) ;
#966 = ORIENTED_EDGE ( 'NONE', *, *, #961, .F. ) ;
#967 = FACE_OUTER_BOUND ( 'NONE', #1297, .T. ) ;
#968 = CARTESIAN_POINT ( 'NONE',  ( -5.000000000000000888, 0.1000000000000016570, 2.499999999999997335 ) ) ;
#969 = APPLICATION_PROTOCOL_DEFINITION ( 'draft international standard', 'automotive_design', 1998, #1668 ) ;
#970 = ORIENTED_EDGE ( 'NONE', *, *, #3434, .F. ) ;
#971 = CARTESIAN_POINT ( 'NONE',  ( -8.000000000000003553, 2.900000000000002576, 3.999999999999994671 ) ) ;
#972 = PLANE ( 'NONE',  #5 ) ;
#973 = EDGE_CURVE ( 'NONE', #1084, #2729, #180, .T. ) ;
#974 = ORIENTED_EDGE ( 'NONE', *, *, #1051, .F. ) ;
#975 = CARTESIAN_POINT ( 'NONE',  ( -2.271999999999999842E-15, 1.386000000000001222E-15, 4.100000000000000533 ) ) ;
#976 = CARTESIAN_POINT ( 'NONE',  ( 2.612359492264318935E-15, 2.899999999999998135, -3.100000000000001421 ) ) ;
#977 = DIRECTION ( 'NONE',  ( -6.599999999999998777E-16, 5.595882180570345180E-16, 1.000000000000000000 ) ) ;
#978 = CARTESIAN_POINT ( 'NONE',  ( -2.550000000000000415E-15, 3.500000000000003553, 5.999999999999998224 ) ) ;
#979 = CARTESIAN_POINT ( 'NONE',  ( -2.490000000000000229E-15, 0.1000000000000025313, 4.500000000000000000 ) ) ;
#980 = DIRECTION ( 'NONE',  ( 3.299999999999999882E-16, 1.000000000000000000, -5.600000000000000277E-16 ) ) ;
#981 = CIRCLE ( 'NONE', #512, 4.500000000000000000 ) ;
#982 = CARTESIAN_POINT ( 'NONE',  ( -2.220000000000000180E-15, -5.000000000000000000, 3.889999999999999707E-15 ) ) ;
#983 = EDGE_CURVE ( 'NONE', #3320, #2461, #2720, .T. ) ;
#984 = ORIENTED_EDGE ( 'NONE', *, *, #1829, .F. ) ;
#985 = AXIS2_PLACEMENT_3D ( 'NONE', #2757, #1407, #276 ) ;
#986 =( NAMED_UNIT ( * ) SI_UNIT ( $, .STERADIAN. ) SOLID_ANGLE_UNIT ( ) );
#987 = AXIS2_PLACEMENT_3D ( 'NONE', #3066, #332, #2481 ) ;
#988 = CARTESIAN_POINT ( 'NONE',  ( -8.000000000000003553, 2.900000000000002576, 3.999999999999994671 ) ) ;
#989 = AXIS2_PLACEMENT_3D ( 'NONE', #2585, #698, #953 ) ;
#990 = ORIENTED_EDGE ( 'NONE', *, *, #469, .T. ) ;
#991 = AXIS2_PLACEMENT_3D ( 'NONE', #3392, #2583, #364 ) ;
#992 = CARTESIAN_POINT ( 'NONE',  ( -8.000000000000000000, 0.04142135623731210692, 3.999999999999995115 ) ) ;
#993 = FACE_OUTER_BOUND ( 'NONE', #1307, .T. ) ;
#994 = AXIS2_PLACEMENT_3D ( 'NONE', #1807, #2912, #3522 ) ;
#995 = ORIENTED_EDGE ( 'NONE', *, *, #1643, .F. ) ;
#996 = DIRECTION ( 'NONE',  ( -5.600000000000000277E-16, 5.601711224508439904E-16, 1.000000000000000000 ) ) ;
#997 = DIRECTION ( 'NONE',  ( -6.400000000000000458E-16, 5.421010862427522170E-16, 1.000000000000000000 ) ) ;
#998 = CARTESIAN_POINT ( 'NONE',  ( 6.000000000000000000, 0.09999999999999466260, -2.999999999999997335 ) ) ;
#999 = CARTESIAN_POINT ( 'NONE',  ( -1.045195959492893627E-15, 2.900000000000001688, 3.041421356237311358 ) ) ;
#1000 = CARTESIAN_POINT ( 'NONE',  ( 9.000000000000003553, 0.04142135623730654886, 4.500000000000006217 ) ) ;
#1001 = ADVANCED_FACE ( 'NONE', ( #2613 ), #3498, .F. ) ;
#1002 = DIRECTION ( 'NONE',  ( -6.699999999999999416E-16, 5.981805089575197183E-16, 1.000000000000000000 ) ) ;
#1003 = ORIENTED_EDGE ( 'NONE', *, *, #1039, .T. ) ;
#1004 = CARTESIAN_POINT ( 'NONE',  ( -8.917157287525380838, -2.036982464388161226E-15, -4.458578643762695748 ) ) ;
#1005 = DIRECTION ( 'NONE',  ( 3.299999999999999882E-16, 1.000000000000000000, -5.600000000000000277E-16 ) ) ;
#1006 = EDGE_LOOP ( 'NONE', ( #3046, #2710, #3414, #2749 ) ) ;
#1007 = FACE_OUTER_BOUND ( 'NONE', #3216, .T. ) ;
#1008 = DIRECTION ( 'NONE',  ( -7.300000000000002263E-16, 6.195440985631454331E-16, 1.000000000000000000 ) ) ;
#1009 = ORIENTED_EDGE ( 'NONE', *, *, #1231, .T. ) ;
#1010 = CARTESIAN_POINT ( 'NONE',  ( 3.023641286908387184E-15, 2.800000039801997520, -4.000000000000001776 ) ) ;
#1011 = LINE ( 'NONE', #3257, #923 ) ;
#1012 = CARTESIAN_POINT ( 'NONE',  ( -1.049999999999999707E-15, 2.800000000000001599, 2.999999999999998224 ) ) ;
#1013 = CARTESIAN_POINT ( 'NONE',  ( 8.999999999999998224, 0.09999999999999199807, -4.499999999999995559 ) ) ;
#1014 = CARTESIAN_POINT ( 'NONE',  ( -1.636887301627792541E-15, 0.1414213562373097255, 3.000000000000000888 ) ) ;
#1015 = EDGE_CURVE ( 'NONE', #2150, #1816, #377, .T. ) ;
#1016 = VERTEX_POINT ( 'NONE', #707 ) ;
#1017 = CARTESIAN_POINT ( 'NONE',  ( -2.210000000000000018E-15, 0.1000000000000022399, 4.000000000000000000 ) ) ;
#1018 = CARTESIAN_POINT ( 'NONE',  ( 2.377612903468742357E-15, 2.958578643762685978, -2.500000000000006661 ) ) ;
#1019 = CARTESIAN_POINT ( 'NONE',  ( -6.199999999999996625, 0.09999999999999857614, -3.100000000000002753 ) ) ;
#1020 = DIRECTION ( 'NONE',  ( 6.700000000000000402E-16, 1.000000000000000000, -5.600000000000000277E-16 ) ) ;
#1021 = VERTEX_POINT ( 'NONE', #2932 ) ;
#1022 = CARTESIAN_POINT ( 'NONE',  ( 3.231847287203860376E-15, 2.999999999999997335, -4.400000000000002132 ) ) ;
#1023 = CARTESIAN_POINT ( 'NONE',  ( -7.780000000000048520E-16, 3.000000000000001332, 2.599999999999998312 ) ) ;
#1024 = ORIENTED_EDGE ( 'NONE', *, *, #2127, .F. ) ;
#1025 = FACE_BOUND ( 'NONE', #572, .T. ) ;
#1026 = CARTESIAN_POINT ( 'NONE',  ( 7.999999999999996447, 0.04142135623730681948, 4.000000000000002665 ) ) ;
#1027 = ORIENTED_EDGE ( 'NONE', *, *, #3039, .T. ) ;
#1028 = CARTESIAN_POINT ( 'NONE',  ( -5.999999999999997335, 0.09999999999999861777, -3.000000000000002665 ) ) ;
#1029 = CIRCLE ( 'NONE', #3161, 3.000000000000000000 ) ;
#1030 = PRODUCT_DEFINITION_SHAPE ( 'NONE', 'NONE',  #3562 ) ;
#1031 = STYLED_ITEM ( 'NONE', ( #2274 ), #1869 ) ;
#1032 = EDGE_LOOP ( 'NONE', ( #496, #2784 ) ) ;
#1033 = AXIS2_PLACEMENT_3D ( 'NONE', #1372, #3295, #2534 ) ;
#1034 = CARTESIAN_POINT ( 'NONE',  ( -8.999999999999996447, 0.09999999999999793776, -4.500000000000004441 ) ) ;
#1035 = ORIENTED_EDGE ( 'NONE', *, *, #416, .T. ) ;
#1036 = AXIS2_PLACEMENT_3D ( 'NONE', #1405, #2490, #549 ) ;
#1037 = DIRECTION ( 'NONE',  ( 3.299999999999999882E-16, 1.000000000000000000, -5.600000000000000277E-16 ) ) ;
#1038 = CARTESIAN_POINT ( 'NONE',  ( 2.776358719658940177E-15, 0.1999999999999977629, -4.000000000000000000 ) ) ;
#1039 = EDGE_CURVE ( 'NONE', #674, #2006, #1551, .T. ) ;
#1040 = PLANE ( 'NONE',  #2943 ) ;
#1041 = VECTOR ( 'NONE', #2098, 1000.000000000000000 ) ;
#1042 = CARTESIAN_POINT ( 'NONE',  ( -2.168866172541467240E-15, 0.1000000000000000194, 3.958578643762689087 ) ) ;
#1043 = CARTESIAN_POINT ( 'NONE',  ( -7.409305791395906785E-16, 2.958578643762689087, 4.500000000000002665 ) ) ;
#1044 = CARTESIAN_POINT ( 'NONE',  ( -1.669195959492891736E-15, 0.1000000000000000194, 3.041421356237311358 ) ) ;
#1045 = EDGE_LOOP ( 'NONE', ( #808, #1003, #2640, #2904 ) ) ;
#1046 = CARTESIAN_POINT ( 'NONE',  ( 9.699999999999999847E-16, 2.899999999999999911, -1.609999999999999932E-15 ) ) ;
#1047 = EDGE_CURVE ( 'NONE', #3544, #1803, #1398, .T. ) ;
#1048 = ORIENTED_EDGE ( 'NONE', *, *, #2930, .F. ) ;
#1049 = CARTESIAN_POINT ( 'NONE',  ( 1.362831357000209731E-15, 0.1414213562373063671, -3.000000000000000888 ) ) ;
#1050 = ORIENTED_EDGE ( 'NONE', *, *, #575, .T. ) ;
#1051 = EDGE_CURVE ( 'NONE', #2917, #795, #1773, .T. ) ;
#1052 = LINE ( 'NONE', #1568, #459 ) ;
#1053 = CARTESIAN_POINT ( 'NONE',  ( 1.792366677085472311E-15, 0.1414213562373052568, -4.000000000000000000 ) ) ;
#1054 = ORIENTED_EDGE ( 'NONE', *, *, #2898, .F. ) ;
#1055 = CARTESIAN_POINT ( 'NONE',  ( -1.772000000000000987E-15, 3.000000000000000000, 4.400000000000000355 ) ) ;
#1056 = PRODUCT_DEFINITION ( 'UNKNOWN', '', #2211, #141 ) ;
#1057 = EDGE_CURVE ( 'NONE', #1546, #2567, #3406, .T. ) ;
#1058 = PRODUCT_DEFINITION_SHAPE ( 'NONE', 'NONE',  #3241 ) ;
#1059 = FACE_OUTER_BOUND ( 'NONE', #435, .T. ) ;
#1060 = DIRECTION ( 'NONE',  ( -3.299999999999999882E-16, -1.000000000000000000, 5.600000000000000277E-16 ) ) ;
#1061 = DIRECTION ( 'NONE',  ( 3.299999999999999882E-16, 1.000000000000000000, -5.600000000000000277E-16 ) ) ;
#1062 = ORIENTED_EDGE ( 'NONE', *, *, #2905, .T. ) ;
#1063 = DIRECTION ( 'NONE',  ( -5.600000000000000277E-16, 5.594761210582250344E-16, 1.000000000000000000 ) ) ;
#1064 = CARTESIAN_POINT ( 'NONE',  ( 8.000000000000001776, 2.958578643762685978, 4.000000000000003553 ) ) ;
#1065 = ORIENTED_EDGE ( 'NONE', *, *, #3520, .F. ) ;
#1066 = CARTESIAN_POINT ( 'NONE',  ( 0.000000000000000000, -6.399999999999999472E-16, 0.000000000000000000 ) ) ;
#1067 = DIRECTION ( 'NONE',  ( 3.299999999999999882E-16, 1.000000000000000000, -5.600000000000000277E-16 ) ) ;
#1068 = ORIENTED_EDGE ( 'NONE', *, *, #1172, .T. ) ;
#1069 = CARTESIAN_POINT ( 'NONE',  ( -7.999999999999996447, 0.09999999999999815981, -4.000000000000003553 ) ) ;
#1070 = CARTESIAN_POINT ( 'NONE',  ( 1.756017973981403921E-15, 0.09999999999999557854, -3.958578643762689087 ) ) ;
#1071 = ORIENTED_EDGE ( 'NONE', *, *, #2823, .T. ) ;
#1072 = EDGE_CURVE ( 'NONE', #1216, #2515, #2496, .T. ) ;
#1073 = CARTESIAN_POINT ( 'NONE',  ( 1.744264586700714524E-15, -4.540355630728471514E-15, -4.041421356237311358 ) ) ;
#1074 = CARTESIAN_POINT ( 'NONE',  ( 1.770141280341057082E-15, 0.09999999999999552303, -4.000000000000000000 ) ) ;
#1075 = EDGE_CURVE ( 'NONE', #3417, #2184, #1304, .T. ) ;
#1076 = CARTESIAN_POINT ( 'NONE',  ( -1.077999999999999965E-15, 2.899999999999999911, 3.100000000000000089 ) ) ;
#1077 = ORIENTED_EDGE ( 'NONE', *, *, #1778, .T. ) ;
#1078 = DIRECTION ( 'NONE',  ( 6.700000000000000402E-16, 1.000000000000000000, -5.600000000000000277E-16 ) ) ;
#1079 = ORIENTED_EDGE ( 'NONE', *, *, #743, .F. ) ;
#1080 = ADVANCED_FACE ( 'NONE', ( #2751 ), #1677, .F. ) ;
#1081 = CARTESIAN_POINT ( 'NONE',  ( 5.082842712474615610, -1.691301806859304883E-15, 2.541421356237310469 ) ) ;
#1082 = DIRECTION ( 'NONE',  ( -3.299999999999999882E-16, -1.000000000000000000, 5.600000000000000277E-16 ) ) ;
#1083 = CARTESIAN_POINT ( 'NONE',  ( 0.000000000000000000, 2.000000000000000000, 0.000000000000000000 ) ) ;
#1084 = VERTEX_POINT ( 'NONE', #3017 ) ;
#1085 = LINE ( 'NONE', #3356, #2778 ) ;
#1086 = CIRCLE ( 'NONE', #1557, 4.000000000000000000 ) ;
#1087 = CARTESIAN_POINT ( 'NONE',  ( 8.800000000000004263, 2.999999999999992006, -4.399999999999999467 ) ) ;
#1088 = CIRCLE ( 'NONE', #3394, 4.100000000000000533 ) ;
#1089 = ORIENTED_EDGE ( 'NONE', *, *, #1075, .F. ) ;
#1090 = CARTESIAN_POINT ( 'NONE',  ( -1.575195959492892181E-15, 3.000000000000000888, 4.041421356237311358 ) ) ;
#1091 = AXIS2_PLACEMENT_3D ( 'NONE', #668, #2858, #2305 ) ;
#1092 =( GEOMETRIC_REPRESENTATION_CONTEXT ( 3 ) GLOBAL_UNCERTAINTY_ASSIGNED_CONTEXT ( ( #566 ) ) GLOBAL_UNIT_ASSIGNED_CONTEXT ( ( #3468, #2307, #1745 ) ) REPRESENTATION_CONTEXT ( 'NONE', 'WORKASPACE' ) );
#1093 = CARTESIAN_POINT ( 'NONE',  ( 2.093894039744205396E-15, 0.1999999999999983180, -3.000000000000000000 ) ) ;
#1094 = ADVANCED_FACE ( 'NONE', ( #1376 ), #2414, .F. ) ;
#1095 = CARTESIAN_POINT ( 'NONE',  ( -1.214282560682117389E-15, 0.1000000000000000056, 4.000000000000000000 ) ) ;
#1096 = CARTESIAN_POINT ( 'NONE',  ( -1.045195959492893627E-15, 2.900000000000001688, 3.041421356237311802 ) ) ;
#1097 = PRODUCT_DEFINITION_FORMATION_WITH_SPECIFIED_SOURCE ( 'ANY', '', #2132, .NOT_KNOWN. ) ;
#1098 = CARTESIAN_POINT ( 'NONE',  ( -7.917157250552031122, 2.899999999999998579, 3.958578625276008012 ) ) ;
#1099 = EDGE_CURVE ( 'NONE', #1579, #878, #1617, .T. ) ;
#1100 = CARTESIAN_POINT ( 'NONE',  ( 1.947032174379424435E-15, -3.444000000000001137E-15, -4.400000000000000355 ) ) ;
#1101 = CARTESIAN_POINT ( 'NONE',  ( 8.082842712474624491, 2.999999999999993783, -4.041421356237310469 ) ) ;
#1102 = UNCERTAINTY_MEASURE_WITH_UNIT (LENGTH_MEASURE( 1.000000000000000082E-05 ), #3426, 'distance_accuracy_value', 'NONE');
#1103 = ORIENTED_EDGE ( 'NONE', *, *, #3172, .F. ) ;
#1104 =( BOUNDED_SURFACE ( )  B_SPLINE_SURFACE ( 3, 3, ( 
 ( #61, #1151, #357, #1403 ),
 ( #2577, #1723, #2507, #2821 ),
 ( #336, #2564, #2288, #962 ),
 ( #2325, #111, #2896, #3384 ) ),
 .UNSPECIFIED., .F., .F., .F. ) 
 B_SPLINE_SURFACE_WITH_KNOTS ( ( 4, 4 ),
 ( 4, 4 ),
 ( 0.000000000000000000, 1.000000000000000000 ),
 ( 0.000000000000000000, 1.000000000000000000 ),
 .UNSPECIFIED. ) 
 GEOMETRIC_REPRESENTATION_ITEM ( )  RATIONAL_B_SPLINE_SURFACE ( (
 ( 1.000000000000000000, 0.3333333333333334259, 0.3333333333333334259, 1.000000000000000000),
 ( 0.8047379479385700085, 0.2682459826461900954, 0.2682459826461900954, 0.8047379479385700085),
 ( 0.8047379479385700085, 0.2682459826461900954, 0.2682459826461900954, 0.8047379479385700085),
 ( 1.000000000000000000, 0.3333333333333334259, 0.3333333333333334259, 1.000000000000000000) ) ) 
 REPRESENTATION_ITEM ( '' )  SURFACE ( )  );
#1105 = CARTESIAN_POINT ( 'NONE',  ( 2.954141297853931201E-15, 2.800000039801995300, -4.000000000000003553 ) ) ;
#1106 = SHAPE_REPRESENTATION_RELATIONSHIP ( 'NONE' , 'NONE' ,  #3075, #2046 ) ;
#1107 = ORIENTED_EDGE ( 'NONE', *, *, #3132, .T. ) ;
#1108 = CARTESIAN_POINT ( 'NONE',  ( -5.000000000000003553, 2.900000000000001688, 2.499999999999996447 ) ) ;
#1109 = ORIENTED_EDGE ( 'NONE', *, *, #1164, .T. ) ;
#1110 = CARTESIAN_POINT ( 'NONE',  ( -2.220000000000000180E-15, -5.000000000000000000, 3.889999999999999707E-15 ) ) ;
#1111 = CARTESIAN_POINT ( 'NONE',  ( -2.783246188837960466E-16, 2.958578643762689087, 3.000000000000000888 ) ) ;
#1112 =( BOUNDED_SURFACE ( )  B_SPLINE_SURFACE ( 3, 3, ( 
 ( #100, #2541, #1450, #395 ),
 ( #379, #64, #892, #340 ),
 ( #1482, #3387, #928, #1502 ),
 ( #2289, #2614, #2566, #135 ) ),
 .UNSPECIFIED., .F., .F., .F. ) 
 B_SPLINE_SURFACE_WITH_KNOTS ( ( 4, 4 ),
 ( 4, 4 ),
 ( 0.000000000000000000, 1.000000000000000000 ),
 ( 0.000000000000000000, 1.000000000000000000 ),
 .UNSPECIFIED. ) 
 GEOMETRIC_REPRESENTATION_ITEM ( )  RATIONAL_B_SPLINE_SURFACE ( (
 ( 1.000000000000000000, 0.3333333333333334259, 0.3333333333333334259, 1.000000000000000000),
 ( 0.8047378541243649375, 0.2682459513747884050, 0.2682459513747884050, 0.8047378541243649375),
 ( 0.8047378541243649375, 0.2682459513747884050, 0.2682459513747884050, 0.8047378541243649375),
 ( 1.000000000000000000, 0.3333333333333334259, 0.3333333333333334259, 1.000000000000000000) ) ) 
 REPRESENTATION_ITEM ( '' )  SURFACE ( )  );
#1113 =( BOUNDED_CURVE ( )  B_SPLINE_CURVE ( 3, ( #2129, #197, #1356, #1301 ),
 .UNSPECIFIED., .F., .F. ) 
 B_SPLINE_CURVE_WITH_KNOTS ( ( 4, 4 ),
 ( 0.000000000000000000, 1.000000000000000000 ),
 .UNSPECIFIED. ) 
 CURVE ( )  GEOMETRIC_REPRESENTATION_ITEM ( )  RATIONAL_B_SPLINE_CURVE ( ( 1.000000000000000000, 0.8047378541243649375, 0.8047378541243649375, 1.000000000000000000 ) ) 
 REPRESENTATION_ITEM ( '' )  );
#1114 = CARTESIAN_POINT ( 'NONE',  ( -1.187892987985310005E-16, 2.958578643762688642, 2.500000000000003109 ) ) ;
#1115 = EDGE_CURVE ( 'NONE', #1411, #2621, #2038, .T. ) ;
#1116 = ORIENTED_EDGE ( 'NONE', *, *, #2095, .T. ) ;
#1117 = CARTESIAN_POINT ( 'NONE',  ( -1.687533333333334144E-15, 0.1000000000000000056, 3.100000000000000089 ) ) ;
#1118 = CARTESIAN_POINT ( 'NONE',  ( -1.549999999999999943E-15, -3.500000000000000000, 3.889999999999999707E-15 ) ) ;
#1119 = EDGE_CURVE ( 'NONE', #3527, #2764, #1590, .T. ) ;
#1120 = ORIENTED_EDGE ( 'NONE', *, *, #3290, .T. ) ;
#1121 = CARTESIAN_POINT ( 'NONE',  ( 6.200000000000001954, 2.899999999999997691, 3.100000000000002753 ) ) ;
#1122 = CARTESIAN_POINT ( 'NONE',  ( 7.999999953369055561, 2.858578665078007841, 3.999999976684530445 ) ) ;
#1123 = ORIENTED_EDGE ( 'NONE', *, *, #2930, .T. ) ;
#1124 = LINE ( 'NONE', #20, #170 ) ;
#1125 = ORIENTED_EDGE ( 'NONE', *, *, #3141, .F. ) ;
#1126 = CARTESIAN_POINT ( 'NONE',  ( 1.169999999999999882E-15, 3.500000000000000000, -1.939999999999999969E-15 ) ) ;
#1127 = EDGE_LOOP ( 'NONE', ( #365, #2163, #244, #1379 ) ) ;
#1128 = CARTESIAN_POINT ( 'NONE',  ( -8.000000000000000000, 0.2000000000000026479, 3.999999999999995559 ) ) ;
#1129 = CARTESIAN_POINT ( 'NONE',  ( 2.598380563511375421E-15, 2.958578643762685090, -3.000000000000003997 ) ) ;
#1130 = ADVANCED_FACE ( 'NONE', ( #2174 ), #281, .T. ) ;
#1131 = DIRECTION ( 'NONE',  ( -6.599999999999999763E-16, 5.782411586589356653E-16, 1.000000000000000000 ) ) ;
#1132 = ORIENTED_EDGE ( 'NONE', *, *, #177, .F. ) ;
#1133 = CARTESIAN_POINT ( 'NONE',  ( -6.082842712474624491, 0.1000000000000020317, 3.041421356237307805 ) ) ;
#1134 =( BOUNDED_SURFACE ( )  B_SPLINE_SURFACE ( 3, 3, ( 
 ( #2332, #1196, #659, #1764 ),
 ( #2638, #3163, #154, #2597 ),
 ( #2367, #992, #2866, #2622 ),
 ( #2089, #3147, #2831, #423 ) ),
 .UNSPECIFIED., .F., .F., .T. ) 
 B_SPLINE_SURFACE_WITH_KNOTS ( ( 4, 4 ),
 ( 4, 4 ),
 ( 0.000000000000000000, 1.000000000000000000 ),
 ( 0.000000000000000000, 1.000000000000000000 ),
 .UNSPECIFIED. ) 
 GEOMETRIC_REPRESENTATION_ITEM ( )  RATIONAL_B_SPLINE_SURFACE ( (
 ( 1.000000000000000000, 0.3333333333333334259, 0.3333333333333334259, 1.000000000000000000),
 ( 0.8047378541243649375, 0.2682459513747884050, 0.2682459513747884050, 0.8047378541243649375),
 ( 0.8047378541243649375, 0.2682459513747884050, 0.2682459513747884050, 0.8047378541243649375),
 ( 1.000000000000000000, 0.3333333333333334259, 0.3333333333333334259, 1.000000000000000000) ) ) 
 REPRESENTATION_ITEM ( '' )  SURFACE ( )  );
#1135 = CARTESIAN_POINT ( 'NONE',  ( 2.998141280341056526E-15, 2.899999999999995470, -4.000000000000003553 ) ) ;
#1136 = VERTEX_POINT ( 'NONE', #1635 ) ;
#1137 = CARTESIAN_POINT ( 'NONE',  ( -5.999999999999997335, 0.1999999999999986233, -3.000000000000003109 ) ) ;
#1138 = CARTESIAN_POINT ( 'NONE',  ( -5.800000000000000711, 1.913999999999997575E-15, 2.899999999999996358 ) ) ;
#1139 =( LENGTH_UNIT ( ) NAMED_UNIT ( * ) SI_UNIT ( .MILLI., .METRE. ) );
#1140 = ORIENTED_EDGE ( 'NONE', *, *, #1115, .T. ) ;
#1141 = CARTESIAN_POINT ( 'NONE',  ( 3.219155408375162358E-15, 2.999999999999995115, -4.400000000000003908 ) ) ;
#1142 = AXIS2_PLACEMENT_3D ( 'NONE', #3260, #793, #813 ) ;
#1143 = CARTESIAN_POINT ( 'NONE',  ( 1.744264586700714524E-15, -4.540355630728471514E-15, -4.041421356237311358 ) ) ;
#1144 = AXIS2_PLACEMENT_3D ( 'NONE', #363, #345, #2879 ) ;
#1145 = CARTESIAN_POINT ( 'NONE',  ( -9.650249544070406169E-16, 3.000000000000000888, 2.958578643762688642 ) ) ;
#1146 = CARTESIAN_POINT ( 'NONE',  ( -2.561612672851674131E-16, 3.000000000000001332, 2.958578643762688642 ) ) ;
#1147 = AXIS2_PLACEMENT_3D ( 'NONE', #2348, #2907, #387 ) ;
#1148 = CIRCLE ( 'NONE', #3004, 3.500000000000000000 ) ;
#1149 = DIRECTION ( 'NONE',  ( -3.299999999999999882E-16, -1.000000000000000000, 5.600000000000000277E-16 ) ) ;
#1150 = EDGE_CURVE ( 'NONE', #2934, #1289, #2732, .T. ) ;
#1151 = CARTESIAN_POINT ( 'NONE',  ( 7.800000000000002487, 2.899999999999992362, -3.899999999999999023 ) ) ;
#1152 = CIRCLE ( 'NONE', #1627, 2.899999999999999911 ) ;
#1153 = CARTESIAN_POINT ( 'NONE',  ( 1.000000000000000078E-15, 3.000000000000000000, -1.669999999999999921E-15 ) ) ;
#1154 = CARTESIAN_POINT ( 'NONE',  ( -1.623999999999999962E-15, 9.840000000000000149E-16, 2.899999999999999911 ) ) ;
#1155 = EDGE_LOOP ( 'NONE', ( #700, #890, #2103, #260 ) ) ;
#1156 = CARTESIAN_POINT ( 'NONE',  ( 0.000000000000000000, -9.099999999999999958E-16, 0.000000000000000000 ) ) ;
#1157 =( BOUNDED_CURVE ( )  B_SPLINE_CURVE ( 3, ( #1931, #56, #3034, #1093 ),
 .UNSPECIFIED., .F., .F. ) 
 B_SPLINE_CURVE_WITH_KNOTS ( ( 4, 4 ),
 ( 0.000000000000000000, 1.000000000000000000 ),
 .UNSPECIFIED. ) 
 CURVE ( )  GEOMETRIC_REPRESENTATION_ITEM ( )  RATIONAL_B_SPLINE_CURVE ( ( 1.000000000000000000, 0.8047378541243649375, 0.8047378541243649375, 1.000000000000000000 ) ) 
 REPRESENTATION_ITEM ( '' )  );
#1158 = SURFACE_SIDE_STYLE ('',( #1642 ) ) ;
#1159 = CARTESIAN_POINT ( 'NONE',  ( -1.644804040507106499E-15, 1.396371174268236363E-17, 2.958578643762688642 ) ) ;
#1160 = DIRECTION ( 'NONE',  ( 0.000000000000000000, 0.000000000000000000, 1.000000000000000000 ) ) ;
#1161 = EDGE_CURVE ( 'NONE', #1702, #2739, #1029, .T. ) ;
#1162 = ORIENTED_EDGE ( 'NONE', *, *, #2634, .F. ) ;
#1163 = DIRECTION ( 'NONE',  ( 3.299999999999999882E-16, 1.000000000000000000, -5.600000000000000277E-16 ) ) ;
#1164 = EDGE_CURVE ( 'NONE', #1960, #3053, #2788, .T. ) ;
#1165 = VERTEX_POINT ( 'NONE', #1415 ) ;
#1166 = CARTESIAN_POINT ( 'NONE',  ( 2.557385761580601451E-15, 2.999999999999996891, -2.900000000000003464 ) ) ;
#1167 = CARTESIAN_POINT ( 'NONE',  ( 5.917157287525375509, -5.252306274154901424E-15, -2.958578643762685978 ) ) ;
#1168 =( REPRESENTATION_RELATIONSHIP ('NONE','NONE', #1254, #2237 ) REPRESENTATION_RELATIONSHIP_WITH_TRANSFORMATION ( #1540 )SHAPE_REPRESENTATION_RELATIONSHIP( ) );
#1169 = CYLINDRICAL_SURFACE ( 'NONE', #2267, 2.500000000000000000 ) ;
#1170 = ORIENTED_EDGE ( 'NONE', *, *, #706, .T. ) ;
#1171 = FACE_BOUND ( 'NONE', #899, .T. ) ;
#1172 = EDGE_CURVE ( 'NONE', #1413, #1136, #1493, .T. ) ;
#1173 = DIRECTION ( 'NONE',  ( -5.600000000000000277E-16, 5.601711224508439904E-16, 1.000000000000000000 ) ) ;
#1174 = ORIENTED_EDGE ( 'NONE', *, *, #2286, .T. ) ;
#1175 = FILL_AREA_STYLE_COLOUR ( '', #2016 ) ;
#1176 = CARTESIAN_POINT ( 'NONE',  ( 3.000000000000000061E-17, 0.1000000000000000056, -6.000000000000000121E-17 ) ) ;
#1177 = EDGE_CURVE ( 'NONE', #1913, #1021, #981, .T. ) ;
#1178 = FACE_OUTER_BOUND ( 'NONE', #380, .T. ) ;
#1179 =( BOUNDED_SURFACE ( )  B_SPLINE_SURFACE ( 3, 3, ( 
 ( #2413, #2432, #796, #3515 ),
 ( #531, #3301, #3535, #2968 ),
 ( #3283, #490, #1595, #2735 ),
 ( #3037, #834, #547, #2160 ) ),
 .UNSPECIFIED., .F., .F., .T. ) 
 B_SPLINE_SURFACE_WITH_KNOTS ( ( 4, 4 ),
 ( 4, 4 ),
 ( 0.000000000000000000, 1.000000000000000000 ),
 ( 0.000000000000000000, 1.000000000000000000 ),
 .UNSPECIFIED. ) 
 GEOMETRIC_REPRESENTATION_ITEM ( )  RATIONAL_B_SPLINE_SURFACE ( (
 ( 1.000000000000000000, 0.3333333333333334259, 0.3333333333333334259, 1.000000000000000000),
 ( 0.8047378541243649375, 0.2682459513747884050, 0.2682459513747884050, 0.8047378541243649375),
 ( 0.8047378541243649375, 0.2682459513747884050, 0.2682459513747884050, 0.8047378541243649375),
 ( 1.000000000000000000, 0.3333333333333334259, 0.3333333333333334259, 1.000000000000000000) ) ) 
 REPRESENTATION_ITEM ( '' )  SURFACE ( )  );
#1180 = EDGE_LOOP ( 'NONE', ( #2059, #3369 ) ) ;
#1181 = CARTESIAN_POINT ( 'NONE',  ( -1.573999999999995205E-15, 2.899999999999999911, 4.000000000000000000 ) ) ;
#1182 = CARTESIAN_POINT ( 'NONE',  ( 3.000000000000000061E-17, 0.1000000000000000056, -6.000000000000000121E-17 ) ) ;
#1183 = ORIENTED_EDGE ( 'NONE', *, *, #965, .F. ) ;
#1184 = CARTESIAN_POINT ( 'NONE',  ( -6.000000000000002665, 2.858578643762692106, 2.999999999999996003 ) ) ;
#1185 = FACE_OUTER_BOUND ( 'NONE', #570, .T. ) ;
#1186 = EDGE_CURVE ( 'NONE', #2753, #489, #1610, .T. ) ;
#1187 = CARTESIAN_POINT ( 'NONE',  ( -7.999999999999999112, 2.800000039801998408, -4.000000000000007994 ) ) ;
#1188 = CARTESIAN_POINT ( 'NONE',  ( 3.244683543639272381E-15, 2.958578643762683758, -4.500000000000006217 ) ) ;
#1189 = CARTESIAN_POINT ( 'NONE',  ( -5.853332139085363908E-16, 3.000000000000000888, 4.041421356237311358 ) ) ;
#1190 = CARTESIAN_POINT ( 'NONE',  ( -8.900000000000000652E-16, -2.000000000000000000, 2.220000000000000180E-15 ) ) ;
#1191 = VERTEX_POINT ( 'NONE', #609 ) ;
#1192 = LINE ( 'NONE', #3087, #2141 ) ;
#1193 = FACE_OUTER_BOUND ( 'NONE', #1996, .T. ) ;
#1194 = CARTESIAN_POINT ( 'NONE',  ( 1.123591832221687158E-15, -2.912000000000000775E-15, -2.600000000000000089 ) ) ;
#1195 = ORIENTED_EDGE ( 'NONE', *, *, #835, .T. ) ;
#1196 = CARTESIAN_POINT ( 'NONE',  ( -8.200000000000001066, 2.705999999999996639E-15, 4.099999999999996092 ) ) ;
#1197 = DIRECTION ( 'NONE',  ( 3.299999999999999882E-16, 1.000000000000000000, -5.600000000000000277E-16 ) ) ;
#1198 =( BOUNDED_CURVE ( )  B_SPLINE_CURVE ( 3, ( #975, #1259, #1751, #2641 ),
 .UNSPECIFIED., .F., .T. ) 
 B_SPLINE_CURVE_WITH_KNOTS ( ( 4, 4 ),
 ( 0.000000000000000000, 1.000000000000000000 ),
 .UNSPECIFIED. ) 
 CURVE ( )  GEOMETRIC_REPRESENTATION_ITEM ( )  RATIONAL_B_SPLINE_CURVE ( ( 1.000000000000000000, 0.8047378541243649375, 0.8047378541243649375, 1.000000000000000000 ) ) 
 REPRESENTATION_ITEM ( '' )  );
#1199 = FACE_OUTER_BOUND ( 'NONE', #1127, .T. ) ;
#1200 = DIRECTION ( 'NONE',  ( -3.299999999999999882E-16, -1.000000000000000000, 5.600000000000000277E-16 ) ) ;
#1201 = CARTESIAN_POINT ( 'NONE',  ( 5.000000000000000000, 0.09999999999999553690, -2.499999999999997780 ) ) ;
#1202 = FACE_OUTER_BOUND ( 'NONE', #1045, .T. ) ;
#1203 = AXIS2_PLACEMENT_3D ( 'NONE', #2651, #1542, #2403 ) ;
#1204 = EDGE_CURVE ( 'NONE', #951, #36, #2544, .T. ) ;
#1205 = CARTESIAN_POINT ( 'NONE',  ( -5.199999999999999289, 2.999999999999998668, -2.600000000000006306 ) ) ;
#1206 = DIRECTION ( 'NONE',  ( 3.299999999999999882E-16, 1.000000000000000000, -5.600000000000000277E-16 ) ) ;
#1207 = CIRCLE ( 'NONE', #693, 3.000000000000000000 ) ;
#1208 = AXIS2_PLACEMENT_3D ( 'NONE', #947, #1536, #2648 ) ;
#1209 =( BOUNDED_CURVE ( )  B_SPLINE_CURVE ( 3, ( #1978, #1408, #2242, #553 ),
 .UNSPECIFIED., .F., .T. ) 
 B_SPLINE_CURVE_WITH_KNOTS ( ( 4, 4 ),
 ( 0.000000000000000000, 1.000000000000000000 ),
 .UNSPECIFIED. ) 
 CURVE ( )  GEOMETRIC_REPRESENTATION_ITEM ( )  RATIONAL_B_SPLINE_CURVE ( ( 1.000000000000000000, 0.8047379479385700085, 0.8047379479385700085, 1.000000000000000000 ) ) 
 REPRESENTATION_ITEM ( '' )  );
#1210 = CARTESIAN_POINT ( 'NONE',  ( -2.464000000000000201E-15, 1.484000000000000251E-15, 4.400000000000000355 ) ) ;
#1211 = AXIS2_PLACEMENT_3D ( 'NONE', #1520, #2358, #3441 ) ;
#1212 = CIRCLE ( 'NONE', #919, 4.500000000000000000 ) ;
#1213 = ORIENTED_EDGE ( 'NONE', *, *, #1327, .T. ) ;
#1214 = CARTESIAN_POINT ( 'NONE',  ( 2.524605960255792639E-15, 2.799999999999996714, -3.000000000000003109 ) ) ;
#1215 = CARTESIAN_POINT ( 'NONE',  ( -1.441999999999999963E-15, -3.003026084632735312E-49, 2.600000000000000089 ) ) ;
#1216 = VERTEX_POINT ( 'NONE', #287 ) ;
#1217 = CARTESIAN_POINT ( 'NONE',  ( 3.244683543639272381E-15, 2.958578643762683758, -4.500000000000007105 ) ) ;
#1218 = CARTESIAN_POINT ( 'NONE',  ( -9.000000000000010658, 2.958578643762691751, 4.499999999999997335 ) ) ;
#1219 = VERTEX_POINT ( 'NONE', #42 ) ;
#1220 = DIRECTION ( 'NONE',  ( 3.299999999999999882E-16, 1.000000000000000000, -5.600000000000000277E-16 ) ) ;
#1221 = CYLINDRICAL_SURFACE ( 'NONE', #1549, 4.000000000000000000 ) ;
#1222 = CARTESIAN_POINT ( 'NONE',  ( 3.023641286908387184E-15, 2.800000039801997520, -4.000000000000001776 ) ) ;
#1223 = CARTESIAN_POINT ( 'NONE',  ( -1.411836644433763081E-16, 3.000000000000000000, 2.600000000000000089 ) ) ;
#1224 = CARTESIAN_POINT ( 'NONE',  ( 2.399729646977890153E-15, 2.999999999999996891, -2.541421356237312246 ) ) ;
#1225 = CARTESIAN_POINT ( 'NONE',  ( 1.928785634024029894E-15, -4.979644369271533296E-15, -4.458578643762692195 ) ) ;
#1226 = EDGE_LOOP ( 'NONE', ( #1662, #1921 ) ) ;
#1227 = CARTESIAN_POINT ( 'NONE',  ( 2.550380563511376219E-15, 2.858578643762687665, -3.000000000000003997 ) ) ;
#1228 = DIRECTION ( 'NONE',  ( -5.600000000000000277E-16, 5.601711224508439904E-16, 1.000000000000000000 ) ) ;
#1229 =( BOUNDED_SURFACE ( )  B_SPLINE_SURFACE ( 3, 3, ( 
 ( #1699, #3358, #569, #3010 ),
 ( #3343, #2497, #2799, #536 ),
 ( #2783, #2758, #1122, #2513 ),
 ( #1105, #2741, #1644, #3289 ) ),
 .UNSPECIFIED., .F., .F., .T. ) 
 B_SPLINE_SURFACE_WITH_KNOTS ( ( 4, 4 ),
 ( 4, 4 ),
 ( 0.000000000000000000, 1.000000000000000000 ),
 ( 0.000000000000000000, 1.000000000000000000 ),
 .UNSPECIFIED. ) 
 GEOMETRIC_REPRESENTATION_ITEM ( )  RATIONAL_B_SPLINE_SURFACE ( (
 ( 1.000000000000000000, 0.3333333333333334259, 0.3333333333333334259, 1.000000000000000000),
 ( 0.8047379479385700085, 0.2682459826461900954, 0.2682459826461900954, 0.8047379479385700085),
 ( 0.8047379479385700085, 0.2682459826461900954, 0.2682459826461900954, 0.8047379479385700085),
 ( 1.000000000000000000, 0.3333333333333334259, 0.3333333333333334259, 1.000000000000000000) ) ) 
 REPRESENTATION_ITEM ( '' )  SURFACE ( )  );
#1230 = ADVANCED_FACE ( 'NONE', ( #3330 ), #519, .F. ) ;
#1231 = EDGE_CURVE ( 'NONE', #1021, #1913, #1212, .T. ) ;
#1232 = CARTESIAN_POINT ( 'NONE',  ( -2.090000000000000040E-15, -4.799999999999999822, 3.770000000000000123E-15 ) ) ;
#1233 = SHAPE_DEFINITION_REPRESENTATION ( #1058, #1355 ) ;
#1234 = ORIENTED_EDGE ( 'NONE', *, *, #1598, .T. ) ;
#1235 = CARTESIAN_POINT ( 'NONE',  ( -1.701999999999999849E-15, 0.1000000000000017403, 3.100000000000000089 ) ) ;
#1236 = DIRECTION ( 'NONE',  ( -5.600000000000000277E-16, 5.600000000000000277E-16, 1.000000000000000000 ) ) ;
#1237 = ORIENTED_EDGE ( 'NONE', *, *, #1543, .T. ) ;
#1238 = CARTESIAN_POINT ( 'NONE',  ( -6.000000000000000000, 2.858578643762689442, -3.000000000000006217 ) ) ;
#1239 = APPLICATION_CONTEXT ( 'automotive_design' ) ;
#1240 = CARTESIAN_POINT ( 'NONE',  ( 7.000000000000000347E-17, 0.2000000000000000111, -1.099999999999999878E-16 ) ) ;
#1241 = CARTESIAN_POINT ( 'NONE',  ( -9.201612672851676516E-16, 1.396371174268207089E-17, 2.958578643762688642 ) ) ;
#1242 = DIRECTION ( 'NONE',  ( -5.600000000000000277E-16, 5.601711224508439904E-16, 1.000000000000000000 ) ) ;
#1243 = ADVANCED_FACE ( 'NONE', ( #1185 ), #2136, .F. ) ;
#1244 = CARTESIAN_POINT ( 'NONE',  ( -5.000000000000009770, 2.958578643762689531, 2.499999999999999556 ) ) ;
#1245 =( BOUNDED_CURVE ( )  B_SPLINE_CURVE ( 3, ( #185, #1891, #2682, #3259 ),
 .UNSPECIFIED., .F., .T. ) 
 B_SPLINE_CURVE_WITH_KNOTS ( ( 4, 4 ),
 ( 0.000000000000000000, 1.000000000000000000 ),
 .UNSPECIFIED. ) 
 CURVE ( )  GEOMETRIC_REPRESENTATION_ITEM ( )  RATIONAL_B_SPLINE_CURVE ( ( 1.000000000000000000, 0.8047378541243649375, 0.8047378541243649375, 1.000000000000000000 ) ) 
 REPRESENTATION_ITEM ( '' )  );
#1246 = EDGE_CURVE ( 'NONE', #278, #1314, #2952, .T. ) ;
#1247 = CARTESIAN_POINT ( 'NONE',  ( 4.225238631369034430E-15, -5.000000000000004441, -7.299999999999996270 ) ) ;
#1248 = EDGE_CURVE ( 'NONE', #2535, #1249, #3368, .T. ) ;
#1249 = VERTEX_POINT ( 'NONE', #2870 ) ;
#1250 = DIRECTION ( 'NONE',  ( -4.400000000000000007E-16, -1.000000000000000000, 1.110000000000000090E-15 ) ) ;
#1251 = CARTESIAN_POINT ( 'NONE',  ( -1.205231907455700445E-15, 0.1000000000000000194, 3.958578643762689087 ) ) ;
#1252 = CARTESIAN_POINT ( 'NONE',  ( -9.427189845286410628E-16, 0.1000000000000000056, 3.100000000000000089 ) ) ;
#1253 = EDGE_LOOP ( 'NONE', ( #1711, #1574, #2835, #3099 ) ) ;
#1254 = SHAPE_REPRESENTATION ( 'GT2_Idler_Smooth_6mm.step', ( #1563, #877, #2837, #814 ), #2670 ) ;
#1255 = CARTESIAN_POINT ( 'NONE',  ( -7.409305791395906785E-16, 2.958578643762689087, 4.500000000000002665 ) ) ;
#1256 = CARTESIAN_POINT ( 'NONE',  ( 0.000000000000000000, -9.099999999999999958E-16, 0.000000000000000000 ) ) ;
#1257 = VERTEX_POINT ( 'NONE', #3381 ) ;
#1258 = EDGE_CURVE ( 'NONE', #1702, #686, #1283, .T. ) ;
#1259 = CARTESIAN_POINT ( 'NONE',  ( -2.239195959492893899E-15, -1.396371174268236363E-17, 4.041421356237311358 ) ) ;
#1260 = DIRECTION ( 'NONE',  ( -7.399999999999998958E-16, 5.782411586589356653E-16, 1.000000000000000000 ) ) ;
#1261 = CARTESIAN_POINT ( 'NONE',  ( 1.097961606572816973E-15, -2.860355630728469459E-15, -2.541421356237308693 ) ) ;
#1262 = CARTESIAN_POINT ( 'NONE',  ( -2.220000000000000180E-15, -5.000000000000000000, 5.549999999999999859E-15 ) ) ;
#1263 = CARTESIAN_POINT ( 'NONE',  ( 3.000000000000000061E-17, 0.1000000000000000056, -6.000000000000000121E-17 ) ) ;
#1264 = CARTESIAN_POINT ( 'NONE',  ( 8.799999999999998934, -7.831999999999999469E-15, -4.399999999999996803 ) ) ;
#1265 = VECTOR ( 'NONE', #1285, 1000.000000000000000 ) ;
#1266 = EDGE_CURVE ( 'NONE', #1913, #1834, #130, .T. ) ;
#1267 = CARTESIAN_POINT ( 'NONE',  ( -9.971126983722098310E-16, 2.958578643762688642, 3.000000000000000888 ) ) ;
#1268 = ORIENTED_EDGE ( 'NONE', *, *, #2458, .F. ) ;
#1269 = VECTOR ( 'NONE', #2623, 1000.000000000000000 ) ;
#1270 = CARTESIAN_POINT ( 'NONE',  ( -5.614999999999999141E-15, -1.999999999999994893, 4.500000000000002665 ) ) ;
#1271 = AXIS2_PLACEMENT_3D ( 'NONE', #2574, #1220, #996 ) ;
#1272 = FACE_OUTER_BOUND ( 'NONE', #1666, .T. ) ;
#1273 = CIRCLE ( 'NONE', #237, 4.000000000000000000 ) ;
#1274 = MECHANICAL_DESIGN_GEOMETRIC_PRESENTATION_REPRESENTATION (  '', ( #2604 ), #289 ) ;
#1275 = EDGE_LOOP ( 'NONE', ( #1638, #1873, #2370, #2529 ) ) ;
#1276 = CIRCLE ( 'NONE', #1632, 4.500000000000000000 ) ;
#1277 = DIRECTION ( 'NONE',  ( -6.800000000000000055E-16, 5.204170427930421283E-16, 1.000000000000000000 ) ) ;
#1278 = CARTESIAN_POINT ( 'NONE',  ( -8.917157287525382614, 2.956625616626055796E-15, 4.458578643762686866 ) ) ;
#1279 = ADVANCED_FACE ( 'NONE', ( #2439 ), #759, .T. ) ;
#1280 = ORIENTED_EDGE ( 'NONE', *, *, #1759, .F. ) ;
#1281 = CARTESIAN_POINT ( 'NONE',  ( -2.239195959492893899E-15, -1.396371174268236363E-17, 4.041421356237312246 ) ) ;
#1282 = DIRECTION ( 'NONE',  ( 4.400000000000000007E-16, 1.000000000000000000, -1.110000000000000090E-15 ) ) ;
#1283 =( BOUNDED_CURVE ( )  B_SPLINE_CURVE ( 3, ( #719, #1547, #3187, #2037 ),
 .UNSPECIFIED., .F., .F. ) 
 B_SPLINE_CURVE_WITH_KNOTS ( ( 4, 4 ),
 ( 0.000000000000000000, 1.000000000000000000 ),
 .UNSPECIFIED. ) 
 CURVE ( )  GEOMETRIC_REPRESENTATION_ITEM ( )  RATIONAL_B_SPLINE_CURVE ( ( 1.000000000000000000, 0.8047378541243649375, 0.8047378541243649375, 1.000000000000000000 ) ) 
 REPRESENTATION_ITEM ( '' )  );
#1284 = PRODUCT_DEFINITION_FORMATION_WITH_SPECIFIED_SOURCE ( 'ANY', '', #1959, .NOT_KNOWN. ) ;
#1285 = DIRECTION ( 'NONE',  ( -3.299999999999999882E-16, -1.000000000000000000, 5.600000000000000277E-16 ) ) ;
#1286 = ADVANCED_FACE ( 'NONE', ( #1786 ), #1822, .T. ) ;
#1287 = DIRECTION ( 'NONE',  ( -6.599999999999999763E-16, 5.782411586589356653E-16, 1.000000000000000000 ) ) ;
#1288 = DIRECTION ( 'NONE',  ( 3.299999999999999882E-16, 1.000000000000000000, -5.600000000000000277E-16 ) ) ;
#1289 = VERTEX_POINT ( 'NONE', #3116 ) ;
#1290 = CARTESIAN_POINT ( 'NONE',  ( -2.239195959492893899E-15, -1.396371174268236363E-17, 4.041421356237311358 ) ) ;
#1291 = CARTESIAN_POINT ( 'NONE',  ( 1.901838300213161721E-15, 2.899999999999998579, -2.500000000000002220 ) ) ;
#1292 = APPLICATION_PROTOCOL_DEFINITION ( 'draft international standard', 'automotive_design', 1998, #2543 ) ;
#1293 =( REPRESENTATION_RELATIONSHIP ('NONE','NONE', #1254, #3075 ) REPRESENTATION_RELATIONSHIP_WITH_TRANSFORMATION ( #3198 )SHAPE_REPRESENTATION_RELATIONSHIP( ) );
#1294 = ORIENTED_EDGE ( 'NONE', *, *, #763, .F. ) ;
#1295 = DIRECTION ( 'NONE',  ( -3.299999999999999882E-16, -1.000000000000000000, 5.600000000000000277E-16 ) ) ;
#1296 = DIRECTION ( 'NONE',  ( 1.255364287321494501E-16, -0.7071067811868648745, -0.7071067811862300490 ) ) ;
#1297 = EDGE_LOOP ( 'NONE', ( #2093, #2718, #1630, #396 ) ) ;
#1298 = CARTESIAN_POINT ( 'NONE',  ( -7.999999999999996447, 0.04142135623730763133, -4.000000000000003553 ) ) ;
#1299 = CARTESIAN_POINT ( 'NONE',  ( -7.260000000000000430E-15, -4.999999999999997335, 4.500000000000004441 ) ) ;
#1300 = ORIENTED_EDGE ( 'NONE', *, *, #906, .T. ) ;
#1301 = CARTESIAN_POINT ( 'NONE',  ( 2.612359492264318935E-15, 2.899999999999998135, -3.100000000000001421 ) ) ;
#1302 = CARTESIAN_POINT ( 'NONE',  ( 7.917157287525376397, 0.09999999999999295563, -3.958578643762685534 ) ) ;
#1303 = ADVANCED_FACE ( 'NONE', ( #411 ), #2131, .T. ) ;
#1304 =( BOUNDED_CURVE ( )  B_SPLINE_CURVE ( 3, ( #2410, #2950, #1320, #1879 ),
 .UNSPECIFIED., .F., .T. ) 
 B_SPLINE_CURVE_WITH_KNOTS ( ( 4, 4 ),
 ( 0.000000000000000000, 1.000000000000000000 ),
 .UNSPECIFIED. ) 
 CURVE ( )  GEOMETRIC_REPRESENTATION_ITEM ( )  RATIONAL_B_SPLINE_CURVE ( ( 1.000000000000000000, 0.8047378541243649375, 0.8047378541243649375, 1.000000000000000000 ) ) 
 REPRESENTATION_ITEM ( '' )  );
#1305 = CARTESIAN_POINT ( 'NONE',  ( 8.082842712474624491, -7.207693725845096728E-15, -4.041421356237308693 ) ) ;
#1306 = CARTESIAN_POINT ( 'NONE',  ( -1.610000000000000129E-15, 0.2000000000000016764, 3.000000000000000000 ) ) ;
#1307 = EDGE_LOOP ( 'NONE', ( #1928, #1050, #404, #1065 ) ) ;
#1308 = CARTESIAN_POINT ( 'NONE',  ( 1.256852428247266496E-15, -3.248000000000001108E-15, -2.899999999999999911 ) ) ;
#1309 = CARTESIAN_POINT ( 'NONE',  ( 1.669999999999999921E-15, 5.000000000000000000, -2.779999999999999814E-15 ) ) ;
#1310 = ORIENTED_EDGE ( 'NONE', *, *, #3304, .F. ) ;
#1311 = CARTESIAN_POINT ( 'NONE',  ( 1.348535966953008142E-15, 0.09999999999999660549, -3.041421356237311802 ) ) ;
#1312 = CYLINDRICAL_SURFACE ( 'NONE', #3445, 4.500000000000000000 ) ;
#1313 = EDGE_CURVE ( 'NONE', #855, #2006, #2927, .T. ) ;
#1314 = VERTEX_POINT ( 'NONE', #702 ) ;
#1315 = CARTESIAN_POINT ( 'NONE',  ( -2.206887301627792336E-15, 0.04142135623730946320, 4.000000000000000000 ) ) ;
#1316 = DIRECTION ( 'NONE',  ( -6.800000000000000055E-16, 5.204170427930421283E-16, 1.000000000000000000 ) ) ;
#1317 = ORIENTED_EDGE ( 'NONE', *, *, #74, .T. ) ;
#1318 = DIRECTION ( 'NONE',  ( -3.299999999999999882E-16, -1.000000000000000000, 5.600000000000000277E-16 ) ) ;
#1319 = CARTESIAN_POINT ( 'NONE',  ( 1.724537748332531876E-15, 0.09999999999999563405, -3.899999999999999911 ) ) ;
#1320 = CARTESIAN_POINT ( 'NONE',  ( 2.598380563511375421E-15, 2.958578643762685978, -3.000000000000003997 ) ) ;
#1321 = FACE_BOUND ( 'NONE', #267, .T. ) ;
#1322 =( BOUNDED_CURVE ( )  B_SPLINE_CURVE ( 3, ( #598, #2526, #2822, #874 ),
 .UNSPECIFIED., .F., .T. ) 
 B_SPLINE_CURVE_WITH_KNOTS ( ( 4, 4 ),
 ( 0.000000000000000000, 1.000000000000000000 ),
 .UNSPECIFIED. ) 
 CURVE ( )  GEOMETRIC_REPRESENTATION_ITEM ( )  RATIONAL_B_SPLINE_CURVE ( ( 1.000000000000000000, 0.8047378541243649375, 0.8047378541243649375, 1.000000000000000000 ) ) 
 REPRESENTATION_ITEM ( '' )  );
#1323 = ORIENTED_EDGE ( 'NONE', *, *, #2085, .T. ) ;
#1324 = CARTESIAN_POINT ( 'NONE',  ( -5.799999999999998046, -1.334000000000002941E-15, -2.900000000000002576 ) ) ;
#1325 = CIRCLE ( 'NONE', #2253, 3.100000000000000089 ) ;
#1326 = CARTESIAN_POINT ( 'NONE',  ( -7.780000000000048520E-16, 3.000000000000001332, 2.599999999999998312 ) ) ;
#1327 = EDGE_CURVE ( 'NONE', #385, #251, #1956, .T. ) ;
#1328 = AXIS2_PLACEMENT_3D ( 'NONE', #3061, #3064, #621 ) ;
#1329 = EDGE_LOOP ( 'NONE', ( #3008, #2445, #841, #2440 ) ) ;
#1330 = AXIS2_PLACEMENT_3D ( 'NONE', #862, #2555, #622 ) ;
#1331 = AXIS2_PLACEMENT_3D ( 'NONE', #2177, #258, #3263 ) ;
#1332 = CARTESIAN_POINT ( 'NONE',  ( -9.242625737380066368E-16, 0.1000000000000000194, 3.041421356237311802 ) ) ;
#1333 = CARTESIAN_POINT ( 'NONE',  ( 3.000000000000000061E-17, 0.1000000000000000056, -6.000000000000000121E-17 ) ) ;
#1334 = ORIENTED_EDGE ( 'NONE', *, *, #403, .T. ) ;
#1335 = DIRECTION ( 'NONE',  ( 3.299999999999999882E-16, 1.000000000000000000, -5.600000000000000277E-16 ) ) ;
#1336 = ADVANCED_FACE ( 'NONE', ( #443 ), #2626, .F. ) ;
#1337 = VERTEX_POINT ( 'NONE', #182 ) ;
#1338 = CARTESIAN_POINT ( 'NONE',  ( -1.409195959492892639E-15, -1.396371174268236363E-17, 2.541421356237308693 ) ) ;
#1339 = CIRCLE ( 'NONE', #3286, 3.899999999999999911 ) ;
#1340 = CARTESIAN_POINT ( 'NONE',  ( -7.917157287525376397, 0.1000000000000026146, 3.958578643762684646 ) ) ;
#1341 = CARTESIAN_POINT ( 'NONE',  ( 8.000000000000000000, 0.04142135623730235083, -3.999999999999996003 ) ) ;
#1342 = EDGE_CURVE ( 'NONE', #795, #219, #742, .T. ) ;
#1343 = CARTESIAN_POINT ( 'NONE',  ( 2.524605960255792639E-15, 2.799999999999996714, -3.000000000000003109 ) ) ;
#1344 = ORIENTED_EDGE ( 'NONE', *, *, #2516, .T. ) ;
#1345 = LINE ( 'NONE', #2985, #2380 ) ;
#1346 = CARTESIAN_POINT ( 'NONE',  ( -1.573999999999995205E-15, 2.899999999999999911, 4.000000000000000000 ) ) ;
#1347 = EDGE_LOOP ( 'NONE', ( #3199, #2984 ) ) ;
#1348 = DIRECTION ( 'NONE',  ( -3.299999999999999882E-16, -1.000000000000000000, 5.600000000000000277E-16 ) ) ;
#1349 = ADVANCED_FACE ( 'NONE', ( #645, #428 ), #372, .T. ) ;
#1350 = CARTESIAN_POINT ( 'NONE',  ( 1.774264514336792151E-15, 0.09999999999999782674, -3.899999999999999911 ) ) ;
#1351 = CARTESIAN_POINT ( 'NONE',  ( -1.810804040507108014E-15, 3.000000000000000888, 4.458578643762691307 ) ) ;
#1352 = ORIENTED_EDGE ( 'NONE', *, *, #2025, .F. ) ;
#1353 = DIRECTION ( 'NONE',  ( -6.599999999999999763E-16, 5.782411586589356653E-16, 1.000000000000000000 ) ) ;
#1354 = CARTESIAN_POINT ( 'NONE',  ( -7.299999999999999305E-16, 2.900000000000001243, 2.499999999999998224 ) ) ;
#1355 = SHAPE_REPRESENTATION ( 'GT2_Idler_Smooth_6mm', ( #1743, #761 ), #3118 ) ;
#1356 = CARTESIAN_POINT ( 'NONE',  ( 2.586729266615450525E-15, 2.899999999999999023, -3.041421356237315354 ) ) ;
#1357 = PRODUCT_DEFINITION_SHAPE ( 'NONE', 'NONE',  #3560 ) ;
#1358 = CARTESIAN_POINT ( 'NONE',  ( 2.776358719658939388E-15, 0.09999999999999777123, -4.000000000000000000 ) ) ;
#1359 = ADVANCED_FACE ( 'NONE', ( #2606, #1476 ), #2587, .F. ) ;
#1360 = CARTESIAN_POINT ( 'NONE',  ( 8.082842712474620939, -2.681301806859305785E-15, 4.041421356237313134 ) ) ;
#1361 = DIRECTION ( 'NONE',  ( -6.299999999999999819E-16, 5.782411586589356653E-16, 1.000000000000000000 ) ) ;
#1362 = EDGE_LOOP ( 'NONE', ( #27, #2449, #803, #3291 ) ) ;
#1363 = CARTESIAN_POINT ( 'NONE',  ( -1.658887301627792504E-15, 0.04142135623730951871, 3.000000000000000888 ) ) ;
#1364 = CARTESIAN_POINT ( 'NONE',  ( 3.023915883596639317E-15, 2.958578643762684202, -4.000000000000003553 ) ) ;
#1365 = EDGE_LOOP ( 'NONE', ( #2498, #3529 ) ) ;
#1366 = CARTESIAN_POINT ( 'NONE',  ( -9.020992221393808629E-16, 0.1414213562373097255, 3.000000000000000888 ) ) ;
#1367 = DIRECTION ( 'NONE',  ( -1.119999999999999858E-15, 5.782411586589356653E-16, 1.000000000000000000 ) ) ;
#1368 = VERTEX_POINT ( 'NONE', #2910 ) ;
#1369 = CARTESIAN_POINT ( 'NONE',  ( -2.377048564945352551E-16, 3.000000000000000000, 2.899999999999999911 ) ) ;
#1370 = DIRECTION ( 'NONE',  ( 0.000000000000000000, -5.600000000000000277E-16, -1.000000000000000000 ) ) ;
#1371 = EDGE_LOOP ( 'NONE', ( #3294, #2542 ) ) ;
#1372 = CARTESIAN_POINT ( 'NONE',  ( 6.700000000000000402E-16, 2.000000000000000000, -1.110000000000000090E-15 ) ) ;
#1373 = ADVANCED_FACE ( 'NONE', ( #941 ), #1221, .F. ) ;
#1374 = ORIENTED_EDGE ( 'NONE', *, *, #1521, .T. ) ;
#1375 = CARTESIAN_POINT ( 'NONE',  ( 0.000000000000000000, -9.799999999999999499E-16, 0.000000000000000000 ) ) ;
#1376 = FACE_OUTER_BOUND ( 'NONE', #3395, .T. ) ;
#1377 =( BOUNDED_SURFACE ( )  B_SPLINE_SURFACE ( 3, 3, ( 
 ( #619, #2863, #898, #1252 ),
 ( #935, #3413, #1525, #104 ),
 ( #1729, #1454, #2828, #1762 ),
 ( #2619, #2008, #1994, #138 ) ),
 .UNSPECIFIED., .F., .F., .T. ) 
 B_SPLINE_SURFACE_WITH_KNOTS ( ( 4, 4 ),
 ( 4, 4 ),
 ( 0.000000000000000000, 1.000000000000000000 ),
 ( 0.000000000000000000, 1.000000000000000000 ),
 .UNSPECIFIED. ) 
 GEOMETRIC_REPRESENTATION_ITEM ( )  RATIONAL_B_SPLINE_SURFACE ( (
 ( 1.000000000000000000, 0.3333333333333334259, 0.3333333333333334259, 1.000000000000000000),
 ( 0.8047378541243649375, 0.2682459513747884050, 0.2682459513747884050, 0.8047378541243649375),
 ( 0.8047378541243649375, 0.2682459513747884050, 0.2682459513747884050, 0.8047378541243649375),
 ( 1.000000000000000000, 0.3333333333333334259, 0.3333333333333334259, 1.000000000000000000) ) ) 
 REPRESENTATION_ITEM ( '' )  SURFACE ( )  );
#1378 = FACE_OUTER_BOUND ( 'NONE', #3475, .T. ) ;
#1379 = ORIENTED_EDGE ( 'NONE', *, *, #3525, .F. ) ;
#1380 = DIRECTION ( 'NONE',  ( 3.299999999999999882E-16, 1.000000000000000000, -5.600000000000000277E-16 ) ) ;
#1381 = CARTESIAN_POINT ( 'NONE',  ( -1.077999999999999176E-15, 2.900000000000001688, 3.099999999999998312 ) ) ;
#1382 = VERTEX_POINT ( 'NONE', #2126 ) ;
#1383 = VECTOR ( 'NONE', #2232, 1000.000000000000000 ) ;
#1384 = CARTESIAN_POINT ( 'NONE',  ( 1.901838300213161721E-15, 2.899999999999998579, -2.500000000000002220 ) ) ;
#1385 = CARTESIAN_POINT ( 'NONE',  ( 1.344605960255792989E-15, 0.09999999999999664713, -3.000000000000000000 ) ) ;
#1386 = CIRCLE ( 'NONE', #2313, 6.000000000000000000 ) ;
#1387 = PRODUCT_DEFINITION_SHAPE ( 'NONE', 'NONE',  #421 ) ;
#1388 = AXIS2_PLACEMENT_3D ( 'NONE', #2000, #3296, #3095 ) ;
#1389 = CARTESIAN_POINT ( 'NONE',  ( 0.000000000000000000, 0.000000000000000000, 0.000000000000000000 ) ) ;
#1390 = ORIENTED_EDGE ( 'NONE', *, *, #575, .F. ) ;
#1391 = CARTESIAN_POINT ( 'NONE',  ( 5.800000000000002487, 2.999999999999998668, 2.900000000000002576 ) ) ;
#1392 = CIRCLE ( 'NONE', #1147, 2.600000000000000089 ) ;
#1393 = CARTESIAN_POINT ( 'NONE',  ( 1.928785634024029894E-15, -4.979644369271533296E-15, -4.458578643762691307 ) ) ;
#1394 = CIRCLE ( 'NONE', #3339, 4.000000000000000000 ) ;
#1395 = ORIENTED_EDGE ( 'NONE', *, *, #3555, .F. ) ;
#1396 = CARTESIAN_POINT ( 'NONE',  ( -1.590000000000000198E-15, 2.900000000000002132, 3.999999999999998224 ) ) ;
#1397 = AXIS2_PLACEMENT_3D ( 'NONE', #3371, #907, #2004 ) ;
#1398 = CIRCLE ( 'NONE', #3332, 4.500000000000000000 ) ;
#1399 = CARTESIAN_POINT ( 'NONE',  ( -8.000000000000000000, 0.1414213562373123345, 3.999999999999995115 ) ) ;
#1400 = CARTESIAN_POINT ( 'NONE',  ( 1.318831357000209804E-15, 0.04142135623730617416, -3.000000000000000888 ) ) ;
#1401 = AXIS2_PLACEMENT_3D ( 'NONE', #146, #2456, #1518 ) ;
#1402 = CARTESIAN_POINT ( 'NONE',  ( 5.000000000000004441, 2.899999999999995026, -2.500000000000000444 ) ) ;
#1403 = CARTESIAN_POINT ( 'NONE',  ( -5.627754966650642616E-16, 2.899999999999999911, 3.899999999999999911 ) ) ;
#1404 = CARTESIAN_POINT ( 'NONE',  ( -5.942825606821168797E-16, 2.899999999999999911, 4.000000000000000000 ) ) ;
#1405 = CARTESIAN_POINT ( 'NONE',  ( 7.000000000000000347E-17, 0.2000000000000000111, -1.099999999999999878E-16 ) ) ;
#1406 = VERTEX_POINT ( 'NONE', #1299 ) ;
#1407 = DIRECTION ( 'NONE',  ( 3.299999999999999882E-16, 1.000000000000000000, -5.600000000000000277E-16 ) ) ;
#1408 = CARTESIAN_POINT ( 'NONE',  ( -1.550804030154566388E-15, 2.899999999999995914, 3.958578625276014229 ) ) ;
#1409 = CARTESIAN_POINT ( 'NONE',  ( 0.000000000000000000, 0.000000000000000000, 0.000000000000000000 ) ) ;
#1410 = ADVANCED_FACE ( 'NONE', ( #498, #539 ), #3204, .T. ) ;
#1411 = VERTEX_POINT ( 'NONE', #1836 ) ;
#1412 = FACE_OUTER_BOUND ( 'NONE', #1943, .T. ) ;
#1413 = VERTEX_POINT ( 'NONE', #1585 ) ;
#1414 = DIRECTION ( 'NONE',  ( -6.800000000000000055E-16, 5.782411586589356653E-16, 1.000000000000000000 ) ) ;
#1415 = CARTESIAN_POINT ( 'NONE',  ( -1.500000000000000117E-15, 2.000000000000002220, 3.499999999999998668 ) ) ;
#1416 = ORIENTED_EDGE ( 'NONE', *, *, #472, .T. ) ;
#1417 = DIRECTION ( 'NONE',  ( -1.000000000000000000, 3.299999999999999882E-16, 0.000000000000000000 ) ) ;
#1418 = PRODUCT_DEFINITION_SHAPE ( 'NONE', 'NONE',  #1056 ) ;
#1419 = CARTESIAN_POINT ( 'NONE',  ( -1.575195959492886856E-15, 3.000000000000000888, 4.041421356237312246 ) ) ;
#1420 = EDGE_LOOP ( 'NONE', ( #1054, #149, #1062, #466 ) ) ;
#1421 = CARTESIAN_POINT ( 'NONE',  ( 2.550380563511376219E-15, 2.858578643762687665, -3.000000000000003997 ) ) ;
#1422 = CARTESIAN_POINT ( 'NONE',  ( -1.658887301627792504E-15, 0.04142135623730951871, 3.000000000000000888 ) ) ;
#1423 = VERTEX_POINT ( 'NONE', #3543 ) ;
#1424 = CARTESIAN_POINT ( 'NONE',  ( -7.634400000000018110E-16, 3.000000000000000000, 2.600000000000000089 ) ) ;
#1425 = DIRECTION ( 'NONE',  ( -6.400000000000000458E-16, 5.560011140951304512E-16, 1.000000000000000000 ) ) ;
#1426 = ORIENTED_EDGE ( 'NONE', *, *, #1099, .F. ) ;
#1427 = CARTESIAN_POINT ( 'NONE',  ( -7.917157287525376397, 0.1000000000000026146, 3.958578643762684646 ) ) ;
#1428 = CARTESIAN_POINT ( 'NONE',  ( -2.474804040507104604E-15, 1.396371174268236363E-17, 4.458578643762691307 ) ) ;
#1429 = CARTESIAN_POINT ( 'NONE',  ( -1.512150008537535823E-15, 2.899999999999999911, 3.899999999999999911 ) ) ;
#1430 = CARTESIAN_POINT ( 'NONE',  ( 1.901838300213160932E-15, 0.09999999999999860389, -2.500000000000000000 ) ) ;
#1431 = FACE_OUTER_BOUND ( 'NONE', #2596, .T. ) ;
#1432 = EDGE_LOOP ( 'NONE', ( #567, #3324, #757, #2865 ) ) ;
#1433 = CARTESIAN_POINT ( 'NONE',  ( 6.082842712474625380, 2.899999999999999467, 3.041421356237314022 ) ) ;
#1434 = CARTESIAN_POINT ( 'NONE',  ( -5.917157287525375509, 1.966625616626053908E-15, 2.958578643762685090 ) ) ;
#1435 =( NAMED_UNIT ( * ) PLANE_ANGLE_UNIT ( ) SI_UNIT ( $, .RADIAN. ) );
#1436 = VERTEX_POINT ( 'NONE', #2694 ) ;
#1437 = CIRCLE ( 'NONE', #985, 3.000000000000000000 ) ;
#1438 = DIRECTION ( 'NONE',  ( -6.299999999999999819E-16, 5.782411586589356653E-16, 1.000000000000000000 ) ) ;
#1439 = CIRCLE ( 'NONE', #2997, 4.100000000000000533 ) ;
#1440 = AXIS2_PLACEMENT_3D ( 'NONE', #147, #99, #2355 ) ;
#1441 = CARTESIAN_POINT ( 'NONE',  ( 2.556605960255793554E-15, 2.899999999999996358, -3.000000000000003109 ) ) ;
#1442 = CARTESIAN_POINT ( 'NONE',  ( -9.240992221393806287E-16, 0.04142135623730951871, 3.000000000000000888 ) ) ;
#1443 = AXIS2_PLACEMENT_3D ( 'NONE', #2503, #1965, #23 ) ;
#1444 = CIRCLE ( 'NONE', #463, 7.500000000000000000 ) ;
#1445 = CARTESIAN_POINT ( 'NONE',  ( -7.999999953369052008, 2.858578665078008729, -3.999999976684535330 ) ) ;
#1446 = EDGE_CURVE ( 'NONE', #1780, #2969, #2738, .T. ) ;
#1447 = CARTESIAN_POINT ( 'NONE',  ( -7.999999953369057337, 2.858578665078013170, 3.999999976684522895 ) ) ;
#1448 = CIRCLE ( 'NONE', #346, 4.000000000000000000 ) ;
#1449 = CARTESIAN_POINT ( 'NONE',  ( 1.599999999999999967E-15, 4.799999999999999822, -2.660000000000000230E-15 ) ) ;
#1450 = CARTESIAN_POINT ( 'NONE',  ( 8.999999999999996447, 0.09999999999999703570, 4.500000000000001776 ) ) ;
#1451 = AXIS2_PLACEMENT_3D ( 'NONE', #3035, #561, #2769 ) ;
#1452 = ORIENTED_EDGE ( 'NONE', *, *, #2792, .T. ) ;
#1453 = CARTESIAN_POINT ( 'NONE',  ( 1.123838300213160912E-15, 0.09999999999999720224, -2.500000000000000000 ) ) ;
#1454 = CARTESIAN_POINT ( 'NONE',  ( 6.000000000000000888, 0.1414213562373043964, -2.999999999999998224 ) ) ;
#1455 = ORIENTED_EDGE ( 'NONE', *, *, #2992, .F. ) ;
#1456 = CARTESIAN_POINT ( 'NONE',  ( 9.699999999999999847E-16, 2.899999999999999911, -1.609999999999999932E-15 ) ) ;
#1457 = CARTESIAN_POINT ( 'NONE',  ( -1.649999999999999990E-15, 0.1000000000000016848, 3.000000000000000000 ) ) ;
#1458 = CARTESIAN_POINT ( 'NONE',  ( -1.044000000000000004E-15, 2.799999999999999822, 3.000000000000000000 ) ) ;
#1459 = CARTESIAN_POINT ( 'NONE',  ( 1.669999999999999921E-15, 5.000000000000000000, -2.779999999999999814E-15 ) ) ;
#1460 = CARTESIAN_POINT ( 'NONE',  ( -1.227272536527433120E-16, 3.000000000000001332, 2.541421356237308693 ) ) ;
#1461 = VERTEX_POINT ( 'NONE', #1023 ) ;
#1462 = CARTESIAN_POINT ( 'NONE',  ( 1.348535966953008142E-15, 0.09999999999999660549, -3.041421356237311802 ) ) ;
#1463 = EDGE_CURVE ( 'NONE', #1830, #1633, #1730, .T. ) ;
#1464 =( BOUNDED_SURFACE ( )  B_SPLINE_SURFACE ( 3, 3, ( 
 ( #751, #2404, #3480, #1854 ),
 ( #3235, #2971, #2705, #1332 ),
 ( #1049, #2165, #1679, #1366 ),
 ( #328, #261, #3556, #3072 ) ),
 .UNSPECIFIED., .F., .F., .F. ) 
 B_SPLINE_SURFACE_WITH_KNOTS ( ( 4, 4 ),
 ( 4, 4 ),
 ( 0.000000000000000000, 1.000000000000000000 ),
 ( 0.000000000000000000, 1.000000000000000000 ),
 .UNSPECIFIED. ) 
 GEOMETRIC_REPRESENTATION_ITEM ( )  RATIONAL_B_SPLINE_SURFACE ( (
 ( 1.000000000000000000, 0.3333333333333334259, 0.3333333333333334259, 1.000000000000000000),
 ( 0.8047378541243649375, 0.2682459513747884050, 0.2682459513747884050, 0.8047378541243649375),
 ( 0.8047378541243649375, 0.2682459513747884050, 0.2682459513747884050, 0.8047378541243649375),
 ( 1.000000000000000000, 0.3333333333333334259, 0.3333333333333334259, 1.000000000000000000) ) ) 
 REPRESENTATION_ITEM ( '' )  SURFACE ( )  );
#1465 = FACE_OUTER_BOUND ( 'NONE', #2602, .T. ) ;
#1466 = ORIENTED_EDGE ( 'NONE', *, *, #82, .T. ) ;
#1467 = DIRECTION ( 'NONE',  ( -1.119999999999999858E-15, 5.782411586589356653E-16, 1.000000000000000000 ) ) ;
#1468 = CARTESIAN_POINT ( 'NONE',  ( -1.649999999999999990E-15, 0.1000000000000016848, 3.000000000000000000 ) ) ;
#1469 =( NAMED_UNIT ( * ) PLANE_ANGLE_UNIT ( ) SI_UNIT ( $, .RADIAN. ) );
#1470 = EDGE_LOOP ( 'NONE', ( #1455, #3270, #3069, #2478 ) ) ;
#1471 = CARTESIAN_POINT ( 'NONE',  ( -8.082842712474622715, 2.999999999999999112, -4.041421356237320239 ) ) ;
#1472 = DIRECTION ( 'NONE',  ( 3.299999999999999882E-16, 1.000000000000000000, -5.600000000000000277E-16 ) ) ;
#1473 = EDGE_CURVE ( 'NONE', #563, #2311, #3219, .T. ) ;
#1474 = ORIENTED_EDGE ( 'NONE', *, *, #91, .F. ) ;
#1475 = CYLINDRICAL_SURFACE ( 'NONE', #807, 3.000000000000000000 ) ;
#1476 = FACE_BOUND ( 'NONE', #590, .T. ) ;
#1477 = DIRECTION ( 'NONE',  ( 3.299999999999999882E-16, 1.000000000000000000, -5.600000000000000277E-16 ) ) ;
#1478 = EDGE_CURVE ( 'NONE', #1930, #1219, #224, .T. ) ;
#1479 = CARTESIAN_POINT ( 'NONE',  ( -1.187892987985310005E-16, 2.958578643762688642, 2.500000000000003109 ) ) ;
#1480 = PLANE ( 'NONE',  #3502 ) ;
#1481 = DIRECTION ( 'NONE',  ( 3.299999999999999882E-16, 1.000000000000000000, -5.600000000000000277E-16 ) ) ;
#1482 = CARTESIAN_POINT ( 'NONE',  ( 1.928785634024029894E-15, -4.979644369271533296E-15, -4.458578643762692195 ) ) ;
#1483 = EDGE_LOOP ( 'NONE', ( #970, #1466, #441, #1024 ) ) ;
#1484 = CARTESIAN_POINT ( 'NONE',  ( 0.000000000000000000, -7.799999999999999541E-16, 0.000000000000000000 ) ) ;
#1485 =( BOUNDED_SURFACE ( )  B_SPLINE_SURFACE ( 3, 3, ( 
 ( #857, #1941, #15, #1385 ),
 ( #1422, #2204, #2473, #1957 ),
 ( #1159, #1434, #49, #277 ),
 ( #587, #1138, #3307, #3041 ) ),
 .UNSPECIFIED., .F., .F., .F. ) 
 B_SPLINE_SURFACE_WITH_KNOTS ( ( 4, 4 ),
 ( 4, 4 ),
 ( 0.000000000000000000, 1.000000000000000000 ),
 ( 0.000000000000000000, 1.000000000000000000 ),
 .UNSPECIFIED. ) 
 GEOMETRIC_REPRESENTATION_ITEM ( )  RATIONAL_B_SPLINE_SURFACE ( (
 ( 1.000000000000000000, 0.3333333333333334259, 0.3333333333333334259, 1.000000000000000000),
 ( 0.8047378541243649375, 0.2682459513747884050, 0.2682459513747884050, 0.8047378541243649375),
 ( 0.8047378541243649375, 0.2682459513747884050, 0.2682459513747884050, 0.8047378541243649375),
 ( 1.000000000000000000, 0.3333333333333334259, 0.3333333333333334259, 1.000000000000000000) ) ) 
 REPRESENTATION_ITEM ( '' )  SURFACE ( )  );
#1486 = EDGE_CURVE ( 'NONE', #2244, #1165, #1569, .T. ) ;
#1487 = CARTESIAN_POINT ( 'NONE',  ( 1.123591832221687552E-15, -2.036000000000000346E-15, -2.600000000000000089 ) ) ;
#1488 = ORIENTED_EDGE ( 'NONE', *, *, #3472, .T. ) ;
#1489 = CARTESIAN_POINT ( 'NONE',  ( -8.200000000000004619, 3.000000000000002665, 4.099999999999995204 ) ) ;
#1490 = CARTESIAN_POINT ( 'NONE',  ( -2.170000000000000157E-15, 0.2000000000000022593, 4.000000000000000000 ) ) ;
#1491 = VERTEX_POINT ( 'NONE', #2961 ) ;
#1492 = CARTESIAN_POINT ( 'NONE',  ( 9.699999999999999847E-16, 2.899999999999999911, -1.609999999999999932E-15 ) ) ;
#1493 = CIRCLE ( 'NONE', #2069, 3.100000000000000089 ) ;
#1494 = DIRECTION ( 'NONE',  ( -3.299999999999999882E-16, -1.000000000000000000, 5.600000000000000277E-16 ) ) ;
#1495 = CARTESIAN_POINT ( 'NONE',  ( 1.318831357000209804E-15, 0.04142135623730617416, -3.000000000000000888 ) ) ;
#1496 = FACE_OUTER_BOUND ( 'NONE', #1180, .T. ) ;
#1497 = AXIS2_PLACEMENT_3D ( 'NONE', #747, #1853, #3479 ) ;
#1498 = CIRCLE ( 'NONE', #2428, 4.400000000000000355 ) ;
#1499 = FACE_OUTER_BOUND ( 'NONE', #1032, .T. ) ;
#1500 = EDGE_CURVE ( 'NONE', #164, #262, #625, .T. ) ;
#1501 = AXIS2_PLACEMENT_3D ( 'NONE', #2817, #1929, #1438 ) ;
#1502 = CARTESIAN_POINT ( 'NONE',  ( -1.382767227540959128E-15, 1.396371174268245607E-17, 4.458578643762692195 ) ) ;
#1503 = AXIS2_PLACEMENT_3D ( 'NONE', #3123, #2900, #3354 ) ;
#1504 = VERTEX_POINT ( 'NONE', #806 ) ;
#1505 = CARTESIAN_POINT ( 'NONE',  ( -8.999999999999998224, 0.1000000000000029615, 4.499999999999993783 ) ) ;
#1506 = CYLINDRICAL_SURFACE ( 'NONE', #1144, 6.000000000000000000 ) ;
#1507 = AXIS2_PLACEMENT_3D ( 'NONE', #3437, #2354, #3175 ) ;
#1508 = CARTESIAN_POINT ( 'NONE',  ( 1.901838300213160932E-15, 0.09999999999999860389, -2.500000000000000000 ) ) ;
#1509 = PRODUCT_CONTEXT ( 'NONE', #665, 'mechanical' ) ;
#1510 = ORIENTED_EDGE ( 'NONE', *, *, #1342, .F. ) ;
#1511 = CARTESIAN_POINT ( 'NONE',  ( 9.000000000000012434, 2.958578643762680649, -4.500000000000002665 ) ) ;
#1512 =( BOUNDED_CURVE ( )  B_SPLINE_CURVE ( 3, ( #3346, #1665, #1393, #301 ),
 .UNSPECIFIED., .F., .F. ) 
 B_SPLINE_CURVE_WITH_KNOTS ( ( 4, 4 ),
 ( 0.000000000000000000, 1.000000000000000000 ),
 .UNSPECIFIED. ) 
 CURVE ( )  GEOMETRIC_REPRESENTATION_ITEM ( )  RATIONAL_B_SPLINE_CURVE ( ( 1.000000000000000000, 0.8047378541243649375, 0.8047378541243649375, 1.000000000000000000 ) ) 
 REPRESENTATION_ITEM ( '' )  );
#1513 = CARTESIAN_POINT ( 'NONE',  ( -1.024499999999999983E-14, -4.999999999999991118, 7.500000000000005329 ) ) ;
#1514 = ORIENTED_EDGE ( 'NONE', *, *, #1204, .T. ) ;
#1515 = CARTESIAN_POINT ( 'NONE',  ( 2.524605960255792639E-15, 2.799999999999996714, -3.000000000000003109 ) ) ;
#1516 = CARTESIAN_POINT ( 'NONE',  ( -2.090000000000000040E-15, -4.799999999999999822, 3.770000000000000123E-15 ) ) ;
#1517 = CARTESIAN_POINT ( 'NONE',  ( 5.917157287525375509, -5.252306274154901424E-15, -2.958578643762685978 ) ) ;
#1518 = DIRECTION ( 'NONE',  ( -6.400000000000000458E-16, 5.421010862427522170E-16, 1.000000000000000000 ) ) ;
#1519 = DIRECTION ( 'NONE',  ( -5.600000000000000277E-16, 5.600000000000000277E-16, 1.000000000000000000 ) ) ;
#1520 = CARTESIAN_POINT ( 'NONE',  ( 9.699999999999999847E-16, 2.899999999999999911, -1.609999999999999932E-15 ) ) ;
#1521 = EDGE_CURVE ( 'NONE', #795, #3514, #3096, .T. ) ;
#1522 = EDGE_LOOP ( 'NONE', ( #2703, #2468 ) ) ;
#1523 = CARTESIAN_POINT ( 'NONE',  ( 6.082842712474625380, 2.899999999999999467, 3.041421356237314022 ) ) ;
#1524 = CARTESIAN_POINT ( 'NONE',  ( 7.917157287525374620, 0.09999999999999739653, 3.958578643762690863 ) ) ;
#1525 = CARTESIAN_POINT ( 'NONE',  ( 6.082842712474621827, 0.09999999999999799327, 3.041421356237313134 ) ) ;
#1526 = ORIENTED_EDGE ( 'NONE', *, *, #2397, .F. ) ;
#1527 = CARTESIAN_POINT ( 'NONE',  ( 3.023915883596639317E-15, 2.958578643762684202, -4.000000000000003553 ) ) ;
#1528 = VERTEX_POINT ( 'NONE', #1010 ) ;
#1529 = DIRECTION ( 'NONE',  ( 3.299999999999999882E-16, 1.000000000000000000, -5.600000000000000277E-16 ) ) ;
#1530 = CARTESIAN_POINT ( 'NONE',  ( 3.000000000000000061E-17, 0.1000000000000000056, -6.000000000000000121E-17 ) ) ;
#1531 = CARTESIAN_POINT ( 'NONE',  ( 3.023641286908387184E-15, 2.800000039801997520, -4.000000000000001776 ) ) ;
#1532 = CARTESIAN_POINT ( 'NONE',  ( -1.864999999999999737E-15, 2.900000000000002576, 4.499999999999998224 ) ) ;
#1533 = CARTESIAN_POINT ( 'NONE',  ( 0.000000000000000000, -6.399999999999999472E-16, 0.000000000000000000 ) ) ;
#1534 = CARTESIAN_POINT ( 'NONE',  ( -6.000000000000000000, 2.958578643762687310, -3.000000000000006217 ) ) ;
#1535 = ORIENTED_EDGE ( 'NONE', *, *, #2127, .T. ) ;
#1536 = DIRECTION ( 'NONE',  ( 3.299999999999999882E-16, 1.000000000000000000, -5.600000000000000277E-16 ) ) ;
#1537 = ADVANCED_FACE ( 'NONE', ( #3484 ), #2770, .T. ) ;
#1538 = EDGE_CURVE ( 'NONE', #540, #1314, #482, .T. ) ;
#1539 = PLANE ( 'NONE',  #123 ) ;
#1540 = ITEM_DEFINED_TRANSFORMATION ( 'NONE', 'NONE', #2837,  #2386 ) ;
#1541 = ORIENTED_EDGE ( 'NONE', *, *, #643, .F. ) ;
#1542 = DIRECTION ( 'NONE',  ( 3.299999999999999882E-16, 1.000000000000000000, -5.600000000000000277E-16 ) ) ;
#1543 = EDGE_CURVE ( 'NONE', #855, #2150, #2595, .T. ) ;
#1544 = CARTESIAN_POINT ( 'NONE',  ( 2.093894039744204607E-15, 0.09999999999999832634, -3.000000000000000000 ) ) ;
#1545 = PRODUCT_DEFINITION_CONTEXT ( 'detailed design', #361, 'design' ) ;
#1546 = VERTEX_POINT ( 'NONE', #1875 ) ;
#1547 = CARTESIAN_POINT ( 'NONE',  ( 1.318831357000209804E-15, 0.04142135623730617416, -3.000000000000000888 ) ) ;
#1548 = CARTESIAN_POINT ( 'NONE',  ( 9.699999999999999847E-16, 2.899999999999999911, -1.609999999999999932E-15 ) ) ;
#1549 = AXIS2_PLACEMENT_3D ( 'NONE', #1530, #3419, #2096 ) ;
#1550 = PLANE ( 'NONE',  #1440 ) ;
#1551 =( BOUNDED_CURVE ( )  B_SPLINE_CURVE ( 3, ( #2057, #1791, #1811, #2914 ),
 .UNSPECIFIED., .F., .F. ) 
 B_SPLINE_CURVE_WITH_KNOTS ( ( 4, 4 ),
 ( 0.000000000000000000, 1.000000000000000000 ),
 .UNSPECIFIED. ) 
 CURVE ( )  GEOMETRIC_REPRESENTATION_ITEM ( )  RATIONAL_B_SPLINE_CURVE ( ( 1.000000000000000000, 0.8047379479385700085, 0.8047379479385700085, 1.000000000000000000 ) ) 
 REPRESENTATION_ITEM ( '' )  );
#1552 = AXIS2_PLACEMENT_3D ( 'NONE', #921, #3136, #2871 ) ;
#1553 = CARTESIAN_POINT ( 'NONE',  ( 3.000000000000000061E-17, 0.1000000000000000056, -6.000000000000000121E-17 ) ) ;
#1554 = EDGE_CURVE ( 'NONE', #1633, #1830, #2423, .T. ) ;
#1555 = ORIENTED_EDGE ( 'NONE', *, *, #552, .T. ) ;
#1556 = EDGE_CURVE ( 'NONE', #3334, #1257, #3256, .T. ) ;
#1557 = AXIS2_PLACEMENT_3D ( 'NONE', #1982, #1163, #331 ) ;
#1558 = CARTESIAN_POINT ( 'NONE',  ( 6.082842712474626268, 2.899999999999996803, -3.041421356237311802 ) ) ;
#1559 = DIRECTION ( 'NONE',  ( -3.299999999999999882E-16, -1.000000000000000000, 5.600000000000000277E-16 ) ) ;
#1560 = AXIS2_PLACEMENT_3D ( 'NONE', #3408, #2842, #83 ) ;
#1561 = COLOUR_RGB ( '',0.7921568627450980005, 0.8196078431372548767, 0.9333333333333333481 ) ;
#1562 = ORIENTED_EDGE ( 'NONE', *, *, #84, .T. ) ;
#1563 = AXIS2_PLACEMENT_3D ( 'NONE', #2223, #1160, #824 ) ;
#1564 = DIRECTION ( 'NONE',  ( -5.600000000000000277E-16, 5.600000000000000277E-16, 1.000000000000000000 ) ) ;
#1565 = DIRECTION ( 'NONE',  ( 3.299999999999999882E-16, 1.000000000000000000, -5.600000000000000277E-16 ) ) ;
#1566 = EDGE_CURVE ( 'NONE', #153, #2756, #1325, .T. ) ;
#1567 = ORIENTED_EDGE ( 'NONE', *, *, #2982, .T. ) ;
#1568 = CARTESIAN_POINT ( 'NONE',  ( -2.029999999999999854E-15, 2.000000000000002665, 4.499999999999999112 ) ) ;
#1569 = LINE ( 'NONE', #2994, #2782 ) ;
#1570 = CARTESIAN_POINT ( 'NONE',  ( -5.000000000000005329, 0.04142135623730830440, -2.500000000000005329 ) ) ;
#1571 = CARTESIAN_POINT ( 'NONE',  ( -1.196282560682117097E-15, 0.2000000000000000111, 4.000000000000000000 ) ) ;
#1572 = CARTESIAN_POINT ( 'NONE',  ( 3.219155408375162358E-15, 2.999999999999995115, -4.400000000000003908 ) ) ;
#1573 = DIRECTION ( 'NONE',  ( 3.299999999999999882E-16, 1.000000000000000000, -5.600000000000000277E-16 ) ) ;
#1574 = ORIENTED_EDGE ( 'NONE', *, *, #2816, .T. ) ;
#1575 = DIRECTION ( 'NONE',  ( -6.299999999999999819E-16, 5.421010862427522170E-16, 1.000000000000000000 ) ) ;
#1576 = EDGE_CURVE ( 'NONE', #1633, #1461, #3121, .T. ) ;
#1577 = CARTESIAN_POINT ( 'NONE',  ( -1.561112698372203613E-15, 2.958578643762688642, 4.000000000000000000 ) ) ;
#1578 = ITEM_DEFINED_TRANSFORMATION ( 'NONE', 'NONE', #761,  #1563 ) ;
#1579 = VERTEX_POINT ( 'NONE', #250 ) ;
#1580 = ADVANCED_FACE ( 'NONE', ( #2533, #75 ), #2279, .F. ) ;
#1581 = DIRECTION ( 'NONE',  ( -5.600000000000000277E-16, 5.600000000000000277E-16, 1.000000000000000000 ) ) ;
#1582 =( BOUNDED_SURFACE ( )  B_SPLINE_SURFACE ( 3, 3, ( 
 ( #2953, #778, #1881, #2915 ),
 ( #473, #3474, #187, #2965 ),
 ( #1267, #488, #1534, #1592 ),
 ( #2933, #3512, #201, #2411 ) ),
 .UNSPECIFIED., .F., .F., .T. ) 
 B_SPLINE_SURFACE_WITH_KNOTS ( ( 4, 4 ),
 ( 4, 4 ),
 ( 0.000000000000000000, 1.000000000000000000 ),
 ( 0.000000000000000000, 1.000000000000000000 ),
 .UNSPECIFIED. ) 
 GEOMETRIC_REPRESENTATION_ITEM ( )  RATIONAL_B_SPLINE_SURFACE ( (
 ( 1.000000000000000000, 0.3333333333333334259, 0.3333333333333334259, 1.000000000000000000),
 ( 0.8047378541243649375, 0.2682459513747884050, 0.2682459513747884050, 0.8047378541243649375),
 ( 0.8047378541243649375, 0.2682459513747884050, 0.2682459513747884050, 0.8047378541243649375),
 ( 1.000000000000000000, 0.3333333333333334259, 0.3333333333333334259, 1.000000000000000000) ) ) 
 REPRESENTATION_ITEM ( '' )  SURFACE ( )  );
#1583 = ORIENTED_EDGE ( 'NONE', *, *, #2615, .F. ) ;
#1584 = SURFACE_SIDE_STYLE ('',( #2441 ) ) ;
#1585 = CARTESIAN_POINT ( 'NONE',  ( -1.701999999999999849E-15, 0.1000000000000017403, 3.100000000000000089 ) ) ;
#1586 = ADVANCED_FACE ( 'NONE', ( #2553 ), #279, .T. ) ;
#1587 = ORIENTED_EDGE ( 'NONE', *, *, #3317, .T. ) ;
#1588 = CARTESIAN_POINT ( 'NONE',  ( 0.000000000000000000, -6.399999999999999472E-16, 0.000000000000000000 ) ) ;
#1589 = CARTESIAN_POINT ( 'NONE',  ( -8.900000000000000652E-16, -2.000000000000000000, 2.220000000000000180E-15 ) ) ;
#1590 = LINE ( 'NONE', #2447, #450 ) ;
#1591 = EDGE_CURVE ( 'NONE', #2729, #1084, #2487, .T. ) ;
#1592 = CARTESIAN_POINT ( 'NONE',  ( 2.582380563511377133E-15, 2.958578643762684202, -3.000000000000003997 ) ) ;
#1593 = ORIENTED_EDGE ( 'NONE', *, *, #1172, .F. ) ;
#1594 = PRODUCT_DEFINITION ( 'UNKNOWN', '', #352, #2091 ) ;
#1595 = CARTESIAN_POINT ( 'NONE',  ( 7.999999999999996447, 0.04142135623730681948, 4.000000000000002665 ) ) ;
#1596 =( BOUNDED_SURFACE ( )  B_SPLINE_SURFACE ( 3, 3, ( 
 ( #3300, #1694, #2249, #2525 ),
 ( #2771, #1098, #291, #851 ),
 ( #1952, #1447, #1708, #597 ),
 ( #44, #872, #2794, #2003 ) ),
 .UNSPECIFIED., .F., .F., .F. ) 
 B_SPLINE_SURFACE_WITH_KNOTS ( ( 4, 4 ),
 ( 4, 4 ),
 ( 0.000000000000000000, 1.000000000000000000 ),
 ( 0.000000000000000000, 1.000000000000000000 ),
 .UNSPECIFIED. ) 
 GEOMETRIC_REPRESENTATION_ITEM ( )  RATIONAL_B_SPLINE_SURFACE ( (
 ( 1.000000000000000000, 0.3333333333333334259, 0.3333333333333334259, 1.000000000000000000),
 ( 0.8047379479385700085, 0.2682459826461900954, 0.2682459826461900954, 0.8047379479385700085),
 ( 0.8047379479385700085, 0.2682459826461900954, 0.2682459826461900954, 0.8047379479385700085),
 ( 1.000000000000000000, 0.3333333333333334259, 0.3333333333333334259, 1.000000000000000000) ) ) 
 REPRESENTATION_ITEM ( '' )  SURFACE ( )  );
#1597 = CARTESIAN_POINT ( 'NONE',  ( 2.585544307075963416E-15, 2.999999999999998224, -2.900000000000001688 ) ) ;
#1598 = EDGE_CURVE ( 'NONE', #1382, #2535, #1124, .T. ) ;
#1599 = EDGE_LOOP ( 'NONE', ( #1918, #2278, #2925, #1821 ) ) ;
#1600 = CARTESIAN_POINT ( 'NONE',  ( -1.610000000000000721E-15, 0.2000000000000000111, 3.000000000000000000 ) ) ;
#1601 = CARTESIAN_POINT ( 'NONE',  ( -3.054999999999999746E-15, 5.000000000000004441, 7.499999999999997335 ) ) ;
#1602 = DIRECTION ( 'NONE',  ( -6.299999999999999819E-16, 5.782411586589356653E-16, 1.000000000000000000 ) ) ;
#1603 = EDGE_CURVE ( 'NONE', #2391, #1816, #1657, .T. ) ;
#1604 = ORIENTED_EDGE ( 'NONE', *, *, #3555, .T. ) ;
#1605 = DIRECTION ( 'NONE',  ( 3.299999999999999882E-16, 1.000000000000000000, -5.600000000000000277E-16 ) ) ;
#1606 = CARTESIAN_POINT ( 'NONE',  ( 3.000000000000000061E-17, 0.1000000000000000056, -6.000000000000000121E-17 ) ) ;
#1607 = ORIENTED_EDGE ( 'NONE', *, *, #2005, .F. ) ;
#1608 =( BOUNDED_CURVE ( )  B_SPLINE_CURVE ( 3, ( #1597, #2162, #2434, #3248 ),
 .UNSPECIFIED., .F., .T. ) 
 B_SPLINE_CURVE_WITH_KNOTS ( ( 4, 4 ),
 ( 0.000000000000000000, 1.000000000000000000 ),
 .UNSPECIFIED. ) 
 CURVE ( )  GEOMETRIC_REPRESENTATION_ITEM ( )  RATIONAL_B_SPLINE_CURVE ( ( 1.000000000000000000, 0.8047378541243649375, 0.8047378541243649375, 1.000000000000000000 ) ) 
 REPRESENTATION_ITEM ( '' )  );
#1609 = CARTESIAN_POINT ( 'NONE',  ( -1.804724160538342257E-15, 3.000000000000000888, 4.458578643762692195 ) ) ;
#1610 =( BOUNDED_CURVE ( )  B_SPLINE_CURVE ( 3, ( #354, #1949, #848, #2537 ),
 .UNSPECIFIED., .F., .T. ) 
 B_SPLINE_CURVE_WITH_KNOTS ( ( 4, 4 ),
 ( 0.000000000000000000, 1.000000000000000000 ),
 .UNSPECIFIED. ) 
 CURVE ( )  GEOMETRIC_REPRESENTATION_ITEM ( )  RATIONAL_B_SPLINE_CURVE ( ( 1.000000000000000000, 0.8047378541243649375, 0.8047378541243649375, 1.000000000000000000 ) ) 
 REPRESENTATION_ITEM ( '' )  );
#1611 = CARTESIAN_POINT ( 'NONE',  ( 1.744366677085473897E-15, 0.04142135623730498761, -4.000000000000000000 ) ) ;
#1612 = CARTESIAN_POINT ( 'NONE',  ( -9.808040405071069511E-16, 3.000000000000000888, 2.958578643762688642 ) ) ;
#1613 = FACE_OUTER_BOUND ( 'NONE', #3062, .T. ) ;
#1614 = ORIENTED_EDGE ( 'NONE', *, *, #1177, .T. ) ;
#1615 = DIRECTION ( 'NONE',  ( 4.400000000000000007E-16, 1.000000000000000000, -1.110000000000000090E-15 ) ) ;
#1616 =( REPRESENTATION_RELATIONSHIP ('NONE','NONE', #1254, #868 ) REPRESENTATION_RELATIONSHIP_WITH_TRANSFORMATION ( #3518 )SHAPE_REPRESENTATION_RELATIONSHIP( ) );
#1617 = CIRCLE ( 'NONE', #59, 6.000000000000000000 ) ;
#1618 = CARTESIAN_POINT ( 'NONE',  ( 3.231847287203860376E-15, 2.999999999999997335, -4.400000000000002132 ) ) ;
#1619 = CONTEXT_DEPENDENT_SHAPE_REPRESENTATION ( #1293, #2197 ) ;
#1620 = VECTOR ( 'NONE', #822, 1000.000000000000000 ) ;
#1621 = AXIS2_PLACEMENT_3D ( 'NONE', #389, #3401, #158 ) ;
#1622 = ORIENTED_EDGE ( 'NONE', *, *, #2030, .T. ) ;
#1623 = DIRECTION ( 'NONE',  ( 3.299999999999999882E-16, 1.000000000000000000, -5.600000000000000277E-16 ) ) ;
#1624 = VECTOR ( 'NONE', #1605, 1000.000000000000000 ) ;
#1625 = CARTESIAN_POINT ( 'NONE',  ( 2.388626379701574102E-15, 1.999999999999997780, -3.500000000000001776 ) ) ;
#1626 = EDGE_LOOP ( 'NONE', ( #3462, #205 ) ) ;
#1627 = AXIS2_PLACEMENT_3D ( 'NONE', #3490, #708, #1002 ) ;
#1628 = CARTESIAN_POINT ( 'NONE',  ( 3.563091059616308200E-15, 2.899999999999997247, -4.500000000000001776 ) ) ;
#1629 = DIRECTION ( 'NONE',  ( -5.599999999999999291E-16, 5.595882180570345180E-16, 1.000000000000000000 ) ) ;
#1630 = ORIENTED_EDGE ( 'NONE', *, *, #2389, .T. ) ;
#1631 = CARTESIAN_POINT ( 'NONE',  ( -5.082842712474618274, 1.663374383373939601E-15, 2.541421356237305584 ) ) ;
#1632 = AXIS2_PLACEMENT_3D ( 'NONE', #1262, #1872, #1367 ) ;
#1633 = VERTEX_POINT ( 'NONE', #827 ) ;
#1634 = CARTESIAN_POINT ( 'NONE',  ( 9.699999999999999847E-16, 2.899999999999999911, -1.609999999999999932E-15 ) ) ;
#1635 = CARTESIAN_POINT ( 'NONE',  ( 1.388359492264320148E-15, 0.09999999999999827083, -3.100000000000000089 ) ) ;
#1636 =( BOUNDED_CURVE ( )  B_SPLINE_CURVE ( 3, ( #3213, #220, #508, #727 ),
 .UNSPECIFIED., .F., .F. ) 
 B_SPLINE_CURVE_WITH_KNOTS ( ( 4, 4 ),
 ( 0.000000000000000000, 1.000000000000000000 ),
 .UNSPECIFIED. ) 
 CURVE ( )  GEOMETRIC_REPRESENTATION_ITEM ( )  RATIONAL_B_SPLINE_CURVE ( ( 1.000000000000000000, 0.8047378541243649375, 0.8047378541243649375, 1.000000000000000000 ) ) 
 REPRESENTATION_ITEM ( '' )  );
#1637 = DIRECTION ( 'NONE',  ( -6.599999999999999763E-16, 5.782411586589356653E-16, 1.000000000000000000 ) ) ;
#1638 = ORIENTED_EDGE ( 'NONE', *, *, #469, .F. ) ;
#1639 = CARTESIAN_POINT ( 'NONE',  ( -5.999999999999998224, 0.04142135623730813787, -3.000000000000003109 ) ) ;
#1640 = EDGE_CURVE ( 'NONE', #1084, #1647, #399, .T. ) ;
#1641 = EDGE_LOOP ( 'NONE', ( #1510, #1374, #588, #1048 ) ) ;
#1642 = SURFACE_STYLE_FILL_AREA ( #3321 ) ;
#1643 = EDGE_CURVE ( 'NONE', #1546, #860, #1512, .T. ) ;
#1644 = CARTESIAN_POINT ( 'NONE',  ( 8.000000000000001776, 2.800000039801997076, 4.000000000000003553 ) ) ;
#1645 = ORIENTED_EDGE ( 'NONE', *, *, #2095, .F. ) ;
#1646 = CARTESIAN_POINT ( 'NONE',  ( -1.009999999999999846E-15, 2.900000000000001688, 2.999999999999998224 ) ) ;
#1647 = VERTEX_POINT ( 'NONE', #884 ) ;
#1648 = CARTESIAN_POINT ( 'NONE',  ( -9.000000000000005329, 2.958578643762686422, -4.500000000000009770 ) ) ;
#1649 = EDGE_LOOP ( 'NONE', ( #821, #893, #1868, #3557 ) ) ;
#1650 = CARTESIAN_POINT ( 'NONE',  ( 1.786366677085474185E-15, 0.1414213562373052291, -4.000000000000000000 ) ) ;
#1651 = CARTESIAN_POINT ( 'NONE',  ( 8.917157287525382614, 2.999999999999998224, 4.458578643762694860 ) ) ;
#1652 = CARTESIAN_POINT ( 'NONE',  ( 3.000000000000000061E-17, 0.1000000000000000056, -6.000000000000000121E-17 ) ) ;
#1653 = ADVANCED_FACE ( 'NONE', ( #1701 ), #2114, .F. ) ;
#1654 = ORIENTED_EDGE ( 'NONE', *, *, #2005, .T. ) ;
#1655 = DIRECTION ( 'NONE',  ( 3.299999999999999882E-16, 1.000000000000000000, -5.600000000000000277E-16 ) ) ;
#1656 = ADVANCED_FACE ( 'NONE', ( #1412 ), #2013, .F. ) ;
#1657 =( BOUNDED_CURVE ( )  B_SPLINE_CURVE ( 3, ( #859, #3325, #2226, #1684 ),
 .UNSPECIFIED., .F., .T. ) 
 B_SPLINE_CURVE_WITH_KNOTS ( ( 4, 4 ),
 ( 0.000000000000000000, 1.000000000000000000 ),
 .UNSPECIFIED. ) 
 CURVE ( )  GEOMETRIC_REPRESENTATION_ITEM ( )  RATIONAL_B_SPLINE_CURVE ( ( 1.000000000000000000, 0.8047379479385700085, 0.8047379479385700085, 1.000000000000000000 ) ) 
 REPRESENTATION_ITEM ( '' )  );
#1658 = CARTESIAN_POINT ( 'NONE',  ( -5.813952590543253859E-16, 2.958578643762688642, 4.000000000000000000 ) ) ;
#1659 = VERTEX_POINT ( 'NONE', #1749 ) ;
#1660 = CARTESIAN_POINT ( 'NONE',  ( -3.002625737380078371E-16, 2.900000000000002576, 3.041421356237311802 ) ) ;
#1661 = DIRECTION ( 'NONE',  ( -1.000000000000000000, 3.299999999999999882E-16, 0.000000000000000000 ) ) ;
#1662 = ORIENTED_EDGE ( 'NONE', *, *, #735, .F. ) ;
#1663 = EDGE_CURVE ( 'NONE', #1413, #833, #3478, .T. ) ;
#1664 = CARTESIAN_POINT ( 'NONE',  ( -1.623999999999999962E-15, 9.840000000000000149E-16, 2.899999999999999911 ) ) ;
#1665 = CARTESIAN_POINT ( 'NONE',  ( 1.965134337128104989E-15, 0.04142135623730448107, -4.500000000000003553 ) ) ;
#1666 = EDGE_LOOP ( 'NONE', ( #740, #3262, #480, #1183 ) ) ;
#1667 = LINE ( 'NONE', #3347, #65 ) ;
#1668 = APPLICATION_CONTEXT ( 'automotive_design' ) ;
#1669 = CARTESIAN_POINT ( 'NONE',  ( 2.093894039744205396E-15, 0.1999999999999983180, -3.000000000000000000 ) ) ;
#1670 = CARTESIAN_POINT ( 'NONE',  ( -9.112119205115880502E-16, 0.1000000000000000056, 3.000000000000000000 ) ) ;
#1671 = CARTESIAN_POINT ( 'NONE',  ( 5.082842712474622715, 2.999999999999995559, -2.541421356237309137 ) ) ;
#1672 = ORIENTED_EDGE ( 'NONE', *, *, #2905, .F. ) ;
#1673 = DIRECTION ( 'NONE',  ( 3.299999999999999882E-16, 1.000000000000000000, -5.600000000000000277E-16 ) ) ;
#1674 = CARTESIAN_POINT ( 'NONE',  ( -1.864999999999999737E-15, 2.900000000000002576, 4.499999999999998224 ) ) ;
#1675 = EDGE_LOOP ( 'NONE', ( #2937, #483 ) ) ;
#1676 = AXIS2_PLACEMENT_3D ( 'NONE', #1516, #958, #1260 ) ;
#1677 =( BOUNDED_SURFACE ( )  B_SPLINE_SURFACE ( 3, 3, ( 
 ( #1572, #471, #2426, #2996 ),
 ( #269, #3, #1651, #487 ),
 ( #2683, #3509, #2981, #1043 ),
 ( #199, #738, #3488, #2964 ) ),
 .UNSPECIFIED., .F., .F., .F. ) 
 B_SPLINE_SURFACE_WITH_KNOTS ( ( 4, 4 ),
 ( 4, 4 ),
 ( 0.000000000000000000, 1.000000000000000000 ),
 ( 0.000000000000000000, 1.000000000000000000 ),
 .UNSPECIFIED. ) 
 GEOMETRIC_REPRESENTATION_ITEM ( )  RATIONAL_B_SPLINE_SURFACE ( (
 ( 1.000000000000000000, 0.3333333333333334259, 0.3333333333333334259, 1.000000000000000000),
 ( 0.8047378541243649375, 0.2682459513747884050, 0.2682459513747884050, 0.8047378541243649375),
 ( 0.8047378541243649375, 0.2682459513747884050, 0.2682459513747884050, 0.8047378541243649375),
 ( 1.000000000000000000, 0.3333333333333334259, 0.3333333333333334259, 1.000000000000000000) ) ) 
 REPRESENTATION_ITEM ( '' )  SURFACE ( )  );
#1678 = CARTESIAN_POINT ( 'NONE',  ( 1.123591832221687158E-15, -2.912000000000000775E-15, -2.600000000000000089 ) ) ;
#1679 = CARTESIAN_POINT ( 'NONE',  ( 5.999999999999999112, 0.1414213562373077826, 3.000000000000001776 ) ) ;
#1680 = VECTOR ( 'NONE', #2902, 1000.000000000000000 ) ;
#1681 = PRODUCT ( 'GT2_Idler_Smooth_6mm.step', 'GT2_Idler_Smooth_6mm.step', '', ( #3429 ) ) ;
#1682 = ORIENTED_EDGE ( 'NONE', *, *, #1556, .F. ) ;
#1683 = AXIS2_PLACEMENT_3D ( 'NONE', #1182, #92, #938 ) ;
#1684 = CARTESIAN_POINT ( 'NONE',  ( -1.590000000000000001E-15, 2.800000039802001961, 3.999999999999998224 ) ) ;
#1685 = AXIS2_PLACEMENT_3D ( 'NONE', #733, #718, #1835 ) ;
#1686 = ORIENTED_EDGE ( 'NONE', *, *, #728, .T. ) ;
#1687 = DIRECTION ( 'NONE',  ( 3.299999999999999882E-16, 1.000000000000000000, -5.600000000000000277E-16 ) ) ;
#1688 = AXIS2_PLACEMENT_3D ( 'NONE', #982, #163, #2118 ) ;
#1689 = ORIENTED_EDGE ( 'NONE', *, *, #2251, .F. ) ;
#1690 = DIRECTION ( 'NONE',  ( -6.299999999999999819E-16, 5.913830031739114557E-16, 1.000000000000000000 ) ) ;
#1691 = CARTESIAN_POINT ( 'NONE',  ( 6.000000000000001776, 2.958578643762686866, 3.000000000000003109 ) ) ;
#1692 = CIRCLE ( 'NONE', #73, 4.500000000000000000 ) ;
#1693 = DIRECTION ( 'NONE',  ( 3.299999999999999882E-16, 1.000000000000000000, -5.600000000000000277E-16 ) ) ;
#1694 = CARTESIAN_POINT ( 'NONE',  ( -7.800000000000002487, 2.900000000000002576, 3.899999999999995026 ) ) ;
#1695 = CARTESIAN_POINT ( 'NONE',  ( 8.000000000000005329, 2.958578643762681537, -3.999999999999999112 ) ) ;
#1696 = CARTESIAN_POINT ( 'NONE',  ( -1.607999999999994969E-15, 3.000000000000000000, 4.100000000000000533 ) ) ;
#1697 = ORIENTED_EDGE ( 'NONE', *, *, #2884, .T. ) ;
#1698 = CARTESIAN_POINT ( 'NONE',  ( -7.867272536527434766E-16, -1.396371174268284126E-17, 2.541421356237308693 ) ) ;
#1699 = CARTESIAN_POINT ( 'NONE',  ( 2.954387748332530157E-15, 2.899999999999995470, -3.900000000000003020 ) ) ;
#1700 = ORIENTED_EDGE ( 'NONE', *, *, #3465, .T. ) ;
#1701 = FACE_OUTER_BOUND ( 'NONE', #3036, .T. ) ;
#1702 = VERTEX_POINT ( 'NONE', #712 ) ;
#1703 = CARTESIAN_POINT ( 'NONE',  ( -1.549999999999999943E-15, -3.500000000000000000, 2.720000000000000022E-15 ) ) ;
#1704 = ORIENTED_EDGE ( 'NONE', *, *, #1663, .T. ) ;
#1705 = CARTESIAN_POINT ( 'NONE',  ( -5.917157287525378173, 3.000000000000002220, 2.958578643762683758 ) ) ;
#1706 = DIRECTION ( 'NONE',  ( -5.600000000000000277E-16, 5.601711224508439904E-16, 1.000000000000000000 ) ) ;
#1707 = CARTESIAN_POINT ( 'NONE',  ( 2.585544307075963416E-15, 2.999999999999998224, -2.900000000000001688 ) ) ;
#1708 = CARTESIAN_POINT ( 'NONE',  ( -7.999999953369052008, 2.858578665078008729, -3.999999976684535330 ) ) ;
#1709 = DIRECTION ( 'NONE',  ( 3.299999999999999882E-16, 1.000000000000000000, -5.600000000000000277E-16 ) ) ;
#1710 = CARTESIAN_POINT ( 'NONE',  ( 8.200000000000006395, 2.999999999999992895, -4.099999999999999645 ) ) ;
#1711 = ORIENTED_EDGE ( 'NONE', *, *, #1756, .F. ) ;
#1712 = CARTESIAN_POINT ( 'NONE',  ( 1.374605960255793674E-15, 0.1999999999999966527, -3.000000000000000444 ) ) ;
#1713 = ADVANCED_FACE ( 'NONE', ( #2296 ), #1134, .F. ) ;
#1714 = DIRECTION ( 'NONE',  ( 1.000000000000000000, 0.000000000000000000, 0.000000000000000000 ) ) ;
#1715 = ORIENTED_EDGE ( 'NONE', *, *, #155, .F. ) ;
#1716 = CARTESIAN_POINT ( 'NONE',  ( 2.399729646977890153E-15, 2.999999999999996891, -2.541421356237312246 ) ) ;
#1717 = DIRECTION ( 'NONE',  ( 3.299999999999999882E-16, 1.000000000000000000, -5.600000000000000277E-16 ) ) ;
#1718 = EDGE_CURVE ( 'NONE', #3537, #1249, #116, .T. ) ;
#1719 = VERTEX_POINT ( 'NONE', #2312 ) ;
#1720 = CARTESIAN_POINT ( 'NONE',  ( 1.750080106015761176E-15, 0.09999999999999556466, -3.958578643762689087 ) ) ;
#1721 = CARTESIAN_POINT ( 'NONE',  ( 2.572852428247266581E-15, 2.999999999999996891, -2.900000000000003464 ) ) ;
#1722 = DIRECTION ( 'NONE',  ( -3.299999999999999882E-16, -1.000000000000000000, 5.600000000000000277E-16 ) ) ;
#1723 = CARTESIAN_POINT ( 'NONE',  ( 7.917157250552032899, 2.899999999999989253, -3.958578625276012897 ) ) ;
#1724 =( BOUNDED_CURVE ( )  B_SPLINE_CURVE ( 3, ( #2919, #477, #2702, #1326 ),
 .UNSPECIFIED., .F., .F. ) 
 B_SPLINE_CURVE_WITH_KNOTS ( ( 4, 4 ),
 ( 0.000000000000000000, 1.000000000000000000 ),
 .UNSPECIFIED. ) 
 CURVE ( )  GEOMETRIC_REPRESENTATION_ITEM ( )  RATIONAL_B_SPLINE_CURVE ( ( 1.000000000000000000, 0.8047378541243649375, 0.8047378541243649375, 1.000000000000000000 ) ) 
 REPRESENTATION_ITEM ( '' )  );
#1725 = CARTESIAN_POINT ( 'NONE',  ( 7.000000000000000347E-17, 0.2000000000000000111, -1.099999999999999878E-16 ) ) ;
#1726 = ADVANCED_FACE ( 'NONE', ( #90 ), #3212, .F. ) ;
#1727 = ORIENTED_EDGE ( 'NONE', *, *, #1246, .T. ) ;
#1728 = FACE_OUTER_BOUND ( 'NONE', #1432, .T. ) ;
#1729 = CARTESIAN_POINT ( 'NONE',  ( 1.362831357000209731E-15, 0.1414213562373063671, -3.000000000000000888 ) ) ;
#1730 = CIRCLE ( 'NONE', #2193, 2.500000000000000000 ) ;
#1731 = EDGE_LOOP ( 'NONE', ( #2591, #2650, #2408, #2159 ) ) ;
#1732 = CIRCLE ( 'NONE', #452, 2.899999999999999911 ) ;
#1733 = CARTESIAN_POINT ( 'NONE',  ( -1.607999999999993588E-15, 3.000000000000002220, 4.099999999999998757 ) ) ;
#1734 = CIRCLE ( 'NONE', #1501, 7.500000000000000000 ) ;
#1735 = CIRCLE ( 'NONE', #3109, 3.000000000000000000 ) ;
#1736 = CARTESIAN_POINT ( 'NONE',  ( -2.464000000000000201E-15, 1.484000000000000251E-15, 4.400000000000000355 ) ) ;
#1737 = EDGE_CURVE ( 'NONE', #2729, #2295, #2873, .T. ) ;
#1738 = CIRCLE ( 'NONE', #69, 4.400000000000000355 ) ;
#1739 = CIRCLE ( 'NONE', #66, 4.500000000000000000 ) ;
#1740 = CARTESIAN_POINT ( 'NONE',  ( 5.000000000000002665, 2.899999999999997691, 2.500000000000002220 ) ) ;
#1741 = PLANE ( 'NONE',  #3284 ) ;
#1742 = LINE ( 'NONE', #2381, #3396 ) ;
#1743 = AXIS2_PLACEMENT_3D ( 'NONE', #2531, #2294, #673 ) ;
#1744 = ORIENTED_EDGE ( 'NONE', *, *, #91, .T. ) ;
#1745 =( NAMED_UNIT ( * ) SI_UNIT ( $, .STERADIAN. ) SOLID_ANGLE_UNIT ( ) );
#1746 =( BOUNDED_CURVE ( )  B_SPLINE_CURVE ( 3, ( #2058, #631, #3140, #1154 ),
 .UNSPECIFIED., .F., .F. ) 
 B_SPLINE_CURVE_WITH_KNOTS ( ( 4, 4 ),
 ( 0.000000000000000000, 1.000000000000000000 ),
 .UNSPECIFIED. ) 
 CURVE ( )  GEOMETRIC_REPRESENTATION_ITEM ( )  RATIONAL_B_SPLINE_CURVE ( ( 1.000000000000000000, 0.8047378541243649375, 0.8047378541243649375, 1.000000000000000000 ) ) 
 REPRESENTATION_ITEM ( '' )  );
#1747 = CARTESIAN_POINT ( 'NONE',  ( -5.199999999999998401, -1.196000000000002671E-15, -2.600000000000001865 ) ) ;
#1748 = ORIENTED_EDGE ( 'NONE', *, *, #472, .F. ) ;
#1749 = CARTESIAN_POINT ( 'NONE',  ( -2.154000000000000291E-15, 0.1000000000000021844, 3.899999999999999911 ) ) ;
#1750 = CARTESIAN_POINT ( 'NONE',  ( 3.238547180002910357E-15, 2.958578643762682869, -4.500000000000007105 ) ) ;
#1751 = CARTESIAN_POINT ( 'NONE',  ( -2.206887301627792731E-15, 0.04142135623730947708, 4.000000000000000000 ) ) ;
#1752 = DIRECTION ( 'NONE',  ( 4.400000000000000007E-16, 1.000000000000000000, -1.110000000000000090E-15 ) ) ;
#1753 = CARTESIAN_POINT ( 'NONE',  ( -8.051836644433762262E-16, 0.000000000000000000, 2.600000000000000089 ) ) ;
#1754 = CARTESIAN_POINT ( 'NONE',  ( 2.974080106620678819E-15, 2.899999999999991473, -3.958578625276017782 ) ) ;
#1755 = FACE_BOUND ( 'NONE', #2282, .T. ) ;
#1756 = EDGE_CURVE ( 'NONE', #1803, #1930, #2906, .T. ) ;
#1757 = CARTESIAN_POINT ( 'NONE',  ( 8.799999999999998934, -2.903999999999997884E-15, 4.400000000000002132 ) ) ;
#1758 = DIRECTION ( 'NONE',  ( 3.299999999999999882E-16, 1.000000000000000000, -5.600000000000000277E-16 ) ) ;
#1759 = EDGE_CURVE ( 'NONE', #474, #46, #745, .T. ) ;
#1760 = ORIENTED_EDGE ( 'NONE', *, *, #1313, .T. ) ;
#1761 = DIRECTION ( 'NONE',  ( -3.299999999999999882E-16, -1.000000000000000000, 5.600000000000000277E-16 ) ) ;
#1762 = CARTESIAN_POINT ( 'NONE',  ( -9.020992221393808629E-16, 0.1414213562373097255, 3.000000000000000888 ) ) ;
#1763 = ORIENTED_EDGE ( 'NONE', *, *, #1342, .T. ) ;
#1764 = CARTESIAN_POINT ( 'NONE',  ( 1.769894812349583723E-15, -4.592000000000002042E-15, -4.100000000000000533 ) ) ;
#1765 = FACE_OUTER_BOUND ( 'NONE', #2695, .T. ) ;
#1766 = ADVANCED_FACE ( 'NONE', ( #2417, #769 ), #1831, .T. ) ;
#1767 = EDGE_LOOP ( 'NONE', ( #2412, #1234, #3318, #505 ) ) ;
#1768 = DIRECTION ( 'NONE',  ( 3.299999999999999882E-16, 1.000000000000000000, -5.600000000000000277E-16 ) ) ;
#1769 = CARTESIAN_POINT ( 'NONE',  ( 2.566105960255792623E-15, 2.799999999999998046, -3.000000000000001776 ) ) ;
#1770 = CARTESIAN_POINT ( 'NONE',  ( 9.699999999999999847E-16, 2.899999999999999911, -1.609999999999999932E-15 ) ) ;
#1771 = CARTESIAN_POINT ( 'NONE',  ( 1.769894812349584512E-15, -3.206000000000000425E-15, -4.100000000000000533 ) ) ;
#1772 = DIRECTION ( 'NONE',  ( 3.299999999999999882E-16, 1.000000000000000000, -5.600000000000000277E-16 ) ) ;
#1773 = LINE ( 'NONE', #3208, #2009 ) ;
#1774 = DIRECTION ( 'NONE',  ( -6.599999999999999763E-16, 5.782411586589356653E-16, 1.000000000000000000 ) ) ;
#1775 = EDGE_LOOP ( 'NONE', ( #2290, #990, #931, #2959 ) ) ;
#1776 = CARTESIAN_POINT ( 'NONE',  ( 6.000000000000002665, 2.799999999999998046, 3.000000000000002665 ) ) ;
#1777 = CARTESIAN_POINT ( 'NONE',  ( -1.186775496665064047E-15, 0.1000000000000000056, 3.899999999999999911 ) ) ;
#1778 = EDGE_CURVE ( 'NONE', #2366, #2272, #2548, .T. ) ;
#1779 = CARTESIAN_POINT ( 'NONE',  ( 1.098063696957575952E-15, 0.04142135623730667376, -2.500000000000003109 ) ) ;
#1780 = VERTEX_POINT ( 'NONE', #3538 ) ;
#1781 = CARTESIAN_POINT ( 'NONE',  ( 1.098063696957575754E-15, 0.04142135623730665989, -2.500000000000003997 ) ) ;
#1782 = CARTESIAN_POINT ( 'NONE',  ( -9.000000000000003553, 2.900000000000003020, 4.499999999999993783 ) ) ;
#1783 = ORIENTED_EDGE ( 'NONE', *, *, #242, .T. ) ;
#1784 = CARTESIAN_POINT ( 'NONE',  ( -5.999999999999998224, 2.799999999999998490, -3.000000000000006661 ) ) ;
#1785 = AXIS2_PLACEMENT_3D ( 'NONE', #2101, #980, #2076 ) ;
#1786 = FACE_OUTER_BOUND ( 'NONE', #1329, .T. ) ;
#1787 =( BOUNDED_CURVE ( )  B_SPLINE_CURVE ( 3, ( #3255, #3217, #2151, #2708 ),
 .UNSPECIFIED., .F., .F. ) 
 B_SPLINE_CURVE_WITH_KNOTS ( ( 4, 4 ),
 ( 0.000000000000000000, 1.000000000000000000 ),
 .UNSPECIFIED. ) 
 CURVE ( )  GEOMETRIC_REPRESENTATION_ITEM ( )  RATIONAL_B_SPLINE_CURVE ( ( 1.000000000000000000, 0.8047378541243649375, 0.8047378541243649375, 1.000000000000000000 ) ) 
 REPRESENTATION_ITEM ( '' )  );
#1788 = LINE ( 'NONE', #1905, #934 ) ;
#1789 = CLOSED_SHELL ( 'NONE', ( #3223, #1653, #2740, #2547, #1825, #189, #611, #724, #2130, #1726, #4, #3366, #1820, #1586, #1373, #2365, #2939, #1813, #562, #1851, #2716, #48, #3469, #2987, #369, #1656, #2514, #3103, #885, #781, #1997, #1966, #2369, #2528, #1933, #2104, #126, #2041, #2766, #3407, #1349, #641 ) ) ;
#1790 = DIRECTION ( 'NONE',  ( 3.299999999999999882E-16, 1.000000000000000000, -5.600000000000000277E-16 ) ) ;
#1791 = CARTESIAN_POINT ( 'NONE',  ( 2.980017965892822346E-15, 2.899999999999992362, -3.958578625276016449 ) ) ;
#1792 = CIRCLE ( 'NONE', #2660, 3.899999999999999911 ) ;
#1793 = CIRCLE ( 'NONE', #2079, 7.500000000000000000 ) ;
#1794 = CIRCLE ( 'NONE', #1036, 4.000000000000000000 ) ;
#1795 = ORIENTED_EDGE ( 'NONE', *, *, #2292, .F. ) ;
#1796 = CARTESIAN_POINT ( 'NONE',  ( -2.474804040507104604E-15, 1.396371174268236363E-17, 4.458578643762692195 ) ) ;
#1797 = CARTESIAN_POINT ( 'NONE',  ( 7.799999999999998046, 0.09999999999999743816, 3.900000000000002576 ) ) ;
#1798 = CARTESIAN_POINT ( 'NONE',  ( 9.699999999999999847E-16, 2.899999999999999911, -1.609999999999999932E-15 ) ) ;
#1799 = EDGE_CURVE ( 'NONE', #1136, #3409, #286, .T. ) ;
#1800 = ORIENTED_EDGE ( 'NONE', *, *, #2823, .F. ) ;
#1801 = CARTESIAN_POINT ( 'NONE',  ( -8.199999999999999289, 2.999999999999997780, -4.100000000000007638 ) ) ;
#1802 = DIRECTION ( 'NONE',  ( 3.299999999999999882E-16, 1.000000000000000000, -5.600000000000000277E-16 ) ) ;
#1803 = VERTEX_POINT ( 'NONE', #2181 ) ;
#1804 = CARTESIAN_POINT ( 'NONE',  ( -6.082842712474625380, 2.900000000000003464, 3.041421356237307805 ) ) ;
#1805 = CARTESIAN_POINT ( 'NONE',  ( 6.700000000000000402E-16, 2.000000000000000000, -1.110000000000000090E-15 ) ) ;
#1806 = CARTESIAN_POINT ( 'NONE',  ( 1.123591832221687158E-15, -2.912000000000000775E-15, -2.600000000000000089 ) ) ;
#1807 = CARTESIAN_POINT ( 'NONE',  ( 1.599999999999999967E-15, 4.799999999999999822, -2.660000000000000230E-15 ) ) ;
#1808 = EDGE_CURVE ( 'NONE', #36, #951, #2196, .T. ) ;
#1809 = CARTESIAN_POINT ( 'NONE',  ( 3.231847287203860376E-15, 2.999999999999997335, -4.400000000000002132 ) ) ;
#1810 =( BOUNDED_SURFACE ( )  B_SPLINE_SURFACE ( 3, 3, ( 
 ( #2818, #902, #578, #1166 ),
 ( #1145, #1705, #304, #3315 ),
 ( #559, #2266, #2767, #2212 ),
 ( #2521, #319, #2536, #1441 ) ),
 .UNSPECIFIED., .F., .F., .T. ) 
 B_SPLINE_SURFACE_WITH_KNOTS ( ( 4, 4 ),
 ( 4, 4 ),
 ( 0.000000000000000000, 1.000000000000000000 ),
 ( 0.000000000000000000, 1.000000000000000000 ),
 .UNSPECIFIED. ) 
 GEOMETRIC_REPRESENTATION_ITEM ( )  RATIONAL_B_SPLINE_SURFACE ( (
 ( 1.000000000000000000, 0.3333333333333334259, 0.3333333333333334259, 1.000000000000000000),
 ( 0.8047378541243649375, 0.2682459513747884050, 0.2682459513747884050, 0.8047378541243649375),
 ( 0.8047378541243649375, 0.2682459513747884050, 0.2682459513747884050, 0.8047378541243649375),
 ( 1.000000000000000000, 0.3333333333333334259, 0.3333333333333334259, 1.000000000000000000) ) ) 
 REPRESENTATION_ITEM ( '' )  SURFACE ( )  );
#1811 = CARTESIAN_POINT ( 'NONE',  ( 2.979915882774036932E-15, 2.858578665078006065, -3.999999976684530889 ) ) ;
#1812 = FACE_OUTER_BOUND ( 'NONE', #726, .T. ) ;
#1813 = ADVANCED_FACE ( 'NONE', ( #457 ), #191, .T. ) ;
#1814 = ORIENTED_EDGE ( 'NONE', *, *, #55, .F. ) ;
#1815 = FACE_OUTER_BOUND ( 'NONE', #190, .T. ) ;
#1816 = VERTEX_POINT ( 'NONE', #1817 ) ;
#1817 = CARTESIAN_POINT ( 'NONE',  ( -1.590000000000000001E-15, 2.800000039802001961, 3.999999999999998224 ) ) ;
#1818 = EDGE_CURVE ( 'NONE', #2194, #1016, #1439, .T. ) ;
#1819 = CARTESIAN_POINT ( 'NONE',  ( -8.800000000000004263, 3.000000000000003109, 4.399999999999995026 ) ) ;
#1820 = ADVANCED_FACE ( 'NONE', ( #2673 ), #2989, .F. ) ;
#1821 = ORIENTED_EDGE ( 'NONE', *, *, #3258, .F. ) ;
#1822 = CYLINDRICAL_SURFACE ( 'NONE', #2941, 7.500000000000000000 ) ;
#1823 = DIRECTION ( 'NONE',  ( 3.299999999999999882E-16, 1.000000000000000000, -5.600000000000000277E-16 ) ) ;
#1824 = DIRECTION ( 'NONE',  ( 3.299999999999999882E-16, 1.000000000000000000, -5.600000000000000277E-16 ) ) ;
#1825 = ADVANCED_FACE ( 'NONE', ( #1007 ), #41, .F. ) ;
#1826 = FACE_OUTER_BOUND ( 'NONE', #1991, .T. ) ;
#1827 = ORIENTED_EDGE ( 'NONE', *, *, #743, .T. ) ;
#1828 = CARTESIAN_POINT ( 'NONE',  ( -9.000000000000007105, 0.04142135623731248856, 4.499999999999997335 ) ) ;
#1829 = EDGE_CURVE ( 'NONE', #2621, #2366, #47, .T. ) ;
#1830 = VERTEX_POINT ( 'NONE', #1384 ) ;
#1831 = PLANE ( 'NONE',  #2773 ) ;
#1832 = CARTESIAN_POINT ( 'NONE',  ( 1.990908940383689357E-15, 0.09999999999999496791, -4.500000000000000000 ) ) ;
#1833 =( BOUNDED_CURVE ( )  B_SPLINE_CURVE ( 3, ( #1844, #2398, #2666, #1863 ),
 .UNSPECIFIED., .F., .F. ) 
 B_SPLINE_CURVE_WITH_KNOTS ( ( 4, 4 ),
 ( 0.000000000000000000, 1.000000000000000000 ),
 .UNSPECIFIED. ) 
 CURVE ( )  GEOMETRIC_REPRESENTATION_ITEM ( )  RATIONAL_B_SPLINE_CURVE ( ( 1.000000000000000000, 0.8047378541243649375, 0.8047378541243649375, 1.000000000000000000 ) ) 
 REPRESENTATION_ITEM ( '' )  );
#1834 = VERTEX_POINT ( 'NONE', #3288 ) ;
#1835 = DIRECTION ( 'NONE',  ( -6.099999999999998541E-16, 5.782411586589356653E-16, 1.000000000000000000 ) ) ;
#1836 = CARTESIAN_POINT ( 'NONE',  ( -9.429999999999999404E-16, 3.000000000000001776, 2.899999999999998135 ) ) ;
#1837 = CYLINDRICAL_SURFACE ( 'NONE', #2012, 3.000000000000000000 ) ;
#1838 = AXIS2_PLACEMENT_3D ( 'NONE', #756, #2709, #2746 ) ;
#1839 = CARTESIAN_POINT ( 'NONE',  ( 8.000000000000000000, 0.1999999999999929057, -3.999999999999996891 ) ) ;
#1840 = DIRECTION ( 'NONE',  ( -6.400000000000000458E-16, 5.288791085295142546E-16, 1.000000000000000000 ) ) ;
#1841 = APPLICATION_CONTEXT ( 'automotive_design' ) ;
#1842 = AXIS2_PLACEMENT_3D ( 'NONE', #1548, #1823, #977 ) ;
#1843 = CIRCLE ( 'NONE', #2829, 3.100000000000000089 ) ;
#1844 = CARTESIAN_POINT ( 'NONE',  ( -1.649999999999999990E-15, 0.1000000000000016848, 3.000000000000000000 ) ) ;
#1845 = VERTEX_POINT ( 'NONE', #3023 ) ;
#1846 = CIRCLE ( 'NONE', #233, 7.299999999999999822 ) ;
#1847 = FACE_OUTER_BOUND ( 'NONE', #122, .T. ) ;
#1848 = STYLED_ITEM ( 'NONE', ( #2392 ), #613 ) ;
#1849 = DIRECTION ( 'NONE',  ( -5.600000000000000277E-16, 5.601711224508439904E-16, 1.000000000000000000 ) ) ;
#1850 = CIRCLE ( 'NONE', #292, 7.500000000000000000 ) ;
#1851 = ADVANCED_FACE ( 'NONE', ( #879 ), #654, .F. ) ;
#1852 = CIRCLE ( 'NONE', #2667, 4.400000000000000355 ) ;
#1853 = DIRECTION ( 'NONE',  ( -3.299999999999999882E-16, -1.000000000000000000, 5.600000000000000277E-16 ) ) ;
#1854 = CARTESIAN_POINT ( 'NONE',  ( -9.427189845286410628E-16, 0.1000000000000000056, 3.100000000000000089 ) ) ;
#1855 = AXIS2_PLACEMENT_3D ( 'NONE', #1389, #3026, #3308 ) ;
#1856 = ORIENTED_EDGE ( 'NONE', *, *, #2792, .F. ) ;
#1857 = EDGE_CURVE ( 'NONE', #2463, #1337, #773, .T. ) ;
#1858 = CARTESIAN_POINT ( 'NONE',  ( -8.199999999999997513, -1.886000000000004614E-15, -4.100000000000004086 ) ) ;
#1859 = ORIENTED_EDGE ( 'NONE', *, *, #735, .T. ) ;
#1860 =( BOUNDED_SURFACE ( )  B_SPLINE_SURFACE ( 3, 3, ( 
 ( #545, #3279, #3018, #1343 ),
 ( #2999, #2733, #3051, #527 ),
 ( #1096, #2214, #3548, #1917 ),
 ( #1076, #871, #1950, #504 ) ),
 .UNSPECIFIED., .F., .F., .T. ) 
 B_SPLINE_SURFACE_WITH_KNOTS ( ( 4, 4 ),
 ( 4, 4 ),
 ( 0.000000000000000000, 1.000000000000000000 ),
 ( 0.000000000000000000, 1.000000000000000000 ),
 .UNSPECIFIED. ) 
 GEOMETRIC_REPRESENTATION_ITEM ( )  RATIONAL_B_SPLINE_SURFACE ( (
 ( 1.000000000000000000, 0.3333333333333334259, 0.3333333333333334259, 1.000000000000000000),
 ( 0.8047378541243649375, 0.2682459513747884050, 0.2682459513747884050, 0.8047378541243649375),
 ( 0.8047378541243649375, 0.2682459513747884050, 0.2682459513747884050, 0.8047378541243649375),
 ( 1.000000000000000000, 0.3333333333333334259, 0.3333333333333334259, 1.000000000000000000) ) ) 
 REPRESENTATION_ITEM ( '' )  SURFACE ( )  );
#1861 = CARTESIAN_POINT ( 'NONE',  ( 3.000211920511587285E-15, 3.499999999999996447, -6.000000000000001776 ) ) ;
#1862 = CARTESIAN_POINT ( 'NONE',  ( 8.000000000000000000, 0.09999999999999287237, -3.999999999999996891 ) ) ;
#1863 = CARTESIAN_POINT ( 'NONE',  ( -1.623999999999999962E-15, 9.840000000000000149E-16, 2.899999999999999911 ) ) ;
#1864 = EDGE_LOOP ( 'NONE', ( #315, #695 ) ) ;
#1865 = FACE_OUTER_BOUND ( 'NONE', #2201, .T. ) ;
#1866 = EDGE_CURVE ( 'NONE', #2272, #2366, #1437, .T. ) ;
#1867 = DIRECTION ( 'NONE',  ( 3.299999999999999882E-16, 1.000000000000000000, -5.600000000000000277E-16 ) ) ;
#1868 = ORIENTED_EDGE ( 'NONE', *, *, #2215, .T. ) ;
#1869 = MANIFOLD_SOLID_BREP ( 'Ball bearing (5x9x3)mm002[1]', #1789 ) ;
#1870 = CARTESIAN_POINT ( 'NONE',  ( -6.000000000000000888, 0.1414213562373116961, 2.999999999999996447 ) ) ;
#1871 = CARTESIAN_POINT ( 'NONE',  ( -8.799999999999998934, 2.903999999999996701E-15, 4.399999999999995026 ) ) ;
#1872 = DIRECTION ( 'NONE',  ( 8.900000000000000652E-16, 1.000000000000000000, -6.700000000000000402E-16 ) ) ;
#1873 = ORIENTED_EDGE ( 'NONE', *, *, #1643, .T. ) ;
#1874 = CARTESIAN_POINT ( 'NONE',  ( 9.699999999999999847E-16, 2.899999999999999911, -1.609999999999999932E-15 ) ) ;
#1875 = CARTESIAN_POINT ( 'NONE',  ( 3.563091059616307412E-15, 0.09999999999999747979, -4.500000000000000000 ) ) ;
#1876 = CARTESIAN_POINT ( 'NONE',  ( -5.000000000000000888, 0.1000000000000016570, 2.499999999999997335 ) ) ;
#1877 = ADVANCED_FACE ( 'NONE', ( #2780 ), #1880, .F. ) ;
#1878 = CARTESIAN_POINT ( 'NONE',  ( -1.186775496665064047E-15, 0.1000000000000000056, 3.899999999999999911 ) ) ;
#1879 = CARTESIAN_POINT ( 'NONE',  ( 2.566105960255793412E-15, 2.899999999999998135, -3.000000000000001776 ) ) ;
#1880 =( BOUNDED_SURFACE ( )  B_SPLINE_SURFACE ( 3, 3, ( 
 ( #1678, #586, #297, #856 ),
 ( #2512, #3554, #1081, #1698 ),
 ( #2798, #312, #3391, #2827 ),
 ( #1453, #3106, #3427, #910 ) ),
 .UNSPECIFIED., .F., .F., .T. ) 
 B_SPLINE_SURFACE_WITH_KNOTS ( ( 4, 4 ),
 ( 4, 4 ),
 ( 0.000000000000000000, 1.000000000000000000 ),
 ( 0.000000000000000000, 1.000000000000000000 ),
 .UNSPECIFIED. ) 
 GEOMETRIC_REPRESENTATION_ITEM ( )  RATIONAL_B_SPLINE_SURFACE ( (
 ( 1.000000000000000000, 0.3333333333333334259, 0.3333333333333334259, 1.000000000000000000),
 ( 0.8047378541243649375, 0.2682459513747884050, 0.2682459513747884050, 0.8047378541243649375),
 ( 0.8047378541243649375, 0.2682459513747884050, 0.2682459513747884050, 0.8047378541243649375),
 ( 1.000000000000000000, 0.3333333333333334259, 0.3333333333333334259, 1.000000000000000000) ) ) 
 REPRESENTATION_ITEM ( '' )  SURFACE ( )  );
#1881 = CARTESIAN_POINT ( 'NONE',  ( -5.799999999999999822, 2.999999999999998668, -2.900000000000006128 ) ) ;
#1882 = ORIENTED_EDGE ( 'NONE', *, *, #3033, .T. ) ;
#1883 = DIRECTION ( 'NONE',  ( -1.070000000000000032E-15, 1.156482317317871331E-15, 1.000000000000000000 ) ) ;
#1884 = CARTESIAN_POINT ( 'NONE',  ( 9.699999999999999847E-16, 2.899999999999999911, -1.609999999999999932E-15 ) ) ;
#1885 = ORIENTED_EDGE ( 'NONE', *, *, #1576, .F. ) ;
#1886 = CARTESIAN_POINT ( 'NONE',  ( 1.362729266615448385E-15, 0.09999999999999661937, -3.041421356237311358 ) ) ;
#1887 = DIRECTION ( 'NONE',  ( -5.600000000000000277E-16, 5.601711224508439904E-16, 1.000000000000000000 ) ) ;
#1888 = ORIENTED_EDGE ( 'NONE', *, *, #3322, .T. ) ;
#1889 = CARTESIAN_POINT ( 'NONE',  ( -1.013112698372208316E-15, 2.958578643762688642, 3.000000000000000888 ) ) ;
#1890 = CARTESIAN_POINT ( 'NONE',  ( 2.439591832221690990E-15, 2.999999999999998668, -2.600000000000001421 ) ) ;
#1891 = CARTESIAN_POINT ( 'NONE',  ( 2.377612903468742357E-15, 2.958578643762685978, -2.500000000000006661 ) ) ;
#1892 = DIRECTION ( 'NONE',  ( 3.299999999999999882E-16, 1.000000000000000000, -5.600000000000000277E-16 ) ) ;
#1893 = FACE_OUTER_BOUND ( 'NONE', #2388, .T. ) ;
#1894 = ORIENTED_EDGE ( 'NONE', *, *, #1866, .F. ) ;
#1895 = CARTESIAN_POINT ( 'NONE',  ( -1.645999999999999925E-15, 0.1000000000000000056, 3.000000000000000000 ) ) ;
#1896 = VECTOR ( 'NONE', #948, 1000.000000000000000 ) ;
#1897 =( BOUNDED_SURFACE ( )  B_SPLINE_SURFACE ( 3, 3, ( 
 ( #3373, #1992, #1391, #1369 ),
 ( #2745, #2844, #2273, #2762 ),
 ( #344, #1908, #2500, #538 ),
 ( #2476, #3292, #3271, #826 ) ),
 .UNSPECIFIED., .F., .F., .F. ) 
 B_SPLINE_SURFACE_WITH_KNOTS ( ( 4, 4 ),
 ( 4, 4 ),
 ( 0.000000000000000000, 1.000000000000000000 ),
 ( 0.000000000000000000, 1.000000000000000000 ),
 .UNSPECIFIED. ) 
 GEOMETRIC_REPRESENTATION_ITEM ( )  RATIONAL_B_SPLINE_SURFACE ( (
 ( 1.000000000000000000, 0.3333333333333334259, 0.3333333333333334259, 1.000000000000000000),
 ( 0.8047378541243649375, 0.2682459513747884050, 0.2682459513747884050, 0.8047378541243649375),
 ( 0.8047378541243649375, 0.2682459513747884050, 0.2682459513747884050, 0.8047378541243649375),
 ( 1.000000000000000000, 0.3333333333333334259, 0.3333333333333334259, 1.000000000000000000) ) ) 
 REPRESENTATION_ITEM ( '' )  SURFACE ( )  );
#1898 = CARTESIAN_POINT ( 'NONE',  ( -6.037896246991703237E-16, 3.000000000000000000, 4.100000000000000533 ) ) ;
#1899 = APPLICATION_PROTOCOL_DEFINITION ( 'draft international standard', 'automotive_design', 1998, #1981 ) ;
#1900 = CIRCLE ( 'NONE', #1443, 2.600000000000000089 ) ;
#1901 = ORIENTED_EDGE ( 'NONE', *, *, #2026, .F. ) ;
#1902 = AXIS2_PLACEMENT_3D ( 'NONE', #1256, #3416, #1236 ) ;
#1903 = PRESENTATION_LAYER_ASSIGNMENT (  '', '', ( #2604 ) ) ;
#1904 = FACE_OUTER_BOUND ( 'NONE', #1155, .T. ) ;
#1905 = CARTESIAN_POINT ( 'NONE',  ( -2.490000000000000229E-15, 0.1000000000000025313, 4.500000000000000000 ) ) ;
#1906 = ORIENTED_EDGE ( 'NONE', *, *, #1543, .F. ) ;
#1907 = AXIS2_PLACEMENT_3D ( 'NONE', #1118, #836, #3038 ) ;
#1908 = CARTESIAN_POINT ( 'NONE',  ( 6.000000000000004441, 2.958578643762682425, -3.000000000000000444 ) ) ;
#1909 = DIRECTION ( 'NONE',  ( -7.399999999999998958E-16, 5.782411586589356653E-16, 1.000000000000000000 ) ) ;
#1910 = ORIENTED_EDGE ( 'NONE', *, *, #3516, .F. ) ;
#1911 = CARTESIAN_POINT ( 'NONE',  ( -8.800000000000004263, 3.000000000000003109, 4.399999999999995026 ) ) ;
#1912 =( GEOMETRIC_REPRESENTATION_CONTEXT ( 3 ) GLOBAL_UNCERTAINTY_ASSIGNED_CONTEXT ( ( #3303 ) ) GLOBAL_UNIT_ASSIGNED_CONTEXT ( ( #786, #2972, #495 ) ) REPRESENTATION_CONTEXT ( 'NONE', 'WORKASPACE' ) );
#1913 = VERTEX_POINT ( 'NONE', #151 ) ;
#1914 = CARTESIAN_POINT ( 'NONE',  ( -8.000000000000000000, 0.1414213562373123345, 3.999999999999995115 ) ) ;
#1915 = CARTESIAN_POINT ( 'NONE',  ( 7.999999999999996447, 0.09999999999999735489, 4.000000000000002665 ) ) ;
#1916 = EDGE_CURVE ( 'NONE', #1368, #784, #2633, .T. ) ;
#1917 = CARTESIAN_POINT ( 'NONE',  ( 2.586729266615450525E-15, 2.899999999999998579, -3.041421356237314910 ) ) ;
#1918 = ORIENTED_EDGE ( 'NONE', *, *, #2480, .F. ) ;
#1919 = CARTESIAN_POINT ( 'NONE',  ( -5.800000000000000711, 1.913999999999997575E-15, 2.899999999999996358 ) ) ;
#1920 = CARTESIAN_POINT ( 'NONE',  ( 3.085894812349579666E-15, 2.999999999999997780, -4.100000000000002309 ) ) ;
#1921 = ORIENTED_EDGE ( 'NONE', *, *, #2119, .F. ) ;
#1922 = CARTESIAN_POINT ( 'NONE',  ( -2.963246188837955010E-16, 2.858578643762690330, 3.000000000000001332 ) ) ;
#1923 = PLANE ( 'NONE',  #2777 ) ;
#1924 = CARTESIAN_POINT ( 'NONE',  ( 0.000000000000000000, -5.000000000000000000, 0.000000000000000000 ) ) ;
#1925 = ORIENTED_EDGE ( 'NONE', *, *, #3379, .F. ) ;
#1926 = DIRECTION ( 'NONE',  ( 3.299999999999999882E-16, 1.000000000000000000, -5.600000000000000277E-16 ) ) ;
#1927 = CARTESIAN_POINT ( 'NONE',  ( -7.311126983722083683E-16, 2.958578643762688642, 2.500000000000003997 ) ) ;
#1928 = ORIENTED_EDGE ( 'NONE', *, *, #218, .F. ) ;
#1929 = DIRECTION ( 'NONE',  ( 3.299999999999999882E-16, 1.000000000000000000, -5.600000000000000277E-16 ) ) ;
#1930 = VERTEX_POINT ( 'NONE', #419 ) ;
#1931 = CARTESIAN_POINT ( 'NONE',  ( 1.388359492264320148E-15, 0.09999999999999827083, -3.100000000000000089 ) ) ;
#1932 = CARTESIAN_POINT ( 'NONE',  ( 5.999999999999997335, 0.09999999999999803491, 3.000000000000001776 ) ) ;
#1933 = ADVANCED_FACE ( 'NONE', ( #3127 ), #3411, .T. ) ;
#1934 = DIRECTION ( 'NONE',  ( 3.299999999999999882E-16, 1.000000000000000000, -5.600000000000000277E-16 ) ) ;
#1935 = CARTESIAN_POINT ( 'NONE',  ( -7.780000000000048520E-16, 3.000000000000001332, 2.599999999999998312 ) ) ;
#1936 = CARTESIAN_POINT ( 'NONE',  ( 7.000000000000000347E-17, 0.2000000000000000111, -1.099999999999999878E-16 ) ) ;
#1937 = CARTESIAN_POINT ( 'NONE',  ( 3.023641286908388367E-15, 2.899999999999997691, -4.000000000000001776 ) ) ;
#1938 = UNCERTAINTY_MEASURE_WITH_UNIT (LENGTH_MEASURE( 1.000000000000000082E-05 ), #1139, 'distance_accuracy_value', 'NONE');
#1939 = EDGE_LOOP ( 'NONE', ( #3340, #2028, #2472, #2220 ) ) ;
#1940 =( NAMED_UNIT ( * ) SI_UNIT ( $, .STERADIAN. ) SOLID_ANGLE_UNIT ( ) );
#1941 = CARTESIAN_POINT ( 'NONE',  ( -6.000000000000000000, 0.1000000000000019901, 2.999999999999996447 ) ) ;
#1942 = CARTESIAN_POINT ( 'NONE',  ( 0.000000000000000000, 0.000000000000000000, 0.000000000000000000 ) ) ;
#1943 = EDGE_LOOP ( 'NONE', ( #2688, #1526, #1535, #3482 ) ) ;
#1944 = EDGE_CURVE ( 'NONE', #202, #878, #618, .T. ) ;
#1945 = CARTESIAN_POINT ( 'NONE',  ( 2.363612903468744102E-15, 2.958578643762685978, -2.500000000000007105 ) ) ;
#1946 = ORIENTED_EDGE ( 'NONE', *, *, #2119, .T. ) ;
#1947 = CARTESIAN_POINT ( 'NONE',  ( 1.901838300213160932E-15, 0.09999999999999860389, -2.500000000000000000 ) ) ;
#1948 = CARTESIAN_POINT ( 'NONE',  ( -2.136150000000000997E-15, 0.1000000000000000056, 3.899999999999999911 ) ) ;
#1949 = CARTESIAN_POINT ( 'NONE',  ( -1.409195959492892639E-15, -1.396371174268236363E-17, 2.541421356237308693 ) ) ;
#1950 = CARTESIAN_POINT ( 'NONE',  ( -6.199999999999999289, 2.899999999999998579, -3.100000000000006306 ) ) ;
#1951 =( BOUNDED_SURFACE ( )  B_SPLINE_SURFACE ( 3, 3, ( 
 ( #1429, #922, #2588, #1971 ),
 ( #943, #334, #2806, #1754 ),
 ( #3367, #904, #1445, #2872 ),
 ( #2040, #3350, #1187, #2838 ) ),
 .UNSPECIFIED., .F., .F., .T. ) 
 B_SPLINE_SURFACE_WITH_KNOTS ( ( 4, 4 ),
 ( 4, 4 ),
 ( 0.000000000000000000, 1.000000000000000000 ),
 ( 0.000000000000000000, 1.000000000000000000 ),
 .UNSPECIFIED. ) 
 GEOMETRIC_REPRESENTATION_ITEM ( )  RATIONAL_B_SPLINE_SURFACE ( (
 ( 1.000000000000000000, 0.3333333333333334259, 0.3333333333333334259, 1.000000000000000000),
 ( 0.8047379479385700085, 0.2682459826461900954, 0.2682459826461900954, 0.8047379479385700085),
 ( 0.8047379479385700085, 0.2682459826461900954, 0.2682459826461900954, 0.8047379479385700085),
 ( 1.000000000000000000, 0.3333333333333334259, 0.3333333333333334259, 1.000000000000000000) ) ) 
 REPRESENTATION_ITEM ( '' )  SURFACE ( )  );
#1952 = CARTESIAN_POINT ( 'NONE',  ( -1.577112689417591499E-15, 2.858578665078010506, 3.999999976684526892 ) ) ;
#1953 = FACE_OUTER_BOUND ( 'NONE', #2707, .T. ) ;
#1954 = CARTESIAN_POINT ( 'NONE',  ( 3.060264586700707707E-15, 2.999999999999996447, -4.041421356237315798 ) ) ;
#1955 = ORIENTED_EDGE ( 'NONE', *, *, #725, .F. ) ;
#1956 = CIRCLE ( 'NONE', #754, 4.400000000000000355 ) ;
#1957 = CARTESIAN_POINT ( 'NONE',  ( 1.318831357000210199E-15, 0.04142135623730617416, -3.000000000000000888 ) ) ;
#1958 = AXIS2_PLACEMENT_3D ( 'NONE', #3234, #1623, #3464 ) ;
#1959 = PRODUCT ( 'Ball bearing (5x9x3)mm002.step', 'Ball bearing (5x9x3)mm002.step', '', ( #2636 ) ) ;
#1960 = VERTEX_POINT ( 'NONE', #87 ) ;
#1961 = CIRCLE ( 'NONE', #458, 3.500000000000000000 ) ;
#1962 = CARTESIAN_POINT ( 'NONE',  ( -1.441999999999999963E-15, 8.760000000000006266E-16, 2.600000000000000089 ) ) ;
#1963 = AXIS2_PLACEMENT_3D ( 'NONE', #10, #1655, #3551 ) ;
#1964 = ORIENTED_EDGE ( 'NONE', *, *, #1808, .F. ) ;
#1965 = DIRECTION ( 'NONE',  ( 3.299999999999999882E-16, 1.000000000000000000, -5.600000000000000277E-16 ) ) ;
#1966 = ADVANCED_FACE ( 'NONE', ( #1193 ), #2258, .F. ) ;
#1967 = CARTESIAN_POINT ( 'NONE',  ( 1.669999999999999921E-15, 5.000000000000000000, -2.779999999999999814E-15 ) ) ;
#1968 = CARTESIAN_POINT ( 'NONE',  ( 5.999999999999999112, 0.04142135623730754806, 3.000000000000001776 ) ) ;
#1969 =( GEOMETRIC_REPRESENTATION_CONTEXT ( 3 ) GLOBAL_UNCERTAINTY_ASSIGNED_CONTEXT ( ( #425 ) ) GLOBAL_UNIT_ASSIGNED_CONTEXT ( ( #16, #2550, #840 ) ) REPRESENTATION_CONTEXT ( 'NONE', 'WORKASPACE' ) );
#1970 = PRODUCT_RELATED_PRODUCT_CATEGORY ( 'part', '', ( #2424 ) ) ;
#1971 = CARTESIAN_POINT ( 'NONE',  ( 2.948537756870066162E-15, 2.899999999999995470, -3.900000000000003020 ) ) ;
#1972 = CARTESIAN_POINT ( 'NONE',  ( -2.929000000000000065E-15, 5.000000000000004441, 7.299999999999997158 ) ) ;
#1973 = DIRECTION ( 'NONE',  ( -6.400000000000000458E-16, 5.288791085295142546E-16, 1.000000000000000000 ) ) ;
#1974 = CARTESIAN_POINT ( 'NONE',  ( 8.000000000000005329, 2.958578643762681537, -3.999999999999999112 ) ) ;
#1975 = ADVANCED_FACE ( 'NONE', ( #691 ), #1506, .T. ) ;
#1976 = ORIENTED_EDGE ( 'NONE', *, *, #2615, .T. ) ;
#1977 = CARTESIAN_POINT ( 'NONE',  ( 1.282482653896136089E-15, -3.299644369271530058E-15, -2.958578643762688642 ) ) ;
#1978 = CARTESIAN_POINT ( 'NONE',  ( -1.525999999999999947E-15, 2.900000000000002132, 3.899999999999998135 ) ) ;
#1979 = ORIENTED_EDGE ( 'NONE', *, *, #3304, .T. ) ;
#1980 = CARTESIAN_POINT ( 'NONE',  ( -7.003108167503285065E-16, 3.000000000000000000, 4.400000000000000355 ) ) ;
#1981 = APPLICATION_CONTEXT ( 'automotive_design' ) ;
#1982 = CARTESIAN_POINT ( 'NONE',  ( 9.300000000000001235E-16, 2.800000039801999741, -1.549999999999999943E-15 ) ) ;
#1983 = CARTESIAN_POINT ( 'NONE',  ( -2.182887301627792735E-15, 0.1414213562373097255, 4.000000000000000000 ) ) ;
#1984 = DIRECTION ( 'NONE',  ( 3.299999999999999882E-16, 1.000000000000000000, -5.600000000000000277E-16 ) ) ;
#1985 = EDGE_CURVE ( 'NONE', #1136, #1413, #3164, .T. ) ;
#1986 =( BOUNDED_SURFACE ( )  B_SPLINE_SURFACE ( 3, 3, ( 
 ( #2949, #1839, #3508, #1571 ),
 ( #2115, #198, #470, #3547 ),
 ( #776, #1302, #3471, #2395 ),
 ( #235, #2697, #502, #1878 ) ),
 .UNSPECIFIED., .F., .F., .T. ) 
 B_SPLINE_SURFACE_WITH_KNOTS ( ( 4, 4 ),
 ( 4, 4 ),
 ( 0.000000000000000000, 1.000000000000000000 ),
 ( 0.000000000000000000, 1.000000000000000000 ),
 .UNSPECIFIED. ) 
 GEOMETRIC_REPRESENTATION_ITEM ( )  RATIONAL_B_SPLINE_SURFACE ( (
 ( 1.000000000000000000, 0.3333333333333334259, 0.3333333333333334259, 1.000000000000000000),
 ( 0.8047378541243649375, 0.2682459513747884050, 0.2682459513747884050, 0.8047378541243649375),
 ( 0.8047378541243649375, 0.2682459513747884050, 0.2682459513747884050, 0.8047378541243649375),
 ( 1.000000000000000000, 0.3333333333333334259, 0.3333333333333334259, 1.000000000000000000) ) ) 
 REPRESENTATION_ITEM ( '' )  SURFACE ( )  );
#1987 = CYLINDRICAL_SURFACE ( 'NONE', #2499, 4.000000000000000000 ) ;
#1988 = ORIENTED_EDGE ( 'NONE', *, *, #2251, .T. ) ;
#1989 = CARTESIAN_POINT ( 'NONE',  ( -5.813952590543253859E-16, 2.958578643762688642, 4.000000000000000000 ) ) ;
#1990 = DIRECTION ( 'NONE',  ( 3.299999999999999882E-16, 1.000000000000000000, -5.600000000000000277E-16 ) ) ;
#1991 = EDGE_LOOP ( 'NONE', ( #2109, #3523, #1763, #2330 ) ) ;
#1992 = CARTESIAN_POINT ( 'NONE',  ( 5.800000000000005151, 2.999999999999995115, -2.900000000000000355 ) ) ;
#1993 = CYLINDRICAL_SURFACE ( 'NONE', #228, 4.000000000000000000 ) ;
#1994 = CARTESIAN_POINT ( 'NONE',  ( 5.999999999999997335, 0.1999999999999980405, 3.000000000000001776 ) ) ;
#1995 = DIRECTION ( 'NONE',  ( 0.000000000000000000, 0.000000000000000000, 1.000000000000000000 ) ) ;
#1996 = EDGE_LOOP ( 'NONE', ( #2908, #3110, #1488, #2333 ) ) ;
#1997 = ADVANCED_FACE ( 'NONE', ( #896 ), #1993, .F. ) ;
#1998 = CARTESIAN_POINT ( 'NONE',  ( -5.199999999999999289, 2.999999999999998668, -2.600000000000006306 ) ) ;
#1999 = CARTESIAN_POINT ( 'NONE',  ( 1.000000000000000078E-15, 3.000000000000000000, -1.669999999999999921E-15 ) ) ;
#2000 = CARTESIAN_POINT ( 'NONE',  ( 6.700000000000000402E-16, 2.000000000000000000, -1.110000000000000090E-15 ) ) ;
#2001 = CARTESIAN_POINT ( 'NONE',  ( 5.800000000000005151, 2.999999999999995115, -2.900000000000000355 ) ) ;
#2002 = DIRECTION ( 'NONE',  ( 0.000000000000000000, -5.600000000000000277E-16, -1.000000000000000000 ) ) ;
#2003 = CARTESIAN_POINT ( 'NONE',  ( 2.948141306610378265E-15, 2.800000039801995300, -4.000000000000003553 ) ) ;
#2004 = DIRECTION ( 'NONE',  ( -6.200000000000000166E-16, 6.195440985631454331E-16, 1.000000000000000000 ) ) ;
#2005 = EDGE_CURVE ( 'NONE', #1504, #617, #335, .T. ) ;
#2006 = VERTEX_POINT ( 'NONE', #1222 ) ;
#2007 = FACE_BOUND ( 'NONE', #2825, .T. ) ;
#2008 = CARTESIAN_POINT ( 'NONE',  ( 6.000000000000000888, 0.1999999999999946543, -2.999999999999997780 ) ) ;
#2009 = VECTOR ( 'NONE', #1481, 1000.000000000000000 ) ;
#2010 = ORIENTED_EDGE ( 'NONE', *, *, #3510, .F. ) ;
#2011 = CARTESIAN_POINT ( 'NONE',  ( -1.561112698372203613E-15, 2.958578643762688642, 4.000000000000000000 ) ) ;
#2012 = AXIS2_PLACEMENT_3D ( 'NONE', #2995, #1318, #3221 ) ;
#2013 =( BOUNDED_SURFACE ( )  B_SPLINE_SURFACE ( 3, 3, ( 
 ( #1141, #1087, #2209, #1980 ),
 ( #571, #2517, #3076, #106 ),
 ( #1217, #1511, #124, #1255 ),
 ( #2849, #2050, #2572, #3183 ) ),
 .UNSPECIFIED., .F., .F., .T. ) 
 B_SPLINE_SURFACE_WITH_KNOTS ( ( 4, 4 ),
 ( 4, 4 ),
 ( 0.000000000000000000, 1.000000000000000000 ),
 ( 0.000000000000000000, 1.000000000000000000 ),
 .UNSPECIFIED. ) 
 GEOMETRIC_REPRESENTATION_ITEM ( )  RATIONAL_B_SPLINE_SURFACE ( (
 ( 1.000000000000000000, 0.3333333333333334259, 0.3333333333333334259, 1.000000000000000000),
 ( 0.8047378541243649375, 0.2682459513747884050, 0.2682459513747884050, 0.8047378541243649375),
 ( 0.8047378541243649375, 0.2682459513747884050, 0.2682459513747884050, 0.8047378541243649375),
 ( 1.000000000000000000, 0.3333333333333334259, 0.3333333333333334259, 1.000000000000000000) ) ) 
 REPRESENTATION_ITEM ( '' )  SURFACE ( )  );
#2014 = CARTESIAN_POINT ( 'NONE',  ( -2.210000000000000018E-15, 0.1000000000000022399, 4.000000000000000000 ) ) ;
#2015 = VECTOR ( 'NONE', #1296, 1000.000000000000114 ) ;
#2016 = COLOUR_RGB ( '',0.7921568627450980005, 0.8196078431372548767, 0.9333333333333333481 ) ;
#2017 = CARTESIAN_POINT ( 'NONE',  ( 1.000000000000000078E-15, 3.000000000000000000, -1.669999999999999921E-15 ) ) ;
#2018 = DIRECTION ( 'NONE',  ( 3.299999999999999882E-16, 1.000000000000000000, -5.600000000000000277E-16 ) ) ;
#2019 = CARTESIAN_POINT ( 'NONE',  ( 1.344605960255792989E-15, 0.09999999999999664713, -3.000000000000000000 ) ) ;
#2020 = AXIS2_PLACEMENT_3D ( 'NONE', #2846, #2031, #3128 ) ;
#2021 = AXIS2_PLACEMENT_3D ( 'NONE', #2861, #381, #1467 ) ;
#2022 = DIRECTION ( 'NONE',  ( -6.299999999999999819E-16, 5.913830031739114557E-16, 1.000000000000000000 ) ) ;
#2023 = CARTESIAN_POINT ( 'NONE',  ( -1.077999999999999176E-15, 2.900000000000001688, 3.099999999999998312 ) ) ;
#2024 = CARTESIAN_POINT ( 'NONE',  ( 1.374605960255793674E-15, 0.1999999999999966527, -3.000000000000000444 ) ) ;
#2025 = EDGE_CURVE ( 'NONE', #1491, #1528, #21, .T. ) ;
#2026 = EDGE_CURVE ( 'NONE', #2700, #1491, #2714, .T. ) ;
#2027 = DIRECTION ( 'NONE',  ( 3.299999999999999882E-16, 1.000000000000000000, -5.600000000000000277E-16 ) ) ;
#2028 = ORIENTED_EDGE ( 'NONE', *, *, #3039, .F. ) ;
#2029 = DIRECTION ( 'NONE',  ( 3.299999999999999882E-16, 1.000000000000000000, -5.600000000000000277E-16 ) ) ;
#2030 = EDGE_CURVE ( 'NONE', #2753, #3541, #2372, .T. ) ;
#2031 = DIRECTION ( 'NONE',  ( -3.299999999999999882E-16, -1.000000000000000000, 5.600000000000000277E-16 ) ) ;
#2032 = ORIENTED_EDGE ( 'NONE', *, *, #3024, .F. ) ;
#2033 = CARTESIAN_POINT ( 'NONE',  ( 3.101091059616308976E-15, 0.09999999999999747979, -4.500000000000000000 ) ) ;
#2034 = CARTESIAN_POINT ( 'NONE',  ( -8.917157287525380838, 2.999999999999998668, -4.458578643762700189 ) ) ;
#2035 = ORIENTED_EDGE ( 'NONE', *, *, #2452, .F. ) ;
#2036 = CARTESIAN_POINT ( 'NONE',  ( 0.000000000000000000, -5.799999999999999583E-16, 0.000000000000000000 ) ) ;
#2037 = CARTESIAN_POINT ( 'NONE',  ( 1.300729194251528658E-15, -2.264000000000000501E-15, -2.899999999999999911 ) ) ;
#2038 =( BOUNDED_CURVE ( )  B_SPLINE_CURVE ( 3, ( #216, #1612, #2713, #236 ),
 .UNSPECIFIED., .F., .F. ) 
 B_SPLINE_CURVE_WITH_KNOTS ( ( 4, 4 ),
 ( 0.000000000000000000, 1.000000000000000000 ),
 .UNSPECIFIED. ) 
 CURVE ( )  GEOMETRIC_REPRESENTATION_ITEM ( )  RATIONAL_B_SPLINE_CURVE ( ( 1.000000000000000000, 0.8047378541243649375, 0.8047378541243649375, 1.000000000000000000 ) ) 
 REPRESENTATION_ITEM ( '' )  );
#2039 = DIRECTION ( 'NONE',  ( 3.299999999999999882E-16, 1.000000000000000000, -5.600000000000000277E-16 ) ) ;
#2040 = CARTESIAN_POINT ( 'NONE',  ( -1.590000000000002171E-15, 2.800000039801999741, 4.000000000000000000 ) ) ;
#2041 = ADVANCED_FACE ( 'NONE', ( #664 ), #378, .F. ) ;
#2042 = DIRECTION ( 'NONE',  ( 3.299999999999999882E-16, 1.000000000000000000, -5.600000000000000277E-16 ) ) ;
#2043 = CARTESIAN_POINT ( 'NONE',  ( 9.300000000000001235E-16, 2.799999999999999822, -1.549999999999999943E-15 ) ) ;
#2044 = EDGE_LOOP ( 'NONE', ( #1426, #2580 ) ) ;
#2045 = CARTESIAN_POINT ( 'NONE',  ( -8.917157287525382614, 2.956625616626055796E-15, 4.458578643762686866 ) ) ;
#2046 = ADVANCED_BREP_SHAPE_REPRESENTATION ( '', ( #613, #2386 ), #1969 ) ;
#2047 = CARTESIAN_POINT ( 'NONE',  ( 7.917157287525376397, 0.09999999999999295563, -3.958578643762685534 ) ) ;
#2048 = CARTESIAN_POINT ( 'NONE',  ( -5.000000000000007994, 0.04142135623731110772, 2.500000000000000444 ) ) ;
#2049 = ORIENTED_EDGE ( 'NONE', *, *, #2977, .F. ) ;
#2050 = CARTESIAN_POINT ( 'NONE',  ( 9.000000000000003553, 2.899999999999991473, -4.499999999999999112 ) ) ;
#2051 = CARTESIAN_POINT ( 'NONE',  ( -8.917157287525387943, 3.000000000000003553, 4.458578643762686866 ) ) ;
#2052 = ORIENTED_EDGE ( 'NONE', *, *, #1556, .T. ) ;
#2053 = DIRECTION ( 'NONE',  ( 3.299999999999999882E-16, 1.000000000000000000, -5.600000000000000277E-16 ) ) ;
#2054 = CARTESIAN_POINT ( 'NONE',  ( -2.220000000000000180E-15, -5.000000000000000000, 5.549999999999999859E-15 ) ) ;
#2055 = LINE ( 'NONE', #682, #1041 ) ;
#2056 = DIRECTION ( 'NONE',  ( -5.600000000000000277E-16, 5.594761210582250344E-16, 1.000000000000000000 ) ) ;
#2057 = CARTESIAN_POINT ( 'NONE',  ( 2.967079631873376379E-15, 2.899999999999997691, -3.900000000000001688 ) ) ;
#2058 = CARTESIAN_POINT ( 'NONE',  ( -1.649999999999999990E-15, 0.1000000000000016848, 3.000000000000000000 ) ) ;
#2059 = ORIENTED_EDGE ( 'NONE', *, *, #3322, .F. ) ;
#2060 = CARTESIAN_POINT ( 'NONE',  ( -2.220000000000000180E-15, -5.000000000000000000, 5.549999999999999859E-15 ) ) ;
#2061 = CARTESIAN_POINT ( 'NONE',  ( 7.999999999999996447, 0.1414213562373070887, 4.000000000000002665 ) ) ;
#2062 = CARTESIAN_POINT ( 'NONE',  ( 1.123838300213160912E-15, 0.09999999999999720224, -2.500000000000000000 ) ) ;
#2063 = APPLICATION_PROTOCOL_DEFINITION ( 'draft international standard', 'automotive_design', 1998, #2357 ) ;
#2064 = ORIENTED_EDGE ( 'NONE', *, *, #2466, .F. ) ;
#2065 = CARTESIAN_POINT ( 'NONE',  ( -1.669195959492891736E-15, 0.1000000000000000194, 3.041421356237311358 ) ) ;
#2066 = CARTESIAN_POINT ( 'NONE',  ( -1.525999999999999947E-15, 2.900000000000002132, 3.899999999999998135 ) ) ;
#2067 = EDGE_LOOP ( 'NONE', ( #3179, #1748, #592, #1562 ) ) ;
#2068 = DIRECTION ( 'NONE',  ( 3.299999999999999882E-16, 1.000000000000000000, -5.600000000000000277E-16 ) ) ;
#2069 = AXIS2_PLACEMENT_3D ( 'NONE', #2805, #1984, #594 ) ;
#2070 = CARTESIAN_POINT ( 'NONE',  ( 2.550380563511376219E-15, 2.858578643762686777, -3.000000000000003997 ) ) ;
#2071 = CARTESIAN_POINT ( 'NONE',  ( 5.999999999999997335, 0.09999999999999803491, 3.000000000000001776 ) ) ;
#2072 = EDGE_CURVE ( 'NONE', #2295, #1647, #2657, .T. ) ;
#2073 = DIRECTION ( 'NONE',  ( 3.299999999999999882E-16, 1.000000000000000000, -5.600000000000000277E-16 ) ) ;
#2074 = AXIS2_PLACEMENT_3D ( 'NONE', #1176, #3357, #2618 ) ;
#2075 = CLOSED_SHELL ( 'NONE', ( #264, #60, #2166, #767, #897, #308, #1713, #2508, #2385, #2928, #3412, #528, #3463, #429, #3333, #454, #3399, #200, #2108, #731, #2601, #2563, #1336, #895, #1410, #1080, #2347, #1001, #616, #1094, #3375, #165, #3422, #2655, #2920, #1243, #1766, #1877, #2323, #3353, #3205, #1230 ) ) ;
#2076 = DIRECTION ( 'NONE',  ( -5.600000000000000277E-16, 5.594761210582250344E-16, 1.000000000000000000 ) ) ;
#2077 = PRODUCT_RELATED_PRODUCT_CATEGORY ( 'part', '', ( #1959 ) ) ;
#2078 = AXIS2_PLACEMENT_3D ( 'NONE', #3166, #1802, #785 ) ;
#2079 = AXIS2_PLACEMENT_3D ( 'NONE', #1449, #1709, #2270 ) ;
#2080 = DIRECTION ( 'NONE',  ( 3.299999999999999882E-16, 1.000000000000000000, -5.600000000000000277E-16 ) ) ;
#2081 =( BOUNDED_SURFACE ( )  B_SPLINE_SURFACE ( 3, 3, ( 
 ( #705, #2377, #2645, #3456 ),
 ( #3405, #1244, #133, #3138 ),
 ( #2874, #3438, #161, #1224 ),
 ( #3176, #375, #1205, #2339 ) ),
 .UNSPECIFIED., .F., .F., .F. ) 
 B_SPLINE_SURFACE_WITH_KNOTS ( ( 4, 4 ),
 ( 4, 4 ),
 ( 0.000000000000000000, 1.000000000000000000 ),
 ( 0.000000000000000000, 1.000000000000000000 ),
 .UNSPECIFIED. ) 
 GEOMETRIC_REPRESENTATION_ITEM ( )  RATIONAL_B_SPLINE_SURFACE ( (
 ( 1.000000000000000000, 0.3333333333333334259, 0.3333333333333334259, 1.000000000000000000),
 ( 0.8047378541243649375, 0.2682459513747884050, 0.2682459513747884050, 0.8047378541243649375),
 ( 0.8047378541243649375, 0.2682459513747884050, 0.2682459513747884050, 0.8047378541243649375),
 ( 1.000000000000000000, 0.3333333333333334259, 0.3333333333333334259, 1.000000000000000000) ) ) 
 REPRESENTATION_ITEM ( '' )  SURFACE ( )  );
#2082 = CIRCLE ( 'NONE', #632, 4.000000000000000000 ) ;
#2083 = ORIENTED_EDGE ( 'NONE', *, *, #2760, .F. ) ;
#2084 = CARTESIAN_POINT ( 'NONE',  ( 6.000000000000003553, 2.799999999999994493, -3.000000000000000000 ) ) ;
#2085 = EDGE_CURVE ( 'NONE', #2921, #489, #3153, .T. ) ;
#2086 = CIRCLE ( 'NONE', #2561, 4.100000000000000533 ) ;
#2087 = CARTESIAN_POINT ( 'NONE',  ( -8.000000000000003553, 2.958578643762691307, 3.999999999999995115 ) ) ;
#2088 = ORIENTED_EDGE ( 'NONE', *, *, #2292, .T. ) ;
#2089 = CARTESIAN_POINT ( 'NONE',  ( -2.194000000000000152E-15, 0.1000000000000000056, 4.000000000000000000 ) ) ;
#2090 = CARTESIAN_POINT ( 'NONE',  ( 3.238705754055267377E-15, 2.999999999999994671, -4.458578643762694860 ) ) ;
#2091 = PRODUCT_DEFINITION_CONTEXT ( 'detailed design', #1668, 'design' ) ;
#2092 =( BOUNDED_SURFACE ( )  B_SPLINE_SURFACE ( 3, 3, ( 
 ( #393, #3120, #1740, #79 ),
 ( #2338, #3421, #889, #1479 ),
 ( #356, #627, #3404, #1460 ),
 ( #2324, #3080, #3137, #1223 ) ),
 .UNSPECIFIED., .F., .F., .F. ) 
 B_SPLINE_SURFACE_WITH_KNOTS ( ( 4, 4 ),
 ( 4, 4 ),
 ( 0.000000000000000000, 1.000000000000000000 ),
 ( 0.000000000000000000, 1.000000000000000000 ),
 .UNSPECIFIED. ) 
 GEOMETRIC_REPRESENTATION_ITEM ( )  RATIONAL_B_SPLINE_SURFACE ( (
 ( 1.000000000000000000, 0.3333333333333334259, 0.3333333333333334259, 1.000000000000000000),
 ( 0.8047378541243649375, 0.2682459513747884050, 0.2682459513747884050, 0.8047378541243649375),
 ( 0.8047378541243649375, 0.2682459513747884050, 0.2682459513747884050, 0.8047378541243649375),
 ( 1.000000000000000000, 0.3333333333333334259, 0.3333333333333334259, 1.000000000000000000) ) ) 
 REPRESENTATION_ITEM ( '' )  SURFACE ( )  );
#2093 = ORIENTED_EDGE ( 'NONE', *, *, #1538, .F. ) ;
#2094 = CARTESIAN_POINT ( 'NONE',  ( 0.000000000000000000, -9.099999999999999958E-16, 0.000000000000000000 ) ) ;
#2095 = EDGE_CURVE ( 'NONE', #2150, #855, #3218, .T. ) ;
#2096 = DIRECTION ( 'NONE',  ( -5.600000000000000277E-16, 5.590417451878382238E-16, 1.000000000000000000 ) ) ;
#2097 = CARTESIAN_POINT ( 'NONE',  ( 2.967079631873376379E-15, 2.899999999999997691, -3.900000000000001688 ) ) ;
#2098 = DIRECTION ( 'NONE',  ( 1.083616167096520469E-15, 0.7071067811868640973, -0.7071067811862310482 ) ) ;
#2099 = LINE ( 'NONE', #979, #3278 ) ;
#2100 = EDGE_CURVE ( 'NONE', #219, #795, #3274, .T. ) ;
#2101 = CARTESIAN_POINT ( 'NONE',  ( 3.000000000000000061E-17, 0.1000000000000000056, -6.000000000000000121E-17 ) ) ;
#2102 = CARTESIAN_POINT ( 'NONE',  ( 3.000000000000000061E-17, 0.1000000000000000056, -6.000000000000000121E-17 ) ) ;
#2103 = ORIENTED_EDGE ( 'NONE', *, *, #1603, .T. ) ;
#2104 = ADVANCED_FACE ( 'NONE', ( #3453 ), #750, .F. ) ;
#2105 = CYLINDRICAL_SURFACE ( 'NONE', #526, 2.500000000000000000 ) ;
#2106 = ORIENTED_EDGE ( 'NONE', *, *, #973, .F. ) ;
#2107 = CARTESIAN_POINT ( 'NONE',  ( -8.917157287525380838, -2.036982464388161226E-15, -4.458578643762695748 ) ) ;
#2108 = ADVANCED_FACE ( 'NONE', ( #430 ), #1837, .T. ) ;
#2109 = ORIENTED_EDGE ( 'NONE', *, *, #3070, .F. ) ;
#2110 = CARTESIAN_POINT ( 'NONE',  ( 1.744264586700715116E-15, -4.540355630728474669E-15, -4.041421356237312246 ) ) ;
#2111 = DIRECTION ( 'NONE',  ( 0.000000000000000000, -5.600000000000000277E-16, -1.000000000000000000 ) ) ;
#2112 =( BOUNDED_CURVE ( )  B_SPLINE_CURVE ( 3, ( #2644, #2628, #3540, #413 ),
 .UNSPECIFIED., .F., .F. ) 
 B_SPLINE_CURVE_WITH_KNOTS ( ( 4, 4 ),
 ( 0.000000000000000000, 1.000000000000000000 ),
 .UNSPECIFIED. ) 
 CURVE ( )  GEOMETRIC_REPRESENTATION_ITEM ( )  RATIONAL_B_SPLINE_CURVE ( ( 1.000000000000000000, 0.8047378541243649375, 0.8047378541243649375, 1.000000000000000000 ) ) 
 REPRESENTATION_ITEM ( '' )  );
#2113 = CARTESIAN_POINT ( 'NONE',  ( -2.220000000000000180E-15, -5.000000000000000000, 5.549999999999999859E-15 ) ) ;
#2114 =( BOUNDED_SURFACE ( )  B_SPLINE_SURFACE ( 3, 3, ( 
 ( #2477, #1108, #842, #3360 ),
 ( #605, #2802, #316, #1945 ),
 ( #2786, #3045, #900, #1716 ),
 ( #1424, #52, #1998, #3092 ) ),
 .UNSPECIFIED., .F., .F., .T. ) 
 B_SPLINE_SURFACE_WITH_KNOTS ( ( 4, 4 ),
 ( 4, 4 ),
 ( 0.000000000000000000, 1.000000000000000000 ),
 ( 0.000000000000000000, 1.000000000000000000 ),
 .UNSPECIFIED. ) 
 GEOMETRIC_REPRESENTATION_ITEM ( )  RATIONAL_B_SPLINE_SURFACE ( (
 ( 1.000000000000000000, 0.3333333333333334259, 0.3333333333333334259, 1.000000000000000000),
 ( 0.8047378541243649375, 0.2682459513747884050, 0.2682459513747884050, 0.8047378541243649375),
 ( 0.8047378541243649375, 0.2682459513747884050, 0.2682459513747884050, 0.8047378541243649375),
 ( 1.000000000000000000, 0.3333333333333334259, 0.3333333333333334259, 1.000000000000000000) ) ) 
 REPRESENTATION_ITEM ( '' )  SURFACE ( )  );
#2115 = CARTESIAN_POINT ( 'NONE',  ( 1.792366677085472705E-15, 0.1414213562373052291, -4.000000000000000000 ) ) ;
#2116 = DIRECTION ( 'NONE',  ( -5.600000000000000277E-16, 5.601711224508439904E-16, 1.000000000000000000 ) ) ;
#2117 = EDGE_CURVE ( 'NONE', #2272, #1504, #1113, .T. ) ;
#2118 = DIRECTION ( 'NONE',  ( -7.399999999999999944E-16, 5.940833821838380231E-16, 1.000000000000000000 ) ) ;
#2119 = EDGE_CURVE ( 'NONE', #686, #634, #1732, .T. ) ;
#2120 = ORIENTED_EDGE ( 'NONE', *, *, #690, .F. ) ;
#2121 = CARTESIAN_POINT ( 'NONE',  ( -7.299999999999999305E-16, 2.900000000000001243, 2.499999999999998224 ) ) ;
#2122 = CARTESIAN_POINT ( 'NONE',  ( 1.373892825597653456E-15, 0.09999999999999653610, -3.100000000000000089 ) ) ;
#2123 = CARTESIAN_POINT ( 'NONE',  ( 3.000000000000000061E-17, 0.1000000000000000056, -6.000000000000000121E-17 ) ) ;
#2124 = EDGE_LOOP ( 'NONE', ( #3359, #825, #2624, #652 ) ) ;
#2125 = CARTESIAN_POINT ( 'NONE',  ( 3.244785634024033528E-15, 2.999999999999995559, -4.458578643762694860 ) ) ;
#2126 = CARTESIAN_POINT ( 'NONE',  ( 2.566105960255793412E-15, 2.899999999999998135, -3.000000000000001776 ) ) ;
#2127 = EDGE_CURVE ( 'NONE', #1191, #3012, #746, .T. ) ;
#2128 = EDGE_LOOP ( 'NONE', ( #3055, #3309 ) ) ;
#2129 = CARTESIAN_POINT ( 'NONE',  ( 2.566105960255792623E-15, 2.799999999999998046, -3.000000000000001776 ) ) ;
#2130 = ADVANCED_FACE ( 'NONE', ( #484 ), #3306, .F. ) ;
#2131 = CONICAL_SURFACE ( 'NONE', #1676, 7.500000000000000000, 0.7853981633970000820 ) ;
#2132 = PRODUCT ( 'GT2_Idler_20S.step', 'GT2_Idler_20S.step', '', ( #657 ) ) ;
#2133 = CARTESIAN_POINT ( 'NONE',  ( -2.182887301627792735E-15, 0.1414213562373097255, 4.000000000000000000 ) ) ;
#2134 = AXIS2_PLACEMENT_3D ( 'NONE', #2862, #2029, #1228 ) ;
#2135 = CIRCLE ( 'NONE', #398, 3.899999999999999911 ) ;
#2136 =( BOUNDED_SURFACE ( )  B_SPLINE_SURFACE ( 3, 3, ( 
 ( #3297, #831, #1932, #1670 ),
 ( #1400, #2247, #1968, #1442 ),
 ( #2559, #1167, #2284, #3364 ),
 ( #903, #3097, #2642, #2892 ) ),
 .UNSPECIFIED., .F., .F., .F. ) 
 B_SPLINE_SURFACE_WITH_KNOTS ( ( 4, 4 ),
 ( 4, 4 ),
 ( 0.000000000000000000, 1.000000000000000000 ),
 ( 0.000000000000000000, 1.000000000000000000 ),
 .UNSPECIFIED. ) 
 GEOMETRIC_REPRESENTATION_ITEM ( )  RATIONAL_B_SPLINE_SURFACE ( (
 ( 1.000000000000000000, 0.3333333333333334259, 0.3333333333333334259, 1.000000000000000000),
 ( 0.8047378541243649375, 0.2682459513747884050, 0.2682459513747884050, 0.8047378541243649375),
 ( 0.8047378541243649375, 0.2682459513747884050, 0.2682459513747884050, 0.8047378541243649375),
 ( 1.000000000000000000, 0.3333333333333334259, 0.3333333333333334259, 1.000000000000000000) ) ) 
 REPRESENTATION_ITEM ( '' )  SURFACE ( )  );
#2137 = CARTESIAN_POINT ( 'NONE',  ( -1.549999999999999943E-15, -3.500000000000000000, 3.889999999999999707E-15 ) ) ;
#2138 = ORIENTED_EDGE ( 'NONE', *, *, #2072, .F. ) ;
#2139 = CIRCLE ( 'NONE', #2078, 4.400000000000000355 ) ;
#2140 = CARTESIAN_POINT ( 'NONE',  ( 1.344605960255792989E-15, 0.09999999999999664713, -3.000000000000000000 ) ) ;
#2141 = VECTOR ( 'NONE', #932, 1000.000000000000000 ) ;
#2142 = EDGE_CURVE ( 'NONE', #1830, #2295, #1011, .T. ) ;
#2143 = CARTESIAN_POINT ( 'NONE',  ( 2.998141280341051793E-15, 2.899999999999995470, -4.000000000000003553 ) ) ;
#2144 = AXIS2_PLACEMENT_3D ( 'NONE', #1798, #420, #152 ) ;
#2145 = VERTEX_POINT ( 'NONE', #1890 ) ;
#2146 = VECTOR ( 'NONE', #1149, 1000.000000000000000 ) ;
#2147 = CARTESIAN_POINT ( 'NONE',  ( -1.622887301627793299E-15, 0.1414213562373097255, 3.000000000000000888 ) ) ;
#2148 = ADVANCED_FACE ( 'NONE', ( #1025, #2696 ), #1040, .F. ) ;
#2149 = CARTESIAN_POINT ( 'NONE',  ( -2.488887301627791397E-15, 0.04142135623730951871, 4.500000000000002665 ) ) ;
#2150 = VERTEX_POINT ( 'NONE', #3505 ) ;
#2151 = CARTESIAN_POINT ( 'NONE',  ( -2.474804040507104604E-15, 1.396371174268236363E-17, 4.458578643762691307 ) ) ;
#2152 = DIRECTION ( 'NONE',  ( 3.299999999999999882E-16, 1.000000000000000000, -5.600000000000000277E-16 ) ) ;
#2153 = ORIENTED_EDGE ( 'NONE', *, *, #2316, .F. ) ;
#2154 = CARTESIAN_POINT ( 'NONE',  ( -9.000000000000003553, 2.900000000000003020, 4.499999999999993783 ) ) ;
#2155 = ORIENTED_EDGE ( 'NONE', *, *, #1266, .F. ) ;
#2156 = DIRECTION ( 'NONE',  ( -4.400000000000000007E-16, -1.000000000000000000, 1.110000000000000090E-15 ) ) ;
#2157 = CARTESIAN_POINT ( 'NONE',  ( -1.267789624699170562E-15, 0.000000000000000000, 4.100000000000000533 ) ) ;
#2158 = PLANE ( 'NONE',  #2894 ) ;
#2159 = ORIENTED_EDGE ( 'NONE', *, *, #1446, .F. ) ;
#2160 = CARTESIAN_POINT ( 'NONE',  ( -1.214282560682117389E-15, 0.1000000000000000056, 4.000000000000000000 ) ) ;
#2161 =( BOUNDED_SURFACE ( )  B_SPLINE_SURFACE ( 3, 3, ( 
 ( #688, #1505, #3196, #2617 ),
 ( #166, #1828, #475, #3211 ),
 ( #1796, #2045, #1004, #449 ),
 ( #2632, #418, #741, #436 ) ),
 .UNSPECIFIED., .F., .F., .F. ) 
 B_SPLINE_SURFACE_WITH_KNOTS ( ( 4, 4 ),
 ( 4, 4 ),
 ( 0.000000000000000000, 1.000000000000000000 ),
 ( 0.000000000000000000, 1.000000000000000000 ),
 .UNSPECIFIED. ) 
 GEOMETRIC_REPRESENTATION_ITEM ( )  RATIONAL_B_SPLINE_SURFACE ( (
 ( 1.000000000000000000, 0.3333333333333334259, 0.3333333333333334259, 1.000000000000000000),
 ( 0.8047378541243649375, 0.2682459513747884050, 0.2682459513747884050, 0.8047378541243649375),
 ( 0.8047378541243649375, 0.2682459513747884050, 0.2682459513747884050, 0.8047378541243649375),
 ( 1.000000000000000000, 0.3333333333333334259, 0.3333333333333334259, 1.000000000000000000) ) ) 
 REPRESENTATION_ITEM ( '' )  SURFACE ( )  );
#2162 = CARTESIAN_POINT ( 'NONE',  ( 2.598482653896136174E-15, 2.999999999999996447, -2.958578643762691751 ) ) ;
#2163 = ORIENTED_EDGE ( 'NONE', *, *, #1756, .T. ) ;
#2164 = DIRECTION ( 'NONE',  ( 3.299999999999999882E-16, 1.000000000000000000, -5.600000000000000277E-16 ) ) ;
#2165 = CARTESIAN_POINT ( 'NONE',  ( 6.000000000000000888, 0.1414213562373043964, -2.999999999999998224 ) ) ;
#2166 = ADVANCED_FACE ( 'NONE', ( #2946 ), #263, .F. ) ;
#2167 = EDGE_CURVE ( 'NONE', #3534, #202, #1386, .T. ) ;
#2168 = ORIENTED_EDGE ( 'NONE', *, *, #1473, .T. ) ;
#2169 = CARTESIAN_POINT ( 'NONE',  ( -1.575195959492892181E-15, 3.000000000000000888, 4.041421356237311358 ) ) ;
#2170 = CARTESIAN_POINT ( 'NONE',  ( -2.090000000000000040E-15, -4.799999999999999822, 3.770000000000000123E-15 ) ) ;
#2171 = DIRECTION ( 'NONE',  ( 3.299999999999999882E-16, 1.000000000000000000, -5.600000000000000277E-16 ) ) ;
#2172 = APPLICATION_CONTEXT ( 'automotive_design' ) ;
#2173 = DIRECTION ( 'NONE',  ( -3.299999999999999882E-16, -1.000000000000000000, 5.600000000000000277E-16 ) ) ;
#2174 = FACE_OUTER_BOUND ( 'NONE', #157, .T. ) ;
#2175 = DIRECTION ( 'NONE',  ( 3.299999999999999882E-16, 1.000000000000000000, -5.600000000000000277E-16 ) ) ;
#2176 = ORIENTED_EDGE ( 'NONE', *, *, #1663, .F. ) ;
#2177 = CARTESIAN_POINT ( 'NONE',  ( 6.700000000000000402E-16, 2.000000000000000000, -1.110000000000000090E-15 ) ) ;
#2178 = EDGE_CURVE ( 'NONE', #2453, #1165, #3338, .T. ) ;
#2179 = CARTESIAN_POINT ( 'NONE',  ( -5.853332139085363908E-16, 3.000000000000000888, 4.041421356237311358 ) ) ;
#2180 = ORIENTED_EDGE ( 'NONE', *, *, #1985, .T. ) ;
#2181 = CARTESIAN_POINT ( 'NONE',  ( 3.563091059616307412E-15, 0.09999999999999747979, -4.500000000000000000 ) ) ;
#2182 = FACE_OUTER_BOUND ( 'NONE', #85, .T. ) ;
#2183 = DIRECTION ( 'NONE',  ( 3.299999999999999882E-16, 1.000000000000000000, -5.600000000000000277E-16 ) ) ;
#2184 = VERTEX_POINT ( 'NONE', #282 ) ;
#2185 = SURFACE_STYLE_FILL_AREA ( #804 ) ;
#2186 = CARTESIAN_POINT ( 'NONE',  ( 9.699999999999999847E-16, 2.899999999999999911, -1.609999999999999932E-15 ) ) ;
#2187 = EDGE_LOOP ( 'NONE', ( #1103, #1583, #80, #1077 ) ) ;
#2188 = CARTESIAN_POINT ( 'NONE',  ( 3.238705754055267377E-15, 2.999999999999994671, -4.458578643762694860 ) ) ;
#2189 = DIRECTION ( 'NONE',  ( -3.299999999999999882E-16, -1.000000000000000000, 5.600000000000000277E-16 ) ) ;
#2190 = CARTESIAN_POINT ( 'NONE',  ( 1.744264586700714722E-15, -4.540355630728472303E-15, -4.041421356237312246 ) ) ;
#2191 = EDGE_CURVE ( 'NONE', #2150, #2515, #18, .T. ) ;
#2192 = CYLINDRICAL_SURFACE ( 'NONE', #2207, 4.000000000000000000 ) ;
#2193 = AXIS2_PLACEMENT_3D ( 'NONE', #465, #2152, #195 ) ;
#2194 = VERTEX_POINT ( 'NONE', #3047 ) ;
#2195 = CARTESIAN_POINT ( 'NONE',  ( -5.917157287525375509, 1.966625616626053908E-15, 2.958578643762685090 ) ) ;
#2196 = CIRCLE ( 'NONE', #1203, 7.299999999999999822 ) ;
#2197 = PRODUCT_DEFINITION_SHAPE ( 'NONE', 'NONE',  #3563 ) ;
#2198 = CARTESIAN_POINT ( 'NONE',  ( 3.023915883596634978E-15, 2.958578643762684202, -4.000000000000003553 ) ) ;
#2199 = CIRCLE ( 'NONE', #3277, 2.899999999999999911 ) ;
#2200 = AXIS2_PLACEMENT_3D ( 'NONE', #2334, #940, #3435 ) ;
#2201 = EDGE_LOOP ( 'NONE', ( #2360, #1395, #1827, #2668 ) ) ;
#2202 = CARTESIAN_POINT ( 'NONE',  ( -1.009999999999999846E-15, 2.900000000000001688, 2.999999999999998224 ) ) ;
#2203 = CIRCLE ( 'NONE', #2265, 3.000000000000000000 ) ;
#2204 = CARTESIAN_POINT ( 'NONE',  ( -6.000000000000000888, 0.04142135623731151711, 2.999999999999996447 ) ) ;
#2205 = EDGE_CURVE ( 'NONE', #2145, #1461, #1900, .T. ) ;
#2206 = ORIENTED_EDGE ( 'NONE', *, *, #3172, .T. ) ;
#2207 = AXIS2_PLACEMENT_3D ( 'NONE', #1652, #256, #582 ) ;
#2208 = DIRECTION ( 'NONE',  ( 3.299999999999999882E-16, 1.000000000000000000, -5.600000000000000277E-16 ) ) ;
#2209 = CARTESIAN_POINT ( 'NONE',  ( 8.800000000000002487, 2.999999999999997335, 4.400000000000003908 ) ) ;
#2210 = DIRECTION ( 'NONE',  ( -3.299999999999999882E-16, -1.000000000000000000, 5.600000000000000277E-16 ) ) ;
#2211 = PRODUCT_DEFINITION_FORMATION_WITH_SPECIFIED_SOURCE ( 'ANY', '', #775, .NOT_KNOWN. ) ;
#2212 = CARTESIAN_POINT ( 'NONE',  ( 2.582380563511377133E-15, 2.958578643762684202, -3.000000000000003997 ) ) ;
#2213 = CARTESIAN_POINT ( 'NONE',  ( -1.549999999999999943E-15, -3.500000000000000000, 2.720000000000000022E-15 ) ) ;
#2214 = CARTESIAN_POINT ( 'NONE',  ( -6.082842712474625380, 2.900000000000003464, 3.041421356237307805 ) ) ;
#2215 = EDGE_CURVE ( 'NONE', #878, #1579, #522, .T. ) ;
#2216 = EDGE_CURVE ( 'NONE', #2006, #1816, #1086, .T. ) ;
#2217 = ORIENTED_EDGE ( 'NONE', *, *, #3194, .T. ) ;
#2218 = DIRECTION ( 'NONE',  ( -7.300000000000002263E-16, 6.195440985631454331E-16, 1.000000000000000000 ) ) ;
#2219 = DIRECTION ( 'NONE',  ( -6.400000000000000458E-16, 5.421010862427522170E-16, 1.000000000000000000 ) ) ;
#2220 = ORIENTED_EDGE ( 'NONE', *, *, #1718, .T. ) ;
#2221 = CARTESIAN_POINT ( 'NONE',  ( 2.524605960255792639E-15, 2.799999999999996714, -3.000000000000003109 ) ) ;
#2222 = FACE_BOUND ( 'NONE', #829, .T. ) ;
#2223 = CARTESIAN_POINT ( 'NONE',  ( 0.000000000000000000, 0.000000000000000000, 0.000000000000000000 ) ) ;
#2224 = EDGE_CURVE ( 'NONE', #3460, #1368, #476, .T. ) ;
#2225 = ORIENTED_EDGE ( 'NONE', *, *, #2286, .F. ) ;
#2226 = CARTESIAN_POINT ( 'NONE',  ( -1.583112680626171273E-15, 2.858578665078010506, 3.999999976684527336 ) ) ;
#2227 = ORIENTED_EDGE ( 'NONE', *, *, #3510, .T. ) ;
#2228 = EDGE_CURVE ( 'NONE', #3185, #3334, #1846, .T. ) ;
#2229 = LINE ( 'NONE', #2789, #288 ) ;
#2230 = ORIENTED_EDGE ( 'NONE', *, *, #1486, .T. ) ;
#2231 = CARTESIAN_POINT ( 'NONE',  ( 1.000000000000000078E-15, 3.000000000000000000, -1.669999999999999921E-15 ) ) ;
#2232 = DIRECTION ( 'NONE',  ( -3.299999999999999882E-16, -1.000000000000000000, 5.600000000000000277E-16 ) ) ;
#2233 = CARTESIAN_POINT ( 'NONE',  ( 5.082842712474620051, 2.999999999999999556, 2.541421356237310913 ) ) ;
#2234 = FACE_OUTER_BOUND ( 'NONE', #248, .T. ) ;
#2235 = CARTESIAN_POINT ( 'NONE',  ( 8.082842712474624491, 2.999999999999993783, -4.041421356237310469 ) ) ;
#2236 = EDGE_CURVE ( 'NONE', #2557, #3344, #3057, .T. ) ;
#2237 = SHAPE_REPRESENTATION ( 'Ball bearing (5x9x3)mm002.step', ( #2386 ), #127 ) ;
#2238 = CARTESIAN_POINT ( 'NONE',  ( -1.049999999999999707E-15, 2.800000000000001599, 2.999999999999998224 ) ) ;
#2239 = EDGE_LOOP ( 'NONE', ( #1689, #3265, #1323, #455 ) ) ;
#2240 = CARTESIAN_POINT ( 'NONE',  ( -3.187189845286405374E-16, 2.899999999999999911, 3.100000000000000089 ) ) ;
#2241 = EDGE_CURVE ( 'NONE', #1436, #2934, #1734, .T. ) ;
#2242 = CARTESIAN_POINT ( 'NONE',  ( -1.583112680626171273E-15, 2.858578665078010506, 3.999999976684527336 ) ) ;
#2243 = ORIENTED_EDGE ( 'NONE', *, *, #214, .F. ) ;
#2244 = VERTEX_POINT ( 'NONE', #3362 ) ;
#2245 = DIRECTION ( 'NONE',  ( -7.300000000000001277E-16, 5.782411586589356653E-16, 1.000000000000000000 ) ) ;
#2246 = CARTESIAN_POINT ( 'NONE',  ( 1.812141280341058554E-15, 0.1999999999999955425, -4.000000000000000000 ) ) ;
#2247 = CARTESIAN_POINT ( 'NONE',  ( 6.000000000000000888, 0.04142135623730419658, -2.999999999999998224 ) ) ;
#2248 = CARTESIAN_POINT ( 'NONE',  ( 5.000000000000010658, 2.958578643762683313, -2.500000000000003997 ) ) ;
#2249 = CARTESIAN_POINT ( 'NONE',  ( -7.799999999999998046, 2.899999999999997691, -3.900000000000006573 ) ) ;
#2250 = CARTESIAN_POINT ( 'NONE',  ( 8.000000000000001776, 2.899999999999997247, 4.000000000000003553 ) ) ;
#2251 = EDGE_CURVE ( 'NONE', #193, #2679, #2229, .T. ) ;
#2252 = VERTEX_POINT ( 'NONE', #303 ) ;
#2253 = AXIS2_PLACEMENT_3D ( 'NONE', #1606, #789, #1629 ) ;
#2254 = CARTESIAN_POINT ( 'NONE',  ( 6.000000000000002665, 2.858578643762688998, 3.000000000000003553 ) ) ;
#2255 = LINE ( 'NONE', #880, #2317 ) ;
#2256 = VECTOR ( 'NONE', #406, 1000.000000000000000 ) ;
#2257 = CIRCLE ( 'NONE', #987, 2.500000000000000000 ) ;
#2258 =( BOUNDED_SURFACE ( )  B_SPLINE_SURFACE ( 3, 3, ( 
 ( #137, #382, #118, #2845 ),
 ( #2308, #2581, #2061, #2343 ),
 ( #655, #2047, #1524, #1251 ),
 ( #3144, #671, #1797, #1777 ) ),
 .UNSPECIFIED., .F., .F., .F. ) 
 B_SPLINE_SURFACE_WITH_KNOTS ( ( 4, 4 ),
 ( 4, 4 ),
 ( 0.000000000000000000, 1.000000000000000000 ),
 ( 0.000000000000000000, 1.000000000000000000 ),
 .UNSPECIFIED. ) 
 GEOMETRIC_REPRESENTATION_ITEM ( )  RATIONAL_B_SPLINE_SURFACE ( (
 ( 1.000000000000000000, 0.3333333333333334259, 0.3333333333333334259, 1.000000000000000000),
 ( 0.8047378541243649375, 0.2682459513747884050, 0.2682459513747884050, 0.8047378541243649375),
 ( 0.8047378541243649375, 0.2682459513747884050, 0.2682459513747884050, 0.8047378541243649375),
 ( 1.000000000000000000, 0.3333333333333334259, 0.3333333333333334259, 1.000000000000000000) ) ) 
 REPRESENTATION_ITEM ( '' )  SURFACE ( )  );
#2259 = ORIENTED_EDGE ( 'NONE', *, *, #2303, .F. ) ;
#2260 = EDGE_CURVE ( 'NONE', #843, #2311, #927, .T. ) ;
#2261 = AXIS2_PLACEMENT_3D ( 'NONE', #1703, #2803, #2245 ) ;
#2262 = DIRECTION ( 'NONE',  ( -5.599999999999999291E-16, 5.599999999999999291E-16, 1.000000000000000000 ) ) ;
#2263 = AXIS2_PLACEMENT_3D ( 'NONE', #2565, #81, #667 ) ;
#2264 = CARTESIAN_POINT ( 'NONE',  ( 9.699999999999999847E-16, 2.899999999999999911, -1.609999999999999932E-15 ) ) ;
#2265 = AXIS2_PLACEMENT_3D ( 'NONE', #2936, #1867, #451 ) ;
#2266 = CARTESIAN_POINT ( 'NONE',  ( -6.000000000000002665, 2.958578643762690863, 2.999999999999996003 ) ) ;
#2267 = AXIS2_PLACEMENT_3D ( 'NONE', #2301, #596, #2287 ) ;
#2268 = FACE_OUTER_BOUND ( 'NONE', #612, .T. ) ;
#2269 = ORIENTED_EDGE ( 'NONE', *, *, #1591, .T. ) ;
#2270 = DIRECTION ( 'NONE',  ( -6.299999999999999819E-16, 5.782411586589356653E-16, 1.000000000000000000 ) ) ;
#2271 = DIRECTION ( 'NONE',  ( -6.400000000000000458E-16, 5.421010862427522170E-16, 1.000000000000000000 ) ) ;
#2272 = VERTEX_POINT ( 'NONE', #3093 ) ;
#2273 = CARTESIAN_POINT ( 'NONE',  ( 5.917157287525377285, 2.999999999999999112, 2.958578643762691307 ) ) ;
#2274 = PRESENTATION_STYLE_ASSIGNMENT (( #838 ) ) ;
#2275 = EDGE_CURVE ( 'NONE', #674, #2391, #1792, .T. ) ;
#2276 = FACE_OUTER_BOUND ( 'NONE', #752, .T. ) ;
#2277 =( NAMED_UNIT ( * ) PLANE_ANGLE_UNIT ( ) SI_UNIT ( $, .RADIAN. ) );
#2278 = ORIENTED_EDGE ( 'NONE', *, *, #214, .T. ) ;
#2279 = PLANE ( 'NONE',  #3389 ) ;
#2280 = CARTESIAN_POINT ( 'NONE',  ( 6.700000000000000402E-16, 2.000000000000000000, -1.110000000000000090E-15 ) ) ;
#2281 = EDGE_CURVE ( 'NONE', #1845, #1780, #2603, .T. ) ;
#2282 = EDGE_LOOP ( 'NONE', ( #1622, #1035 ) ) ;
#2283 = CARTESIAN_POINT ( 'NONE',  ( -2.168866172541467240E-15, 0.1000000000000000194, 3.958578643762689087 ) ) ;
#2284 = CARTESIAN_POINT ( 'NONE',  ( 5.917157287525374620, -1.938698193140690007E-15, 2.958578643762689531 ) ) ;
#2285 = ADVANCED_FACE ( 'NONE', ( #3063 ), #53, .F. ) ;
#2286 = EDGE_CURVE ( 'NONE', #2184, #2621, #1207, .T. ) ;
#2287 = DIRECTION ( 'NONE',  ( -6.800000000000000055E-16, 5.204170427930421283E-16, 1.000000000000000000 ) ) ;
#2288 = CARTESIAN_POINT ( 'NONE',  ( 7.999999953369055561, 2.858578665078007841, 3.999999976684530445 ) ) ;
#2289 = CARTESIAN_POINT ( 'NONE',  ( 1.903155408375163062E-15, -4.928000000000001980E-15, -4.400000000000000355 ) ) ;
#2290 = ORIENTED_EDGE ( 'NONE', *, *, #1057, .F. ) ;
#2291 = SURFACE_STYLE_USAGE ( .BOTH. , #3125 ) ;
#2292 = EDGE_CURVE ( 'NONE', #2463, #3409, #1667, .T. ) ;
#2293 = DIRECTION ( 'NONE',  ( -5.600000000000000277E-16, 5.583641188300347835E-16, 1.000000000000000000 ) ) ;
#2294 = DIRECTION ( 'NONE',  ( 0.000000000000000000, 0.000000000000000000, 1.000000000000000000 ) ) ;
#2295 = VERTEX_POINT ( 'NONE', #1947 ) ;
#2296 = FACE_OUTER_BOUND ( 'NONE', #1362, .T. ) ;
#2297 = CARTESIAN_POINT ( 'NONE',  ( -1.772000000000000987E-15, 3.000000000000000000, 4.400000000000000355 ) ) ;
#2298 = ORIENTED_EDGE ( 'NONE', *, *, #2545, .F. ) ;
#2299 = CARTESIAN_POINT ( 'NONE',  ( -1.045195959492893627E-15, 2.900000000000001688, 3.041421356237311802 ) ) ;
#2300 = DIRECTION ( 'NONE',  ( 0.000000000000000000, -5.600000000000000277E-16, -1.000000000000000000 ) ) ;
#2301 = CARTESIAN_POINT ( 'NONE',  ( 9.699999999999999847E-16, 2.899999999999999911, -1.609999999999999932E-15 ) ) ;
#2302 = CARTESIAN_POINT ( 'NONE',  ( -1.610000000000000129E-15, 0.2000000000000016764, 3.000000000000000000 ) ) ;
#2303 = EDGE_CURVE ( 'NONE', #855, #1216, #844, .T. ) ;
#2304 = FACE_OUTER_BOUND ( 'NONE', #1599, .T. ) ;
#2305 = DIRECTION ( 'NONE',  ( -6.799999999999999069E-16, 5.004010026856174159E-16, 1.000000000000000000 ) ) ;
#2306 = ORIENTED_EDGE ( 'NONE', *, *, #1500, .T. ) ;
#2307 =( NAMED_UNIT ( * ) PLANE_ANGLE_UNIT ( ) SI_UNIT ( $, .RADIAN. ) );
#2308 = CARTESIAN_POINT ( 'NONE',  ( 1.792366677085472705E-15, 0.1414213562373052291, -4.000000000000000000 ) ) ;
#2309 = CARTESIAN_POINT ( 'NONE',  ( -1.009999999999999846E-15, 2.900000000000001688, 2.999999999999998224 ) ) ;
#2310 = AXIS2_PLACEMENT_3D ( 'NONE', #2170, #3238, #1909 ) ;
#2311 = VERTEX_POINT ( 'NONE', #3378 ) ;
#2312 = CARTESIAN_POINT ( 'NONE',  ( -1.771999999999999803E-15, 3.000000000000002665, 4.399999999999998579 ) ) ;
#2313 = AXIS2_PLACEMENT_3D ( 'NONE', #1126, #828, #2479 ) ;
#2314 = CIRCLE ( 'NONE', #2715, 4.000000000000000000 ) ;
#2315 = CYLINDRICAL_SURFACE ( 'NONE', #2947, 2.500000000000000000 ) ;
#2316 = EDGE_CURVE ( 'NONE', #3460, #3134, #2491, .T. ) ;
#2317 = VECTOR ( 'NONE', #1082, 1000.000000000000000 ) ;
#2318 = CIRCLE ( 'NONE', #1208, 2.899999999999999911 ) ;
#2319 = DIRECTION ( 'NONE',  ( 3.299999999999999882E-16, 1.000000000000000000, -5.600000000000000277E-16 ) ) ;
#2320 = CARTESIAN_POINT ( 'NONE',  ( -1.549999999999999943E-15, -3.500000000000000000, 3.889999999999999707E-15 ) ) ;
#2321 = CARTESIAN_POINT ( 'NONE',  ( 4.999999999999998224, 0.09999999999999835409, 2.500000000000001776 ) ) ;
#2322 = AXIS2_PLACEMENT_3D ( 'NONE', #3402, #109, #2300 ) ;
#2323 = ADVANCED_FACE ( 'NONE', ( #368 ), #2315, .F. ) ;
#2324 = CARTESIAN_POINT ( 'NONE',  ( 2.439591832221687045E-15, 2.999999999999996891, -2.600000000000003197 ) ) ;
#2325 = CARTESIAN_POINT ( 'NONE',  ( 2.954141297853931201E-15, 2.800000039801995300, -4.000000000000003553 ) ) ;
#2326 = CARTESIAN_POINT ( 'NONE',  ( 3.000000000000000061E-17, 0.1000000000000000056, -6.000000000000000121E-17 ) ) ;
#2327 = ORIENTED_EDGE ( 'NONE', *, *, #1808, .T. ) ;
#2328 = CARTESIAN_POINT ( 'NONE',  ( -3.092119205115877837E-16, 2.799999999999999822, 3.000000000000000000 ) ) ;
#2329 = FACE_OUTER_BOUND ( 'NONE', #3060, .T. ) ;
#2330 = ORIENTED_EDGE ( 'NONE', *, *, #715, .F. ) ;
#2331 =( BOUNDED_CURVE ( )  B_SPLINE_CURVE ( 3, ( #3536, #3021, #12, #2755 ),
 .UNSPECIFIED., .F., .T. ) 
 B_SPLINE_CURVE_WITH_KNOTS ( ( 4, 4 ),
 ( 0.000000000000000000, 1.000000000000000000 ),
 .UNSPECIFIED. ) 
 CURVE ( )  GEOMETRIC_REPRESENTATION_ITEM ( )  RATIONAL_B_SPLINE_CURVE ( ( 1.000000000000000000, 0.8047378541243649375, 0.8047378541243649375, 1.000000000000000000 ) ) 
 REPRESENTATION_ITEM ( '' )  );
#2332 = CARTESIAN_POINT ( 'NONE',  ( -2.271999999999999842E-15, -1.477067513746531812E-49, 4.100000000000000533 ) ) ;
#2333 = ORIENTED_EDGE ( 'NONE', *, *, #983, .T. ) ;
#2334 = CARTESIAN_POINT ( 'NONE',  ( 3.000000000000000061E-17, 0.1000000000000000056, -6.000000000000000121E-17 ) ) ;
#2335 = CARTESIAN_POINT ( 'NONE',  ( 3.283908940383690055E-15, -2.000000000000005329, -4.499999999999997335 ) ) ;
#2336 = EDGE_CURVE ( 'NONE', #2739, #164, #156, .T. ) ;
#2337 = CARTESIAN_POINT ( 'NONE',  ( 9.699999999999999847E-16, 2.899999999999999911, -1.609999999999999932E-15 ) ) ;
#2338 = CARTESIAN_POINT ( 'NONE',  ( 2.377612903468742751E-15, 2.958578643762685978, -2.500000000000006661 ) ) ;
#2339 = CARTESIAN_POINT ( 'NONE',  ( 2.425031832221688639E-15, 2.999999999999996891, -2.600000000000003197 ) ) ;
#2340 = DIRECTION ( 'NONE',  ( 3.299999999999999882E-16, 1.000000000000000000, -5.600000000000000277E-16 ) ) ;
#2341 = ORIENTED_EDGE ( 'NONE', *, *, #3533, .F. ) ;
#2342 = CARTESIAN_POINT ( 'NONE',  ( -2.271999999999999842E-15, 1.386000000000001222E-15, 4.100000000000000533 ) ) ;
#2343 = CARTESIAN_POINT ( 'NONE',  ( -1.209169862309908492E-15, 0.1414213562373097255, 4.000000000000000000 ) ) ;
#2344 = APPLICATION_PROTOCOL_DEFINITION ( 'draft international standard', 'automotive_design', 1998, #3489 ) ;
#2345 = EDGE_LOOP ( 'NONE', ( #2298, #3388 ) ) ;
#2346 = CARTESIAN_POINT ( 'NONE',  ( -7.999999999999999112, 2.899999999999997691, -4.000000000000007994 ) ) ;
#2347 = ADVANCED_FACE ( 'NONE', ( #3447 ), #2850, .T. ) ;
#2348 = CARTESIAN_POINT ( 'NONE',  ( 1.000000000000000078E-15, 3.000000000000000000, -1.669999999999999921E-15 ) ) ;
#2349 = UNCERTAINTY_MEASURE_WITH_UNIT (LENGTH_MEASURE( 1.000000000000000082E-05 ), #71, 'distance_accuracy_value', 'NONE');
#2350 = VERTEX_POINT ( 'NONE', #1490 ) ;
#2351 = CARTESIAN_POINT ( 'NONE',  ( 2.550380563511376219E-15, 2.858578643762686333, -3.000000000000003997 ) ) ;
#2352 = DIRECTION ( 'NONE',  ( -5.600000000000000277E-16, 5.624298769768554251E-16, 1.000000000000000000 ) ) ;
#2353 = CARTESIAN_POINT ( 'NONE',  ( 1.256852428247266496E-15, -3.248000000000001108E-15, -2.899999999999999911 ) ) ;
#2354 = DIRECTION ( 'NONE',  ( 3.299999999999999882E-16, 1.000000000000000000, -5.600000000000000277E-16 ) ) ;
#2355 = DIRECTION ( 'NONE',  ( -1.000000000000000000, 3.299999999999999882E-16, 0.000000000000000000 ) ) ;
#2356 = EDGE_CURVE ( 'NONE', #46, #474, #1392, .T. ) ;
#2357 = APPLICATION_CONTEXT ( 'automotive_design' ) ;
#2358 = DIRECTION ( 'NONE',  ( 3.299999999999999882E-16, 1.000000000000000000, -5.600000000000000277E-16 ) ) ;
#2359 = EDGE_CURVE ( 'NONE', #89, #2350, #713, .T. ) ;
#2360 = ORIENTED_EDGE ( 'NONE', *, *, #2224, .F. ) ;
#2361 = CARTESIAN_POINT ( 'NONE',  ( 6.200000000000001954, 2.899999999999997691, 3.100000000000002753 ) ) ;
#2362 =( BOUNDED_CURVE ( )  B_SPLINE_CURVE ( 3, ( #2980, #1073, #1611, #1358 ),
 .UNSPECIFIED., .F., .F. ) 
 B_SPLINE_CURVE_WITH_KNOTS ( ( 4, 4 ),
 ( 0.000000000000000000, 1.000000000000000000 ),
 .UNSPECIFIED. ) 
 CURVE ( )  GEOMETRIC_REPRESENTATION_ITEM ( )  RATIONAL_B_SPLINE_CURVE ( ( 1.000000000000000000, 0.8047378541243649375, 0.8047378541243649375, 1.000000000000000000 ) ) 
 REPRESENTATION_ITEM ( '' )  );
#2363 = CARTESIAN_POINT ( 'NONE',  ( -1.590000000000000001E-15, 2.800000039802001961, 3.999999999999998224 ) ) ;
#2364 = SHAPE_DEFINITION_REPRESENTATION ( #548, #2237 ) ;
#2365 = ADVANCED_FACE ( 'NONE', ( #3432 ), #424, .T. ) ;
#2366 = VERTEX_POINT ( 'NONE', #2368 ) ;
#2367 = CARTESIAN_POINT ( 'NONE',  ( -2.206887301627792336E-15, 0.04142135623730946320, 4.000000000000000000 ) ) ;
#2368 = CARTESIAN_POINT ( 'NONE',  ( -1.049999999999999707E-15, 2.800000000000001599, 2.999999999999998224 ) ) ;
#2369 = ADVANCED_FACE ( 'NONE', ( #2599, #1765 ), #972, .F. ) ;
#2370 = ORIENTED_EDGE ( 'NONE', *, *, #3126, .T. ) ;
#2371 = CARTESIAN_POINT ( 'NONE',  ( 2.439591832221690990E-15, 2.999999999999998668, -2.600000000000001421 ) ) ;
#2372 = CIRCLE ( 'NONE', #2826, 2.600000000000000089 ) ;
#2373 = DIRECTION ( 'NONE',  ( 3.299999999999999882E-16, 1.000000000000000000, -5.600000000000000277E-16 ) ) ;
#2374 =( BOUNDED_CURVE ( )  B_SPLINE_CURVE ( 3, ( #1937, #1364, #820, #1920 ),
 .UNSPECIFIED., .F., .F. ) 
 B_SPLINE_CURVE_WITH_KNOTS ( ( 4, 4 ),
 ( 0.000000000000000000, 1.000000000000000000 ),
 .UNSPECIFIED. ) 
 CURVE ( )  GEOMETRIC_REPRESENTATION_ITEM ( )  RATIONAL_B_SPLINE_CURVE ( ( 1.000000000000000000, 0.8047378541243649375, 0.8047378541243649375, 1.000000000000000000 ) ) 
 REPRESENTATION_ITEM ( '' )  );
#2375 = DIRECTION ( 'NONE',  ( -5.600000000000000277E-16, 5.583641188300347835E-16, 1.000000000000000000 ) ) ;
#2376 = LINE ( 'NONE', #247, #2785 ) ;
#2377 = CARTESIAN_POINT ( 'NONE',  ( -5.000000000000003553, 2.900000000000001688, 2.499999999999996447 ) ) ;
#2378 = CARTESIAN_POINT ( 'NONE',  ( 1.990908940383689357E-15, 0.09999999999999496791, -4.500000000000000000 ) ) ;
#2379 = CIRCLE ( 'NONE', #2664, 3.899999999999999911 ) ;
#2380 = VECTOR ( 'NONE', #2450, 1000.000000000000000 ) ;
#2381 = CARTESIAN_POINT ( 'NONE',  ( 2.582605960255793976E-15, 2.899999999999998135, -3.000000000000001776 ) ) ;
#2382 = CIRCLE ( 'NONE', #2556, 3.000000000000000000 ) ;
#2383 = ORIENTED_EDGE ( 'NONE', *, *, #2228, .T. ) ;
#2384 = CARTESIAN_POINT ( 'NONE',  ( 6.000000000000002665, 2.858578643762688998, 3.000000000000003553 ) ) ;
#2385 = ADVANCED_FACE ( 'NONE', ( #993 ), #629, .F. ) ;
#2386 = AXIS2_PLACEMENT_3D ( 'NONE', #3269, #802, #2743 ) ;
#2387 = DIRECTION ( 'NONE',  ( 3.299999999999999882E-16, 1.000000000000000000, -5.600000000000000277E-16 ) ) ;
#2388 = EDGE_LOOP ( 'NONE', ( #1715, #886, #3494, #604 ) ) ;
#2389 = EDGE_CURVE ( 'NONE', #1257, #278, #407, .T. ) ;
#2390 = CARTESIAN_POINT ( 'NONE',  ( 1.965134337128104989E-15, 0.04142135623730448801, -4.500000000000002665 ) ) ;
#2391 = VERTEX_POINT ( 'NONE', #2066 ) ;
#2392 = PRESENTATION_STYLE_ASSIGNMENT (( #227 ) ) ;
#2393 = DIRECTION ( 'NONE',  ( -6.400000000000000458E-16, 5.421010862427522170E-16, 1.000000000000000000 ) ) ;
#2394 = CARTESIAN_POINT ( 'NONE',  ( 3.212772576747325988E-15, 2.899999999999994582, -4.500000000000003553 ) ) ;
#2395 = CARTESIAN_POINT ( 'NONE',  ( -1.205231907455700445E-15, 0.1000000000000000194, 3.958578643762689087 ) ) ;
#2396 = CARTESIAN_POINT ( 'NONE',  ( 0.000000000000000000, -5.799999999999999583E-16, 0.000000000000000000 ) ) ;
#2397 = EDGE_CURVE ( 'NONE', #1191, #2814, #2139, .T. ) ;
#2398 = CARTESIAN_POINT ( 'NONE',  ( -1.658887301627792109E-15, 0.04142135623730951871, 3.000000000000000888 ) ) ;
#2399 = VERTEX_POINT ( 'NONE', #440 ) ;
#2400 = LINE ( 'NONE', #1270, #342 ) ;
#2401 = DIRECTION ( 'NONE',  ( -6.800000000000000055E-16, 5.204170427930421283E-16, 1.000000000000000000 ) ) ;
#2402 = ORIENTED_EDGE ( 'NONE', *, *, #97, .F. ) ;
#2403 = DIRECTION ( 'NONE',  ( -6.299999999999999819E-16, 5.940833821838380231E-16, 1.000000000000000000 ) ) ;
#2404 = CARTESIAN_POINT ( 'NONE',  ( 6.200000000000000178, 0.09999999999999449607, -3.099999999999997424 ) ) ;
#2405 = ORIENTED_EDGE ( 'NONE', *, *, #1778, .F. ) ;
#2406 = FILL_AREA_STYLE_COLOUR ( '', #1561 ) ;
#2407 = CARTESIAN_POINT ( 'NONE',  ( 1.774264514336792151E-15, 0.09999999999999782674, -3.899999999999999911 ) ) ;
#2408 = ORIENTED_EDGE ( 'NONE', *, *, #3365, .T. ) ;
#2409 = CARTESIAN_POINT ( 'NONE',  ( -1.843112698372209181E-15, 2.958578643762688642, 4.500000000000003553 ) ) ;
#2410 = CARTESIAN_POINT ( 'NONE',  ( 2.585544307075963416E-15, 2.999999999999998224, -2.900000000000001688 ) ) ;
#2411 = CARTESIAN_POINT ( 'NONE',  ( 2.556605960255793554E-15, 2.899999999999996358, -3.000000000000003109 ) ) ;
#2412 = ORIENTED_EDGE ( 'NONE', *, *, #3365, .F. ) ;
#2413 = CARTESIAN_POINT ( 'NONE',  ( 1.769894812349583723E-15, -4.592000000000002042E-15, -4.100000000000000533 ) ) ;
#2414 =( BOUNDED_SURFACE ( )  B_SPLINE_SURFACE ( 3, 3, ( 
 ( #2482, #525, #503, #2157 ),
 ( #2190, #1305, #1360, #3244 ),
 ( #3531, #1341, #1026, #777 ),
 ( #1074, #1862, #1915, #1095 ) ),
 .UNSPECIFIED., .F., .F., .T. ) 
 B_SPLINE_SURFACE_WITH_KNOTS ( ( 4, 4 ),
 ( 4, 4 ),
 ( 0.000000000000000000, 1.000000000000000000 ),
 ( 0.000000000000000000, 1.000000000000000000 ),
 .UNSPECIFIED. ) 
 GEOMETRIC_REPRESENTATION_ITEM ( )  RATIONAL_B_SPLINE_SURFACE ( (
 ( 1.000000000000000000, 0.3333333333333334259, 0.3333333333333334259, 1.000000000000000000),
 ( 0.8047378541243649375, 0.2682459513747884050, 0.2682459513747884050, 0.8047378541243649375),
 ( 0.8047378541243649375, 0.2682459513747884050, 0.2682459513747884050, 0.8047378541243649375),
 ( 1.000000000000000000, 0.3333333333333334259, 0.3333333333333334259, 1.000000000000000000) ) ) 
 REPRESENTATION_ITEM ( '' )  SURFACE ( )  );
#2415 = CARTESIAN_POINT ( 'NONE',  ( 0.000000000000000000, -9.799999999999999499E-16, 0.000000000000000000 ) ) ;
#2416 = ORIENTED_EDGE ( 'NONE', *, *, #445, .T. ) ;
#2417 = FACE_OUTER_BOUND ( 'NONE', #1226, .T. ) ;
#2418 = CARTESIAN_POINT ( 'NONE',  ( -1.607999999999993588E-15, 3.000000000000002220, 4.099999999999998757 ) ) ;
#2419 = ORIENTED_EDGE ( 'NONE', *, *, #2975, .F. ) ;
#2420 = CARTESIAN_POINT ( 'NONE',  ( -6.200000000000002842, 2.900000000000001688, 3.099999999999996092 ) ) ;
#2421 = CARTESIAN_POINT ( 'NONE',  ( -7.639999999999999505E-15, -4.799999999999995381, 7.500000000000003553 ) ) ;
#2422 = EDGE_LOOP ( 'NONE', ( #2153, #2888, #2723, #1079 ) ) ;
#2423 = CIRCLE ( 'NONE', #861, 2.500000000000000000 ) ;
#2424 = PRODUCT ( 'GT2_Idler_Smooth_6mm', 'GT2_Idler_Smooth_6mm', '', ( #1509 ) ) ;
#2425 = FACE_OUTER_BOUND ( 'NONE', #3314, .T. ) ;
#2426 = CARTESIAN_POINT ( 'NONE',  ( 8.800000000000002487, 2.999999999999997335, 4.400000000000003908 ) ) ;
#2427 = COLOUR_RGB ( '',0.7921568627450980005, 0.8196078431372548767, 0.9333333333333333481 ) ;
#2428 = AXIS2_PLACEMENT_3D ( 'NONE', #1375, #830, #2605 ) ;
#2429 = CARTESIAN_POINT ( 'NONE',  ( 1.000000000000000078E-15, 3.000000000000000000, -1.669999999999999921E-15 ) ) ;
#2430 = EDGE_LOOP ( 'NONE', ( #3065, #534, #1555, #2647 ) ) ;
#2431 = CIRCLE ( 'NONE', #2889, 2.500000000000000000 ) ;
#2432 = CARTESIAN_POINT ( 'NONE',  ( 8.200000000000001066, -7.297999999999998286E-15, -4.099999999999996980 ) ) ;
#2433 = CIRCLE ( 'NONE', #2832, 3.899999999999999911 ) ;
#2434 = CARTESIAN_POINT ( 'NONE',  ( 2.598380563511375421E-15, 2.958578643762685978, -3.000000000000003997 ) ) ;
#2435 = CIRCLE ( 'NONE', #341, 3.000000000000000000 ) ;
#2436 = ORIENTED_EDGE ( 'NONE', *, *, #3481, .F. ) ;
#2437 = CARTESIAN_POINT ( 'NONE',  ( -6.082842712474620939, 0.09999999999999863165, -3.041421356237314022 ) ) ;
#2438 = DIRECTION ( 'NONE',  ( -3.299999999999999882E-16, -1.000000000000000000, 5.600000000000000277E-16 ) ) ;
#2439 = FACE_OUTER_BOUND ( 'NONE', #136, .T. ) ;
#2440 = ORIENTED_EDGE ( 'NONE', *, *, #2389, .F. ) ;
#2441 = SURFACE_STYLE_FILL_AREA ( #3186 ) ;
#2442 = CARTESIAN_POINT ( 'NONE',  ( 3.921091059616308890E-15, 1.999999999999997335, -4.500000000000000888 ) ) ;
#2443 = ORIENTED_EDGE ( 'NONE', *, *, #176, .T. ) ;
#2444 = CARTESIAN_POINT ( 'NONE',  ( -4.999999999999998224, 0.09999999999999886757, -2.500000000000002220 ) ) ;
#2445 = ORIENTED_EDGE ( 'NONE', *, *, #1538, .T. ) ;
#2446 = CARTESIAN_POINT ( 'NONE',  ( 1.786366677085474185E-15, 0.1414213562373052291, -4.000000000000000000 ) ) ;
#2447 = CARTESIAN_POINT ( 'NONE',  ( -1.590000000000000198E-15, 2.900000000000002132, 3.999999999999998224 ) ) ;
#2448 = CARTESIAN_POINT ( 'NONE',  ( -1.316766004263232093E-16, 2.899999999999999911, 2.500000000000000000 ) ) ;
#2449 = ORIENTED_EDGE ( 'NONE', *, *, #169, .T. ) ;
#2450 = DIRECTION ( 'NONE',  ( -6.788225099389904796E-16, -0.7071067811868640973, 0.7071067811862310482 ) ) ;
#2451 = CARTESIAN_POINT ( 'NONE',  ( 9.300000000000001235E-16, 2.800000039801999741, -1.549999999999999943E-15 ) ) ;
#2452 = EDGE_CURVE ( 'NONE', #329, #833, #2652, .T. ) ;
#2453 = VERTEX_POINT ( 'NONE', #1625 ) ;
#2454 = DIRECTION ( 'NONE',  ( -1.000000000000000000, 3.299999999999999882E-16, 0.000000000000000000 ) ) ;
#2455 = CARTESIAN_POINT ( 'NONE',  ( -9.000000000000007105, 0.04142135623731248856, 4.499999999999997335 ) ) ;
#2456 = DIRECTION ( 'NONE',  ( 3.299999999999999882E-16, 1.000000000000000000, -5.600000000000000277E-16 ) ) ;
#2457 = EDGE_LOOP ( 'NONE', ( #628, #2106, #2493, #322 ) ) ;
#2458 = EDGE_CURVE ( 'NONE', #1436, #1423, #2958, .T. ) ;
#2459 = CARTESIAN_POINT ( 'NONE',  ( -1.590000000000000198E-15, 2.900000000000002132, 3.999999999999998224 ) ) ;
#2460 = DIRECTION ( 'NONE',  ( 3.299999999999999882E-16, 1.000000000000000000, -5.600000000000000277E-16 ) ) ;
#2461 = VERTEX_POINT ( 'NONE', #1350 ) ;
#2462 = DIRECTION ( 'NONE',  ( -5.600000000000000277E-16, 5.600000000000000277E-16, 1.000000000000000000 ) ) ;
#2463 = VERTEX_POINT ( 'NONE', #1544 ) ;
#2464 = CARTESIAN_POINT ( 'NONE',  ( -7.999999999999996447, 0.1999999999999981515, -4.000000000000003553 ) ) ;
#2465 = CARTESIAN_POINT ( 'NONE',  ( 1.000000000000000078E-15, 3.000000000000000000, -1.669999999999999921E-15 ) ) ;
#2466 = EDGE_CURVE ( 'NONE', #951, #2934, #3496, .T. ) ;
#2467 = CARTESIAN_POINT ( 'NONE',  ( 2.439591832221687045E-15, 2.999999999999996891, -2.600000000000003197 ) ) ;
#2468 = ORIENTED_EDGE ( 'NONE', *, *, #2228, .F. ) ;
#2469 = FACE_OUTER_BOUND ( 'NONE', #3504, .T. ) ;
#2470 = EDGE_CURVE ( 'NONE', #819, #2244, #1961, .T. ) ;
#2471 = CARTESIAN_POINT ( 'NONE',  ( -8.082842712474622715, 2.999999999999999112, -4.041421356237320239 ) ) ;
#2472 = ORIENTED_EDGE ( 'NONE', *, *, #2977, .T. ) ;
#2473 = CARTESIAN_POINT ( 'NONE',  ( -5.999999999999998224, 0.04142135623730813787, -3.000000000000003109 ) ) ;
#2474 = CARTESIAN_POINT ( 'NONE',  ( 1.123591832221687552E-15, -2.036000000000000346E-15, -2.600000000000000089 ) ) ;
#2475 = ORIENTED_EDGE ( 'NONE', *, *, #1150, .T. ) ;
#2476 = CARTESIAN_POINT ( 'NONE',  ( 2.572605960255792630E-15, 2.899999999999996358, -3.000000000000003109 ) ) ;
#2477 = CARTESIAN_POINT ( 'NONE',  ( -7.300000000000017054E-16, 2.899999999999999911, 2.500000000000000000 ) ) ;
#2478 = ORIENTED_EDGE ( 'NONE', *, *, #2236, .T. ) ;
#2479 = DIRECTION ( 'NONE',  ( -6.200000000000001152E-16, 5.782411586589356653E-16, 1.000000000000000000 ) ) ;
#2480 = EDGE_CURVE ( 'NONE', #2756, #153, #3450, .T. ) ;
#2481 = DIRECTION ( 'NONE',  ( -5.600000000000000277E-16, 5.583641188300347835E-16, 1.000000000000000000 ) ) ;
#2482 = CARTESIAN_POINT ( 'NONE',  ( 1.769894812349583723E-15, -4.592000000000002042E-15, -4.100000000000000533 ) ) ;
#2483 = CARTESIAN_POINT ( 'NONE',  ( 1.669999999999999921E-15, 5.000000000000000000, -2.779999999999999814E-15 ) ) ;
#2484 = AXIS2_PLACEMENT_3D ( 'NONE', #2465, #3225, #1840 ) ;
#2485 = ORIENTED_EDGE ( 'NONE', *, *, #1248, .T. ) ;
#2486 = CARTESIAN_POINT ( 'NONE',  ( 3.023641286908388367E-15, 2.899999999999997691, -4.000000000000001776 ) ) ;
#2487 = CIRCLE ( 'NONE', #801, 2.600000000000000089 ) ;
#2488 = CIRCLE ( 'NONE', #6, 4.400000000000000355 ) ;
#2489 =( BOUNDED_SURFACE ( )  B_SPLINE_SURFACE ( 3, 3, ( 
 ( #3261, #1402, #794, #2448 ),
 ( #26, #2248, #2524, #1114 ),
 ( #238, #1671, #2233, #815 ),
 ( #2467, #43, #7, #2506 ) ),
 .UNSPECIFIED., .F., .F., .T. ) 
 B_SPLINE_SURFACE_WITH_KNOTS ( ( 4, 4 ),
 ( 4, 4 ),
 ( 0.000000000000000000, 1.000000000000000000 ),
 ( 0.000000000000000000, 1.000000000000000000 ),
 .UNSPECIFIED. ) 
 GEOMETRIC_REPRESENTATION_ITEM ( )  RATIONAL_B_SPLINE_SURFACE ( (
 ( 1.000000000000000000, 0.3333333333333334259, 0.3333333333333334259, 1.000000000000000000),
 ( 0.8047378541243649375, 0.2682459513747884050, 0.2682459513747884050, 0.8047378541243649375),
 ( 0.8047378541243649375, 0.2682459513747884050, 0.2682459513747884050, 0.8047378541243649375),
 ( 1.000000000000000000, 0.3333333333333334259, 0.3333333333333334259, 1.000000000000000000) ) ) 
 REPRESENTATION_ITEM ( '' )  SURFACE ( )  );
#2490 = DIRECTION ( 'NONE',  ( 3.299999999999999882E-16, 1.000000000000000000, -5.600000000000000277E-16 ) ) ;
#2491 = CIRCLE ( 'NONE', #1902, 4.100000000000000533 ) ;
#2492 = PRESENTATION_LAYER_ASSIGNMENT (  '', '', ( #1848 ) ) ;
#2493 = ORIENTED_EDGE ( 'NONE', *, *, #1640, .T. ) ;
#2494 = CARTESIAN_POINT ( 'NONE',  ( 2.093894039744204607E-15, 0.09999999999999832634, -3.000000000000000000 ) ) ;
#2495 = CIRCLE ( 'NONE', #405, 4.000000000000000000 ) ;
#2496 = CIRCLE ( 'NONE', #2484, 4.100000000000000533 ) ;
#2497 = CARTESIAN_POINT ( 'NONE',  ( 7.917157250552032899, 2.899999999999989253, -3.958578625276012897 ) ) ;
#2498 = ORIENTED_EDGE ( 'NONE', *, *, #2397, .T. ) ;
#2499 = AXIS2_PLACEMENT_3D ( 'NONE', #610, #1722, #2820 ) ;
#2500 = CARTESIAN_POINT ( 'NONE',  ( 6.000000000000001776, 2.958578643762686866, 3.000000000000003109 ) ) ;
#2501 = CARTESIAN_POINT ( 'NONE',  ( -7.451959594928930907E-16, 3.000000000000000888, 2.541421356237308693 ) ) ;
#2502 = ORIENTED_EDGE ( 'NONE', *, *, #1916, .F. ) ;
#2503 = CARTESIAN_POINT ( 'NONE',  ( 1.000000000000000078E-15, 3.000000000000000000, -1.669999999999999921E-15 ) ) ;
#2504 = CARTESIAN_POINT ( 'NONE',  ( -7.799999999999997158, 0.09999999999999820144, -3.900000000000003020 ) ) ;
#2505 = CARTESIAN_POINT ( 'NONE',  ( 5.917157287525377285, 2.999999999999999112, 2.958578643762691307 ) ) ;
#2506 = CARTESIAN_POINT ( 'NONE',  ( -1.411836644433763081E-16, 3.000000000000000000, 2.600000000000000089 ) ) ;
#2507 = CARTESIAN_POINT ( 'NONE',  ( 7.917157250552029346, 2.899999999999994138, 3.958578625276017338 ) ) ;
#2508 = ADVANCED_FACE ( 'NONE', ( #800 ), #2966, .F. ) ;
#2509 = CARTESIAN_POINT ( 'NONE',  ( 8.082842712474624491, 2.999999999999998224, 4.041421356237313134 ) ) ;
#2510 = FACE_OUTER_BOUND ( 'NONE', #240, .T. ) ;
#2511 = ORIENTED_EDGE ( 'NONE', *, *, #3361, .F. ) ;
#2512 = CARTESIAN_POINT ( 'NONE',  ( 1.097961606572816973E-15, -2.860355630728469459E-15, -2.541421356237308693 ) ) ;
#2513 = CARTESIAN_POINT ( 'NONE',  ( -6.033952470189320811E-16, 2.858578665078010506, 3.999999976684526892 ) ) ;
#2514 = ADVANCED_FACE ( 'NONE', ( #2674 ), #1312, .T. ) ;
#2515 = VERTEX_POINT ( 'NONE', #2418 ) ;
#2516 = EDGE_CURVE ( 'NONE', #1337, #3085, #2199, .T. ) ;
#2517 = CARTESIAN_POINT ( 'NONE',  ( 8.917157287525387943, 2.999999999999992895, -4.458578643762690419 ) ) ;
#2518 = ORIENTED_EDGE ( 'NONE', *, *, #1258, .T. ) ;
#2519 = CARTESIAN_POINT ( 'NONE',  ( 1.669999999999999921E-15, 5.000000000000000000, -2.779999999999999814E-15 ) ) ;
#2520 = ORIENTED_EDGE ( 'NONE', *, *, #445, .F. ) ;
#2521 = CARTESIAN_POINT ( 'NONE',  ( -1.010000000000001423E-15, 2.899999999999999911, 3.000000000000000000 ) ) ;
#2522 = CARTESIAN_POINT ( 'NONE',  ( -8.900000000000000652E-16, -2.000000000000000000, 2.220000000000000180E-15 ) ) ;
#2523 = ADVANCED_FACE ( 'NONE', ( #2182 ), #2923, .F. ) ;
#2524 = CARTESIAN_POINT ( 'NONE',  ( 5.000000000000008882, 2.958578643762686866, 2.500000000000004885 ) ) ;
#2525 = CARTESIAN_POINT ( 'NONE',  ( 2.948537756870066162E-15, 2.899999999999995470, -3.900000000000003020 ) ) ;
#2526 = CARTESIAN_POINT ( 'NONE',  ( 1.965134337128104989E-15, 0.04142135623730448107, -4.500000000000003553 ) ) ;
#2527 = CYLINDRICAL_SURFACE ( 'NONE', #3342, 4.000000000000000000 ) ;
#2528 = ADVANCED_FACE ( 'NONE', ( #3214 ), #1464, .F. ) ;
#2529 = ORIENTED_EDGE ( 'NONE', *, *, #1164, .F. ) ;
#2530 = CARTESIAN_POINT ( 'NONE',  ( -1.607999999999993588E-15, 3.000000000000002220, 4.099999999999998757 ) ) ;
#2531 = CARTESIAN_POINT ( 'NONE',  ( 0.000000000000000000, 0.000000000000000000, 0.000000000000000000 ) ) ;
#2532 = ORIENTED_EDGE ( 'NONE', *, *, #2275, .T. ) ;
#2533 = FACE_BOUND ( 'NONE', #280, .T. ) ;
#2534 = DIRECTION ( 'NONE',  ( -5.999999999999998889E-16, 5.782411586589356653E-16, 1.000000000000000000 ) ) ;
#2535 = VERTEX_POINT ( 'NONE', #3323 ) ;
#2536 = CARTESIAN_POINT ( 'NONE',  ( -5.999999999999998224, 2.899999999999998579, -3.000000000000006661 ) ) ;
#2537 = CARTESIAN_POINT ( 'NONE',  ( -1.369999999999999976E-15, 0.1000000000000014072, 2.500000000000000000 ) ) ;
#2538 = LINE ( 'NONE', #58, #2146 ) ;
#2539 = FACE_OUTER_BOUND ( 'NONE', #226, .T. ) ;
#2540 = CARTESIAN_POINT ( 'NONE',  ( 3.060264586700712834E-15, 2.999999999999996447, -4.041421356237314022 ) ) ;
#2541 = CARTESIAN_POINT ( 'NONE',  ( 8.999999999999998224, 0.09999999999999199807, -4.499999999999995559 ) ) ;
#2542 = ORIENTED_EDGE ( 'NONE', *, *, #595, .F. ) ;
#2543 = APPLICATION_CONTEXT ( 'automotive_design' ) ;
#2544 = CIRCLE ( 'NONE', #930, 7.299999999999999822 ) ;
#2545 = EDGE_CURVE ( 'NONE', #2515, #1216, #338, .T. ) ;
#2546 = CARTESIAN_POINT ( 'NONE',  ( 6.200000000000004619, 2.899999999999993694, -3.099999999999999645 ) ) ;
#2547 = ADVANCED_FACE ( 'NONE', ( #2276 ), #1485, .F. ) ;
#2548 = CIRCLE ( 'NONE', #3336, 3.000000000000000000 ) ;
#2549 = AXIS2_PLACEMENT_3D ( 'NONE', #1634, #2173, #1287 ) ;
#2550 =( NAMED_UNIT ( * ) PLANE_ANGLE_UNIT ( ) SI_UNIT ( $, .RADIAN. ) );
#2551 = ORIENTED_EDGE ( 'NONE', *, *, #3132, .F. ) ;
#2552 = AXIS2_PLACEMENT_3D ( 'NONE', #1999, #574, #606 ) ;
#2553 = FACE_OUTER_BOUND ( 'NONE', #3019, .T. ) ;
#2554 = CIRCLE ( 'NONE', #2948, 4.000000000000000000 ) ;
#2555 = DIRECTION ( 'NONE',  ( 3.299999999999999882E-16, 1.000000000000000000, -5.600000000000000277E-16 ) ) ;
#2556 = AXIS2_PLACEMENT_3D ( 'NONE', #2043, #2340, #1774 ) ;
#2557 = VERTEX_POINT ( 'NONE', #2530 ) ;
#2558 = CARTESIAN_POINT ( 'NONE',  ( -7.999999999999996447, 0.1414213562373078659, -4.000000000000003553 ) ) ;
#2559 = CARTESIAN_POINT ( 'NONE',  ( 1.282482653896136089E-15, -3.299644369271530058E-15, -2.958578643762688642 ) ) ;
#2560 =( BOUNDED_SURFACE ( )  B_SPLINE_SURFACE ( 3, 3, ( 
 ( #755, #3483, #1858, #181 ),
 ( #1281, #464, #788, #2110 ),
 ( #1315, #2693, #1298, #481 ),
 ( #249, #3542, #1069, #3237 ) ),
 .UNSPECIFIED., .F., .F., .F. ) 
 B_SPLINE_SURFACE_WITH_KNOTS ( ( 4, 4 ),
 ( 4, 4 ),
 ( 0.000000000000000000, 1.000000000000000000 ),
 ( 0.000000000000000000, 1.000000000000000000 ),
 .UNSPECIFIED. ) 
 GEOMETRIC_REPRESENTATION_ITEM ( )  RATIONAL_B_SPLINE_SURFACE ( (
 ( 1.000000000000000000, 0.3333333333333334259, 0.3333333333333334259, 1.000000000000000000),
 ( 0.8047378541243649375, 0.2682459513747884050, 0.2682459513747884050, 0.8047378541243649375),
 ( 0.8047378541243649375, 0.2682459513747884050, 0.2682459513747884050, 0.8047378541243649375),
 ( 1.000000000000000000, 0.3333333333333334259, 0.3333333333333334259, 1.000000000000000000) ) ) 
 REPRESENTATION_ITEM ( '' )  SURFACE ( )  );
#2561 = AXIS2_PLACEMENT_3D ( 'NONE', #704, #2183, #2706 ) ;
#2562 = FACE_BOUND ( 'NONE', #1626, .T. ) ;
#2563 = ADVANCED_FACE ( 'NONE', ( #1904 ), #1229, .F. ) ;
#2564 = CARTESIAN_POINT ( 'NONE',  ( 7.999999953369059114, 2.858578665078003844, -3.999999976684526004 ) ) ;
#2565 = CARTESIAN_POINT ( 'NONE',  ( 7.000000000000000347E-17, 0.2000000000000000111, -1.099999999999999878E-16 ) ) ;
#2566 = CARTESIAN_POINT ( 'NONE',  ( 8.799999999999998934, -2.903999999999997884E-15, 4.400000000000002132 ) ) ;
#2567 = VERTEX_POINT ( 'NONE', #602 ) ;
#2568 = DIRECTION ( 'NONE',  ( 3.299999999999999882E-16, 1.000000000000000000, -5.600000000000000277E-16 ) ) ;
#2569 = DIRECTION ( 'NONE',  ( 6.700000000000000402E-16, 1.000000000000000000, -5.600000000000000277E-16 ) ) ;
#2570 = EDGE_CURVE ( 'NONE', #3534, #1579, #2255, .T. ) ;
#2571 = ORIENTED_EDGE ( 'NONE', *, *, #350, .T. ) ;
#2572 = CARTESIAN_POINT ( 'NONE',  ( 9.000000000000001776, 2.899999999999996358, 4.500000000000003553 ) ) ;
#2573 = CARTESIAN_POINT ( 'NONE',  ( 3.060264586700713229E-15, 2.999999999999996447, -4.041421356237314910 ) ) ;
#2574 = CARTESIAN_POINT ( 'NONE',  ( 3.000000000000000061E-17, 0.1000000000000000056, -6.000000000000000121E-17 ) ) ;
#2575 = DIRECTION ( 'NONE',  ( 3.299999999999999882E-16, 1.000000000000000000, -5.600000000000000277E-16 ) ) ;
#2576 = CARTESIAN_POINT ( 'NONE',  ( 9.699999999999999847E-16, 2.899999999999999911, -1.609999999999999932E-15 ) ) ;
#2577 = CARTESIAN_POINT ( 'NONE',  ( 2.980017965892821952E-15, 2.899999999999991473, -3.958578625276017782 ) ) ;
#2578 = CARTESIAN_POINT ( 'NONE',  ( 0.000000000000000000, -9.099999999999999958E-16, 0.000000000000000000 ) ) ;
#2579 = CYLINDRICAL_SURFACE ( 'NONE', #1503, 3.500000000000000000 ) ;
#2580 = ORIENTED_EDGE ( 'NONE', *, *, #2215, .F. ) ;
#2581 = CARTESIAN_POINT ( 'NONE',  ( 8.000000000000000000, 0.1414213562373026201, -3.999999999999996003 ) ) ;
#2582 = ADVANCED_BREP_SHAPE_REPRESENTATION ( '', ( #1869, #2386 ), #127 ) ;
#2583 = DIRECTION ( 'NONE',  ( 3.299999999999999882E-16, 1.000000000000000000, -5.600000000000000277E-16 ) ) ;
#2584 = ORIENTED_EDGE ( 'NONE', *, *, #2992, .T. ) ;
#2585 = CARTESIAN_POINT ( 'NONE',  ( 3.000000000000000061E-17, 0.1000000000000000056, -6.000000000000000121E-17 ) ) ;
#2586 = FACE_OUTER_BOUND ( 'NONE', #1365, .T. ) ;
#2587 = PLANE ( 'NONE',  #573 ) ;
#2588 = CARTESIAN_POINT ( 'NONE',  ( -7.799999999999998046, 2.899999999999997691, -3.900000000000006573 ) ) ;
#2589 = CARTESIAN_POINT ( 'NONE',  ( 1.965134337128104989E-15, 0.04142135623730448107, -4.500000000000002665 ) ) ;
#2590 = CARTESIAN_POINT ( 'NONE',  ( -1.623999999999999962E-15, 9.840000000000000149E-16, 2.899999999999999911 ) ) ;
#2591 = ORIENTED_EDGE ( 'NONE', *, *, #2281, .F. ) ;
#2592 = DIRECTION ( 'NONE',  ( 3.299999999999999882E-16, 1.000000000000000000, -5.600000000000000277E-16 ) ) ;
#2593 = CARTESIAN_POINT ( 'NONE',  ( -1.409195959492892639E-15, -1.396371174268236363E-17, 2.541421356237308693 ) ) ;
#2594 =( NAMED_UNIT ( * ) SI_UNIT ( $, .STERADIAN. ) SOLID_ANGLE_UNIT ( ) );
#2595 = CIRCLE ( 'NONE', #3497, 4.000000000000000000 ) ;
#2596 = EDGE_LOOP ( 'NONE', ( #995, #2341, #1109, #1452 ) ) ;
#2597 = CARTESIAN_POINT ( 'NONE',  ( 1.744264586700715116E-15, -4.540355630728474669E-15, -4.041421356237312246 ) ) ;
#2598 = AXIS2_PLACEMENT_3D ( 'NONE', #1456, #3415, #3377 ) ;
#2599 = FACE_BOUND ( 'NONE', #360, .T. ) ;
#2600 =( BOUNDED_SURFACE ( )  B_SPLINE_SURFACE ( 3, 3, ( 
 ( #1346, #988, #2956, #2143 ),
 ( #1577, #2087, #853, #2198 ),
 ( #1419, #259, #2471, #1954 ),
 ( #1696, #3264, #3552, #310 ) ),
 .UNSPECIFIED., .F., .F., .F. ) 
 B_SPLINE_SURFACE_WITH_KNOTS ( ( 4, 4 ),
 ( 4, 4 ),
 ( 0.000000000000000000, 1.000000000000000000 ),
 ( 0.000000000000000000, 1.000000000000000000 ),
 .UNSPECIFIED. ) 
 GEOMETRIC_REPRESENTATION_ITEM ( )  RATIONAL_B_SPLINE_SURFACE ( (
 ( 1.000000000000000000, 0.3333333333333334259, 0.3333333333333334259, 1.000000000000000000),
 ( 0.8047378541243649375, 0.2682459513747884050, 0.2682459513747884050, 0.8047378541243649375),
 ( 0.8047378541243649375, 0.2682459513747884050, 0.2682459513747884050, 0.8047378541243649375),
 ( 1.000000000000000000, 0.3333333333333334259, 0.3333333333333334259, 1.000000000000000000) ) ) 
 REPRESENTATION_ITEM ( '' )  SURFACE ( )  );
#2601 = ADVANCED_FACE ( 'NONE', ( #298, #2222 ), #1923, .F. ) ;
#2602 = EDGE_LOOP ( 'NONE', ( #343, #1294, #2230, #221 ) ) ;
#2603 = CIRCLE ( 'NONE', #1330, 2.899999999999999911 ) ;
#2604 = STYLED_ITEM ( 'NONE', ( #909 ), #716 ) ;
#2605 = DIRECTION ( 'NONE',  ( -5.600000000000000277E-16, 5.600000000000000277E-16, 1.000000000000000000 ) ) ;
#2606 = FACE_OUTER_BOUND ( 'NONE', #212, .T. ) ;
#2607 = CARTESIAN_POINT ( 'NONE',  ( 5.999999999999999112, 0.04142135623730754806, 3.000000000000001776 ) ) ;
#2608 = CIRCLE ( 'NONE', #3281, 4.000000000000000000 ) ;
#2609 = DIRECTION ( 'NONE',  ( -6.800000000000000055E-16, 5.204170427930421283E-16, 1.000000000000000000 ) ) ;
#2610 = EDGE_CURVE ( 'NONE', #2700, #2764, #1209, .T. ) ;
#2611 = CARTESIAN_POINT ( 'NONE',  ( -8.900000000000000652E-16, -2.000000000000000000, 2.220000000000000180E-15 ) ) ;
#2612 = AXIS2_PLACEMENT_3D ( 'NONE', #2793, #2175, #1131 ) ;
#2613 = FACE_OUTER_BOUND ( 'NONE', #3146, .T. ) ;
#2614 = CARTESIAN_POINT ( 'NONE',  ( 8.799999999999998934, -7.831999999999999469E-15, -4.399999999999996803 ) ) ;
#2615 = EDGE_CURVE ( 'NONE', #2621, #2184, #3506, .T. ) ;
#2616 = ORIENTED_EDGE ( 'NONE', *, *, #961, .T. ) ;
#2617 = CARTESIAN_POINT ( 'NONE',  ( 1.990908940383689357E-15, 0.09999999999999496791, -4.500000000000000000 ) ) ;
#2618 = DIRECTION ( 'NONE',  ( -5.599999999999999291E-16, 5.595882180570345180E-16, 1.000000000000000000 ) ) ;
#2619 = CARTESIAN_POINT ( 'NONE',  ( 1.388605960255793113E-15, 0.1999999999999966527, -3.000000000000000444 ) ) ;
#2620 = PRODUCT_RELATED_PRODUCT_CATEGORY ( 'part', '', ( #2132 ) ) ;
#2621 = VERTEX_POINT ( 'NONE', #2309 ) ;
#2622 = CARTESIAN_POINT ( 'NONE',  ( 1.744366677085473700E-15, 0.04142135623730498761, -4.000000000000000000 ) ) ;
#2623 = DIRECTION ( 'NONE',  ( 4.400000000000000007E-16, 1.000000000000000000, -1.110000000000000090E-15 ) ) ;
#2624 = ORIENTED_EDGE ( 'NONE', *, *, #97, .T. ) ;
#2625 = DIRECTION ( 'NONE',  ( -5.600000000000000277E-16, 5.601711224508439904E-16, 1.000000000000000000 ) ) ;
#2626 = CYLINDRICAL_SURFACE ( 'NONE', #3215, 4.000000000000000000 ) ;
#2627 = DIRECTION ( 'NONE',  ( -6.400000000000000458E-16, 5.560011140951304512E-16, 1.000000000000000000 ) ) ;
#2628 = CARTESIAN_POINT ( 'NONE',  ( -2.188887301627791255E-15, 0.1414213562373097255, 4.000000000000000000 ) ) ;
#2629 = DIRECTION ( 'NONE',  ( 3.299999999999999882E-16, 1.000000000000000000, -5.600000000000000277E-16 ) ) ;
#2630 = FACE_OUTER_BOUND ( 'NONE', #2727, .T. ) ;
#2631 = ORIENTED_EDGE ( 'NONE', *, *, #2085, .F. ) ;
#2632 = CARTESIAN_POINT ( 'NONE',  ( -2.442000000000000238E-15, -3.112167842308886081E-50, 4.400000000000000355 ) ) ;
#2633 = LINE ( 'NONE', #636, #1680 ) ;
#2634 = EDGE_CURVE ( 'NONE', #1647, #2295, #2431, .T. ) ;
#2635 = CARTESIAN_POINT ( 'NONE',  ( -1.441999999999999963E-15, 8.760000000000006266E-16, 2.600000000000000089 ) ) ;
#2636 = PRODUCT_CONTEXT ( 'NONE', #2172, 'mechanical' ) ;
#2637 = ORIENTED_EDGE ( 'NONE', *, *, #1150, .F. ) ;
#2638 = CARTESIAN_POINT ( 'NONE',  ( -2.239195959492893899E-15, -1.396371174268236363E-17, 4.041421356237312246 ) ) ;
#2639 = CARTESIAN_POINT ( 'NONE',  ( 3.023641286908388367E-15, 2.899999999999997691, -4.000000000000001776 ) ) ;
#2640 = ORIENTED_EDGE ( 'NONE', *, *, #2216, .T. ) ;
#2641 = CARTESIAN_POINT ( 'NONE',  ( -2.210000000000000018E-15, 0.1000000000000022399, 4.000000000000000000 ) ) ;
#2642 = CARTESIAN_POINT ( 'NONE',  ( 5.799999999999998046, -1.913999999999998758E-15, 2.900000000000001688 ) ) ;
#2643 = CARTESIAN_POINT ( 'NONE',  ( 5.199999999999998401, -1.715999999999998499E-15, 2.600000000000001865 ) ) ;
#2644 = CARTESIAN_POINT ( 'NONE',  ( -2.170000000000000157E-15, 0.2000000000000022593, 4.000000000000000000 ) ) ;
#2645 = CARTESIAN_POINT ( 'NONE',  ( -4.999999999999999112, 2.899999999999999023, -2.500000000000005773 ) ) ;
#2646 = CARTESIAN_POINT ( 'NONE',  ( 9.000000000000007105, 0.04142135623730151817, -4.499999999999998224 ) ) ;
#2647 = ORIENTED_EDGE ( 'NONE', *, *, #2260, .T. ) ;
#2648 = DIRECTION ( 'NONE',  ( -5.600000000000000277E-16, 5.600000000000000277E-16, 1.000000000000000000 ) ) ;
#2649 = DIRECTION ( 'NONE',  ( -6.400000000000000458E-16, 5.560011140951304512E-16, 1.000000000000000000 ) ) ;
#2650 = ORIENTED_EDGE ( 'NONE', *, *, #2839, .T. ) ;
#2651 = CARTESIAN_POINT ( 'NONE',  ( 1.669999999999999921E-15, 5.000000000000000000, -2.779999999999999814E-15 ) ) ;
#2652 = LINE ( 'NONE', #3268, #173 ) ;
#2653 = AXIS2_PLACEMENT_3D ( 'NONE', #2678, #3526, #517 ) ;
#2654 = ORIENTED_EDGE ( 'NONE', *, *, #983, .F. ) ;
#2655 = ADVANCED_FACE ( 'NONE', ( #2329 ), #1377, .F. ) ;
#2656 = FACE_OUTER_BOUND ( 'NONE', #2422, .T. ) ;
#2657 = CIRCLE ( 'NONE', #283, 2.500000000000000000 ) ;
#2658 = CARTESIAN_POINT ( 'NONE',  ( 9.699999999999999847E-16, 2.899999999999999911, -1.609999999999999932E-15 ) ) ;
#2659 = CARTESIAN_POINT ( 'NONE',  ( 5.000000000000005329, 0.04142135623730781174, 2.500000000000004885 ) ) ;
#2660 = AXIS2_PLACEMENT_3D ( 'NONE', #38, #3312, #1425 ) ;
#2661 = CIRCLE ( 'NONE', #577, 2.899999999999999911 ) ;
#2662 = CARTESIAN_POINT ( 'NONE',  ( -7.799999999999997158, 0.09999999999999820144, -3.900000000000003020 ) ) ;
#2663 = CARTESIAN_POINT ( 'NONE',  ( 8.917157287525382614, -7.922306274154907338E-15, -4.458578643762688642 ) ) ;
#2664 = AXIS2_PLACEMENT_3D ( 'NONE', #1884, #437, #2649 ) ;
#2665 = AXIS2_PLACEMENT_3D ( 'NONE', #653, #2568, #86 ) ;
#2666 = CARTESIAN_POINT ( 'NONE',  ( -1.644804040507106499E-15, 1.396371174268236363E-17, 2.958578643762688642 ) ) ;
#2667 = AXIS2_PLACEMENT_3D ( 'NONE', #374, #3098, #2022 ) ;
#2668 = ORIENTED_EDGE ( 'NONE', *, *, #433, .T. ) ;
#2669 = CARTESIAN_POINT ( 'NONE',  ( 2.612359492264318935E-15, 2.899999999999996358, -3.100000000000002753 ) ) ;
#2670 =( GEOMETRIC_REPRESENTATION_CONTEXT ( 3 ) GLOBAL_UNCERTAINTY_ASSIGNED_CONTEXT ( ( #2349 ) ) GLOBAL_UNIT_ASSIGNED_CONTEXT ( ( #71, #2277, #314 ) ) REPRESENTATION_CONTEXT ( 'NONE', 'WORKASPACE' ) );
#2671 = CARTESIAN_POINT ( 'NONE',  ( 2.413961606572817452E-15, 2.999999999999997780, -2.541421356237312246 ) ) ;
#2672 = ORIENTED_EDGE ( 'NONE', *, *, #2570, .T. ) ;
#2673 = FACE_OUTER_BOUND ( 'NONE', #607, .T. ) ;
#2674 = FACE_OUTER_BOUND ( 'NONE', #1775, .T. ) ;
#2675 = EDGE_CURVE ( 'NONE', #1257, #540, #869, .T. ) ;
#2676 = ORIENTED_EDGE ( 'NONE', *, *, #835, .F. ) ;
#2677 = CARTESIAN_POINT ( 'NONE',  ( 3.244683543639272381E-15, 2.958578643762683758, -4.500000000000006217 ) ) ;
#2678 = CARTESIAN_POINT ( 'NONE',  ( 7.000000000000000347E-17, 0.2000000000000000111, -1.099999999999999878E-16 ) ) ;
#2679 = VERTEX_POINT ( 'NONE', #1508 ) ;
#2680 = CARTESIAN_POINT ( 'NONE',  ( -5.082842712474615610, -1.183017535611847118E-15, -2.541421356237310913 ) ) ;
#2681 = EDGE_CURVE ( 'NONE', #1219, #1930, #3511, .T. ) ;
#2682 = CARTESIAN_POINT ( 'NONE',  ( 2.413961606572817452E-15, 2.999999999999997780, -2.541421356237312246 ) ) ;
#2683 = CARTESIAN_POINT ( 'NONE',  ( 3.244683543639272381E-15, 2.958578643762683758, -4.500000000000007105 ) ) ;
#2684 = ORIENTED_EDGE ( 'NONE', *, *, #1186, .T. ) ;
#2685 = CARTESIAN_POINT ( 'NONE',  ( 9.300000000000001235E-16, 2.800000039801999741, -1.549999999999999943E-15 ) ) ;
#2686 = DIRECTION ( 'NONE',  ( -3.299999999999999882E-16, -1.000000000000000000, 5.600000000000000277E-16 ) ) ;
#2687 = CONTEXT_DEPENDENT_SHAPE_REPRESENTATION ( #1616, #2742 ) ;
#2688 = ORIENTED_EDGE ( 'NONE', *, *, #82, .F. ) ;
#2689 =( BOUNDED_CURVE ( )  B_SPLINE_CURVE ( 3, ( #1022, #2125, #2677, #1628 ),
 .UNSPECIFIED., .F., .F. ) 
 B_SPLINE_CURVE_WITH_KNOTS ( ( 4, 4 ),
 ( 0.000000000000000000, 1.000000000000000000 ),
 .UNSPECIFIED. ) 
 CURVE ( )  GEOMETRIC_REPRESENTATION_ITEM ( )  RATIONAL_B_SPLINE_CURVE ( ( 1.000000000000000000, 0.8047378541243649375, 0.8047378541243649375, 1.000000000000000000 ) ) 
 REPRESENTATION_ITEM ( '' )  );
#2690 = CARTESIAN_POINT ( 'NONE',  ( -1.687533333333334144E-15, 0.1000000000000000056, 3.100000000000000089 ) ) ;
#2691 = CARTESIAN_POINT ( 'NONE',  ( -8.900000000000000652E-16, -2.000000000000000000, 1.549999999999999943E-15 ) ) ;
#2692 = ORIENTED_EDGE ( 'NONE', *, *, #552, .F. ) ;
#2693 = CARTESIAN_POINT ( 'NONE',  ( -8.000000000000000000, 0.04142135623731210692, 3.999999999999995115 ) ) ;
#2694 = CARTESIAN_POINT ( 'NONE',  ( -3.125000000000000095E-15, 4.800000000000004263, 7.499999999999997335 ) ) ;
#2695 = EDGE_LOOP ( 'NONE', ( #2654, #2402 ) ) ;
#2696 = FACE_OUTER_BOUND ( 'NONE', #1522, .T. ) ;
#2697 = CARTESIAN_POINT ( 'NONE',  ( 7.799999999999999822, 0.09999999999999306666, -3.899999999999996358 ) ) ;
#2698 =( BOUNDED_CURVE ( )  B_SPLINE_CURVE ( 3, ( #2991, #1351, #3154, #1532 ),
 .UNSPECIFIED., .F., .F. ) 
 B_SPLINE_CURVE_WITH_KNOTS ( ( 4, 4 ),
 ( 0.000000000000000000, 1.000000000000000000 ),
 .UNSPECIFIED. ) 
 CURVE ( )  GEOMETRIC_REPRESENTATION_ITEM ( )  RATIONAL_B_SPLINE_CURVE ( ( 1.000000000000000000, 0.8047378541243649375, 0.8047378541243649375, 1.000000000000000000 ) ) 
 REPRESENTATION_ITEM ( '' )  );
#2699 = DIRECTION ( 'NONE',  ( 8.900000000000000652E-16, 1.000000000000000000, -6.700000000000000402E-16 ) ) ;
#2700 = VERTEX_POINT ( 'NONE', #88 ) ;
#2701 = CARTESIAN_POINT ( 'NONE',  ( -6.000000000000000000, 0.1000000000000019901, 2.999999999999996447 ) ) ;
#2702 = CARTESIAN_POINT ( 'NONE',  ( -7.451959594928930907E-16, 3.000000000000000888, 2.541421356237308693 ) ) ;
#2703 = ORIENTED_EDGE ( 'NONE', *, *, #3298, .F. ) ;
#2704 = CARTESIAN_POINT ( 'NONE',  ( -6.000000000000000000, 0.2000000000000019817, 2.999999999999996447 ) ) ;
#2705 = CARTESIAN_POINT ( 'NONE',  ( 6.082842712474621827, 0.09999999999999799327, 3.041421356237313134 ) ) ;
#2706 = DIRECTION ( 'NONE',  ( -5.600000000000000277E-16, 5.600000000000000277E-16, 1.000000000000000000 ) ) ;
#2707 = EDGE_LOOP ( 'NONE', ( #1856, #3246 ) ) ;
#2708 = CARTESIAN_POINT ( 'NONE',  ( -2.464000000000000201E-15, 1.484000000000000251E-15, 4.400000000000000355 ) ) ;
#2709 = DIRECTION ( 'NONE',  ( 3.299999999999999882E-16, 1.000000000000000000, -5.600000000000000277E-16 ) ) ;
#2710 = ORIENTED_EDGE ( 'NONE', *, *, #1737, .T. ) ;
#2711 = CARTESIAN_POINT ( 'NONE',  ( -8.917157287525380838, 2.999999999999998668, -4.458578643762700189 ) ) ;
#2712 = CARTESIAN_POINT ( 'NONE',  ( -8.000000000000000000, 0.2000000000000026479, 3.999999999999995559 ) ) ;
#2713 = CARTESIAN_POINT ( 'NONE',  ( -1.013112698372208316E-15, 2.958578643762688642, 3.000000000000000888 ) ) ;
#2714 = CIRCLE ( 'NONE', #516, 3.899999999999999911 ) ;
#2715 = AXIS2_PLACEMENT_3D ( 'NONE', #2852, #353, #108 ) ;
#2716 = ADVANCED_FACE ( 'NONE', ( #3107, #638 ), #383, .F. ) ;
#2717 = CARTESIAN_POINT ( 'NONE',  ( 1.000000000000000078E-15, 3.000000000000000000, -1.669999999999999921E-15 ) ) ;
#2718 = ORIENTED_EDGE ( 'NONE', *, *, #854, .T. ) ;
#2719 = CARTESIAN_POINT ( 'NONE',  ( 2.776358719658940177E-15, 0.1999999999999977629, -4.000000000000000000 ) ) ;
#2720 = CIRCLE ( 'NONE', #1785, 3.899999999999999911 ) ;
#2721 = DIRECTION ( 'NONE',  ( -5.600000000000000277E-16, 5.600000000000000277E-16, 1.000000000000000000 ) ) ;
#2722 = AXIS2_PLACEMENT_3D ( 'NONE', #739, #148, #415 ) ;
#2723 = ORIENTED_EDGE ( 'NONE', *, *, #3117, .T. ) ;
#2724 = CIRCLE ( 'NONE', #3229, 2.500000000000000000 ) ;
#2725 = PRODUCT_RELATED_PRODUCT_CATEGORY ( 'part', '', ( #1681 ) ) ;
#2726 = CARTESIAN_POINT ( 'NONE',  ( 1.903155408375163062E-15, -4.928000000000001980E-15, -4.400000000000000355 ) ) ;
#2727 = EDGE_LOOP ( 'NONE', ( #3242, #3425, #2672, #520 ) ) ;
#2728 = DIRECTION ( 'NONE',  ( -3.299999999999999882E-16, -1.000000000000000000, 5.600000000000000277E-16 ) ) ;
#2729 = VERTEX_POINT ( 'NONE', #1487 ) ;
#2730 = CARTESIAN_POINT ( 'NONE',  ( -1.771999999999999803E-15, 3.000000000000002665, 4.399999999999998579 ) ) ;
#2731 = DIRECTION ( 'NONE',  ( -1.049999999999999904E-15, 1.156482317317871331E-15, 1.000000000000000000 ) ) ;
#2732 = LINE ( 'NONE', #255, #1383 ) ;
#2733 = CARTESIAN_POINT ( 'NONE',  ( -6.000000000000002665, 2.858578643762692106, 2.999999999999996003 ) ) ;
#2734 = ORIENTED_EDGE ( 'NONE', *, *, #1799, .T. ) ;
#2735 = CARTESIAN_POINT ( 'NONE',  ( -1.227169862309909968E-15, 0.04142135623730946320, 4.000000000000000000 ) ) ;
#2736 =( BOUNDED_SURFACE ( )  B_SPLINE_SURFACE ( 3, 3, ( 
 ( #1135, #3005, #2250, #45 ),
 ( #3337, #1974, #1064, #1658 ),
 ( #274, #1101, #797, #2179 ),
 ( #599, #1710, #324, #1898 ) ),
 .UNSPECIFIED., .F., .F., .T. ) 
 B_SPLINE_SURFACE_WITH_KNOTS ( ( 4, 4 ),
 ( 4, 4 ),
 ( 0.000000000000000000, 1.000000000000000000 ),
 ( 0.000000000000000000, 1.000000000000000000 ),
 .UNSPECIFIED. ) 
 GEOMETRIC_REPRESENTATION_ITEM ( )  RATIONAL_B_SPLINE_SURFACE ( (
 ( 1.000000000000000000, 0.3333333333333334259, 0.3333333333333334259, 1.000000000000000000),
 ( 0.8047378541243649375, 0.2682459513747884050, 0.2682459513747884050, 0.8047378541243649375),
 ( 0.8047378541243649375, 0.2682459513747884050, 0.2682459513747884050, 0.8047378541243649375),
 ( 1.000000000000000000, 0.3333333333333334259, 0.3333333333333334259, 1.000000000000000000) ) ) 
 REPRESENTATION_ITEM ( '' )  SURFACE ( )  );
#2737 = FACE_BOUND ( 'NONE', #2044, .T. ) ;
#2738 =( BOUNDED_CURVE ( )  B_SPLINE_CURVE ( 3, ( #734, #229, #1889, #1646 ),
 .UNSPECIFIED., .F., .T. ) 
 B_SPLINE_CURVE_WITH_KNOTS ( ( 4, 4 ),
 ( 0.000000000000000000, 1.000000000000000000 ),
 .UNSPECIFIED. ) 
 CURVE ( )  GEOMETRIC_REPRESENTATION_ITEM ( )  RATIONAL_B_SPLINE_CURVE ( ( 1.000000000000000000, 0.8047378541243649375, 0.8047378541243649375, 1.000000000000000000 ) ) 
 REPRESENTATION_ITEM ( '' )  );
#2739 = VERTEX_POINT ( 'NONE', #1468 ) ;
#2740 = ADVANCED_FACE ( 'NONE', ( #1178 ), #3191, .F. ) ;
#2741 = CARTESIAN_POINT ( 'NONE',  ( 8.000000000000005329, 2.800000039801993079, -3.999999999999999556 ) ) ;
#2742 = PRODUCT_DEFINITION_SHAPE ( 'NONE', 'NONE',  #3561 ) ;
#2743 = DIRECTION ( 'NONE',  ( 1.000000000000000000, 0.000000000000000000, 0.000000000000000000 ) ) ;
#2744 = ORIENTED_EDGE ( 'NONE', *, *, #273, .T. ) ;
#2745 = CARTESIAN_POINT ( 'NONE',  ( 2.598482653896136174E-15, 2.999999999999996891, -2.958578643762691751 ) ) ;
#2746 = DIRECTION ( 'NONE',  ( -6.299999999999999819E-16, 5.782411586589356653E-16, 1.000000000000000000 ) ) ;
#2747 = ORIENTED_EDGE ( 'NONE', *, *, #1204, .F. ) ;
#2748 = CARTESIAN_POINT ( 'NONE',  ( 3.238547180002910357E-15, 2.958578643762682869, -4.500000000000007105 ) ) ;
#2749 = ORIENTED_EDGE ( 'NONE', *, *, #1640, .F. ) ;
#2750 = DIRECTION ( 'NONE',  ( -6.299999999999999819E-16, 5.782411586589356653E-16, 1.000000000000000000 ) ) ;
#2751 = FACE_OUTER_BOUND ( 'NONE', #142, .T. ) ;
#2752 = DIRECTION ( 'NONE',  ( -6.699999999999999416E-16, 5.981805089575197183E-16, 1.000000000000000000 ) ) ;
#2753 = VERTEX_POINT ( 'NONE', #2635 ) ;
#2754 = CARTESIAN_POINT ( 'NONE',  ( -2.090000000000000040E-15, -4.799999999999999822, 3.770000000000000123E-15 ) ) ;
#2755 = CARTESIAN_POINT ( 'NONE',  ( -2.154000000000000291E-15, 0.1000000000000021844, 3.899999999999999911 ) ) ;
#2756 = VERTEX_POINT ( 'NONE', #692 ) ;
#2757 = CARTESIAN_POINT ( 'NONE',  ( 9.300000000000001235E-16, 2.799999999999999822, -1.549999999999999943E-15 ) ) ;
#2758 = CARTESIAN_POINT ( 'NONE',  ( 7.999999953369059114, 2.858578665078003844, -3.999999976684526004 ) ) ;
#2759 = SHAPE_REPRESENTATION_RELATIONSHIP ( 'NONE' , 'NONE' ,  #2237, #2582 ) ;
#2760 = EDGE_CURVE ( 'NONE', #2969, #1382, #3111, .T. ) ;
#2761 = EDGE_LOOP ( 'NONE', ( #417, #2942, #2684, #1783 ) ) ;
#2762 = CARTESIAN_POINT ( 'NONE',  ( -2.561612672851674131E-16, 3.000000000000001332, 2.958578643762688642 ) ) ;
#2763 = CARTESIAN_POINT ( 'NONE',  ( -1.409195959492892639E-15, -1.396371174268236363E-17, 2.541421356237308693 ) ) ;
#2764 = VERTEX_POINT ( 'NONE', #2363 ) ;
#2765 = DIRECTION ( 'NONE',  ( -6.200000000000000166E-16, 6.195440985631454331E-16, 1.000000000000000000 ) ) ;
#2766 = ADVANCED_FACE ( 'NONE', ( #3089 ), #2105, .F. ) ;
#2767 = CARTESIAN_POINT ( 'NONE',  ( -6.000000000000000000, 2.958578643762687310, -3.000000000000006217 ) ) ;
#2768 = CARTESIAN_POINT ( 'NONE',  ( 6.000000000000004441, 2.958578643762682425, -3.000000000000000444 ) ) ;
#2769 = DIRECTION ( 'NONE',  ( -6.400000000000000458E-16, 5.421010862427522170E-16, 1.000000000000000000 ) ) ;
#2770 = CONICAL_SURFACE ( 'NONE', #2310, 7.500000000000000000, 0.7853981633970000820 ) ;
#2771 = CARTESIAN_POINT ( 'NONE',  ( -1.544866170882423452E-15, 2.899999999999995914, 3.958578625276013785 ) ) ;
#2772 = CARTESIAN_POINT ( 'NONE',  ( -5.999999999999998224, 0.1414213562373083377, -3.000000000000003109 ) ) ;
#2773 = AXIS2_PLACEMENT_3D ( 'NONE', #245, #1348, #2454 ) ;
#2774 = CIRCLE ( 'NONE', #518, 4.000000000000000000 ) ;
#2775 = CARTESIAN_POINT ( 'NONE',  ( -2.210000000000000018E-15, 0.1000000000000022399, 4.000000000000000000 ) ) ;
#2776 = UNCERTAINTY_MEASURE_WITH_UNIT (LENGTH_MEASURE( 1.000000000000000082E-05 ), #799, 'distance_accuracy_value', 'NONE');
#2777 = AXIS2_PLACEMENT_3D ( 'NONE', #823, #2812, #1661 ) ;
#2778 = VECTOR ( 'NONE', #2592, 1000.000000000000000 ) ;
#2779 = ORIENTED_EDGE ( 'NONE', *, *, #2142, .F. ) ;
#2780 = FACE_OUTER_BOUND ( 'NONE', #2457, .T. ) ;
#2781 = AXIS2_PLACEMENT_3D ( 'NONE', #1725, #2824, #1173 ) ;
#2782 = VECTOR ( 'NONE', #1335, 1000.000000000000000 ) ;
#2783 = CARTESIAN_POINT ( 'NONE',  ( 2.979915882774036932E-15, 2.858578665078006065, -3.999999976684530889 ) ) ;
#2784 = ORIENTED_EDGE ( 'NONE', *, *, #1177, .F. ) ;
#2785 = VECTOR ( 'NONE', #225, 1000.000000000000000 ) ;
#2786 = CARTESIAN_POINT ( 'NONE',  ( -7.309639998979657910E-16, 3.000000000000000888, 2.541421356237308693 ) ) ;
#2787 = ORIENTED_EDGE ( 'NONE', *, *, #3149, .F. ) ;
#2788 =( BOUNDED_CURVE ( )  B_SPLINE_CURVE ( 3, ( #626, #3049, #1428, #3316 ),
 .UNSPECIFIED., .F., .F. ) 
 B_SPLINE_CURVE_WITH_KNOTS ( ( 4, 4 ),
 ( 0.000000000000000000, 1.000000000000000000 ),
 .UNSPECIFIED. ) 
 CURVE ( )  GEOMETRIC_REPRESENTATION_ITEM ( )  RATIONAL_B_SPLINE_CURVE ( ( 1.000000000000000000, 0.8047378541243649375, 0.8047378541243649375, 1.000000000000000000 ) ) 
 REPRESENTATION_ITEM ( '' )  );
#2789 = CARTESIAN_POINT ( 'NONE',  ( 2.363838300213161734E-15, 2.899999999999998579, -2.500000000000001776 ) ) ;
#2790 = CARTESIAN_POINT ( 'NONE',  ( -2.170000000000000157E-15, 0.2000000000000022593, 4.000000000000000000 ) ) ;
#2791 = CARTESIAN_POINT ( 'NONE',  ( 2.572605960255792630E-15, 2.899999999999996358, -3.000000000000003109 ) ) ;
#2792 = EDGE_CURVE ( 'NONE', #3053, #860, #1738, .T. ) ;
#2793 = CARTESIAN_POINT ( 'NONE',  ( 9.699999999999999847E-16, 2.899999999999999911, -1.609999999999999932E-15 ) ) ;
#2794 = CARTESIAN_POINT ( 'NONE',  ( -7.999999999999999112, 2.800000039801998408, -4.000000000000007994 ) ) ;
#2795 = CARTESIAN_POINT ( 'NONE',  ( -5.999999999999997335, 0.1999999999999986233, -3.000000000000003109 ) ) ;
#2796 = FACE_OUTER_BOUND ( 'NONE', #1470, .T. ) ;
#2797 = ORIENTED_EDGE ( 'NONE', *, *, #2025, .T. ) ;
#2798 = CARTESIAN_POINT ( 'NONE',  ( 1.098063696957575952E-15, 0.04142135623730665989, -2.500000000000003109 ) ) ;
#2799 = CARTESIAN_POINT ( 'NONE',  ( 7.917157250552029346, 2.899999999999994138, 3.958578625276017338 ) ) ;
#2800 = SHAPE_REPRESENTATION_RELATIONSHIP ( 'NONE' , 'NONE' ,  #868, #456 ) ;
#2801 = ORIENTED_EDGE ( 'NONE', *, *, #912, .F. ) ;
#2802 = CARTESIAN_POINT ( 'NONE',  ( -5.000000000000009770, 2.958578643762689531, 2.499999999999999556 ) ) ;
#2803 = DIRECTION ( 'NONE',  ( 6.700000000000000402E-16, 1.000000000000000000, -5.600000000000000277E-16 ) ) ;
#2804 = DIRECTION ( 'NONE',  ( 3.299999999999999882E-16, 1.000000000000000000, -5.600000000000000277E-16 ) ) ;
#2805 = CARTESIAN_POINT ( 'NONE',  ( 3.000000000000000061E-17, 0.1000000000000000056, -6.000000000000000121E-17 ) ) ;
#2806 = CARTESIAN_POINT ( 'NONE',  ( -7.917157250552025793, 2.899999999999994138, -3.958578625276020446 ) ) ;
#2807 = CARTESIAN_POINT ( 'NONE',  ( 1.097961606572816973E-15, -2.860355630728469459E-15, -2.541421356237308693 ) ) ;
#2808 = CARTESIAN_POINT ( 'NONE',  ( -6.037896246991703237E-16, 3.000000000000000000, 4.100000000000000533 ) ) ;
#2809 = DIRECTION ( 'NONE',  ( 3.299999999999999882E-16, 1.000000000000000000, -5.600000000000000277E-16 ) ) ;
#2810 = ORIENTED_EDGE ( 'NONE', *, *, #584, .F. ) ;
#2811 = CARTESIAN_POINT ( 'NONE',  ( 6.000000000000004441, 2.858578643762685001, -3.000000000000000444 ) ) ;
#2812 = DIRECTION ( 'NONE',  ( -3.299999999999999882E-16, -1.000000000000000000, 5.600000000000000277E-16 ) ) ;
#2813 = DIRECTION ( 'NONE',  ( 1.000000000000000000, 0.000000000000000000, 0.000000000000000000 ) ) ;
#2814 = VERTEX_POINT ( 'NONE', #1618 ) ;
#2815 = CARTESIAN_POINT ( 'NONE',  ( -1.376887301627791471E-15, 0.04142135623730947708, 2.500000000000003997 ) ) ;
#2816 = EDGE_CURVE ( 'NONE', #1803, #3544, #3006, .T. ) ;
#2817 = CARTESIAN_POINT ( 'NONE',  ( 1.599999999999999967E-15, 4.799999999999999822, -2.660000000000000230E-15 ) ) ;
#2818 = CARTESIAN_POINT ( 'NONE',  ( -9.325333333333346945E-16, 3.000000000000000000, 2.899999999999999911 ) ) ;
#2819 = DIRECTION ( 'NONE',  ( -1.049999999999999904E-15, 6.746146851020916917E-16, 1.000000000000000000 ) ) ;
#2820 = DIRECTION ( 'NONE',  ( -6.400000000000000458E-16, 5.421010862427522170E-16, 1.000000000000000000 ) ) ;
#2821 = CARTESIAN_POINT ( 'NONE',  ( -5.812319016310862125E-16, 2.899999999999995914, 3.958578625276013785 ) ) ;
#2822 = CARTESIAN_POINT ( 'NONE',  ( 1.928785634024029894E-15, -4.979644369271533296E-15, -4.458578643762691307 ) ) ;
#2823 = EDGE_CURVE ( 'NONE', #1528, #2764, #1273, .T. ) ;
#2824 = DIRECTION ( 'NONE',  ( 3.299999999999999882E-16, 1.000000000000000000, -5.600000000000000277E-16 ) ) ;
#2825 = EDGE_LOOP ( 'NONE', ( #798, #537 ) ) ;
#2826 = AXIS2_PLACEMENT_3D ( 'NONE', #3119, #1477, #646 ) ;
#2827 = CARTESIAN_POINT ( 'NONE',  ( -7.645639020541137583E-16, 0.04142135623730944932, 2.500000000000003109 ) ) ;
#2828 = CARTESIAN_POINT ( 'NONE',  ( 5.999999999999999112, 0.1414213562373077826, 3.000000000000001776 ) ) ;
#2829 = AXIS2_PLACEMENT_3D ( 'NONE', #1492, #3115, #3135 ) ;
#2830 = ORIENTED_EDGE ( 'NONE', *, *, #1015, .T. ) ;
#2831 = CARTESIAN_POINT ( 'NONE',  ( -7.999999999999996447, 0.09999999999999815981, -4.000000000000003553 ) ) ;
#2832 = AXIS2_PLACEMENT_3D ( 'NONE', #507, #1380, #1063 ) ;
#2833 = CARTESIAN_POINT ( 'NONE',  ( 1.769894812349584512E-15, -3.206000000000000425E-15, -4.100000000000000533 ) ) ;
#2834 = AXIS2_PLACEMENT_3D ( 'NONE', #2983, #1061, #1637 ) ;
#2835 = ORIENTED_EDGE ( 'NONE', *, *, #3525, .T. ) ;
#2836 = DIRECTION ( 'NONE',  ( 8.900000000000000652E-16, 1.000000000000000000, -6.700000000000000402E-16 ) ) ;
#2837 = AXIS2_PLACEMENT_3D ( 'NONE', #1924, #881, #2813 ) ;
#2838 = CARTESIAN_POINT ( 'NONE',  ( 2.948141306610378265E-15, 2.800000039801995300, -4.000000000000003553 ) ) ;
#2839 = EDGE_CURVE ( 'NONE', #1845, #1382, #1608, .T. ) ;
#2840 = CARTESIAN_POINT ( 'NONE',  ( 1.123591832221687552E-15, -2.036000000000000346E-15, -2.600000000000000089 ) ) ;
#2841 = CARTESIAN_POINT ( 'NONE',  ( 8.000000000000001776, 2.958578643762685978, 4.000000000000003553 ) ) ;
#2842 = DIRECTION ( 'NONE',  ( 3.299999999999999882E-16, 1.000000000000000000, -5.600000000000000277E-16 ) ) ;
#2843 = EDGE_LOOP ( 'NONE', ( #1120, #2532 ) ) ;
#2844 = CARTESIAN_POINT ( 'NONE',  ( 5.917157287525381726, 2.999999999999994671, -2.958578643762688198 ) ) ;
#2845 = CARTESIAN_POINT ( 'NONE',  ( -1.196282560682117097E-15, 0.2000000000000000111, 4.000000000000000000 ) ) ;
#2846 = CARTESIAN_POINT ( 'NONE',  ( 9.699999999999999847E-16, 2.899999999999999911, -1.609999999999999932E-15 ) ) ;
#2847 = ORIENTED_EDGE ( 'NONE', *, *, #1759, .T. ) ;
#2848 = EDGE_CURVE ( 'NONE', #784, #2461, #1636, .T. ) ;
#2849 = CARTESIAN_POINT ( 'NONE',  ( 3.218908940383688407E-15, 2.899999999999994582, -4.500000000000003553 ) ) ;
#2850 = CYLINDRICAL_SURFACE ( 'NONE', #1683, 4.500000000000000000 ) ;
#2851 =( BOUNDED_CURVE ( )  B_SPLINE_CURVE ( 3, ( #1291, #1018, #2671, #782 ),
 .UNSPECIFIED., .F., .F. ) 
 B_SPLINE_CURVE_WITH_KNOTS ( ( 4, 4 ),
 ( 0.000000000000000000, 1.000000000000000000 ),
 .UNSPECIFIED. ) 
 CURVE ( )  GEOMETRIC_REPRESENTATION_ITEM ( )  RATIONAL_B_SPLINE_CURVE ( ( 1.000000000000000000, 0.8047378541243649375, 0.8047378541243649375, 1.000000000000000000 ) ) 
 REPRESENTATION_ITEM ( '' )  );
#2852 = CARTESIAN_POINT ( 'NONE',  ( 3.000000000000000061E-17, 0.1000000000000000056, -6.000000000000000121E-17 ) ) ;
#2853 = CARTESIAN_POINT ( 'NONE',  ( 0.000000000000000000, -9.799999999999999499E-16, 0.000000000000000000 ) ) ;
#2854 = CARTESIAN_POINT ( 'NONE',  ( 5.082842712474617386, -4.537693725845090813E-15, -2.541421356237306028 ) ) ;
#2855 = CARTESIAN_POINT ( 'NONE',  ( 3.000000000000000061E-17, 0.1000000000000000056, -6.000000000000000121E-17 ) ) ;
#2856 = CARTESIAN_POINT ( 'NONE',  ( -1.701999999999999849E-15, 0.1000000000000017403, 3.100000000000000089 ) ) ;
#2857 = CARTESIAN_POINT ( 'NONE',  ( 1.903155408375163062E-15, -4.928000000000001980E-15, -4.400000000000000355 ) ) ;
#2858 = DIRECTION ( 'NONE',  ( 3.299999999999999882E-16, 1.000000000000000000, -5.600000000000000277E-16 ) ) ;
#2859 = EDGE_CURVE ( 'NONE', #833, #3409, #2203, .T. ) ;
#2860 = ORIENTED_EDGE ( 'NONE', *, *, #2356, .F. ) ;
#2861 = CARTESIAN_POINT ( 'NONE',  ( -2.220000000000000180E-15, -5.000000000000000000, 5.549999999999999859E-15 ) ) ;
#2862 = CARTESIAN_POINT ( 'NONE',  ( 3.000000000000000061E-17, 0.1000000000000000056, -6.000000000000000121E-17 ) ) ;
#2863 = CARTESIAN_POINT ( 'NONE',  ( 6.200000000000000178, 0.09999999999999449607, -3.099999999999997424 ) ) ;
#2864 = SHAPE_DEFINITION_REPRESENTATION ( #1387, #3075 ) ;
#2865 = ORIENTED_EDGE ( 'NONE', *, *, #1486, .F. ) ;
#2866 = CARTESIAN_POINT ( 'NONE',  ( -7.999999999999996447, 0.04142135623730763133, -4.000000000000003553 ) ) ;
#2867 = DIRECTION ( 'NONE',  ( 3.299999999999999882E-16, 1.000000000000000000, -5.600000000000000277E-16 ) ) ;
#2868 = ORIENTED_EDGE ( 'NONE', *, *, #973, .T. ) ;
#2869 = CYLINDRICAL_SURFACE ( 'NONE', #1621, 4.500000000000000000 ) ;
#2870 = CARTESIAN_POINT ( 'NONE',  ( 2.612359492264318935E-15, 2.899999999999998135, -3.100000000000001421 ) ) ;
#2871 = DIRECTION ( 'NONE',  ( -5.600000000000000277E-16, 5.624298769768554251E-16, 1.000000000000000000 ) ) ;
#2872 = CARTESIAN_POINT ( 'NONE',  ( 2.973915891565457355E-15, 2.858578665078006065, -3.999999976684530889 ) ) ;
#2873 =( BOUNDED_CURVE ( )  B_SPLINE_CURVE ( 3, ( #3131, #386, #1781, #2885 ),
 .UNSPECIFIED., .F., .T. ) 
 B_SPLINE_CURVE_WITH_KNOTS ( ( 4, 4 ),
 ( 0.000000000000000000, 1.000000000000000000 ),
 .UNSPECIFIED. ) 
 CURVE ( )  GEOMETRIC_REPRESENTATION_ITEM ( )  RATIONAL_B_SPLINE_CURVE ( ( 1.000000000000000000, 0.8047378541243649375, 0.8047378541243649375, 1.000000000000000000 ) ) 
 REPRESENTATION_ITEM ( '' )  );
#2874 = CARTESIAN_POINT ( 'NONE',  ( -7.309639998979657910E-16, 3.000000000000000888, 2.541421356237308693 ) ) ;
#2875 = FACE_OUTER_BOUND ( 'NONE', #3280, .T. ) ;
#2876 = EDGE_LOOP ( 'NONE', ( #1116, #1760, #1955, #3233 ) ) ;
#2877 = CARTESIAN_POINT ( 'NONE',  ( 6.000000000000004441, 2.858578643762685001, -3.000000000000000444 ) ) ;
#2878 = ADVANCED_FACE ( 'NONE', ( #744, #1815 ), #1539, .F. ) ;
#2879 = DIRECTION ( 'NONE',  ( -6.200000000000001152E-16, 5.782411586589356653E-16, 1.000000000000000000 ) ) ;
#2880 = CARTESIAN_POINT ( 'NONE',  ( -1.364000000000000076E-15, 0.1000000000000000056, 2.500000000000000000 ) ) ;
#2881 = APPLICATION_PROTOCOL_DEFINITION ( 'draft international standard', 'automotive_design', 1998, #665 ) ;
#2882 = VECTOR ( 'NONE', #2974, 1000.000000000000114 ) ;
#2883 = ORIENTED_EDGE ( 'NONE', *, *, #176, .F. ) ;
#2884 = EDGE_CURVE ( 'NONE', #2921, #193, #9, .T. ) ;
#2885 = CARTESIAN_POINT ( 'NONE',  ( 1.901838300213160932E-15, 0.09999999999999860389, -2.500000000000000000 ) ) ;
#2886 = CLOSED_SHELL ( 'NONE', ( #1537, #3044, #1286, #681, #1975, #2523, #325, #1279, #1130, #2878, #3348, #2285, #1580, #1359, #3282, #3086, #3000, #93, #748, #208, #1303, #2148 ) ) ;
#2887 = CARTESIAN_POINT ( 'NONE',  ( 3.212772576747325988E-15, 2.899999999999994582, -4.500000000000003553 ) ) ;
#2888 = ORIENTED_EDGE ( 'NONE', *, *, #2224, .T. ) ;
#2889 = AXIS2_PLACEMENT_3D ( 'NONE', #347, #911, #2293 ) ;
#2890 = MECHANICAL_DESIGN_GEOMETRIC_PRESENTATION_REPRESENTATION (  '', ( #1848 ), #1092 ) ;
#2891 = DIRECTION ( 'NONE',  ( -5.600000000000000277E-16, 5.601711224508439904E-16, 1.000000000000000000 ) ) ;
#2892 = CARTESIAN_POINT ( 'NONE',  ( -9.017048564945351978E-16, -3.851859888774471706E-31, 2.899999999999999911 ) ) ;
#2893 = CARTESIAN_POINT ( 'NONE',  ( 5.082842712474615610, -1.691301806859304883E-15, 2.541421356237310469 ) ) ;
#2894 = AXIS2_PLACEMENT_3D ( 'NONE', #2429, #1573, #3245 ) ;
#2895 = CARTESIAN_POINT ( 'NONE',  ( 9.699999999999999847E-16, 2.899999999999999911, -1.609999999999999932E-15 ) ) ;
#2896 = CARTESIAN_POINT ( 'NONE',  ( 8.000000000000001776, 2.800000039801997076, 4.000000000000003553 ) ) ;
#2897 = AXIS2_PLACEMENT_3D ( 'NONE', #2855, #666, #2002 ) ;
#2898 = EDGE_CURVE ( 'NONE', #193, #474, #2851, .T. ) ;
#2899 =( BOUNDED_SURFACE ( )  B_SPLINE_SURFACE ( 3, 3, ( 
 ( #3122, #3054, #309, #1404 ),
 ( #891, #1695, #2841, #1989 ),
 ( #2540, #2235, #2509, #1189 ),
 ( #852, #358, #28, #2808 ) ),
 .UNSPECIFIED., .F., .F., .F. ) 
 B_SPLINE_SURFACE_WITH_KNOTS ( ( 4, 4 ),
 ( 4, 4 ),
 ( 0.000000000000000000, 1.000000000000000000 ),
 ( 0.000000000000000000, 1.000000000000000000 ),
 .UNSPECIFIED. ) 
 GEOMETRIC_REPRESENTATION_ITEM ( )  RATIONAL_B_SPLINE_SURFACE ( (
 ( 1.000000000000000000, 0.3333333333333334259, 0.3333333333333334259, 1.000000000000000000),
 ( 0.8047378541243649375, 0.2682459513747884050, 0.2682459513747884050, 0.8047378541243649375),
 ( 0.8047378541243649375, 0.2682459513747884050, 0.2682459513747884050, 0.8047378541243649375),
 ( 1.000000000000000000, 0.3333333333333334259, 0.3333333333333334259, 1.000000000000000000) ) ) 
 REPRESENTATION_ITEM ( '' )  SURFACE ( )  );
#2900 = DIRECTION ( 'NONE',  ( 3.299999999999999882E-16, 1.000000000000000000, -5.600000000000000277E-16 ) ) ;
#2901 = ORIENTED_EDGE ( 'NONE', *, *, #1985, .F. ) ;
#2902 = DIRECTION ( 'NONE',  ( 3.299999999999999882E-16, 1.000000000000000000, -5.600000000000000277E-16 ) ) ;
#2903 = CARTESIAN_POINT ( 'NONE',  ( -5.082842712474618274, 1.663374383373939601E-15, 2.541421356237305584 ) ) ;
#2904 = ORIENTED_EDGE ( 'NONE', *, *, #1603, .F. ) ;
#2905 = EDGE_CURVE ( 'NONE', #2921, #46, #1724, .T. ) ;
#2906 = LINE ( 'NONE', #2033, #2256 ) ;
#2907 = DIRECTION ( 'NONE',  ( 3.299999999999999882E-16, 1.000000000000000000, -5.600000000000000277E-16 ) ) ;
#2908 = ORIENTED_EDGE ( 'NONE', *, *, #2848, .F. ) ;
#2909 = DIRECTION ( 'NONE',  ( -5.599999999999999291E-16, 5.599999999999999291E-16, 1.000000000000000000 ) ) ;
#2910 = CARTESIAN_POINT ( 'NONE',  ( 2.776358719658939388E-15, 0.09999999999999777123, -4.000000000000000000 ) ) ;
#2911 = CARTESIAN_POINT ( 'NONE',  ( -9.017048564945351978E-16, -3.851859888774471706E-31, 2.899999999999999911 ) ) ;
#2912 = DIRECTION ( 'NONE',  ( -3.299999999999999882E-16, -1.000000000000000000, 5.600000000000000277E-16 ) ) ;
#2913 = CARTESIAN_POINT ( 'NONE',  ( 3.563091059616308200E-15, 2.899999999999997247, -4.500000000000001776 ) ) ;
#2914 = CARTESIAN_POINT ( 'NONE',  ( 3.023641286908387184E-15, 2.800000039801997520, -4.000000000000001776 ) ) ;
#2915 = CARTESIAN_POINT ( 'NONE',  ( 2.557385761580601451E-15, 2.999999999999996891, -2.900000000000003464 ) ) ;
#2916 = EDGE_CURVE ( 'NONE', #1491, #2700, #2379, .T. ) ;
#2917 = VERTEX_POINT ( 'NONE', #3517 ) ;
#2918 = FACE_OUTER_BOUND ( 'NONE', #1275, .T. ) ;
#2919 = CARTESIAN_POINT ( 'NONE',  ( -7.299999999999999305E-16, 2.900000000000001243, 2.499999999999998224 ) ) ;
#2920 = ADVANCED_FACE ( 'NONE', ( #1272 ), #710, .T. ) ;
#2921 = VERTEX_POINT ( 'NONE', #2121 ) ;
#2922 = DIRECTION ( 'NONE',  ( -6.599999999999999763E-16, 5.782411586589356653E-16, 1.000000000000000000 ) ) ;
#2923 = CYLINDRICAL_SURFACE ( 'NONE', #805, 4.500000000000000000 ) ;
#2924 = PRODUCT_DEFINITION_CONTEXT ( 'detailed design', #2357, 'design' ) ;
#2925 = ORIENTED_EDGE ( 'NONE', *, *, #965, .T. ) ;
#2926 = CARTESIAN_POINT ( 'NONE',  ( 2.612359492264318935E-15, 2.899999999999996358, -3.100000000000002753 ) ) ;
#2927 = LINE ( 'NONE', #3171, #684 ) ;
#2928 = ADVANCED_FACE ( 'NONE', ( #2986 ), #2600, .F. ) ;
#2929 = CARTESIAN_POINT ( 'NONE',  ( 5.199999999999999289, -4.627999999999998683E-15, -2.599999999999997868 ) ) ;
#2930 = EDGE_CURVE ( 'NONE', #219, #1659, #2331, .T. ) ;
#2931 = DIRECTION ( 'NONE',  ( -6.699999999999999416E-16, 5.981805089575197183E-16, 1.000000000000000000 ) ) ;
#2932 = CARTESIAN_POINT ( 'NONE',  ( -5.614999999999999141E-15, -1.999999999999997113, 4.500000000000002665 ) ) ;
#2933 = CARTESIAN_POINT ( 'NONE',  ( -1.010000000000001423E-15, 2.899999999999999911, 3.000000000000000000 ) ) ;
#2934 = VERTEX_POINT ( 'NONE', #29 ) ;
#2935 = CARTESIAN_POINT ( 'NONE',  ( -2.963246188837955010E-16, 2.858578643762690330, 3.000000000000001332 ) ) ;
#2936 = CARTESIAN_POINT ( 'NONE',  ( 7.000000000000000347E-17, 0.2000000000000000111, -1.099999999999999878E-16 ) ) ;
#2937 = ORIENTED_EDGE ( 'NONE', *, *, #84, .F. ) ;
#2938 = CARTESIAN_POINT ( 'NONE',  ( 1.388359492264320148E-15, 0.09999999999999827083, -3.100000000000000089 ) ) ;
#2939 = ADVANCED_FACE ( 'NONE', ( #3285 ), #2527, .F. ) ;
#2940 = CARTESIAN_POINT ( 'NONE',  ( 6.700000000000000402E-16, 2.000000000000000000, -1.110000000000000090E-15 ) ) ;
#2941 = AXIS2_PLACEMENT_3D ( 'NONE', #2054, #1752, #920 ) ;
#2942 = ORIENTED_EDGE ( 'NONE', *, *, #2030, .F. ) ;
#2943 = AXIS2_PLACEMENT_3D ( 'NONE', #2113, #3486, #252 ) ;
#2944 = CARTESIAN_POINT ( 'NONE',  ( 1.000000000000000078E-15, 3.000000000000000000, -1.669999999999999921E-15 ) ) ;
#2945 = VECTOR ( 'NONE', #2189, 1000.000000000000000 ) ;
#2946 = FACE_OUTER_BOUND ( 'NONE', #1006, .T. ) ;
#2947 = AXIS2_PLACEMENT_3D ( 'NONE', #916, #3133, #140 ) ;
#2948 = AXIS2_PLACEMENT_3D ( 'NONE', #2685, #3443, #1575 ) ;
#2949 = CARTESIAN_POINT ( 'NONE',  ( 1.818141280341057073E-15, 0.1999999999999955425, -4.000000000000000000 ) ) ;
#2950 = CARTESIAN_POINT ( 'NONE',  ( 2.598482653896136174E-15, 2.999999999999996447, -2.958578643762691751 ) ) ;
#2951 = CIRCLE ( 'NONE', #2781, 3.000000000000000000 ) ;
#2952 = CIRCLE ( 'NONE', #3052, 7.500000000000000000 ) ;
#2953 = CARTESIAN_POINT ( 'NONE',  ( -9.325333333333346945E-16, 3.000000000000000000, 2.899999999999999911 ) ) ;
#2954 = CIRCLE ( 'NONE', #637, 2.899999999999999911 ) ;
#2955 = ORIENTED_EDGE ( 'NONE', *, *, #2303, .T. ) ;
#2956 = CARTESIAN_POINT ( 'NONE',  ( -7.999999999999999112, 2.899999999999997691, -4.000000000000007994 ) ) ;
#2957 = CARTESIAN_POINT ( 'NONE',  ( -1.655002659830451690E-15, 0.1000000000000000194, 3.041421356237311802 ) ) ;
#2958 = LINE ( 'NONE', #1601, #3002 ) ;
#2959 = ORIENTED_EDGE ( 'NONE', *, *, #3546, .F. ) ;
#2960 = CYLINDRICAL_SURFACE ( 'NONE', #870, 3.000000000000000000 ) ;
#2961 = CARTESIAN_POINT ( 'NONE',  ( 2.967079631873376379E-15, 2.899999999999997691, -3.900000000000001688 ) ) ;
#2962 = CARTESIAN_POINT ( 'NONE',  ( 1.097961606572817170E-15, -2.860355630728468275E-15, -2.541421356237308693 ) ) ;
#2963 = CYLINDRICAL_SURFACE ( 'NONE', #453, 4.500000000000000000 ) ;
#2964 = CARTESIAN_POINT ( 'NONE',  ( -7.538178807673812849E-16, 2.899999999999999911, 4.500000000000000000 ) ) ;
#2965 = CARTESIAN_POINT ( 'NONE',  ( 2.582703567796070235E-15, 2.999999999999996891, -2.958578643762691751 ) ) ;
#2966 =( BOUNDED_SURFACE ( )  B_SPLINE_SURFACE ( 3, 3, ( 
 ( #175, #460, #1034, #1832 ),
 ( #2149, #2455, #207, #2390 ),
 ( #3539, #1278, #2107, #511 ),
 ( #479, #1871, #223, #2726 ) ),
 .UNSPECIFIED., .F., .F., .T. ) 
 B_SPLINE_SURFACE_WITH_KNOTS ( ( 4, 4 ),
 ( 4, 4 ),
 ( 0.000000000000000000, 1.000000000000000000 ),
 ( 0.000000000000000000, 1.000000000000000000 ),
 .UNSPECIFIED. ) 
 GEOMETRIC_REPRESENTATION_ITEM ( )  RATIONAL_B_SPLINE_SURFACE ( (
 ( 1.000000000000000000, 0.3333333333333334259, 0.3333333333333334259, 1.000000000000000000),
 ( 0.8047378541243649375, 0.2682459513747884050, 0.2682459513747884050, 0.8047378541243649375),
 ( 0.8047378541243649375, 0.2682459513747884050, 0.2682459513747884050, 0.8047378541243649375),
 ( 1.000000000000000000, 0.3333333333333334259, 0.3333333333333334259, 1.000000000000000000) ) ) 
 REPRESENTATION_ITEM ( '' )  SURFACE ( )  );
#2967 = ORIENTED_EDGE ( 'NONE', *, *, #112, .T. ) ;
#2968 = CARTESIAN_POINT ( 'NONE',  ( -1.249333213908538108E-15, -1.396371174268245607E-17, 4.041421356237312246 ) ) ;
#2969 = VERTEX_POINT ( 'NONE', #3068 ) ;
#2970 = CARTESIAN_POINT ( 'NONE',  ( -5.999999999999998224, 0.1414213562373083377, -3.000000000000003109 ) ) ;
#2971 = CARTESIAN_POINT ( 'NONE',  ( 6.082842712474624491, 0.09999999999999460709, -3.041421356237308693 ) ) ;
#2972 =( NAMED_UNIT ( * ) PLANE_ANGLE_UNIT ( ) SI_UNIT ( $, .RADIAN. ) );
#2973 = ORIENTED_EDGE ( 'NONE', *, *, #3516, .T. ) ;
#2974 = DIRECTION ( 'NONE',  ( -4.949747468261131979E-17, 0.7071067811868648745, 0.7071067811862300490 ) ) ;
#2975 = EDGE_CURVE ( 'NONE', #2764, #1528, #2608, .T. ) ;
#2976 = ORIENTED_EDGE ( 'NONE', *, *, #37, .T. ) ;
#2977 = EDGE_CURVE ( 'NONE', #171, #3537, #376, .T. ) ;
#2978 = CARTESIAN_POINT ( 'NONE',  ( -1.376887301627791274E-15, 0.04142135623730946320, 2.500000000000003109 ) ) ;
#2979 =( BOUNDED_CURVE ( )  B_SPLINE_CURVE ( 3, ( #1809, #944, #1188, #2913 ),
 .UNSPECIFIED., .F., .F. ) 
 B_SPLINE_CURVE_WITH_KNOTS ( ( 4, 4 ),
 ( 0.000000000000000000, 1.000000000000000000 ),
 .UNSPECIFIED. ) 
 CURVE ( )  GEOMETRIC_REPRESENTATION_ITEM ( )  RATIONAL_B_SPLINE_CURVE ( ( 1.000000000000000000, 0.8047378541243649375, 0.8047378541243649375, 1.000000000000000000 ) ) 
 REPRESENTATION_ITEM ( '' )  );
#2980 = CARTESIAN_POINT ( 'NONE',  ( 1.769894812349584512E-15, -3.206000000000000425E-15, -4.100000000000000533 ) ) ;
#2981 = CARTESIAN_POINT ( 'NONE',  ( 9.000000000000008882, 2.958578643762685978, 4.500000000000007105 ) ) ;
#2982 = EDGE_CURVE ( 'NONE', #784, #2350, #1794, .T. ) ;
#2983 = CARTESIAN_POINT ( 'NONE',  ( 9.300000000000001235E-16, 2.799999999999999822, -1.549999999999999943E-15 ) ) ;
#2984 = ORIENTED_EDGE ( 'NONE', *, *, #2470, .T. ) ;
#2985 = CARTESIAN_POINT ( 'NONE',  ( -3.125000000000000095E-15, 4.800000000000004263, 7.499999999999997335 ) ) ;
#2986 = FACE_OUTER_BOUND ( 'NONE', #307, .T. ) ;
#2987 = ADVANCED_FACE ( 'NONE', ( #2796 ), #2736, .F. ) ;
#2988 = ORIENTED_EDGE ( 'NONE', *, *, #1818, .F. ) ;
#2989 = CYLINDRICAL_SURFACE ( 'NONE', #687, 2.500000000000000000 ) ;
#2990 = DIRECTION ( 'NONE',  ( -5.999999999999998889E-16, 5.782411586589356653E-16, 1.000000000000000000 ) ) ;
#2991 = CARTESIAN_POINT ( 'NONE',  ( -1.771999999999999803E-15, 3.000000000000002665, 4.399999999999998579 ) ) ;
#2992 = EDGE_CURVE ( 'NONE', #2252, #3344, #2374, .T. ) ;
#2993 = ORIENTED_EDGE ( 'NONE', *, *, #1258, .F. ) ;
#2994 = CARTESIAN_POINT ( 'NONE',  ( -1.959999999999999900E-15, 1.179999999999999847E-15, 3.500000000000000000 ) ) ;
#2995 = CARTESIAN_POINT ( 'NONE',  ( 9.699999999999999847E-16, 2.899999999999999911, -1.609999999999999932E-15 ) ) ;
#2996 = CARTESIAN_POINT ( 'NONE',  ( -7.003108167503285065E-16, 3.000000000000000000, 4.400000000000000355 ) ) ;
#2997 = AXIS2_PLACEMENT_3D ( 'NONE', #478, #439, #1564 ) ;
#2998 = AXIS2_PLACEMENT_3D ( 'NONE', #1967, #24, #2750 ) ;
#2999 = CARTESIAN_POINT ( 'NONE',  ( -1.031112698372207622E-15, 2.858578643762690330, 3.000000000000000888 ) ) ;
#3000 = ADVANCED_FACE ( 'NONE', ( #2737, #2510 ), #3302, .F. ) ;
#3001 = EDGE_LOOP ( 'NONE', ( #1089, #1310, #1140, #1976 ) ) ;
#3002 = VECTOR ( 'NONE', #2438, 1000.000000000000000 ) ;
#3003 = CARTESIAN_POINT ( 'NONE',  ( 1.318831357000210199E-15, 0.04142135623730617416, -3.000000000000000888 ) ) ;
#3004 = AXIS2_PLACEMENT_3D ( 'NONE', #3492, #564, #2218 ) ;
#3005 = CARTESIAN_POINT ( 'NONE',  ( 8.000000000000005329, 2.899999999999992362, -3.999999999999999556 ) ) ;
#3006 = CIRCLE ( 'NONE', #179, 4.500000000000000000 ) ;
#3007 = SHAPE_DEFINITION_REPRESENTATION ( #1418, #868 ) ;
#3008 = ORIENTED_EDGE ( 'NONE', *, *, #2675, .T. ) ;
#3009 = CARTESIAN_POINT ( 'NONE',  ( -3.092119205115877837E-16, 2.799999999999999822, 3.000000000000000000 ) ) ;
#3010 = CARTESIAN_POINT ( 'NONE',  ( -5.627754966650642616E-16, 2.899999999999999911, 3.899999999999999911 ) ) ;
#3011 =( BOUNDED_SURFACE ( )  B_SPLINE_SURFACE ( 3, 3, ( 
 ( #40, #1128, #608, #2246 ),
 ( #1983, #1399, #2558, #1650 ),
 ( #2283, #1427, #887, #1720 ),
 ( #1948, #3329, #2504, #77 ) ),
 .UNSPECIFIED., .F., .F., .F. ) 
 B_SPLINE_SURFACE_WITH_KNOTS ( ( 4, 4 ),
 ( 4, 4 ),
 ( 0.000000000000000000, 1.000000000000000000 ),
 ( 0.000000000000000000, 1.000000000000000000 ),
 .UNSPECIFIED. ) 
 GEOMETRIC_REPRESENTATION_ITEM ( )  RATIONAL_B_SPLINE_SURFACE ( (
 ( 1.000000000000000000, 0.3333333333333334259, 0.3333333333333334259, 1.000000000000000000),
 ( 0.8047378541243649375, 0.2682459513747884050, 0.2682459513747884050, 0.8047378541243649375),
 ( 0.8047378541243649375, 0.2682459513747884050, 0.2682459513747884050, 0.8047378541243649375),
 ( 1.000000000000000000, 0.3333333333333334259, 0.3333333333333334259, 1.000000000000000000) ) ) 
 REPRESENTATION_ITEM ( '' )  SURFACE ( )  );
#3012 = VERTEX_POINT ( 'NONE', #1674 ) ;
#3013 = DIRECTION ( 'NONE',  ( 3.299999999999999882E-16, 1.000000000000000000, -5.600000000000000277E-16 ) ) ;
#3014 = VERTEX_POINT ( 'NONE', #2775 ) ;
#3015 = CARTESIAN_POINT ( 'NONE',  ( -1.810804040507108014E-15, 3.000000000000000888, 4.458578643762691307 ) ) ;
#3016 = CARTESIAN_POINT ( 'NONE',  ( -7.999999999999996447, 0.1414213562373078659, -4.000000000000003553 ) ) ;
#3017 = CARTESIAN_POINT ( 'NONE',  ( -1.441999999999999963E-15, 8.760000000000006266E-16, 2.600000000000000089 ) ) ;
#3018 = CARTESIAN_POINT ( 'NONE',  ( -5.999999999999998224, 2.799999999999998490, -3.000000000000006661 ) ) ;
#3019 = EDGE_LOOP ( 'NONE', ( #1416, #2088, #388, #2035 ) ) ;
#3020 = CARTESIAN_POINT ( 'NONE',  ( -1.644804040507106499E-15, 1.396371174268236363E-17, 2.958578643762688642 ) ) ;
#3021 = CARTESIAN_POINT ( 'NONE',  ( -2.188887301627791255E-15, 0.1414213562373097255, 4.000000000000000000 ) ) ;
#3022 = ORIENTED_EDGE ( 'NONE', *, *, #2359, .F. ) ;
#3023 = CARTESIAN_POINT ( 'NONE',  ( 2.585544307075963416E-15, 2.999999999999998224, -2.900000000000001688 ) ) ;
#3024 = EDGE_CURVE ( 'NONE', #329, #3085, #1746, .T. ) ;
#3025 = DIRECTION ( 'NONE',  ( 3.299999999999999882E-16, 1.000000000000000000, -5.600000000000000277E-16 ) ) ;
#3026 = DIRECTION ( 'NONE',  ( 0.000000000000000000, 0.000000000000000000, 1.000000000000000000 ) ) ;
#3027 = ORIENTED_EDGE ( 'NONE', *, *, #603, .T. ) ;
#3028 = FACE_OUTER_BOUND ( 'NONE', #1864, .T. ) ;
#3029 = DIRECTION ( 'NONE',  ( -3.299999999999999882E-16, -1.000000000000000000, 5.600000000000000277E-16 ) ) ;
#3030 = ORIENTED_EDGE ( 'NONE', *, *, #3258, .T. ) ;
#3031 =( BOUNDED_SURFACE ( )  B_SPLINE_SURFACE ( 3, 3, ( 
 ( #1458, #678, #1784, #1515 ),
 ( #95, #1184, #1238, #2351 ),
 ( #2299, #1804, #3380, #427 ),
 ( #918, #2420, #210, #2926 ) ),
 .UNSPECIFIED., .F., .F., .F. ) 
 B_SPLINE_SURFACE_WITH_KNOTS ( ( 4, 4 ),
 ( 4, 4 ),
 ( 0.000000000000000000, 1.000000000000000000 ),
 ( 0.000000000000000000, 1.000000000000000000 ),
 .UNSPECIFIED. ) 
 GEOMETRIC_REPRESENTATION_ITEM ( )  RATIONAL_B_SPLINE_SURFACE ( (
 ( 1.000000000000000000, 0.3333333333333334259, 0.3333333333333334259, 1.000000000000000000),
 ( 0.8047378541243649375, 0.2682459513747884050, 0.2682459513747884050, 0.8047378541243649375),
 ( 0.8047378541243649375, 0.2682459513747884050, 0.2682459513747884050, 0.8047378541243649375),
 ( 1.000000000000000000, 0.3333333333333334259, 0.3333333333333334259, 1.000000000000000000) ) ) 
 REPRESENTATION_ITEM ( '' )  SURFACE ( )  );
#3032 = DIRECTION ( 'NONE',  ( 3.299999999999999882E-16, 1.000000000000000000, -5.600000000000000277E-16 ) ) ;
#3033 = EDGE_CURVE ( 'NONE', #3527, #2252, #2495, .T. ) ;
#3034 = CARTESIAN_POINT ( 'NONE',  ( 1.362831357000209731E-15, 0.1414213562373063671, -3.000000000000000888 ) ) ;
#3035 = CARTESIAN_POINT ( 'NONE',  ( 9.699999999999999847E-16, 2.899999999999999911, -1.609999999999999932E-15 ) ) ;
#3036 = EDGE_LOOP ( 'NONE', ( #438, #770, #2847, #1672 ) ) ;
#3037 = CARTESIAN_POINT ( 'NONE',  ( 1.770141280341057082E-15, 0.09999999999999552303, -4.000000000000000000 ) ) ;
#3038 = DIRECTION ( 'NONE',  ( -1.000000000000000000, 4.400000000000000007E-16, 0.000000000000000000 ) ) ;
#3039 = EDGE_CURVE ( 'NONE', #171, #2535, #2382, .T. ) ;
#3040 = ORIENTED_EDGE ( 'NONE', *, *, #875, .T. ) ;
#3041 = CARTESIAN_POINT ( 'NONE',  ( 1.256852428247266496E-15, -3.248000000000001108E-15, -2.899999999999999911 ) ) ;
#3042 = DIRECTION ( 'NONE',  ( 0.000000000000000000, 0.000000000000000000, 1.000000000000000000 ) ) ;
#3043 = EDGE_LOOP ( 'NONE', ( #966, #2475, #3328, #1268 ) ) ;
#3044 = ADVANCED_FACE ( 'NONE', ( #2875 ), #3424, .F. ) ;
#3045 = CARTESIAN_POINT ( 'NONE',  ( -5.082842712474620939, 3.000000000000001776, 2.541421356237305140 ) ) ;
#3046 = ORIENTED_EDGE ( 'NONE', *, *, #1591, .F. ) ;
#3047 = CARTESIAN_POINT ( 'NONE',  ( -2.271999999999999842E-15, 1.386000000000001222E-15, 4.100000000000000533 ) ) ;
#3048 = CARTESIAN_POINT ( 'NONE',  ( 3.231847287203860376E-15, 2.999999999999997335, -4.400000000000002132 ) ) ;
#3049 = CARTESIAN_POINT ( 'NONE',  ( -2.488887301627792186E-15, 0.04142135623730951871, 4.500000000000003553 ) ) ;
#3050 =( BOUNDED_SURFACE ( )  B_SPLINE_SURFACE ( 3, 3, ( 
 ( #1214, #2084, #1776, #2328 ),
 ( #1227, #2877, #2384, #2935 ),
 ( #3410, #1558, #1523, #3143 ),
 ( #2669, #150, #2361, #3180 ) ),
 .UNSPECIFIED., .F., .F., .F. ) 
 B_SPLINE_SURFACE_WITH_KNOTS ( ( 4, 4 ),
 ( 4, 4 ),
 ( 0.000000000000000000, 1.000000000000000000 ),
 ( 0.000000000000000000, 1.000000000000000000 ),
 .UNSPECIFIED. ) 
 GEOMETRIC_REPRESENTATION_ITEM ( )  RATIONAL_B_SPLINE_SURFACE ( (
 ( 1.000000000000000000, 0.3333333333333334259, 0.3333333333333334259, 1.000000000000000000),
 ( 0.8047378541243649375, 0.2682459513747884050, 0.2682459513747884050, 0.8047378541243649375),
 ( 0.8047378541243649375, 0.2682459513747884050, 0.2682459513747884050, 0.8047378541243649375),
 ( 1.000000000000000000, 0.3333333333333334259, 0.3333333333333334259, 1.000000000000000000) ) ) 
 REPRESENTATION_ITEM ( '' )  SURFACE ( )  );
#3051 = CARTESIAN_POINT ( 'NONE',  ( -6.000000000000000000, 2.858578643762689442, -3.000000000000006217 ) ) ;
#3052 = AXIS2_PLACEMENT_3D ( 'NONE', #2320, #159, #663 ) ;
#3053 = VERTEX_POINT ( 'NONE', #1210 ) ;
#3054 = CARTESIAN_POINT ( 'NONE',  ( 8.000000000000005329, 2.899999999999992362, -3.999999999999999556 ) ) ;
#3055 = ORIENTED_EDGE ( 'NONE', *, *, #2026, .T. ) ;
#3056 = CARTESIAN_POINT ( 'NONE',  ( -1.031112698372207622E-15, 2.858578643762690330, 3.000000000000000888 ) ) ;
#3057 = CIRCLE ( 'NONE', #2552, 4.100000000000000533 ) ;
#3058 = EDGE_LOOP ( 'NONE', ( #30, #2801 ) ) ;
#3059 = CARTESIAN_POINT ( 'NONE',  ( 1.000000000000000078E-15, 3.000000000000000000, -1.669999999999999921E-15 ) ) ;
#3060 = EDGE_LOOP ( 'NONE', ( #2243, #936, #3030, #2306 ) ) ;
#3061 = CARTESIAN_POINT ( 'NONE',  ( 3.000000000000000061E-17, 0.1000000000000000056, -6.000000000000000121E-17 ) ) ;
#3062 = EDGE_LOOP ( 'NONE', ( #974, #817, #3094, #257 ) ) ;
#3063 = FACE_OUTER_BOUND ( 'NONE', #2430, .T. ) ;
#3064 = DIRECTION ( 'NONE',  ( 3.299999999999999882E-16, 1.000000000000000000, -5.600000000000000277E-16 ) ) ;
#3065 = ORIENTED_EDGE ( 'NONE', *, *, #1473, .F. ) ;
#3066 = CARTESIAN_POINT ( 'NONE',  ( 3.000000000000000061E-17, 0.1000000000000000056, -6.000000000000000121E-17 ) ) ;
#3067 = CARTESIAN_POINT ( 'NONE',  ( 5.388761368630958103E-15, 4.999999999999995559, -7.300000000000002487 ) ) ;
#3068 = CARTESIAN_POINT ( 'NONE',  ( -1.009999999999999846E-15, 2.900000000000001688, 2.999999999999998224 ) ) ;
#3069 = ORIENTED_EDGE ( 'NONE', *, *, #584, .T. ) ;
#3070 = EDGE_CURVE ( 'NONE', #2917, #3014, #2082, .T. ) ;
#3071 = CARTESIAN_POINT ( 'NONE',  ( 1.318831357000209804E-15, 0.04142135623730617416, -3.000000000000000888 ) ) ;
#3072 = CARTESIAN_POINT ( 'NONE',  ( -8.892119205115880871E-16, 0.2000000000000000111, 3.000000000000000000 ) ) ;
#3073 =( NAMED_UNIT ( * ) SI_UNIT ( $, .STERADIAN. ) SOLID_ANGLE_UNIT ( ) );
#3074 = EDGE_LOOP ( 'NONE', ( #955, #1925, #546, #54 ) ) ;
#3075 = SHAPE_REPRESENTATION ( 'GT2_Idler_20S.step', ( #2386 ), #1969 ) ;
#3076 = CARTESIAN_POINT ( 'NONE',  ( 8.917157287525382614, 2.999999999999998224, 4.458578643762694860 ) ) ;
#3077 = ORIENTED_EDGE ( 'NONE', *, *, #2142, .T. ) ;
#3078 = FACE_OUTER_BOUND ( 'NONE', #514, .T. ) ;
#3079 = DIRECTION ( 'NONE',  ( 3.299999999999999882E-16, 1.000000000000000000, -5.600000000000000277E-16 ) ) ;
#3080 = CARTESIAN_POINT ( 'NONE',  ( 5.200000000000004619, 2.999999999999995115, -2.600000000000000533 ) ) ;
#3081 = CARTESIAN_POINT ( 'NONE',  ( 1.098063696957575754E-15, 0.04142135623730665989, -2.500000000000003997 ) ) ;
#3082 = EDGE_CURVE ( 'NONE', #1461, #2145, #929, .T. ) ;
#3083 = CARTESIAN_POINT ( 'NONE',  ( 3.000211920511582552E-15, -3.500000000000003553, -5.999999999999997335 ) ) ;
#3084 = DIRECTION ( 'NONE',  ( -5.600000000000000277E-16, 5.601711224508439904E-16, 1.000000000000000000 ) ) ;
#3085 = VERTEX_POINT ( 'NONE', #2590 ) ;
#3086 = ADVANCED_FACE ( 'NONE', ( #1465 ), #2579, .F. ) ;
#3087 = CARTESIAN_POINT ( 'NONE',  ( -2.210000000000000018E-15, 0.1000000000000022399, 4.000000000000000000 ) ) ;
#3088 = CARTESIAN_POINT ( 'NONE',  ( 3.000000000000000061E-17, 0.1000000000000000056, -6.000000000000000121E-17 ) ) ;
#3089 = FACE_OUTER_BOUND ( 'NONE', #2239, .T. ) ;
#3090 = DIRECTION ( 'NONE',  ( 1.000000000000000000, 0.000000000000000000, 0.000000000000000000 ) ) ;
#3091 = ORIENTED_EDGE ( 'NONE', *, *, #3117, .F. ) ;
#3092 = CARTESIAN_POINT ( 'NONE',  ( 2.425031832221688639E-15, 2.999999999999996891, -2.600000000000003197 ) ) ;
#3093 = CARTESIAN_POINT ( 'NONE',  ( 2.566105960255792623E-15, 2.799999999999998046, -3.000000000000001776 ) ) ;
#3094 = ORIENTED_EDGE ( 'NONE', *, *, #715, .T. ) ;
#3095 = DIRECTION ( 'NONE',  ( -5.999999999999998889E-16, 5.782411586589356653E-16, 1.000000000000000000 ) ) ;
#3096 =( BOUNDED_CURVE ( )  B_SPLINE_CURVE ( 3, ( #1038, #1053, #1070, #2407 ),
 .UNSPECIFIED., .F., .T. ) 
 B_SPLINE_CURVE_WITH_KNOTS ( ( 4, 4 ),
 ( 0.000000000000000000, 1.000000000000000000 ),
 .UNSPECIFIED. ) 
 CURVE ( )  GEOMETRIC_REPRESENTATION_ITEM ( )  RATIONAL_B_SPLINE_CURVE ( ( 1.000000000000000000, 0.8047378541243649375, 0.8047378541243649375, 1.000000000000000000 ) ) 
 REPRESENTATION_ITEM ( '' )  );
#3097 = CARTESIAN_POINT ( 'NONE',  ( 5.799999999999999822, -5.161999999999999077E-15, -2.899999999999997247 ) ) ;
#3098 = DIRECTION ( 'NONE',  ( 3.299999999999999882E-16, 1.000000000000000000, -5.600000000000000277E-16 ) ) ;
#3099 = ORIENTED_EDGE ( 'NONE', *, *, #1478, .F. ) ;
#3100 = CARTESIAN_POINT ( 'NONE',  ( -6.082842712474620939, 0.09999999999999863165, -3.041421356237314022 ) ) ;
#3101 = VECTOR ( 'NONE', #390, 1000.000000000000000 ) ;
#3102 = DIRECTION ( 'NONE',  ( -5.600000000000000277E-16, 5.590417451878382238E-16, 1.000000000000000000 ) ) ;
#3103 = ADVANCED_FACE ( 'NONE', ( #1431 ), #1112, .F. ) ;
#3104 = ORIENTED_EDGE ( 'NONE', *, *, #1072, .T. ) ;
#3105 = AXIS2_PLACEMENT_3D ( 'NONE', #1770, #3420, #959 ) ;
#3106 = CARTESIAN_POINT ( 'NONE',  ( 5.000000000000000000, 0.09999999999999553690, -2.499999999999997780 ) ) ;
#3107 = FACE_OUTER_BOUND ( 'NONE', #2128, .T. ) ;
#3108 = VECTOR ( 'NONE', #2867, 1000.000000000000000 ) ;
#3109 = AXIS2_PLACEMENT_3D ( 'NONE', #957, #2068, #2625 ) ;
#3110 = ORIENTED_EDGE ( 'NONE', *, *, #875, .F. ) ;
#3111 = CIRCLE ( 'NONE', #2144, 3.000000000000000000 ) ;
#3112 = CARTESIAN_POINT ( 'NONE',  ( -1.575195959492886856E-15, 3.000000000000000888, 4.041421356237312246 ) ) ;
#3113 = CIRCLE ( 'NONE', #2665, 4.400000000000000355 ) ;
#3114 = CARTESIAN_POINT ( 'NONE',  ( -9.000000000000005329, 2.958578643762686422, -4.500000000000009770 ) ) ;
#3115 = DIRECTION ( 'NONE',  ( 3.299999999999999882E-16, 1.000000000000000000, -5.600000000000000277E-16 ) ) ;
#3116 = CARTESIAN_POINT ( 'NONE',  ( 5.196014900639481912E-15, 3.499999999999995559, -7.500000000000001776 ) ) ;
#3117 = EDGE_CURVE ( 'NONE', #1368, #89, #1448, .T. ) ;
#3118 =( GEOMETRIC_REPRESENTATION_CONTEXT ( 3 ) GLOBAL_UNCERTAINTY_ASSIGNED_CONTEXT ( ( #3448 ) ) GLOBAL_UNIT_ASSIGNED_CONTEXT ( ( #950, #1469, #2594 ) ) REPRESENTATION_CONTEXT ( 'NONE', 'WORKASPACE' ) );
#3119 = CARTESIAN_POINT ( 'NONE',  ( 0.000000000000000000, -5.799999999999999583E-16, 0.000000000000000000 ) ) ;
#3120 = CARTESIAN_POINT ( 'NONE',  ( 5.000000000000004441, 2.899999999999995026, -2.500000000000000444 ) ) ;
#3121 =( BOUNDED_CURVE ( )  B_SPLINE_CURVE ( 3, ( #1354, #1927, #2501, #330 ),
 .UNSPECIFIED., .F., .F. ) 
 B_SPLINE_CURVE_WITH_KNOTS ( ( 4, 4 ),
 ( 0.000000000000000000, 1.000000000000000000 ),
 .UNSPECIFIED. ) 
 CURVE ( )  GEOMETRIC_REPRESENTATION_ITEM ( )  RATIONAL_B_SPLINE_CURVE ( ( 1.000000000000000000, 0.8047378541243649375, 0.8047378541243649375, 1.000000000000000000 ) ) 
 REPRESENTATION_ITEM ( '' )  );
#3122 = CARTESIAN_POINT ( 'NONE',  ( 2.998141280341056526E-15, 2.899999999999995470, -4.000000000000003553 ) ) ;
#3123 = CARTESIAN_POINT ( 'NONE',  ( 0.000000000000000000, -7.799999999999999541E-16, 0.000000000000000000 ) ) ;
#3124 = ORIENTED_EDGE ( 'NONE', *, *, #3533, .T. ) ;
#3125 = SURFACE_SIDE_STYLE ('',( #2185 ) ) ;
#3126 = EDGE_CURVE ( 'NONE', #860, #3053, #3454, .T. ) ;
#3127 = FACE_OUTER_BOUND ( 'NONE', #296, .T. ) ;
#3128 = DIRECTION ( 'NONE',  ( -1.000000000000000000, 3.299999999999999882E-16, 0.000000000000000000 ) ) ;
#3129 = APPLICATION_PROTOCOL_DEFINITION ( 'draft international standard', 'automotive_design', 1998, #1841 ) ;
#3130 = ORIENTED_EDGE ( 'NONE', *, *, #912, .T. ) ;
#3131 = CARTESIAN_POINT ( 'NONE',  ( 1.123591832221687552E-15, -2.036000000000000346E-15, -2.600000000000000089 ) ) ;
#3132 = EDGE_CURVE ( 'NONE', #2739, #1702, #2435, .T. ) ;
#3133 = DIRECTION ( 'NONE',  ( -3.299999999999999882E-16, -1.000000000000000000, 5.600000000000000277E-16 ) ) ;
#3134 = VERTEX_POINT ( 'NONE', #615 ) ;
#3135 = DIRECTION ( 'NONE',  ( -6.599999999999998777E-16, 5.595882180570345180E-16, 1.000000000000000000 ) ) ;
#3136 = DIRECTION ( 'NONE',  ( 3.299999999999999882E-16, 1.000000000000000000, -5.600000000000000277E-16 ) ) ;
#3137 = CARTESIAN_POINT ( 'NONE',  ( 5.200000000000001954, 2.999999999999998668, 2.600000000000001865 ) ) ;
#3138 = CARTESIAN_POINT ( 'NONE',  ( 2.363612903468744102E-15, 2.958578643762685978, -2.500000000000007105 ) ) ;
#3139 = CARTESIAN_POINT ( 'NONE',  ( 3.101091059616308976E-15, 0.09999999999999747979, -4.500000000000000000 ) ) ;
#3140 = CARTESIAN_POINT ( 'NONE',  ( -1.644804040507106499E-15, 1.396371174268236363E-17, 2.958578643762688642 ) ) ;
#3141 = EDGE_CURVE ( 'NONE', #3409, #833, #2951, .T. ) ;
#3142 = EDGE_LOOP ( 'NONE', ( #709, #1300, #2571, #764 ) ) ;
#3143 = CARTESIAN_POINT ( 'NONE',  ( -3.002625737380078371E-16, 2.900000000000002576, 3.041421356237311802 ) ) ;
#3144 = CARTESIAN_POINT ( 'NONE',  ( 1.730387748332530580E-15, 0.09999999999999563405, -3.899999999999999911 ) ) ;
#3145 = CARTESIAN_POINT ( 'NONE',  ( -5.000000000000005329, 0.04142135623730830440, -2.500000000000005329 ) ) ;
#3146 = EDGE_LOOP ( 'NONE', ( #348, #3485, #3027, #1213 ) ) ;
#3147 = CARTESIAN_POINT ( 'NONE',  ( -8.000000000000000000, 0.1000000000000026285, 3.999999999999995559 ) ) ;
#3148 = DIRECTION ( 'NONE',  ( 0.000000000000000000, -5.600000000000000277E-16, -1.000000000000000000 ) ) ;
#3149 = EDGE_CURVE ( 'NONE', #1165, #2453, #873, .T. ) ;
#3150 = EDGE_LOOP ( 'NONE', ( #2868, #2269 ) ) ;
#3151 = FACE_OUTER_BOUND ( 'NONE', #3550, .T. ) ;
#3152 = DIRECTION ( 'NONE',  ( -5.600000000000000277E-16, 5.600000000000000277E-16, 1.000000000000000000 ) ) ;
#3153 = LINE ( 'NONE', #720, #1265 ) ;
#3154 = CARTESIAN_POINT ( 'NONE',  ( -1.843112698372209181E-15, 2.958578643762688642, 4.500000000000003553 ) ) ;
#3155 = CARTESIAN_POINT ( 'NONE',  ( 1.000000000000000078E-15, 3.000000000000000000, -1.669999999999999921E-15 ) ) ;
#3156 = CARTESIAN_POINT ( 'NONE',  ( -1.386705182395172697E-15, 0.04142135623730951871, 4.500000000000002665 ) ) ;
#3157 = DIRECTION ( 'NONE',  ( -5.600000000000000277E-16, 5.590417451878382238E-16, 1.000000000000000000 ) ) ;
#3158 = EDGE_LOOP ( 'NONE', ( #2502, #300, #105, #3040 ) ) ;
#3159 = CARTESIAN_POINT ( 'NONE',  ( -4.999999999999998224, 0.09999999999999886757, -2.500000000000002220 ) ) ;
#3160 = APPLICATION_PROTOCOL_DEFINITION ( 'draft international standard', 'automotive_design', 1998, #2172 ) ;
#3161 = AXIS2_PLACEMENT_3D ( 'NONE', #579, #3079, #1706 ) ;
#3162 = ORIENTED_EDGE ( 'NONE', *, *, #2205, .F. ) ;
#3163 = CARTESIAN_POINT ( 'NONE',  ( -8.082842712474624491, 2.653374383373939517E-15, 4.041421356237307805 ) ) ;
#3164 = CIRCLE ( 'NONE', #2074, 3.100000000000000089 ) ;
#3165 = CIRCLE ( 'NONE', #2200, 4.500000000000000000 ) ;
#3166 = CARTESIAN_POINT ( 'NONE',  ( 1.000000000000000078E-15, 3.000000000000000000, -1.669999999999999921E-15 ) ) ;
#3167 = EDGE_LOOP ( 'NONE', ( #22, #1593, #1704, #101 ) ) ;
#3168 = VECTOR ( 'NONE', #1472, 1000.000000000000000 ) ;
#3169 = CIRCLE ( 'NONE', #3451, 4.100000000000000533 ) ;
#3170 = CARTESIAN_POINT ( 'NONE',  ( 9.699999999999999847E-16, 2.899999999999999911, -1.609999999999999932E-15 ) ) ;
#3171 = CARTESIAN_POINT ( 'NONE',  ( 3.040141280341058786E-15, 2.899999999999997691, -4.000000000000001776 ) ) ;
#3172 = EDGE_CURVE ( 'NONE', #2184, #2272, #1742, .T. ) ;
#3173 = CARTESIAN_POINT ( 'NONE',  ( 6.000000000000000888, 0.04142135623730419658, -2.999999999999998224 ) ) ;
#3174 = AXIS2_PLACEMENT_3D ( 'NONE', #1190, #114, #964 ) ;
#3175 = DIRECTION ( 'NONE',  ( -6.200000000000001152E-16, 5.782411586589356653E-16, 1.000000000000000000 ) ) ;
#3176 = CARTESIAN_POINT ( 'NONE',  ( -7.634400000000018110E-16, 3.000000000000000000, 2.600000000000000089 ) ) ;
#3177 = CARTESIAN_POINT ( 'NONE',  ( 8.917157287525380838, -2.928698193140691894E-15, 4.458578643762694860 ) ) ;
#3178 = CARTESIAN_POINT ( 'NONE',  ( -2.154000000000000291E-15, 0.1000000000000021844, 3.899999999999999911 ) ) ;
#3179 = ORIENTED_EDGE ( 'NONE', *, *, #1857, .F. ) ;
#3180 = CARTESIAN_POINT ( 'NONE',  ( -3.187189845286405374E-16, 2.899999999999999911, 3.100000000000000089 ) ) ;
#3181 = DIRECTION ( 'NONE',  ( -6.800000000000000055E-16, 5.204170427930421283E-16, 1.000000000000000000 ) ) ;
#3182 = ORIENTED_EDGE ( 'NONE', *, *, #1161, .F. ) ;
#3183 = CARTESIAN_POINT ( 'NONE',  ( -7.538178807673812849E-16, 2.899999999999999911, 4.500000000000000000 ) ) ;
#3184 = CARTESIAN_POINT ( 'NONE',  ( -1.836976334735847157E-15, 2.958578643762688642, 4.500000000000002665 ) ) ;
#3185 = VERTEX_POINT ( 'NONE', #1247 ) ;
#3186 = FILL_AREA_STYLE ('',( #2406 ) ) ;
#3187 = CARTESIAN_POINT ( 'NONE',  ( 1.282482653896136089E-15, -3.299644369271530058E-15, -2.958578643762688642 ) ) ;
#3188 = CARTESIAN_POINT ( 'NONE',  ( 2.979915882774036932E-15, 2.858578665078006065, -3.999999976684530889 ) ) ;
#3189 = CARTESIAN_POINT ( 'NONE',  ( -1.590000000000000198E-15, 2.900000000000002132, 3.999999999999998224 ) ) ;
#3190 = FACE_OUTER_BOUND ( 'NONE', #209, .T. ) ;
#3191 =( BOUNDED_SURFACE ( )  B_SPLINE_SURFACE ( 3, 3, ( 
 ( #1215, #401, #1747, #1194 ),
 ( #2593, #2903, #656, #949 ),
 ( #3428, #2048, #3145, #1779 ),
 ( #2880, #968, #3159, #2062 ) ),
 .UNSPECIFIED., .F., .F., .T. ) 
 B_SPLINE_SURFACE_WITH_KNOTS ( ( 4, 4 ),
 ( 4, 4 ),
 ( 0.000000000000000000, 1.000000000000000000 ),
 ( 0.000000000000000000, 1.000000000000000000 ),
 .UNSPECIFIED. ) 
 GEOMETRIC_REPRESENTATION_ITEM ( )  RATIONAL_B_SPLINE_SURFACE ( (
 ( 1.000000000000000000, 0.3333333333333334259, 0.3333333333333334259, 1.000000000000000000),
 ( 0.8047378541243649375, 0.2682459513747884050, 0.2682459513747884050, 0.8047378541243649375),
 ( 0.8047378541243649375, 0.2682459513747884050, 0.2682459513747884050, 0.8047378541243649375),
 ( 1.000000000000000000, 0.3333333333333334259, 0.3333333333333334259, 1.000000000000000000) ) ) 
 REPRESENTATION_ITEM ( '' )  SURFACE ( )  );
#3192 = CARTESIAN_POINT ( 'NONE',  ( -1.590000000000000198E-15, 2.900000000000002132, 3.999999999999998224 ) ) ;
#3193 = CARTESIAN_POINT ( 'NONE',  ( 3.000000000000000061E-17, 0.1000000000000000056, -6.000000000000000121E-17 ) ) ;
#3194 = EDGE_CURVE ( 'NONE', #2739, #634, #1833, .T. ) ;
#3195 = ORIENTED_EDGE ( 'NONE', *, *, #169, .F. ) ;
#3196 = CARTESIAN_POINT ( 'NONE',  ( -8.999999999999996447, 0.09999999999999793776, -4.500000000000004441 ) ) ;
#3197 = CARTESIAN_POINT ( 'NONE',  ( 3.000000000000000061E-17, 0.1000000000000000056, -6.000000000000000121E-17 ) ) ;
#3198 = ITEM_DEFINED_TRANSFORMATION ( 'NONE', 'NONE', #814,  #2386 ) ;
#3199 = ORIENTED_EDGE ( 'NONE', *, *, #763, .T. ) ;
#3200 = CARTESIAN_POINT ( 'NONE',  ( -6.200000000000000178, 0.1000000000000020456, 3.099999999999996980 ) ) ;
#3201 = DIRECTION ( 'NONE',  ( 3.299999999999999882E-16, 1.000000000000000000, -5.600000000000000277E-16 ) ) ;
#3202 = ORIENTED_EDGE ( 'NONE', *, *, #2458, .T. ) ;
#3203 = CARTESIAN_POINT ( 'NONE',  ( -1.561112698372208346E-15, 2.958578643762688642, 4.000000000000000000 ) ) ;
#3204 = PLANE ( 'NONE',  #3227 ) ;
#3205 = ADVANCED_FACE ( 'NONE', ( #1321, #1812 ), #2158, .T. ) ;
#3206 = CARTESIAN_POINT ( 'NONE',  ( -5.200000000000001066, 1.715999999999997907E-15, 2.599999999999996980 ) ) ;
#3207 = DIRECTION ( 'NONE',  ( -6.800000000000000055E-16, 5.782411586589356653E-16, 1.000000000000000000 ) ) ;
#3208 = CARTESIAN_POINT ( 'NONE',  ( 2.759858719658941191E-15, 0.09999999999999777123, -4.000000000000000000 ) ) ;
#3209 = DIRECTION ( 'NONE',  ( -3.299999999999999882E-16, -1.000000000000000000, 5.600000000000000277E-16 ) ) ;
#3210 = ORIENTED_EDGE ( 'NONE', *, *, #2281, .T. ) ;
#3211 = CARTESIAN_POINT ( 'NONE',  ( 1.965134337128104989E-15, 0.04142135623730448801, -4.500000000000002665 ) ) ;
#3212 =( BOUNDED_SURFACE ( )  B_SPLINE_SURFACE ( 3, 3, ( 
 ( #1181, #971, #2346, #915 ),
 ( #2011, #367, #697, #937 ),
 ( #3112, #640, #1471, #3431 ),
 ( #952, #1489, #1801, #675 ) ),
 .UNSPECIFIED., .F., .F., .T. ) 
 B_SPLINE_SURFACE_WITH_KNOTS ( ( 4, 4 ),
 ( 4, 4 ),
 ( 0.000000000000000000, 1.000000000000000000 ),
 ( 0.000000000000000000, 1.000000000000000000 ),
 .UNSPECIFIED. ) 
 GEOMETRIC_REPRESENTATION_ITEM ( )  RATIONAL_B_SPLINE_SURFACE ( (
 ( 1.000000000000000000, 0.3333333333333334259, 0.3333333333333334259, 1.000000000000000000),
 ( 0.8047378541243649375, 0.2682459513747884050, 0.2682459513747884050, 0.8047378541243649375),
 ( 0.8047378541243649375, 0.2682459513747884050, 0.2682459513747884050, 0.8047378541243649375),
 ( 1.000000000000000000, 0.3333333333333334259, 0.3333333333333334259, 1.000000000000000000) ) ) 
 REPRESENTATION_ITEM ( '' )  SURFACE ( )  );
#3213 = CARTESIAN_POINT ( 'NONE',  ( 2.776358719658940177E-15, 0.1999999999999977629, -4.000000000000000000 ) ) ;
#3214 = FACE_OUTER_BOUND ( 'NONE', #3167, .T. ) ;
#3215 = AXIS2_PLACEMENT_3D ( 'NONE', #2658, #144, #997 ) ;
#3216 = EDGE_LOOP ( 'NONE', ( #2901, #2734, #3519, #2176 ) ) ;
#3217 = CARTESIAN_POINT ( 'NONE',  ( -2.488887301627792186E-15, 0.04142135623730951871, 4.500000000000003553 ) ) ;
#3218 = CIRCLE ( 'NONE', #3105, 4.000000000000000000 ) ;
#3219 = LINE ( 'NONE', #2442, #3386 ) ;
#3220 = ORIENTED_EDGE ( 'NONE', *, *, #2610, .T. ) ;
#3221 = DIRECTION ( 'NONE',  ( -6.599999999999999763E-16, 5.782411586589356653E-16, 1.000000000000000000 ) ) ;
#3222 = AXIS2_PLACEMENT_3D ( 'NONE', #2519, #1687, #1414 ) ;
#3223 = ADVANCED_FACE ( 'NONE', ( #762 ), #1582, .F. ) ;
#3224 = CARTESIAN_POINT ( 'NONE',  ( 1.750080106015761176E-15, 0.09999999999999556466, -3.958578643762689087 ) ) ;
#3225 = DIRECTION ( 'NONE',  ( 3.299999999999999882E-16, 1.000000000000000000, -5.600000000000000277E-16 ) ) ;
#3226 = CIRCLE ( 'NONE', #1688, 7.299999999999999822 ) ;
#3227 = AXIS2_PLACEMENT_3D ( 'NONE', #2944, #2460, #2111 ) ;
#3228 = DIRECTION ( 'NONE',  ( -5.600000000000000277E-16, 5.583641188300347835E-16, 1.000000000000000000 ) ) ;
#3229 = AXIS2_PLACEMENT_3D ( 'NONE', #2102, #2080, #3228 ) ;
#3230 = ORIENTED_EDGE ( 'NONE', *, *, #3520, .T. ) ;
#3231 = CARTESIAN_POINT ( 'NONE',  ( 1.282482653896136089E-15, -3.299644369271530058E-15, -2.958578643762688642 ) ) ;
#3232 = DIRECTION ( 'NONE',  ( -1.000000000000000000, 3.299999999999999882E-16, 0.000000000000000000 ) ) ;
#3233 = ORIENTED_EDGE ( 'NONE', *, *, #1015, .F. ) ;
#3234 = CARTESIAN_POINT ( 'NONE',  ( 1.000000000000000078E-15, 3.000000000000000000, -1.669999999999999921E-15 ) ) ;
#3235 = CARTESIAN_POINT ( 'NONE',  ( 1.362729266615447991E-15, 0.09999999999999660549, -3.041421356237311802 ) ) ;
#3236 = ORIENTED_EDGE ( 'NONE', *, *, #1075, .T. ) ;
#3237 = CARTESIAN_POINT ( 'NONE',  ( 1.770141280341057082E-15, 0.09999999999999552303, -4.000000000000000000 ) ) ;
#3238 = DIRECTION ( 'NONE',  ( 6.700000000000000402E-16, 1.000000000000000000, -5.600000000000000277E-16 ) ) ;
#3239 = ORIENTED_EDGE ( 'NONE', *, *, #648, .F. ) ;
#3240 = CARTESIAN_POINT ( 'NONE',  ( -1.441999999999999963E-15, -3.003026084632735312E-49, 2.600000000000000089 ) ) ;
#3241 = PRODUCT_DEFINITION ( 'UNKNOWN', '', #3459, #714 ) ;
#3242 = ORIENTED_EDGE ( 'NONE', *, *, #1944, .F. ) ;
#3243 = CARTESIAN_POINT ( 'NONE',  ( 1.901838300213161721E-15, 2.899999999999998579, -2.500000000000002220 ) ) ;
#3244 = CARTESIAN_POINT ( 'NONE',  ( -1.249333213908538108E-15, -1.396371174268245607E-17, 4.041421356237312246 ) ) ;
#3245 = DIRECTION ( 'NONE',  ( 0.000000000000000000, -5.600000000000000277E-16, -1.000000000000000000 ) ) ;
#3246 = ORIENTED_EDGE ( 'NONE', *, *, #3126, .F. ) ;
#3247 = CARTESIAN_POINT ( 'NONE',  ( 2.776358719658940177E-15, 0.1999999999999977629, -4.000000000000000000 ) ) ;
#3248 = CARTESIAN_POINT ( 'NONE',  ( 2.566105960255793412E-15, 2.899999999999998135, -3.000000000000001776 ) ) ;
#3249 = CONTEXT_DEPENDENT_SHAPE_REPRESENTATION ( #3313, #1357 ) ;
#3250 = ORIENTED_EDGE ( 'NONE', *, *, #177, .T. ) ;
#3251 = DIRECTION ( 'NONE',  ( 3.299999999999999882E-16, 1.000000000000000000, -5.600000000000000277E-16 ) ) ;
#3252 = CARTESIAN_POINT ( 'NONE',  ( -1.077999999999999176E-15, 2.900000000000001688, 3.099999999999998312 ) ) ;
#3253 =( BOUNDED_SURFACE ( )  B_SPLINE_SURFACE ( 3, 3, ( 
 ( #3275, #2712, #2464, #812 ),
 ( #2133, #1914, #3016, #2446 ),
 ( #1042, #1340, #542, #3224 ),
 ( #791, #3530, #2662, #1319 ) ),
 .UNSPECIFIED., .F., .F., .F. ) 
 B_SPLINE_SURFACE_WITH_KNOTS ( ( 4, 4 ),
 ( 4, 4 ),
 ( 0.000000000000000000, 1.000000000000000000 ),
 ( 0.000000000000000000, 1.000000000000000000 ),
 .UNSPECIFIED. ) 
 GEOMETRIC_REPRESENTATION_ITEM ( )  RATIONAL_B_SPLINE_SURFACE ( (
 ( 1.000000000000000000, 0.3333333333333334259, 0.3333333333333334259, 1.000000000000000000),
 ( 0.8047378541243649375, 0.2682459513747884050, 0.2682459513747884050, 0.8047378541243649375),
 ( 0.8047378541243649375, 0.2682459513747884050, 0.2682459513747884050, 0.8047378541243649375),
 ( 1.000000000000000000, 0.3333333333333334259, 0.3333333333333334259, 1.000000000000000000) ) ) 
 REPRESENTATION_ITEM ( '' )  SURFACE ( )  );
#3254 = EDGE_LOOP ( 'NONE', ( #3091, #787, #1567, #3022 ) ) ;
#3255 = CARTESIAN_POINT ( 'NONE',  ( -2.490000000000000229E-15, 0.1000000000000025313, 4.500000000000000000 ) ) ;
#3256 = LINE ( 'NONE', #2421, #2882 ) ;
#3257 = CARTESIAN_POINT ( 'NONE',  ( 2.363838300213161734E-15, 2.899999999999998579, -2.500000000000001776 ) ) ;
#3258 = EDGE_CURVE ( 'NONE', #153, #164, #355, .T. ) ;
#3259 = CARTESIAN_POINT ( 'NONE',  ( 2.439591832221690990E-15, 2.999999999999998668, -2.600000000000001421 ) ) ;
#3260 = CARTESIAN_POINT ( 'NONE',  ( 1.599999999999999967E-15, 4.799999999999999822, -2.660000000000000230E-15 ) ) ;
#3261 = CARTESIAN_POINT ( 'NONE',  ( 2.351838300213160355E-15, 2.899999999999997247, -2.500000000000003109 ) ) ;
#3262 = ORIENTED_EDGE ( 'NONE', *, *, #1161, .T. ) ;
#3263 = DIRECTION ( 'NONE',  ( -5.999999999999998889E-16, 5.782411586589356653E-16, 1.000000000000000000 ) ) ;
#3264 = CARTESIAN_POINT ( 'NONE',  ( -8.200000000000004619, 3.000000000000002665, 4.099999999999995204 ) ) ;
#3265 = ORIENTED_EDGE ( 'NONE', *, *, #3440, .T. ) ;
#3266 = EDGE_CURVE ( 'NONE', #1314, #278, #1850, .T. ) ;
#3267 = CARTESIAN_POINT ( 'NONE',  ( 2.093894039744205396E-15, 0.1999999999999983180, -3.000000000000000000 ) ) ;
#3268 = CARTESIAN_POINT ( 'NONE',  ( -1.649999999999999990E-15, 0.1000000000000016848, 3.000000000000000000 ) ) ;
#3269 = CARTESIAN_POINT ( 'NONE',  ( 0.000000000000000000, 0.000000000000000000, 0.000000000000000000 ) ) ;
#3270 = ORIENTED_EDGE ( 'NONE', *, *, #3033, .F. ) ;
#3271 = CARTESIAN_POINT ( 'NONE',  ( 6.000000000000002665, 2.899999999999997691, 3.000000000000002665 ) ) ;
#3272 = ORIENTED_EDGE ( 'NONE', *, *, #1866, .T. ) ;
#3273 = CARTESIAN_POINT ( 'NONE',  ( -1.864999999999999737E-15, 2.900000000000002576, 4.499999999999998224 ) ) ;
#3274 = CIRCLE ( 'NONE', #1552, 4.000000000000000000 ) ;
#3275 = CARTESIAN_POINT ( 'NONE',  ( -2.170000000000001340E-15, 0.2000000000000000111, 4.000000000000000000 ) ) ;
#3276 = DIRECTION ( 'NONE',  ( 6.700000000000000402E-16, 1.000000000000000000, -5.600000000000000277E-16 ) ) ;
#3277 = AXIS2_PLACEMENT_3D ( 'NONE', #1066, #3466, #1581 ) ;
#3278 = VECTOR ( 'NONE', #2042, 1000.000000000000000 ) ;
#3279 = CARTESIAN_POINT ( 'NONE',  ( -6.000000000000002665, 2.800000000000002043, 2.999999999999996003 ) ) ;
#3280 = EDGE_LOOP ( 'NONE', ( #1009, #3355, #2120, #8 ) ) ;
#3281 = AXIS2_PLACEMENT_3D ( 'NONE', #2451, #2809, #533 ) ;
#3282 = ADVANCED_FACE ( 'NONE', ( #2630 ), #434, .T. ) ;
#3283 = CARTESIAN_POINT ( 'NONE',  ( 1.744366677085473700E-15, 0.04142135623730498761, -4.000000000000000000 ) ) ;
#3284 = AXIS2_PLACEMENT_3D ( 'NONE', #2578, #3370, #1417 ) ;
#3285 = FACE_OUTER_BOUND ( 'NONE', #76, .T. ) ;
#3286 = AXIS2_PLACEMENT_3D ( 'NONE', #3193, #1288, #723 ) ;
#3287 = ORIENTED_EDGE ( 'NONE', *, *, #1500, .F. ) ;
#3288 = CARTESIAN_POINT ( 'NONE',  ( 2.623908940383683669E-15, -5.000000000000002665, -4.499999999999994671 ) ) ;
#3289 = CARTESIAN_POINT ( 'NONE',  ( -6.162825519256714563E-16, 2.800000039801999741, 4.000000000000000000 ) ) ;
#3290 = EDGE_CURVE ( 'NONE', #2391, #674, #753, .T. ) ;
#3291 = ORIENTED_EDGE ( 'NONE', *, *, #403, .F. ) ;
#3292 = CARTESIAN_POINT ( 'NONE',  ( 6.000000000000003553, 2.899999999999993694, -3.000000000000000000 ) ) ;
#3293 = DIRECTION ( 'NONE',  ( 3.299999999999999882E-16, 1.000000000000000000, -5.600000000000000277E-16 ) ) ;
#3294 = ORIENTED_EDGE ( 'NONE', *, *, #839, .F. ) ;
#3295 = DIRECTION ( 'NONE',  ( 3.299999999999999882E-16, 1.000000000000000000, -5.600000000000000277E-16 ) ) ;
#3296 = DIRECTION ( 'NONE',  ( 3.299999999999999882E-16, 1.000000000000000000, -5.600000000000000277E-16 ) ) ;
#3297 = CARTESIAN_POINT ( 'NONE',  ( 1.344605960255792989E-15, 0.09999999999999664713, -3.000000000000000000 ) ) ;
#3298 = EDGE_CURVE ( 'NONE', #3334, #3185, #3226, .T. ) ;
#3299 = CYLINDRICAL_SURFACE ( 'NONE', #1451, 4.000000000000000000 ) ;
#3300 = CARTESIAN_POINT ( 'NONE',  ( -1.512150008537535823E-15, 2.899999999999999911, 3.899999999999999911 ) ) ;
#3301 = CARTESIAN_POINT ( 'NONE',  ( 8.082842712474624491, -7.207693725845096728E-15, -4.041421356237308693 ) ) ;
#3302 = PLANE ( 'NONE',  #1907 ) ;
#3303 = UNCERTAINTY_MEASURE_WITH_UNIT (LENGTH_MEASURE( 1.000000000000000082E-05 ), #786, 'distance_accuracy_value', 'NONE');
#3304 = EDGE_CURVE ( 'NONE', #1411, #3417, #1152, .T. ) ;
#3305 = ORIENTED_EDGE ( 'NONE', *, *, #1718, .F. ) ;
#3306 =( BOUNDED_SURFACE ( )  B_SPLINE_SURFACE ( 3, 3, ( 
 ( #1055, #1911, #541, #213 ),
 ( #1609, #809, #2711, #2188 ),
 ( #3528, #758, #1648, #2748 ),
 ( #266, #2154, #232, #2394 ) ),
 .UNSPECIFIED., .F., .F., .F. ) 
 B_SPLINE_SURFACE_WITH_KNOTS ( ( 4, 4 ),
 ( 4, 4 ),
 ( 0.000000000000000000, 1.000000000000000000 ),
 ( 0.000000000000000000, 1.000000000000000000 ),
 .UNSPECIFIED. ) 
 GEOMETRIC_REPRESENTATION_ITEM ( )  RATIONAL_B_SPLINE_SURFACE ( (
 ( 1.000000000000000000, 0.3333333333333334259, 0.3333333333333334259, 1.000000000000000000),
 ( 0.8047378541243649375, 0.2682459513747884050, 0.2682459513747884050, 0.8047378541243649375),
 ( 0.8047378541243649375, 0.2682459513747884050, 0.2682459513747884050, 0.8047378541243649375),
 ( 1.000000000000000000, 0.3333333333333334259, 0.3333333333333334259, 1.000000000000000000) ) ) 
 REPRESENTATION_ITEM ( '' )  SURFACE ( )  );
#3307 = CARTESIAN_POINT ( 'NONE',  ( -5.799999999999998046, -1.334000000000002941E-15, -2.900000000000002576 ) ) ;
#3308 = DIRECTION ( 'NONE',  ( 1.000000000000000000, 0.000000000000000000, 0.000000000000000000 ) ) ;
#3309 = ORIENTED_EDGE ( 'NONE', *, *, #2916, .T. ) ;
#3310 = CARTESIAN_POINT ( 'NONE',  ( 0.000000000000000000, -5.799999999999999583E-16, 0.000000000000000000 ) ) ;
#3311 = EDGE_LOOP ( 'NONE', ( #3433, #2383, #2052, #253 ) ) ;
#3312 = DIRECTION ( 'NONE',  ( 3.299999999999999882E-16, 1.000000000000000000, -5.600000000000000277E-16 ) ) ;
#3313 =( REPRESENTATION_RELATIONSHIP ('NONE','NONE', #1355, #1254 ) REPRESENTATION_RELATIONSHIP_WITH_TRANSFORMATION ( #1578 )SHAPE_REPRESENTATION_RELATIONSHIP( ) );
#3314 = EDGE_LOOP ( 'NONE', ( #3430, #585, #1123, #1888 ) ) ;
#3315 = CARTESIAN_POINT ( 'NONE',  ( 2.582703567796070235E-15, 2.999999999999996891, -2.958578643762691751 ) ) ;
#3316 = CARTESIAN_POINT ( 'NONE',  ( -2.464000000000000201E-15, 1.484000000000000251E-15, 4.400000000000000355 ) ) ;
#3317 = EDGE_CURVE ( 'NONE', #2679, #489, #2724, .T. ) ;
#3318 = ORIENTED_EDGE ( 'NONE', *, *, #3361, .T. ) ;
#3319 = CARTESIAN_POINT ( 'NONE',  ( -1.622887301627793299E-15, 0.1414213562373097255, 3.000000000000000888 ) ) ;
#3320 = VERTEX_POINT ( 'NONE', #3178 ) ;
#3321 = FILL_AREA_STYLE ('',( #601 ) ) ;
#3322 = EDGE_CURVE ( 'NONE', #1659, #3514, #1339, .T. ) ;
#3323 = CARTESIAN_POINT ( 'NONE',  ( 2.566105960255792623E-15, 2.799999999999998046, -3.000000000000001776 ) ) ;
#3324 = ORIENTED_EDGE ( 'NONE', *, *, #544, .T. ) ;
#3325 = CARTESIAN_POINT ( 'NONE',  ( -1.550804030154566388E-15, 2.899999999999995914, 3.958578625276014229 ) ) ;
#3326 = ORIENTED_EDGE ( 'NONE', *, *, #3194, .F. ) ;
#3327 = CARTESIAN_POINT ( 'NONE',  ( 2.776358719658939388E-15, 0.09999999999999777123, -4.000000000000000000 ) ) ;
#3328 = ORIENTED_EDGE ( 'NONE', *, *, #595, .T. ) ;
#3329 = CARTESIAN_POINT ( 'NONE',  ( -7.799999999999999822, 0.1000000000000025729, 3.899999999999995914 ) ) ;
#3330 = FACE_OUTER_BOUND ( 'NONE', #3001, .T. ) ;
#3331 = FACE_OUTER_BOUND ( 'NONE', #3351, .T. ) ;
#3332 = AXIS2_PLACEMENT_3D ( 'NONE', #963, #1206, #2116 ) ;
#3333 = ADVANCED_FACE ( 'NONE', ( #1826 ), #447, .F. ) ;
#3334 = VERTEX_POINT ( 'NONE', #850 ) ;
#3335 = CARTESIAN_POINT ( 'NONE',  ( -6.200000000000000178, 0.1000000000000020456, 3.099999999999996980 ) ) ;
#3336 = AXIS2_PLACEMENT_3D ( 'NONE', #222, #2164, #2922 ) ;
#3337 = CARTESIAN_POINT ( 'NONE',  ( 3.023915883596639317E-15, 2.958578643762684202, -4.000000000000003553 ) ) ;
#3338 = CIRCLE ( 'NONE', #120, 3.500000000000000000 ) ;
#3339 = AXIS2_PLACEMENT_3D ( 'NONE', #1936, #1673, #293 ) ;
#3340 = ORIENTED_EDGE ( 'NONE', *, *, #1248, .F. ) ;
#3341 = CARTESIAN_POINT ( 'NONE',  ( 6.082842712474626268, 2.899999999999996803, -3.041421356237311802 ) ) ;
#3342 = AXIS2_PLACEMENT_3D ( 'NONE', #565, #876, #2219 ) ;
#3343 = CARTESIAN_POINT ( 'NONE',  ( 2.980017965892821952E-15, 2.899999999999991473, -3.958578625276017782 ) ) ;
#3344 = VERTEX_POINT ( 'NONE', #832 ) ;
#3345 = AXIS2_PLACEMENT_3D ( 'NONE', #1553, #1693, #3532 ) ;
#3346 = CARTESIAN_POINT ( 'NONE',  ( 3.563091059616307412E-15, 0.09999999999999747979, -4.500000000000000000 ) ) ;
#3347 = CARTESIAN_POINT ( 'NONE',  ( 2.077394039744206015E-15, 0.09999999999999832634, -3.000000000000000000 ) ) ;
#3348 = ADVANCED_FACE ( 'NONE', ( #1378 ), #306, .T. ) ;
#3349 = CARTESIAN_POINT ( 'NONE',  ( 6.000000000000003553, 2.899999999999993694, -3.000000000000000000 ) ) ;
#3350 = CARTESIAN_POINT ( 'NONE',  ( -8.000000000000003553, 2.800000039802002405, 3.999999999999994671 ) ) ;
#3351 = EDGE_LOOP ( 'NONE', ( #2511, #2485, #3376, #2049 ) ) ;
#3352 = FACE_OUTER_BOUND ( 'NONE', #557, .T. ) ;
#3353 = ADVANCED_FACE ( 'NONE', ( #1893 ), #2489, .F. ) ;
#3354 = DIRECTION ( 'NONE',  ( -5.599999999999999291E-16, 5.599999999999999291E-16, 1.000000000000000000 ) ) ;
#3355 = ORIENTED_EDGE ( 'NONE', *, *, #1266, .T. ) ;
#3356 = CARTESIAN_POINT ( 'NONE',  ( 2.077394039744206015E-15, 0.09999999999999832634, -3.000000000000000000 ) ) ;
#3357 = DIRECTION ( 'NONE',  ( 3.299999999999999882E-16, 1.000000000000000000, -5.600000000000000277E-16 ) ) ;
#3358 = CARTESIAN_POINT ( 'NONE',  ( 7.800000000000002487, 2.899999999999992362, -3.899999999999999023 ) ) ;
#3359 = ORIENTED_EDGE ( 'NONE', *, *, #2982, .F. ) ;
#3360 = CARTESIAN_POINT ( 'NONE',  ( 2.337838300213162494E-15, 2.899999999999997247, -2.500000000000003109 ) ) ;
#3361 = EDGE_CURVE ( 'NONE', #2535, #171, #184, .T. ) ;
#3362 = CARTESIAN_POINT ( 'NONE',  ( -3.445000000000000562E-15, -1.999999999999997780, 3.500000000000001776 ) ) ;
#3363 = FACE_OUTER_BOUND ( 'NONE', #3043, .T. ) ;
#3364 = CARTESIAN_POINT ( 'NONE',  ( -9.201612672851676516E-16, 1.396371174268207089E-17, 2.958578643762688642 ) ) ;
#3365 = EDGE_CURVE ( 'NONE', #1382, #2969, #408, .T. ) ;
#3366 = ADVANCED_FACE ( 'NONE', ( #3331 ), #1860, .F. ) ;
#3367 = CARTESIAN_POINT ( 'NONE',  ( -1.577112689417591499E-15, 2.858578665078010506, 3.999999976684526892 ) ) ;
#3368 =( BOUNDED_CURVE ( )  B_SPLINE_CURVE ( 3, ( #1769, #2070, #679, #976 ),
 .UNSPECIFIED., .F., .F. ) 
 B_SPLINE_CURVE_WITH_KNOTS ( ( 4, 4 ),
 ( 0.000000000000000000, 1.000000000000000000 ),
 .UNSPECIFIED. ) 
 CURVE ( )  GEOMETRIC_REPRESENTATION_ITEM ( )  RATIONAL_B_SPLINE_CURVE ( ( 1.000000000000000000, 0.8047378541243649375, 0.8047378541243649375, 1.000000000000000000 ) ) 
 REPRESENTATION_ITEM ( '' )  );
#3369 = ORIENTED_EDGE ( 'NONE', *, *, #846, .F. ) ;
#3370 = DIRECTION ( 'NONE',  ( -3.299999999999999882E-16, -1.000000000000000000, 5.600000000000000277E-16 ) ) ;
#3371 = CARTESIAN_POINT ( 'NONE',  ( 6.700000000000000402E-16, 2.000000000000000000, -1.110000000000000090E-15 ) ) ;
#3372 = ORIENTED_EDGE ( 'NONE', *, *, #2178, .F. ) ;
#3373 = CARTESIAN_POINT ( 'NONE',  ( 2.572852428247266581E-15, 2.999999999999996891, -2.900000000000003464 ) ) ;
#3374 = APPLICATION_PROTOCOL_DEFINITION ( 'draft international standard', 'automotive_design', 1998, #1239 ) ;
#3375 = ADVANCED_FACE ( 'NONE', ( #1613 ), #2192, .F. ) ;
#3376 = ORIENTED_EDGE ( 'NONE', *, *, #391, .T. ) ;
#3377 = DIRECTION ( 'NONE',  ( -6.599999999999998777E-16, 5.595882180570345180E-16, 1.000000000000000000 ) ) ;
#3378 = CARTESIAN_POINT ( 'NONE',  ( 4.416091059616309242E-15, 4.999999999999997335, -4.500000000000002665 ) ) ;
#3379 = EDGE_CURVE ( 'NONE', #1780, #1845, #2954, .T. ) ;
#3380 = CARTESIAN_POINT ( 'NONE',  ( -6.082842712474622715, 2.900000000000000799, -3.041421356237318463 ) ) ;
#3381 = CARTESIAN_POINT ( 'NONE',  ( -7.639999999999999505E-15, -4.799999999999995381, 7.500000000000003553 ) ) ;
#3382 = CARTESIAN_POINT ( 'NONE',  ( -7.867272536527434766E-16, -1.396371174268284126E-17, 2.541421356237308693 ) ) ;
#3383 = FACE_OUTER_BOUND ( 'NONE', #1420, .T. ) ;
#3384 = CARTESIAN_POINT ( 'NONE',  ( -6.162825519256714563E-16, 2.800000039801999741, 4.000000000000000000 ) ) ;
#3385 = CARTESIAN_POINT ( 'NONE',  ( 1.348831357000210686E-15, 0.1414213562373063671, -3.000000000000000888 ) ) ;
#3386 = VECTOR ( 'NONE', #211, 1000.000000000000000 ) ;
#3387 = CARTESIAN_POINT ( 'NONE',  ( 8.917157287525382614, -7.922306274154907338E-15, -4.458578643762688642 ) ) ;
#3388 = ORIENTED_EDGE ( 'NONE', *, *, #1072, .F. ) ;
#3389 = AXIS2_PLACEMENT_3D ( 'NONE', #35, #3293, #1370 ) ;
#3390 = CARTESIAN_POINT ( 'NONE',  ( 2.967079631873376379E-15, 2.899999999999997691, -3.900000000000001688 ) ) ;
#3391 = CARTESIAN_POINT ( 'NONE',  ( 5.000000000000005329, 0.04142135623730781174, 2.500000000000004885 ) ) ;
#3392 = CARTESIAN_POINT ( 'NONE',  ( 9.699999999999999847E-16, 2.899999999999999911, -1.609999999999999932E-15 ) ) ;
#3393 = AXIS2_PLACEMENT_3D ( 'NONE', #3059, #70, #313 ) ;
#3394 = AXIS2_PLACEMENT_3D ( 'NONE', #2094, #2053, #143 ) ;
#3395 = EDGE_LOOP ( 'NONE', ( #3195, #2988, #1334, #1317 ) ) ;
#3396 = VECTOR ( 'NONE', #3209, 1000.000000000000000 ) ;
#3397 = CARTESIAN_POINT ( 'NONE',  ( -1.610000000000000129E-15, 0.2000000000000016764, 3.000000000000000000 ) ) ;
#3398 = VECTOR ( 'NONE', #1892, 1000.000000000000000 ) ;
#3399 = ADVANCED_FACE ( 'NONE', ( #270 ), #3299, .F. ) ;
#3400 = CARTESIAN_POINT ( 'NONE',  ( -1.804724160538342257E-15, 3.000000000000000888, 4.458578643762692195 ) ) ;
#3401 = DIRECTION ( 'NONE',  ( 3.299999999999999882E-16, 1.000000000000000000, -5.600000000000000277E-16 ) ) ;
#3402 = CARTESIAN_POINT ( 'NONE',  ( 1.000000000000000078E-15, 3.000000000000000000, -1.669999999999999921E-15 ) ) ;
#3403 = CARTESIAN_POINT ( 'NONE',  ( -7.516766004263236450E-16, 0.1000000000000000056, 2.500000000000000000 ) ) ;
#3404 = CARTESIAN_POINT ( 'NONE',  ( 5.082842712474620051, 2.999999999999999556, 2.541421356237310913 ) ) ;
#3405 = CARTESIAN_POINT ( 'NONE',  ( -7.171126983722100144E-16, 2.958578643762688642, 2.500000000000003109 ) ) ;
#3406 = LINE ( 'NONE', #3139, #3398 ) ;
#3407 = ADVANCED_FACE ( 'NONE', ( #3383 ), #2092, .F. ) ;
#3408 = CARTESIAN_POINT ( 'NONE',  ( 0.000000000000000000, -9.799999999999999499E-16, 0.000000000000000000 ) ) ;
#3409 = VERTEX_POINT ( 'NONE', #647 ) ;
#3410 = CARTESIAN_POINT ( 'NONE',  ( 2.586729266615450525E-15, 2.899999999999998579, -3.041421356237314910 ) ) ;
#3411 = CYLINDRICAL_SURFACE ( 'NONE', #2134, 3.000000000000000000 ) ;
#3412 = ADVANCED_FACE ( 'NONE', ( #1202 ), #1951, .F. ) ;
#3413 = CARTESIAN_POINT ( 'NONE',  ( 6.082842712474624491, 0.09999999999999460709, -3.041421356237308693 ) ) ;
#3414 = ORIENTED_EDGE ( 'NONE', *, *, #2072, .T. ) ;
#3415 = DIRECTION ( 'NONE',  ( 3.299999999999999882E-16, 1.000000000000000000, -5.600000000000000277E-16 ) ) ;
#3416 = DIRECTION ( 'NONE',  ( 3.299999999999999882E-16, 1.000000000000000000, -5.600000000000000277E-16 ) ) ;
#3417 = VERTEX_POINT ( 'NONE', #1707 ) ;
#3418 = DIRECTION ( 'NONE',  ( -6.599999999999998777E-16, 5.595882180570345180E-16, 1.000000000000000000 ) ) ;
#3419 = DIRECTION ( 'NONE',  ( 3.299999999999999882E-16, 1.000000000000000000, -5.600000000000000277E-16 ) ) ;
#3420 = DIRECTION ( 'NONE',  ( 3.299999999999999882E-16, 1.000000000000000000, -5.600000000000000277E-16 ) ) ;
#3421 = CARTESIAN_POINT ( 'NONE',  ( 5.000000000000010658, 2.958578643762683313, -2.500000000000003997 ) ) ;
#3422 = ADVANCED_FACE ( 'NONE', ( #2562, #1496 ), #321, .F. ) ;
#3423 = DIRECTION ( 'NONE',  ( 4.400000000000000007E-16, 1.000000000000000000, -1.110000000000000090E-15 ) ) ;
#3424 = CYLINDRICAL_SURFACE ( 'NONE', #3174, 4.500000000000000000 ) ;
#3425 = ORIENTED_EDGE ( 'NONE', *, *, #2167, .F. ) ;
#3426 =( LENGTH_UNIT ( ) NAMED_UNIT ( * ) SI_UNIT ( .MILLI., .METRE. ) );
#3427 = CARTESIAN_POINT ( 'NONE',  ( 4.999999999999998224, 0.09999999999999835409, 2.500000000000001776 ) ) ;
#3428 = CARTESIAN_POINT ( 'NONE',  ( -1.376887301627791274E-15, 0.04142135623730946320, 2.500000000000003109 ) ) ;
#3429 = PRODUCT_CONTEXT ( 'NONE', #3489, 'mechanical' ) ;
#3430 = ORIENTED_EDGE ( 'NONE', *, *, #1521, .F. ) ;
#3431 = CARTESIAN_POINT ( 'NONE',  ( 3.060264586700707707E-15, 2.999999999999996447, -4.041421356237315798 ) ) ;
#3432 = FACE_OUTER_BOUND ( 'NONE', #905, .T. ) ;
#3433 = ORIENTED_EDGE ( 'NONE', *, *, #3503, .F. ) ;
#3434 = EDGE_CURVE ( 'NONE', #2814, #1191, #1852, .T. ) ;
#3435 = DIRECTION ( 'NONE',  ( -5.600000000000000277E-16, 5.601711224508439904E-16, 1.000000000000000000 ) ) ;
#3436 = CARTESIAN_POINT ( 'NONE',  ( 5.799999999999999822, -5.161999999999999077E-15, -2.899999999999997247 ) ) ;
#3437 = CARTESIAN_POINT ( 'NONE',  ( 1.169999999999999882E-15, 3.500000000000000000, -1.939999999999999969E-15 ) ) ;
#3438 = CARTESIAN_POINT ( 'NONE',  ( -5.082842712474620939, 3.000000000000001776, 2.541421356237305140 ) ) ;
#3439 = DIRECTION ( 'NONE',  ( 3.299999999999999882E-16, 1.000000000000000000, -5.600000000000000277E-16 ) ) ;
#3440 = EDGE_CURVE ( 'NONE', #193, #2921, #13, .T. ) ;
#3441 = DIRECTION ( 'NONE',  ( -6.400000000000000458E-16, 5.560011140951304512E-16, 1.000000000000000000 ) ) ;
#3442 = ORIENTED_EDGE ( 'NONE', *, *, #1119, .T. ) ;
#3443 = DIRECTION ( 'NONE',  ( 3.299999999999999882E-16, 1.000000000000000000, -5.600000000000000277E-16 ) ) ;
#3444 = EDGE_LOOP ( 'NONE', ( #732, #2083, #1700, #1027 ) ) ;
#3445 = AXIS2_PLACEMENT_3D ( 'NONE', #2123, #3201, #1887 ) ;
#3446 = CIRCLE ( 'NONE', #174, 3.100000000000000089 ) ;
#3447 = FACE_OUTER_BOUND ( 'NONE', #1253, .T. ) ;
#3448 = UNCERTAINTY_MEASURE_WITH_UNIT (LENGTH_MEASURE( 1.000000000000000082E-05 ), #950, 'distance_accuracy_value', 'NONE');
#3449 = EDGE_LOOP ( 'NONE', ( #461, #917, #3553, #1682 ) ) ;
#3450 = CIRCLE ( 'NONE', #580, 3.100000000000000089 ) ;
#3451 = AXIS2_PLACEMENT_3D ( 'NONE', #1153, #650, #1973 ) ;
#3452 = DIRECTION ( 'NONE',  ( -1.000000000000000000, 3.299999999999999882E-16, 0.000000000000000000 ) ) ;
#3453 = FACE_OUTER_BOUND ( 'NONE', #2067, .T. ) ;
#3454 = CIRCLE ( 'NONE', #1560, 4.400000000000000355 ) ;
#3455 = CARTESIAN_POINT ( 'NONE',  ( 1.774264514336792151E-15, 0.09999999999999782674, -3.899999999999999911 ) ) ;
#3456 = CARTESIAN_POINT ( 'NONE',  ( 2.337838300213162494E-15, 2.899999999999997247, -2.500000000000003109 ) ) ;
#3457 = CARTESIAN_POINT ( 'NONE',  ( -1.373817880767381893E-15, 0.1000000000000000056, 4.500000000000000000 ) ) ;
#3458 = CARTESIAN_POINT ( 'NONE',  ( -1.701999999999999849E-15, 0.1000000000000017403, 3.100000000000000089 ) ) ;
#3459 = PRODUCT_DEFINITION_FORMATION_WITH_SPECIFIED_SOURCE ( 'ANY', '', #2424, .NOT_KNOWN. ) ;
#3460 = VERTEX_POINT ( 'NONE', #1771 ) ;
#3461 = CARTESIAN_POINT ( 'NONE',  ( 9.699999999999999847E-16, 2.899999999999999911, -1.609999999999999932E-15 ) ) ;
#3462 = ORIENTED_EDGE ( 'NONE', *, *, #1566, .T. ) ;
#3463 = ADVANCED_FACE ( 'NONE', ( #132 ), #1169, .F. ) ;
#3464 = DIRECTION ( 'NONE',  ( -6.799999999999999069E-16, 5.004010026856174159E-16, 1.000000000000000000 ) ) ;
#3465 = EDGE_CURVE ( 'NONE', #2969, #171, #2538, .T. ) ;
#3466 = DIRECTION ( 'NONE',  ( 3.299999999999999882E-16, 1.000000000000000000, -5.600000000000000277E-16 ) ) ;
#3467 = EDGE_LOOP ( 'NONE', ( #2155, #1614, #1686, #2010 ) ) ;
#3468 =( LENGTH_UNIT ( ) NAMED_UNIT ( * ) SI_UNIT ( .MILLI., .METRE. ) );
#3469 = ADVANCED_FACE ( 'NONE', ( #2268 ), #1987, .F. ) ;
#3470 = CARTESIAN_POINT ( 'NONE',  ( 9.699999999999999847E-16, 2.899999999999999911, -1.609999999999999932E-15 ) ) ;
#3471 = CARTESIAN_POINT ( 'NONE',  ( 7.917157287525374620, 0.09999999999999739653, 3.958578643762690863 ) ) ;
#3472 = EDGE_CURVE ( 'NONE', #2350, #3320, #2112, .T. ) ;
#3473 = DIRECTION ( 'NONE',  ( -5.599999999999999291E-16, 5.599999999999999291E-16, 1.000000000000000000 ) ) ;
#3474 = CARTESIAN_POINT ( 'NONE',  ( -5.917157287525378173, 3.000000000000002220, 2.958578643762683758 ) ) ;
#3475 = EDGE_LOOP ( 'NONE', ( #2637, #72, #3202, #711 ) ) ;
#3476 = CARTESIAN_POINT ( 'NONE',  ( -2.206887301627792731E-15, 0.04142135623730947708, 4.000000000000000000 ) ) ;
#3477 = CARTESIAN_POINT ( 'NONE',  ( 9.300000000000001235E-16, 2.800000039801999741, -1.549999999999999943E-15 ) ) ;
#3478 =( BOUNDED_CURVE ( )  B_SPLINE_CURVE ( 3, ( #1235, #2065, #349, #3397 ),
 .UNSPECIFIED., .F., .T. ) 
 B_SPLINE_CURVE_WITH_KNOTS ( ( 4, 4 ),
 ( 0.000000000000000000, 1.000000000000000000 ),
 .UNSPECIFIED. ) 
 CURVE ( )  GEOMETRIC_REPRESENTATION_ITEM ( )  RATIONAL_B_SPLINE_CURVE ( ( 1.000000000000000000, 0.8047378541243649375, 0.8047378541243649375, 1.000000000000000000 ) ) 
 REPRESENTATION_ITEM ( '' )  );
#3479 = DIRECTION ( 'NONE',  ( -6.599999999999999763E-16, 5.782411586589356653E-16, 1.000000000000000000 ) ) ;
#3480 = CARTESIAN_POINT ( 'NONE',  ( 6.199999999999997513, 0.09999999999999797939, 3.100000000000002309 ) ) ;
#3481 = EDGE_CURVE ( 'NONE', #1633, #1647, #2376, .T. ) ;
#3482 = ORIENTED_EDGE ( 'NONE', *, *, #648, .T. ) ;
#3483 = CARTESIAN_POINT ( 'NONE',  ( -8.200000000000001066, 2.705999999999996639E-15, 4.099999999999996092 ) ) ;
#3484 = FACE_OUTER_BOUND ( 'NONE', #3449, .T. ) ;
#3485 = ORIENTED_EDGE ( 'NONE', *, *, #1047, .F. ) ;
#3486 = DIRECTION ( 'NONE',  ( 4.400000000000000007E-16, 1.000000000000000000, -1.110000000000000090E-15 ) ) ;
#3487 = LINE ( 'NONE', #486, #2945 ) ;
#3488 = CARTESIAN_POINT ( 'NONE',  ( 9.000000000000001776, 2.899999999999996358, 4.500000000000003553 ) ) ;
#3489 = APPLICATION_CONTEXT ( 'automotive_design' ) ;
#3490 = CARTESIAN_POINT ( 'NONE',  ( 1.000000000000000078E-15, 3.000000000000000000, -1.669999999999999921E-15 ) ) ;
#3491 = ORIENTED_EDGE ( 'NONE', *, *, #218, .T. ) ;
#3492 = CARTESIAN_POINT ( 'NONE',  ( -8.900000000000000652E-16, -2.000000000000000000, 1.549999999999999943E-15 ) ) ;
#3493 = DIRECTION ( 'NONE',  ( 3.299999999999999882E-16, 1.000000000000000000, -5.600000000000000277E-16 ) ) ;
#3494 = ORIENTED_EDGE ( 'NONE', *, *, #1576, .T. ) ;
#3495 = CARTESIAN_POINT ( 'NONE',  ( 1.362831357000209731E-15, 0.1414213562373063671, -3.000000000000000888 ) ) ;
#3496 = LINE ( 'NONE', #3521, #2015 ) ;
#3497 = AXIS2_PLACEMENT_3D ( 'NONE', #2186, #3013, #2393 ) ;
#3498 =( BOUNDED_SURFACE ( )  B_SPLINE_SURFACE ( 3, 3, ( 
 ( #2378, #1013, #186, #3457 ),
 ( #2589, #2646, #1000, #3156 ),
 ( #1225, #2663, #3177, #162 ),
 ( #2857, #1264, #1757, #722 ) ),
 .UNSPECIFIED., .F., .F., .F. ) 
 B_SPLINE_SURFACE_WITH_KNOTS ( ( 4, 4 ),
 ( 4, 4 ),
 ( 0.000000000000000000, 1.000000000000000000 ),
 ( 0.000000000000000000, 1.000000000000000000 ),
 .UNSPECIFIED. ) 
 GEOMETRIC_REPRESENTATION_ITEM ( )  RATIONAL_B_SPLINE_SURFACE ( (
 ( 1.000000000000000000, 0.3333333333333334259, 0.3333333333333334259, 1.000000000000000000),
 ( 0.8047378541243649375, 0.2682459513747884050, 0.2682459513747884050, 0.8047378541243649375),
 ( 0.8047378541243649375, 0.2682459513747884050, 0.2682459513747884050, 0.8047378541243649375),
 ( 1.000000000000000000, 0.3333333333333334259, 0.3333333333333334259, 1.000000000000000000) ) ) 
 REPRESENTATION_ITEM ( '' )  SURFACE ( )  );
#3499 = ORIENTED_EDGE ( 'NONE', *, *, #690, .T. ) ;
#3500 = CARTESIAN_POINT ( 'NONE',  ( 2.388626379701573707E-15, -2.739999999999999953E-15, -3.500000000000000000 ) ) ;
#3501 = DIRECTION ( 'NONE',  ( 3.299999999999999882E-16, 1.000000000000000000, -5.600000000000000277E-16 ) ) ;
#3502 = AXIS2_PLACEMENT_3D ( 'NONE', #2611, #3423, #683 ) ;
#3503 = EDGE_CURVE ( 'NONE', #3185, #540, #2055, .T. ) ;
#3504 = EDGE_LOOP ( 'NONE', ( #3182, #2518, #1946, #3326 ) ) ;
#3505 = CARTESIAN_POINT ( 'NONE',  ( -1.590000000000000198E-15, 2.900000000000002132, 3.999999999999998224 ) ) ;
#3506 = CIRCLE ( 'NONE', #402, 3.000000000000000000 ) ;
#3507 = CIRCLE ( 'NONE', #1963, 7.500000000000000000 ) ;
#3508 = CARTESIAN_POINT ( 'NONE',  ( 7.999999999999996447, 0.1999999999999974021, 4.000000000000002665 ) ) ;
#3509 = CARTESIAN_POINT ( 'NONE',  ( 9.000000000000012434, 2.958578643762680649, -4.500000000000002665 ) ) ;
#3510 = EDGE_CURVE ( 'NONE', #1834, #1406, #1276, .T. ) ;
#3511 = CIRCLE ( 'NONE', #991, 4.500000000000000000 ) ;
#3512 = CARTESIAN_POINT ( 'NONE',  ( -6.000000000000002665, 2.900000000000001688, 2.999999999999996003 ) ) ;
#3513 = CIRCLE ( 'NONE', #1507, 6.000000000000000000 ) ;
#3514 = VERTEX_POINT ( 'NONE', #3455 ) ;
#3515 = CARTESIAN_POINT ( 'NONE',  ( -1.267789624699170562E-15, 0.000000000000000000, 4.100000000000000533 ) ) ;
#3516 = EDGE_CURVE ( 'NONE', #2252, #3527, #295, .T. ) ;
#3517 = CARTESIAN_POINT ( 'NONE',  ( 2.776358719658939388E-15, 0.09999999999999777123, -4.000000000000000000 ) ) ;
#3518 = ITEM_DEFINED_TRANSFORMATION ( 'NONE', 'NONE', #877,  #2386 ) ;
#3519 = ORIENTED_EDGE ( 'NONE', *, *, #3141, .T. ) ;
#3520 = EDGE_CURVE ( 'NONE', #1719, #1219, #2698, .T. ) ;
#3521 = CARTESIAN_POINT ( 'NONE',  ( 5.406514900639484839E-15, 4.799999999999995381, -7.500000000000002665 ) ) ;
#3522 = DIRECTION ( 'NONE',  ( -6.299999999999999819E-16, 5.782411586589356653E-16, 1.000000000000000000 ) ) ;
#3523 = ORIENTED_EDGE ( 'NONE', *, *, #1051, .T. ) ;
#3524 = LINE ( 'NONE', #3500, #1624 ) ;
#3525 = EDGE_CURVE ( 'NONE', #3544, #1219, #1788, .T. ) ;
#3526 = DIRECTION ( 'NONE',  ( 3.299999999999999882E-16, 1.000000000000000000, -5.600000000000000277E-16 ) ) ;
#3527 = VERTEX_POINT ( 'NONE', #3189 ) ;
#3528 = CARTESIAN_POINT ( 'NONE',  ( -1.836976334735847157E-15, 2.958578643762688642, 4.500000000000002665 ) ) ;
#3529 = ORIENTED_EDGE ( 'NONE', *, *, #3434, .T. ) ;
#3530 = CARTESIAN_POINT ( 'NONE',  ( -7.799999999999999822, 0.1000000000000025729, 3.899999999999995914 ) ) ;
#3531 = CARTESIAN_POINT ( 'NONE',  ( 1.744366677085473700E-15, 0.04142135623730498761, -4.000000000000000000 ) ) ;
#3532 = DIRECTION ( 'NONE',  ( -5.600000000000000277E-16, 5.590417451878382238E-16, 1.000000000000000000 ) ) ;
#3533 = EDGE_CURVE ( 'NONE', #1960, #1546, #1692, .T. ) ;
#3534 = VERTEX_POINT ( 'NONE', #978 ) ;
#3535 = CARTESIAN_POINT ( 'NONE',  ( 8.082842712474620939, -2.681301806859305785E-15, 4.041421356237313134 ) ) ;
#3536 = CARTESIAN_POINT ( 'NONE',  ( -2.170000000000000157E-15, 0.2000000000000022593, 4.000000000000000000 ) ) ;
#3537 = VERTEX_POINT ( 'NONE', #3252 ) ;
#3538 = CARTESIAN_POINT ( 'NONE',  ( -9.429999999999999404E-16, 3.000000000000001776, 2.899999999999998135 ) ) ;
#3539 = CARTESIAN_POINT ( 'NONE',  ( -2.474804040507104604E-15, 1.396371174268236363E-17, 4.458578643762692195 ) ) ;
#3540 = CARTESIAN_POINT ( 'NONE',  ( -2.174804040507109590E-15, 0.1000000000000000194, 3.958578643762689087 ) ) ;
#3541 = VERTEX_POINT ( 'NONE', #2474 ) ;
#3542 = CARTESIAN_POINT ( 'NONE',  ( -8.000000000000000000, 0.1000000000000026285, 3.999999999999995559 ) ) ;
#3543 = CARTESIAN_POINT ( 'NONE',  ( -3.404999999999999123E-15, 3.500000000000004441, 7.499999999999998224 ) ) ;
#3544 = VERTEX_POINT ( 'NONE', #960 ) ;
#3545 = CARTESIAN_POINT ( 'NONE',  ( -5.199999999999998401, -1.196000000000002671E-15, -2.600000000000001865 ) ) ;
#3546 = EDGE_CURVE ( 'NONE', #2567, #3012, #468, .T. ) ;
#3547 = CARTESIAN_POINT ( 'NONE',  ( -1.209169862309908492E-15, 0.1414213562373097255, 4.000000000000000000 ) ) ;
#3548 = CARTESIAN_POINT ( 'NONE',  ( -6.082842712474622715, 2.900000000000000799, -3.041421356237318463 ) ) ;
#3549 = EDGE_CURVE ( 'NONE', #202, #3534, #3513, .T. ) ;
#3550 = EDGE_LOOP ( 'NONE', ( #1894, #67, #1654, #1474 ) ) ;
#3551 = DIRECTION ( 'NONE',  ( -6.099999999999998541E-16, 5.782411586589356653E-16, 1.000000000000000000 ) ) ;
#3552 = CARTESIAN_POINT ( 'NONE',  ( -8.199999999999999289, 2.999999999999997780, -4.100000000000007638 ) ) ;
#3553 = ORIENTED_EDGE ( 'NONE', *, *, #2675, .F. ) ;
#3554 = CARTESIAN_POINT ( 'NONE',  ( 5.082842712474617386, -4.537693725845090813E-15, -2.541421356237306028 ) ) ;
#3555 = EDGE_CURVE ( 'NONE', #3134, #3460, #2086, .T. ) ;
#3556 = CARTESIAN_POINT ( 'NONE',  ( 5.999999999999997335, 0.1999999999999980405, 3.000000000000001776 ) ) ;
#3557 = ORIENTED_EDGE ( 'NONE', *, *, #2570, .F. ) ;
#3558 = DIRECTION ( 'NONE',  ( -6.299999999999999819E-16, 5.782411586589356653E-16, 1.000000000000000000 ) ) ;
#3559 = DIRECTION ( 'NONE',  ( -7.399999999999999944E-16, 5.940833821838380231E-16, 1.000000000000000000 ) ) ;
#3560 = NEXT_ASSEMBLY_USAGE_OCCURRENCE ( 'NAUO1', ' ', ' ', #3241, #1594, $ ) ;
#3561 = NEXT_ASSEMBLY_USAGE_OCCURRENCE ( 'NAUO2', ' ', ' ', #1594, #1056, $ ) ;
#3562 = NEXT_ASSEMBLY_USAGE_OCCURRENCE ( 'NAUO3', ' ', ' ', #1594, #51, $ ) ;
#3563 = NEXT_ASSEMBLY_USAGE_OCCURRENCE ( 'NAUO4', ' ', ' ', #1594, #421, $ ) ;
ENDSEC;
END-ISO-10303-21;
