ISO-10303-21;
HEADER;
FILE_DESCRIPTION (( 'STEP AP214' ),
    '1' );
FILE_NAME ('GT2_Pully_20T_6mm.STEP',
    '2026-08-22T12:14:05',
    ( '' ),
    ( '' ),
    'SwSTEP 2.0',
    'SolidWorks 2026',
    '' );
FILE_SCHEMA (( 'AUTOMOTIVE_DESIGN' ));
ENDSEC;

DATA;
#1 = FACE_OUTER_BOUND ( 'NONE', #4645, .T. ) ;
#2 = VECTOR ( 'NONE', #2256, 1000.000000000000000 ) ;
#3 = CIRCLE ( 'NONE', #3520, 2.020000000000000018 ) ;
#4 = CARTESIAN_POINT ( 'NONE',  ( -0.1197962551810000109, 9.049999988019999719, 2.499999996047000295 ) ) ;
#5 = ORIENTED_EDGE ( 'NONE', *, *, #3817, .T. ) ;
#6 = CARTESIAN_POINT ( 'NONE',  ( 7.072120666861999776E-15, 11.09999999999999964, -1.018074513581000051E-14 ) ) ;
#7 = ORIENTED_EDGE ( 'NONE', *, *, #4957, .T. ) ;
#8 = EDGE_CURVE ( 'NONE', #513, #516, #5241, .T. ) ;
#9 = CIRCLE ( 'NONE', #3125, 6.112198000000001130 ) ;
#10 = AXIS2_PLACEMENT_3D ( 'NONE', #2916, #2388, #1034 ) ;
#11 = DIRECTION ( 'NONE',  ( 2.372822596992000098E-16, 1.000000000000000000, -9.436895709314000199E-16 ) ) ;
#12 = ORIENTED_EDGE ( 'NONE', *, *, #5859, .T. ) ;
#13 = CIRCLE ( 'NONE', #2131, 1.000000000000000222 ) ;
#14 = VERTEX_POINT ( 'NONE', #3807 ) ;
#15 = CARTESIAN_POINT ( 'NONE',  ( -6.108711936043000001, -3.500000000000000000, 0.2064046357350000083 ) ) ;
#16 = AXIS2_PLACEMENT_3D ( 'NONE', #3490, #4945, #2547 ) ;
#17 = ORIENTED_EDGE ( 'NONE', *, *, #5821, .T. ) ;
#18 = CARTESIAN_POINT ( 'NONE',  ( -4.039133941280000251, -3.500000000000000000, -4.604819366229000011 ) ) ;
#19 = DIRECTION ( 'NONE',  ( 2.737690909207665103E-16, -1.000000000000000000, 4.450432280620585045E-16 ) ) ;
#20 = CIRCLE ( 'NONE', #1335, 0.1499999999999998834 ) ;
#21 = PRODUCT_CONTEXT ( 'NONE', #6254, 'mechanical' ) ;
#22 = CARTESIAN_POINT ( 'NONE',  ( 4.702424197123000305, -3.500000000000000000, 3.665380152386999768 ) ) ;
#23 = DIRECTION ( 'NONE',  ( 0.5877852522921382938, 0.000000000000000000, 0.8090169943751908121 ) ) ;
#24 = CARTESIAN_POINT ( 'NONE',  ( -4.884981308350999589E-15, 3.500000000000000000, -4.218847493575999539E-15 ) ) ;
#25 = CARTESIAN_POINT ( 'NONE',  ( 1.781406654275000001, 7.902911450301998819, 7.285503528965000086 ) ) ;
#26 = AXIS2_PLACEMENT_3D ( 'NONE', #2059, #3973, #5586 ) ;
#27 = LINE ( 'NONE', #2047, #4181 ) ;
#28 = CARTESIAN_POINT ( 'NONE',  ( -1.351233760588000044, -3.500000000000000000, 5.974372913993000189 ) ) ;
#29 = CIRCLE ( 'NONE', #4253, 0.5550000000000002709 ) ;
#30 = CARTESIAN_POINT ( 'NONE',  ( -7.346504633029000253, 6.250805550080000828, 1.509961512502000058 ) ) ;
#31 = CARTESIAN_POINT ( 'NONE',  ( 5.028915951783999638, 3.500000000000000000, -3.219459129871999892 ) ) ;
#32 = CARTESIAN_POINT ( 'NONE',  ( 5.028915951783999638, -3.500000000000000000, -3.219459129871999892 ) ) ;
#33 = ORIENTED_EDGE ( 'NONE', *, *, #1538, .F. ) ;
#34 = ORIENTED_EDGE ( 'NONE', *, *, #3350, .F. ) ;
#35 = CIRCLE ( 'NONE', #4169, 2.020000000000000018 ) ;
#36 = LINE ( 'NONE', #6199, #4672 ) ;
#37 = AXIS2_PLACEMENT_3D ( 'NONE', #2770, #3681, #4168 ) ;
#38 = ADVANCED_FACE ( 'NONE', ( #5734 ), #1416, .T. ) ;
#39 = CARTESIAN_POINT ( 'NONE',  ( -1.006235271369000150, 8.711820660837998886, 2.290451236645000055 ) ) ;
#40 = EDGE_LOOP ( 'NONE', ( #1565, #2005, #167, #1940 ) ) ;
#41 = DIRECTION ( 'NONE',  ( 0.000000000000000000, -1.000000000000000000, 0.000000000000000000 ) ) ;
#42 = VERTEX_POINT ( 'NONE', #3210 ) ;
#43 = AXIS2_PLACEMENT_3D ( 'NONE', #96, #3910, #2023 ) ;
#44 = DIRECTION ( 'NONE',  ( 0.5877852522921384049, -7.814069711607236881E-16, -0.8090169943751905901 ) ) ;
#45 = ORIENTED_EDGE ( 'NONE', *, *, #1837, .F. ) ;
#46 = CIRCLE ( 'NONE', #455, 0.1499999999999998834 ) ;
#47 = VERTEX_POINT ( 'NONE', #3247 ) ;
#48 = DIRECTION ( 'NONE',  ( 0.3090169943750400994, 0.000000000000000000, 0.9510565162951234441 ) ) ;
#49 = ORIENTED_EDGE ( 'NONE', *, *, #1742, .T. ) ;
#50 = CARTESIAN_POINT ( 'NONE',  ( -7.100000000000001421, 9.050000000000000711, -9.092726571679914368E-15 ) ) ;
#51 = CARTESIAN_POINT ( 'NONE',  ( 2.686351677078000044, -3.500000000000000000, 5.272262022913999147 ) ) ;
#52 = DIRECTION ( 'NONE',  ( -1.000000000000000000, -1.110223024624999878E-16, 0.000000000000000000 ) ) ;
#53 = CARTESIAN_POINT ( 'NONE',  ( -5.844347473592999442, -3.500000000000000000, 0.9256537036670000607 ) ) ;
#54 = FACE_OUTER_BOUND ( 'NONE', #2678, .T. ) ;
#55 = CARTESIAN_POINT ( 'NONE',  ( 1.604891679023999984, 8.389084591980999761, 7.326872125367000166 ) ) ;
#56 = EDGE_CURVE ( 'NONE', #5767, #1602, #6048, .T. ) ;
#57 = CARTESIAN_POINT ( 'NONE',  ( 5.526097986177999744, 3.500000000000000000, -1.380342898347999947 ) ) ;
#58 = DIRECTION ( 'NONE',  ( -9.705107454703460192E-16, -1.000000000000000000, -7.516940583779200002E-16 ) ) ;
#59 = CARTESIAN_POINT ( 'NONE',  ( 2.418477214851999957, -3.500000000000000000, 5.627604495026999665 ) ) ;
#60 = LINE ( 'NONE', #4822, #3929 ) ;
#61 = DIRECTION ( 'NONE',  ( 0.000000000000000000, 0.000000000000000000, 1.000000000000000000 ) ) ;
#62 = CIRCLE ( 'NONE', #2586, 6.112198000000000242 ) ;
#63 = ORIENTED_EDGE ( 'NONE', *, *, #3497, .F. ) ;
#64 = PRODUCT_DEFINITION ( 'UNKNOWN', '', #5312, #2364 ) ;
#65 = EDGE_CURVE ( 'NONE', #692, #260, #3746, .T. ) ;
#66 = DIRECTION ( 'NONE',  ( 0.000000000000000000, 0.000000000000000000, 1.000000000000000000 ) ) ;
#67 = CIRCLE ( 'NONE', #6221, 0.1499999999999998834 ) ;
#68 = CIRCLE ( 'NONE', #4287, 0.9999999999999994449 ) ;
#69 = CARTESIAN_POINT ( 'NONE',  ( 5.028915951783999638, -3.500000000000000000, -3.219459129871999892 ) ) ;
#70 = CARTESIAN_POINT ( 'NONE',  ( -1.645071795627000011, 7.564499112538999981, 1.882493495979999931 ) ) ;
#71 = ORIENTED_EDGE ( 'NONE', *, *, #4564, .F. ) ;
#72 = DIRECTION ( 'NONE',  ( -2.220446049250000002E-16, -1.000000000000000000, 3.330669073875000249E-16 ) ) ;
#73 = AXIS2_PLACEMENT_3D ( 'NONE', #5349, #289, #2683 ) ;
#74 = VERTEX_POINT ( 'NONE', #983 ) ;
#75 = ADVANCED_FACE ( 'NONE', ( #597 ), #1919, .T. ) ;
#76 = DIRECTION ( 'NONE',  ( -7.940816618730620390E-16, -1.000000000000000000, 1.554369229507224864E-16 ) ) ;
#77 = AXIS2_PLACEMENT_3D ( 'NONE', #2876, #2031, #2526 ) ;
#78 = VERTEX_POINT ( 'NONE', #5362 ) ;
#79 = ORIENTED_EDGE ( 'NONE', *, *, #2354, .F. ) ;
#80 = DIRECTION ( 'NONE',  ( -0.5877852522921380718, 0.000000000000000000, -0.8090169943751908121 ) ) ;
#81 = VERTEX_POINT ( 'NONE', #4913 ) ;
#82 = DIRECTION ( 'NONE',  ( -0.8090169943751910342, 0.000000000000000000, -0.5877852522921379608 ) ) ;
#83 = DIRECTION ( 'NONE',  ( -0.3090169943750400994, 1.419066820133123663E-16, 0.9510565162951234441 ) ) ;
#84 = CARTESIAN_POINT ( 'NONE',  ( 0.5610830881120000280, 3.500000000000000000, 6.099520486024999855 ) ) ;
#85 = DIRECTION ( 'NONE',  ( -1.850371707709000234E-15, 7.129000586206057066E-16, 1.000000000000000000 ) ) ;
#86 = CARTESIAN_POINT ( 'NONE',  ( -0.2064046357350000083, -3.500000000000000000, 6.108711936043000001 ) ) ;
#87 = CARTESIAN_POINT ( 'NONE',  ( -2.176127871379999856, -3.500000000000000000, -5.560519780239999932 ) ) ;
#88 = EDGE_CURVE ( 'NONE', #1184, #5599, #5642, .T. ) ;
#89 = DIRECTION ( 'NONE',  ( -5.406247080330000210E-16, 1.000000000000000000, -4.440892098500999885E-16 ) ) ;
#90 = FACE_OUTER_BOUND ( 'NONE', #1058, .T. ) ;
#91 = DIRECTION ( 'NONE',  ( 1.392798170799555979E-17, -1.000000000000000000, 4.529477758377419813E-16 ) ) ;
#92 = CARTESIAN_POINT ( 'NONE',  ( -5.873512833102999764, -3.500000000000000000, -1.691393328169000121 ) ) ;
#93 = LINE ( 'NONE', #3517, #1224 ) ;
#94 = EDGE_CURVE ( 'NONE', #5177, #893, #506, .T. ) ;
#95 = ORIENTED_EDGE ( 'NONE', *, *, #543, .F. ) ;
#96 = CARTESIAN_POINT ( 'NONE',  ( -5.974372913993000189, 3.500000000000000000, 1.351233760588000044 ) ) ;
#97 = DIRECTION ( 'NONE',  ( -0.8090169943751908121, 0.000000000000000000, 0.5877852522921382938 ) ) ;
#98 = DIRECTION ( 'NONE',  ( 7.771561172376000134E-16, 1.000000000000000000, -7.771561172375990273E-16 ) ) ;
#99 = EDGE_CURVE ( 'NONE', #324, #5819, #1072, .T. ) ;
#100 = VERTEX_POINT ( 'NONE', #4944 ) ;
#101 = CARTESIAN_POINT ( 'NONE',  ( -4.364879761826999882, 3.500000000000000000, -3.659361984642999666 ) ) ;
#102 = VERTEX_POINT ( 'NONE', #4442 ) ;
#103 = CARTESIAN_POINT ( 'NONE',  ( 2.176127871379999856, -3.500000000000000000, -5.560519780239999932 ) ) ;
#104 = AXIS2_PLACEMENT_3D ( 'NONE', #857, #6155, #1833 ) ;
#105 = ORIENTED_EDGE ( 'NONE', *, *, #1948, .F. ) ;
#106 = EDGE_CURVE ( 'NONE', #2903, #2645, #4383, .T. ) ;
#107 = EDGE_LOOP ( 'NONE', ( #3496, #3785, #2430, #2467 ) ) ;
#108 = CARTESIAN_POINT ( 'NONE',  ( 0.000000000000000000, 0.000000000000000000, -5.000000000000000000 ) ) ;
#109 = ORIENTED_EDGE ( 'NONE', *, *, #5112, .T. ) ;
#110 = DIRECTION ( 'NONE',  ( -6.677809677911960712E-16, -1.000000000000000000, -8.981892944707908975E-17 ) ) ;
#111 = VECTOR ( 'NONE', #4906, 1000.000000000000000 ) ;
#112 = DIRECTION ( 'NONE',  ( 0.3090169943750425974, 0.000000000000000000, -0.9510565162951225560 ) ) ;
#113 = AXIS2_PLACEMENT_3D ( 'NONE', #5086, #2099, #5978 ) ;
#114 = CIRCLE ( 'NONE', #4649, 0.5550000000000000488 ) ;
#115 = CARTESIAN_POINT ( 'NONE',  ( 1.600000000000000089, 0.000000000000000000, 0.000000000000000000 ) ) ;
#116 = EDGE_CURVE ( 'NONE', #2396, #2972, #1451, .T. ) ;
#117 = DIRECTION ( 'NONE',  ( 0.5877852522921382938, 0.000000000000000000, 0.8090169943751908121 ) ) ;
#118 = SHAPE_REPRESENTATION ( 'M4x5-Screw028.step', ( #5908 ), #3082 ) ;
#119 = CARTESIAN_POINT ( 'NONE',  ( 4.829082085785000089, -3.500000000000000000, 3.020442298506000434 ) ) ;
#120 = FACE_OUTER_BOUND ( 'NONE', #3713, .T. ) ;
#121 = CIRCLE ( 'NONE', #5864, 6.112197999999997577 ) ;
#122 = CARTESIAN_POINT ( 'NONE',  ( -2.686351677078000044, -3.500000000000000000, 5.272262022913999147 ) ) ;
#123 = DIRECTION ( 'NONE',  ( 8.137637229394920158E-17, -1.000000000000000000, 6.536891100602380010E-17 ) ) ;
#124 = CARTESIAN_POINT ( 'NONE',  ( -4.604819366229000011, -3.500000000000000000, -4.039133941280000251 ) ) ;
#125 = ADVANCED_FACE ( 'NONE', ( #5800 ), #3019, .T. ) ;
#126 = CARTESIAN_POINT ( 'NONE',  ( 2.032854686956000023, 3.500000000000000000, 5.604935932989999259 ) ) ;
#127 = CARTESIAN_POINT ( 'NONE',  ( 1.351233760588000044, 3.500000000000000000, -5.974372913993000189 ) ) ;
#128 = ORIENTED_EDGE ( 'NONE', *, *, #3783, .F. ) ;
#129 = DIRECTION ( 'NONE',  ( 6.661338147751000379E-16, -1.000000000000000000, 1.110223024624999878E-16 ) ) ;
#130 = AXIS2_PLACEMENT_3D ( 'NONE', #3824, #3357, #5286 ) ;
#131 = CARTESIAN_POINT ( 'NONE',  ( -2.032854686956000023, 3.500000000000000000, -5.604935932989999259 ) ) ;
#132 = DIRECTION ( 'NONE',  ( 0.000000000000000000, 4.336808689942017736E-16, 1.000000000000000000 ) ) ;
#133 = CIRCLE ( 'NONE', #730, 1.000000000000000000 ) ;
#134 = VERTEX_POINT ( 'NONE', #2897 ) ;
#135 = DIRECTION ( 'NONE',  ( 3.745133725614000318E-16, 1.000000000000000000, -7.771561172376000134E-16 ) ) ;
#136 = ORIENTED_EDGE ( 'NONE', *, *, #4547, .F. ) ;
#137 = PLANE ( 'NONE',  #3396 ) ;
#138 = AXIS2_PLACEMENT_3D ( 'NONE', #2042, #3393, #3507 ) ;
#139 = ORIENTED_EDGE ( 'NONE', *, *, #2245, .F. ) ;
#140 = VERTEX_POINT ( 'NONE', #536 ) ;
#141 = CARTESIAN_POINT ( 'NONE',  ( 5.974372913993000189, 3.500000000000000000, 1.351233760588000044 ) ) ;
#142 = ORIENTED_EDGE ( 'NONE', *, *, #4889, .F. ) ;
#143 = CARTESIAN_POINT ( 'NONE',  ( 0.3513254827150000259, 3.500000000000000000, -5.960829065173999908 ) ) ;
#144 = AXIS2_PLACEMENT_3D ( 'NONE', #4890, #4539, #227 ) ;
#145 = EDGE_CURVE ( 'NONE', #6033, #2020, #1115, .T. ) ;
#146 = DIRECTION ( 'NONE',  ( 1.392798170799555979E-17, -1.000000000000000000, 4.529477758377419813E-16 ) ) ;
#147 = EDGE_CURVE ( 'NONE', #4351, #2288, #3400, .T. ) ;
#148 = AXIS2_PLACEMENT_3D ( 'NONE', #4386, #1016, #1521 ) ;
#149 = EDGE_LOOP ( 'NONE', ( #258, #3909, #1625, #2000 ) ) ;
#150 = CARTESIAN_POINT ( 'NONE',  ( 1.691393328169000121, 3.500000000000000000, 5.873512833102999764 ) ) ;
#151 = CARTESIAN_POINT ( 'NONE',  ( -0.5773502691897800521, 0.9999999999996209699, 0.000000000000000000 ) ) ;
#152 = CARTESIAN_POINT ( 'NONE',  ( 3.423625928481999647, -3.500000000000000000, -5.063373370888999858 ) ) ;
#153 = ORIENTED_EDGE ( 'NONE', *, *, #5781, .F. ) ;
#154 = FACE_OUTER_BOUND ( 'NONE', #1388, .T. ) ;
#155 = CIRCLE ( 'NONE', #1166, 0.5550000000000001599 ) ;
#156 = CARTESIAN_POINT ( 'NONE',  ( -0.3948740821140000468, 3.500000000000000000, -5.682180913094000196 ) ) ;
#157 = DIRECTION ( 'NONE',  ( 2.372822596992000098E-16, 1.000000000000000000, -9.436895709314000199E-16 ) ) ;
#158 = CARTESIAN_POINT ( 'NONE',  ( 0.000000000000000000, 0.000000000000000000, -1.333333333332999970 ) ) ;
#159 = DIRECTION ( 'NONE',  ( -3.221094744261491672E-16, -0.7071067811862304930, 0.7071067811868646524 ) ) ;
#160 = DIRECTION ( 'NONE',  ( -6.661338147751000379E-16, -1.000000000000000000, 4.440892098500999885E-16 ) ) ;
#161 = VERTEX_POINT ( 'NONE', #3966 ) ;
#162 = EDGE_CURVE ( 'NONE', #3851, #5677, #60, .T. ) ;
#163 = DIRECTION ( 'NONE',  ( 7.771561172376000134E-16, 1.000000000000000000, -7.771561172375990273E-16 ) ) ;
#164 = EDGE_CURVE ( 'NONE', #452, #4328, #2022, .T. ) ;
#165 = CARTESIAN_POINT ( 'NONE',  ( -2.217407713322999907, 6.218625199018000593, -1.159589652221000078 ) ) ;
#166 = CARTESIAN_POINT ( 'NONE',  ( -7.431774138896000359, 9.106283319163999579, -1.011970140785999783 ) ) ;
#167 = ORIENTED_EDGE ( 'NONE', *, *, #1017, .F. ) ;
#168 = VERTEX_POINT ( 'NONE', #2425 ) ;
#169 = AXIS2_PLACEMENT_3D ( 'NONE', #3426, #3012, #3933 ) ;
#170 = CONICAL_SURFACE ( 'NONE', #2088, 2.049999999999999822, 0.7853981633970000820 ) ;
#171 = EDGE_CURVE ( 'NONE', #1492, #6209, #2517, .T. ) ;
#172 = DIRECTION ( 'NONE',  ( -0.9510565162951234441, 0.000000000000000000, 0.3090169943750404324 ) ) ;
#173 = PRODUCT_DEFINITION_FORMATION_WITH_SPECIFIED_SOURCE ( 'ANY', '', #1880, .NOT_KNOWN. ) ;
#174 = ORIENTED_EDGE ( 'NONE', *, *, #457, .F. ) ;
#175 = AXIS2_PLACEMENT_3D ( 'NONE', #4739, #395, #3192 ) ;
#176 = EDGE_LOOP ( 'NONE', ( #6235, #4491, #4869, #1654 ) ) ;
#177 = CARTESIAN_POINT ( 'NONE',  ( 5.958797487851000163, -3.500000000000000000, -0.2013392410339999994 ) ) ;
#178 = EDGE_LOOP ( 'NONE', ( #5085, #603, #5932, #2409 ) ) ;
#179 = VECTOR ( 'NONE', #3718, 1000.000000000000000 ) ;
#180 = CARTESIAN_POINT ( 'NONE',  ( 0.8660254037839842933, -0.5000000000000286438, -2.197709752620651269 ) ) ;
#181 = VERTEX_POINT ( 'NONE', #4349 ) ;
#182 = DIRECTION ( 'NONE',  ( 5.834569784931309842E-16, -1.000000000000000000, 4.814160569353050253E-16 ) ) ;
#183 = FACE_OUTER_BOUND ( 'NONE', #4171, .T. ) ;
#184 = CARTESIAN_POINT ( 'NONE',  ( -7.882583474838999557E-16, -3.700000000000000178, 4.962696920073999612E-15 ) ) ;
#185 = ORIENTED_EDGE ( 'NONE', *, *, #2922, .T. ) ;
#186 = CARTESIAN_POINT ( 'NONE',  ( -3.131282434201999809, -3.500000000000000000, -5.264412095235000422 ) ) ;
#187 = DIRECTION ( 'NONE',  ( -0.9510565162951234441, 0.000000000000000000, -0.3090169943750403769 ) ) ;
#188 = DIRECTION ( 'NONE',  ( 2.199496035544559835E-17, -1.000000000000000000, 2.859514670765540345E-16 ) ) ;
#189 = FACE_OUTER_BOUND ( 'NONE', #4615, .T. ) ;
#190 = CARTESIAN_POINT ( 'NONE',  ( 5.974372913993000189, -3.500000000000000000, 1.351233760588000044 ) ) ;
#191 = CARTESIAN_POINT ( 'NONE',  ( -5.264412095235000422, -3.500000000000000000, -3.131282434201999809 ) ) ;
#192 = VERTEX_POINT ( 'NONE', #31 ) ;
#193 = CARTESIAN_POINT ( 'NONE',  ( -2.176127871379999856, 3.500000000000000000, 5.560519780239999932 ) ) ;
#194 = FACE_OUTER_BOUND ( 'NONE', #3058, .T. ) ;
#196 = EDGE_LOOP ( 'NONE', ( #675, #3842, #1609, #3219 ) ) ;
#195 = EDGE_CURVE ( 'NONE', #4461, #1879, #2423, .T. ) ;
#197 = ORIENTED_EDGE ( 'NONE', *, *, #6137, .T. ) ;
#198 = DIRECTION ( 'NONE',  ( -0.8660254037843290176, -0.5000000000001900702, 0.000000000000000000 ) ) ;
#199 = ORIENTED_EDGE ( 'NONE', *, *, #4771, .T. ) ;
#201 = EDGE_LOOP ( 'NONE', ( #5174, #5269, #677, #3912 ) ) ;
#200 = ADVANCED_FACE ( 'NONE', ( #1517 ), #3428, .F. ) ;
#202 = CARTESIAN_POINT ( 'NONE',  ( 0.1029274500425111372, -1.000000000000000666, -0.1544840639488775091 ) ) ;
#203 = ORIENTED_EDGE ( 'NONE', *, *, #1400, .F. ) ;
#204 = CIRCLE ( 'NONE', #2817, 0.1499999999999998834 ) ;
#205 = VECTOR ( 'NONE', #811, 1000.000000000000000 ) ;
#206 = DIRECTION ( 'NONE',  ( 0.8660254037843290176, -0.5000000000001900702, 0.000000000000000000 ) ) ;
#207 = ORIENTED_EDGE ( 'NONE', *, *, #5039, .T. ) ;
#208 = FACE_OUTER_BOUND ( 'NONE', #257, .T. ) ;
#209 = AXIS2_PLACEMENT_3D ( 'NONE', #555, #1535, #643 ) ;
#210 = CYLINDRICAL_SURFACE ( 'NONE', #509, 0.1500000000000001332 ) ;
#211 = DIRECTION ( 'NONE',  ( 0.9510565162951234441, -4.336808689942020201E-16, -0.3090169943750404324 ) ) ;
#212 = AXIS2_PLACEMENT_3D ( 'NONE', #3203, #2729, #4662 ) ;
#213 = ORIENTED_EDGE ( 'NONE', *, *, #5763, .T. ) ;
#214 = CARTESIAN_POINT ( 'NONE',  ( 5.282052382155000281, -3.500000000000000000, -2.131438036170000050 ) ) ;
#215 = CARTESIAN_POINT ( 'NONE',  ( -6.099520486024999855, 3.500000000000000000, -0.5610830881120000280 ) ) ;
#216 = AXIS2_PLACEMENT_3D ( 'NONE', #763, #4989, #5056 ) ;
#217 = AXIS2_PLACEMENT_3D ( 'NONE', #1582, #2489, #4414 ) ;
#218 = CARTESIAN_POINT ( 'NONE',  ( -3.885780586188000067E-16, 3.500000000000000000, -5.828670879282000051E-15 ) ) ;
#219 = DIRECTION ( 'NONE',  ( 0.000000000000000000, -4.336808689942017736E-16, -1.000000000000000000 ) ) ;
#220 = DIRECTION ( 'NONE',  ( -0.9510565162951234441, 0.000000000000000000, 0.3090169943750403769 ) ) ;
#221 = AXIS2_PLACEMENT_3D ( 'NONE', #3176, #1708, #5581 ) ;
#222 = EDGE_LOOP ( 'NONE', ( #2134, #2211, #5803, #34 ) ) ;
#223 = FACE_OUTER_BOUND ( 'NONE', #2535, .T. ) ;
#224 = EDGE_CURVE ( 'NONE', #4550, #2248, #5451, .T. ) ;
#225 = CIRCLE ( 'NONE', #1744, 0.1499999999999998834 ) ;
#226 = CARTESIAN_POINT ( 'NONE',  ( -2.462468537240686258E-15, 5.750000000000000000, 7.100000000000000533 ) ) ;
#227 = DIRECTION ( 'NONE',  ( 0.9510565162951234441, -8.673617379884039416E-16, 0.3090169943750403769 ) ) ;
#228 = ORIENTED_EDGE ( 'NONE', *, *, #5415, .T. ) ;
#229 = VERTEX_POINT ( 'NONE', #4504 ) ;
#230 = VECTOR ( 'NONE', #5523, 1000.000000000000000 ) ;
#231 = CARTESIAN_POINT ( 'NONE',  ( -5.560519780239999932, -3.500000000000000000, -2.176127871379999856 ) ) ;
#232 = EDGE_CURVE ( 'NONE', #2412, #1528, #4638, .T. ) ;
#233 = ORIENTED_EDGE ( 'NONE', *, *, #2032, .T. ) ;
#234 = ORIENTED_EDGE ( 'NONE', *, *, #2991, .F. ) ;
#235 = DIRECTION ( 'NONE',  ( -9.732182908003039023E-16, -1.000000000000000000, -8.166026383929639355E-16 ) ) ;
#236 = ORIENTED_EDGE ( 'NONE', *, *, #3025, .T. ) ;
#237 = FACE_OUTER_BOUND ( 'NONE', #4052, .T. ) ;
#238 = ORIENTED_EDGE ( 'NONE', *, *, #2698, .T. ) ;
#239 = DIRECTION ( 'NONE',  ( -0.3090169943750400994, 0.000000000000000000, 0.9510565162951233331 ) ) ;
#240 = CIRCLE ( 'NONE', #1854, 1.000000000000000222 ) ;
#241 = CARTESIAN_POINT ( 'NONE',  ( -7.993605777301000873E-15, 3.500000000000000000, -1.998401444325000149E-15 ) ) ;
#242 = FACE_OUTER_BOUND ( 'NONE', #3984, .T. ) ;
#243 = VERTEX_POINT ( 'NONE', #4064 ) ;
#244 = CARTESIAN_POINT ( 'NONE',  ( -3.863576125695998040E-15, -4.399999999999998579, 2.499999999999998224 ) ) ;
#245 = DIRECTION ( 'NONE',  ( -4.509085283320890366E-16, -1.000000000000000000, 9.835685719086491447E-16 ) ) ;
#246 = CIRCLE ( 'NONE', #1562, 0.9999999999999995559 ) ;
#247 = DIRECTION ( 'NONE',  ( -0.5877852522921379608, -4.336808689942016750E-16, -0.8090169943751910342 ) ) ;
#248 = DIRECTION ( 'NONE',  ( -9.732182908003039023E-16, -1.000000000000000000, -8.166026383929639355E-16 ) ) ;
#249 = CARTESIAN_POINT ( 'NONE',  ( -2.254283289900000042, 6.151485611124000386, 1.086342481455000009 ) ) ;
#250 = CYLINDRICAL_SURFACE ( 'NONE', #1331, 1.650000000000000355 ) ;
#251 = CONICAL_SURFACE ( 'NONE', #2556, 2.500000000000000000, 0.7853981633970000820 ) ;
#252 = FACE_OUTER_BOUND ( 'NONE', #3627, .T. ) ;
#253 = ORIENTED_EDGE ( 'NONE', *, *, #3163, .T. ) ;
#254 = CARTESIAN_POINT ( 'NONE',  ( -1.254552017825999999E-15, 11.29999999999999893, -1.881828026739999741E-14 ) ) ;
#255 = DIRECTION ( 'NONE',  ( -1.292281125508033830E-16, -1.000000000000000000, 6.652142707626950164E-16 ) ) ;
#256 = CARTESIAN_POINT ( 'NONE',  ( -5.627604495026999665, -3.500000000000000000, -2.418477214851999957 ) ) ;
#257 = EDGE_LOOP ( 'NONE', ( #6122, #5400, #63, #3616 ) ) ;
#258 = ORIENTED_EDGE ( 'NONE', *, *, #805, .T. ) ;
#259 = CARTESIAN_POINT ( 'NONE',  ( -0.9657651767818971056, -0.3272456456324137619, -0.1551267130576212683 ) ) ;
#260 = VERTEX_POINT ( 'NONE', #1738 ) ;
#261 = DIRECTION ( 'NONE',  ( -0.9510565162951233331, 0.000000000000000000, -0.3090169943750400994 ) ) ;
#262 = ORIENTED_EDGE ( 'NONE', *, *, #1900, .F. ) ;
#263 = FILL_AREA_STYLE ('',( #4021 ) ) ;
#264 = AXIS2_PLACEMENT_3D ( 'NONE', #5958, #2230, #2604 ) ;
#265 = ORIENTED_EDGE ( 'NONE', *, *, #2312, .T. ) ;
#266 = CARTESIAN_POINT ( 'NONE',  ( -0.9256537036670000607, -3.500000000000000000, 5.844347473592999442 ) ) ;
#267 = CARTESIAN_POINT ( 'NONE',  ( -2.500000000000000444, 5.750000000000001776, -3.909126516044387464E-15 ) ) ;
#268 = CARTESIAN_POINT ( 'NONE',  ( -2.664535259099999805E-15, 9.050000000000000711, 7.100000000000000533 ) ) ;
#269 = ORIENTED_EDGE ( 'NONE', *, *, #4380, .T. ) ;
#270 = DIRECTION ( 'NONE',  ( 0.000000000000000000, 0.000000000000000000, -1.000000000000000000 ) ) ;
#271 = VECTOR ( 'NONE', #5719, 1000.000000000000000 ) ;
#272 = CARTESIAN_POINT ( 'NONE',  ( -2.664535259099999805E-15, 7.400000000000000355, 7.100000000000000533 ) ) ;
#273 = CARTESIAN_POINT ( 'NONE',  ( -2.083998275786999699, 3.500000000000000000, -5.745947752783999718 ) ) ;
#274 = DIRECTION ( 'NONE',  ( -1.274316668078573885E-16, -1.000000000000000000, 4.255379698796005274E-16 ) ) ;
#275 = CARTESIAN_POINT ( 'NONE',  ( 1.643625656718000094, 7.562013152203999944, 1.883764305177000109 ) ) ;
#276 = CARTESIAN_POINT ( 'NONE',  ( 2.418477214851999957, -3.500000000000000000, 5.627604495026999665 ) ) ;
#277 = ADVANCED_FACE ( 'NONE', ( #1671 ), #3048, .F. ) ;
#278 = VERTEX_POINT ( 'NONE', #5517 ) ;
#279 = FACE_OUTER_BOUND ( 'NONE', #2374, .T. ) ;
#280 = CARTESIAN_POINT ( 'NONE',  ( -3.659361984642999666, -3.500000000000000000, -4.364879761826999882 ) ) ;
#281 = ADVANCED_FACE ( 'NONE', ( #5995 ), #780, .F. ) ;
#282 = CARTESIAN_POINT ( 'NONE',  ( 7.596925499515584373E-15, -3.700000000000005951, -7.499999999999994671 ) ) ;
#283 = ORIENTED_EDGE ( 'NONE', *, *, #3232, .F. ) ;
#284 = VERTEX_POINT ( 'NONE', #3174 ) ;
#285 = DIRECTION ( 'NONE',  ( -8.474188266847760403E-16, -1.000000000000000000, -5.059242192088281016E-16 ) ) ;
#286 = ORIENTED_EDGE ( 'NONE', *, *, #4967, .F. ) ;
#287 = CYLINDRICAL_SURFACE ( 'NONE', #1324, 0.5549999999999999378 ) ;
#288 = ORIENTED_EDGE ( 'NONE', *, *, #3050, .T. ) ;
#289 = DIRECTION ( 'NONE',  ( -6.154821860400110401E-16, -1.000000000000000000, 2.722574071512335338E-16 ) ) ;
#290 = VERTEX_POINT ( 'NONE', #3578 ) ;
#291 = DIRECTION ( 'NONE',  ( -6.047604644248999931E-16, 1.000000000000000000, -7.771561172376000134E-16 ) ) ;
#292 = LINE ( 'NONE', #2224, #414 ) ;
#293 = ADVANCED_FACE ( 'NONE', ( #1195 ), #5544, .F. ) ;
#294 = DIRECTION ( 'NONE',  ( -1.723066134217999934E-15, 6.938893903907228378E-16, 1.000000000000000000 ) ) ;
#295 = VERTEX_POINT ( 'NONE', #4095 ) ;
#296 = CARTESIAN_POINT ( 'NONE',  ( -5.526097986177999744, -3.500000000000000000, 1.380342898347999947 ) ) ;
#297 = AXIS2_PLACEMENT_3D ( 'NONE', #4755, #973, #3801 ) ;
#298 = CARTESIAN_POINT ( 'NONE',  ( -2.220446049249999903E-15, 3.500000000000000000, -3.330669073874999855E-15 ) ) ;
#299 = EDGE_CURVE ( 'NONE', #6243, #762, #6258, .T. ) ;
#300 = DIRECTION ( 'NONE',  ( 1.000000000000000000, 0.000000000000000000, 0.000000000000000000 ) ) ;
#301 = CIRCLE ( 'NONE', #1114, 0.5550000000000001599 ) ;
#302 = ADVANCED_FACE ( 'NONE', ( #2173 ), #5484, .F. ) ;
#303 = AXIS2_PLACEMENT_3D ( 'NONE', #6226, #4670, #1895 ) ;
#304 = CYLINDRICAL_SURFACE ( 'NONE', #2545, 0.1499999999999999944 ) ;
#305 = DIRECTION ( 'NONE',  ( 0.000000000000000000, -4.336808689942017736E-16, -1.000000000000000000 ) ) ;
#306 = CARTESIAN_POINT ( 'NONE',  ( 1.649999999999999911, 7.454064755915000617, 1.878163997099000060 ) ) ;
#307 = CARTESIAN_POINT ( 'NONE',  ( -5.960829065173999908, 3.500000000000000000, -0.3513254827150000259 ) ) ;
#308 = ORIENTED_EDGE ( 'NONE', *, *, #4555, .T. ) ;
#309 = AXIS2_PLACEMENT_3D ( 'NONE', #5530, #4112, #4614 ) ;
#310 = AXIS2_PLACEMENT_3D ( 'NONE', #5758, #3363, #1442 ) ;
#311 = CARTESIAN_POINT ( 'NONE',  ( -1.380342898347999947, -3.500000000000000000, -5.526097986176999655 ) ) ;
#312 = EDGE_CURVE ( 'NONE', #3495, #636, #3549, .T. ) ;
#313 = EDGE_CURVE ( 'NONE', #571, #6161, #538, .T. ) ;
#314 = DIRECTION ( 'NONE',  ( -0.5877852522921382938, 0.000000000000000000, -0.8090169943751908121 ) ) ;
#315 = VECTOR ( 'NONE', #2453, 1000.000000000000000 ) ;
#316 = AXIS2_PLACEMENT_3D ( 'NONE', #4250, #1926, #5768 ) ;
#317 = DIRECTION ( 'NONE',  ( -0.8090169943751909232, -7.095334100665614618E-17, -0.5877852522921378498 ) ) ;
#318 = EDGE_LOOP ( 'NONE', ( #2469, #79, #2843, #2689 ) ) ;
#319 = ORIENTED_EDGE ( 'NONE', *, *, #4302, .F. ) ;
#320 = CARTESIAN_POINT ( 'NONE',  ( -3.020442298506000434, -3.500000000000000000, 4.829082085785000089 ) ) ;
#321 = AXIS2_PLACEMENT_3D ( 'NONE', #1285, #3666, #3699 ) ;
#322 = CARTESIAN_POINT ( 'NONE',  ( -1.326716514427379977E-14, 3.500000000000002665, 7.499999999999993783 ) ) ;
#323 = CIRCLE ( 'NONE', #1037, 0.5550000000000002709 ) ;
#324 = VERTEX_POINT ( 'NONE', #941 ) ;
#325 = DIRECTION ( 'NONE',  ( -0.5877852522921380718, -4.336808689942017736E-16, -0.8090169943751908121 ) ) ;
#326 = ORIENTED_EDGE ( 'NONE', *, *, #5023, .T. ) ;
#327 = EDGE_CURVE ( 'NONE', #1455, #5913, #1616, .T. ) ;
#328 = CARTESIAN_POINT ( 'NONE',  ( 5.682180913094000196, -3.500000000000000000, -0.3948740821140000468 ) ) ;
#329 = CIRCLE ( 'NONE', #2846, 7.500000000000000000 ) ;
#330 = ORIENTED_EDGE ( 'NONE', *, *, #3923, .F. ) ;
#331 = CARTESIAN_POINT ( 'NONE',  ( -1.635246072238000004, 7.646182224542998895, 1.891125635013000128 ) ) ;
#332 = CARTESIAN_POINT ( 'NONE',  ( 5.745947752783999718, -3.500000000000000000, 2.083998275786999699 ) ) ;
#333 = DIRECTION ( 'NONE',  ( 0.3090169943750425974, 0.000000000000000000, 0.9510565162951225560 ) ) ;
#334 = VERTEX_POINT ( 'NONE', #2824 ) ;
#335 = DIRECTION ( 'NONE',  ( 7.442238254151074766E-16, -0.7071067811868638753, 0.7071067811862310482 ) ) ;
#336 = AXIS2_PLACEMENT_3D ( 'NONE', #1887, #465, #2387 ) ;
#337 = EDGE_CURVE ( 'NONE', #3732, #2522, #878, .T. ) ;
#338 = CARTESIAN_POINT ( 'NONE',  ( 5.960829065173999908, 3.500000000000000000, 0.3513254827150000259 ) ) ;
#339 = CARTESIAN_POINT ( 'NONE',  ( 2.083998275786999699, 3.500000000000000000, 5.745947752783999718 ) ) ;
#340 = LINE ( 'NONE', #684, #2247 ) ;
#341 = DIRECTION ( 'NONE',  ( -4.509085283320890366E-16, -1.000000000000000000, 9.835685719086491447E-16 ) ) ;
#342 = CARTESIAN_POINT ( 'NONE',  ( 1.519803406924000067, 8.051828508903000170, 1.985660716214999733 ) ) ;
#343 = CYLINDRICAL_SURFACE ( 'NONE', #3129, 0.5549999999999998268 ) ;
#344 = ORIENTED_EDGE ( 'NONE', *, *, #5331, .T. ) ;
#345 = EDGE_CURVE ( 'NONE', #5430, #3589, #4135, .T. ) ;
#346 = CARTESIAN_POINT ( 'NONE',  ( 5.272262022913999147, 3.500000000000000000, 2.686351677078000044 ) ) ;
#347 = CARTESIAN_POINT ( 'NONE',  ( 2.686351677078000044, 3.500000000000000000, -5.272262022913999147 ) ) ;
#348 = CIRCLE ( 'NONE', #3462, 1.000000000000000222 ) ;
#349 = EDGE_CURVE ( 'NONE', #4419, #4457, #436, .T. ) ;
#350 = ORIENTED_EDGE ( 'NONE', *, *, #1003, .T. ) ;
#351 = CARTESIAN_POINT ( 'NONE',  ( -1.409983241274000003E-15, -4.500000000000000000, 5.584421813865000144E-15 ) ) ;
#352 = ORIENTED_EDGE ( 'NONE', *, *, #6028, .T. ) ;
#353 = ORIENTED_EDGE ( 'NONE', *, *, #3803, .F. ) ;
#354 = CIRCLE ( 'NONE', #1259, 0.5550000000000002709 ) ;
#355 = CARTESIAN_POINT ( 'NONE',  ( -7.105427357600998703E-15, 3.500000000000000000, -4.440892098500999885E-16 ) ) ;
#356 = VERTEX_POINT ( 'NONE', #848 ) ;
#357 = DIRECTION ( 'NONE',  ( -1.292281125508035802E-16, -1.000000000000000000, 6.652142707626950164E-16 ) ) ;
#358 = EDGE_LOOP ( 'NONE', ( #4207, #5310, #584, #3537 ) ) ;
#359 = EDGE_CURVE ( 'NONE', #1454, #3682, #1888, .T. ) ;
#360 = ADVANCED_FACE ( 'NONE', ( #2857 ), #4785, .T. ) ;
#361 = DIRECTION ( 'NONE',  ( -0.3090169943750400994, -2.838133640266247326E-16, -0.9510565162951234441 ) ) ;
#362 = AXIS2_PLACEMENT_3D ( 'NONE', #5329, #5592, #4706 ) ;
#363 = VERTEX_POINT ( 'NONE', #1290 ) ;
#364 = ADVANCED_FACE ( 'NONE', ( #6147 ), #4158, .F. ) ;
#365 = CARTESIAN_POINT ( 'NONE',  ( 0.1604406310830000237, 5.354661845981000923, 7.498999330183999668 ) ) ;
#366 = DIRECTION ( 'NONE',  ( -3.172031972967880239E-16, -1.000000000000000000, 4.582850377723630077E-16 ) ) ;
#367 = ORIENTED_EDGE ( 'NONE', *, *, #4272, .T. ) ;
#368 = DIRECTION ( 'NONE',  ( -2.616826822693999873E-16, 1.000000000000000000, -8.326672684689000444E-16 ) ) ;
#369 = VECTOR ( 'NONE', #3045, 1000.000000000000000 ) ;
#370 = AXIS2_PLACEMENT_3D ( 'NONE', #5575, #710, #5606 ) ;
#371 = DIRECTION ( 'NONE',  ( 9.653549818297999102E-17, 1.000000000000000000, -8.326672684689000444E-16 ) ) ;
#372 = DIRECTION ( 'NONE',  ( 0.000000000000000000, 0.000000000000000000, 1.000000000000000000 ) ) ;
#373 = ADVANCED_FACE ( 'NONE', ( #2758 ), #5416, .T. ) ;
#374 = CARTESIAN_POINT ( 'NONE',  ( -0.3940855168710000189, 9.404343763506998854, 7.490263957570000741 ) ) ;
#375 = CARTESIAN_POINT ( 'NONE',  ( 4.604819366229000011, -3.500000000000000000, 4.039133941280000251 ) ) ;
#376 = DIRECTION ( 'NONE',  ( -6.677809677911960712E-16, -1.000000000000000000, -8.981892944707918835E-17 ) ) ;
#377 = AXIS2_PLACEMENT_3D ( 'NONE', #4518, #206, #4053 ) ;
#378 = DIRECTION ( 'NONE',  ( -7.279688241337999493E-16, 1.000000000000000000, -8.881784197000999888E-16 ) ) ;
#379 = EDGE_LOOP ( 'NONE', ( #6228, #4927, #2619, #3943, #2163, #421 ) ) ;
#380 = DIRECTION ( 'NONE',  ( -4.509085283320890366E-16, -1.000000000000000000, 9.835685719086491447E-16 ) ) ;
#381 = EDGE_CURVE ( 'NONE', #2722, #5496, #707, .T. ) ;
#382 = EDGE_CURVE ( 'NONE', #2879, #4552, #5550, .T. ) ;
#383 = CARTESIAN_POINT ( 'NONE',  ( -7.366652479620000804, 8.701098552074000736, 1.408308565937999912 ) ) ;
#384 = EDGE_LOOP ( 'NONE', ( #1907, #5014, #2866, #1570 ) ) ;
#385 = DIRECTION ( 'NONE',  ( 0.8090169943751910342, -8.673617379884033500E-16, 0.5877852522921379608 ) ) ;
#386 = ORIENTED_EDGE ( 'NONE', *, *, #889, .F. ) ;
#387 = VERTEX_POINT ( 'NONE', #3865 ) ;
#388 = CARTESIAN_POINT ( 'NONE',  ( -2.418477214851999957, 3.500000000000000000, 5.627604495026999665 ) ) ;
#389 = CARTESIAN_POINT ( 'NONE',  ( 5.873512833102999764, -3.500000000000000000, -1.691393328169000121 ) ) ;
#390 = EDGE_CURVE ( 'NONE', #3940, #4637, #5794, .T. ) ;
#391 = EDGE_CURVE ( 'NONE', #2342, #140, #4644, .T. ) ;
#392 = ORIENTED_EDGE ( 'NONE', *, *, #1095, .F. ) ;
#393 = CARTESIAN_POINT ( 'NONE',  ( -3.020442298506000434, 3.500000000000000000, -4.829082085785000089 ) ) ;
#394 = ORIENTED_EDGE ( 'NONE', *, *, #1079, .F. ) ;
#395 = DIRECTION ( 'NONE',  ( -3.330669073875000249E-16, 1.110223024624999878E-16, 1.000000000000000000 ) ) ;
#396 = EDGE_CURVE ( 'NONE', #2351, #477, #5746, .T. ) ;
#397 = ORIENTED_EDGE ( 'NONE', *, *, #1937, .F. ) ;
#398 = DIRECTION ( 'NONE',  ( 1.110223024625029953E-16, -1.000000000000000000, 3.330669073875005179E-16 ) ) ;
#399 = CARTESIAN_POINT ( 'NONE',  ( 1.154700538379000108, -7.949912429749960253E-13, 0.000000000000000000 ) ) ;
#400 = ORIENTED_EDGE ( 'NONE', *, *, #2058, .F. ) ;
#401 = CARTESIAN_POINT ( 'NONE',  ( 1.178756851044451704E-14, 3.699999999999994404, -7.500000000000004441 ) ) ;
#402 = CARTESIAN_POINT ( 'NONE',  ( -2.220446049249999903E-15, 3.500000000000000000, 4.440892098500999885E-16 ) ) ;
#403 = DIRECTION ( 'NONE',  ( 0.000000000000000000, 0.000000000000000000, 1.000000000000000000 ) ) ;
#404 = FACE_OUTER_BOUND ( 'NONE', #752, .T. ) ;
#405 = CARTESIAN_POINT ( 'NONE',  ( -1.880031405792000010, 7.508108781035000234, 1.647874153444999878 ) ) ;
#406 = DIRECTION ( 'NONE',  ( -0.8090169943751910342, -4.336808689942016750E-16, -0.5877852522921379608 ) ) ;
#407 = CARTESIAN_POINT ( 'NONE',  ( -0.2037662900720338954, 1.000000000000000222, -0.1382651969908013367 ) ) ;
#408 = CARTESIAN_POINT ( 'NONE',  ( -7.485603812967999815, 5.417945540460999965, -0.4700810924390000367 ) ) ;
#409 = AXIS2_PLACEMENT_3D ( 'NONE', #3040, #2078, #620 ) ;
#410 = AXIS2_PLACEMENT_3D ( 'NONE', #659, #1138, #5006 ) ;
#411 = CARTESIAN_POINT ( 'NONE',  ( -7.332921406984000079, 6.366257995357999633, 1.574375657004000173 ) ) ;
#412 = ORIENTED_EDGE ( 'NONE', *, *, #6086, .T. ) ;
#413 = VERTEX_POINT ( 'NONE', #2417 ) ;
#414 = VECTOR ( 'NONE', #5693, 1000.000000000000000 ) ;
#415 = ORIENTED_EDGE ( 'NONE', *, *, #1275, .F. ) ;
#416 = CARTESIAN_POINT ( 'NONE',  ( -2.176127871379999856, -3.500000000000000000, 5.560519780239999932 ) ) ;
#417 = AXIS2_PLACEMENT_3D ( 'NONE', #2215, #5564, #1244 ) ;
#418 = AXIS2_PLACEMENT_3D ( 'NONE', #4727, #2335, #1417 ) ;
#419 = EDGE_LOOP ( 'NONE', ( #4147, #2103, #3660, #5111 ) ) ;
#420 = DIRECTION ( 'NONE',  ( -0.3090169943750375459, 0.000000000000000000, -0.9510565162951243323 ) ) ;
#421 = ORIENTED_EDGE ( 'NONE', *, *, #5471, .F. ) ;
#422 = ADVANCED_FACE ( 'NONE', ( #3419 ), #5354, .T. ) ;
#423 = DIRECTION ( 'NONE',  ( -2.633298352853165054E-16, -1.000000000000000000, 3.521947465199164926E-16 ) ) ;
#424 = AXIS2_PLACEMENT_3D ( 'NONE', #5538, #1191, #1253 ) ;
#425 = ORIENTED_EDGE ( 'NONE', *, *, #3497, .T. ) ;
#426 = DIRECTION ( 'NONE',  ( 0.000000000000000000, 0.000000000000000000, -1.000000000000000000 ) ) ;
#427 = LINE ( 'NONE', #6242, #2322 ) ;
#428 = ORIENTED_EDGE ( 'NONE', *, *, #5106, .T. ) ;
#429 = CARTESIAN_POINT ( 'NONE',  ( 0.000000000000000000, 0.000000000000000000, -4.230000000000000426 ) ) ;
#430 = PRESENTATION_LAYER_ASSIGNMENT (  '', '', ( #3142 ) ) ;
#431 = EDGE_CURVE ( 'NONE', #5500, #5777, #2712, .T. ) ;
#432 = EDGE_CURVE ( 'NONE', #1140, #5113, #5246, .T. ) ;
#433 = CARTESIAN_POINT ( 'NONE',  ( -3.020442298506000434, -3.500000000000000000, -4.829082085785000089 ) ) ;
#434 = CARTESIAN_POINT ( 'NONE',  ( -0.08003069891443000128, 9.449999977356998926, 7.499999991996999960 ) ) ;
#435 = CONICAL_SURFACE ( 'NONE', #1752, 2.309401076759000304, 1.031217286681000100 ) ;
#436 = LINE ( 'NONE', #5130, #5035 ) ;
#437 = CARTESIAN_POINT ( 'NONE',  ( 1.108679084215999926E-15, -3.500000000000000000, 1.914543905739000392E-15 ) ) ;
#438 = CARTESIAN_POINT ( 'NONE',  ( 0.8081347915620000766, 9.237101435219001289, 7.456445620024999776 ) ) ;
#439 = ADVANCED_FACE ( 'NONE', ( #2948 ), #6248, .T. ) ;
#440 = CARTESIAN_POINT ( 'NONE',  ( -7.370877246543000361, 6.067582279033000070, -1.386950975350000004 ) ) ;
#441 = CIRCLE ( 'NONE', #1955, 0.9999999999999995559 ) ;
#442 = DIRECTION ( 'NONE',  ( 1.110223024624999878E-16, -1.000000000000000000, 1.551559350114999894E-31 ) ) ;
#443 = ORIENTED_EDGE ( 'NONE', *, *, #5164, .F. ) ;
#444 = DIRECTION ( 'NONE',  ( 0.000000000000000000, -7.814069711607238853E-16, -1.000000000000000000 ) ) ;
#445 = CONICAL_SURFACE ( 'NONE', #5883, 7.500000000000000000, 0.7853981633970000820 ) ;
#446 = VERTEX_POINT ( 'NONE', #562 ) ;
#447 = VERTEX_POINT ( 'NONE', #4339 ) ;
#448 = CYLINDRICAL_SURFACE ( 'NONE', #1558, 6.112198000000000242 ) ;
#449 = AXIS2_PLACEMENT_3D ( 'NONE', #4705, #1967, #3879 ) ;
#450 = CARTESIAN_POINT ( 'NONE',  ( -1.914875816445999801, 7.774750985400999959, -1.607282196678999853 ) ) ;
#451 = CARTESIAN_POINT ( 'NONE',  ( -0.7610825177710001110, 8.865213724142000373, 2.381995923428999795 ) ) ;
#452 = VERTEX_POINT ( 'NONE', #5325 ) ;
#453 = CARTESIAN_POINT ( 'NONE',  ( -5.264412095235000422, -3.500000000000000000, 3.131282434201999809 ) ) ;
#454 = VERTEX_POINT ( 'NONE', #2451 ) ;
#455 = AXIS2_PLACEMENT_3D ( 'NONE', #3171, #3078, #1222 ) ;
#456 = CARTESIAN_POINT ( 'NONE',  ( -3.602316712632999809E-16, -3.500000000000000000, 4.456331502590000256E-16 ) ) ;
#457 = EDGE_CURVE ( 'NONE', #2020, #78, #1121, .T. ) ;
#458 = ORIENTED_EDGE ( 'NONE', *, *, #4114, .F. ) ;
#459 = ORIENTED_EDGE ( 'NONE', *, *, #1769, .F. ) ;
#460 = CARTESIAN_POINT ( 'NONE',  ( 3.763656053478999680E-15, 11.29999999999999893, -1.380007219608999813E-14 ) ) ;
#461 = ORIENTED_EDGE ( 'NONE', *, *, #5779, .F. ) ;
#462 = DIRECTION ( 'NONE',  ( 3.575645864350999979E-16, 1.000000000000000000, -6.106226635438000068E-16 ) ) ;
#463 = CARTESIAN_POINT ( 'NONE',  ( -0.7660324213609999155, 5.539624694707999453, 7.460976206046000314 ) ) ;
#464 =( NAMED_UNIT ( * ) PLANE_ANGLE_UNIT ( ) SI_UNIT ( $, .RADIAN. ) );
#465 = DIRECTION ( 'NONE',  ( 2.220446049250000002E-16, -1.000000000000000000, 1.110223024624999878E-16 ) ) ;
#466 = DIRECTION ( 'NONE',  ( -0.9510565162951225560, 0.000000000000000000, -0.3090169943750425974 ) ) ;
#467 = DIRECTION ( 'NONE',  ( 0.5877852522921379608, -4.336808689942016750E-16, -0.8090169943751910342 ) ) ;
#468 = CARTESIAN_POINT ( 'NONE',  ( 0.4694231071960000001, 9.382247999284999196, 7.485644271756000556 ) ) ;
#469 = AXIS2_PLACEMENT_3D ( 'NONE', #5097, #3138, #777 ) ;
#470 = CARTESIAN_POINT ( 'NONE',  ( -7.469372711470000148, 5.497338400101000389, -0.6800396742380000470 ) ) ;
#471 = CARTESIAN_POINT ( 'NONE',  ( -7.498999594321000828, 9.445339400630000881, 0.1602532845039999765 ) ) ;
#472 = VECTOR ( 'NONE', #5501, 1000.000000000000000 ) ;
#473 = EDGE_CURVE ( 'NONE', #6061, #4175, #4737, .T. ) ;
#474 = ORIENTED_EDGE ( 'NONE', *, *, #1871, .F. ) ;
#475 = CARTESIAN_POINT ( 'NONE',  ( 3.787915702019000186, -3.500000000000000000, -4.615908076795999904 ) ) ;
#476 = ORIENTED_EDGE ( 'NONE', *, *, #3533, .T. ) ;
#477 = VERTEX_POINT ( 'NONE', #972 ) ;
#478 = CIRCLE ( 'NONE', #2890, 0.5550000000000001599 ) ;
#479 = DIRECTION ( 'NONE',  ( 0.8090169943751908121, -4.336808689942017736E-16, -0.5877852522921380718 ) ) ;
#480 = CARTESIAN_POINT ( 'NONE',  ( -1.882381054772999995, 7.237644924820000547, -1.645199786924000041 ) ) ;
#481 = CARTESIAN_POINT ( 'NONE',  ( -0.8063529420720000340, 5.959217739765999333, 2.367027594391999834 ) ) ;
#482 = VERTEX_POINT ( 'NONE', #4847 ) ;
#483 = FACE_OUTER_BOUND ( 'NONE', #3821, .T. ) ;
#484 = ORIENTED_EDGE ( 'NONE', *, *, #4738, .T. ) ;
#485 = CARTESIAN_POINT ( 'NONE',  ( 0.000000000000000000, 0.000000000000000000, 0.000000000000000000 ) ) ;
#486 = ORIENTED_EDGE ( 'NONE', *, *, #5934, .F. ) ;
#487 = ORIENTED_EDGE ( 'NONE', *, *, #5714, .F. ) ;
#488 = EDGE_LOOP ( 'NONE', ( #2562, #1025, #1806, #4988 ) ) ;
#489 = DIRECTION ( 'NONE',  ( 0.000000000000000000, 0.000000000000000000, -1.000000000000000000 ) ) ;
#490 = EDGE_CURVE ( 'NONE', #100, #5496, #1419, .T. ) ;
#491 = CARTESIAN_POINT ( 'NONE',  ( 0.9256537036670000607, -3.500000000000000000, 5.844347473592999442 ) ) ;
#492 = CARTESIAN_POINT ( 'NONE',  ( 0.000000000000000000, 0.000000000000000000, 0.000000000000000000 ) ) ;
#493 = CARTESIAN_POINT ( 'NONE',  ( -1.391994889989000006, 8.725988101452999857, 7.369937189963000179 ) ) ;
#494 = DIRECTION ( 'NONE',  ( 8.662187989232919806E-17, -1.000000000000000000, 1.029233346467061859E-16 ) ) ;
#495 = CARTESIAN_POINT ( 'NONE',  ( 0.000000000000000000, 0.000000000000000000, -0.4200000000000000400 ) ) ;
#496 = CARTESIAN_POINT ( 'NONE',  ( 1.011970140785999783, 9.106283319163999579, 7.431774138896000359 ) ) ;
#497 = DIRECTION ( 'NONE',  ( -0.3090169943750400994, 5.676267280532494653E-16, 0.9510565162951234441 ) ) ;
#498 = DIRECTION ( 'NONE',  ( 0.3090169943750425974, 0.000000000000000000, -0.9510565162951225560 ) ) ;
#499 = DIRECTION ( 'NONE',  ( -9.623875507864408450E-17, -1.000000000000000000, 4.364530971015194927E-16 ) ) ;
#500 = CARTESIAN_POINT ( 'NONE',  ( -7.308995878801000323, 6.607256618974000517, 1.681884844889999897 ) ) ;
#501 = DIRECTION ( 'NONE',  ( -0.9510565162951235552, 0.000000000000000000, -0.3090169943750399328 ) ) ;
#502 = DIRECTION ( 'NONE',  ( 2.410303540879831943E-16, -0.7071067811868650965, -0.7071067811862300490 ) ) ;
#503 = ORIENTED_EDGE ( 'NONE', *, *, #3979, .F. ) ;
#504 = ORIENTED_EDGE ( 'NONE', *, *, #5478, .F. ) ;
#505 = CIRCLE ( 'NONE', #4030, 0.1499999999999998834 ) ;
#506 = CIRCLE ( 'NONE', #3615, 0.5550000000000002709 ) ;
#507 = FACE_OUTER_BOUND ( 'NONE', #5213, .T. ) ;
#508 = CONICAL_SURFACE ( 'NONE', #5141, 2.500000000000000000, 0.7853981633970000820 ) ;
#509 = AXIS2_PLACEMENT_3D ( 'NONE', #4998, #3039, #2165 ) ;
#510 = CARTESIAN_POINT ( 'NONE',  ( -0.8818412685279999330, 8.795323002895001352, 2.339659486611999739 ) ) ;
#511 = ORIENTED_EDGE ( 'NONE', *, *, #4271, .F. ) ;
#512 = CARTESIAN_POINT ( 'NONE',  ( 5.729370427217999939, -3.500000000000000000, 1.649884692613999837 ) ) ;
#513 = VERTEX_POINT ( 'NONE', #3453 ) ;
#514 = CIRCLE ( 'NONE', #4845, 1.154700538379000108 ) ;
#515 = DIRECTION ( 'NONE',  ( 0.000000000000000000, 0.000000000000000000, 1.000000000000000000 ) ) ;
#516 = VERTEX_POINT ( 'NONE', #4375 ) ;
#517 = ORIENTED_EDGE ( 'NONE', *, *, #2337, .F. ) ;
#518 = DIRECTION ( 'NONE',  ( 1.624174526069380024E-17, -1.000000000000000000, -4.921092136786170288E-16 ) ) ;
#519 = AXIS2_PLACEMENT_3D ( 'NONE', #184, #3008, #5890 ) ;
#520 = EDGE_LOOP ( 'NONE', ( #5074, #4858, #3242, #607 ) ) ;
#521 = EDGE_CURVE ( 'NONE', #5988, #1902, #4841, .T. ) ;
#522 = CARTESIAN_POINT ( 'NONE',  ( -2.254282813252999951, 8.648513575674000364, -1.086343342320999827 ) ) ;
#523 = CARTESIAN_POINT ( 'NONE',  ( -2.686351677078000044, 3.500000000000000000, -5.272262022913999147 ) ) ;
#524 = AXIS2_PLACEMENT_3D ( 'NONE', #4211, #2317, #4779 ) ;
#525 = ITEM_DEFINED_TRANSFORMATION ( 'NONE', 'NONE', #3181,  #5908 ) ;
#526 = B_SPLINE_CURVE_WITH_KNOTS ( 'NONE', 3,
 ( #3564, #1624, #3531, #3066, #202, #2126, #4051, #5498 ),
 .UNSPECIFIED., .F., .F.,
 ( 4, 2, 2, 4 ),
 ( 1.433558616867233142E-16, 0.0002981900880651270117, 0.0005963801761301105835, 0.001192760352260078052 ),
 .UNSPECIFIED. ) ;
#527 = DIRECTION ( 'NONE',  ( 1.110223024625029953E-16, -1.000000000000000000, 3.330669073875005179E-16 ) ) ;
#528 = DIRECTION ( 'NONE',  ( -4.440892098500999885E-16, -1.000000000000000000, 5.551115123126000625E-16 ) ) ;
#529 = CARTESIAN_POINT ( 'NONE',  ( 1.340849412639431513E-14, -4.700000000000002842, -7.499999999999992006 ) ) ;
#530 = CARTESIAN_POINT ( 'NONE',  ( 4.820730169109999963, 3.500000000000000000, -3.757595644535999924 ) ) ;
#531 = CIRCLE ( 'NONE', #4955, 2.020000000000000018 ) ;
#532 = CYLINDRICAL_SURFACE ( 'NONE', #2760, 0.1500000000000001332 ) ;
#533 = CYLINDRICAL_SURFACE ( 'NONE', #3383, 1.000000000000000000 ) ;
#534 = CIRCLE ( 'NONE', #4661, 0.1500000000000001332 ) ;
#535 = DIRECTION ( 'NONE',  ( 0.8090169943751910342, -4.336808689942016750E-16, 0.5877852522921379608 ) ) ;
#536 = CARTESIAN_POINT ( 'NONE',  ( 2.176127871379999856, -3.500000000000000000, -5.560519780239999932 ) ) ;
#537 = DIRECTION ( 'NONE',  ( -1.850371707709000234E-15, 6.938893903907228378E-16, 1.000000000000000000 ) ) ;
#538 = B_SPLINE_CURVE_WITH_KNOTS ( 'NONE', 6,
 ( #1706, #1257, #1170, #2233, #2665, #4977, #2573, #4529, #2147, #3108, #716, #4569, #249, #3638, #3603, #1227, #2695, #3143, #4627, #4600, #5579, #4125, #6050, #1607, #3516, #5670, #2795, #405, #1353, #3704, #5701, #3269, #1857, #2358, #4275, #5636, #5609, #6218, #1382, #6186, #3299, #2263, #2325, #4189, #4720, #5260, #1319, #4243, #3770, #5228, #1825, #5194, #4691, #906, #6118, #3800, #5167 ),
 .UNSPECIFIED., .F., .F.,
 ( 7, 5, 5, 5, 5, 5, 5, 5, 5, 5, 5, 7 ),
 ( 0.4992719607599625520, 0.5583895536859669884, 0.5843960876549689765, 0.6440215257649732905, 0.6999289667899775136, 0.7497991670419812404, 0.7831444938269838119, 0.8007766569389851430, 0.8554154481339892868, 0.9152324145559938007, 0.9399510021039956253, 1.000000000000000000 ),
 .UNSPECIFIED. ) ;
#539 = ORIENTED_EDGE ( 'NONE', *, *, #4537, .T. ) ;
#540 = CIRCLE ( 'NONE', #1146, 0.1499999999999997724 ) ;
#541 = CYLINDRICAL_SURFACE ( 'NONE', #2066, 0.5550000000000000488 ) ;
#542 = EDGE_CURVE ( 'NONE', #2785, #1334, #1983, .T. ) ;
#543 = EDGE_CURVE ( 'NONE', #356, #134, #3425, .T. ) ;
#544 = CIRCLE ( 'NONE', #2952, 2.500000000000000000 ) ;
#545 = CYLINDRICAL_SURFACE ( 'NONE', #3358, 6.112197999999997577 ) ;
#546 = ORIENTED_EDGE ( 'NONE', *, *, #1852, .F. ) ;
#547 = CARTESIAN_POINT ( 'NONE',  ( -5.777650869670999612, 3.500000000000000000, 1.507867092026000000 ) ) ;
#548 = ORIENTED_EDGE ( 'NONE', *, *, #4356, .F. ) ;
#549 = AXIS2_PLACEMENT_3D ( 'NONE', #1743, #1262, #4666 ) ;
#550 = LINE ( 'NONE', #5876, #3390 ) ;
#551 = ORIENTED_EDGE ( 'NONE', *, *, #5621, .F. ) ;
#552 = CIRCLE ( 'NONE', #4075, 1.154700538379000108 ) ;
#554 = ORIENTED_EDGE ( 'NONE', *, *, #1574, .T. ) ;
#553 = ADVANCED_FACE ( 'NONE', ( #2043 ), #210, .T. ) ;
#555 = CARTESIAN_POINT ( 'NONE',  ( -7.100000000000000533, 7.400000000000000355, -7.993605777301000873E-15 ) ) ;
#556 = ADVANCED_FACE ( 'NONE', ( #6014 ), #3101, .T. ) ;
#557 = ORIENTED_EDGE ( 'NONE', *, *, #1680, .F. ) ;
#558 = DIRECTION ( 'NONE',  ( -8.186025824115000202E-16, 1.000000000000000000, -9.992007221626000628E-16 ) ) ;
#559 = CARTESIAN_POINT ( 'NONE',  ( -0.2013392410339999994, -3.500000000000000000, 5.958797487851000163 ) ) ;
#560 = ADVANCED_FACE ( 'NONE', ( #183 ), #1930, .F. ) ;
#561 = FACE_BOUND ( 'NONE', #4300, .T. ) ;
#562 = CARTESIAN_POINT ( 'NONE',  ( -0.2064046357350000083, -3.500000000000000000, -6.108711936043000001 ) ) ;
#563 = LINE ( 'NONE', #86, #4850 ) ;
#564 = CARTESIAN_POINT ( 'NONE',  ( -0.5773502691897800521, 0.9999999999996209699, 0.000000000000000000 ) ) ;
#565 = DIRECTION ( 'NONE',  ( -4.440892098500999885E-16, -1.000000000000000000, 3.330669073875000249E-16 ) ) ;
#566 = LINE ( 'NONE', #1547, #868 ) ;
#567 = CARTESIAN_POINT ( 'NONE',  ( 0.000000000000000000, 0.000000000000000000, -2.620441650315000093 ) ) ;
#568 = DIRECTION ( 'NONE',  ( -1.240489192847999988E-15, 7.517135062566163747E-16, 1.000000000000000000 ) ) ;
#569 = CARTESIAN_POINT ( 'NONE',  ( 0.000000000000000000, 0.000000000000000000, 0.000000000000000000 ) ) ;
#570 = AXIS2_PLACEMENT_3D ( 'NONE', #5894, #5861, #595 ) ;
#571 = VERTEX_POINT ( 'NONE', #267 ) ;
#572 = DIRECTION ( 'NONE',  ( 0.5877852522921384049, -7.814069711607236881E-16, 0.8090169943751905901 ) ) ;
#573 = EDGE_CURVE ( 'NONE', #482, #985, #613, .T. ) ;
#574 = AXIS2_PLACEMENT_3D ( 'NONE', #491, #3003, #3990 ) ;
#575 = CARTESIAN_POINT ( 'NONE',  ( -2.491970353607984467, 5.762165427758024094, -0.2234038698831481429 ) ) ;
#576 = CARTESIAN_POINT ( 'NONE',  ( -1.409983241274000003E-15, -4.500000000000000000, 5.584421813865000144E-15 ) ) ;
#577 = EDGE_LOOP ( 'NONE', ( #6139, #4134, #3152, #1050 ) ) ;
#578 = CARTESIAN_POINT ( 'NONE',  ( -0.5773502691900000983, -1.000000000000000000, -2.024834468762999773 ) ) ;
#579 = AXIS2_PLACEMENT_3D ( 'NONE', #3887, #3410, #515 ) ;
#580 = ORIENTED_EDGE ( 'NONE', *, *, #3653, .T. ) ;
#581 = DIRECTION ( 'NONE',  ( 3.745133725614000318E-16, 1.000000000000000000, -7.771561172376000134E-16 ) ) ;
#582 = EDGE_CURVE ( 'NONE', #1931, #2812, #1218, .T. ) ;
#583 = ORIENTED_EDGE ( 'NONE', *, *, #2581, .T. ) ;
#584 = ORIENTED_EDGE ( 'NONE', *, *, #3662, .F. ) ;
#585 = CYLINDRICAL_SURFACE ( 'NONE', #3932, 6.112197999999997577 ) ;
#586 = ORIENTED_EDGE ( 'NONE', *, *, #5898, .F. ) ;
#587 = LINE ( 'NONE', #2038, #4355 ) ;
#588 = DIRECTION ( 'NONE',  ( -8.186025824115000202E-16, 1.000000000000000000, -9.992007221626000628E-16 ) ) ;
#589 = EDGE_CURVE ( 'NONE', #3623, #3436, #4086, .T. ) ;
#590 = CARTESIAN_POINT ( 'NONE',  ( 4.184090831422999202, -3.500000000000000000, -4.184090831422999202 ) ) ;
#591 = CARTESIAN_POINT ( 'NONE',  ( -2.418477214851999957, -3.500000000000000000, -5.627604495026999665 ) ) ;
#592 = CARTESIAN_POINT ( 'NONE',  ( 5.844347473592999442, -3.500000000000000000, -0.9256537036670000607 ) ) ;
#593 = CARTESIAN_POINT ( 'NONE',  ( -1.649884692613999837, 3.500000000000000000, -5.729370427217999939 ) ) ;
#594 = CARTESIAN_POINT ( 'NONE',  ( 3.339606417124999727, -3.500000000000000000, -4.939112670297999941 ) ) ;
#595 = DIRECTION ( 'NONE',  ( 0.9510565162951235552, -7.814069711607236881E-16, -0.3090169943750399884 ) ) ;
#596 = CARTESIAN_POINT ( 'NONE',  ( 2.032854686956000023, 3.500000000000000000, -5.604935932989999259 ) ) ;
#597 = FACE_OUTER_BOUND ( 'NONE', #2197, .T. ) ;
#598 = CARTESIAN_POINT ( 'NONE',  ( -6.217248937900998900E-15, 3.500000000000000000, 8.881784197000999888E-16 ) ) ;
#599 = VERTEX_POINT ( 'NONE', #151 ) ;
#600 = FACE_OUTER_BOUND ( 'NONE', #2499, .T. ) ;
#601 = CARTESIAN_POINT ( 'NONE',  ( -7.500000000000000000, 9.449999999999999289, -1.172395514003999898E-14 ) ) ;
#602 = ORIENTED_EDGE ( 'NONE', *, *, #4625, .T. ) ;
#603 = ORIENTED_EDGE ( 'NONE', *, *, #5455, .F. ) ;
#604 = CARTESIAN_POINT ( 'NONE',  ( -5.028915951783999638, -3.500000000000000000, -3.219459129871999892 ) ) ;
#605 = CIRCLE ( 'NONE', #4133, 0.9999999999999994449 ) ;
#606 = ORIENTED_EDGE ( 'NONE', *, *, #1900, .T. ) ;
#607 = ORIENTED_EDGE ( 'NONE', *, *, #2528, .F. ) ;
#608 = DIRECTION ( 'NONE',  ( -7.279688241337999493E-16, 1.000000000000000000, -8.881784197000999888E-16 ) ) ;
#609 = ORIENTED_EDGE ( 'NONE', *, *, #3988, .T. ) ;
#610 = CARTESIAN_POINT ( 'NONE',  ( -4.939112670297999941, -3.500000000000000000, 3.339606417124999727 ) ) ;
#611 = AXIS2_PLACEMENT_3D ( 'NONE', #3689, #3255, #3284 ) ;
#612 = EDGE_CURVE ( 'NONE', #6193, #5406, #4228, .T. ) ;
#613 = CIRCLE ( 'NONE', #5348, 6.112198000000001130 ) ;
#614 = DIRECTION ( 'NONE',  ( -8.881144413637390876E-16, -1.000000000000000000, -2.778844884289169681E-16 ) ) ;
#615 = EDGE_CURVE ( 'NONE', #4686, #3592, #4139, .T. ) ;
#616 = CIRCLE ( 'NONE', #4235, 0.1500000000000001332 ) ;
#617 = VERTEX_POINT ( 'NONE', #5952 ) ;
#618 = DIRECTION ( 'NONE',  ( 0.9510565162951225560, 0.000000000000000000, 0.3090169943750425974 ) ) ;
#619 = DIRECTION ( 'NONE',  ( 0.3090169943750425974, 0.000000000000000000, 0.9510565162951225560 ) ) ;
#620 = DIRECTION ( 'NONE',  ( 0.8090169943751908121, -4.336808689942017736E-16, -0.5877852522921380718 ) ) ;
#621 = ORIENTED_EDGE ( 'NONE', *, *, #5209, .T. ) ;
#622 = DIRECTION ( 'NONE',  ( 8.137637229394920158E-17, -1.000000000000000000, 6.536891100602370150E-17 ) ) ;
#623 = AXIS2_PLACEMENT_3D ( 'NONE', #6024, #4160, #5546 ) ;
#624 = LINE ( 'NONE', #1514, #2655 ) ;
#625 = EDGE_CURVE ( 'NONE', #2911, #4774, #3828, .T. ) ;
#626 = CARTESIAN_POINT ( 'NONE',  ( 2.020000000000000018, 0.000000000000000000, -0.4200000000000000400 ) ) ;
#627 = LINE ( 'NONE', #4503, #3352 ) ;
#628 = DIRECTION ( 'NONE',  ( -0.3090169943750403769, 4.336808689942019708E-16, 0.9510565162951234441 ) ) ;
#629 = CARTESIAN_POINT ( 'NONE',  ( -5.063373370888999858, 3.500000000000000000, 3.423625928481999647 ) ) ;
#630 = EDGE_CURVE ( 'NONE', #2752, #5819, #3, .T. ) ;
#631 = EDGE_CURVE ( 'NONE', #2722, #4225, #3597, .T. ) ;
#632 = ORIENTED_EDGE ( 'NONE', *, *, #6239, .T. ) ;
#633 = CYLINDRICAL_SURFACE ( 'NONE', #4775, 0.5550000000000001599 ) ;
#634 = AXIS2_PLACEMENT_3D ( 'NONE', #4104, #1679, #3586 ) ;
#635 = CARTESIAN_POINT ( 'NONE',  ( -7.494042117989000218, 9.422183738716999102, -0.3183258736709999592 ) ) ;
#636 = VERTEX_POINT ( 'NONE', #4968 ) ;
#637 = VERTEX_POINT ( 'NONE', #1633 ) ;
#638 = DIRECTION ( 'NONE',  ( 8.137637229394920158E-17, -1.000000000000000000, 6.536891100602380010E-17 ) ) ;
#639 = VECTOR ( 'NONE', #527, 1000.000000000000000 ) ;
#640 =( REPRESENTATION_RELATIONSHIP ('NONE','NONE', #4389, #118 ) REPRESENTATION_RELATIONSHIP_WITH_TRANSFORMATION ( #2448 )SHAPE_REPRESENTATION_RELATIONSHIP( ) );
#641 = ORIENTED_EDGE ( 'NONE', *, *, #5100, .T. ) ;
#642 = VERTEX_POINT ( 'NONE', #3508 ) ;
#643 = DIRECTION ( 'NONE',  ( -5.256737805990323064E-16, 1.000000000000000000, -6.661338147750997421E-16 ) ) ;
#644 = ORIENTED_EDGE ( 'NONE', *, *, #688, .F. ) ;
#645 = CIRCLE ( 'NONE', #3257, 0.9999999999999995559 ) ;
#646 = DIRECTION ( 'NONE',  ( 0.9510565162951225560, 0.000000000000000000, 0.3090169943750425974 ) ) ;
#647 = ADVANCED_FACE ( 'NONE', ( #4521 ), #3539, .F. ) ;
#648 = AXIS2_PLACEMENT_3D ( 'NONE', #1392, #3309, #1421 ) ;
#649 = VERTEX_POINT ( 'NONE', #5535 ) ;
#650 = DIRECTION ( 'NONE',  ( -0.9510565162951235552, 0.000000000000000000, 0.3090169943750399884 ) ) ;
#651 = FACE_OUTER_BOUND ( 'NONE', #4893, .T. ) ;
#652 = CARTESIAN_POINT ( 'NONE',  ( -2.664535259099999805E-15, 3.500000000000000000, 1.776356839399999804E-15 ) ) ;
#653 = ORIENTED_EDGE ( 'NONE', *, *, #94, .F. ) ;
#654 = CARTESIAN_POINT ( 'NONE',  ( 1.297550714679294892E-14, 11.09999999999999609, -7.500000000000009770 ) ) ;
#655 = AXIS2_PLACEMENT_3D ( 'NONE', #5389, #4851, #5925 ) ;
#656 = CARTESIAN_POINT ( 'NONE',  ( -0.3948740821140000468, 3.500000000000000000, 5.682180913094000196 ) ) ;
#657 = DIRECTION ( 'NONE',  ( -8.881144413637390876E-16, -1.000000000000000000, -2.778844884289169681E-16 ) ) ;
#658 =( NAMED_UNIT ( * ) PLANE_ANGLE_UNIT ( ) SI_UNIT ( $, .RADIAN. ) );
#659 = CARTESIAN_POINT ( 'NONE',  ( 1.165734175856000018E-15, 3.500000000000000000, -4.274358644806999409E-15 ) ) ;
#660 = LINE ( 'NONE', #5931, #1530 ) ;
#661 = EDGE_LOOP ( 'NONE', ( #2559, #6110, #5118, #3757 ) ) ;
#662 = DIRECTION ( 'NONE',  ( -2.160211709925459931E-16, -1.000000000000000000, 3.636519987039525004E-16 ) ) ;
#663 = EDGE_CURVE ( 'NONE', #1504, #1690, #3570, .T. ) ;
#664 = AXIS2_PLACEMENT_3D ( 'NONE', #670, #4581, #1717 ) ;
#665 = CARTESIAN_POINT ( 'NONE',  ( -2.254748697327999984, 6.150632814030999818, -1.085435384958000071 ) ) ;
#666 = CARTESIAN_POINT ( 'NONE',  ( -0.2430101663560000069, 5.760807250557999026, 2.492867021776000058 ) ) ;
#667 = ORIENTED_EDGE ( 'NONE', *, *, #3731, .F. ) ;
#668 = EDGE_LOOP ( 'NONE', ( #3116, #6006 ) ) ;
#669 = CIRCLE ( 'NONE', #1683, 1.000000000000000000 ) ;
#670 = CARTESIAN_POINT ( 'NONE',  ( -3.339606417124999727, 3.500000000000000000, -4.939112670297999941 ) ) ;
#671 = ORIENTED_EDGE ( 'NONE', *, *, #1377, .F. ) ;
#672 = AXIS2_PLACEMENT_3D ( 'NONE', #5403, #2004, #1501 ) ;
#673 = ORIENTED_EDGE ( 'NONE', *, *, #1482, .T. ) ;
#674 = LINE ( 'NONE', #1754, #815 ) ;
#675 = ORIENTED_EDGE ( 'NONE', *, *, #1112, .T. ) ;
#676 = CARTESIAN_POINT ( 'NONE',  ( 1.154700538379000108, 0.000000000000000000, -2.024834468762999773 ) ) ;
#677 = ORIENTED_EDGE ( 'NONE', *, *, #3004, .F. ) ;
#678 = DIRECTION ( 'NONE',  ( 0.9510565162951243323, 0.000000000000000000, -0.3090169943750375459 ) ) ;
#679 = DIRECTION ( 'NONE',  ( -6.154821860400110401E-16, -1.000000000000000000, 2.722574071512335338E-16 ) ) ;
#680 = DIRECTION ( 'NONE',  ( 2.220446049249998769E-16, 3.547667050332808049E-16, 1.000000000000000000 ) ) ;
#681 = ORIENTED_EDGE ( 'NONE', *, *, #5730, .T. ) ;
#682 = CARTESIAN_POINT ( 'NONE',  ( 0.5773502691896309491, 0.9999999999998450129, 1.192908742854399873E-13 ) ) ;
#683 = FACE_OUTER_BOUND ( 'NONE', #4556, .T. ) ;
#684 = CARTESIAN_POINT ( 'NONE',  ( -2.020000000000000018, -2.473786534277653917E-16, -0.4200000000000000400 ) ) ;
#685 = CARTESIAN_POINT ( 'NONE',  ( 6.099520486024999855, -3.500000000000000000, 0.5610830881120000280 ) ) ;
#686 = DIRECTION ( 'NONE',  ( 1.000000000000000000, 0.000000000000000000, 0.000000000000000000 ) ) ;
#687 = ORIENTED_EDGE ( 'NONE', *, *, #2768, .T. ) ;
#688 = EDGE_CURVE ( 'NONE', #3763, #1052, #5043, .T. ) ;
#689 = CYLINDRICAL_SURFACE ( 'NONE', #1057, 2.500000000000000000 ) ;
#690 = DIRECTION ( 'NONE',  ( -4.440892098500999885E-16, -1.000000000000000000, 3.330669073875000249E-16 ) ) ;
#691 = CARTESIAN_POINT ( 'NONE',  ( -7.417681892246999809, 9.026799777296998784, -1.109782093447999829 ) ) ;
#692 = VERTEX_POINT ( 'NONE', #5027 ) ;
#693 = ORIENTED_EDGE ( 'NONE', *, *, #829, .F. ) ;
#694 = ADVANCED_FACE ( 'NONE', ( #651 ), #1216, .F. ) ;
#695 = DIRECTION ( 'NONE',  ( 4.990925003266860698E-16, -1.000000000000000000, 8.429208219132549697E-16 ) ) ;
#696 = ORIENTED_EDGE ( 'NONE', *, *, #5858, .F. ) ;
#697 = EDGE_LOOP ( 'NONE', ( #3306, #3920, #4868, #602 ) ) ;
#698 = CYLINDRICAL_SURFACE ( 'NONE', #1734, 0.1499999999999997724 ) ;
#699 = ORIENTED_EDGE ( 'NONE', *, *, #5730, .F. ) ;
#700 = CIRCLE ( 'NONE', #4526, 1.000000000000000222 ) ;
#701 = CARTESIAN_POINT ( 'NONE',  ( -0.5773502691900000983, 1.000000000000000000, -2.024834468762999773 ) ) ;
#702 = ORIENTED_EDGE ( 'NONE', *, *, #4619, .F. ) ;
#703 = DIRECTION ( 'NONE',  ( 0.8090169943751908121, 0.000000000000000000, -0.5877852522921382938 ) ) ;
#704 = AXIS2_PLACEMENT_3D ( 'NONE', #5571, #799, #3630 ) ;
#705 = DIRECTION ( 'NONE',  ( 0.000000000000000000, 0.000000000000000000, 1.000000000000000000 ) ) ;
#706 = DIRECTION ( 'NONE',  ( -0.5877852522921384049, 7.814069711607236881E-16, 0.8090169943751905901 ) ) ;
#707 = CIRCLE ( 'NONE', #3022, 1.000000000000000000 ) ;
#708 = ORIENTED_EDGE ( 'NONE', *, *, #2321, .F. ) ;
#709 = DIRECTION ( 'NONE',  ( -0.5877852522921384049, -7.814069711607236881E-16, -0.8090169943751905901 ) ) ;
#710 = DIRECTION ( 'NONE',  ( -9.623875507864408450E-17, -1.000000000000000000, 4.364530971015194927E-16 ) ) ;
#711 = AXIS2_PLACEMENT_3D ( 'NONE', #4141, #1719, #2187 ) ;
#712 = VECTOR ( 'NONE', #3875, 1000.000000000000000 ) ;
#713 = DIRECTION ( 'NONE',  ( 4.990925003266860698E-16, -1.000000000000000000, 8.429208219132549697E-16 ) ) ;
#714 = EDGE_CURVE ( 'NONE', #3732, #3810, #2923, .T. ) ;
#715 = LINE ( 'NONE', #2635, #3644 ) ;
#716 = CARTESIAN_POINT ( 'NONE',  ( -2.339659486611999739, 6.004676997104999359, 0.8818412685279999330 ) ) ;
#717 = DIRECTION ( 'NONE',  ( -5.256737805990323064E-16, 1.000000000000000000, -6.661338147750997421E-16 ) ) ;
#718 = DIRECTION ( 'NONE',  ( 1.952443666665499853E-16, -1.000000000000000000, 1.005085555526131905E-15 ) ) ;
#719 = AXIS2_PLACEMENT_3D ( 'NONE', #5132, #813, #3706 ) ;
#720 = ORIENTED_EDGE ( 'NONE', *, *, #3591, .F. ) ;
#721 = CARTESIAN_POINT ( 'NONE',  ( 0.000000000000000000, 0.000000000000000000, 0.000000000000000000 ) ) ;
#722 = VECTOR ( 'NONE', #2382, 1000.000000000000000 ) ;
#723 = DIRECTION ( 'NONE',  ( 8.662187989232929667E-17, -1.000000000000000000, 1.029233346467061859E-16 ) ) ;
#724 = EDGE_CURVE ( 'NONE', #1682, #2412, #2750, .T. ) ;
#725 = LINE ( 'NONE', #2301, #738 ) ;
#726 = VERTEX_POINT ( 'NONE', #4620 ) ;
#727 = ORIENTED_EDGE ( 'NONE', *, *, #1934, .T. ) ;
#728 = CIRCLE ( 'NONE', #2733, 0.9999999999999995559 ) ;
#729 = FACE_OUTER_BOUND ( 'NONE', #757, .T. ) ;
#730 = AXIS2_PLACEMENT_3D ( 'NONE', #6247, #4690, #4753 ) ;
#731 = ORIENTED_EDGE ( 'NONE', *, *, #4866, .F. ) ;
#732 = CARTESIAN_POINT ( 'NONE',  ( -4.184090831422999202, 3.500000000000000000, 4.184090831422999202 ) ) ;
#733 = ORIENTED_EDGE ( 'NONE', *, *, #5439, .F. ) ;
#734 = CYLINDRICAL_SURFACE ( 'NONE', #5912, 6.112198000000001130 ) ;
#735 = EDGE_CURVE ( 'NONE', #4506, #4835, #5721, .T. ) ;
#736 = ORIENTED_EDGE ( 'NONE', *, *, #106, .F. ) ;
#737 = CYLINDRICAL_SURFACE ( 'NONE', #5469, 1.000000000000000222 ) ;
#738 = VECTOR ( 'NONE', #4220, 1000.000000000000000 ) ;
#739 = DIRECTION ( 'NONE',  ( -0.5877852522921378498, -4.966733870465930479E-16, -0.8090169943751909232 ) ) ;
#740 = DIRECTION ( 'NONE',  ( 8.662187989232919806E-17, -1.000000000000000000, 1.029233346467061859E-16 ) ) ;
#741 = VERTEX_POINT ( 'NONE', #3225 ) ;
#742 = CARTESIAN_POINT ( 'NONE',  ( 0.2013392410339999994, 3.500000000000000000, -5.958797487851000163 ) ) ;
#743 = EDGE_CURVE ( 'NONE', #5317, #4774, #292, .T. ) ;
#744 = CYLINDRICAL_SURFACE ( 'NONE', #4699, 1.000000000000000222 ) ;
#745 = AXIS2_PLACEMENT_3D ( 'NONE', #4888, #3521, #572 ) ;
#746 = DIRECTION ( 'NONE',  ( -1.000000000000000000, 0.000000000000000000, 0.000000000000000000 ) ) ;
#747 = CYLINDRICAL_SURFACE ( 'NONE', #940, 6.112198000000001130 ) ;
#748 = DIRECTION ( 'NONE',  ( -0.5877852522921379608, 4.336808689942016750E-16, 0.8090169943751910342 ) ) ;
#749 = CARTESIAN_POINT ( 'NONE',  ( 1.551492569231999852, 6.831553678412999986, 1.960607362116000063 ) ) ;
#750 = VECTOR ( 'NONE', #5762, 1000.000000000000000 ) ;
#751 = DIRECTION ( 'NONE',  ( -0.8090169943751908121, 0.000000000000000000, 0.5877852522921382938 ) ) ;
#752 = EDGE_LOOP ( 'NONE', ( #4761, #1503, #4700, #720 ) ) ;
#753 = LINE ( 'NONE', #2238, #1356 ) ;
#754 = CARTESIAN_POINT ( 'NONE',  ( -7.465277348997999773, 5.517832487535999419, 0.7234700684629999934 ) ) ;
#755 = DIRECTION ( 'NONE',  ( 7.771561172376000134E-16, 1.000000000000000000, -7.771561172375990273E-16 ) ) ;
#756 = VERTEX_POINT ( 'NONE', #332 ) ;
#757 = EDGE_LOOP ( 'NONE', ( #228, #2782, #1435, #4162 ) ) ;
#758 = EDGE_CURVE ( 'NONE', #5343, #617, #4653, .T. ) ;
#759 = EDGE_CURVE ( 'NONE', #5372, #2832, #1881, .T. ) ;
#760 = PRODUCT_DEFINITION_SHAPE ( 'NONE', 'NONE',  #961 ) ;
#761 = DIRECTION ( 'NONE',  ( -8.881784197000999888E-16, -1.000000000000000000, -4.440892098500999885E-16 ) ) ;
#762 = VERTEX_POINT ( 'NONE', #6210 ) ;
#763 = CARTESIAN_POINT ( 'NONE',  ( -5.844347473592999442, -3.500000000000000000, -0.9256537036670000607 ) ) ;
#764 = AXIS2_PLACEMENT_3D ( 'NONE', #492, #6215, #5289 ) ;
#765 = CIRCLE ( 'NONE', #4994, 6.112198000000001130 ) ;
#766 = ORIENTED_EDGE ( 'NONE', *, *, #2245, .T. ) ;
#767 = EDGE_CURVE ( 'NONE', #2684, #413, #2314, .T. ) ;
#768 = EDGE_CURVE ( 'NONE', #1650, #2527, #2231, .T. ) ;
#769 = VECTOR ( 'NONE', #1512, 1000.000000000000000 ) ;
#770 = AXIS2_PLACEMENT_3D ( 'NONE', #4206, #5119, #2747 ) ;
#771 = ORIENTED_EDGE ( 'NONE', *, *, #5667, .T. ) ;
#772 = DIRECTION ( 'NONE',  ( 0.9510565162951233331, -7.814069711607239839E-16, 0.3090169943750400994 ) ) ;
#773 = CARTESIAN_POINT ( 'NONE',  ( 0.8081347915620000766, 5.562898564781000310, 7.456445620024999776 ) ) ;
#774 = CYLINDRICAL_SURFACE ( 'NONE', #5442, 0.1500000000000001332 ) ;
#775 = VERTEX_POINT ( 'NONE', #4233 ) ;
#776 = LINE ( 'NONE', #1766, #3439 ) ;
#777 = DIRECTION ( 'NONE',  ( 0.3090169943750400994, -4.257200460399371236E-16, -0.9510565162951234441 ) ) ;
#778 = DIRECTION ( 'NONE',  ( 7.771561172376000134E-16, 1.000000000000000000, -7.771561172375990273E-16 ) ) ;
#779 = DIRECTION ( 'NONE',  ( -8.881784197000999888E-16, -1.000000000000000000, -4.440892098500999885E-16 ) ) ;
#780 = CYLINDRICAL_SURFACE ( 'NONE', #5946, 1.000000000000000000 ) ;
#781 = CARTESIAN_POINT ( 'NONE',  ( 1.645071795627000011, 7.235500887461999042, 1.882493495979999931 ) ) ;
#782 = CARTESIAN_POINT ( 'NONE',  ( -6.328271240363001005E-16, -3.500000000000000000, 4.807265696627000080E-15 ) ) ;
#783 = ORIENTED_EDGE ( 'NONE', *, *, #3797, .F. ) ;
#784 = CARTESIAN_POINT ( 'NONE',  ( -5.745947752783999718, 3.500000000000000000, 2.083998275786999699 ) ) ;
#785 = CARTESIAN_POINT ( 'NONE',  ( -7.445422102301999523, 5.620375868106000539, 0.9049441902589999698 ) ) ;
#786 = CARTESIAN_POINT ( 'NONE',  ( -4.039133941280000251, -3.500000000000000000, 4.604819366229000011 ) ) ;
#787 = ORIENTED_EDGE ( 'NONE', *, *, #2991, .T. ) ;
#788 = ORIENTED_EDGE ( 'NONE', *, *, #5504, .F. ) ;
#789 = DIRECTION ( 'NONE',  ( 8.662187989232919806E-17, -1.000000000000000000, 1.029233346467061859E-16 ) ) ;
#790 = EDGE_CURVE ( 'NONE', #4774, #3724, #1627, .T. ) ;
#791 = ORIENTED_EDGE ( 'NONE', *, *, #5737, .T. ) ;
#792 = CARTESIAN_POINT ( 'NONE',  ( 0.3948740821140000468, -3.500000000000000000, 5.682180913094000196 ) ) ;
#793 = VERTEX_POINT ( 'NONE', #3260 ) ;
#794 = CARTESIAN_POINT ( 'NONE',  ( -7.500000000000000000, 9.449999999999999289, -1.172395514003999898E-14 ) ) ;
#795 = ORIENTED_EDGE ( 'NONE', *, *, #3975, .F. ) ;
#796 = CARTESIAN_POINT ( 'NONE',  ( -1.227523545643000036, 6.290519874027999947, 2.179858616904999824 ) ) ;
#797 = EDGE_CURVE ( 'NONE', #5988, #5629, #2719, .T. ) ;
#798 = PLANE ( 'NONE',  #1126 ) ;
#799 = DIRECTION ( 'NONE',  ( -4.440892098500999885E-16, -1.000000000000000000, 2.220446049250000002E-16 ) ) ;
#800 = ORIENTED_EDGE ( 'NONE', *, *, #5203, .F. ) ;
#801 = DIRECTION ( 'NONE',  ( -0.5877852522921379608, 0.000000000000000000, -0.8090169943751910342 ) ) ;
#802 = AXIS2_PLACEMENT_3D ( 'NONE', #437, #6187, #4816 ) ;
#803 = AXIS2_PLACEMENT_3D ( 'NONE', #2085, #4856, #5300 ) ;
#804 = DIRECTION ( 'NONE',  ( -4.231032868236115418E-16, 1.000000000000000000, -6.661338147751002351E-16 ) ) ;
#805 = EDGE_CURVE ( 'NONE', #100, #2237, #6175, .T. ) ;
#806 = DIRECTION ( 'NONE',  ( -0.5877852522921382938, 0.000000000000000000, -0.8090169943751908121 ) ) ;
#807 = AXIS2_PLACEMENT_3D ( 'NONE', #4591, #4522, #211 ) ;
#808 = VECTOR ( 'NONE', #3995, 1000.000000000000000 ) ;
#809 = EDGE_CURVE ( 'NONE', #3682, #1876, #616, .T. ) ;
#810 = DIRECTION ( 'NONE',  ( -0.5877852522921379608, 4.336808689942016750E-16, 0.8090169943751910342 ) ) ;
#811 = DIRECTION ( 'NONE',  ( 3.575645864350999979E-16, 1.000000000000000000, -6.106226635438000068E-16 ) ) ;
#812 = CARTESIAN_POINT ( 'NONE',  ( 1.612817730796999971, 7.749465727840000540, 1.910202020559000013 ) ) ;
#813 = DIRECTION ( 'NONE',  ( -3.793385312392629599E-17, -1.000000000000000000, 5.213638939032400218E-16 ) ) ;
#814 = ORIENTED_EDGE ( 'NONE', *, *, #1003, .F. ) ;
#815 = VECTOR ( 'NONE', #3096, 1000.000000000000000 ) ;
#816 = VECTOR ( 'NONE', #3292, 1000.000000000000000 ) ;
#817 = DIRECTION ( 'NONE',  ( 1.952443666665499853E-16, -1.000000000000000000, 1.005085555526131905E-15 ) ) ;
#818 = CARTESIAN_POINT ( 'NONE',  ( -7.356224854397000357, 6.175642270202000184, 1.461726689915000099 ) ) ;
#819 = AXIS2_PLACEMENT_3D ( 'NONE', #5104, #3110, #751 ) ;
#820 = ADVANCED_FACE ( 'NONE', ( #1281, #3729 ), #798, .T. ) ;
#821 = ORIENTED_EDGE ( 'NONE', *, *, #3379, .T. ) ;
#822 = AXIS2_PLACEMENT_3D ( 'NONE', #598, #1552, #3461 ) ;
#823 = CARTESIAN_POINT ( 'NONE',  ( -5.282052382155000281, 3.500000000000000000, -2.131438036170000050 ) ) ;
#824 = VERTEX_POINT ( 'NONE', #5661 ) ;
#825 = ORIENTED_EDGE ( 'NONE', *, *, #2537, .F. ) ;
#826 = CIRCLE ( 'NONE', #2632, 1.000000000000000222 ) ;
#827 = CARTESIAN_POINT ( 'NONE',  ( -4.820730169109999963, -3.500000000000000000, 3.757595644535999924 ) ) ;
#828 = EDGE_CURVE ( 'NONE', #2972, #4769, #4144, .T. ) ;
#829 = EDGE_CURVE ( 'NONE', #1666, #1504, #3126, .T. ) ;
#830 = EDGE_LOOP ( 'NONE', ( #3859, #2591 ) ) ;
#831 = DIRECTION ( 'NONE',  ( 0.000000000000000000, 0.000000000000000000, 1.000000000000000000 ) ) ;
#832 = ORIENTED_EDGE ( 'NONE', *, *, #3307, .T. ) ;
#833 = ADVANCED_FACE ( 'NONE', ( #2898 ), #3523, .T. ) ;
#834 = DIRECTION ( 'NONE',  ( -1.110223024625019969E-16, 1.000000000000000000, -3.330669073875000249E-16 ) ) ;
#835 = AXIS2_PLACEMENT_3D ( 'NONE', #1041, #1010, #535 ) ;
#836 = ORIENTED_EDGE ( 'NONE', *, *, #5884, .T. ) ;
#837 = CARTESIAN_POINT ( 'NONE',  ( 3.885780586188000067E-16, -3.500000000000000000, 5.828670879282000051E-15 ) ) ;
#838 = DIRECTION ( 'NONE',  ( -1.723066134218000131E-15, 6.195440985631454331E-16, 1.000000000000000000 ) ) ;
#839 = ORIENTED_EDGE ( 'NONE', *, *, #1095, .T. ) ;
#840 = DIRECTION ( 'NONE',  ( -2.616826822693999873E-16, 1.000000000000000000, -8.326672684689000444E-16 ) ) ;
#841 = AXIS2_PLACEMENT_3D ( 'NONE', #2117, #3494, #2521 ) ;
#842 = PRODUCT_RELATED_PRODUCT_CATEGORY ( 'part', '', ( #5198 ) ) ;
#843 = EDGE_CURVE ( 'NONE', #4365, #2342, #1023, .T. ) ;
#844 = CARTESIAN_POINT ( 'NONE',  ( -1.736139579383999765, 6.725034796613999610, 7.296661171613999741 ) ) ;
#845 = DIRECTION ( 'NONE',  ( -1.000000000000000000, 0.000000000000000000, 0.000000000000000000 ) ) ;
#846 = CONICAL_SURFACE ( 'NONE', #5075, 2.500000000000000000, 0.7853981633970000820 ) ;
#847 = DIRECTION ( 'NONE',  ( -1.240489192847999988E-15, 7.517135062566163747E-16, 1.000000000000000000 ) ) ;
#848 = CARTESIAN_POINT ( 'NONE',  ( -3.020442298506000434, -3.500000000000000000, -4.829082085785000089 ) ) ;
#849 = CARTESIAN_POINT ( 'NONE',  ( 0.1197958575000000053, 5.750000000000000000, 2.500000000000000000 ) ) ;
#850 = DIRECTION ( 'NONE',  ( -1.110223024625021941E-16, 1.000000000000000000, -3.330669073875000249E-16 ) ) ;
#851 = ORIENTED_EDGE ( 'NONE', *, *, #5491, .F. ) ;
#852 = CIRCLE ( 'NONE', #3060, 0.9999999999999995559 ) ;
#853 = CARTESIAN_POINT ( 'NONE',  ( -7.445364127133999865, 5.620678145959999483, -0.9054533874689999484 ) ) ;
#854 = EDGE_CURVE ( 'NONE', #888, #4059, #915, .T. ) ;
#855 = CARTESIAN_POINT ( 'NONE',  ( -7.332528563244999908, 8.430239695163999514, 1.576204059125000168 ) ) ;
#856 = AXIS2_PLACEMENT_3D ( 'NONE', #3367, #380, #3272 ) ;
#857 = CARTESIAN_POINT ( 'NONE',  ( -8.670841822322000211E-15, -4.700000000000000178, -1.365574320289000013E-15 ) ) ;
#858 = DIRECTION ( 'NONE',  ( 0.8090169943751910342, -8.673617379884033500E-16, 0.5877852522921379608 ) ) ;
#859 = ORIENTED_EDGE ( 'NONE', *, *, #1070, .F. ) ;
#860 = EDGE_LOOP ( 'NONE', ( #934, #4996 ) ) ;
#861 = CARTESIAN_POINT ( 'NONE',  ( 0.9256537036670000607, -3.500000000000000000, -5.844347473592999442 ) ) ;
#862 = EDGE_CURVE ( 'NONE', #3404, #3588, #2429, .T. ) ;
#863 = LINE ( 'NONE', #3186, #2777 ) ;
#864 = ORIENTED_EDGE ( 'NONE', *, *, #3025, .F. ) ;
#865 = CARTESIAN_POINT ( 'NONE',  ( -1.776356839399999804E-15, 5.750000000000000000, 2.500000000000000000 ) ) ;
#866 = ORIENTED_EDGE ( 'NONE', *, *, #1855, .T. ) ;
#867 = DIRECTION ( 'NONE',  ( 3.575645864350999979E-16, 1.000000000000000000, -6.106226635438000068E-16 ) ) ;
#868 = VECTOR ( 'NONE', #1639, 1000.000000000000000 ) ;
#869 = VERTEX_POINT ( 'NONE', #475 ) ;
#870 = CARTESIAN_POINT ( 'NONE',  ( 6.108711936043000001, -3.500000000000000000, 0.2064046357350000083 ) ) ;
#871 = FACE_OUTER_BOUND ( 'NONE', #3380, .T. ) ;
#872 = B_SPLINE_CURVE_WITH_KNOTS ( 'NONE', 7,
 ( #601, #4042, #2550, #1176, #635, #1613, #3524, #4484, #3467, #2061, #3023, #1049, #4918, #1108, #3556, #166, #5871, #691, #3057, #2584, #5458, #5397, #2994, #2093, #4950, #2152, #5492, #2026, #3942, #1144, #4983, #4510 ),
 .UNSPECIFIED., .F., .F.,
 ( 8, 6, 6, 6, 6, 8 ),
 ( 0.000000000000000000, 0.1531740639669999793, 0.2531836238690000074, 0.3930723481070000358, 0.5657214474960000627, 1.000000000000000000 ),
 .UNSPECIFIED. ) ;
#873 = ORIENTED_EDGE ( 'NONE', *, *, #3427, .F. ) ;
#874 = CARTESIAN_POINT ( 'NONE',  ( 5.282052382155000281, -3.500000000000000000, 2.131438036170000050 ) ) ;
#875 = CIRCLE ( 'NONE', #4398, 0.1499999999999998834 ) ;
#876 = CARTESIAN_POINT ( 'NONE',  ( -1.110996469755000104, 5.774224947227000193, 7.417502402023000485 ) ) ;
#877 = CARTESIAN_POINT ( 'NONE',  ( -2.498001805407000196E-15, 9.449999999999999289, 7.500000000000000000 ) ) ;
#878 = LINE ( 'NONE', #4754, #205 ) ;
#879 = CARTESIAN_POINT ( 'NONE',  ( 0.8063529343369999491, 8.840782264558001202, 2.367027597008000139 ) ) ;
#880 = ORIENTED_EDGE ( 'NONE', *, *, #1322, .T. ) ;
#881 = AXIS2_PLACEMENT_3D ( 'NONE', #4616, #3504, #646 ) ;
#882 = CARTESIAN_POINT ( 'NONE',  ( -0.4871303311021820681, 1.000000000000000222, -0.04510996904352199827 ) ) ;
#883 = CARTESIAN_POINT ( 'NONE',  ( -7.395042101368000331, 5.909298272543999531, -1.251393758255999966 ) ) ;
#884 = AXIS2_PLACEMENT_3D ( 'NONE', #5561, #1590, #6003 ) ;
#885 = CARTESIAN_POINT ( 'NONE',  ( -7.372549682910999103, 8.742933280095000370, 1.377385410255000053 ) ) ;
#886 = ORIENTED_EDGE ( 'NONE', *, *, #790, .F. ) ;
#887 = DIRECTION ( 'NONE',  ( 0.000000000000000000, 0.000000000000000000, 1.000000000000000000 ) ) ;
#889 = EDGE_CURVE ( 'NONE', #1747, #4225, #114, .T. ) ;
#888 = VERTEX_POINT ( 'NONE', #3808 ) ;
#890 = EDGE_LOOP ( 'NONE', ( #1716, #2940, #3674, #2587 ) ) ;
#891 = CARTESIAN_POINT ( 'NONE',  ( 0.3948740821140000468, -3.500000000000000000, 5.682180913094000196 ) ) ;
#892 = CARTESIAN_POINT ( 'NONE',  ( -1.932819631664000060, 7.857143091333999685, -1.585661744238999971 ) ) ;
#893 = VERTEX_POINT ( 'NONE', #2833 ) ;
#894 = FACE_OUTER_BOUND ( 'NONE', #5708, .T. ) ;
#895 = ORIENTED_EDGE ( 'NONE', *, *, #3246, .F. ) ;
#896 = CARTESIAN_POINT ( 'NONE',  ( -1.507867092026000000, 3.500000000000000000, 5.777650869670999612 ) ) ;
#897 = ORIENTED_EDGE ( 'NONE', *, *, #5415, .F. ) ;
#898 = ADVANCED_FACE ( 'NONE', ( #2460 ), #6227, .F. ) ;
#899 = CARTESIAN_POINT ( 'NONE',  ( -2.686351677078000044, 3.500000000000000000, 5.272262022913999147 ) ) ;
#900 = LINE ( 'NONE', #6141, #3424 ) ;
#901 = ORIENTED_EDGE ( 'NONE', *, *, #928, .T. ) ;
#902 = CARTESIAN_POINT ( 'NONE',  ( 5.777650869670999612, -3.500000000000000000, 1.507867092026000000 ) ) ;
#903 = CARTESIAN_POINT ( 'NONE',  ( 5.745947752783999718, -3.500000000000000000, 2.083998275786999699 ) ) ;
#904 = EDGE_CURVE ( 'NONE', #1403, #2412, #3626, .T. ) ;
#905 = CARTESIAN_POINT ( 'NONE',  ( -0.4684458500200000541, 9.382534910012999774, 7.485704255335999591 ) ) ;
#906 = CARTESIAN_POINT ( 'NONE',  ( -2.478776382443999893, 9.017841881404999427, 0.3615341613949999977 ) ) ;
#907 = CYLINDRICAL_SURFACE ( 'NONE', #5034, 2.020000000000000018 ) ;
#908 = DIRECTION ( 'NONE',  ( -9.732182908003039023E-16, -1.000000000000000000, -8.166026383929639355E-16 ) ) ;
#909 = DIRECTION ( 'NONE',  ( -0.000000000000000000, 1.000000000000000000, 0.000000000000000000 ) ) ;
#910 = CIRCLE ( 'NONE', #3819, 1.000000000000000000 ) ;
#911 = AXIS2_PLACEMENT_3D ( 'NONE', #5963, #5071, #2637 ) ;
#912 = PRODUCT_DEFINITION_CONTEXT ( 'detailed design', #1699, 'design' ) ;
#913 = CARTESIAN_POINT ( 'NONE',  ( -7.497004839493000006, 9.436047368362000753, 0.2396143389050000017 ) ) ;
#914 = ORIENTED_EDGE ( 'NONE', *, *, #625, .F. ) ;
#915 = LINE ( 'NONE', #4762, #4041 ) ;
#916 = CIRCLE ( 'NONE', #4933, 6.112198000000000242 ) ;
#917 = VERTEX_POINT ( 'NONE', #949 ) ;
#918 = EDGE_LOOP ( 'NONE', ( #5170, #836, #702, #4891 ) ) ;
#919 = DIRECTION ( 'NONE',  ( -1.000000000000000000, 0.000000000000000000, 0.000000000000000000 ) ) ;
#920 = ADVANCED_FACE ( 'NONE', ( #4315 ), #2397, .F. ) ;
#921 = AXIS2_PLACEMENT_3D ( 'NONE', #6007, #1183, #5021 ) ;
#922 = AXIS2_PLACEMENT_3D ( 'NONE', #2803, #5678, #1867 ) ;
#923 = CARTESIAN_POINT ( 'NONE',  ( -0.4678801556469999734, 8.988853241260001070, 2.459826158717999700 ) ) ;
#924 = EDGE_LOOP ( 'NONE', ( #5955, #4367, #3510, #1098 ) ) ;
#925 = DIRECTION ( 'NONE',  ( 8.137637229394930019E-17, -1.000000000000000000, 6.536891100602380010E-17 ) ) ;
#926 = ORIENTED_EDGE ( 'NONE', *, *, #3343, .T. ) ;
#927 = AXIS2_PLACEMENT_3D ( 'NONE', #782, #2266, #4191 ) ;
#928 = EDGE_CURVE ( 'NONE', #5639, #6077, #2330, .T. ) ;
#929 = DIRECTION ( 'NONE',  ( -4.440892098500999885E-16, 1.000000000000000000, -7.771561172376000134E-16 ) ) ;
#930 = EDGE_CURVE ( 'NONE', #5343, #14, #1735, .T. ) ;
#931 = AXIS2_PLACEMENT_3D ( 'NONE', #5126, #5511, #6078 ) ;
#932 = ORIENTED_EDGE ( 'NONE', *, *, #232, .T. ) ;
#933 = FACE_OUTER_BOUND ( 'NONE', #3976, .T. ) ;
#934 = ORIENTED_EDGE ( 'NONE', *, *, #4046, .T. ) ;
#935 = DIRECTION ( 'NONE',  ( -0.3090169943750425974, 0.000000000000000000, -0.9510565162951225560 ) ) ;
#936 = CIRCLE ( 'NONE', #2239, 0.1499999999999998834 ) ;
#937 = DIRECTION ( 'NONE',  ( -0.3090169943750400994, -4.966733870465933437E-16, -0.9510565162951234441 ) ) ;
#938 = EDGE_CURVE ( 'NONE', #3094, #192, #5301, .T. ) ;
#939 = FACE_OUTER_BOUND ( 'NONE', #3275, .T. ) ;
#940 = AXIS2_PLACEMENT_3D ( 'NONE', #6049, #3202, #5036 ) ;
#941 = CARTESIAN_POINT ( 'NONE',  ( 1.250000000000000000, 0.000000000000000000, -5.000000000000000000 ) ) ;
#942 = CARTESIAN_POINT ( 'NONE',  ( 1.004872405515000011, 8.712906883988999596, 2.291070948895999493 ) ) ;
#943 = CARTESIAN_POINT ( 'NONE',  ( 1.252975084491000146, 8.889267002523999039, 7.394797497324999469 ) ) ;
#944 = EDGE_CURVE ( 'NONE', #454, #4401, #1964, .T. ) ;
#945 = LINE ( 'NONE', #1357, #6099 ) ;
#946 = AXIS2_PLACEMENT_3D ( 'NONE', #4406, #4904, #1128 ) ;
#947 = CARTESIAN_POINT ( 'NONE',  ( -7.299504547057999559, 8.099684845592999949, 1.724011410703000013 ) ) ;
#948 = EDGE_LOOP ( 'NONE', ( #2496, #2651, #4281, #3407 ) ) ;
#949 = CARTESIAN_POINT ( 'NONE',  ( -0.3513254827150000259, -3.500000000000000000, 5.960829065173999908 ) ) ;
#950 = CIRCLE ( 'NONE', #5679, 7.500000000000000000 ) ;
#951 = ORIENTED_EDGE ( 'NONE', *, *, #4366, .F. ) ;
#952 = EDGE_LOOP ( 'NONE', ( #6129, #5479, #3599, #2285 ) ) ;
#953 = DIRECTION ( 'NONE',  ( 9.653549818297999102E-17, 1.000000000000000000, -8.326672684689000444E-16 ) ) ;
#954 = AXIS2_PLACEMENT_3D ( 'NONE', #1295, #3583, #2700 ) ;
#955 = CARTESIAN_POINT ( 'NONE',  ( -1.519803406924000067, 6.748171491096999652, 1.985660716214999733 ) ) ;
#956 = ORIENTED_EDGE ( 'NONE', *, *, #5585, .T. ) ;
#957 = CYLINDRICAL_SURFACE ( 'NONE', #6164, 1.000000000000000000 ) ;
#958 = EDGE_CURVE ( 'NONE', #1602, #5767, #3834, .T. ) ;
#959 = VERTEX_POINT ( 'NONE', #5485 ) ;
#960 = AXIS2_PLACEMENT_3D ( 'NONE', #5297, #1446, #6151 ) ;
#961 = PRODUCT_DEFINITION ( 'UNKNOWN', '', #4097, #912 ) ;
#962 = CARTESIAN_POINT ( 'NONE',  ( -1.413675605091261474E-14, -4.700000000000002842, -2.799999999999732925 ) ) ;
#963 = ORIENTED_EDGE ( 'NONE', *, *, #2309, .T. ) ;
#964 = EDGE_LOOP ( 'NONE', ( #308, #4863, #5215, #3594 ) ) ;
#965 = FACE_BOUND ( 'NONE', #830, .T. ) ;
#966 = ORIENTED_EDGE ( 'NONE', *, *, #5295, .T. ) ;
#967 = DIRECTION ( 'NONE',  ( 1.000000000000000000, 0.000000000000000000, 0.000000000000000000 ) ) ;
#968 = EDGE_CURVE ( 'NONE', #599, #454, #514, .T. ) ;
#969 = CARTESIAN_POINT ( 'NONE',  ( -2.083998275786999699, -3.500000000000000000, 5.745947752783999718 ) ) ;
#970 = DIRECTION ( 'NONE',  ( 1.000000000000000000, 0.000000000000000000, 0.000000000000000000 ) ) ;
#971 = CARTESIAN_POINT ( 'NONE',  ( -5.745947752783999718, -3.500000000000000000, -2.083998275786999699 ) ) ;
#972 = CARTESIAN_POINT ( 'NONE',  ( 1.993634828426331291E-14, 11.29999999999999361, -7.300000000000010481 ) ) ;
#973 = DIRECTION ( 'NONE',  ( -3.172031972967880239E-16, -1.000000000000000000, 4.582850377723640924E-16 ) ) ;
#974 = FACE_OUTER_BOUND ( 'NONE', #5456, .T. ) ;
#975 = EDGE_CURVE ( 'NONE', #1155, #4617, #660, .T. ) ;
#976 = AXIS2_PLACEMENT_3D ( 'NONE', #1009, #58, #4852 ) ;
#977 = CIRCLE ( 'NONE', #6113, 6.112198000000001130 ) ;
#978 = PRODUCT_DEFINITION_SHAPE ( 'NONE', 'NONE',  #3722 ) ;
#979 = CARTESIAN_POINT ( 'NONE',  ( -7.274656580445999943, 7.228140815458000468, -1.824656580445999987 ) ) ;
#980 = CYLINDRICAL_SURFACE ( 'NONE', #5503, 0.1499999999999997724 ) ;
#981 = DIRECTION ( 'NONE',  ( 1.110223024624999878E-16, -1.000000000000000000, 1.551559350114999894E-31 ) ) ;
#982 = PRESENTATION_LAYER_ASSIGNMENT (  '', '', ( #4606 ) ) ;
#983 = CARTESIAN_POINT ( 'NONE',  ( 0.3948740821140000468, 3.500000000000000000, 5.682180913094000196 ) ) ;
#984 = CARTESIAN_POINT ( 'NONE',  ( 1.810227979409000154, 7.064111127674000734, 7.278275942061000592 ) ) ;
#985 = VERTEX_POINT ( 'NONE', #629 ) ;
#986 = VERTEX_POINT ( 'NONE', #2086 ) ;
#987 = AXIS2_PLACEMENT_3D ( 'NONE', #1923, #3836, #1448 ) ;
#988 = LINE ( 'NONE', #3751, #3760 ) ;
#989 = ADVANCED_FACE ( 'NONE', ( #1642 ), #4008, .F. ) ;
#990 = CARTESIAN_POINT ( 'NONE',  ( -1.551492569231999852, 7.968446321586998948, 1.960607362116000063 ) ) ;
#991 = ORIENTED_EDGE ( 'NONE', *, *, #4905, .F. ) ;
#992 = DIRECTION ( 'NONE',  ( -4.430643061698730400E-16, -1.000000000000000000, 4.591361739355039952E-16 ) ) ;
#993 = EDGE_LOOP ( 'NONE', ( #5060, #2221, #1127, #4493 ) ) ;
#994 = DIRECTION ( 'NONE',  ( -5.851721321710000488E-16, -1.000000000000000000, 1.540942540396989897E-16 ) ) ;
#995 = ADVANCED_FACE ( 'NONE', ( #1608 ), #3081, .F. ) ;
#996 = ORIENTED_EDGE ( 'NONE', *, *, #1509, .T. ) ;
#997 = EDGE_LOOP ( 'NONE', ( #174, #5156, #4020, #2739, #344, #4080, #783, #1208, #5270, #5320, #3840, #2999, #5782, #4284, #787, #7, #1720, #4116, #1399, #1086, #3075, #1172, #1093, #2068, #2494, #4578, #4471, #5572, #4735, #3354, #5120, #3412, #1807, #1284, #681, #330, #4136, #5506, #1186, #484, #609, #4729, #4283, #795, #3749, #2028, #6067, #5937, #2064, #5879, #4896, #3608, #1755, #95, #3001, #517, #6241, #1060, #2873, #4142, #3217, #5149, #4481, #580, #4991, #2540, #511, #2158, #1567, #2551, #1338, #5520, #653, #1836, #4825, #1243, #2623, #2119, #3476, #4651, #5105, #4077, #2181, #1753, #693, #503, #12, #641, #49, #5015, #3814, #3005, #1311, #2609, #3888, #1615, #5809, #5204, #1975, #2062, #1105, #4018, #5923, #4512, #2345, #5943, #4360, #400, #3095, #2711, #3987, #6205, #6135, #2850, #4584, #2626, #3122, #3567, #5558, #2398 ) ) ;
#998 = DIRECTION ( 'NONE',  ( -1.273055734903999968E-15, 7.517135062566163747E-16, 1.000000000000000000 ) ) ;
#999 = ORIENTED_EDGE ( 'NONE', *, *, #1468, .T. ) ;
#1000 = CARTESIAN_POINT ( 'NONE',  ( -5.560519780239999932, 3.500000000000000000, 2.176127871379999856 ) ) ;
#1001 = UNCERTAINTY_MEASURE_WITH_UNIT (LENGTH_MEASURE( 1.000000000000000082E-05 ), #3323, 'distance_accuracy_value', 'NONE');
#1002 = FACE_OUTER_BOUND ( 'NONE', #1499, .T. ) ;
#1003 = EDGE_CURVE ( 'NONE', #4871, #4609, #1935, .T. ) ;
#1004 = CARTESIAN_POINT ( 'NONE',  ( 1.649884692613999837, -3.500000000000000000, -5.729370427217999939 ) ) ;
#1005 = DIRECTION ( 'NONE',  ( 0.9510565162951235552, -7.814069711607236881E-16, -0.3090169943750399884 ) ) ;
#1006 = DIRECTION ( 'NONE',  ( -8.016537962850999983E-16, 1.000000000000000000, -9.992007221626000628E-16 ) ) ;
#1007 = DIRECTION ( 'NONE',  ( -0.8090169943751908121, 0.000000000000000000, -0.5877852522921382938 ) ) ;
#1008 = DIRECTION ( 'NONE',  ( -5.256737805990323064E-16, 1.000000000000000000, -6.661338147750997421E-16 ) ) ;
#1009 = CARTESIAN_POINT ( 'NONE',  ( 1.351233760588000044, 3.500000000000000000, 5.974372913993000189 ) ) ;
#1010 = DIRECTION ( 'NONE',  ( -5.507766776193939549E-16, -1.000000000000000000, -2.807742633908804862E-16 ) ) ;
#1011 = CARTESIAN_POINT ( 'NONE',  ( -7.882583474838999557E-16, -3.700000000000000178, 4.962696920073999612E-15 ) ) ;
#1012 = CARTESIAN_POINT ( 'NONE',  ( 1.476980056004999708, 6.197609524659999813, 7.353224467430000466 ) ) ;
#1013 = ORIENTED_EDGE ( 'NONE', *, *, #2081, .F. ) ;
#1014 = CIRCLE ( 'NONE', #2433, 0.5550000000000001599 ) ;
#1015 = AXIS2_PLACEMENT_3D ( 'NONE', #3671, #5728, #3238 ) ;
#1016 = DIRECTION ( 'NONE',  ( -5.851721321710000488E-16, -1.000000000000000000, 1.540942540396989897E-16 ) ) ;
#1017 = EDGE_CURVE ( 'NONE', #4838, #4457, #3939, .T. ) ;
#1018 = CIRCLE ( 'NONE', #4532, 0.1499999999999998834 ) ;
#1019 = AXIS2_PLACEMENT_3D ( 'NONE', #1476, #1065, #4877 ) ;
#1020 = CARTESIAN_POINT ( 'NONE',  ( -1.550855436724000169, 6.829891295088000192, 1.961110657151999837 ) ) ;
#1021 = ORIENTED_EDGE ( 'NONE', *, *, #1574, .F. ) ;
#1022 = ORIENTED_EDGE ( 'NONE', *, *, #4780, .T. ) ;
#1023 = CIRCLE ( 'NONE', #922, 6.112197999999997577 ) ;
#1024 = DIRECTION ( 'NONE',  ( -1.110223024624997905E-16, -1.000000000000000000, 1.110223024625000149E-15 ) ) ;
#1025 = ORIENTED_EDGE ( 'NONE', *, *, #5898, .T. ) ;
#1026 = ORIENTED_EDGE ( 'NONE', *, *, #4090, .T. ) ;
#1027 = DIRECTION ( 'NONE',  ( 1.000000000000000000, 0.000000000000000000, 0.000000000000000000 ) ) ;
#1028 = ORIENTED_EDGE ( 'NONE', *, *, #3668, .T. ) ;
#1029 = CARTESIAN_POINT ( 'NONE',  ( -2.142914163847999820, 8.434145343744999579, -1.289294925934000080 ) ) ;
#1030 = EDGE_CURVE ( 'NONE', #102, #5116, #93, .T. ) ;
#1031 = CARTESIAN_POINT ( 'NONE',  ( -0.08003069891464999197, 5.350000022643000008, 7.499999991996999960 ) ) ;
#1032 = AXIS2_PLACEMENT_3D ( 'NONE', #3998, #5419, #1165 ) ;
#1033 = CARTESIAN_POINT ( 'NONE',  ( -3.423625928481999647, 3.500000000000000000, -5.063373370888999858 ) ) ;
#1034 = DIRECTION ( 'NONE',  ( 0.000000000000000000, 0.000000000000000000, 1.000000000000000000 ) ) ;
#1035 = DIRECTION ( 'NONE',  ( 3.330669073875000249E-16, 1.000000000000000000, -8.881784197000999888E-16 ) ) ;
#1036 = DIRECTION ( 'NONE',  ( 0.000000000000000000, 0.000000000000000000, 1.000000000000000000 ) ) ;
#1037 = AXIS2_PLACEMENT_3D ( 'NONE', #347, #723, #5552 ) ;
#1038 = FACE_OUTER_BOUND ( 'NONE', #4423, .T. ) ;
#1039 = DIRECTION ( 'NONE',  ( -4.440892098500999885E-16, 1.000000000000000000, -7.771561172376000134E-16 ) ) ;
#1040 = AXIS2_PLACEMENT_3D ( 'NONE', #22, #3897, #2011 ) ;
#1041 = CARTESIAN_POINT ( 'NONE',  ( -4.604819366229000011, -3.500000000000000000, 4.039133941280000251 ) ) ;
#1042 = CARTESIAN_POINT ( 'NONE',  ( -3.665380152386999768, -3.500000000000000000, 4.702424197123000305 ) ) ;
#1043 = CARTESIAN_POINT ( 'NONE',  ( -7.099999999999999645, 5.750000000000000000, -6.854591114854332710E-15 ) ) ;
#1044 = ORIENTED_EDGE ( 'NONE', *, *, #612, .F. ) ;
#1045 = AXIS2_PLACEMENT_3D ( 'NONE', #2164, #4085, #772 ) ;
#1046 = CARTESIAN_POINT ( 'NONE',  ( 5.960829065173999908, -3.500000000000000000, -0.3513254827150000259 ) ) ;
#1047 = FACE_OUTER_BOUND ( 'NONE', #697, .T. ) ;
#1048 = AXIS2_PLACEMENT_3D ( 'NONE', #5588, #755, #5645 ) ;
#1049 = CARTESIAN_POINT ( 'NONE',  ( -7.460929720560000256, 9.260137658705000163, -0.7664742706120000193 ) ) ;
#1050 = ORIENTED_EDGE ( 'NONE', *, *, #4813, .T. ) ;
#1051 = SPHERICAL_SURFACE ( 'NONE', #5453, 0.5773502691900000983 ) ;
#1052 = VERTEX_POINT ( 'NONE', #5007 ) ;
#1053 = ADVANCED_FACE ( 'NONE', ( #2608 ), #4034, .F. ) ;
#1054 = AXIS2_PLACEMENT_3D ( 'NONE', #1899, #2304, #4223 ) ;
#1055 = CARTESIAN_POINT ( 'NONE',  ( 0.000000000000000000, 0.000000000000000000, -5.000000000000000000 ) ) ;
#1056 = ORIENTED_EDGE ( 'NONE', *, *, #5164, .T. ) ;
#1057 = AXIS2_PLACEMENT_3D ( 'NONE', #254, #2177, #6026 ) ;
#1058 = EDGE_LOOP ( 'NONE', ( #2124, #459 ) ) ;
#1059 = LINE ( 'NONE', #2971, #3619 ) ;
#1060 = ORIENTED_EDGE ( 'NONE', *, *, #2603, .T. ) ;
#1061 = DIRECTION ( 'NONE',  ( -5.289177753218320077E-16, -1.000000000000000000, 7.279928633694380175E-16 ) ) ;
#1062 = CARTESIAN_POINT ( 'NONE',  ( -2.083998275786999699, -3.500000000000000000, 5.745947752783999718 ) ) ;
#1063 = EDGE_CURVE ( 'NONE', #3499, #5525, #3028, .T. ) ;
#1064 = CARTESIAN_POINT ( 'NONE',  ( -4.939112670297999941, 3.500000000000000000, -3.339606417124999727 ) ) ;
#1065 = DIRECTION ( 'NONE',  ( -8.881784197000999888E-16, -1.000000000000000000, -4.440892098500999885E-16 ) ) ;
#1066 = FACE_OUTER_BOUND ( 'NONE', #3978, .T. ) ;
#1067 = CARTESIAN_POINT ( 'NONE',  ( 4.615908076795999904, 3.500000000000000000, -3.787915702019000186 ) ) ;
#1068 = LINE ( 'NONE', #3931, #2366 ) ;
#1069 = CARTESIAN_POINT ( 'NONE',  ( -8.226752612476000228E-15, 3.700000000000005951, 7.499999999999995559 ) ) ;
#1070 = EDGE_CURVE ( 'NONE', #2905, #3026, #2525, .T. ) ;
#1071 = DIRECTION ( 'NONE',  ( 1.000000000000000000, 0.000000000000000000, 0.000000000000000000 ) ) ;
#1072 = LINE ( 'NONE', #4478, #5542 ) ;
#1073 = DIRECTION ( 'NONE',  ( 1.000000000000000000, -8.673617379884035472E-16, 0.000000000000000000 ) ) ;
#1074 = AXIS2_PLACEMENT_3D ( 'NONE', #3576, #1168, #300 ) ;
#1075 = EDGE_LOOP ( 'NONE', ( #3278, #4655, #2774, #5589 ) ) ;
#1076 = FACE_OUTER_BOUND ( 'NONE', #6069, .T. ) ;
#1077 = AXIS2_PLACEMENT_3D ( 'NONE', #4874, #1569, #5411 ) ;
#1078 = CYLINDRICAL_SURFACE ( 'NONE', #5161, 6.112198000000001130 ) ;
#1079 = EDGE_CURVE ( 'NONE', #4050, #5019, #5352, .T. ) ;
#1080 = CYLINDRICAL_SURFACE ( 'NONE', #841, 0.1500000000000001332 ) ;
#1081 = ORIENTED_EDGE ( 'NONE', *, *, #3916, .T. ) ;
#1082 = CARTESIAN_POINT ( 'NONE',  ( 5.960829065173999908, 3.500000000000000000, -0.3513254827150000259 ) ) ;
#1083 = ORIENTED_EDGE ( 'NONE', *, *, #2312, .F. ) ;
#1084 = CARTESIAN_POINT ( 'NONE',  ( -0.2013392410339999994, 3.500000000000000000, 5.958797487851000163 ) ) ;
#1085 = ADVANCED_FACE ( 'NONE', ( #3967 ), #2574, .F. ) ;
#1086 = ORIENTED_EDGE ( 'NONE', *, *, #3981, .F. ) ;
#1087 = VERTEX_POINT ( 'NONE', #1043 ) ;
#1088 = DIRECTION ( 'NONE',  ( 0.000000000000000000, -1.665334536938000065E-15, -1.000000000000000000 ) ) ;
#1089 = ORIENTED_EDGE ( 'NONE', *, *, #3178, .F. ) ;
#1090 = LINE ( 'NONE', #4928, #1239 ) ;
#1091 = DIRECTION ( 'NONE',  ( -6.154821860400110401E-16, -1.000000000000000000, 2.722574071512330408E-16 ) ) ;
#1092 = EDGE_CURVE ( 'NONE', #1655, #2399, #2019, .T. ) ;
#1093 = ORIENTED_EDGE ( 'NONE', *, *, #3035, .T. ) ;
#1094 = DIRECTION ( 'NONE',  ( -0.3090169943750403769, 4.336808689942019708E-16, 0.9510565162951234441 ) ) ;
#1095 = EDGE_CURVE ( 'NONE', #5617, #387, #4946, .T. ) ;
#1096 = DIRECTION ( 'NONE',  ( -3.686931063464999882E-16, 1.000000000000000000, -3.885780586188000067E-16 ) ) ;
#1097 = CARTESIAN_POINT ( 'NONE',  ( -6.099520486024999855, -3.500000000000000000, 0.5610830881120000280 ) ) ;
#1098 = ORIENTED_EDGE ( 'NONE', *, *, #147, .F. ) ;
#1099 = CARTESIAN_POINT ( 'NONE',  ( -0.9679085488206182752, 0.3235332163634181968, -0.1382651969904119538 ) ) ;
#1100 = DIRECTION ( 'NONE',  ( -6.677809677911960712E-16, -1.000000000000000000, -8.981892944707918835E-17 ) ) ;
#1101 = DIRECTION ( 'NONE',  ( 0.9510565162951225560, 0.000000000000000000, -0.3090169943750425974 ) ) ;
#1102 = DIRECTION ( 'NONE',  ( -3.686931063464999882E-16, 1.000000000000000000, -3.885780586188000067E-16 ) ) ;
#1103 = CARTESIAN_POINT ( 'NONE',  ( -1.409983241274000003E-15, -4.500000000000000000, 5.584421813865000144E-15 ) ) ;
#1104 = DIRECTION ( 'NONE',  ( -9.732182908003039023E-16, -1.000000000000000000, -8.166026383929639355E-16 ) ) ;
#1105 = ORIENTED_EDGE ( 'NONE', *, *, #3878, .T. ) ;
#1106 = CARTESIAN_POINT ( 'NONE',  ( 3.131282434201999809, -3.500000000000000000, -5.264412095235000422 ) ) ;
#1107 = CARTESIAN_POINT ( 'NONE',  ( -2.500000000000000444, 5.750000000000001776, -3.909126516044387464E-15 ) ) ;
#1108 = CARTESIAN_POINT ( 'NONE',  ( -7.445376382087999900, 9.179383543991001204, -0.9053311292010000066 ) ) ;
#1109 = CIRCLE ( 'NONE', #409, 1.000000000000000000 ) ;
#1110 = ORIENTED_EDGE ( 'NONE', *, *, #5199, .F. ) ;
#1111 = VERTEX_POINT ( 'NONE', #5393 ) ;
#1112 = EDGE_CURVE ( 'NONE', #3185, #2237, #5147, .T. ) ;
#1113 = CARTESIAN_POINT ( 'NONE',  ( 5.604935932989999259, -3.500000000000000000, -2.032854686956000023 ) ) ;
#1114 = AXIS2_PLACEMENT_3D ( 'NONE', #1163, #1791, #706 ) ;
#1115 = CIRCLE ( 'NONE', #803, 0.9999999999999995559 ) ;
#1116 = EDGE_LOOP ( 'NONE', ( #1164, #1366, #4014, #6025 ) ) ;
#1117 = ORIENTED_EDGE ( 'NONE', *, *, #6189, .T. ) ;
#1118 = CARTESIAN_POINT ( 'NONE',  ( -2.220446049249999903E-15, 3.500000000000000000, -1.776356839399999804E-15 ) ) ;
#1119 = ORIENTED_EDGE ( 'NONE', *, *, #2861, .T. ) ;
#1120 = CIRCLE ( 'NONE', #2029, 0.5550000000000000488 ) ;
#1121 = CIRCLE ( 'NONE', #4533, 0.5550000000000001599 ) ;
#1122 = EDGE_CURVE ( 'NONE', #3124, #2267, #3227, .T. ) ;
#1123 = DIRECTION ( 'NONE',  ( 0.000000000000000000, 0.000000000000000000, 1.000000000000000000 ) ) ;
#1124 = CONTEXT_DEPENDENT_SHAPE_REPRESENTATION ( #3335, #4231 ) ;
#1125 = AXIS2_PLACEMENT_3D ( 'NONE', #4709, #4361, #5519 ) ;
#1126 = AXIS2_PLACEMENT_3D ( 'NONE', #837, #1401, #5630 ) ;
#1127 = ORIENTED_EDGE ( 'NONE', *, *, #2578, .F. ) ;
#1128 = DIRECTION ( 'NONE',  ( -0.3090169943750399328, 7.814069711607234909E-16, 0.9510565162951235552 ) ) ;
#1129 = CARTESIAN_POINT ( 'NONE',  ( 5.627604495026999665, 3.500000000000000000, 2.418477214851999957 ) ) ;
#1130 = CARTESIAN_POINT ( 'NONE',  ( -1.009192729384390105E-14, -3.699999999999994404, 7.500000000000005329 ) ) ;
#1131 = VERTEX_POINT ( 'NONE', #3672 ) ;
#1132 = CYLINDRICAL_SURFACE ( 'NONE', #1839, 6.112198000000001130 ) ;
#1133 = AXIS2_PLACEMENT_3D ( 'NONE', #742, #4060, #3169 ) ;
#1134 = CARTESIAN_POINT ( 'NONE',  ( -0.3948740821140000468, -3.500000000000000000, 5.682180913094000196 ) ) ;
#1135 = DIRECTION ( 'NONE',  ( 0.5877852522921384049, 0.000000000000000000, 0.8090169943751905901 ) ) ;
#1136 = CARTESIAN_POINT ( 'NONE',  ( 5.682180913094000196, -3.500000000000000000, -0.3948740821140000468 ) ) ;
#1137 = CONICAL_SURFACE ( 'NONE', #634, 7.500000000000000000, 0.7853981633970000820 ) ;
#1138 = DIRECTION ( 'NONE',  ( 7.771561172376000134E-16, 1.000000000000000000, -7.771561172375990273E-16 ) ) ;
#1139 = DIRECTION ( 'NONE',  ( 0.5877852522921379608, -4.336808689942016750E-16, 0.8090169943751910342 ) ) ;
#1140 = VERTEX_POINT ( 'NONE', #4570 ) ;
#1141 = EDGE_CURVE ( 'NONE', #637, #4915, #2416, .T. ) ;
#1142 = CYLINDRICAL_SURFACE ( 'NONE', #6200, 0.5550000000000001599 ) ;
#1143 = AXIS2_PLACEMENT_3D ( 'NONE', #4814, #5193, #4719 ) ;
#1144 = CARTESIAN_POINT ( 'NONE',  ( -7.278275942061000592, 7.735888872324998999, -1.810227979409000154 ) ) ;
#1145 = EDGE_CURVE ( 'NONE', #1184, #4050, #2638, .T. ) ;
#1146 = AXIS2_PLACEMENT_3D ( 'NONE', #5441, #2076, #5888 ) ;
#1147 = EDGE_LOOP ( 'NONE', ( #3188, #3099, #554, #1686 ) ) ;
#1148 = ORIENTED_EDGE ( 'NONE', *, *, #1711, .F. ) ;
#1149 = DIRECTION ( 'NONE',  ( 1.536314309141709991E-15, 0.7071067811868638753, -0.7071067811862310482 ) ) ;
#1150 = CIRCLE ( 'NONE', #2153, 0.5550000000000001599 ) ;
#1151 = ORIENTED_EDGE ( 'NONE', *, *, #3894, .F. ) ;
#1152 = ADVANCED_FACE ( 'NONE', ( #4159 ), #250, .F. ) ;
#1153 = VERTEX_POINT ( 'NONE', #3175 ) ;
#1154 = DIRECTION ( 'NONE',  ( -0.3090169943750375459, 0.000000000000000000, -0.9510565162951243323 ) ) ;
#1155 = VERTEX_POINT ( 'NONE', #1258 ) ;
#1156 = AXIS2_PLACEMENT_3D ( 'NONE', #5862, #1449, #1549 ) ;
#1157 = LINE ( 'NONE', #3566, #472 ) ;
#1158 = CIRCLE ( 'NONE', #1054, 2.020000000000000018 ) ;
#1159 = VERTEX_POINT ( 'NONE', #6023 ) ;
#1160 = CYLINDRICAL_SURFACE ( 'NONE', #1045, 0.5549999999999999378 ) ;
#1161 = EDGE_CURVE ( 'NONE', #1589, #4506, #3013, .T. ) ;
#1162 = DIRECTION ( 'NONE',  ( -1.110223024624995933E-16, -1.000000000000000000, 1.110223024625000149E-15 ) ) ;
#1163 = CARTESIAN_POINT ( 'NONE',  ( -4.184090831422999202, 3.500000000000000000, -4.184090831422999202 ) ) ;
#1164 = ORIENTED_EDGE ( 'NONE', *, *, #4434, .T. ) ;
#1165 = DIRECTION ( 'NONE',  ( -1.000000000000000000, 0.000000000000000000, 0.000000000000000000 ) ) ;
#1166 = AXIS2_PLACEMENT_3D ( 'NONE', #4310, #2765, #1386 ) ;
#1167 = DIRECTION ( 'NONE',  ( 3.330669073875000249E-16, -1.110223024624999878E-16, -1.000000000000000000 ) ) ;
#1168 = DIRECTION ( 'NONE',  ( 0.000000000000000000, 0.000000000000000000, -1.000000000000000000 ) ) ;
#1169 = CARTESIAN_POINT ( 'NONE',  ( -5.682180913094000196, -3.500000000000000000, -0.3948740821140000468 ) ) ;
#1170 = CARTESIAN_POINT ( 'NONE',  ( -2.493111305778017872, 5.760437149448976335, 0.2388425589538522853 ) ) ;
#1171 = DIRECTION ( 'NONE',  ( -6.154821860400110401E-16, -1.000000000000000000, 2.722574071512335338E-16 ) ) ;
#1172 = ORIENTED_EDGE ( 'NONE', *, *, #4889, .T. ) ;
#1173 = CYLINDRICAL_SURFACE ( 'NONE', #954, 0.5550000000000000488 ) ;
#1174 = CIRCLE ( 'NONE', #4202, 0.9999999999999995559 ) ;
#1175 = CARTESIAN_POINT ( 'NONE',  ( -2.499999999999994671, 5.750000000000008882, -0.07472793758531168229 ) ) ;
#1176 = CARTESIAN_POINT ( 'NONE',  ( -7.496996561560999695, 9.436008923205001508, -0.2400074234260000106 ) ) ;
#1177 = ORIENTED_EDGE ( 'NONE', *, *, #521, .T. ) ;
#1178 = VECTOR ( 'NONE', #4440, 1000.000000000000000 ) ;
#1179 = CARTESIAN_POINT ( 'NONE',  ( -3.665380152386999768, -3.500000000000000000, -4.702424197123000305 ) ) ;
#1180 = EDGE_LOOP ( 'NONE', ( #2532, #5440, #4426, #5526 ) ) ;
#1181 = VECTOR ( 'NONE', #3222, 1000.000000000000000 ) ;
#1182 = EDGE_LOOP ( 'NONE', ( #3373, #4747, #2621, #1083 ) ) ;
#1183 = DIRECTION ( 'NONE',  ( -7.940816618730620390E-16, -1.000000000000000000, 1.554369229507224864E-16 ) ) ;
#1184 = VERTEX_POINT ( 'NONE', #1228 ) ;
#1185 = CIRCLE ( 'NONE', #570, 0.5550000000000001599 ) ;
#1186 = ORIENTED_EDGE ( 'NONE', *, *, #2132, .T. ) ;
#1187 = DIRECTION ( 'NONE',  ( 1.000000000000000000, -7.814069711607238853E-16, 0.000000000000000000 ) ) ;
#1188 = DIRECTION ( 'NONE',  ( 0.3090169943750403769, -4.336808689942019708E-16, -0.9510565162951234441 ) ) ;
#1189 = CARTESIAN_POINT ( 'NONE',  ( -5.729370427217999939, -3.500000000000000000, 1.649884692613999837 ) ) ;
#1190 = ORIENTED_EDGE ( 'NONE', *, *, #3975, .T. ) ;
#1191 = DIRECTION ( 'NONE',  ( -6.661338147751000379E-16, -1.000000000000000000, 4.440892098500999885E-16 ) ) ;
#1192 = DIRECTION ( 'NONE',  ( 2.901217823758254970E-16, -1.000000000000000000, 7.770832213369319878E-16 ) ) ;
#1193 = EDGE_CURVE ( 'NONE', #2075, #4835, #4589, .T. ) ;
#1194 = CARTESIAN_POINT ( 'NONE',  ( -7.500000000000000000, 9.449999986999999990, 0.0002308652874170000235 ) ) ;
#1195 = FACE_OUTER_BOUND ( 'NONE', #2405, .T. ) ;
#1196 = CARTESIAN_POINT ( 'NONE',  ( 1.289401570151000209, 8.434053340514999775, 2.142858530242000015 ) ) ;
#1197 = DIRECTION ( 'NONE',  ( -8.881144413637390876E-16, -1.000000000000000000, -2.778844884289169681E-16 ) ) ;
#1198 = EDGE_CURVE ( 'NONE', #3792, #100, #3925, .T. ) ;
#1199 = ORIENTED_EDGE ( 'NONE', *, *, #3422, .T. ) ;
#1200 = CARTESIAN_POINT ( 'NONE',  ( -1.649884692613999837, -3.500000000000000000, -5.729370427217999939 ) ) ;
#1201 = ADVANCED_FACE ( 'NONE', ( #3364 ), #5195, .F. ) ;
#1202 = CARTESIAN_POINT ( 'NONE',  ( 4.939112670297999941, 3.500000000000000000, -3.339606417124999727 ) ) ;
#1203 = CARTESIAN_POINT ( 'NONE',  ( 3.530509218308000244E-15, 11.00000000000000000, -1.356692536091999857E-14 ) ) ;
#1204 = VERTEX_POINT ( 'NONE', #4786 ) ;
#1205 = ORIENTED_EDGE ( 'NONE', *, *, #5439, .T. ) ;
#1206 = EDGE_CURVE ( 'NONE', #3506, #2848, #2318, .T. ) ;
#1207 = CARTESIAN_POINT ( 'NONE',  ( 0.000000000000000000, 0.000000000000000000, 0.000000000000000000 ) ) ;
#1208 = ORIENTED_EDGE ( 'NONE', *, *, #3534, .F. ) ;
#1209 = DIRECTION ( 'NONE',  ( 0.9510565162951234441, -7.095334100665619055E-16, -0.3090169943750400994 ) ) ;
#1210 = ORIENTED_EDGE ( 'NONE', *, *, #6044, .F. ) ;
#1211 = EDGE_CURVE ( 'NONE', #4451, #1184, #4633, .T. ) ;
#1212 = DIRECTION ( 'NONE',  ( 1.805918771056964792E-16, -1.000000000000000000, 5.873437566449620550E-16 ) ) ;
#1213 = ORIENTED_EDGE ( 'NONE', *, *, #6101, .F. ) ;
#1214 = DIRECTION ( 'NONE',  ( -0.8579250359898331624, 1.050655149233327098E-16, 0.5137748851606542821 ) ) ;
#1215 = VECTOR ( 'NONE', #1282, 1000.000000000000000 ) ;
#1216 = CYLINDRICAL_SURFACE ( 'NONE', #3221, 1.000000000000000000 ) ;
#1217 = CARTESIAN_POINT ( 'NONE',  ( -1.004751837285899987E-14, -4.499999999999993783, 7.500000000000005329 ) ) ;
#1218 = CIRCLE ( 'NONE', #4037, 0.1500000000000001332 ) ;
#1219 = EDGE_CURVE ( 'NONE', #2942, #4838, #5229, .T. ) ;
#1220 = VERTEX_POINT ( 'NONE', #4692 ) ;
#1221 = LINE ( 'NONE', #3573, #3634 ) ;
#1222 = DIRECTION ( 'NONE',  ( -0.8090169943751908121, 0.000000000000000000, -0.5877852522921382938 ) ) ;
#1223 = CIRCLE ( 'NONE', #5745, 0.1499999999999999667 ) ;
#1224 = VECTOR ( 'NONE', #3550, 1000.000000000000000 ) ;
#1225 = FACE_OUTER_BOUND ( 'NONE', #948, .T. ) ;
#1226 = FACE_OUTER_BOUND ( 'NONE', #577, .T. ) ;
#1227 = CARTESIAN_POINT ( 'NONE',  ( -2.142913917441000127, 6.365855199542000520, 1.289295312020000139 ) ) ;
#1228 = CARTESIAN_POINT ( 'NONE',  ( -5.282052382155000281, -3.500000000000000000, -2.131438036170000050 ) ) ;
#1229 = CARTESIAN_POINT ( 'NONE',  ( -5.282052382155000281, -3.500000000000000000, 2.131438036170000050 ) ) ;
#1230 = AXIS2_PLACEMENT_3D ( 'NONE', #1260, #3673, #4216 ) ;
#1231 = VERTEX_POINT ( 'NONE', #4215 ) ;
#1232 = LINE ( 'NONE', #5732, #750 ) ;
#1233 = AXIS2_PLACEMENT_3D ( 'NONE', #18, #5724, #5255 ) ;
#1234 = CARTESIAN_POINT ( 'NONE',  ( -7.500000000000000000, 5.349999999999999645, -8.333476213095999569E-15 ) ) ;
#1235 = CYLINDRICAL_SURFACE ( 'NONE', #3552, 6.112198000000001130 ) ;
#1237 = EDGE_CURVE ( 'NONE', #4128, #869, #700, .T. ) ;
#1236 = EDGE_LOOP ( 'NONE', ( #4314, #4952, #486, #2435 ) ) ;
#1238 = ORIENTED_EDGE ( 'NONE', *, *, #5859, .F. ) ;
#1239 = VECTOR ( 'NONE', #4872, 1000.000000000000114 ) ;
#1240 = CARTESIAN_POINT ( 'NONE',  ( -0.6224602382331075878, -0.9218672416879268861, -0.04510996904406373853 ) ) ;
#1241 = CIRCLE ( 'NONE', #4165, 0.9999999999999995559 ) ;
#1243 = ORIENTED_EDGE ( 'NONE', *, *, #4007, .T. ) ;
#1242 = ADVANCED_FACE ( 'NONE', ( #1826 ), #3739, .T. ) ;
#1244 = DIRECTION ( 'NONE',  ( 1.000000000000000000, 1.224646799147353207E-16, 0.000000000000000000 ) ) ;
#1245 = ORIENTED_EDGE ( 'NONE', *, *, #4751, .F. ) ;
#1246 = AXIS2_PLACEMENT_3D ( 'NONE', #3417, #1571, #618 ) ;
#1247 = VERTEX_POINT ( 'NONE', #1858 ) ;
#1248 = DIRECTION ( 'NONE',  ( 9.653549818297999102E-17, 1.000000000000000000, -8.326672684689000444E-16 ) ) ;
#1249 = CONICAL_SURFACE ( 'NONE', #37, 2.049999999999999822, 0.7853981633970000820 ) ;
#1250 = DIRECTION ( 'NONE',  ( -0.5877852522921384049, 0.000000000000000000, 0.8090169943751905901 ) ) ;
#1251 = CARTESIAN_POINT ( 'NONE',  ( -6.099520486024999855, 3.500000000000000000, 0.5610830881120000280 ) ) ;
#1252 = ORIENTED_EDGE ( 'NONE', *, *, #3036, .T. ) ;
#1253 = DIRECTION ( 'NONE',  ( 1.000000000000000000, 0.000000000000000000, 0.000000000000000000 ) ) ;
#1254 = DIRECTION ( 'NONE',  ( -4.440892098500999885E-16, -1.000000000000000000, 3.330669073875000249E-16 ) ) ;
#1255 = CIRCLE ( 'NONE', #5078, 1.000000000000000222 ) ;
#1256 = DIRECTION ( 'NONE',  ( 1.110223024624999878E-16, -1.000000000000000000, 1.665334536938000065E-15 ) ) ;
#1257 = CARTESIAN_POINT ( 'NONE',  ( -2.500000000000009326, 5.749999999999988454, 0.1197958574998491399 ) ) ;
#1258 = CARTESIAN_POINT ( 'NONE',  ( -5.028915951783999638, -3.500000000000000000, 3.219459129871999892 ) ) ;
#1259 = AXIS2_PLACEMENT_3D ( 'NONE', #122, #2484, #3044 ) ;
#1260 = CARTESIAN_POINT ( 'NONE',  ( 0.000000000000000000, 0.000000000000000000, 0.000000000000000000 ) ) ;
#1261 = ORIENTED_EDGE ( 'NONE', *, *, #4178, .T. ) ;
#1262 = DIRECTION ( 'NONE',  ( -6.677809677911960712E-16, -1.000000000000000000, -8.981892944707918835E-17 ) ) ;
#1263 = EDGE_CURVE ( 'NONE', #4637, #3727, #2021, .T. ) ;
#1264 = DIRECTION ( 'NONE',  ( 0.8090169943751908121, 0.000000000000000000, 0.5877852522921382938 ) ) ;
#1265 = CARTESIAN_POINT ( 'NONE',  ( 1.321165399304000023E-15, 3.700000000000000178, -4.429789868253999730E-15 ) ) ;
#1266 = EDGE_LOOP ( 'NONE', ( #3214, #1938, #3443, #2205 ) ) ;
#1267 = ORIENTED_EDGE ( 'NONE', *, *, #2799, .T. ) ;
#1268 = CARTESIAN_POINT ( 'NONE',  ( 0.3513254827150000259, -3.500000000000000000, 5.960829065173999908 ) ) ;
#1269 = EDGE_CURVE ( 'NONE', #1231, #5418, #5153, .T. ) ;
#1270 = VERTEX_POINT ( 'NONE', #5759 ) ;
#1271 = CARTESIAN_POINT ( 'NONE',  ( 7.105427357600998703E-15, -3.500000000000000000, 4.440892098500999885E-16 ) ) ;
#1272 = CIRCLE ( 'NONE', #6011, 0.5550000000000001599 ) ;
#1273 = VERTEX_POINT ( 'NONE', #1443 ) ;
#1274 = ADVANCED_FACE ( 'NONE', ( #1409 ), #907, .T. ) ;
#1275 = EDGE_CURVE ( 'NONE', #413, #4199, #204, .T. ) ;
#1276 = DIRECTION ( 'NONE',  ( 0.000000000000000000, 0.000000000000000000, 1.000000000000000000 ) ) ;
#1277 = EDGE_CURVE ( 'NONE', #2879, #3780, #910, .T. ) ;
#1278 = VECTOR ( 'NONE', #3128, 1000.000000000000000 ) ;
#1279 = EDGE_LOOP ( 'NONE', ( #4486, #1593, #461, #3287 ) ) ;
#1280 = CARTESIAN_POINT ( 'NONE',  ( 2.083998275786999699, -3.500000000000000000, -5.745947752783999718 ) ) ;
#1281 = FACE_BOUND ( 'NONE', #997, .T. ) ;
#1282 = DIRECTION ( 'NONE',  ( -0.7071067811862306041, -8.659560562351051416E-17, -0.7071067811868645414 ) ) ;
#1283 = EDGE_CURVE ( 'NONE', #1111, #1747, #4224, .T. ) ;
#1284 = ORIENTED_EDGE ( 'NONE', *, *, #1605, .T. ) ;
#1285 = CARTESIAN_POINT ( 'NONE',  ( 1.294224922628000037E-31, -3.500000000000000000, 3.885780586188000067E-16 ) ) ;
#1286 = VECTOR ( 'NONE', #5910, 1000.000000000000000 ) ;
#1287 = DIRECTION ( 'NONE',  ( -0.9510565162951234441, -1.419066820133123663E-16, -0.3090169943750400994 ) ) ;
#1288 = EDGE_CURVE ( 'NONE', #3228, #1204, #1634, .T. ) ;
#1289 = CARTESIAN_POINT ( 'NONE',  ( -1.432857301549000040, 8.669142175172000364, 7.362031855989999762 ) ) ;
#1290 = CARTESIAN_POINT ( 'NONE',  ( 5.873512833102999764, -3.500000000000000000, 1.691393328169000121 ) ) ;
#1291 = CARTESIAN_POINT ( 'NONE',  ( 0.8025674509989999539, 5.956975192365999483, 2.368382692705999659 ) ) ;
#1292 = DIRECTION ( 'NONE',  ( -0.9510565162951233331, 0.000000000000000000, 0.3090169943750401549 ) ) ;
#1293 = VERTEX_POINT ( 'NONE', #2507 ) ;
#1294 = EDGE_CURVE ( 'NONE', #5590, #5406, #2481, .T. ) ;
#1295 = CARTESIAN_POINT ( 'NONE',  ( -0.9256537036670000607, -3.500000000000000000, 5.844347473592999442 ) ) ;
#1296 = CARTESIAN_POINT ( 'NONE',  ( -7.385018022272000771, 5.973174423416000245, 1.309200823752999954 ) ) ;
#1297 = EDGE_LOOP ( 'NONE', ( #3621, #233, #3032, #3071 ) ) ;
#1298 = DIRECTION ( 'NONE',  ( -2.916141795682125030E-16, -1.000000000000000000, 5.066813323489039865E-16 ) ) ;
#1299 = ORIENTED_EDGE ( 'NONE', *, *, #4081, .T. ) ;
#1300 = EDGE_CURVE ( 'NONE', #5245, #4059, #4025, .T. ) ;
#1301 = ORIENTED_EDGE ( 'NONE', *, *, #1788, .F. ) ;
#1302 = CARTESIAN_POINT ( 'NONE',  ( -5.682180913094000196, 3.500000000000000000, -0.3948740821140000468 ) ) ;
#1303 = ORIENTED_EDGE ( 'NONE', *, *, #938, .F. ) ;
#1304 = DIRECTION ( 'NONE',  ( 1.624174526069380024E-17, -1.000000000000000000, -4.921092136786170288E-16 ) ) ;
#1305 = EDGE_CURVE ( 'NONE', #1492, #6002, #1109, .T. ) ;
#1306 = ORIENTED_EDGE ( 'NONE', *, *, #3232, .T. ) ;
#1307 = DIRECTION ( 'NONE',  ( 1.000000000000000000, 0.000000000000000000, 0.000000000000000000 ) ) ;
#1308 = ORIENTED_EDGE ( 'NONE', *, *, #809, .T. ) ;
#1309 = CARTESIAN_POINT ( 'NONE',  ( -8.820506995554998647E-14, 5.349999999999999645, 7.500000000000000000 ) ) ;
#1310 = CARTESIAN_POINT ( 'NONE',  ( -1.254552017825999999E-15, 11.29999999999999893, -1.881828026739999741E-14 ) ) ;
#1311 = ORIENTED_EDGE ( 'NONE', *, *, #4352, .T. ) ;
#1312 = DIRECTION ( 'NONE',  ( 0.8090169943751909232, -1.419066820133122924E-16, 0.5877852522921378498 ) ) ;
#1313 = VECTOR ( 'NONE', #5385, 1000.000000000000114 ) ;
#1314 = ADVANCED_FACE ( 'NONE', ( #54 ), #2707, .T. ) ;
#1315 = DIRECTION ( 'NONE',  ( 0.8090169943751909232, -9.933467740931860958E-16, 0.5877852522921378498 ) ) ;
#1316 = VECTOR ( 'NONE', #2137, 1000.000000000000000 ) ;
#1317 = AXIS2_PLACEMENT_3D ( 'NONE', #1917, #1956, #117 ) ;
#1318 = CARTESIAN_POINT ( 'NONE',  ( -1.380342898347999947, -3.500000000000000000, 5.526097986177999744 ) ) ;
#1319 = CARTESIAN_POINT ( 'NONE',  ( -2.339667909469999696, 8.795322453881000868, 0.8817326548920000340 ) ) ;
#1320 = CARTESIAN_POINT ( 'NONE',  ( 0.2388425589540000282, 5.760437149448999428, 2.493111305778000109 ) ) ;
#1321 = CARTESIAN_POINT ( 'NONE',  ( -1.326716514427379977E-14, 3.500000000000002665, 7.499999999999993783 ) ) ;
#1322 = EDGE_CURVE ( 'NONE', #2114, #1273, #1014, .T. ) ;
#1323 = ORIENTED_EDGE ( 'NONE', *, *, #1030, .F. ) ;
#1324 = AXIS2_PLACEMENT_3D ( 'NONE', #2622, #5117, #4516 ) ;
#1325 = VECTOR ( 'NONE', #3401, 1000.000000000000000 ) ;
#1326 = CARTESIAN_POINT ( 'NONE',  ( -7.274656580445999943, 7.400000000000000355, -1.824656580445999987 ) ) ;
#1327 = B_SPLINE_CURVE_WITH_KNOTS ( 'NONE', 7,
 ( #2355, #4269, #1851, #2755, #844, #4688, #1438, #3266, #2291, #5634, #2384, #5725, #5192, #1795, #876, #2792, #1406, #3765, #3322, #4187, #463, #6245, #5755, #3359, #6114, #4930, #3392, #4429, #2010, #4334, #1031, #5790 ),
 .UNSPECIFIED., .F., .F.,
 ( 8, 6, 6, 6, 6, 8 ),
 ( 0.000000000000000000, 0.4386664041309999984, 0.6061621153059999489, 0.7468758604469999396, 0.8471507630260000088, 1.000000000000000000 ),
 .UNSPECIFIED. ) ;
#1328 = CARTESIAN_POINT ( 'NONE',  ( -7.372894280556000268, 6.054689575069999385, 1.375540005471999949 ) ) ;
#1329 = AXIS2_PLACEMENT_3D ( 'NONE', #4603, #2697, #5638 ) ;
#1330 = VERTEX_POINT ( 'NONE', #152 ) ;
#1331 = AXIS2_PLACEMENT_3D ( 'NONE', #4126, #2666, #717 ) ;
#1332 = DIRECTION ( 'NONE',  ( -1.273055734903999968E-15, 7.517135062566163747E-16, 1.000000000000000000 ) ) ;
#1333 = EDGE_LOOP ( 'NONE', ( #832, #5182, #3446 ) ) ;
#1334 = VERTEX_POINT ( 'NONE', #1130 ) ;
#1335 = AXIS2_PLACEMENT_3D ( 'NONE', #1471, #5787, #1404 ) ;
#1336 = CYLINDRICAL_SURFACE ( 'NONE', #2275, 0.5550000000000001599 ) ;
#1337 = CIRCLE ( 'NONE', #26, 1.154700538379000108 ) ;
#1338 = ORIENTED_EDGE ( 'NONE', *, *, #391, .T. ) ;
#1339 = CARTESIAN_POINT ( 'NONE',  ( -3.219459129871999892, -3.500000000000000000, 5.028915951783999638 ) ) ;
#1340 = ORIENTED_EDGE ( 'NONE', *, *, #2589, .T. ) ;
#1341 = DIRECTION ( 'NONE',  ( -1.274316668078573885E-16, -1.000000000000000000, 4.255379698796005274E-16 ) ) ;
#1342 = EDGE_CURVE ( 'NONE', #3588, #2127, #5966, .T. ) ;
#1343 = ORIENTED_EDGE ( 'NONE', *, *, #1467, .T. ) ;
#1344 = CARTESIAN_POINT ( 'NONE',  ( 0.5886274436479999039, 5.459694426847000237, 7.477014545014999847 ) ) ;
#1345 = DIRECTION ( 'NONE',  ( -4.440892098500999885E-16, -1.000000000000000000, 2.220446049250000002E-16 ) ) ;
#1346 = ORIENTED_EDGE ( 'NONE', *, *, #3427, .T. ) ;
#1347 = CARTESIAN_POINT ( 'NONE',  ( -3.787915702019000186, 3.500000000000000000, -4.615908076795999904 ) ) ;
#1348 = AXIS2_PLACEMENT_3D ( 'NONE', #5383, #4876, #4338 ) ;
#1349 = DIRECTION ( 'NONE',  ( -1.000000000000000000, -4.440892098501004815E-16, -6.661338147751000379E-16 ) ) ;
#1350 = EDGE_CURVE ( 'NONE', #1902, #2812, #3234, .T. ) ;
#1351 = CIRCLE ( 'NONE', #1453, 1.000000000000000222 ) ;
#1352 = CARTESIAN_POINT ( 'NONE',  ( -0.7660324213609999155, 9.260375305291999481, 7.460976206046000314 ) ) ;
#1353 = CARTESIAN_POINT ( 'NONE',  ( -1.883764305177000109, 7.562013152203999944, 1.643625656718000094 ) ) ;
#1354 = DIRECTION ( 'NONE',  ( 1.392798170799555979E-17, -1.000000000000000000, 4.529477758377419813E-16 ) ) ;
#1355 = DIRECTION ( 'NONE',  ( 0.5877852522921382938, 0.000000000000000000, 0.8090169943751908121 ) ) ;
#1356 = VECTOR ( 'NONE', #3208, 1000.000000000000114 ) ;
#1357 = CARTESIAN_POINT ( 'NONE',  ( -1.331797554839283665E-14, -4.400000000000002132, -2.500000000000001776 ) ) ;
#1358 = CARTESIAN_POINT ( 'NONE',  ( -7.465367428320999643, 9.282620524119998606, 0.7225400996559999678 ) ) ;
#1359 = ADVANCED_FACE ( 'NONE', ( #5417 ), #2915, .T. ) ;
#1360 = CIRCLE ( 'NONE', #4880, 0.1500000000000001332 ) ;
#1361 = ORIENTED_EDGE ( 'NONE', *, *, #3140, .F. ) ;
#1362 = CARTESIAN_POINT ( 'NONE',  ( 1.824656580445999987, 7.400000000000000355, 7.274656580445999943 ) ) ;
#1363 = ORIENTED_EDGE ( 'NONE', *, *, #768, .F. ) ;
#1364 = VERTEX_POINT ( 'NONE', #4935 ) ;
#1365 = CARTESIAN_POINT ( 'NONE',  ( 3.131282434201999809, -3.500000000000000000, 5.264412095235000422 ) ) ;
#1366 = ORIENTED_EDGE ( 'NONE', *, *, #5749, .T. ) ;
#1367 = CARTESIAN_POINT ( 'NONE',  ( 2.131438036170000050, -3.500000000000000000, 5.282052382155000281 ) ) ;
#1368 = EDGE_LOOP ( 'NONE', ( #6158, #4958, #3558, #4523 ) ) ;
#1369 = LINE ( 'NONE', #2311, #1992 ) ;
#1370 = DIRECTION ( 'NONE',  ( 1.000000000000000000, 0.000000000000000000, 0.000000000000000000 ) ) ;
#1371 = ORIENTED_EDGE ( 'NONE', *, *, #6189, .F. ) ;
#1372 = PRODUCT_DEFINITION_SHAPE ( 'NONE', 'NONE',  #64 ) ;
#1373 = CARTESIAN_POINT ( 'NONE',  ( 1.011970140785999783, 5.693716680835999355, 7.431774138896000359 ) ) ;
#1374 = CYLINDRICAL_SURFACE ( 'NONE', #1619, 7.500000000000000000 ) ;
#1375 = ORIENTED_EDGE ( 'NONE', *, *, #4631, .F. ) ;
#1376 = CARTESIAN_POINT ( 'NONE',  ( 0.2013392410339999994, -3.500000000000000000, 5.958797487851000163 ) ) ;
#1377 = EDGE_CURVE ( 'NONE', #81, #446, #5656, .T. ) ;
#1378 = AXIS2_PLACEMENT_3D ( 'NONE', #4092, #6019, #937 ) ;
#1379 = DIRECTION ( 'NONE',  ( -0.5877852522921378498, -4.966733870465930479E-16, -0.8090169943751909232 ) ) ;
#1380 = PRODUCT_CONTEXT ( 'NONE', #3983, 'mechanical' ) ;
#1381 = CARTESIAN_POINT ( 'NONE',  ( -1.012689545893000087, 9.105774044359000285, 7.431680013641000393 ) ) ;
#1382 = CARTESIAN_POINT ( 'NONE',  ( -2.013176704716000298, 8.131415155085999658, 1.483660303269999980 ) ) ;
#1383 = DIRECTION ( 'NONE',  ( -7.940816618730620390E-16, -1.000000000000000000, 1.554369229507224864E-16 ) ) ;
#1384 = VECTOR ( 'NONE', #4895, 1000.000000000000000 ) ;
#1385 = CYLINDRICAL_SURFACE ( 'NONE', #5857, 1.000000000000000222 ) ;
#1386 = DIRECTION ( 'NONE',  ( -0.5877852522921384049, 7.814069711607236881E-16, 0.8090169943751905901 ) ) ;
#1387 = CARTESIAN_POINT ( 'NONE',  ( -7.485702116044000043, 9.382524514455999665, 0.4684754612329999901 ) ) ;
#1388 = EDGE_LOOP ( 'NONE', ( #2802, #6035, #4353, #1148 ) ) ;
#1389 = DIRECTION ( 'NONE',  ( -4.440892098500999885E-16, -1.000000000000000000, 5.551115123126000625E-16 ) ) ;
#1390 = ORIENTED_EDGE ( 'NONE', *, *, #106, .T. ) ;
#1391 = ORIENTED_EDGE ( 'NONE', *, *, #432, .F. ) ;
#1392 = CARTESIAN_POINT ( 'NONE',  ( -7.549516567450998211E-15, 3.500000000000000000, -2.442490654175000051E-15 ) ) ;
#1393 = CARTESIAN_POINT ( 'NONE',  ( -0.3554271846229999920, 9.018933533129999347, 2.479496799137000274 ) ) ;
#1394 = ORIENTED_EDGE ( 'NONE', *, *, #3752, .T. ) ;
#1395 = FACE_OUTER_BOUND ( 'NONE', #107, .T. ) ;
#1396 = ORIENTED_EDGE ( 'NONE', *, *, #2321, .T. ) ;
#1397 = EDGE_CURVE ( 'NONE', #14, #1270, #563, .T. ) ;
#1398 = CARTESIAN_POINT ( 'NONE',  ( 0.5773502691900000983, 1.000000000000000000, 0.000000000000000000 ) ) ;
#1399 = ORIENTED_EDGE ( 'NONE', *, *, #6070, .F. ) ;
#1400 = EDGE_CURVE ( 'NONE', #5878, #3781, #2452, .T. ) ;
#1401 = DIRECTION ( 'NONE',  ( -1.110223024624999878E-16, 1.000000000000000000, -1.665334536938000065E-15 ) ) ;
#1402 = CARTESIAN_POINT ( 'NONE',  ( 0.5773502691897800521, -0.9999999999996209699, 0.000000000000000000 ) ) ;
#1403 = VERTEX_POINT ( 'NONE', #4408 ) ;
#1404 = DIRECTION ( 'NONE',  ( -0.8090169943751908121, 0.000000000000000000, -0.5877852522921382938 ) ) ;
#1405 = SHAPE_REPRESENTATION ( 'GT2_Pulley_20T_6mm.step', ( #5908 ), #1678 ) ;
#1406 = CARTESIAN_POINT ( 'NONE',  ( -1.012689545893000087, 5.694225955641000425, 7.431680013641000393 ) ) ;
#1407 = CARTESIAN_POINT ( 'NONE',  ( -1.302102309014000037, 8.836188732867999107, 7.386377587167999081 ) ) ;
#1408 = CARTESIAN_POINT ( 'NONE',  ( 1.691393328169000121, -3.500000000000000000, 5.873512833102999764 ) ) ;
#1409 = FACE_OUTER_BOUND ( 'NONE', #4026, .T. ) ;
#1410 = CARTESIAN_POINT ( 'NONE',  ( 0.3183258703229999709, 9.422183758219999206, 7.494042125070000004 ) ) ;
#1411 = CARTESIAN_POINT ( 'NONE',  ( -7.410366813933999985, 5.816227005356000568, -1.156907468381999982 ) ) ;
#1412 = CIRCLE ( 'NONE', #4438, 0.9999999999999994449 ) ;
#1413 = CLOSED_SHELL ( 'NONE', ( #4073, #833, #4544, #1674, #3692, #4736, #2465, #3624, #3324, #5124, #3963, #5559, #75, #1359, #820, #3631, #1085, #3889, #1704, #5549, #3935, #3854, #364, #556, #1242, #2095, #3310, #200, #3775, #439, #2727, #1872, #989, #6177, #2192, #373, #2361, #1556, #1660, #1757, #2688, #3055, #1812, #3402, #6090, #4465, #2762, #422, #3569, #4976, #995, #3837, #3691, #38, #5232, #6233, #2896, #647, #302, #5928, #5279, #2943, #2588, #5990, #2717, #5088, #5412, #4507, #5892, #2328, #5323, #6095, #3886, #2281, #694, #5792, #6208, #3714, #4161, #360, #4718, #1905, #5084, #553, #2298, #2560, #2570, #4387, #3051, #4819, #4039, #2305, #2772, #4456, #1865, #6216, #3087, #3908, #4274, #1472, #5900, #1973, #5598, #4167, #281, #1201, #277, #2310, #2754, #5554, #1053, #2009, #293, #2783, #5017, #2392, #2002, #5811, #5049, #3607, #4382, #3789, #3265, #5358, #2373, #1500, #3434, #2102, #1644, #5309, #6145, #2883, #1481, #2775, #6053, #4558, #125, #3471, #3639, #4017, #4280, #3191, #1152, #560, #5008, #1756, #4635, #2273, #1581, #1751 ) ) ;
#1414 = DIRECTION ( 'NONE',  ( -0.5877852522921379608, 4.336808689942016750E-16, 0.8090169943751910342 ) ) ;
#1415 = CARTESIAN_POINT ( 'NONE',  ( -7.346124247878000446, 8.546140792069000014, 1.511811139224999767 ) ) ;
#1416 = CYLINDRICAL_SURFACE ( 'NONE', #2218, 0.1500000000000001332 ) ;
#1417 = DIRECTION ( 'NONE',  ( 0.3090169943750375459, 0.000000000000000000, 0.9510565162951243323 ) ) ;
#1418 = ORIENTED_EDGE ( 'NONE', *, *, #630, .T. ) ;
#1419 = CIRCLE ( 'NONE', #2520, 0.1499999999999999944 ) ;
#1420 = ORIENTED_EDGE ( 'NONE', *, *, #2050, .F. ) ;
#1421 = DIRECTION ( 'NONE',  ( 0.3090169943750400994, 0.000000000000000000, 0.9510565162951234441 ) ) ;
#1422 = VECTOR ( 'NONE', #2602, 1000.000000000000000 ) ;
#1423 = VECTOR ( 'NONE', #426, 1000.000000000000000 ) ;
#1424 = CARTESIAN_POINT ( 'NONE',  ( -2.012882238049999994, 8.130680092739998699, -1.484072210590999807 ) ) ;
#1425 = EDGE_CURVE ( 'NONE', #3338, #4937, #4969, .T. ) ;
#1426 = CARTESIAN_POINT ( 'NONE',  ( -1.004872414797000069, 6.087093122224000119, 2.291070945232999811 ) ) ;
#1427 = ORIENTED_EDGE ( 'NONE', *, *, #5070, .T. ) ;
#1428 = CARTESIAN_POINT ( 'NONE',  ( 1.649884692613999837, -3.500000000000000000, 5.729370427217999939 ) ) ;
#1429 = ORIENTED_EDGE ( 'NONE', *, *, #3768, .F. ) ;
#1430 = DIRECTION ( 'NONE',  ( -9.705107454703460192E-16, -1.000000000000000000, -7.516940583779200002E-16 ) ) ;
#1431 = CIRCLE ( 'NONE', #4953, 0.1500000000000001332 ) ;
#1432 = ORIENTED_EDGE ( 'NONE', *, *, #2457, .F. ) ;
#1433 = ORIENTED_EDGE ( 'NONE', *, *, #4311, .T. ) ;
#1434 = CARTESIAN_POINT ( 'NONE',  ( -6.099520486024999855, -3.500000000000000000, 0.5610830881120000280 ) ) ;
#1435 = ORIENTED_EDGE ( 'NONE', *, *, #5827, .F. ) ;
#1436 = CARTESIAN_POINT ( 'NONE',  ( 5.729370427217999939, 3.500000000000000000, -1.649884692613999837 ) ) ;
#1437 = AXIS2_PLACEMENT_3D ( 'NONE', #610, #110, #3921 ) ;
#1438 = CARTESIAN_POINT ( 'NONE',  ( -1.600302429305000107, 6.401213573886999519, 7.327901608509999498 ) ) ;
#1439 = DIRECTION ( 'NONE',  ( 0.000000000000000000, 0.000000000000000000, 1.000000000000000000 ) ) ;
#1440 = CARTESIAN_POINT ( 'NONE',  ( -0.9602019100609999747, 9.143450324439999832, 7.438615082149999225 ) ) ;
#1441 = AXIS2_PLACEMENT_3D ( 'NONE', #5608, #1737, #3141 ) ;
#1442 = DIRECTION ( 'NONE',  ( -1.000000000000000000, -1.419066820133123170E-16, 1.144237745221993785E-17 ) ) ;
#1443 = CARTESIAN_POINT ( 'NONE',  ( 3.020442298506000434, -3.500000000000000000, 4.829082085785000089 ) ) ;
#1444 = CARTESIAN_POINT ( 'NONE',  ( 1.351336841308999892, 8.778387556012001269, 7.377555541878000334 ) ) ;
#1445 = EDGE_CURVE ( 'NONE', #3592, #387, #2013, .T. ) ;
#1446 = DIRECTION ( 'NONE',  ( -6.154821860400110401E-16, -1.000000000000000000, 2.722574071512330408E-16 ) ) ;
#1447 = AXIS2_PLACEMENT_3D ( 'NONE', #3194, #1726, #5026 ) ;
#1448 = DIRECTION ( 'NONE',  ( 0.000000000000000000, 0.000000000000000000, 1.000000000000000000 ) ) ;
#1449 = DIRECTION ( 'NONE',  ( 0.000000000000000000, 0.000000000000000000, 1.000000000000000000 ) ) ;
#1450 = CARTESIAN_POINT ( 'NONE',  ( -1.351233760588000044, -3.500000000000000000, -5.974372913993000189 ) ) ;
#1451 = LINE ( 'NONE', #2018, #5341 ) ;
#1452 = DIRECTION ( 'NONE',  ( -8.881784197000999888E-16, -1.000000000000000000, -4.440892098500999885E-16 ) ) ;
#1453 = AXIS2_PLACEMENT_3D ( 'NONE', #786, #3183, #385 ) ;
#1454 = VERTEX_POINT ( 'NONE', #5922 ) ;
#1455 = VERTEX_POINT ( 'NONE', #1601 ) ;
#1456 = DIRECTION ( 'NONE',  ( -8.881144413637390876E-16, -1.000000000000000000, -2.778844884289169681E-16 ) ) ;
#1457 = VECTOR ( 'NONE', #5457, 1000.000000000000000 ) ;
#1458 = CARTESIAN_POINT ( 'NONE',  ( -1.890790188885999923, 7.157010782003999871, -1.635627898523000168 ) ) ;
#1459 = DIRECTION ( 'NONE',  ( 1.000000000000000000, 0.000000000000000000, 0.000000000000000000 ) ) ;
#1460 = ORIENTED_EDGE ( 'NONE', *, *, #313, .T. ) ;
#1461 = FACE_OUTER_BOUND ( 'NONE', #2715, .T. ) ;
#1462 = EDGE_LOOP ( 'NONE', ( #2579, #5976, #5750, #4710 ) ) ;
#1463 = AXIS2_PLACEMENT_3D ( 'NONE', #5893, #5447, #3423 ) ;
#1464 = EDGE_CURVE ( 'NONE', #5648, #4964, #3115, .T. ) ;
#1465 = DIRECTION ( 'NONE',  ( 1.000000000000000000, 0.000000000000000000, 0.000000000000000000 ) ) ;
#1466 = ORIENTED_EDGE ( 'NONE', *, *, #1277, .F. ) ;
#1467 = EDGE_CURVE ( 'NONE', #5626, #5436, #505, .T. ) ;
#1468 = EDGE_CURVE ( 'NONE', #5620, #5525, #5855, .T. ) ;
#1469 = DIRECTION ( 'NONE',  ( 0.000000000000000000, 0.000000000000000000, 1.000000000000000000 ) ) ;
#1470 = ORIENTED_EDGE ( 'NONE', *, *, #5907, .T. ) ;
#1471 = CARTESIAN_POINT ( 'NONE',  ( 4.702424197123000305, 3.500000000000000000, -3.665380152387999857 ) ) ;
#1472 = ADVANCED_FACE ( 'NONE', ( #1066 ), #4907, .F. ) ;
#1473 = CARTESIAN_POINT ( 'NONE',  ( 2.686351677078000044, 3.500000000000000000, 5.272262022913999147 ) ) ;
#1474 = AXIS2_PLACEMENT_3D ( 'NONE', #355, #5798, #2893 ) ;
#1475 = DIRECTION ( 'NONE',  ( 5.834569784931309842E-16, -1.000000000000000000, 4.814160569353050253E-16 ) ) ;
#1476 = CARTESIAN_POINT ( 'NONE',  ( -0.5610830881120000280, 3.500000000000000000, 6.099520486024999855 ) ) ;
#1477 = CARTESIAN_POINT ( 'NONE',  ( 3.665380152386999768, 3.500000000000000000, -4.702424197123000305 ) ) ;
#1478 = CARTESIAN_POINT ( 'NONE',  ( 1.737932042217000150, 8.068206161163999468, 7.296219834274999094 ) ) ;
#1479 = AXIS2_PLACEMENT_3D ( 'NONE', #5128, #3172, #806 ) ;
#1480 = CIRCLE ( 'NONE', #5505, 0.9999999999999995559 ) ;
#1481 = ADVANCED_FACE ( 'NONE', ( #3134 ), #4999, .T. ) ;
#1482 = EDGE_CURVE ( 'NONE', #3572, #5777, #5602, .T. ) ;
#1483 = DIRECTION ( 'NONE',  ( -1.000000000000000000, -4.440892098500999885E-16, 2.834968878138000228E-31 ) ) ;
#1484 = CARTESIAN_POINT ( 'NONE',  ( 0.000000000000000000, 0.000000000000000000, 0.000000000000000000 ) ) ;
#1485 = CARTESIAN_POINT ( 'NONE',  ( 0.000000000000000000, 0.000000000000000000, 0.000000000000000000 ) ) ;
#1486 = CARTESIAN_POINT ( 'NONE',  ( -7.351305444092999686, 6.213023541912000347, 1.486385844883999940 ) ) ;
#1487 = VECTOR ( 'NONE', #2596, 1000.000000000000000 ) ;
#1488 = DIRECTION ( 'NONE',  ( 7.771561172376000134E-16, 1.000000000000000000, -7.771561172375990273E-16 ) ) ;
#1489 = CARTESIAN_POINT ( 'NONE',  ( 1.737932042218000017, 6.731793838834999377, 7.296219834274999094 ) ) ;
#1490 = EDGE_CURVE ( 'NONE', #2810, #2302, #3018, .T. ) ;
#1491 = ORIENTED_EDGE ( 'NONE', *, *, #2073, .T. ) ;
#1492 = VERTEX_POINT ( 'NONE', #2196 ) ;
#1493 = AXIS2_PLACEMENT_3D ( 'NONE', #4986, #5052, #4487 ) ;
#1494 = DIRECTION ( 'NONE',  ( 1.110223024625029953E-16, -1.000000000000000000, 3.330669073875005179E-16 ) ) ;
#1495 = CARTESIAN_POINT ( 'NONE',  ( -1.647874153444999878, 7.291891218964999588, 1.880031405792000010 ) ) ;
#1496 = EDGE_CURVE ( 'NONE', #3250, #2242, #605, .T. ) ;
#1497 = ORIENTED_EDGE ( 'NONE', *, *, #4303, .F. ) ;
#1498 = CARTESIAN_POINT ( 'NONE',  ( 3.787915702019000186, 3.500000000000000000, 4.615908076795999904 ) ) ;
#1499 = EDGE_LOOP ( 'NONE', ( #880, #5867, #4572, #991 ) ) ;
#1500 = ADVANCED_FACE ( 'NONE', ( #3102 ), #1665, .T. ) ;
#1501 = DIRECTION ( 'NONE',  ( 1.000000000000000000, -7.814069711607238853E-16, 0.000000000000000000 ) ) ;
#1502 = PRODUCT_RELATED_PRODUCT_CATEGORY ( 'part', '', ( #1880 ) ) ;
#1503 = ORIENTED_EDGE ( 'NONE', *, *, #4475, .T. ) ;
#1504 = VERTEX_POINT ( 'NONE', #4119 ) ;
#1505 = CARTESIAN_POINT ( 'NONE',  ( 0.3513254827150000259, 3.500000000000000000, 5.960829065173999908 ) ) ;
#1506 = ORIENTED_EDGE ( 'NONE', *, *, #2123, .T. ) ;
#1507 = CARTESIAN_POINT ( 'NONE',  ( -2.479496799130000539, 9.018933533121000323, -0.3554271846679999958 ) ) ;
#1508 = CARTESIAN_POINT ( 'NONE',  ( 0.2064046357350000083, -3.500000000000000000, 6.108711936043000001 ) ) ;
#1509 = EDGE_CURVE ( 'NONE', #4794, #2300, #301, .T. ) ;
#1510 = CARTESIAN_POINT ( 'NONE',  ( -5.329070518201000674E-15, 3.500000000000000000, 1.998401444325000149E-15 ) ) ;
#1511 = CARTESIAN_POINT ( 'NONE',  ( 4.364879761826999882, -3.500000000000000000, 3.659361984642999666 ) ) ;
#1512 = DIRECTION ( 'NONE',  ( 1.606712545748999927E-16, 1.000000000000000000, -1.110223024624999878E-16 ) ) ;
#1513 = CARTESIAN_POINT ( 'NONE',  ( 5.682180913094000196, -3.500000000000000000, 0.3948740821140000468 ) ) ;
#1514 = CARTESIAN_POINT ( 'NONE',  ( 2.131438036170000050, -3.500000000000000000, 5.282052382155000281 ) ) ;
#1515 = DIRECTION ( 'NONE',  ( 7.771561172376000134E-16, 1.000000000000000000, -7.771561172375990273E-16 ) ) ;
#1516 = FACE_OUTER_BOUND ( 'NONE', #2763, .T. ) ;
#1517 = FACE_OUTER_BOUND ( 'NONE', #2079, .T. ) ;
#1518 = DIRECTION ( 'NONE',  ( 1.110223024624999878E-16, -1.000000000000000000, 1.551559350114999894E-31 ) ) ;
#1519 = EDGE_LOOP ( 'NONE', ( #3649, #1261, #3530, #3884 ) ) ;
#1520 = AXIS2_PLACEMENT_3D ( 'NONE', #1097, #2949, #2565 ) ;
#1521 = DIRECTION ( 'NONE',  ( 0.3090169943750400994, 0.000000000000000000, 0.9510565162951234441 ) ) ;
#1522 = CARTESIAN_POINT ( 'NONE',  ( -1.691393328169000121, -3.500000000000000000, 5.873512833102999764 ) ) ;
#1523 = AXIS2_PLACEMENT_3D ( 'NONE', #5123, #1729, #5092 ) ;
#1524 = VECTOR ( 'NONE', #5443, 1000.000000000000000 ) ;
#1525 = CARTESIAN_POINT ( 'NONE',  ( -0.5746658081360001002, 8.950554439012000429, 2.435262330542000253 ) ) ;
#1526 = ORIENTED_EDGE ( 'NONE', *, *, #1141, .T. ) ;
#1527 = CYLINDRICAL_SURFACE ( 'NONE', #4343, 0.1499999999999998834 ) ;
#1528 = VERTEX_POINT ( 'NONE', #6041 ) ;
#1529 = CIRCLE ( 'NONE', #309, 1.000000000000000222 ) ;
#1530 = VECTOR ( 'NONE', #5964, 1000.000000000000000 ) ;
#1531 = CARTESIAN_POINT ( 'NONE',  ( 4.184090831422999202, -3.500000000000000000, 4.184090831422999202 ) ) ;
#1532 = ORIENTED_EDGE ( 'NONE', *, *, #2976, .F. ) ;
#1533 = AXIS2_PLACEMENT_3D ( 'NONE', #3832, #4309, #4277 ) ;
#1534 = ORIENTED_EDGE ( 'NONE', *, *, #5502, .F. ) ;
#1535 = DIRECTION ( 'NONE',  ( -1.000000000000000000, -4.440892098500999885E-16, 2.834968878138000228E-31 ) ) ;
#1536 = EDGE_LOOP ( 'NONE', ( #197, #4924, #5619, #1021 ) ) ;
#1537 = FACE_OUTER_BOUND ( 'NONE', #5342, .T. ) ;
#1538 = EDGE_CURVE ( 'NONE', #2302, #4199, #5740, .T. ) ;
#1539 = CYLINDRICAL_SURFACE ( 'NONE', #3286, 6.112198000000001130 ) ;
#1540 = VECTOR ( 'NONE', #368, 1000.000000000000000 ) ;
#1541 = CARTESIAN_POINT ( 'NONE',  ( 4.820730169109999963, -3.500000000000000000, -3.757595644535999924 ) ) ;
#1542 = CARTESIAN_POINT ( 'NONE',  ( 5.958797487851000163, -3.500000000000000000, 0.2013392410339999994 ) ) ;
#1543 = CARTESIAN_POINT ( 'NONE',  ( -7.500000000000000888, 9.449999999999999289, -9.359180097589955724E-15 ) ) ;
#1544 = CARTESIAN_POINT ( 'NONE',  ( -1.109590569335766386, 0.07813275831229042623, -0.04510996904323100881 ) ) ;
#1545 = VECTOR ( 'NONE', #1102, 1000.000000000000000 ) ;
#1546 = DIRECTION ( 'NONE',  ( -3.172031972967880239E-16, -1.000000000000000000, 4.582850377723630077E-16 ) ) ;
#1547 = CARTESIAN_POINT ( 'NONE',  ( 5.777650869670999612, -3.500000000000000000, -1.507867092026000000 ) ) ;
#1548 = AXIS2_PLACEMENT_3D ( 'NONE', #5069, #4188, #5101 ) ;
#1549 = DIRECTION ( 'NONE',  ( 1.000000000000000000, 0.000000000000000000, 0.000000000000000000 ) ) ;
#1550 = FACE_OUTER_BOUND ( 'NONE', #2191, .T. ) ;
#1551 = CARTESIAN_POINT ( 'NONE',  ( 0.9657651767818618005, 0.3272456456324758234, -0.1551267130576431119 ) ) ;
#1552 = DIRECTION ( 'NONE',  ( -8.881144413637390876E-16, -1.000000000000000000, -2.778844884289169681E-16 ) ) ;
#1553 = ORIENTED_EDGE ( 'NONE', *, *, #3319, .T. ) ;
#1554 = CIRCLE ( 'NONE', #4667, 0.1499999999999997724 ) ;
#1555 = DIRECTION ( 'NONE',  ( 1.000000000000000000, -8.673617379884035472E-16, 0.000000000000000000 ) ) ;
#1556 = ADVANCED_FACE ( 'NONE', ( #242 ), #774, .T. ) ;
#1557 = CARTESIAN_POINT ( 'NONE',  ( -2.353001070506000492, 5.982065842584000315, -0.8479477822259999797 ) ) ;
#1558 = AXIS2_PLACEMENT_3D ( 'NONE', #5713, #1932, #3279 ) ;
#1559 = CARTESIAN_POINT ( 'NONE',  ( -0.3615341723230000026, 5.782158117736000413, 2.478776375324999837 ) ) ;
#1560 = CARTESIAN_POINT ( 'NONE',  ( -1.108679084215999926E-15, -3.500000000000000000, 1.194080563211999985E-15 ) ) ;
#1561 = ORIENTED_EDGE ( 'NONE', *, *, #5827, .T. ) ;
#1562 = AXIS2_PLACEMENT_3D ( 'NONE', #388, #4285, #6232 ) ;
#1563 = DIRECTION ( 'NONE',  ( 0.000000000000000000, 0.000000000000000000, -1.000000000000000000 ) ) ;
#1564 = ORIENTED_EDGE ( 'NONE', *, *, #2123, .F. ) ;
#1565 = ORIENTED_EDGE ( 'NONE', *, *, #5379, .T. ) ;
#1566 = DIRECTION ( 'NONE',  ( -4.430643061698730400E-16, -1.000000000000000000, 4.591361739355039952E-16 ) ) ;
#1567 = ORIENTED_EDGE ( 'NONE', *, *, #3237, .T. ) ;
#1568 = CARTESIAN_POINT ( 'NONE',  ( -2.435262330552999899, 8.950554439031000342, -0.5746658080940000302 ) ) ;
#1569 = DIRECTION ( 'NONE',  ( -4.440892098500999885E-16, -1.000000000000000000, 5.551115123126000625E-16 ) ) ;
#1570 = ORIENTED_EDGE ( 'NONE', *, *, #4922, .F. ) ;
#1571 = DIRECTION ( 'NONE',  ( -9.732182908003039023E-16, -1.000000000000000000, -8.166026383929639355E-16 ) ) ;
#1572 = DIRECTION ( 'NONE',  ( -5.507766776193950395E-16, -1.000000000000000000, -2.807742633908804862E-16 ) ) ;
#1573 = DIRECTION ( 'NONE',  ( -0.9510565162951243323, 0.000000000000000000, 0.3090169943750375459 ) ) ;
#1574 = EDGE_CURVE ( 'NONE', #4393, #2785, #4087, .T. ) ;
#1575 = CARTESIAN_POINT ( 'NONE',  ( -0.9174891288058928396, 0.4108622135170340028, -0.1544840639484345579 ) ) ;
#1576 = EDGE_CURVE ( 'NONE', #3338, #168, #1412, .T. ) ;
#1577 = CARTESIAN_POINT ( 'NONE',  ( -5.974372913993000189, 3.500000000000000000, -1.351233760588000044 ) ) ;
#1578 = CARTESIAN_POINT ( 'NONE',  ( -5.960829065173999908, -3.500000000000000000, -0.3513254827150000259 ) ) ;
#1579 = FILL_AREA_STYLE_COLOUR ( '', #2341 ) ;
#1580 = DIRECTION ( 'NONE',  ( -5.507766776193950395E-16, -1.000000000000000000, -2.807742633908804862E-16 ) ) ;
#1581 = ADVANCED_FACE ( 'NONE', ( #4621 ), #508, .F. ) ;
#1582 = CARTESIAN_POINT ( 'NONE',  ( -4.039133941280000251, 3.500000000000000000, 4.604819366229000011 ) ) ;
#1583 = VECTOR ( 'NONE', #6144, 1000.000000000000000 ) ;
#1584 = VERTEX_POINT ( 'NONE', #2225 ) ;
#1585 = CARTESIAN_POINT ( 'NONE',  ( 7.072120666861999776E-15, 11.09999999999999964, -1.018074513581000051E-14 ) ) ;
#1586 = FACE_OUTER_BOUND ( 'NONE', #2054, .T. ) ;
#1587 = ORIENTED_EDGE ( 'NONE', *, *, #3926, .F. ) ;
#1588 = CIRCLE ( 'NONE', #2390, 0.1499999999999998834 ) ;
#1589 = VERTEX_POINT ( 'NONE', #3074 ) ;
#1590 = DIRECTION ( 'NONE',  ( 1.952443666665499853E-16, -1.000000000000000000, 1.005085555526131905E-15 ) ) ;
#1591 = ORIENTED_EDGE ( 'NONE', *, *, #724, .F. ) ;
#1593 = ORIENTED_EDGE ( 'NONE', *, *, #3871, .F. ) ;
#1592 = EDGE_CURVE ( 'NONE', #4397, #2490, #2720, .T. ) ;
#1594 = DIRECTION ( 'NONE',  ( 8.673617379884035472E-16, -4.336808689942017736E-16, -1.000000000000000000 ) ) ;
#1595 = ORIENTED_EDGE ( 'NONE', *, *, #3379, .F. ) ;
#1596 = CARTESIAN_POINT ( 'NONE',  ( -2.368382694841999925, 8.843024811159001075, -0.8025674445999999573 ) ) ;
#1597 = CARTESIAN_POINT ( 'NONE',  ( 4.039133941280000251, -3.500000000000000000, -4.604819366229000011 ) ) ;
#1598 = ORIENTED_EDGE ( 'NONE', *, *, #889, .T. ) ;
#1599 = DIRECTION ( 'NONE',  ( -6.154821860400110401E-16, -1.000000000000000000, 2.722574071512335338E-16 ) ) ;
#1600 = DIRECTION ( 'NONE',  ( -9.363278209719779739E-16, -1.000000000000000000, 1.422433718763573873E-16 ) ) ;
#1601 = CARTESIAN_POINT ( 'NONE',  ( 3.787915702019000186, -3.500000000000000000, 4.615908076795999904 ) ) ;
#1602 = VERTEX_POINT ( 'NONE', #6015 ) ;
#1603 = DIRECTION ( 'NONE',  ( -0.8090169943751910342, 4.336808689942016750E-16, 0.5877852522921379608 ) ) ;
#1604 = CARTESIAN_POINT ( 'NONE',  ( 5.282052382155000281, 3.500000000000000000, 2.131438036170000050 ) ) ;
#1605 = EDGE_CURVE ( 'NONE', #1682, #2732, #916, .T. ) ;
#1606 = LINE ( 'NONE', #3487, #1986 ) ;
#1607 = CARTESIAN_POINT ( 'NONE',  ( -1.890671231056999968, 7.158153350521000213, 1.635763304009000052 ) ) ;
#1608 = FACE_OUTER_BOUND ( 'NONE', #6088, .T. ) ;
#1609 = ORIENTED_EDGE ( 'NONE', *, *, #1198, .F. ) ;
#1610 = DIRECTION ( 'NONE',  ( -0.8090169943751905901, 0.000000000000000000, -0.5877852522921384049 ) ) ;
#1611 = CARTESIAN_POINT ( 'NONE',  ( -2.426216531716999913, 5.863789330130000366, -0.6129910696829999894 ) ) ;
#1612 = PRODUCT_RELATED_PRODUCT_CATEGORY ( 'part', '', ( #5307 ) ) ;
#1613 = CARTESIAN_POINT ( 'NONE',  ( -7.490222247154999735, 9.404146821972000581, -0.3949227342639999860 ) ) ;
#1614 = AXIS2_PLACEMENT_3D ( 'NONE', #3300, #2359, #2889 ) ;
#1615 = ORIENTED_EDGE ( 'NONE', *, *, #381, .F. ) ;
#1616 = CIRCLE ( 'NONE', #4031, 1.000000000000000222 ) ;
#1617 = ORIENTED_EDGE ( 'NONE', *, *, #2698, .F. ) ;
#1618 = DIRECTION ( 'NONE',  ( 0.8579250359898331624, 0.000000000000000000, 0.5137748851606542821 ) ) ;
#1619 = AXIS2_PLACEMENT_3D ( 'NONE', #5221, #4234, #2380 ) ;
#1620 = EDGE_CURVE ( 'NONE', #295, #1247, #2024, .T. ) ;
#1621 = AXIS2_PLACEMENT_3D ( 'NONE', #4057, #5986, #1250 ) ;
#1622 = ORIENTED_EDGE ( 'NONE', *, *, #6097, .T. ) ;
#1623 = EDGE_LOOP ( 'NONE', ( #1898, #5364, #5089, #5899 ) ) ;
#1624 = CARTESIAN_POINT ( 'NONE',  ( 0.4871303311021861204, -1.000000000000000000, -0.04510996904351965292 ) ) ;
#1625 = ORIENTED_EDGE ( 'NONE', *, *, #3440, .F. ) ;
#1626 = AXIS2_PLACEMENT_3D ( 'NONE', #5244, #925, #6103 ) ;
#1627 = CIRCLE ( 'NONE', #2030, 6.112198000000001130 ) ;
#1628 = SURFACE_SIDE_STYLE ('',( #1659 ) ) ;
#1629 = AXIS2_PLACEMENT_3D ( 'NONE', #5073, #2235, #3397 ) ;
#1630 = AXIS2_PLACEMENT_3D ( 'NONE', #5168, #5545, #2174 ) ;
#1631 = EDGE_LOOP ( 'NONE', ( #1780, #6012, #1564, #4466 ) ) ;
#1632 = CARTESIAN_POINT ( 'NONE',  ( -5.272262022913999147, -3.500000000000000000, -2.686351677078000044 ) ) ;
#1633 = CARTESIAN_POINT ( 'NONE',  ( -0.3513254827150000259, 3.500000000000000000, -5.960829065173999908 ) ) ;
#1634 = LINE ( 'NONE', #3540, #1916 ) ;
#1635 = ORIENTED_EDGE ( 'NONE', *, *, #3156, .T. ) ;
#1636 = DIRECTION ( 'NONE',  ( 2.901217823758254970E-16, -1.000000000000000000, 7.770832213369319878E-16 ) ) ;
#1637 = AXIS2_PLACEMENT_3D ( 'NONE', #2413, #4716, #5696 ) ;
#1638 = DIRECTION ( 'NONE',  ( 0.000000000000000000, 4.336808689942017736E-16, 1.000000000000000000 ) ) ;
#1639 = DIRECTION ( 'NONE',  ( 1.606712545748999927E-16, 1.000000000000000000, -1.110223024624999878E-16 ) ) ;
#1640 = CARTESIAN_POINT ( 'NONE',  ( -5.063373370888999858, 3.500000000000000000, -3.423625928481999647 ) ) ;
#1641 = DIRECTION ( 'NONE',  ( -2.220446049250000002E-16, -1.000000000000000000, 3.330669073875000249E-16 ) ) ;
#1642 = FACE_OUTER_BOUND ( 'NONE', #964, .T. ) ;
#1643 = VERTEX_POINT ( 'NONE', #3664 ) ;
#1644 = ADVANCED_FACE ( 'NONE', ( #2600 ), #3196, .F. ) ;
#1645 = DIRECTION ( 'NONE',  ( 0.000000000000000000, 0.000000000000000000, 1.000000000000000000 ) ) ;
#1646 = CIRCLE ( 'NONE', #3043, 6.112197999999997577 ) ;
#1647 = CARTESIAN_POINT ( 'NONE',  ( -2.403952396065000219, 5.899001203083000355, -0.6954311818449999683 ) ) ;
#1648 = DIRECTION ( 'NONE',  ( -6.047604644248999931E-16, 1.000000000000000000, -7.771561172376000134E-16 ) ) ;
#1649 = CIRCLE ( 'NONE', #946, 0.5550000000000002709 ) ;
#1650 = VERTEX_POINT ( 'NONE', #2659 ) ;
#1651 = ORIENTED_EDGE ( 'NONE', *, *, #862, .T. ) ;
#1652 = CYLINDRICAL_SURFACE ( 'NONE', #884, 0.9999999999999994449 ) ;
#1653 = CIRCLE ( 'NONE', #4573, 7.500000000000000000 ) ;
#1654 = ORIENTED_EDGE ( 'NONE', *, *, #5948, .F. ) ;
#1655 = VERTEX_POINT ( 'NONE', #268 ) ;
#1656 = DIRECTION ( 'NONE',  ( 8.673617379884035472E-16, -4.336808689942017736E-16, -1.000000000000000000 ) ) ;
#1657 = VERTEX_POINT ( 'NONE', #4714 ) ;
#1658 = VECTOR ( 'NONE', #5584, 1000.000000000000000 ) ;
#1659 = SURFACE_STYLE_FILL_AREA ( #263 ) ;
#1660 = ADVANCED_FACE ( 'NONE', ( #6176 ), #4808, .F. ) ;
#1661 = EDGE_CURVE ( 'NONE', #6033, #1765, #3794, .T. ) ;
#1662 = ORIENTED_EDGE ( 'NONE', *, *, #5705, .T. ) ;
#1663 = DIRECTION ( 'NONE',  ( -2.446747080494690140E-16, -1.000000000000000000, 5.995138749812960544E-16 ) ) ;
#1664 = CARTESIAN_POINT ( 'NONE',  ( 4.829082085785000089, -3.500000000000000000, -3.020442298506000434 ) ) ;
#1665 = CYLINDRICAL_SURFACE ( 'NONE', #4840, 0.1499999999999998834 ) ;
#1666 = VERTEX_POINT ( 'NONE', #2788 ) ;
#1667 = CYLINDRICAL_SURFACE ( 'NONE', #321, 6.112198000000000242 ) ;
#1668 = EDGE_CURVE ( 'NONE', #4964, #5648, #2617, .T. ) ;
#1669 = CYLINDRICAL_SURFACE ( 'NONE', #3479, 0.9999999999999995559 ) ;
#1670 = FACE_OUTER_BOUND ( 'NONE', #4630, .T. ) ;
#1671 = FACE_OUTER_BOUND ( 'NONE', #5144, .T. ) ;
#1672 = CARTESIAN_POINT ( 'NONE',  ( 1.601206317641999943, 6.993492056638999976, 1.920178167081000087 ) ) ;
#1673 = DIRECTION ( 'NONE',  ( 2.199496035544554905E-17, -1.000000000000000000, 2.859514670765540345E-16 ) ) ;
#1674 = ADVANCED_FACE ( 'NONE', ( #5662 ), #1374, .T. ) ;
#1675 = EDGE_CURVE ( 'NONE', #260, #3436, #2421, .T. ) ;
#1676 = ORIENTED_EDGE ( 'NONE', *, *, #1275, .T. ) ;
#1677 = CARTESIAN_POINT ( 'NONE',  ( -1.254552017825999999E-15, 11.29999999999999893, -1.881828026739999741E-14 ) ) ;
#1678 =( GEOMETRIC_REPRESENTATION_CONTEXT ( 3 ) GLOBAL_UNCERTAINTY_ASSIGNED_CONTEXT ( ( #1952 ) ) GLOBAL_UNIT_ASSIGNED_CONTEXT ( ( #2693, #4566, #6116 ) ) REPRESENTATION_CONTEXT ( 'NONE', 'WORKASPACE' ) );
#1679 = DIRECTION ( 'NONE',  ( 7.771561172376000134E-16, 1.000000000000000000, -7.771561172375990273E-16 ) ) ;
#1680 = EDGE_CURVE ( 'NONE', #2278, #5617, #2921, .T. ) ;
#1681 = DIRECTION ( 'NONE',  ( -8.881144413637390876E-16, -1.000000000000000000, -2.778844884289169681E-16 ) ) ;
#1682 = VERTEX_POINT ( 'NONE', #15 ) ;
#1683 = AXIS2_PLACEMENT_3D ( 'NONE', #1886, #3798, #2259 ) ;
#1684 = LINE ( 'NONE', #5083, #1996 ) ;
#1685 = EDGE_CURVE ( 'NONE', #1879, #6212, #4509, .T. ) ;
#1686 = ORIENTED_EDGE ( 'NONE', *, *, #4475, .F. ) ;
#1687 = CIRCLE ( 'NONE', #672, 0.5550000000000000488 ) ;
#1688 = ORIENTED_EDGE ( 'NONE', *, *, #3617, .T. ) ;
#1689 = DIRECTION ( 'NONE',  ( 0.8090169943751905901, -7.814069711607236881E-16, 0.5877852522921384049 ) ) ;
#1690 = VERTEX_POINT ( 'NONE', #4209 ) ;
#1691 = CIRCLE ( 'NONE', #5108, 0.9999999999999994449 ) ;
#1692 = DIRECTION ( 'NONE',  ( -6.677809677911960712E-16, -1.000000000000000000, -8.981892944707908975E-17 ) ) ;
#1693 = EDGE_CURVE ( 'NONE', #3856, #5500, #900, .T. ) ;
#1694 = EDGE_CURVE ( 'NONE', #2812, #2242, #3730, .T. ) ;
#1695 = ORIENTED_EDGE ( 'NONE', *, *, #5472, .F. ) ;
#1696 = CARTESIAN_POINT ( 'NONE',  ( -0.5610830881120000280, -3.500000000000000000, -6.099520486024999855 ) ) ;
#1697 = DIRECTION ( 'NONE',  ( -9.623875507864408450E-17, -1.000000000000000000, 4.364530971015194927E-16 ) ) ;
#1698 = DIRECTION ( 'NONE',  ( 0.8090169943751908121, 0.000000000000000000, -0.5877852522921382938 ) ) ;
#1699 = APPLICATION_CONTEXT ( 'automotive_design' ) ;
#1700 = VERTEX_POINT ( 'NONE', #3318 ) ;
#1701 = LINE ( 'NONE', #244, #2236 ) ;
#1702 = CARTESIAN_POINT ( 'NONE',  ( 5.063373370888999858, 3.500000000000000000, 3.423625928481999647 ) ) ;
#1703 = CARTESIAN_POINT ( 'NONE',  ( 5.627604495026999665, 3.500000000000000000, -2.418477214851999957 ) ) ;
#1704 = ADVANCED_FACE ( 'NONE', ( #933 ), #2814, .T. ) ;
#1705 = CARTESIAN_POINT ( 'NONE',  ( -5.974372913993000189, -3.500000000000000000, 1.351233760588000044 ) ) ;
#1706 = CARTESIAN_POINT ( 'NONE',  ( -2.500000000000000444, 5.750000000000001776, -3.909126516044387464E-15 ) ) ;
#1707 = CARTESIAN_POINT ( 'NONE',  ( -1.776356839399999804E-15, 5.750000000000000000, 2.500000000000000000 ) ) ;
#1708 = DIRECTION ( 'NONE',  ( 2.199496035544554905E-17, -1.000000000000000000, 2.859514670765540345E-16 ) ) ;
#1709 = VERTEX_POINT ( 'NONE', #2751 ) ;
#1710 = CARTESIAN_POINT ( 'NONE',  ( 4.364879761826999882, 3.500000000000000000, 3.659361984642999666 ) ) ;
#1711 = EDGE_CURVE ( 'NONE', #2674, #4703, #5284, .T. ) ;
#1712 = DIRECTION ( 'NONE',  ( 8.137637229394920158E-17, -1.000000000000000000, 6.536891100602370150E-17 ) ) ;
#1713 = DIRECTION ( 'NONE',  ( -0.5877852522921380718, -4.336808689942017736E-16, -0.8090169943751908121 ) ) ;
#1714 = ORIENTED_EDGE ( 'NONE', *, *, #3610, .F. ) ;
#1715 = B_SPLINE_CURVE_WITH_KNOTS ( 'NONE', 7,
 ( #1234, #4195, #2240, #6000, #3149, #2642, #1745, #5077, #3113, #4166, #754, #3182, #5643, #785, #3678, #2701, #3645, #6092, #6126, #1777, #5616, #1296, #3209, #1328, #5138, #818, #1486, #30, #4347, #2365, #411, #4821, #6224, #4313, #3336, #4698, #500, #5173, #2299, #2766, #1831, #3274, #5799, #6192, #5201, #3745, #2424, #947, #6255, #855, #4248, #3838, #1415, #2332, #6154, #383, #885, #5266, #4279, #5706, #4218, #1894, #1863, #1962, #3806, #1924, #2864, #5675, #3872, #1358, #2801, #4725, #3776, #1387, #3303, #5233, #913, #471, #5733, #4790 ),
 .UNSPECIFIED., .F., .F.,
 ( 8, 6, 6, 6, 6, 6, 6, 6, 6, 6, 6, 6, 6, 8 ),
 ( 0.000000000000000000, 0.07655576432188999914, 0.1265473272810000160, 0.1962678081719999856, 0.2581980245480000047, 0.3123055381109999806, 0.3582080933699999803, 0.4881234131189999825, 0.6869256063519999511, 0.7412223749790000094, 0.8032956702160000129, 0.8736145781540000099, 0.9235965482429999707, 1.000000000000000000 ),
 .UNSPECIFIED. ) ;
#1716 = ORIENTED_EDGE ( 'NONE', *, *, #3505, .T. ) ;
#1717 = DIRECTION ( 'NONE',  ( -0.8090169943751908121, 0.000000000000000000, 0.5877852522921382938 ) ) ;
#1718 = VERTEX_POINT ( 'NONE', #3226 ) ;
#1719 = DIRECTION ( 'NONE',  ( 8.137637229394920158E-17, -1.000000000000000000, 6.536891100602380010E-17 ) ) ;
#1720 = ORIENTED_EDGE ( 'NONE', *, *, #164, .T. ) ;
#1721 = AXIS2_PLACEMENT_3D ( 'NONE', #2979, #5953, #4376 ) ;
#1722 = CLOSED_SHELL ( 'NONE', ( #6251, #1274, #1314, #2691, #898, #2229, #3334, #6168, #5627, #920, #5875, #2170, #5468, #2185, #2983, #2208, #4123, #4115, #4110, #2401, #5944, #2553, #5842, #5660 ) ) ;
#1723 = CARTESIAN_POINT ( 'NONE',  ( -3.787915702019000186, 3.500000000000000000, 4.615908076795999904 ) ) ;
#1724 = EDGE_CURVE ( 'NONE', #5430, #3918, #427, .T. ) ;
#1725 = ORIENTED_EDGE ( 'NONE', *, *, #5935, .F. ) ;
#1726 = DIRECTION ( 'NONE',  ( 2.199496035544554905E-17, -1.000000000000000000, 2.859514670765540345E-16 ) ) ;
#1727 = AXIS2_PLACEMENT_3D ( 'NONE', #3261, #5751, #5189 ) ;
#1728 = CARTESIAN_POINT ( 'NONE',  ( 5.682180913094000196, -3.500000000000000000, 0.3948740821140000468 ) ) ;
#1729 = DIRECTION ( 'NONE',  ( 1.392798170799555979E-17, -1.000000000000000000, 4.529477758377419813E-16 ) ) ;
#1730 = AXIS2_PLACEMENT_3D ( 'NONE', #53, #5292, #2978 ) ;
#1731 = ORIENTED_EDGE ( 'NONE', *, *, #4828, .F. ) ;
#1732 = CARTESIAN_POINT ( 'NONE',  ( 4.364879761826999882, 3.500000000000000000, -3.659361984642999666 ) ) ;
#1733 = DIRECTION ( 'NONE',  ( -0.9510565162951225560, 0.000000000000000000, -0.3090169943750425974 ) ) ;
#1734 = AXIS2_PLACEMENT_3D ( 'NONE', #177, #2650, #1154 ) ;
#1735 = CIRCLE ( 'NONE', #5752, 6.112198000000000242 ) ;
#1736 = CARTESIAN_POINT ( 'NONE',  ( -6.328271240363001005E-16, -3.500000000000000000, 4.807265696627000080E-15 ) ) ;
#1737 = DIRECTION ( 'NONE',  ( 7.771561172376000134E-16, 1.000000000000000000, -7.771561172376009994E-16 ) ) ;
#1738 = CARTESIAN_POINT ( 'NONE',  ( -5.873512833102999764, 3.500000000000000000, -1.691393328169000121 ) ) ;
#1739 = CARTESIAN_POINT ( 'NONE',  ( 0.4678802220819999746, 5.811146852657999240, 2.459826105566000010 ) ) ;
#1740 = CYLINDRICAL_SURFACE ( 'NONE', #623, 1.650000000000000355 ) ;
#1741 = ORIENTED_EDGE ( 'NONE', *, *, #5023, .F. ) ;
#1742 = EDGE_CURVE ( 'NONE', #6062, #168, #6047, .T. ) ;
#1743 = CARTESIAN_POINT ( 'NONE',  ( -5.627604495026999665, -3.500000000000000000, 2.418477214851999957 ) ) ;
#1744 = AXIS2_PLACEMENT_3D ( 'NONE', #5826, #5891, #3010 ) ;
#1745 = CARTESIAN_POINT ( 'NONE',  ( -7.485654081369000679, 5.417705077591000062, 0.4692634278910000067 ) ) ;
#1746 = DIRECTION ( 'NONE',  ( -8.474188266847760403E-16, -1.000000000000000000, -5.059242192088281016E-16 ) ) ;
#1747 = VERTEX_POINT ( 'NONE', #3762 ) ;
#1748 = ORIENTED_EDGE ( 'NONE', *, *, #1605, .F. ) ;
#1749 = CARTESIAN_POINT ( 'NONE',  ( -7.882583474838999557E-16, -3.700000000000000178, 4.962696920073999612E-15 ) ) ;
#1750 = DIRECTION ( 'NONE',  ( -1.110223024625021941E-16, 1.000000000000000000, -3.330669073875000249E-16 ) ) ;
#1751 = ADVANCED_FACE ( 'NONE', ( #871, #965 ), #5631, .T. ) ;
#1752 = AXIS2_PLACEMENT_3D ( 'NONE', #158, #2458, #2486 ) ;
#1753 = ORIENTED_EDGE ( 'NONE', *, *, #4288, .F. ) ;
#1754 = CARTESIAN_POINT ( 'NONE',  ( 0.3513254827150000259, -3.500000000000000000, -5.960829065173999908 ) ) ;
#1755 = ORIENTED_EDGE ( 'NONE', *, *, #2344, .T. ) ;
#1756 = ADVANCED_FACE ( 'NONE', ( #3033, #1947 ), #4425, .T. ) ;
#1757 = ADVANCED_FACE ( 'NONE', ( #3919 ), #5818, .F. ) ;
#1758 = AXIS2_PLACEMENT_3D ( 'NONE', #590, #5920, #5823 ) ;
#1759 = DIRECTION ( 'NONE',  ( 0.9510565162951225560, 0.000000000000000000, 0.3090169943750425974 ) ) ;
#1760 = ORIENTED_EDGE ( 'NONE', *, *, #5016, .F. ) ;
#1761 = DIRECTION ( 'NONE',  ( -0.3090169943750399884, -7.814069711607236881E-16, -0.9510565162951235552 ) ) ;
#1762 = AXIS2_PLACEMENT_3D ( 'NONE', #6001, #1681, #5368 ) ;
#1763 = CARTESIAN_POINT ( 'NONE',  ( -3.996802888650999786E-15, 3.500000000000000000, -4.884981308350999589E-15 ) ) ;
#1764 = CARTESIAN_POINT ( 'NONE',  ( -1.600000000000000089, -1.959434878635765230E-16, 0.000000000000000000 ) ) ;
#1765 = VERTEX_POINT ( 'NONE', #1505 ) ;
#1766 = CARTESIAN_POINT ( 'NONE',  ( 6.108711936043000001, -3.500000000000000000, -0.2064046357350000083 ) ) ;
#1767 = FACE_OUTER_BOUND ( 'NONE', #4622, .T. ) ;
#1768 = AXIS2_PLACEMENT_3D ( 'NONE', #3054, #2057, #3970 ) ;
#1769 = EDGE_CURVE ( 'NONE', #5613, #324, #5848, .T. ) ;
#1770 = DIRECTION ( 'NONE',  ( -5.851721321710000488E-16, -1.000000000000000000, 1.540942540396989897E-16 ) ) ;
#1771 = CARTESIAN_POINT ( 'NONE',  ( 1.600036175392000048, 7.804759744106000596, 1.920945291871000160 ) ) ;
#1772 = AXIS2_PLACEMENT_3D ( 'NONE', #3486, #3869, #3398 ) ;
#1773 = CARTESIAN_POINT ( 'NONE',  ( 5.282052382155000281, 3.500000000000000000, -2.131438036170000050 ) ) ;
#1774 = ORIENTED_EDGE ( 'NONE', *, *, #4827, .T. ) ;
#1775 = DIRECTION ( 'NONE',  ( -6.154821860400110401E-16, -1.000000000000000000, 2.722574071512330408E-16 ) ) ;
#1776 = EDGE_CURVE ( 'NONE', #1087, #5620, #3725, .T. ) ;
#1777 = CARTESIAN_POINT ( 'NONE',  ( -7.397444352888999930, 5.894648151032000349, 1.236669856333999951 ) ) ;
#1778 = LINE ( 'NONE', #4577, #5176 ) ;
#1779 = ORIENTED_EDGE ( 'NONE', *, *, #5907, .F. ) ;
#1780 = ORIENTED_EDGE ( 'NONE', *, *, #3979, .T. ) ;
#1781 = DIRECTION ( 'NONE',  ( -1.273055734904000165E-15, 7.723083968389894990E-16, 1.000000000000000000 ) ) ;
#1782 = ORIENTED_EDGE ( 'NONE', *, *, #2386, .T. ) ;
#1783 = FACE_OUTER_BOUND ( 'NONE', #5593, .T. ) ;
#1784 = VECTOR ( 'NONE', #588, 1000.000000000000000 ) ;
#1785 = EDGE_LOOP ( 'NONE', ( #736, #3595, #2410, #3551, #3030, #4763, #2646 ) ) ;
#1786 = DIRECTION ( 'NONE',  ( 3.697785493223000194E-32, 1.000000000000000000, -1.110223024624999878E-16 ) ) ;
#1787 =( GEOMETRIC_REPRESENTATION_CONTEXT ( 3 ) GLOBAL_UNCERTAINTY_ASSIGNED_CONTEXT ( ( #5789 ) ) GLOBAL_UNIT_ASSIGNED_CONTEXT ( ( #3535, #5058, #6010 ) ) REPRESENTATION_CONTEXT ( 'NONE', 'WORKASPACE' ) );
#1788 = EDGE_CURVE ( 'NONE', #3810, #3094, #1018, .T. ) ;
#1789 = EDGE_LOOP ( 'NONE', ( #4836, #2869, #814, #6166 ) ) ;
#1790 = DIRECTION ( 'NONE',  ( -0.8090169943751909232, 1.419066820133122924E-16, 0.5877852522921378498 ) ) ;
#1791 = DIRECTION ( 'NONE',  ( -9.623875507864408450E-17, -1.000000000000000000, 4.364530971015194927E-16 ) ) ;
#1792 = ORIENTED_EDGE ( 'NONE', *, *, #5491, .T. ) ;
#1793 = CYLINDRICAL_SURFACE ( 'NONE', #424, 0.1499999999999999944 ) ;
#1794 = CIRCLE ( 'NONE', #664, 0.1499999999999998834 ) ;
#1795 = CARTESIAN_POINT ( 'NONE',  ( -1.156907468018000040, 5.816227004997000627, 7.410366813993000790 ) ) ;
#1796 = SHAPE_REPRESENTATION_RELATIONSHIP ( 'NONE' , 'NONE' ,  #1405, #4460 ) ;
#1797 = CARTESIAN_POINT ( 'NONE',  ( -0.7231102150610000390, 9.282351799984001062, 7.465313720445999834 ) ) ;
#1798 = DIRECTION ( 'NONE',  ( -7.940816618730620390E-16, -1.000000000000000000, 1.554369229507224864E-16 ) ) ;
#1799 = CARTESIAN_POINT ( 'NONE',  ( 1.396369523753999919, 8.283419865041000918, 2.074565635901999716 ) ) ;
#1800 = FACE_OUTER_BOUND ( 'NONE', #6030, .T. ) ;
#1801 = VERTEX_POINT ( 'NONE', #2558 ) ;
#1802 = DIRECTION ( 'NONE',  ( -3.686931063464999882E-16, 1.000000000000000000, -3.885780586188000067E-16 ) ) ;
#1803 = CARTESIAN_POINT ( 'NONE',  ( -3.108624468949999707E-15, 3.500000000000000000, -4.884981308350999589E-15 ) ) ;
#1804 = DIRECTION ( 'NONE',  ( 5.834569784931309842E-16, -1.000000000000000000, 4.814160569353050253E-16 ) ) ;
#1805 = DIRECTION ( 'NONE',  ( 2.838796142837000101E-16, 1.000000000000000000, -2.775557561563000312E-16 ) ) ;
#1806 = ORIENTED_EDGE ( 'NONE', *, *, #3971, .T. ) ;
#1807 = ORIENTED_EDGE ( 'NONE', *, *, #3708, .T. ) ;
#1808 = CARTESIAN_POINT ( 'NONE',  ( -5.682180913094000196, -3.500000000000000000, 0.3948740821140000468 ) ) ;
#1809 = ORIENTED_EDGE ( 'NONE', *, *, #4130, .F. ) ;
#1810 = CARTESIAN_POINT ( 'NONE',  ( 5.844347473592999442, -3.500000000000000000, 0.9256537036670000607 ) ) ;
#1811 = ORIENTED_EDGE ( 'NONE', *, *, #3742, .F. ) ;
#1812 = ADVANCED_FACE ( 'NONE', ( #5785 ), #585, .T. ) ;
#1813 = LINE ( 'NONE', #3258, #4802 ) ;
#1814 = ORIENTED_EDGE ( 'NONE', *, *, #2620, .T. ) ;
#1815 = CARTESIAN_POINT ( 'NONE',  ( 0.9053311292000000288, 5.620616456008999506, 7.445376382087999900 ) ) ;
#1816 = DIRECTION ( 'NONE',  ( -2.220446049250000002E-16, 1.000000000000000000, -6.661338147751000379E-16 ) ) ;
#1817 = ORIENTED_EDGE ( 'NONE', *, *, #5697, .T. ) ;
#1818 = LINE ( 'NONE', #5754, #1540 ) ;
#1819 = VECTOR ( 'NONE', #1006, 1000.000000000000000 ) ;
#1820 = CARTESIAN_POINT ( 'NONE',  ( -3.665380152386999768, -3.500000000000000000, -4.702424197123000305 ) ) ;
#1821 = DIRECTION ( 'NONE',  ( 1.000000000000000000, 0.000000000000000000, 0.000000000000000000 ) ) ;
#1822 = AXIS2_PLACEMENT_3D ( 'NONE', #4685, #366, #5694 ) ;
#1823 = AXIS2_PLACEMENT_3D ( 'NONE', #2538, #5921, #2658 ) ;
#1824 = DIRECTION ( 'NONE',  ( 0.3090169943750399328, -7.814069711607234909E-16, -0.9510565162951235552 ) ) ;
#1825 = CARTESIAN_POINT ( 'NONE',  ( -2.392496275443999565, 8.882146384253001514, 0.7265185811339999189 ) ) ;
#1826 = FACE_OUTER_BOUND ( 'NONE', #5318, .T. ) ;
#1827 = DIRECTION ( 'NONE',  ( 9.653549818297999102E-17, 1.000000000000000000, -8.326672684689000444E-16 ) ) ;
#1828 = AXIS2_PLACEMENT_3D ( 'NONE', #2474, #4400, #261 ) ;
#1829 = AXIS2_PLACEMENT_3D ( 'NONE', #191, #2956, #4886 ) ;
#1830 = CARTESIAN_POINT ( 'NONE',  ( -7.278443755847000318, 7.056686385567999764, -1.809560521810000155 ) ) ;
#1831 = CARTESIAN_POINT ( 'NONE',  ( -7.280877454798999615, 7.034992901795000364, 1.799790295493999936 ) ) ;
#1832 = AXIS2_PLACEMENT_3D ( 'NONE', #4787, #908, #5327 ) ;
#1833 = DIRECTION ( 'NONE',  ( 1.829647544582000068E-15, 9.293161478447181990E-16, 1.000000000000000000 ) ) ;
#1834 = CARTESIAN_POINT ( 'NONE',  ( 1.675742877794000142E-15, 0.000000000000000000, -2.065741454089000229 ) ) ;
#1835 = ORIENTED_EDGE ( 'NONE', *, *, #5208, .F. ) ;
#1836 = ORIENTED_EDGE ( 'NONE', *, *, #2764, .F. ) ;
#1837 = EDGE_CURVE ( 'NONE', #2903, #290, #5239, .T. ) ;
#1838 = CARTESIAN_POINT ( 'NONE',  ( 4.604819366229000011, 3.500000000000000000, 4.039133941280000251 ) ) ;
#1839 = AXIS2_PLACEMENT_3D ( 'NONE', #3901, #3229, #1312 ) ;
#1840 = ORIENTED_EDGE ( 'NONE', *, *, #735, .T. ) ;
#1841 = CARTESIAN_POINT ( 'NONE',  ( 1.154700538379000108, 0.000000000000000000, 0.000000000000000000 ) ) ;
#1842 = ORIENTED_EDGE ( 'NONE', *, *, #4619, .T. ) ;
#1843 = CYLINDRICAL_SURFACE ( 'NONE', #4000, 0.1500000000000001332 ) ;
#1844 = CARTESIAN_POINT ( 'NONE',  ( 0.000000000000000000, 0.000000000000000000, 0.000000000000000000 ) ) ;
#1845 = ORIENTED_EDGE ( 'NONE', *, *, #6036, .F. ) ;
#1846 = CARTESIAN_POINT ( 'NONE',  ( 0.3949227455139999732, 5.395853194895000371, 7.490222241700999817 ) ) ;
#1847 = CARTESIAN_POINT ( 'NONE',  ( -4.314083075426999964E-32, -3.500000000000000000, 1.554312234475000050E-15 ) ) ;
#1848 = ORIENTED_EDGE ( 'NONE', *, *, #1342, .F. ) ;
#1849 = CARTESIAN_POINT ( 'NONE',  ( -4.820730169109999963, 3.500000000000000000, -3.757595644535999924 ) ) ;
#1850 =( BOUNDED_CURVE ( )  B_SPLINE_CURVE ( 2, ( #3581, #2436, #4420 ),
 .UNSPECIFIED., .F., .F. ) 
 B_SPLINE_CURVE_WITH_KNOTS ( ( 3, 3 ),
 ( 0.000000000000000000, 1.000000000000000000 ),
 .UNSPECIFIED. ) 
 CURVE ( )  GEOMETRIC_REPRESENTATION_ITEM ( )  RATIONAL_B_SPLINE_CURVE ( ( 1.000000000000000000, 1.154700538379102026, 1.000000000000000000 ) ) 
 REPRESENTATION_ITEM ( '' )  );
#1851 = CARTESIAN_POINT ( 'NONE',  ( -1.809914071414000070, 7.060588837361999381, 7.278354827227000001 ) ) ;
#1852 = EDGE_CURVE ( 'NONE', #1231, #2879, #1059, .T. ) ;
#1853 =( NAMED_UNIT ( * ) SI_UNIT ( $, .STERADIAN. ) SOLID_ANGLE_UNIT ( ) );
#1854 = AXIS2_PLACEMENT_3D ( 'NONE', #2894, #499, #1414 ) ;
#1855 = EDGE_CURVE ( 'NONE', #5473, #2668, #4899, .T. ) ;
#1856 = CARTESIAN_POINT ( 'NONE',  ( -0.6338920429720000804, 9.322602618388000195, 7.473401691750000353 ) ) ;
#1857 = CARTESIAN_POINT ( 'NONE',  ( -1.915356723097999980, 7.777191688349000209, 1.606709372198000141 ) ) ;
#1858 = CARTESIAN_POINT ( 'NONE',  ( 2.176127871379999856, 3.500000000000000000, -5.560519780239999932 ) ) ;
#1859 = DIRECTION ( 'NONE',  ( -0.8090169943751910342, 0.000000000000000000, -0.5877852522921379608 ) ) ;
#1860 = CIRCLE ( 'NONE', #148, 6.112197999999997577 ) ;
#1861 = CARTESIAN_POINT ( 'NONE',  ( -7.329037361512000359, 6.390619346742999696, -1.595226564399999880 ) ) ;
#1862 = PRODUCT_DEFINITION_CONTEXT ( 'detailed design', #2138, 'design' ) ;
#1863 = CARTESIAN_POINT ( 'NONE',  ( -7.417641363377000197, 9.026574965317999855, 1.110068628767999943 ) ) ;
#1864 = CIRCLE ( 'NONE', #5388, 0.9999999999999995559 ) ;
#1865 = ADVANCED_FACE ( 'NONE', ( #1977 ), #5344, .F. ) ;
#1866 = EDGE_LOOP ( 'NONE', ( #3262, #1470, #1946, #5537 ) ) ;
#1867 = DIRECTION ( 'NONE',  ( -0.9510565162951234441, -1.419066820133123663E-16, -0.3090169943750400994 ) ) ;
#1868 = ORIENTED_EDGE ( 'NONE', *, *, #4585, .T. ) ;
#1869 = ORIENTED_EDGE ( 'NONE', *, *, #1910, .F. ) ;
#1870 = LINE ( 'NONE', #5179, #5684 ) ;
#1871 = EDGE_CURVE ( 'NONE', #4461, #599, #2827, .T. ) ;
#1872 = ADVANCED_FACE ( 'NONE', ( #4837 ), #2006, .T. ) ;
#1873 = CARTESIAN_POINT ( 'NONE',  ( -1.442715670349999924, 8.208384568629000455, 2.042883674576999820 ) ) ;
#1874 = EDGE_LOOP ( 'NONE', ( #3707, #5529, #2769, #2149 ) ) ;
#1875 = CARTESIAN_POINT ( 'NONE',  ( -0.5773502691900000983, -1.000000000000000000, 0.000000000000000000 ) ) ;
#1876 = VERTEX_POINT ( 'NONE', #2531 ) ;
#1877 = PLANE ( 'NONE',  #2676 ) ;
#1878 = CIRCLE ( 'NONE', #4396, 7.299999999999999822 ) ;
#1879 = VERTEX_POINT ( 'NONE', #4459 ) ;
#1880 = PRODUCT ( 'M4x5-Screw028.step', 'M4x5-Screw028.step', '', ( #3297 ) ) ;
#1881 = LINE ( 'NONE', #5188, #1423 ) ;
#1882 = CARTESIAN_POINT ( 'NONE',  ( 0.6681012639969504674, -0.8428146661570228293, -0.09075099480645908157 ) ) ;
#1883 = VERTEX_POINT ( 'NONE', #2442 ) ;
#1884 = DIRECTION ( 'NONE',  ( 0.9510565162951243323, 0.000000000000000000, -0.3090169943750375459 ) ) ;
#1885 = AXIS2_PLACEMENT_3D ( 'NONE', #1473, #614, #3922 ) ;
#1886 = CARTESIAN_POINT ( 'NONE',  ( -1.351233760588000044, 3.500000000000000000, 5.974372913993000189 ) ) ;
#1887 = CARTESIAN_POINT ( 'NONE',  ( -3.451266460341999779E-31, -3.500000000000000000, 2.720046410331999950E-15 ) ) ;
#1888 = LINE ( 'NONE', #1408, #4527 ) ;
#1889 = DIRECTION ( 'NONE',  ( 5.551115123125999639E-16, -5.676267280532492680E-16, -1.000000000000000000 ) ) ;
#1890 = CIRCLE ( 'NONE', #4902, 1.600000000000000089 ) ;
#1891 = CARTESIAN_POINT ( 'NONE',  ( -5.604935932989999259, -3.500000000000000000, 2.032854686956000023 ) ) ;
#1892 = DIRECTION ( 'NONE',  ( -7.771561172376000134E-16, -1.000000000000000000, 7.771561172376009994E-16 ) ) ;
#1893 = EDGE_CURVE ( 'NONE', #4225, #5139, #5553, .T. ) ;
#1894 = CARTESIAN_POINT ( 'NONE',  ( -7.410510750461000384, 8.984623090663999889, 1.155985400986999867 ) ) ;
#1895 = DIRECTION ( 'NONE',  ( -1.000000000000000000, 0.000000000000000000, 0.000000000000000000 ) ) ;
#1896 = DIRECTION ( 'NONE',  ( 0.000000000000000000, -1.000000000000000000, 0.000000000000000000 ) ) ;
#1897 = ORIENTED_EDGE ( 'NONE', *, *, #56, .F. ) ;
#1898 = ORIENTED_EDGE ( 'NONE', *, *, #1288, .T. ) ;
#1899 = CARTESIAN_POINT ( 'NONE',  ( 0.000000000000000000, 0.000000000000000000, -4.230000000000000426 ) ) ;
#1900 = EDGE_CURVE ( 'NONE', #1131, #413, #9, .T. ) ;
#1901 = CARTESIAN_POINT ( 'NONE',  ( -0.7183792369080000961, 8.886184977735000601, 2.394996947012999922 ) ) ;
#1902 = VERTEX_POINT ( 'NONE', #3891 ) ;
#1903 = CARTESIAN_POINT ( 'NONE',  ( 0.5773502691900000983, -1.000000000000000000, -2.024834468762999773 ) ) ;
#1904 = ORIENTED_EDGE ( 'NONE', *, *, #615, .F. ) ;
#1905 = ADVANCED_FACE ( 'NONE', ( #2941 ), #4870, .F. ) ;
#1906 = DIRECTION ( 'NONE',  ( 0.3090169943750399884, 0.000000000000000000, 0.9510565162951235552 ) ) ;
#1907 = ORIENTED_EDGE ( 'NONE', *, *, #4547, .T. ) ;
#1908 = VERTEX_POINT ( 'NONE', #3123 ) ;
#1909 = DIRECTION ( 'NONE',  ( -4.440892098500999885E-16, 1.000000000000000000, -7.771561172376000134E-16 ) ) ;
#1910 = EDGE_CURVE ( 'NONE', #3781, #5436, #1529, .T. ) ;
#1911 = VERTEX_POINT ( 'NONE', #5466 ) ;
#1912 = DIRECTION ( 'NONE',  ( 0.000000000000000000, 0.000000000000000000, 1.000000000000000000 ) ) ;
#1913 = DIRECTION ( 'NONE',  ( -7.940816618730620390E-16, -1.000000000000000000, 1.554369229507224864E-16 ) ) ;
#1914 = SHAPE_DEFINITION_REPRESENTATION ( #760, #1405 ) ;
#1915 = DIRECTION ( 'NONE',  ( -3.793385312392629599E-17, -1.000000000000000000, 5.213638939032400218E-16 ) ) ;
#1916 = VECTOR ( 'NONE', #1035, 1000.000000000000000 ) ;
#1917 = CARTESIAN_POINT ( 'NONE',  ( -5.604935932989999259, 3.500000000000000000, 2.032854686956000023 ) ) ;
#1918 = CARTESIAN_POINT ( 'NONE',  ( 1.085436179832000247, 8.649366419026000230, 2.254748249262000126 ) ) ;
#1919 = CONICAL_SURFACE ( 'NONE', #3720, 7.500000000000000000, 0.7853981633970000820 ) ;
#1920 = EDGE_CURVE ( 'NONE', #3589, #229, #3430, .T. ) ;
#1921 = FACE_OUTER_BOUND ( 'NONE', #4561, .T. ) ;
#1922 = CARTESIAN_POINT ( 'NONE',  ( -8.437694987150998803E-15, -4.400000000000000355, -1.598721155460000041E-15 ) ) ;
#1923 = CARTESIAN_POINT ( 'NONE',  ( -5.974372913993000189, -3.500000000000000000, -1.351233760588000044 ) ) ;
#1924 = CARTESIAN_POINT ( 'NONE',  ( -7.438735212375999772, 9.144098111906000526, 0.9592704096699999905 ) ) ;
#1925 = VERTEX_POINT ( 'NONE', #3593 ) ;
#1926 = DIRECTION ( 'NONE',  ( -4.440892098500999885E-16, -1.000000000000000000, 3.330669073875000249E-16 ) ) ;
#1927 = AXIS2_PLACEMENT_3D ( 'NONE', #141, #2070, #1594 ) ;
#1929 = EDGE_CURVE ( 'NONE', #5716, #1454, #3331, .T. ) ;
#1928 = ORIENTED_EDGE ( 'NONE', *, *, #4046, .F. ) ;
#1930 = CONICAL_SURFACE ( 'NONE', #1823, 2.500000000000000000, 0.7853981633970000820 ) ;
#1931 = VERTEX_POINT ( 'NONE', #6034 ) ;
#1932 = DIRECTION ( 'NONE',  ( -1.110223024624999878E-16, -1.000000000000000000, 6.661338147751000379E-16 ) ) ;
#1933 = VECTOR ( 'NONE', #4322, 1000.000000000000000 ) ;
#1934 = EDGE_CURVE ( 'NONE', #4609, #3781, #4232, .T. ) ;
#1935 = CIRCLE ( 'NONE', #217, 1.000000000000000222 ) ;
#1936 = CARTESIAN_POINT ( 'NONE',  ( -0.5839865943499999990, 5.852816415471000511, 2.433101271846999758 ) ) ;
#1937 = EDGE_CURVE ( 'NONE', #5031, #1159, #5351, .T. ) ;
#1938 = ORIENTED_EDGE ( 'NONE', *, *, #1592, .T. ) ;
#1939 = DIRECTION ( 'NONE',  ( -1.110223024624995933E-16, -1.000000000000000000, 1.110223024625000149E-15 ) ) ;
#1940 = ORIENTED_EDGE ( 'NONE', *, *, #1219, .F. ) ;
#1941 = VECTOR ( 'NONE', #3076, 1000.000000000000000 ) ;
#1942 = DIRECTION ( 'NONE',  ( 1.000000000000000000, -1.922962686383999909E-16, 0.000000000000000000 ) ) ;
#1943 = CIRCLE ( 'NONE', #5462, 0.1499999999999999667 ) ;
#1944 = VERTEX_POINT ( 'NONE', #3622 ) ;
#1946 = ORIENTED_EDGE ( 'NONE', *, *, #1397, .F. ) ;
#1945 = EDGE_CURVE ( 'NONE', #1801, #4548, #3522, .T. ) ;
#1947 = FACE_BOUND ( 'NONE', #2473, .T. ) ;
#1948 = EDGE_CURVE ( 'NONE', #516, #3026, #674, .T. ) ;
#1949 = VERTEX_POINT ( 'NONE', #6068 ) ;
#1950 = DIRECTION ( 'NONE',  ( -0.8090169943751908121, 0.000000000000000000, 0.5877852522921382938 ) ) ;
#1951 = AXIS2_PLACEMENT_3D ( 'NONE', #5895, #5391, #1071 ) ;
#1952 = UNCERTAINTY_MEASURE_WITH_UNIT (LENGTH_MEASURE( 1.000000000000000082E-05 ), #2693, 'distance_accuracy_value', 'NONE');
#1953 = CYLINDRICAL_SURFACE ( 'NONE', #4596, 0.9999999999999995559 ) ;
#1954 = DIRECTION ( 'NONE',  ( 0.3090169943750403769, -4.336808689942019708E-16, -0.9510565162951234441 ) ) ;
#1955 = AXIS2_PLACEMENT_3D ( 'NONE', #3864, #1599, #1954 ) ;
#1956 = DIRECTION ( 'NONE',  ( -6.677809677911960712E-16, -1.000000000000000000, -8.981892944707908975E-17 ) ) ;
#1957 = CARTESIAN_POINT ( 'NONE',  ( -5.264412095235000422, 3.500000000000000000, 3.131282434201999809 ) ) ;
#1958 = CARTESIAN_POINT ( 'NONE',  ( 1.810227979409000154, 7.735888872324998999, 7.278275942061000592 ) ) ;
#1959 = DIRECTION ( 'NONE',  ( 0.000000000000000000, 4.336808689942017736E-16, 1.000000000000000000 ) ) ;
#1960 = AXIS2_PLACEMENT_3D ( 'NONE', #2806, #2371, #2836 ) ;
#1961 = FACE_OUTER_BOUND ( 'NONE', #1297, .T. ) ;
#1962 = CARTESIAN_POINT ( 'NONE',  ( -7.424756705090000075, 9.067240544560998927, 1.062009563845000004 ) ) ;
#1963 = CARTESIAN_POINT ( 'NONE',  ( 5.960829065173999908, -3.500000000000000000, -0.3513254827150000259 ) ) ;
#1964 = LINE ( 'NONE', #5801, #712 ) ;
#1965 = ORIENTED_EDGE ( 'NONE', *, *, #4758, .T. ) ;
#1966 = ORIENTED_EDGE ( 'NONE', *, *, #3156, .F. ) ;
#1967 = DIRECTION ( 'NONE',  ( -3.330669073875000249E-16, 1.110223024624999878E-16, 1.000000000000000000 ) ) ;
#1968 = CARTESIAN_POINT ( 'NONE',  ( -1.620587715284999897, 7.726992964365999583, 1.903831267180999820 ) ) ;
#1969 = ORIENTED_EDGE ( 'NONE', *, *, #4330, .T. ) ;
#1970 = CARTESIAN_POINT ( 'NONE',  ( -2.083998275786999699, 3.500000000000000000, 5.745947752783999718 ) ) ;
#1971 = ORIENTED_EDGE ( 'NONE', *, *, #6137, .F. ) ;
#1972 = CIRCLE ( 'NONE', #3873, 6.112198000000001130 ) ;
#1973 = ADVANCED_FACE ( 'NONE', ( #2593 ), #698, .T. ) ;
#1974 = DIRECTION ( 'NONE',  ( 0.9510565162951243323, 0.000000000000000000, -0.3090169943750375459 ) ) ;
#1975 = ORIENTED_EDGE ( 'NONE', *, *, #2860, .T. ) ;
#1976 = ORIENTED_EDGE ( 'NONE', *, *, #828, .T. ) ;
#1977 = FACE_OUTER_BOUND ( 'NONE', #1631, .T. ) ;
#1978 = ORIENTED_EDGE ( 'NONE', *, *, #232, .F. ) ;
#1979 = CARTESIAN_POINT ( 'NONE',  ( -2.217113607321000046, 8.580801119380000230, -1.160101905696000024 ) ) ;
#1980 = DIRECTION ( 'NONE',  ( -2.032009205199439769E-16, -1.000000000000000000, 7.591712514570610385E-16 ) ) ;
#1981 = EDGE_CURVE ( 'NONE', #4587, #1718, #3728, .T. ) ;
#1982 = FACE_OUTER_BOUND ( 'NONE', #2154, .T. ) ;
#1983 = LINE ( 'NONE', #3898, #111 ) ;
#1984 = DIRECTION ( 'NONE',  ( 0.8090169943751905901, -7.814069711607236881E-16, -0.5877852522921384049 ) ) ;
#1985 = CARTESIAN_POINT ( 'NONE',  ( 1.824656580445999987, 7.400000000000000355, 7.274656580445999943 ) ) ;
#1986 = VECTOR ( 'NONE', #5422, 1000.000000000000000 ) ;
#1987 = AXIS2_PLACEMENT_3D ( 'NONE', #215, #1254, #1638 ) ;
#1988 = ADVANCED_BREP_SHAPE_REPRESENTATION ( '', ( #5373, #5908 ), #3082 ) ;
#1989 = LINE ( 'NONE', #2082, #4483 ) ;
#1990 = DIRECTION ( 'NONE',  ( 1.952443666665499853E-16, -1.000000000000000000, 1.005085555526131905E-15 ) ) ;
#1991 = DIRECTION ( 'NONE',  ( -2.032009205199439769E-16, -1.000000000000000000, 7.591712514570610385E-16 ) ) ;
#1992 = VECTOR ( 'NONE', #929, 1000.000000000000000 ) ;
#1993 = DIRECTION ( 'NONE',  ( 0.8090169943751908121, 0.000000000000000000, 0.5877852522921382938 ) ) ;
#1994 = DIRECTION ( 'NONE',  ( 0.3090169943750403769, -4.336808689942019708E-16, -0.9510565162951234441 ) ) ;
#1995 = EDGE_LOOP ( 'NONE', ( #2186, #3314, #5337, #2929 ) ) ;
#1996 = VECTOR ( 'NONE', #1149, 1000.000000000000114 ) ;
#1997 = CARTESIAN_POINT ( 'NONE',  ( -1.409983241274000003E-15, -4.500000000000000000, 5.584421813865000144E-15 ) ) ;
#1998 = LINE ( 'NONE', #1522, #4054 ) ;
#1999 = DIRECTION ( 'NONE',  ( -0.9510565162951234441, 1.419066820133123663E-16, 0.3090169943750400994 ) ) ;
#2000 = ORIENTED_EDGE ( 'NONE', *, *, #490, .F. ) ;
#2001 = FACE_OUTER_BOUND ( 'NONE', #4323, .T. ) ;
#2002 = ADVANCED_FACE ( 'NONE', ( #3189 ), #3159, .F. ) ;
#2003 = ORIENTED_EDGE ( 'NONE', *, *, #3591, .T. ) ;
#2004 = DIRECTION ( 'NONE',  ( -8.881784197000999888E-16, -1.000000000000000000, -4.440892098500999885E-16 ) ) ;
#2005 = ORIENTED_EDGE ( 'NONE', *, *, #349, .T. ) ;
#2006 = CYLINDRICAL_SURFACE ( 'NONE', #4643, 0.1499999999999998834 ) ;
#2007 = ORIENTED_EDGE ( 'NONE', *, *, #4153, .T. ) ;
#2008 = DIRECTION ( 'NONE',  ( 4.433606796715630336E-16, -1.000000000000000000, -4.358960100788315325E-16 ) ) ;
#2009 = ADVANCED_FACE ( 'NONE', ( #2679 ), #287, .F. ) ;
#2010 = CARTESIAN_POINT ( 'NONE',  ( -0.2394854812280000078, 5.363929944615000167, 7.497009685293999581 ) ) ;
#2011 = DIRECTION ( 'NONE',  ( 0.5877852522921382938, 0.000000000000000000, -0.8090169943751908121 ) ) ;
#2012 = DIRECTION ( 'NONE',  ( -9.705107454703460192E-16, -1.000000000000000000, -7.516940583779200002E-16 ) ) ;
#2013 = LINE ( 'NONE', #2917, #5840 ) ;
#2014 = CARTESIAN_POINT ( 'NONE',  ( 5.873512833102999764, -3.500000000000000000, -1.691393328169000121 ) ) ;
#2015 = DIRECTION ( 'NONE',  ( -6.688593873983306183E-16, 0.7071067811868650965, 0.7071067811862300490 ) ) ;
#2016 = DIRECTION ( 'NONE',  ( 1.000000000000000000, 0.000000000000000000, 0.000000000000000000 ) ) ;
#2017 = DIRECTION ( 'NONE',  ( -0.8090169943751910342, -4.336808689942016750E-16, -0.5877852522921379608 ) ) ;
#2018 = CARTESIAN_POINT ( 'NONE',  ( -2.915587852925207174E-15, 5.350000000000000533, 7.500000000000000000 ) ) ;
#2019 = LINE ( 'NONE', #3937, #3332 ) ;
#2020 = VERTEX_POINT ( 'NONE', #792 ) ;
#2021 = CIRCLE ( 'NONE', #5541, 1.000000000000000222 ) ;
#2022 = CIRCLE ( 'NONE', #3117, 0.1499999999999998834 ) ;
#2023 = DIRECTION ( 'NONE',  ( 0.3090169943750403769, 0.000000000000000000, 0.9510565162951234441 ) ) ;
#2024 = CIRCLE ( 'NONE', #5646, 0.9999999999999995559 ) ;
#2025 = VECTOR ( 'NONE', #4024, 1000.000000000000000 ) ;
#2026 = CARTESIAN_POINT ( 'NONE',  ( -7.296219834274999094, 8.068206161163999468, -1.737932042217000150 ) ) ;
#2027 = LINE ( 'NONE', #3437, #3337 ) ;
#2028 = ORIENTED_EDGE ( 'NONE', *, *, #5029, .T. ) ;
#2029 = AXIS2_PLACEMENT_3D ( 'NONE', #1810, #5743, #4646 ) ;
#2030 = AXIS2_PLACEMENT_3D ( 'NONE', #1763, #3663, #1790 ) ;
#2031 = DIRECTION ( 'NONE',  ( 2.199496035544554905E-17, -1.000000000000000000, 2.859514670765540345E-16 ) ) ;
#2032 = EDGE_CURVE ( 'NONE', #917, #5983, #2710, .T. ) ;
#2033 = ORIENTED_EDGE ( 'NONE', *, *, #4625, .F. ) ;
#2034 = VECTOR ( 'NONE', #3930, 1000.000000000000000 ) ;
#2035 = EDGE_LOOP ( 'NONE', ( #586, #5283, #4066, #269 ) ) ;
#2036 = DIRECTION ( 'NONE',  ( 1.000000000000000000, 0.000000000000000000, 0.000000000000000000 ) ) ;
#2037 = ORIENTED_EDGE ( 'NONE', *, *, #1694, .F. ) ;
#2038 = CARTESIAN_POINT ( 'NONE',  ( -2.131438036170000050, -3.500000000000000000, 5.282052382155000281 ) ) ;
#2039 = FACE_OUTER_BOUND ( 'NONE', #1279, .T. ) ;
#2040 = AXIS2_PLACEMENT_3D ( 'NONE', #1436, #3321, #935 ) ;
#2041 = CONTEXT_DEPENDENT_SHAPE_REPRESENTATION ( #2773, #4742 ) ;
#2042 = CARTESIAN_POINT ( 'NONE',  ( -2.664535259099999805E-15, 7.400000000000000355, 7.100000000000000533 ) ) ;
#2043 = FACE_OUTER_BOUND ( 'NONE', #2566, .T. ) ;
#2044 = DIRECTION ( 'NONE',  ( -3.361755112286175223E-16, -1.000000000000000000, 3.427015591639660434E-16 ) ) ;
#2045 = LINE ( 'NONE', #2014, #1422 ) ;
#2046 = VECTOR ( 'NONE', #2269, 1000.000000000000000 ) ;
#2047 = CARTESIAN_POINT ( 'NONE',  ( 3.659361984642999666, -3.500000000000000000, -4.364879761826999882 ) ) ;
#2048 = LINE ( 'NONE', #1069, #369 ) ;
#2049 = CIRCLE ( 'NONE', #1441, 2.500000000000000000 ) ;
#2050 = EDGE_CURVE ( 'NONE', #6212, #5372, #526, .T. ) ;
#2051 = DIRECTION ( 'NONE',  ( -9.623875507864408450E-17, -1.000000000000000000, 4.364530971015194927E-16 ) ) ;
#2052 = DIRECTION ( 'NONE',  ( 0.7071067811862306041, 0.000000000000000000, 0.7071067811868645414 ) ) ;
#2053 = DIRECTION ( 'NONE',  ( 5.551115123126000625E-16, -5.676267280532492680E-16, -1.000000000000000000 ) ) ;
#2054 = EDGE_LOOP ( 'NONE', ( #352, #1553, #825, #5632 ) ) ;
#2055 = AXIS2_PLACEMENT_3D ( 'NONE', #5507, #1663, #1761 ) ;
#2056 = SHAPE_REPRESENTATION ( 'GT2_Pully_20T_6mm', ( #5095, #764 ), #4595 ) ;
#2057 = DIRECTION ( 'NONE',  ( 0.000000000000000000, 0.000000000000000000, 1.000000000000000000 ) ) ;
#2058 = EDGE_CURVE ( 'NONE', #3940, #2745, #3021, .T. ) ;
#2059 = CARTESIAN_POINT ( 'NONE',  ( 0.000000000000000000, 0.000000000000000000, 0.000000000000000000 ) ) ;
#2060 = CIRCLE ( 'NONE', #4873, 1.600000000000000089 ) ;
#2061 = CARTESIAN_POINT ( 'NONE',  ( -7.469401136223999593, 9.302804350600000660, -0.6797460571250001360 ) ) ;
#2062 = ORIENTED_EDGE ( 'NONE', *, *, #5054, .T. ) ;
#2063 = CARTESIAN_POINT ( 'NONE',  ( 1.507867092026000000, -3.500000000000000000, 5.777650869670999612 ) ) ;
#2064 = ORIENTED_EDGE ( 'NONE', *, *, #4758, .F. ) ;
#2065 = EDGE_CURVE ( 'NONE', #1883, #2597, #4444, .T. ) ;
#2066 = AXIS2_PLACEMENT_3D ( 'NONE', #3465, #129, #66 ) ;
#2067 = DIRECTION ( 'NONE',  ( -2.616826822693999873E-16, 1.000000000000000000, -8.326672684689000444E-16 ) ) ;
#2068 = ORIENTED_EDGE ( 'NONE', *, *, #4555, .F. ) ;
#2069 = EDGE_LOOP ( 'NONE', ( #3665, #1635, #458, #4673 ) ) ;
#2070 = DIRECTION ( 'NONE',  ( -4.440892098500999885E-16, -1.000000000000000000, 5.551115123126000625E-16 ) ) ;
#2071 = ORIENTED_EDGE ( 'NONE', *, *, #3894, .T. ) ;
#2072 = CYLINDRICAL_SURFACE ( 'NONE', #5765, 0.1499999999999997724 ) ;
#2073 = EDGE_CURVE ( 'NONE', #1883, #334, #4176, .T. ) ;
#2074 = LINE ( 'NONE', #4811, #4602 ) ;
#2075 = VERTEX_POINT ( 'NONE', #865 ) ;
#2076 = DIRECTION ( 'NONE',  ( -5.851721321710000488E-16, -1.000000000000000000, 1.540942540396989897E-16 ) ) ;
#2077 = CARTESIAN_POINT ( 'NONE',  ( -5.729370427217999939, -3.500000000000000000, 1.649884692613999837 ) ) ;
#2078 = DIRECTION ( 'NONE',  ( -8.881144413637390876E-16, -1.000000000000000000, -2.778844884289169681E-16 ) ) ;
#2079 = EDGE_LOOP ( 'NONE', ( #4088, #3411, #3184, #4120 ) ) ;
#2080 = DIRECTION ( 'NONE',  ( 2.901217823758254970E-16, -1.000000000000000000, 7.770832213369319878E-16 ) ) ;
#2081 = EDGE_CURVE ( 'NONE', #4328, #5436, #2809, .T. ) ;
#2082 = CARTESIAN_POINT ( 'NONE',  ( -7.771561172369993944E-16, 11.00000000000000178, 2.499999999999986677 ) ) ;
#2083 = CARTESIAN_POINT ( 'NONE',  ( 0.000000000000000000, 0.000000000000000000, -5.000000000000000000 ) ) ;
#2084 = CARTESIAN_POINT ( 'NONE',  ( -3.219459129871999892, 3.500000000000000000, -5.028915951783999638 ) ) ;
#2085 = CARTESIAN_POINT ( 'NONE',  ( 1.351233760588000044, -3.500000000000000000, 5.974372913993000189 ) ) ;
#2086 = CARTESIAN_POINT ( 'NONE',  ( -1.507867092026000000, 3.500000000000000000, -5.777650869670999612 ) ) ;
#2087 = CIRCLE ( 'NONE', #3991, 7.299999999999999822 ) ;
#2088 = AXIS2_PLACEMENT_3D ( 'NONE', #6182, #1349, #804 ) ;
#2089 = EDGE_LOOP ( 'NONE', ( #1971, #4182 ) ) ;
#2090 = DIRECTION ( 'NONE',  ( -1.151671350877999811E-15, 8.095376221225100103E-16, 1.000000000000000000 ) ) ;
#2091 = CIRCLE ( 'NONE', #6120, 0.1499999999999999944 ) ;
#2092 = CARTESIAN_POINT ( 'NONE',  ( -2.445586134501999798, 5.833556365867999638, -0.5267161568179999920 ) ) ;
#2093 = CARTESIAN_POINT ( 'NONE',  ( -7.361056524807000123, 8.662138952357000932, -1.437900272982000072 ) ) ;
#2094 = ORIENTED_EDGE ( 'NONE', *, *, #2969, .T. ) ;
#2095 = ADVANCED_FACE ( 'NONE', ( #1783 ), #5277, .T. ) ;
#2096 = CARTESIAN_POINT ( 'NONE',  ( -0.8145616787631366762, -0.5891377864829135946, -0.1544840639493018919 ) ) ;
#2097 = ORIENTED_EDGE ( 'NONE', *, *, #3178, .T. ) ;
#2098 = ORIENTED_EDGE ( 'NONE', *, *, #3157, .T. ) ;
#2099 = DIRECTION ( 'NONE',  ( -3.793385312392629599E-17, -1.000000000000000000, 5.213638939032400218E-16 ) ) ;
#2100 = ORIENTED_EDGE ( 'NONE', *, *, #2807, .T. ) ;
#2101 = CARTESIAN_POINT ( 'NONE',  ( 0.5773502691900000983, -1.000000000000000000, -2.024834468762999773 ) ) ;
#2103 = ORIENTED_EDGE ( 'NONE', *, *, #2142, .T. ) ;
#2102 = ADVANCED_FACE ( 'NONE', ( #894 ), #4226, .T. ) ;
#2104 = CARTESIAN_POINT ( 'NONE',  ( -4.039133941280000251, -3.500000000000000000, 4.604819366229000011 ) ) ;
#2105 = CARTESIAN_POINT ( 'NONE',  ( -3.339606417124999727, -3.500000000000000000, 4.939112670297999941 ) ) ;
#2106 = DIRECTION ( 'NONE',  ( -1.824065275806999765E-16, 1.000000000000000000, -1.665334536937999819E-16 ) ) ;
#2107 = ORIENTED_EDGE ( 'NONE', *, *, #1092, .F. ) ;
#2108 = FACE_OUTER_BOUND ( 'NONE', #5345, .T. ) ;
#2109 = DIRECTION ( 'NONE',  ( 5.834569784931309842E-16, -1.000000000000000000, 4.814160569353050253E-16 ) ) ;
#2110 = DIRECTION ( 'NONE',  ( 0.000000000000000000, 0.000000000000000000, 1.000000000000000000 ) ) ;
#2111 = CARTESIAN_POINT ( 'NONE',  ( 4.039133941280000251, 3.500000000000000000, -4.604819366229000011 ) ) ;
#2112 = DIRECTION ( 'NONE',  ( 4.990925003266860698E-16, -1.000000000000000000, 8.429208219132549697E-16 ) ) ;
#2113 = CARTESIAN_POINT ( 'NONE',  ( 5.264412095235000422, 3.500000000000000000, 3.131282434201999809 ) ) ;
#2114 = VERTEX_POINT ( 'NONE', #1367 ) ;
#2115 = CARTESIAN_POINT ( 'NONE',  ( 5.560519780239999932, -3.500000000000000000, 2.176127871379999856 ) ) ;
#2116 = EDGE_CURVE ( 'NONE', #47, #4393, #5046, .T. ) ;
#2117 = CARTESIAN_POINT ( 'NONE',  ( 5.729370427217999939, -3.500000000000000000, -1.649884692613999837 ) ) ;
#2118 = VECTOR ( 'NONE', #2459, 1000.000000000000000 ) ;
#2119 = ORIENTED_EDGE ( 'NONE', *, *, #1237, .F. ) ;
#2120 = EDGE_CURVE ( 'NONE', #2237, #5139, #2223, .T. ) ;
#2121 = PLANE ( 'NONE',  #3900 ) ;
#2122 = AXIS2_PLACEMENT_3D ( 'NONE', #591, #5824, #4432 ) ;
#2123 = EDGE_CURVE ( 'NONE', #3404, #2348, #6055, .T. ) ;
#2124 = ORIENTED_EDGE ( 'NONE', *, *, #5676, .F. ) ;
#2125 = VERTEX_POINT ( 'NONE', #1903 ) ;
#2126 = CARTESIAN_POINT ( 'NONE',  ( -0.1994795459948752736, -1.000000000000000000, -0.1551267130574294217 ) ) ;
#2127 = VERTEX_POINT ( 'NONE', #5150 ) ;
#2128 = AXIS2_PLACEMENT_3D ( 'NONE', #6167, #3348, #420 ) ;
#2129 = VECTOR ( 'NONE', #5601, 1000.000000000000000 ) ;
#2130 = CARTESIAN_POINT ( 'NONE',  ( -5.063373370888999858, -3.500000000000000000, 3.423625928481999647 ) ) ;
#2131 = AXIS2_PLACEMENT_3D ( 'NONE', #4801, #1673, #2874 ) ;
#2132 = EDGE_CURVE ( 'NONE', #5430, #692, #1223, .T. ) ;
#2133 = AXIS2_PLACEMENT_3D ( 'NONE', #2796, #5326, #3771 ) ;
#2134 = ORIENTED_EDGE ( 'NONE', *, *, #1693, .T. ) ;
#2135 = DIRECTION ( 'NONE',  ( -8.881784197000999888E-16, -1.000000000000000000, -4.440892098500999885E-16 ) ) ;
#2136 = DIRECTION ( 'NONE',  ( 1.000000000000000000, 0.000000000000000000, 0.000000000000000000 ) ) ;
#2137 = DIRECTION ( 'NONE',  ( -2.220446049250000002E-16, 1.000000000000000000, -6.661338147751000379E-16 ) ) ;
#2138 = APPLICATION_CONTEXT ( 'automotive_design' ) ;
#2139 = VERTEX_POINT ( 'NONE', #2249 ) ;
#2140 = LINE ( 'NONE', #5094, #4855 ) ;
#2141 = CIRCLE ( 'NONE', #4348, 0.5550000000000001599 ) ;
#2142 = EDGE_CURVE ( 'NONE', #2288, #3185, #2427, .T. ) ;
#2143 = CARTESIAN_POINT ( 'NONE',  ( -2.664535259099999805E-15, 9.050000000000000711, 7.100000000000000533 ) ) ;
#2144 =( LENGTH_UNIT ( ) NAMED_UNIT ( * ) SI_UNIT ( .MILLI., .METRE. ) );
#2145 = DIRECTION ( 'NONE',  ( -9.623875507864408450E-17, -1.000000000000000000, 4.364530971015194927E-16 ) ) ;
#2146 = CIRCLE ( 'NONE', #3744, 0.1499999999999998834 ) ;
#2147 = CARTESIAN_POINT ( 'NONE',  ( -2.368382692705999659, 5.956975192365999483, 0.8025674509989999539 ) ) ;
#2148 = CARTESIAN_POINT ( 'NONE',  ( 1.647874153444999878, 7.508108781035000234, 1.880031405792000010 ) ) ;
#2149 = ORIENTED_EDGE ( 'NONE', *, *, #4303, .T. ) ;
#2150 = CARTESIAN_POINT ( 'NONE',  ( -5.028915951783999638, -3.500000000000000000, -3.219459129871999892 ) ) ;
#2151 = DIRECTION ( 'NONE',  ( 0.000000000000000000, 0.000000000000000000, 1.000000000000000000 ) ) ;
#2152 = CARTESIAN_POINT ( 'NONE',  ( -7.326872125367000166, 8.389084591980999761, -1.604891679023999984 ) ) ;
#2153 = AXIS2_PLACEMENT_3D ( 'NONE', #2947, #3038, #650 ) ;
#2154 = EDGE_LOOP ( 'NONE', ( #2840, #253, #1151, #2475 ) ) ;
#2155 = VERTEX_POINT ( 'NONE', #393 ) ;
#2156 = CARTESIAN_POINT ( 'NONE',  ( -0.6685876786081279555, -0.8419721713353288672, -0.08346446563730901269 ) ) ;
#2157 = CIRCLE ( 'NONE', #1762, 0.1499999999999998834 ) ;
#2158 = ORIENTED_EDGE ( 'NONE', *, *, #5968, .F. ) ;
#2159 = ORIENTED_EDGE ( 'NONE', *, *, #1910, .T. ) ;
#2160 = DIRECTION ( 'NONE',  ( 0.9510565162951234441, -1.301042606982605912E-15, 0.3090169943750403769 ) ) ;
#2161 = ORIENTED_EDGE ( 'NONE', *, *, #4174, .F. ) ;
#2162 = CIRCLE ( 'NONE', #2464, 0.5550000000000002709 ) ;
#2163 = ORIENTED_EDGE ( 'NONE', *, *, #4535, .F. ) ;
#2164 = CARTESIAN_POINT ( 'NONE',  ( -2.686351677078000044, -3.500000000000000000, 5.272262022913999147 ) ) ;
#2165 = DIRECTION ( 'NONE',  ( -0.9510565162951225560, 0.000000000000000000, -0.3090169943750425974 ) ) ;
#2166 = CARTESIAN_POINT ( 'NONE',  ( 3.530509218308000244E-15, 11.00000000000000000, -1.356692536091999857E-14 ) ) ;
#2167 = ORIENTED_EDGE ( 'NONE', *, *, #4179, .T. ) ;
#2168 = FACE_OUTER_BOUND ( 'NONE', #1180, .T. ) ;
#2169 = EDGE_CURVE ( 'NONE', #4937, #5334, #5650, .T. ) ;
#2170 = ADVANCED_FACE ( 'NONE', ( #4259 ), #6204, .F. ) ;
#2171 = DIRECTION ( 'NONE',  ( -7.279688241337999493E-16, 1.000000000000000000, -8.881784197000999888E-16 ) ) ;
#2172 = CARTESIAN_POINT ( 'NONE',  ( -3.423625928481999647, -3.500000000000000000, 5.063373370888999858 ) ) ;
#2173 = FACE_OUTER_BOUND ( 'NONE', #2069, .T. ) ;
#2174 = DIRECTION ( 'NONE',  ( -1.723066134217999934E-15, 6.938893903907228378E-16, 1.000000000000000000 ) ) ;
#2175 = LINE ( 'NONE', #6087, #5257 ) ;
#2176 = ORIENTED_EDGE ( 'NONE', *, *, #94, .T. ) ;
#2177 = DIRECTION ( 'NONE',  ( 1.110223024625029953E-16, -1.000000000000000000, 3.330669073875005179E-16 ) ) ;
#2178 =( GEOMETRIC_REPRESENTATION_CONTEXT ( 3 ) GLOBAL_UNCERTAINTY_ASSIGNED_CONTEXT ( ( #3391 ) ) GLOBAL_UNIT_ASSIGNED_CONTEXT ( ( #3360, #3735, #1853 ) ) REPRESENTATION_CONTEXT ( 'NONE', 'WORKASPACE' ) );
#2179 = FACE_OUTER_BOUND ( 'NONE', #5467, .T. ) ;
#2180 = DIRECTION ( 'NONE',  ( -3.172031972967880239E-16, -1.000000000000000000, 4.582850377723630077E-16 ) ) ;
#2181 = ORIENTED_EDGE ( 'NONE', *, *, #1788, .T. ) ;
#2182 = VERTEX_POINT ( 'NONE', #5625 ) ;
#2183 = AXIS2_PLACEMENT_3D ( 'NONE', #2569, #1192, #3106 ) ;
#2184 = LINE ( 'NONE', #3618, #1286 ) ;
#2185 = ADVANCED_FACE ( 'NONE', ( #1395 ), #3313, .F. ) ;
#2186 = ORIENTED_EDGE ( 'NONE', *, *, #2509, .T. ) ;
#2187 = DIRECTION ( 'NONE',  ( -0.9510565162951225560, 0.000000000000000000, 0.3090169943750425974 ) ) ;
#2188 = ORIENTED_EDGE ( 'NONE', *, *, #3035, .F. ) ;
#2189 = EDGE_CURVE ( 'NONE', #161, #4550, #4743, .T. ) ;
#2190 = CARTESIAN_POINT ( 'NONE',  ( 0.000000000000000000, 0.000000000000000000, 0.000000000000000000 ) ) ;
#2191 = EDGE_LOOP ( 'NONE', ( #1782, #425, #644, #5433 ) ) ;
#2192 = ADVANCED_FACE ( 'NONE', ( #4770 ), #957, .F. ) ;
#2193 = CARTESIAN_POINT ( 'NONE',  ( 3.423625928481999647, -3.500000000000000000, -5.063373370888999858 ) ) ;
#2194 = EDGE_CURVE ( 'NONE', #1718, #2722, #1120, .T. ) ;
#2195 = CARTESIAN_POINT ( 'NONE',  ( 6.217248937900998900E-15, -3.500000000000000000, -8.881784197000999888E-16 ) ) ;
#2196 = CARTESIAN_POINT ( 'NONE',  ( 2.176127871379999856, 3.500000000000000000, 5.560519780239999932 ) ) ;
#2197 = EDGE_LOOP ( 'NONE', ( #5711, #4078, #2003, #71 ) ) ;
#2198 = DIRECTION ( 'NONE',  ( -6.047604644248999931E-16, 1.000000000000000000, -7.771561172376000134E-16 ) ) ;
#2199 = DIRECTION ( 'NONE',  ( 8.662187989232919806E-17, -1.000000000000000000, 1.029233346467061859E-16 ) ) ;
#2200 = DIRECTION ( 'NONE',  ( 0.000000000000000000, 0.000000000000000000, 1.000000000000000000 ) ) ;
#2201 = CARTESIAN_POINT ( 'NONE',  ( 3.219459129871999892, -3.500000000000000000, 5.028915951783999638 ) ) ;
#2202 = DIRECTION ( 'NONE',  ( 0.3090169943750403769, -4.336808689942019708E-16, -0.9510565162951234441 ) ) ;
#2203 = CARTESIAN_POINT ( 'NONE',  ( 1.628829009381999926, 7.668893044370999945, 1.896603508759999945 ) ) ;
#2204 = DIRECTION ( 'NONE',  ( 3.745133725614000318E-16, 1.000000000000000000, -7.771561172376000134E-16 ) ) ;
#2205 = ORIENTED_EDGE ( 'NONE', *, *, #5697, .F. ) ;
#2206 = CARTESIAN_POINT ( 'NONE',  ( 0.3948740821140000468, -3.500000000000000000, -5.682180913094000196 ) ) ;
#2207 = CARTESIAN_POINT ( 'NONE',  ( -4.702424197123000305, -3.500000000000000000, 3.665380152387999857 ) ) ;
#2208 = ADVANCED_FACE ( 'NONE', ( #3723 ), #6171, .F. ) ;
#2209 = DIRECTION ( 'NONE',  ( 3.330669073875000249E-16, 1.000000000000000000, -8.881784197000999888E-16 ) ) ;
#2210 = EDGE_CURVE ( 'NONE', #243, #741, #1850, .T. ) ;
#2211 = ORIENTED_EDGE ( 'NONE', *, *, #2992, .T. ) ;
#2212 = ORIENTED_EDGE ( 'NONE', *, *, #6160, .F. ) ;
#2213 = LINE ( 'NONE', #4137, #3885 ) ;
#2214 = ORIENTED_EDGE ( 'NONE', *, *, #3923, .T. ) ;
#2215 = CARTESIAN_POINT ( 'NONE',  ( 1.675742877794000142E-15, 0.000000000000000000, -2.065741454089000229 ) ) ;
#2216 = ORIENTED_EDGE ( 'NONE', *, *, #1092, .T. ) ;
#2217 = AXIS2_PLACEMENT_3D ( 'NONE', #1434, #5252, #5158 ) ;
#2218 = AXIS2_PLACEMENT_3D ( 'NONE', #2736, #1804, #2270 ) ;
#2219 = EDGE_CURVE ( 'NONE', #1204, #5116, #5051, .T. ) ;
#2220 = CARTESIAN_POINT ( 'NONE',  ( -4.939112670297999941, 3.500000000000000000, 3.339606417124999727 ) ) ;
#2221 = ORIENTED_EDGE ( 'NONE', *, *, #2800, .F. ) ;
#2222 = LINE ( 'NONE', #4148, #4767 ) ;
#2223 = CIRCLE ( 'NONE', #5851, 0.1499999999999999944 ) ;
#2224 = CARTESIAN_POINT ( 'NONE',  ( -3.757595644535999924, -3.500000000000000000, -4.820730169109999963 ) ) ;
#2225 = CARTESIAN_POINT ( 'NONE',  ( -2.131438036170000050, 3.500000000000000000, -5.282052382155000281 ) ) ;
#2226 = AXIS2_PLACEMENT_3D ( 'NONE', #3927, #3830, #85 ) ;
#2227 = ORIENTED_EDGE ( 'NONE', *, *, #391, .F. ) ;
#2228 = CARTESIAN_POINT ( 'NONE',  ( -0.5773502691900000983, -1.000000000000000000, -2.024834468762999773 ) ) ;
#2229 = ADVANCED_FACE ( 'NONE', ( #2001 ), #1051, .F. ) ;
#2230 = DIRECTION ( 'NONE',  ( 7.771561172376000134E-16, 1.000000000000000000, -7.771561172376009994E-16 ) ) ;
#2231 = CIRCLE ( 'NONE', #6059, 0.5550000000000002709 ) ;
#2232 = CARTESIAN_POINT ( 'NONE',  ( -1.676300878691000085, 8.238978241671000902, 7.310868761391000170 ) ) ;
#2233 = CARTESIAN_POINT ( 'NONE',  ( -2.479496745060025820, 5.781066532640965150, 0.3554275188758576065 ) ) ;
#2234 = CARTESIAN_POINT ( 'NONE',  ( 1.227698537511999977, 6.290776509382000725, 2.179741804412000050 ) ) ;
#2235 = DIRECTION ( 'NONE',  ( 2.199496035544559835E-17, -1.000000000000000000, 2.859514670765540345E-16 ) ) ;
#2236 = VECTOR ( 'NONE', #335, 1000.000000000000114 ) ;
#2237 = VERTEX_POINT ( 'NONE', #3883 ) ;
#2238 = CARTESIAN_POINT ( 'NONE',  ( -1.009192729384390105E-14, -3.699999999999994404, 7.500000000000005329 ) ) ;
#2239 = AXIS2_PLACEMENT_3D ( 'NONE', #131, #4417, #97 ) ;
#2240 = CARTESIAN_POINT ( 'NONE',  ( -7.499000056615000354, 5.354658482237999451, 0.1603832664479999948 ) ) ;
#2241 = DIRECTION ( 'NONE',  ( -0.3090169943750425974, 0.000000000000000000, 0.9510565162951225560 ) ) ;
#2242 = VERTEX_POINT ( 'NONE', #547 ) ;
#2243 = ORIENTED_EDGE ( 'NONE', *, *, #2878, .T. ) ;
#2244 = AXIS2_PLACEMENT_3D ( 'NONE', #2476, #1061, #82 ) ;
#2245 = EDGE_CURVE ( 'NONE', #42, #1876, #5873, .T. ) ;
#2246 = DIRECTION ( 'NONE',  ( -0.9510565162951234441, 0.000000000000000000, -0.3090169943750403769 ) ) ;
#2247 = VECTOR ( 'NONE', #3173, 1000.000000000000000 ) ;
#2248 = VERTEX_POINT ( 'NONE', #5311 ) ;
#2249 = CARTESIAN_POINT ( 'NONE',  ( -7.274656580445999943, 7.400000000000000355, -1.824656580445999987 ) ) ;
#2250 = ORIENTED_EDGE ( 'NONE', *, *, #5216, .T. ) ;
#2251 = CARTESIAN_POINT ( 'NONE',  ( 5.218048215738000265E-16, -4.700000000000000178, 7.827072323607000200E-15 ) ) ;
#2252 = ORIENTED_EDGE ( 'NONE', *, *, #2142, .F. ) ;
#2253 = CARTESIAN_POINT ( 'NONE',  ( -1.159589818414999973, 6.218625505570000378, 2.217407568875000123 ) ) ;
#2254 = AXIS2_PLACEMENT_3D ( 'NONE', #5110, #1746, #3646 ) ;
#2255 = DIRECTION ( 'NONE',  ( 3.575645864350999979E-16, 1.000000000000000000, -6.106226635438000068E-16 ) ) ;
#2256 = DIRECTION ( 'NONE',  ( -2.648222613641796476E-16, 0.7071067811868650965, 0.7071067811862300490 ) ) ;
#2257 = EDGE_LOOP ( 'NONE', ( #5816, #5769, #386, #443 ) ) ;
#2258 = DIRECTION ( 'NONE',  ( 1.606712545748999927E-16, 1.000000000000000000, -1.110223024624999878E-16 ) ) ;
#2259 = DIRECTION ( 'NONE',  ( 1.000000000000000000, -8.673617379884035472E-16, 0.000000000000000000 ) ) ;
#2260 = AXIS2_PLACEMENT_3D ( 'NONE', #861, #3782, #919 ) ;
#2261 = CARTESIAN_POINT ( 'NONE',  ( 0.5773502691897800521, -0.9999999999996209699, 0.000000000000000000 ) ) ;
#2262 = CARTESIAN_POINT ( 'NONE',  ( 5.560519780239999932, 3.500000000000000000, -2.176127871379999856 ) ) ;
#2263 = CARTESIAN_POINT ( 'NONE',  ( -2.142858533576000202, 8.434053347869999939, 1.289401564929000044 ) ) ;
#2264 = CARTESIAN_POINT ( 'NONE',  ( 1.483660303269000114, 8.131415155085999658, 2.013176704716000298 ) ) ;
#2265 = VECTOR ( 'NONE', #1802, 1000.000000000000000 ) ;
#2266 = DIRECTION ( 'NONE',  ( 7.771561172376000134E-16, 1.000000000000000000, -7.771561172375990273E-16 ) ) ;
#2267 = VERTEX_POINT ( 'NONE', #1970 ) ;
#2268 = CARTESIAN_POINT ( 'NONE',  ( 5.777650869670999612, -3.500000000000000000, 1.507867092026000000 ) ) ;
#2269 = DIRECTION ( 'NONE',  ( 3.330669073875000249E-16, -1.110223024624999878E-16, -1.000000000000000000 ) ) ;
#2270 = DIRECTION ( 'NONE',  ( -0.3090169943750425974, 0.000000000000000000, 0.9510565162951225560 ) ) ;
#2271 = DIRECTION ( 'NONE',  ( 7.771561172376000134E-16, 1.000000000000000000, -7.771561172375990273E-16 ) ) ;
#2273 = ADVANCED_FACE ( 'NONE', ( #3850 ), #3433, .T. ) ;
#2272 = ORIENTED_EDGE ( 'NONE', *, *, #968, .T. ) ;
#2274 = ORIENTED_EDGE ( 'NONE', *, *, #5749, .F. ) ;
#2275 = AXIS2_PLACEMENT_3D ( 'NONE', #3399, #6100, #5180 ) ;
#2276 = CARTESIAN_POINT ( 'NONE',  ( -4.184090831422999202, -3.500000000000000000, 4.184090831422999202 ) ) ;
#2277 = EDGE_CURVE ( 'NONE', #893, #295, #2027, .T. ) ;
#2278 = VERTEX_POINT ( 'NONE', #1498 ) ;
#2279 = DIRECTION ( 'NONE',  ( 0.8660254037843290176, 0.5000000000001900702, 0.000000000000000000 ) ) ;
#2280 = VECTOR ( 'NONE', #2819, 1000.000000000000000 ) ;
#2281 = ADVANCED_FACE ( 'NONE', ( #3977 ), #3944, .T. ) ;
#2282 = ORIENTED_EDGE ( 'NONE', *, *, #5106, .F. ) ;
#2283 = CARTESIAN_POINT ( 'NONE',  ( -1.250000000000000000, 2.002297516605792459E-16, -5.000000000000000000 ) ) ;
#2284 = CIRCLE ( 'NONE', #73, 0.9999999999999995559 ) ;
#2285 = ORIENTED_EDGE ( 'NONE', *, *, #4178, .F. ) ;
#2286 = CARTESIAN_POINT ( 'NONE',  ( 0.2400074242319999995, 5.363991070416999740, 7.496996563598000485 ) ) ;
#2287 = CARTESIAN_POINT ( 'NONE',  ( 1.109590569335766164, -0.07813275831229007928, -0.04510996904323086309 ) ) ;
#2288 = VERTEX_POINT ( 'NONE', #1082 ) ;
#2289 = LINE ( 'NONE', #5223, #4049 ) ;
#2290 = CIRCLE ( 'NONE', #362, 0.9999999999999995559 ) ;
#2291 = CARTESIAN_POINT ( 'NONE',  ( -1.432857301549000040, 6.130857824828000346, 7.362031855989999762 ) ) ;
#2292 = APPLICATION_PROTOCOL_DEFINITION ( 'draft international standard', 'automotive_design', 1998, #3736 ) ;
#2293 = CARTESIAN_POINT ( 'NONE',  ( 3.423625928481999647, -3.500000000000000000, 5.063373370888999858 ) ) ;
#2294 = CARTESIAN_POINT ( 'NONE',  ( 2.032854686956000023, -3.500000000000000000, -5.604935932989999259 ) ) ;
#2295 = CARTESIAN_POINT ( 'NONE',  ( 0.8817326548920000340, 8.795322453881000868, 2.339667909469999696 ) ) ;
#2296 = DIRECTION ( 'NONE',  ( 0.8090169943751910342, -4.336808689942016750E-16, -0.5877852522921379608 ) ) ;
#2297 = CARTESIAN_POINT ( 'NONE',  ( 5.773159728051000181E-15, -3.500000000000000000, 3.330669073874999855E-15 ) ) ;
#2298 = ADVANCED_FACE ( 'NONE', ( #1461 ), #2468, .T. ) ;
#2299 = CARTESIAN_POINT ( 'NONE',  ( -7.291204137461000379, 6.836406819633999987, 1.757747052532000032 ) ) ;
#2300 = VERTEX_POINT ( 'NONE', #101 ) ;
#2301 = CARTESIAN_POINT ( 'NONE',  ( 0.2064046357350000083, -3.500000000000000000, -6.108711936043000001 ) ) ;
#2302 = VERTEX_POINT ( 'NONE', #4920 ) ;
#2303 = ORIENTED_EDGE ( 'NONE', *, *, #3464, .T. ) ;
#2304 = DIRECTION ( 'NONE',  ( 0.000000000000000000, 0.000000000000000000, 1.000000000000000000 ) ) ;
#2305 = ADVANCED_FACE ( 'NONE', ( #5371 ), #1527, .T. ) ;
#2306 = ORIENTED_EDGE ( 'NONE', *, *, #1576, .T. ) ;
#2307 = DIRECTION ( 'NONE',  ( -1.000000000000000000, 5.768888059151000584E-16, 0.000000000000000000 ) ) ;
#2308 = ORIENTED_EDGE ( 'NONE', *, *, #3647, .T. ) ;
#2309 = EDGE_CURVE ( 'NONE', #2155, #3347, #13, .T. ) ;
#2310 = ADVANCED_FACE ( 'NONE', ( #483 ), #2904, .T. ) ;
#2311 = CARTESIAN_POINT ( 'NONE',  ( -5.526097986177999744, -3.500000000000000000, -1.380342898347999947 ) ) ;
#2312 = EDGE_CURVE ( 'NONE', #4293, #2300, #4831, .T. ) ;
#2313 = ORIENTED_EDGE ( 'NONE', *, *, #3694, .F. ) ;
#2314 = LINE ( 'NONE', #3793, #5555 ) ;
#2315 = DIRECTION ( 'NONE',  ( -1.110223024624999878E-16, 1.000000000000000000, -1.665334536938000065E-15 ) ) ;
#2316 = ORIENTED_EDGE ( 'NONE', *, *, #431, .F. ) ;
#2317 = DIRECTION ( 'NONE',  ( 0.000000000000000000, 0.000000000000000000, 1.000000000000000000 ) ) ;
#2318 = CIRCLE ( 'NONE', #3418, 6.112198000000001130 ) ;
#2319 = AXIS2_PLACEMENT_3D ( 'NONE', #4006, #2546, #628 ) ;
#2320 = CARTESIAN_POINT ( 'NONE',  ( 1.380342898347999947, 3.500000000000000000, -5.526097986177999744 ) ) ;
#2321 = EDGE_CURVE ( 'NONE', #2125, #2832, #3127, .T. ) ;
#2322 = VECTOR ( 'NONE', #1909, 1000.000000000000000 ) ;
#2323 = AXIS2_PLACEMENT_3D ( 'NONE', #3133, #5062, #739 ) ;
#2324 = CARTESIAN_POINT ( 'NONE',  ( 5.218048215738000265E-16, -4.700000000000000178, 7.827072323607000200E-15 ) ) ;
#2325 = CARTESIAN_POINT ( 'NONE',  ( -2.179858616904999824, 8.509480125972000764, 1.227523545643000036 ) ) ;
#2326 = CARTESIAN_POINT ( 'NONE',  ( 0.1219014046649999905, 9.049999987810000590, 2.499999995977000289 ) ) ;
#2327 = CARTESIAN_POINT ( 'NONE',  ( -2.131438036170000050, 3.500000000000000000, 5.282052382155000281 ) ) ;
#2328 = ADVANCED_FACE ( 'NONE', ( #2495 ), #343, .F. ) ;
#2329 = AXIS2_PLACEMENT_3D ( 'NONE', #732, #4079, #1689 ) ;
#2330 = CIRCLE ( 'NONE', #316, 0.5550000000000000488 ) ;
#2331 = CARTESIAN_POINT ( 'NONE',  ( -7.490194114762999789, 5.395986021841999936, -0.3954864493119999991 ) ) ;
#2332 = CARTESIAN_POINT ( 'NONE',  ( -7.350932187367000381, 8.584071108795999550, 1.488230986345999929 ) ) ;
#2333 = AXIS2_PLACEMENT_3D ( 'NONE', #2360, #4245, #1007 ) ;
#2334 = ORIENTED_EDGE ( 'NONE', *, *, #6150, .T. ) ;
#2335 = DIRECTION ( 'NONE',  ( -5.851721321710000488E-16, -1.000000000000000000, 1.540942540396989897E-16 ) ) ;
#2336 = ORIENTED_EDGE ( 'NONE', *, *, #3199, .F. ) ;
#2337 = EDGE_CURVE ( 'NONE', #2674, #1153, #3027, .T. ) ;
#2338 = ORIENTED_EDGE ( 'NONE', *, *, #4909, .F. ) ;
#2339 = CARTESIAN_POINT ( 'NONE',  ( -1.691393328169000121, -3.500000000000000000, -5.873512833102999764 ) ) ;
#2340 = AXIS2_PLACEMENT_3D ( 'NONE', #4268, #5321, #489 ) ;
#2341 = COLOUR_RGB ( '',0.7921568627450980005, 0.8196078431372548767, 0.9333333333333333481 ) ;
#2342 = VERTEX_POINT ( 'NONE', #3206 ) ;
#2343 = DIRECTION ( 'NONE',  ( 7.771561172376000134E-16, 1.000000000000000000, -7.771561172375990273E-16 ) ) ;
#2344 = EDGE_CURVE ( 'NONE', #6237, #134, #5965, .T. ) ;
#2345 = ORIENTED_EDGE ( 'NONE', *, *, #473, .T. ) ;
#2346 = CARTESIAN_POINT ( 'NONE',  ( -5.560519780239999932, -3.500000000000000000, -2.176127871379999856 ) ) ;
#2347 = CIRCLE ( 'NONE', #3543, 1.000000000000000222 ) ;
#2348 = VERTEX_POINT ( 'NONE', #1773 ) ;
#2349 = CARTESIAN_POINT ( 'NONE',  ( 1.061961730021000028, 5.732748921441999990, 7.424760238372999588 ) ) ;
#2350 = DIRECTION ( 'NONE',  ( 7.771561172376000134E-16, 1.000000000000000000, -7.771561172375990273E-16 ) ) ;
#2351 = VERTEX_POINT ( 'NONE', #3240 ) ;
#2352 = FACE_OUTER_BOUND ( 'NONE', #918, .T. ) ;
#2353 = AXIS2_PLACEMENT_3D ( 'NONE', #1696, #6039, #5568 ) ;
#2354 = EDGE_CURVE ( 'NONE', #2498, #888, #3833, .T. ) ;
#2355 = CARTESIAN_POINT ( 'NONE',  ( -1.824656580445999987, 7.400000000000000355, 7.274656580445999943 ) ) ;
#2356 = CONTEXT_DEPENDENT_SHAPE_REPRESENTATION ( #5596, #4640 ) ;
#2357 = CARTESIAN_POINT ( 'NONE',  ( 3.219459129871999892, -3.500000000000000000, -5.028915951783999638 ) ) ;
#2358 = CARTESIAN_POINT ( 'NONE',  ( -1.920945291871000160, 7.804759744106000596, 1.600036175392000048 ) ) ;
#2359 = DIRECTION ( 'NONE',  ( -6.677809677911960712E-16, -1.000000000000000000, -8.981892944707918835E-17 ) ) ;
#2360 = CARTESIAN_POINT ( 'NONE',  ( 3.665380152386999768, -3.500000000000000000, -4.702424197123000305 ) ) ;
#2361 = ADVANCED_FACE ( 'NONE', ( #4664 ), #2667, .T. ) ;
#2362 = AXIS2_PLACEMENT_3D ( 'NONE', #1106, #2463, #2491 ) ;
#2363 = CARTESIAN_POINT ( 'NONE',  ( -7.496987705841000604, 5.364032325825999870, -0.2403589115730000170 ) ) ;
#2364 = PRODUCT_DEFINITION_CONTEXT ( 'detailed design', #5275, 'design' ) ;
#2365 = CARTESIAN_POINT ( 'NONE',  ( -7.337302864327999607, 6.327449921209000294, 1.553939089913999982 ) ) ;
#2366 = VECTOR ( 'NONE', #89, 1000.000000000000000 ) ;
#2367 = ORIENTED_EDGE ( 'NONE', *, *, #3451, .T. ) ;
#2368 = CARTESIAN_POINT ( 'NONE',  ( 5.272262022913999147, -3.500000000000000000, -2.686351677078000044 ) ) ;
#2369 = ORIENTED_EDGE ( 'NONE', *, *, #3070, .T. ) ;
#2370 = ORIENTED_EDGE ( 'NONE', *, *, #1468, .F. ) ;
#2371 = DIRECTION ( 'NONE',  ( -2.220446049250000002E-16, -1.000000000000000000, 3.330669073875000249E-16 ) ) ;
#2372 = CARTESIAN_POINT ( 'NONE',  ( -1.396337108640000046, 8.283518848169000748, 2.074597747981000051 ) ) ;
#2373 = ADVANCED_FACE ( 'NONE', ( #1800 ), #5040, .F. ) ;
#2374 = EDGE_LOOP ( 'NONE', ( #2381, #4107, #4421, #397 ) ) ;
#2375 = DIRECTION ( 'NONE',  ( -8.186025824115000202E-16, 1.000000000000000000, -9.992007221626000628E-16 ) ) ;
#2376 = ORIENTED_EDGE ( 'NONE', *, *, #1397, .T. ) ;
#2377 = LINE ( 'NONE', #4295, #5611 ) ;
#2378 = AXIS2_PLACEMENT_3D ( 'NONE', #4941, #2544, #1101 ) ;
#2379 = ORIENTED_EDGE ( 'NONE', *, *, #543, .T. ) ;
#2380 = DIRECTION ( 'NONE',  ( -1.717144944753999870E-15, 3.469446951953614189E-16, 1.000000000000000000 ) ) ;
#2381 = ORIENTED_EDGE ( 'NONE', *, *, #4163, .T. ) ;
#2382 = DIRECTION ( 'NONE',  ( 0.000000000000000000, 0.000000000000000000, -1.000000000000000000 ) ) ;
#2383 = AXIS2_PLACEMENT_3D ( 'NONE', #485, #1563, #3915 ) ;
#2384 = CARTESIAN_POINT ( 'NONE',  ( -1.348437482565000289, 6.018279931008000183, 7.378070076745999906 ) ) ;
#2385 = APPLICATION_PROTOCOL_DEFINITION ( 'draft international standard', 'automotive_design', 1998, #2138 ) ;
#2386 = EDGE_CURVE ( 'NONE', #1273, #1293, #2529, .T. ) ;
#2387 = DIRECTION ( 'NONE',  ( 4.930380657630999734E-32, 1.419066820133123170E-16, 1.000000000000000000 ) ) ;
#2388 = DIRECTION ( 'NONE',  ( 6.661338147751000379E-16, -1.000000000000000000, 1.110223024624999878E-16 ) ) ;
#2389 = DIRECTION ( 'NONE',  ( 1.000000000000000000, 0.000000000000000000, 0.000000000000000000 ) ) ;
#2390 = AXIS2_PLACEMENT_3D ( 'NONE', #6131, #4612, #4312 ) ;
#2391 = CARTESIAN_POINT ( 'NONE',  ( 1.303678741689999976, 8.834590821423001117, 7.386116211077999871 ) ) ;
#2392 = ADVANCED_FACE ( 'NONE', ( #2761 ), #5169, .T. ) ;
#2393 = CARTESIAN_POINT ( 'NONE',  ( -7.500000000000000000, 5.349999999999999645, -8.333476213095999569E-15 ) ) ;
#2394 = CARTESIAN_POINT ( 'NONE',  ( 5.604935932989999259, 3.500000000000000000, 2.032854686956000023 ) ) ;
#2395 = DIRECTION ( 'NONE',  ( -1.000000000000000000, 0.000000000000000000, 0.000000000000000000 ) ) ;
#2396 = VERTEX_POINT ( 'NONE', #4571 ) ;
#2397 = PLANE ( 'NONE',  #2624 ) ;
#2398 = ORIENTED_EDGE ( 'NONE', *, *, #5133, .F. ) ;
#2399 = VERTEX_POINT ( 'NONE', #2731 ) ;
#2400 = CARTESIAN_POINT ( 'NONE',  ( -3.659361984642999666, -3.500000000000000000, -4.364879761826999882 ) ) ;
#2401 = ADVANCED_FACE ( 'NONE', ( #252 ), #4648, .F. ) ;
#2402 = CARTESIAN_POINT ( 'NONE',  ( -1.903173574081000075, 7.077217832388999597, -1.621346393972999955 ) ) ;
#2403 = EDGE_CURVE ( 'NONE', #3565, #278, #2175, .T. ) ;
#2404 = CARTESIAN_POINT ( 'NONE',  ( -0.7669884413259999700, 5.937988435763000616, 2.380034860782000106 ) ) ;
#2405 = EDGE_LOOP ( 'NONE', ( #3168, #4921, #1044, #5434 ) ) ;
#2406 = CARTESIAN_POINT ( 'NONE',  ( 1.675742877794000142E-15, 0.000000000000000000, -2.065741454089000229 ) ) ;
#2407 = ORIENTED_EDGE ( 'NONE', *, *, #663, .T. ) ;
#2408 = DIRECTION ( 'NONE',  ( 1.000000000000000000, 0.000000000000000000, 0.000000000000000000 ) ) ;
#2409 = ORIENTED_EDGE ( 'NONE', *, *, #944, .T. ) ;
#2410 = ORIENTED_EDGE ( 'NONE', *, *, #5935, .T. ) ;
#2411 = DIRECTION ( 'NONE',  ( -7.940816618730620390E-16, -1.000000000000000000, 1.554369229507224864E-16 ) ) ;
#2412 = VERTEX_POINT ( 'NONE', #4629 ) ;
#2413 = CARTESIAN_POINT ( 'NONE',  ( -5.627604495026999665, 3.500000000000000000, 2.418477214851999957 ) ) ;
#2414 = CARTESIAN_POINT ( 'NONE',  ( -3.757595644535999924, -3.500000000000000000, -4.820730169109999963 ) ) ;
#2415 = CARTESIAN_POINT ( 'NONE',  ( 8.437694987150998803E-15, -3.500000000000000000, 2.220446049249999903E-15 ) ) ;
#2416 = CIRCLE ( 'NONE', #4731, 0.9999999999999995559 ) ;
#2417 = CARTESIAN_POINT ( 'NONE',  ( 3.757595644535999924, 3.500000000000000000, -4.820730169109999963 ) ) ;
#2418 = DIRECTION ( 'NONE',  ( -9.623875507864408450E-17, -1.000000000000000000, 4.364530971015194927E-16 ) ) ;
#2419 = CARTESIAN_POINT ( 'NONE',  ( 1.437900272982000072, 8.662138952357000932, 7.361056524807000123 ) ) ;
#2420 = CARTESIAN_POINT ( 'NONE',  ( -7.456455669339000281, 5.562847738677000109, -0.8080361217149999442 ) ) ;
#2421 = CIRCLE ( 'NONE', #1822, 6.112197999999997577 ) ;
#2422 = CARTESIAN_POINT ( 'NONE',  ( 2.418477214851999957, 3.500000000000000000, -5.627604495026999665 ) ) ;
#2423 = B_SPLINE_CURVE_WITH_KNOTS ( 'NONE', 3,
 ( #5865, #3936, #3906, #4885, #3874, #1551, #5830, #5896 ),
 .UNSPECIFIED., .F., .F.,
 ( 4, 2, 2, 4 ),
 ( 4.469189100184596994E-17, 0.0002981900880651308606, 0.0005963801761302170521, 0.001192760352260389218 ),
 .UNSPECIFIED. ) ;
#2424 = CARTESIAN_POINT ( 'NONE',  ( -7.288715391400999444, 7.949305022856999692, 1.768477480635000099 ) ) ;
#2425 = CARTESIAN_POINT ( 'NONE',  ( 5.777650869670999612, -3.500000000000000000, -1.507867092026000000 ) ) ;
#2426 = DIRECTION ( 'NONE',  ( -0.8660254037843290176, 0.5000000000001900702, 0.000000000000000000 ) ) ;
#2427 = CIRCLE ( 'NONE', #2128, 0.1499999999999997724 ) ;
#2428 = ORIENTED_EDGE ( 'NONE', *, *, #2853, .T. ) ;
#2429 = CIRCLE ( 'NONE', #2828, 0.1499999999999998834 ) ;
#2430 = ORIENTED_EDGE ( 'NONE', *, *, #195, .F. ) ;
#2431 = CARTESIAN_POINT ( 'NONE',  ( 5.627604495026999665, -3.500000000000000000, -2.418477214851999957 ) ) ;
#2432 = AXIS2_PLACEMENT_3D ( 'NONE', #276, #1197, #2296 ) ;
#2433 = AXIS2_PLACEMENT_3D ( 'NONE', #3958, #3454, #1984 ) ;
#2434 = DIRECTION ( 'NONE',  ( -6.661338147751000379E-16, -1.000000000000000000, 4.440892098500999885E-16 ) ) ;
#2435 = ORIENTED_EDGE ( 'NONE', *, *, #224, .F. ) ;
#2436 = CARTESIAN_POINT ( 'NONE',  ( 0.8660254037842666230, 0.4999999999995383693, -2.197709752620573997 ) ) ;
#2437 = EDGE_LOOP ( 'NONE', ( #3130, #673, #2316, #2462 ) ) ;
#2438 = CARTESIAN_POINT ( 'NONE',  ( 4.184090831422999202, -3.500000000000000000, 4.184090831422999202 ) ) ;
#2439 = AXIS2_PLACEMENT_3D ( 'NONE', #2882, #4810, #3477 ) ;
#2440 = ORIENTED_EDGE ( 'NONE', *, *, #99, .T. ) ;
#2441 = ORIENTED_EDGE ( 'NONE', *, *, #4357, .T. ) ;
#2442 = CARTESIAN_POINT ( 'NONE',  ( -3.219459129871999892, -3.500000000000000000, 5.028915951783999638 ) ) ;
#2443 = VERTEX_POINT ( 'NONE', #4099 ) ;
#2444 = CARTESIAN_POINT ( 'NONE',  ( -2.381995924089999939, 8.865213725315001625, -0.7610825166769999983 ) ) ;
#2445 = CIRCLE ( 'NONE', #5066, 0.9999999999999994449 ) ;
#2446 = UNCERTAINTY_MEASURE_WITH_UNIT (LENGTH_MEASURE( 1.000000000000000082E-05 ), #2144, 'distance_accuracy_value', 'NONE');
#2447 = CARTESIAN_POINT ( 'NONE',  ( -6.852013566617000216E-16, -3.500000000000000000, 2.497410993667000105E-15 ) ) ;
#2448 = ITEM_DEFINED_TRANSFORMATION ( 'NONE', 'NONE', #3281,  #5908 ) ;
#2449 = CARTESIAN_POINT ( 'NONE',  ( -5.627604495026999665, -3.500000000000000000, -2.418477214851999957 ) ) ;
#2450 = VECTOR ( 'NONE', #4374, 1000.000000000000000 ) ;
#2451 = CARTESIAN_POINT ( 'NONE',  ( -1.154700538379000108, 7.951538733008689519E-13, 0.000000000000000000 ) ) ;
#2452 = LINE ( 'NONE', #5825, #1819 ) ;
#2453 = DIRECTION ( 'NONE',  ( -5.406247080330000210E-16, 1.000000000000000000, -4.440892098500999885E-16 ) ) ;
#2454 = CARTESIAN_POINT ( 'NONE',  ( -5.604935932989999259, -3.500000000000000000, -2.032854686956000023 ) ) ;
#2455 = CIRCLE ( 'NONE', #3962, 0.1500000000000001332 ) ;
#2456 = CARTESIAN_POINT ( 'NONE',  ( 0.5610830881120000280, -3.500000000000000000, -6.099520486024999855 ) ) ;
#2457 = EDGE_CURVE ( 'NONE', #2399, #793, #4693, .T. ) ;
#2458 = DIRECTION ( 'NONE',  ( 0.000000000000000000, 0.000000000000000000, 1.000000000000000000 ) ) ;
#2459 = DIRECTION ( 'NONE',  ( 1.606712545748999927E-16, 1.000000000000000000, -1.110223024624999878E-16 ) ) ;
#2460 = FACE_OUTER_BOUND ( 'NONE', #1333, .T. ) ;
#2461 = CIRCLE ( 'NONE', #549, 1.000000000000000222 ) ;
#2462 = ORIENTED_EDGE ( 'NONE', *, *, #1693, .F. ) ;
#2463 = DIRECTION ( 'NONE',  ( 8.662187989232919806E-17, -1.000000000000000000, 1.029233346467061859E-16 ) ) ;
#2464 = AXIS2_PLACEMENT_3D ( 'NONE', #346, #1775, #3112 ) ;
#2465 = ADVANCED_FACE ( 'NONE', ( #3605 ), #1740, .F. ) ;
#2466 = CYLINDRICAL_SURFACE ( 'NONE', #6191, 0.1499999999999999667 ) ;
#2467 = ORIENTED_EDGE ( 'NONE', *, *, #2800, .T. ) ;
#2468 = CYLINDRICAL_SURFACE ( 'NONE', #4543, 6.112197999999997577 ) ;
#2469 = ORIENTED_EDGE ( 'NONE', *, *, #854, .F. ) ;
#2470 = CARTESIAN_POINT ( 'NONE',  ( 4.820730169109999963, -3.500000000000000000, 3.757595644535999924 ) ) ;
#2471 = VERTEX_POINT ( 'NONE', #307 ) ;
#2472 = EDGE_CURVE ( 'NONE', #5418, #3780, #4127, .T. ) ;
#2473 = EDGE_LOOP ( 'NONE', ( #6198, #3788, #1245, #3480 ) ) ;
#2474 = CARTESIAN_POINT ( 'NONE',  ( 2.686351677078000044, -3.500000000000000000, -5.272262022913999147 ) ) ;
#2475 = ORIENTED_EDGE ( 'NONE', *, *, #4995, .F. ) ;
#2476 = CARTESIAN_POINT ( 'NONE',  ( 4.039133941280000251, -3.500000000000000000, -4.604819366229000011 ) ) ;
#2477 = DIRECTION ( 'NONE',  ( -0.8090169943751905901, 0.000000000000000000, 0.5877852522921384049 ) ) ;
#2478 = AXIS2_PLACEMENT_3D ( 'NONE', #5607, #2634, #4093 ) ;
#2479 = DIRECTION ( 'NONE',  ( 0.9510565162951234441, -8.673617379884040402E-16, -0.3090169943750404324 ) ) ;
#2480 = CARTESIAN_POINT ( 'NONE',  ( 0.9256537036670000607, -3.500000000000000000, 5.844347473592999442 ) ) ;
#2481 = LINE ( 'NONE', #119, #4325 ) ;
#2482 = CARTESIAN_POINT ( 'NONE',  ( 0.1994795459949119942, 1.000000000000000666, -0.1551267130574243147 ) ) ;
#2483 = AXIS2_PLACEMENT_3D ( 'NONE', #2913, #1091, #112 ) ;
#2484 = DIRECTION ( 'NONE',  ( -9.732182908003039023E-16, -1.000000000000000000, -8.166026383929639355E-16 ) ) ;
#2485 = LINE ( 'NONE', #626, #1178 ) ;
#2486 = DIRECTION ( 'NONE',  ( 1.000000000000000000, 0.000000000000000000, 0.000000000000000000 ) ) ;
#2487 = CIRCLE ( 'NONE', #5210, 0.1499999999999997724 ) ;
#2488 = CARTESIAN_POINT ( 'NONE',  ( -4.184090831422999202, -3.500000000000000000, 4.184090831422999202 ) ) ;
#2489 = DIRECTION ( 'NONE',  ( -8.474188266847760403E-16, -1.000000000000000000, -5.059242192088281016E-16 ) ) ;
#2490 = VERTEX_POINT ( 'NONE', #6052 ) ;
#2491 = DIRECTION ( 'NONE',  ( -0.9510565162951234441, 0.000000000000000000, -0.3090169943750403769 ) ) ;
#2492 = CARTESIAN_POINT ( 'NONE',  ( -1.691393328169000121, 3.500000000000000000, 5.873512833102999764 ) ) ;
#2493 = CARTESIAN_POINT ( 'NONE',  ( -0.1219013358239999928, 5.750000000000000000, 2.500000000000000000 ) ) ;
#2494 = ORIENTED_EDGE ( 'NONE', *, *, #3505, .F. ) ;
#2495 = FACE_OUTER_BOUND ( 'NONE', #4230, .T. ) ;
#2496 = ORIENTED_EDGE ( 'NONE', *, *, #4366, .T. ) ;
#2497 = DIRECTION ( 'NONE',  ( -0.3090169943750425974, 0.000000000000000000, 0.9510565162951225560 ) ) ;
#2498 = VERTEX_POINT ( 'NONE', #3641 ) ;
#2499 = EDGE_LOOP ( 'NONE', ( #2899, #2407, #5010, #5041 ) ) ;
#2500 = CARTESIAN_POINT ( 'NONE',  ( 4.615908076795999904, -3.500000000000000000, -3.787915702019000186 ) ) ;
#2501 = EDGE_LOOP ( 'NONE', ( #4970, #3213, #4985, #1371 ) ) ;
#2502 = CARTESIAN_POINT ( 'NONE',  ( 2.176127871379999856, -3.500000000000000000, 5.560519780239999932 ) ) ;
#2503 = EDGE_CURVE ( 'NONE', #1153, #1584, #6149, .T. ) ;
#2504 = CARTESIAN_POINT ( 'NONE',  ( 1.334188074491680952E-14, -4.500000000000005329, -7.499999999999995559 ) ) ;
#2505 = CARTESIAN_POINT ( 'NONE',  ( 5.218048215738000265E-16, -4.700000000000000178, 7.827072323607000200E-15 ) ) ;
#2506 = CARTESIAN_POINT ( 'NONE',  ( 5.974372913993000189, -3.500000000000000000, 1.351233760588000044 ) ) ;
#2507 = CARTESIAN_POINT ( 'NONE',  ( 3.219459129871999892, -3.500000000000000000, 5.028915951783999638 ) ) ;
#2508 = DIRECTION ( 'NONE',  ( 0.5877852522921378498, -5.676267280532491694E-16, -0.8090169943751909232 ) ) ;
#2509 = EDGE_CURVE ( 'NONE', #1153, #356, #2932, .T. ) ;
#2510 = CARTESIAN_POINT ( 'NONE',  ( 7.993605777301000873E-15, -3.500000000000000000, 1.998401444325000149E-15 ) ) ;
#2511 = DIRECTION ( 'NONE',  ( -0.9510565162951243323, 0.000000000000000000, 0.3090169943750375459 ) ) ;
#2512 = CARTESIAN_POINT ( 'NONE',  ( 2.686351677078000044, -3.500000000000000000, -5.272262022913999147 ) ) ;
#2513 = CARTESIAN_POINT ( 'NONE',  ( -5.627604495026999665, -3.500000000000000000, 2.418477214851999957 ) ) ;
#2514 = EDGE_CURVE ( 'NONE', #1273, #3763, #2859, .T. ) ;
#2515 = ORIENTED_EDGE ( 'NONE', *, *, #5295, .F. ) ;
#2516 = VECTOR ( 'NONE', #3697, 1000.000000000000000 ) ;
#2517 = CIRCLE ( 'NONE', #2918, 0.1499999999999998834 ) ;
#2518 = CARTESIAN_POINT ( 'NONE',  ( 5.272262022913999147, -3.500000000000000000, -2.686351677078000044 ) ) ;
#2519 = VECTOR ( 'NONE', #3986, 1000.000000000000000 ) ;
#2520 = AXIS2_PLACEMENT_3D ( 'NONE', #1542, #528, #5889 ) ;
#2521 = DIRECTION ( 'NONE',  ( -0.3090169943750425974, 0.000000000000000000, -0.9510565162951225560 ) ) ;
#2522 = VERTEX_POINT ( 'NONE', #530 ) ;
#2523 = DIRECTION ( 'NONE',  ( 1.000000000000000000, 0.000000000000000000, 0.000000000000000000 ) ) ;
#2524 = ORIENTED_EDGE ( 'NONE', *, *, #3163, .F. ) ;
#2525 = CIRCLE ( 'NONE', #4538, 1.000000000000000000 ) ;
#2526 = DIRECTION ( 'NONE',  ( -0.8090169943751909232, 1.419066820133122924E-16, 0.5877852522921378498 ) ) ;
#2527 = VERTEX_POINT ( 'NONE', #2327 ) ;
#2528 = EDGE_CURVE ( 'NONE', #1231, #3823, #4448, .T. ) ;
#2529 = CIRCLE ( 'NONE', #2432, 1.000000000000000222 ) ;
#2530 = ORIENTED_EDGE ( 'NONE', *, *, #2577, .T. ) ;
#2531 = CARTESIAN_POINT ( 'NONE',  ( 1.507867092026000000, 3.500000000000000000, 5.777650869670999612 ) ) ;
#2532 = ORIENTED_EDGE ( 'NONE', *, *, #4288, .T. ) ;
#2533 = CARTESIAN_POINT ( 'NONE',  ( 0.000000000000000000, 0.000000000000000000, -0.4200000000000000400 ) ) ;
#2534 = FACE_OUTER_BOUND ( 'NONE', #952, .T. ) ;
#2535 = EDGE_LOOP ( 'NONE', ( #3492, #2552, #873, #2161, #2805, #4919 ) ) ;
#2536 = LINE ( 'NONE', #5414, #639 ) ;
#2537 = EDGE_CURVE ( 'NONE', #2527, #4399, #4146, .T. ) ;
#2538 = CARTESIAN_POINT ( 'NONE',  ( -8.437694987150998803E-15, -4.400000000000000355, -1.598721155460000041E-15 ) ) ;
#2539 = CARTESIAN_POINT ( 'NONE',  ( -0.2013392410339999994, -3.500000000000000000, -5.958797487851000163 ) ) ;
#2540 = ORIENTED_EDGE ( 'NONE', *, *, #3606, .F. ) ;
#2541 = FACE_OUTER_BOUND ( 'NONE', #3563, .T. ) ;
#2542 = CIRCLE ( 'NONE', #6072, 0.1601281538049999786 ) ;
#2543 = CYLINDRICAL_SURFACE ( 'NONE', #655, 0.1499999999999998834 ) ;
#2544 = DIRECTION ( 'NONE',  ( -9.705107454703460192E-16, -1.000000000000000000, -7.516940583779200002E-16 ) ) ;
#2545 = AXIS2_PLACEMENT_3D ( 'NONE', #4124, #3107, #2606 ) ;
#2546 = DIRECTION ( 'NONE',  ( -3.172031972967880239E-16, -1.000000000000000000, 4.582850377723630077E-16 ) ) ;
#2547 = DIRECTION ( 'NONE',  ( 0.3090169943750403769, -4.336808689942019708E-16, -0.9510565162951234441 ) ) ;
#2548 = ORIENTED_EDGE ( 'NONE', *, *, #88, .T. ) ;
#2549 = DIRECTION ( 'NONE',  ( -0.3090169943750375459, 0.000000000000000000, -0.9510565162951243323 ) ) ;
#2550 = CARTESIAN_POINT ( 'NONE',  ( -7.498999341699000176, 9.445338186788001522, -0.1604406145960000085 ) ) ;
#2551 = ORIENTED_EDGE ( 'NONE', *, *, #843, .T. ) ;
#2552 = ORIENTED_EDGE ( 'NONE', *, *, #3676, .T. ) ;
#2553 = ADVANCED_FACE ( 'NONE', ( #5703 ), #4849, .T. ) ;
#2554 = CARTESIAN_POINT ( 'NONE',  ( 2.020000000000000018, 0.000000000000000000, -4.230000000000000426 ) ) ;
#2555 = ORIENTED_EDGE ( 'NONE', *, *, #5957, .T. ) ;
#2556 = AXIS2_PLACEMENT_3D ( 'NONE', #1922, #1892, #3804 ) ;
#2557 = VERTEX_POINT ( 'NONE', #5294 ) ;
#2558 = CARTESIAN_POINT ( 'NONE',  ( -0.1601281538043825836, -1.961004310099142624E-17, -2.620441650315000093 ) ) ;
#2559 = ORIENTED_EDGE ( 'NONE', *, *, #381, .T. ) ;
#2560 = ADVANCED_FACE ( 'NONE', ( #1921 ), #6250, .T. ) ;
#2561 = DIRECTION ( 'NONE',  ( -0.8090169943751909232, 2.128600230199684385E-16, 0.5877852522921378498 ) ) ;
#2562 = ORIENTED_EDGE ( 'NONE', *, *, #4013, .F. ) ;
#2563 = DIRECTION ( 'NONE',  ( 0.8090169943751910342, -4.336808689942016750E-16, 0.5877852522921379608 ) ) ;
#2564 = DIRECTION ( 'NONE',  ( -0.5877852522921382938, 0.000000000000000000, 0.8090169943751908121 ) ) ;
#2565 = DIRECTION ( 'NONE',  ( 0.3090169943750404324, 0.000000000000000000, 0.9510565162951234441 ) ) ;
#2566 = EDGE_LOOP ( 'NONE', ( #3146, #3892, #5190, #1731 ) ) ;
#2567 = DIRECTION ( 'NONE',  ( 4.433606796715630336E-16, -1.000000000000000000, -4.358960100788315325E-16 ) ) ;
#2568 = CIRCLE ( 'NONE', #77, 6.112198000000001130 ) ;
#2569 = CARTESIAN_POINT ( 'NONE',  ( -2.032854686956000023, -3.500000000000000000, -5.604935932989999259 ) ) ;
#2570 = ADVANCED_FACE ( 'NONE', ( #974 ), #1385, .F. ) ;
#2571 = CARTESIAN_POINT ( 'NONE',  ( -2.032854686956000023, -3.500000000000000000, -5.604935932989999259 ) ) ;
#2572 = DIRECTION ( 'NONE',  ( -8.016537962850999983E-16, 1.000000000000000000, -9.992007221626000628E-16 ) ) ;
#2573 = CARTESIAN_POINT ( 'NONE',  ( -2.394996947012999922, 5.913815022265000110, 0.7183792369080000961 ) ) ;
#2574 = CYLINDRICAL_SURFACE ( 'NONE', #3526, 1.000000000000000000 ) ;
#2575 = AXIS2_PLACEMENT_3D ( 'NONE', #2083, #2110, #2016 ) ;
#2576 = CIRCLE ( 'NONE', #5707, 0.5550000000000001599 ) ;
#2577 = EDGE_CURVE ( 'NONE', #2399, #4769, #3585, .T. ) ;
#2578 = EDGE_CURVE ( 'NONE', #599, #4461, #4943, .T. ) ;
#2579 = ORIENTED_EDGE ( 'NONE', *, *, #5148, .T. ) ;
#2580 = CARTESIAN_POINT ( 'NONE',  ( 5.958797487851000163, -3.500000000000000000, -0.2013392410339999994 ) ) ;
#2581 = EDGE_CURVE ( 'NONE', #6062, #2127, #2045, .T. ) ;
#2582 = CIRCLE ( 'NONE', #2884, 0.5550000000000001599 ) ;
#2583 = CARTESIAN_POINT ( 'NONE',  ( -2.291071360761999909, 6.087092417528999988, -1.004871361890000037 ) ) ;
#2584 = CARTESIAN_POINT ( 'NONE',  ( -7.394797497324999469, 8.889267002523999039, -1.252975084491000146 ) ) ;
#2585 = EDGE_LOOP ( 'NONE', ( #367, #6096, #548, #3290 ) ) ;
#2586 = AXIS2_PLACEMENT_3D ( 'NONE', #3061, #761, #3560 ) ;
#2587 = ORIENTED_EDGE ( 'NONE', *, *, #2472, .F. ) ;
#2588 = ADVANCED_FACE ( 'NONE', ( #2541 ), #4908, .F. ) ;
#2589 = EDGE_CURVE ( 'NONE', #2182, #3404, #3421, .T. ) ;
#2590 = CARTESIAN_POINT ( 'NONE',  ( -0.5773502691895310290, -1.000000000000017986, 2.192862159962915130E-13 ) ) ;
#2591 = ORIENTED_EDGE ( 'NONE', *, *, #1464, .F. ) ;
#2592 = ORIENTED_EDGE ( 'NONE', *, *, #1724, .T. ) ;
#2593 = FACE_OUTER_BOUND ( 'NONE', #419, .T. ) ;
#2594 = ORIENTED_EDGE ( 'NONE', *, *, #1445, .F. ) ;
#2595 = EDGE_CURVE ( 'NONE', #454, #599, #2842, .T. ) ;
#2596 = DIRECTION ( 'NONE',  ( -7.279688241337999493E-16, 1.000000000000000000, -8.881784197000999888E-16 ) ) ;
#2597 = VERTEX_POINT ( 'NONE', #5480 ) ;
#2598 = CARTESIAN_POINT ( 'NONE',  ( -5.873512833102999764, -3.500000000000000000, 1.691393328169000121 ) ) ;
#2599 = DIRECTION ( 'NONE',  ( -5.851721321710000488E-16, -1.000000000000000000, 1.540942540396989897E-16 ) ) ;
#2600 = FACE_OUTER_BOUND ( 'NONE', #3541, .T. ) ;
#2601 = EDGE_LOOP ( 'NONE', ( #3759, #3387, #4541, #2188 ) ) ;
#2602 = DIRECTION ( 'NONE',  ( 1.606712545748999927E-16, 1.000000000000000000, -1.110223024624999878E-16 ) ) ;
#2603 = EDGE_CURVE ( 'NONE', #2937, #5031, #121, .T. ) ;
#2604 = DIRECTION ( 'NONE',  ( 1.829647544582000068E-15, 6.938893903907228378E-16, 1.000000000000000000 ) ) ;
#2605 = DIRECTION ( 'NONE',  ( -1.292281125508035802E-16, -1.000000000000000000, 6.652142707626950164E-16 ) ) ;
#2606 = DIRECTION ( 'NONE',  ( 0.000000000000000000, 0.000000000000000000, 1.000000000000000000 ) ) ;
#2607 = DIRECTION ( 'NONE',  ( -8.186025824115000202E-16, 1.000000000000000000, -9.992007221626000628E-16 ) ) ;
#2608 = FACE_OUTER_BOUND ( 'NONE', #40, .T. ) ;
#2609 = ORIENTED_EDGE ( 'NONE', *, *, #1198, .T. ) ;
#2610 = CARTESIAN_POINT ( 'NONE',  ( -0.5773502691900000983, 1.000000000000000000, -2.024834468762999773 ) ) ;
#2611 = CARTESIAN_POINT ( 'NONE',  ( -7.499999999999999112, 5.350000000000000533, -6.879084050837252603E-15 ) ) ;
#2612 = CARTESIAN_POINT ( 'NONE',  ( -5.960829065173999908, -3.500000000000000000, 0.3513254827150000259 ) ) ;
#2613 = VECTOR ( 'NONE', #3205, 1000.000000000000000 ) ;
#2614 = ORIENTED_EDGE ( 'NONE', *, *, #2032, .F. ) ;
#2615 = ORIENTED_EDGE ( 'NONE', *, *, #2958, .F. ) ;
#2616 = CARTESIAN_POINT ( 'NONE',  ( -0.5610830881120000280, 3.500000000000000000, -6.099520486024999855 ) ) ;
#2617 = CIRCLE ( 'NONE', #3519, 2.799999999999999822 ) ;
#2618 = VECTOR ( 'NONE', #1096, 1000.000000000000000 ) ;
#2619 = ORIENTED_EDGE ( 'NONE', *, *, #5858, .T. ) ;
#2621 = ORIENTED_EDGE ( 'NONE', *, *, #3491, .F. ) ;
#2620 = EDGE_CURVE ( 'NONE', #5116, #2905, #4454, .T. ) ;
#2622 = CARTESIAN_POINT ( 'NONE',  ( 5.272262022913999147, -3.500000000000000000, 2.686351677078000044 ) ) ;
#2623 = ORIENTED_EDGE ( 'NONE', *, *, #5004, .T. ) ;
#2624 = AXIS2_PLACEMENT_3D ( 'NONE', #3747, #2426, #887 ) ;
#2625 = AXIS2_PLACEMENT_3D ( 'NONE', #5837, #1939, #4864 ) ;
#2626 = ORIENTED_EDGE ( 'NONE', *, *, #4311, .F. ) ;
#2627 = LINE ( 'NONE', #2193, #4966 ) ;
#2628 = CARTESIAN_POINT ( 'NONE',  ( 2.418477214851999957, 3.500000000000000000, 5.627604495026999665 ) ) ;
#2629 = DIRECTION ( 'NONE',  ( -2.446747080494690140E-16, -1.000000000000000000, 5.995138749812960544E-16 ) ) ;
#2630 = ORIENTED_EDGE ( 'NONE', *, *, #6115, .T. ) ;
#2631 = DIRECTION ( 'NONE',  ( -9.623875507864408450E-17, -1.000000000000000000, 4.364530971015194927E-16 ) ) ;
#2632 = AXIS2_PLACEMENT_3D ( 'NONE', #5989, #2631, #2661 ) ;
#2633 = LINE ( 'NONE', #4565, #5806 ) ;
#2634 = DIRECTION ( 'NONE',  ( 0.000000000000000000, 0.000000000000000000, 1.000000000000000000 ) ) ;
#2635 = CARTESIAN_POINT ( 'NONE',  ( 1.154700538379000108, 0.000000000000000000, 0.000000000000000000 ) ) ;
#2636 = CIRCLE ( 'NONE', #130, 0.1500000000000001332 ) ;
#2637 = DIRECTION ( 'NONE',  ( 2.220446049250000002E-16, 3.547667050332808049E-16, 1.000000000000000000 ) ) ;
#2638 = LINE ( 'NONE', #5610, #2613 ) ;
#2639 = DIRECTION ( 'NONE',  ( 0.5877852522921378498, -7.095334100665614618E-17, 0.8090169943751909232 ) ) ;
#2640 = ORIENTED_EDGE ( 'NONE', *, *, #4380, .F. ) ;
#2641 = DIRECTION ( 'NONE',  ( 3.330669073875000249E-16, 1.000000000000000000, -8.881784197000999888E-16 ) ) ;
#2642 = CARTESIAN_POINT ( 'NONE',  ( -7.490229068396000223, 5.395820968316999533, 0.3947859256260000116 ) ) ;
#2643 = CARTESIAN_POINT ( 'NONE',  ( 2.220446049249999903E-15, -3.500000000000000000, 1.776356839399999804E-15 ) ) ;
#2644 = VECTOR ( 'NONE', #1648, 1000.000000000000000 ) ;
#2645 = VERTEX_POINT ( 'NONE', #654 ) ;
#2646 = ORIENTED_EDGE ( 'NONE', *, *, #3971, .F. ) ;
#2647 = DIRECTION ( 'NONE',  ( -0.5000000000001899592, 0.8660254037843289066, 0.000000000000000000 ) ) ;
#2648 = AXIS2_PLACEMENT_3D ( 'NONE', #1749, #2705, #5622 ) ;
#2649 = ORIENTED_EDGE ( 'NONE', *, *, #2354, .T. ) ;
#2650 = DIRECTION ( 'NONE',  ( -3.361755112286175223E-16, -1.000000000000000000, 3.427015591639660434E-16 ) ) ;
#2651 = ORIENTED_EDGE ( 'NONE', *, *, #6064, .T. ) ;
#2652 = CIRCLE ( 'NONE', #4979, 1.000000000000000000 ) ;
#2653 = CARTESIAN_POINT ( 'NONE',  ( -1.154700538379000108, 4.996003610813000314E-16, -2.024834468762999773 ) ) ;
#2654 = EDGE_CURVE ( 'NONE', #1220, #986, #1431, .T. ) ;
#2655 = VECTOR ( 'NONE', #4473, 1000.000000000000000 ) ;
#2656 = ORIENTED_EDGE ( 'NONE', *, *, #3716, .F. ) ;
#2657 = CARTESIAN_POINT ( 'NONE',  ( -3.423625928481999647, -3.500000000000000000, -5.063373370888999858 ) ) ;
#2658 = DIRECTION ( 'NONE',  ( 1.829647544582000068E-15, 6.938893903907228378E-16, 1.000000000000000000 ) ) ;
#2659 = CARTESIAN_POINT ( 'NONE',  ( -3.020442298506000434, 3.500000000000000000, 4.829082085785000089 ) ) ;
#2660 = ORIENTED_EDGE ( 'NONE', *, *, #5522, .F. ) ;
#2661 = DIRECTION ( 'NONE',  ( -0.5877852522921379608, 4.336808689942016750E-16, 0.8090169943751910342 ) ) ;
#2662 = CARTESIAN_POINT ( 'NONE',  ( 5.745947752783999718, 3.500000000000000000, 2.083998275786999699 ) ) ;
#2663 = CARTESIAN_POINT ( 'NONE',  ( -4.702424197123000305, -3.500000000000000000, -3.665380152386999768 ) ) ;
#2664 = CARTESIAN_POINT ( 'NONE',  ( -1.736139579382999898, 8.074965203390000568, 7.296661171613999741 ) ) ;
#2665 = CARTESIAN_POINT ( 'NONE',  ( -2.459826105566031540, 5.811146852657953055, 0.4678802220818648050 ) ) ;
#2666 = DIRECTION ( 'NONE',  ( 1.000000000000000000, 4.440892098501004815E-16, 6.661338147751000379E-16 ) ) ;
#2667 = CYLINDRICAL_SURFACE ( 'NONE', #3231, 6.112198000000001130 ) ;
#2668 = VERTEX_POINT ( 'NONE', #1067 ) ;
#2669 = CARTESIAN_POINT ( 'NONE',  ( -3.219459129871999892, -3.500000000000000000, -5.028915951783999638 ) ) ;
#2670 = VECTOR ( 'NONE', #1039, 1000.000000000000000 ) ;
#2671 = LINE ( 'NONE', #280, #5761 ) ;
#2672 = AXIS2_PLACEMENT_3D ( 'NONE', #298, #6080, #1287 ) ;
#2673 = DIRECTION ( 'NONE',  ( 7.771561172376000134E-16, 1.000000000000000000, -7.771561172375990273E-16 ) ) ;
#2674 = VERTEX_POINT ( 'NONE', #87 ) ;
#2675 = EDGE_LOOP ( 'NONE', ( #2847, #1928, #1817, #288 ) ) ;
#2676 = AXIS2_PLACEMENT_3D ( 'NONE', #1398, #4711, #1942 ) ;
#2677 = DIRECTION ( 'NONE',  ( -6.661338147751000379E-16, -1.000000000000000000, 4.440892098500999885E-16 ) ) ;
#2678 = EDGE_LOOP ( 'NONE', ( #3695, #4772, #319, #3158 ) ) ;
#2679 = FACE_OUTER_BOUND ( 'NONE', #5494, .T. ) ;
#2680 = EDGE_CURVE ( 'NONE', #4175, #6170, #5562, .T. ) ;
#2681 = ORIENTED_EDGE ( 'NONE', *, *, #3464, .F. ) ;
#2682 = APPLICATION_CONTEXT ( 'automotive_design' ) ;
#2683 = DIRECTION ( 'NONE',  ( 0.3090169943750403769, -4.336808689942019708E-16, -0.9510565162951234441 ) ) ;
#2684 = VERTEX_POINT ( 'NONE', #4472 ) ;
#2685 = CARTESIAN_POINT ( 'NONE',  ( 5.604935932989999259, -3.500000000000000000, 2.032854686956000023 ) ) ;
#2686 = CARTESIAN_POINT ( 'NONE',  ( 1.109782093447999829, 5.773200222703000151, 7.417681892246999809 ) ) ;
#2687 = DIRECTION ( 'NONE',  ( 4.433606796715630336E-16, -1.000000000000000000, -4.358960100788315325E-16 ) ) ;
#2688 = ADVANCED_FACE ( 'NONE', ( #4435 ), #3484, .F. ) ;
#2689 = ORIENTED_EDGE ( 'NONE', *, *, #4130, .T. ) ;
#2690 = CARTESIAN_POINT ( 'NONE',  ( -1.004751837285899987E-14, -4.499999999999993783, 7.500000000000005329 ) ) ;
#2691 = ADVANCED_FACE ( 'NONE', ( #120 ), #5756, .F. ) ;
#2692 = CARTESIAN_POINT ( 'NONE',  ( 5.682180913094000196, 3.500000000000000000, -0.3948740821140000468 ) ) ;
#2693 =( LENGTH_UNIT ( ) NAMED_UNIT ( * ) SI_UNIT ( .MILLI., .METRE. ) );
#2694 = DIRECTION ( 'NONE',  ( 1.000000000000000000, -8.673617379884035472E-16, 0.000000000000000000 ) ) ;
#2695 = CARTESIAN_POINT ( 'NONE',  ( -2.074062523610999964, 6.517661233810000176, 1.397175729695999902 ) ) ;
#2696 = CARTESIAN_POINT ( 'NONE',  ( 0.8428227947509999707, 5.980298401058000479, 2.354242668005999573 ) ) ;
#2697 = DIRECTION ( 'NONE',  ( -2.032009205199439769E-16, -1.000000000000000000, 7.591712514570610385E-16 ) ) ;
#2698 = EDGE_CURVE ( 'NONE', #2909, #3727, #225, .T. ) ;
#2699 = ORIENTED_EDGE ( 'NONE', *, *, #3280, .T. ) ;
#2700 = DIRECTION ( 'NONE',  ( 1.000000000000000000, -7.814069711607238853E-16, 0.000000000000000000 ) ) ;
#2701 = CARTESIAN_POINT ( 'NONE',  ( -7.431865744419999587, 5.693217123701999505, 1.011282981272999981 ) ) ;
#2702 = FACE_OUTER_BOUND ( 'NONE', #6197, .T. ) ;
#2703 = ORIENTED_EDGE ( 'NONE', *, *, #4174, .T. ) ;
#2704 = ORIENTED_EDGE ( 'NONE', *, *, #3902, .T. ) ;
#2705 = DIRECTION ( 'NONE',  ( 7.771561172376000134E-16, 1.000000000000000000, -7.771561172375990273E-16 ) ) ;
#2706 = DIRECTION ( 'NONE',  ( 1.110223024624999878E-16, -1.000000000000000000, 1.551559350114999894E-31 ) ) ;
#2707 = CONICAL_SURFACE ( 'NONE', #1721, 2.020000000000000018, 0.7853981633970000820 ) ;
#2708 = AXIS2_PLACEMENT_3D ( 'NONE', #685, #5037, #219 ) ;
#2709 = ORIENTED_EDGE ( 'NONE', *, *, #589, .F. ) ;
#2710 = LINE ( 'NONE', #4019, #3625 ) ;
#2711 = ORIENTED_EDGE ( 'NONE', *, *, #327, .F. ) ;
#2712 = CIRCLE ( 'NONE', #1019, 1.000000000000000000 ) ;
#2713 = CARTESIAN_POINT ( 'NONE',  ( 8.146036989671515837E-15, -4.500000000000005329, -7.499999999999994671 ) ) ;
#2714 = EDGE_CURVE ( 'NONE', #1666, #2348, #3511, .T. ) ;
#2715 = EDGE_LOOP ( 'NONE', ( #606, #3249, #6174, #5 ) ) ;
#2716 = CARTESIAN_POINT ( 'NONE',  ( -1.396369523753999919, 6.516580134958999793, 2.074565635901999716 ) ) ;
#2717 = ADVANCED_FACE ( 'NONE', ( #154 ), #4938, .F. ) ;
#2718 = AXIS2_PLACEMENT_3D ( 'NONE', #1875, #5717, #2307 ) ;
#2719 = LINE ( 'NONE', #2813, #4445 ) ;
#2720 = LINE ( 'NONE', #1764, #1215 ) ;
#2721 = AXIS2_PLACEMENT_3D ( 'NONE', #3629, #1697, #2564 ) ;
#2722 = VERTEX_POINT ( 'NONE', #1513 ) ;
#2723 = CARTESIAN_POINT ( 'NONE',  ( 5.272262022913999147, 3.500000000000000000, -2.686351677078000044 ) ) ;
#2724 = DIRECTION ( 'NONE',  ( 0.5877852522921384049, -7.814069711607236881E-16, -0.8090169943751905901 ) ) ;
#2725 = AXIS2_PLACEMENT_3D ( 'NONE', #6, #5810, #4452 ) ;
#2726 = DIRECTION ( 'NONE',  ( -0.5877852522921382938, 0.000000000000000000, 0.8090169943751908121 ) ) ;
#2727 = ADVANCED_FACE ( 'NONE', ( #2108 ), #1132, .T. ) ;
#2728 = DIRECTION ( 'NONE',  ( 0.3090169943750403769, 0.000000000000000000, 0.9510565162951234441 ) ) ;
#2729 = DIRECTION ( 'NONE',  ( -9.363278209719769878E-16, -1.000000000000000000, 1.422433718763573873E-16 ) ) ;
#2730 = CARTESIAN_POINT ( 'NONE',  ( 1.550855436724000169, 7.970108704912000519, 1.961110657151999837 ) ) ;
#2731 = CARTESIAN_POINT ( 'NONE',  ( -2.498001805407000196E-15, 9.449999999999999289, 7.500000000000000000 ) ) ;
#2732 = VERTEX_POINT ( 'NONE', #4089 ) ;
#2733 = AXIS2_PLACEMENT_3D ( 'NONE', #1450, #3369, #5299 ) ;
#2734 = EDGE_CURVE ( 'NONE', #4695, #181, #1221, .T. ) ;
#2735 = DIRECTION ( 'NONE',  ( -7.539610350354999382E-17, 1.000000000000000000, -9.992007221626000628E-16 ) ) ;
#2736 = CARTESIAN_POINT ( 'NONE',  ( -4.939112670297999941, -3.500000000000000000, -3.339606417124999727 ) ) ;
#2737 = CARTESIAN_POINT ( 'NONE',  ( -9.430987591914999170E-16, -3.500000000000000000, 8.691108778134999065E-16 ) ) ;
#2738 = ORIENTED_EDGE ( 'NONE', *, *, #968, .F. ) ;
#2739 = ORIENTED_EDGE ( 'NONE', *, *, #930, .T. ) ;
#2740 = CIRCLE ( 'NONE', #3449, 0.1500000000000001332 ) ;
#2741 = DIRECTION ( 'NONE',  ( -6.154821860400110401E-16, -1.000000000000000000, 2.722574071512330408E-16 ) ) ;
#2742 = CIRCLE ( 'NONE', #3151, 0.5550000000000000488 ) ;
#2743 = ORIENTED_EDGE ( 'NONE', *, *, #4916, .T. ) ;
#2744 = CARTESIAN_POINT ( 'NONE',  ( -3.787915702019000186, -3.500000000000000000, 4.615908076795999904 ) ) ;
#2745 = VERTEX_POINT ( 'NONE', #5160 ) ;
#2746 = VECTOR ( 'NONE', #5739, 1000.000000000000000 ) ;
#2747 = DIRECTION ( 'NONE',  ( 0.3090169943750425974, 0.000000000000000000, 0.9510565162951225560 ) ) ;
#2748 = ORIENTED_EDGE ( 'NONE', *, *, #1300, .T. ) ;
#2749 = CIRCLE ( 'NONE', #5587, 7.500000000000000000 ) ;
#2750 = LINE ( 'NONE', #4149, #5849 ) ;
#2751 = CARTESIAN_POINT ( 'NONE',  ( -5.873512833102999764, 3.500000000000000000, 1.691393328169000121 ) ) ;
#2752 = VERTEX_POINT ( 'NONE', #6017 ) ;
#2753 = CARTESIAN_POINT ( 'NONE',  ( 5.627604495026999665, -3.500000000000000000, -2.418477214851999957 ) ) ;
#2754 = ADVANCED_FACE ( 'NONE', ( #4186 ), #1667, .T. ) ;
#2755 = CARTESIAN_POINT ( 'NONE',  ( -1.780500772033999812, 6.891927131803999629, 7.285730515109000827 ) ) ;
#2756 = VECTOR ( 'NONE', #2641, 1000.000000000000000 ) ;
#2757 = CARTESIAN_POINT ( 'NONE',  ( 5.272262022913999147, -3.500000000000000000, 2.686351677078000044 ) ) ;
#2758 = FACE_OUTER_BOUND ( 'NONE', #520, .T. ) ;
#2759 = CARTESIAN_POINT ( 'NONE',  ( 0.3615341601150000583, 9.017841881679000693, 2.478776382639000353 ) ) ;
#2760 = AXIS2_PLACEMENT_3D ( 'NONE', #2454, #2109, #4155 ) ;
#2761 = FACE_OUTER_BOUND ( 'NONE', #3795, .T. ) ;
#2762 = ADVANCED_FACE ( 'NONE', ( #4121 ), #5604, .F. ) ;
#2763 = EDGE_LOOP ( 'NONE', ( #3160, #5775 ) ) ;
#2764 = EDGE_CURVE ( 'NONE', #3565, #5177, #6066, .T. ) ;
#2765 = DIRECTION ( 'NONE',  ( -9.623875507864408450E-17, -1.000000000000000000, 4.364530971015194927E-16 ) ) ;
#2766 = CARTESIAN_POINT ( 'NONE',  ( -7.285429292577000560, 6.935358350325000032, 1.781411819444000066 ) ) ;
#2767 = EDGE_CURVE ( 'NONE', #1908, #1602, #1701, .T. ) ;
#2768 = EDGE_CURVE ( 'NONE', #1925, #3506, #2140, .T. ) ;
#2769 = ORIENTED_EDGE ( 'NONE', *, *, #2603, .F. ) ;
#2770 = CARTESIAN_POINT ( 'NONE',  ( -7.500000000000000000, 7.400000000000000355, -7.993605777301000873E-15 ) ) ;
#2771 = ORIENTED_EDGE ( 'NONE', *, *, #1467, .F. ) ;
#2772 = ADVANCED_FACE ( 'NONE', ( #2168 ), #3600, .F. ) ;
#2773 =( REPRESENTATION_RELATIONSHIP ('NONE','NONE', #4389, #118 ) REPRESENTATION_RELATIONSHIP_WITH_TRANSFORMATION ( #4963 )SHAPE_REPRESENTATION_RELATIONSHIP( ) );
#2774 = ORIENTED_EDGE ( 'NONE', *, *, #1496, .F. ) ;
#2775 = ADVANCED_FACE ( 'NONE', ( #4687 ), #1793, .T. ) ;
#2776 = CARTESIAN_POINT ( 'NONE',  ( -4.364879761826999882, -3.500000000000000000, -3.659361984642999666 ) ) ;
#2777 = VECTOR ( 'NONE', #4346, 1000.000000000000000 ) ;
#2778 = DIRECTION ( 'NONE',  ( 2.372822596992000098E-16, 1.000000000000000000, -9.436895709314000199E-16 ) ) ;
#2779 = EDGE_LOOP ( 'NONE', ( #1081, #2970, #1591, #5236 ) ) ;
#2780 = CARTESIAN_POINT ( 'NONE',  ( 5.264412095235000422, 3.500000000000000000, -3.131282434201999809 ) ) ;
#2781 = CIRCLE ( 'NONE', #2378, 0.1500000000000001332 ) ;
#2782 = ORIENTED_EDGE ( 'NONE', *, *, #944, .F. ) ;
#2783 = ADVANCED_FACE ( 'NONE', ( #3104 ), #3136, .T. ) ;
#2784 = FACE_OUTER_BOUND ( 'NONE', #993, .T. ) ;
#2785 = VERTEX_POINT ( 'NONE', #2690 ) ;
#2786 = EDGE_CURVE ( 'NONE', #5113, #3026, #4549, .T. ) ;
#2787 = CARTESIAN_POINT ( 'NONE',  ( 0.6797460571250001360, 5.497195649400000050, 7.469401136223999593 ) ) ;
#2788 = CARTESIAN_POINT ( 'NONE',  ( 5.282052382155000281, -3.500000000000000000, -2.131438036170000050 ) ) ;
#2789 = EDGE_LOOP ( 'NONE', ( #6042, #821, #2274, #2227 ) ) ;
#2790 = CARTESIAN_POINT ( 'NONE',  ( -8.820506995554998647E-14, 5.349999999999999645, 7.500000000000000000 ) ) ;
#2791 = AXIS2_PLACEMENT_3D ( 'NONE', #5839, #3441, #2497 ) ;
#2792 = CARTESIAN_POINT ( 'NONE',  ( -1.062941020859999863, 5.733508893808999751, 7.424623386729000352 ) ) ;
#2793 = EDGE_CURVE ( 'NONE', #4293, #4695, #826, .T. ) ;
#2794 = DIRECTION ( 'NONE',  ( -9.732182908003039023E-16, -1.000000000000000000, -8.166026383929639355E-16 ) ) ;
#2795 = CARTESIAN_POINT ( 'NONE',  ( -1.878163997099000060, 7.454064755915000617, 1.649999999999999911 ) ) ;
#2796 = CARTESIAN_POINT ( 'NONE',  ( 5.844347473592999442, -3.500000000000000000, 0.9256537036670000607 ) ) ;
#2797 = CARTESIAN_POINT ( 'NONE',  ( -0.3948754503523091430, 1.000000000000000222, -0.08346446563674286834 ) ) ;
#2798 = LINE ( 'NONE', #5673, #2265 ) ;
#2799 = EDGE_CURVE ( 'NONE', #2348, #1690, #2141, .T. ) ;
#2800 = EDGE_CURVE ( 'NONE', #4461, #243, #4656, .T. ) ;
#2801 = CARTESIAN_POINT ( 'NONE',  ( -7.469503784527000256, 9.303315367025000171, 0.6786163767769999300 ) ) ;
#2802 = ORIENTED_EDGE ( 'NONE', *, *, #2337, .T. ) ;
#2803 = CARTESIAN_POINT ( 'NONE',  ( 2.220446049249999903E-15, -3.500000000000000000, 3.330669073874999855E-15 ) ) ;
#2804 = ORIENTED_EDGE ( 'NONE', *, *, #4788, .F. ) ;
#2805 = ORIENTED_EDGE ( 'NONE', *, *, #1193, .T. ) ;
#2806 = CARTESIAN_POINT ( 'NONE',  ( 5.958797487851000163, -3.500000000000000000, 0.2013392410339999994 ) ) ;
#2807 = EDGE_CURVE ( 'NONE', #1902, #3250, #4562, .T. ) ;
#2808 = ORIENTED_EDGE ( 'NONE', *, *, #2219, .F. ) ;
#2809 = LINE ( 'NONE', #2744, #5146 ) ;
#2810 = VERTEX_POINT ( 'NONE', #1732 ) ;
#2811 = DIRECTION ( 'NONE',  ( -0.3090169943750399884, -7.814069711607236881E-16, -0.9510565162951235552 ) ) ;
#2812 = VERTEX_POINT ( 'NONE', #3633 ) ;
#2813 = CARTESIAN_POINT ( 'NONE',  ( -5.682180913094000196, -3.500000000000000000, 0.3948740821140000468 ) ) ;
#2814 = CYLINDRICAL_SURFACE ( 'NONE', #3220, 6.112198000000000242 ) ;
#2815 = ORIENTED_EDGE ( 'NONE', *, *, #2680, .F. ) ;
#2816 = LINE ( 'NONE', #6179, #3741 ) ;
#2817 = AXIS2_PLACEMENT_3D ( 'NONE', #1477, #5293, #2825 ) ;
#2818 = VECTOR ( 'NONE', #4033, 1000.000000000000000 ) ;
#2819 = DIRECTION ( 'NONE',  ( -1.824065275806999765E-16, 1.000000000000000000, -1.665334536937999819E-16 ) ) ;
#2820 = CARTESIAN_POINT ( 'NONE',  ( 0.000000000000000000, 0.000000000000000000, 0.000000000000000000 ) ) ;
#2821 = VECTOR ( 'NONE', #4299, 1000.000000000000000 ) ;
#2822 = AXIS2_PLACEMENT_3D ( 'NONE', #4407, #3957, #23 ) ;
#2823 = DIRECTION ( 'NONE',  ( -1.110223024625019969E-16, 1.000000000000000000, -3.330669073875000249E-16 ) ) ;
#2824 = CARTESIAN_POINT ( 'NONE',  ( -3.219459129871999892, 3.500000000000000000, 5.028915951783999638 ) ) ;
#2825 = DIRECTION ( 'NONE',  ( -0.8090169943751908121, 0.000000000000000000, -0.5877852522921382938 ) ) ;
#2826 = CARTESIAN_POINT ( 'NONE',  ( 1.679305627609999796, 8.230689082459001327, 7.310154674832999966 ) ) ;
#2827 = CIRCLE ( 'NONE', #2928, 1.154700538379000108 ) ;
#2828 = AXIS2_PLACEMENT_3D ( 'NONE', #3841, #3779, #5709 ) ;
#2829 = CARTESIAN_POINT ( 'NONE',  ( -7.297151872080000601, 6.717612580566000524, -1.734145675344000104 ) ) ;
#2830 = CARTESIAN_POINT ( 'NONE',  ( 1.649884692613999837, -3.500000000000000000, -5.729370427217999939 ) ) ;
#2831 = VECTOR ( 'NONE', #850, 1000.000000000000000 ) ;
#2832 = VERTEX_POINT ( 'NONE', #2228 ) ;
#2833 = CARTESIAN_POINT ( 'NONE',  ( 2.131438036170000050, -3.500000000000000000, -5.282052382155000281 ) ) ;
#2834 = ORIENTED_EDGE ( 'NONE', *, *, #5980, .F. ) ;
#2835 = ORIENTED_EDGE ( 'NONE', *, *, #2065, .T. ) ;
#2836 = DIRECTION ( 'NONE',  ( 0.000000000000000000, 0.000000000000000000, -1.000000000000000000 ) ) ;
#2837 = CARTESIAN_POINT ( 'NONE',  ( -1.926433526281000175, 7.829859026425999957, -1.593426921544000008 ) ) ;
#2838 = CARTESIAN_POINT ( 'NONE',  ( -0.2388424115980000151, 9.039562809647000208, 2.493111269682999787 ) ) ;
#2839 = MECHANICAL_DESIGN_GEOMETRIC_PRESENTATION_REPRESENTATION (  '', ( #3142 ), #5265 ) ;
#2840 = ORIENTED_EDGE ( 'NONE', *, *, #3926, .T. ) ;
#2841 = DIRECTION ( 'NONE',  ( -1.151671350878000205E-15, 8.317167350573732915E-16, 1.000000000000000000 ) ) ;
#2842 = B_SPLINE_CURVE_WITH_KNOTS ( 'NONE', 3,
 ( #5924, #1544, #3455, #1099, #1575, #4524, #4027, #564 ),
 .UNSPECIFIED., .F., .F.,
 ( 4, 2, 2, 4 ),
 ( 5.538080388124467994E-16, 0.0002981900880651482079, 0.0005963801761297427137, 0.001192760352258931617 ),
 .UNSPECIFIED. ) ;
#2843 = ORIENTED_EDGE ( 'NONE', *, *, #4564, .T. ) ;
#2844 = EDGE_CURVE ( 'NONE', #3792, #3185, #776, .T. ) ;
#2845 = CARTESIAN_POINT ( 'NONE',  ( 3.020442298506000434, -3.500000000000000000, -4.829082085785000089 ) ) ;
#2846 = AXIS2_PLACEMENT_3D ( 'NONE', #6117, #5165, #847 ) ;
#2847 = ORIENTED_EDGE ( 'NONE', *, *, #1592, .F. ) ;
#2848 = VERTEX_POINT ( 'NONE', #1849 ) ;
#2849 = DIRECTION ( 'NONE',  ( 1.000000000000000000, -4.257200460399369264E-16, 2.220446049249999755E-16 ) ) ;
#2850 = ORIENTED_EDGE ( 'NONE', *, *, #2386, .F. ) ;
#2851 = CARTESIAN_POINT ( 'NONE',  ( -3.339606417124999727, -3.500000000000000000, -4.939112670297999941 ) ) ;
#2852 = CIRCLE ( 'NONE', #3861, 1.000000000000000000 ) ;
#2853 = EDGE_CURVE ( 'NONE', #6212, #2125, #3764, .T. ) ;
#2854 = CARTESIAN_POINT ( 'NONE',  ( 4.184090831422999202, 3.500000000000000000, 4.184090831422999202 ) ) ;
#2855 = CIRCLE ( 'NONE', #2254, 0.1499999999999998834 ) ;
#2856 = CYLINDRICAL_SURFACE ( 'NONE', #3847, 0.1499999999999998834 ) ;
#2857 = FACE_OUTER_BOUND ( 'NONE', #2789, .T. ) ;
#2858 = CARTESIAN_POINT ( 'NONE',  ( 0.8446029708240000433, 8.818529971301000359, 2.353547955279000181 ) ) ;
#2859 = LINE ( 'NONE', #3365, #315 ) ;
#2860 = EDGE_CURVE ( 'NONE', #4587, #363, #4246, .T. ) ;
#2861 = EDGE_CURVE ( 'NONE', #5677, #4617, #3839, .T. ) ;
#2862 = CARTESIAN_POINT ( 'NONE',  ( -7.285984436888999660, 6.886236547738000091, -1.779486991064999968 ) ) ;
#2863 = DIRECTION ( 'NONE',  ( -1.723066134217999934E-15, 6.938893903907228378E-16, 1.000000000000000000 ) ) ;
#2864 = CARTESIAN_POINT ( 'NONE',  ( -7.445476796821000498, 9.179918655064000177, 0.9045259356810000373 ) ) ;
#2865 = AXIS2_PLACEMENT_3D ( 'NONE', #272, #5033, #4028 ) ;
#2866 = ORIENTED_EDGE ( 'NONE', *, *, #2768, .F. ) ;
#2867 = CARTESIAN_POINT ( 'NONE',  ( 1.781406654273999912, 6.897088549700000293, 7.285503528965000086 ) ) ;
#2868 = ORIENTED_EDGE ( 'NONE', *, *, #5884, .F. ) ;
#2869 = ORIENTED_EDGE ( 'NONE', *, *, #3273, .T. ) ;
#2870 = DIRECTION ( 'NONE',  ( -0.3090169943750404324, -4.336808689942020201E-16, -0.9510565162951234441 ) ) ;
#2871 = CARTESIAN_POINT ( 'NONE',  ( -1.896307187527999982, 7.666718926184000082, -1.629172161549000020 ) ) ;
#2872 = CARTESIAN_POINT ( 'NONE',  ( -1.637267943700999817, 7.184347933926000351, 1.889317167052999791 ) ) ;
#2873 = ORIENTED_EDGE ( 'NONE', *, *, #1937, .T. ) ;
#2874 = DIRECTION ( 'NONE',  ( -0.8090169943751910342, 0.000000000000000000, 0.5877852522921379608 ) ) ;
#2875 = EDGE_LOOP ( 'NONE', ( #2176, #3312, #283, #5531 ) ) ;
#2876 = CARTESIAN_POINT ( 'NONE',  ( 3.996802888650999786E-15, -3.500000000000000000, 4.884981308350999589E-15 ) ) ;
#2877 = ORIENTED_EDGE ( 'NONE', *, *, #4405, .T. ) ;
#2878 = EDGE_CURVE ( 'NONE', #4451, #3876, #1818, .T. ) ;
#2879 = VERTEX_POINT ( 'NONE', #1000 ) ;
#2880 = CARTESIAN_POINT ( 'NONE',  ( 0.7662856307873444628, -0.6727543543671674620, -0.1551267130569648767 ) ) ;
#2881 = ORIENTED_EDGE ( 'NONE', *, *, #4738, .F. ) ;
#2882 = CARTESIAN_POINT ( 'NONE',  ( -1.649884692613999837, 3.500000000000000000, 5.729370427217999939 ) ) ;
#2883 = ADVANCED_FACE ( 'NONE', ( #4301 ), #4332, .T. ) ;
#2884 = AXIS2_PLACEMENT_3D ( 'NONE', #6105, #3658, #2811 ) ;
#2885 = DIRECTION ( 'NONE',  ( -0.5877852522921378498, 2.128600230199684385E-16, 0.8090169943751909232 ) ) ;
#2886 = APPLICATION_PROTOCOL_DEFINITION ( 'draft international standard', 'automotive_design', 1998, #5030 ) ;
#2887 = DIRECTION ( 'NONE',  ( -7.940816618730620390E-16, -1.000000000000000000, 1.554369229507224864E-16 ) ) ;
#2888 = CARTESIAN_POINT ( 'NONE',  ( 2.032854686956000023, -3.500000000000000000, -5.604935932989999259 ) ) ;
#2889 = DIRECTION ( 'NONE',  ( 0.5877852522921380718, -4.336808689942017736E-16, 0.8090169943751908121 ) ) ;
#2890 = AXIS2_PLACEMENT_3D ( 'NONE', #2276, #285, #3685 ) ;
#2891 = CARTESIAN_POINT ( 'NONE',  ( 0.6797460571250001360, 9.302804350600000660, 7.469401136223999593 ) ) ;
#2892 = CARTESIAN_POINT ( 'NONE',  ( -7.378789856927999935, 6.013566095454000227, -1.344417297918999887 ) ) ;
#2893 = DIRECTION ( 'NONE',  ( 0.9510565162951234441, -7.095334100665619055E-16, -0.3090169943750400994 ) ) ;
#2894 = CARTESIAN_POINT ( 'NONE',  ( -4.604819366229000011, 3.500000000000000000, -4.039133941280000251 ) ) ;
#2895 = CARTESIAN_POINT ( 'NONE',  ( 1.649884692613999837, 3.500000000000000000, -5.729370427217999939 ) ) ;
#2896 = ADVANCED_FACE ( 'NONE', ( #3860 ), #3796, .F. ) ;
#2897 = CARTESIAN_POINT ( 'NONE',  ( -3.219459129871999892, -3.500000000000000000, -5.028915951783999638 ) ) ;
#2898 = FACE_OUTER_BOUND ( 'NONE', #488, .T. ) ;
#2899 = ORIENTED_EDGE ( 'NONE', *, *, #829, .T. ) ;
#2900 = ORIENTED_EDGE ( 'NONE', *, *, #1145, .F. ) ;
#2901 = DIRECTION ( 'NONE',  ( -3.361755112286175223E-16, -1.000000000000000000, 3.427015591639660434E-16 ) ) ;
#2902 = DIRECTION ( 'NONE',  ( 0.3090169943750425974, 0.000000000000000000, -0.9510565162951225560 ) ) ;
#2903 = VERTEX_POINT ( 'NONE', #401 ) ;
#2904 = CYLINDRICAL_SURFACE ( 'NONE', #5152, 0.1499999999999999667 ) ;
#2905 = VERTEX_POINT ( 'NONE', #5664 ) ;
#2906 = CYLINDRICAL_SURFACE ( 'NONE', #3077, 0.5550000000000000488 ) ;
#2907 = B_SPLINE_CURVE_WITH_KNOTS ( 'NONE', 7,
 ( #4626, #3079, #3548, #5543, #2664, #2232, #4156, #6083, #1289, #493, #5668, #1407, #5227, #3799, #3829, #6217, #1381, #1440, #4273, #5635, #1352, #1797, #3268, #1856, #4306, #905, #374, #3362, #5727, #3327, #434, #877 ),
 .UNSPECIFIED., .F., .F.,
 ( 8, 6, 6, 6, 6, 8 ),
 ( 0.000000000000000000, 0.4386664041300000205, 0.6061621153049999711, 0.7468758604469999396, 0.8471507630250000309, 1.000000000000000000 ),
 .UNSPECIFIED. ) ;
#2908 = EDGE_LOOP ( 'NONE', ( #3438, #5624, #5426, #4170 ) ) ;
#2909 = VERTEX_POINT ( 'NONE', #3263 ) ;
#2910 = DIRECTION ( 'NONE',  ( 0.000000000000000000, 0.000000000000000000, 1.000000000000000000 ) ) ;
#2911 = VERTEX_POINT ( 'NONE', #1347 ) ;
#2912 = CYLINDRICAL_SURFACE ( 'NONE', #5053, 0.1499999999999998834 ) ;
#2913 = CARTESIAN_POINT ( 'NONE',  ( 4.939112670297999941, 3.500000000000000000, 3.339606417124999727 ) ) ;
#2914 = DIRECTION ( 'NONE',  ( -1.110223024624995933E-16, -1.000000000000000000, 1.110223024625000149E-15 ) ) ;
#2915 = CONICAL_SURFACE ( 'NONE', #519, 7.500000000000000000, 0.7853981633970000820 ) ;
#2916 = CARTESIAN_POINT ( 'NONE',  ( -5.729370427217999939, -3.500000000000000000, -1.649884692613999837 ) ) ;
#2917 = CARTESIAN_POINT ( 'NONE',  ( 3.423625928481999647, -3.500000000000000000, 5.063373370888999858 ) ) ;
#2918 = AXIS2_PLACEMENT_3D ( 'NONE', #126, #5424, #5392 ) ;
#2919 = CARTESIAN_POINT ( 'NONE',  ( 0.6347164204929999221, 9.322249677467999263, 7.473330314661000173 ) ) ;
#2920 = CARTESIAN_POINT ( 'NONE',  ( -3.757595644535999924, 3.500000000000000000, -4.820730169109999963 ) ) ;
#2921 = CIRCLE ( 'NONE', #6157, 0.1499999999999998834 ) ;
#2922 = EDGE_CURVE ( 'NONE', #2668, #2522, #20, .T. ) ;
#2923 = CIRCLE ( 'NONE', #2323, 6.112198000000001130 ) ;
#2924 = FACE_OUTER_BOUND ( 'NONE', #5547, .T. ) ;
#2925 = FILL_AREA_STYLE ('',( #1579 ) ) ;
#2926 = CARTESIAN_POINT ( 'NONE',  ( 1.340849412639671327E-14, 3.499999999999997335, -7.500000000000006217 ) ) ;
#2927 = CARTESIAN_POINT ( 'NONE',  ( 1.437900272982000072, 6.137861047643000667, 7.361056524807000123 ) ) ;
#2928 = AXIS2_PLACEMENT_3D ( 'NONE', #3475, #2910, #1027 ) ;
#2929 = ORIENTED_EDGE ( 'NONE', *, *, #2503, .F. ) ;
#2930 = FACE_OUTER_BOUND ( 'NONE', #2908, .T. ) ;
#2931 = EDGE_CURVE ( 'NONE', #2127, #5334, #3529, .T. ) ;
#2932 = CIRCLE ( 'NONE', #1629, 0.5550000000000001599 ) ;
#2933 = CARTESIAN_POINT ( 'NONE',  ( -1.959104600560999998, 6.836602419540000142, -1.553389157912999918 ) ) ;
#2934 = CARTESIAN_POINT ( 'NONE',  ( -1.483660303269000114, 6.668584844914000165, 2.013176704716000298 ) ) ;
#2935 = EDGE_LOOP ( 'NONE', ( #5187, #1022, #3059, #4679 ) ) ;
#2936 = CARTESIAN_POINT ( 'NONE',  ( 0.5773502691900000983, -1.000000000000000000, -2.024834468762999773 ) ) ;
#2937 = VERTEX_POINT ( 'NONE', #6213 ) ;
#2938 = FACE_OUTER_BOUND ( 'NONE', #1368, .T. ) ;
#2939 = VECTOR ( 'NONE', #5045, 1000.000000000000000 ) ;
#2940 = ORIENTED_EDGE ( 'NONE', *, *, #162, .T. ) ;
#2941 = FACE_OUTER_BOUND ( 'NONE', #2875, .T. ) ;
#2942 = VERTEX_POINT ( 'NONE', #874 ) ;
#2943 = ADVANCED_FACE ( 'NONE', ( #2352 ), #2912, .T. ) ;
#2944 = CARTESIAN_POINT ( 'NONE',  ( -2.074597747981000051, 8.283518848169000748, -1.396337108640000046 ) ) ;
#2945 = CONICAL_SURFACE ( 'NONE', #1143, 7.500000000000000000, 0.7853981633970000820 ) ;
#2946 = CARTESIAN_POINT ( 'NONE',  ( -3.602316712632999809E-16, -3.500000000000000000, 2.662991318690999780E-15 ) ) ;
#2947 = CARTESIAN_POINT ( 'NONE',  ( -0.9256537036670000607, 3.500000000000000000, -5.844347473592999442 ) ) ;
#2948 = FACE_OUTER_BOUND ( 'NONE', #5710, .T. ) ;
#2949 = DIRECTION ( 'NONE',  ( -5.851721321710000488E-16, -1.000000000000000000, 1.540942540396989897E-16 ) ) ;
#2950 = DIRECTION ( 'NONE',  ( -0.9510565162951234441, -7.095334100665618316E-17, 0.3090169943750400994 ) ) ;
#2951 = FACE_OUTER_BOUND ( 'NONE', #6102, .T. ) ;
#2952 = AXIS2_PLACEMENT_3D ( 'NONE', #6156, #5524, #2863 ) ;
#2953 = PLANE ( 'NONE',  #2575 ) ;
#2954 = CARTESIAN_POINT ( 'NONE',  ( -2.664535259099999805E-15, 7.400000000000000355, 7.500000000000000000 ) ) ;
#2955 = DIRECTION ( 'NONE',  ( -8.474188266847760403E-16, -1.000000000000000000, -5.059242192088281016E-16 ) ) ;
#2956 = DIRECTION ( 'NONE',  ( 5.834569784931309842E-16, -1.000000000000000000, 4.814160569353050253E-16 ) ) ;
#2957 = AXIS2_PLACEMENT_3D ( 'NONE', #4795, #2901, #2870 ) ;
#2958 = EDGE_CURVE ( 'NONE', #454, #5372, #3241, .T. ) ;
#2959 = ORIENTED_EDGE ( 'NONE', *, *, #3212, .F. ) ;
#2960 = CARTESIAN_POINT ( 'NONE',  ( -9.972615326130400579E-15, -4.699999999999993960, 7.300000000000006040 ) ) ;
#2961 = EDGE_CURVE ( 'NONE', #869, #4199, #2289, .T. ) ;
#2962 = CARTESIAN_POINT ( 'NONE',  ( -2.011708178551999460, 6.672391920767000606, -1.485683400931999909 ) ) ;
#2963 = FACE_OUTER_BOUND ( 'NONE', #1536, .T. ) ;
#2964 = VERTEX_POINT ( 'NONE', #6143 ) ;
#2965 = CARTESIAN_POINT ( 'NONE',  ( 0.5610830881120000280, 3.500000000000000000, -6.099520486024999855 ) ) ;
#2966 = ORIENTED_EDGE ( 'NONE', *, *, #843, .F. ) ;
#2967 = DIRECTION ( 'NONE',  ( 0.7071067811862306041, 0.000000000000000000, -0.7071067811868645414 ) ) ;
#2968 = EDGE_LOOP ( 'NONE', ( #3877, #2098, #3698, #3304 ) ) ;
#2970 = ORIENTED_EDGE ( 'NONE', *, *, #904, .T. ) ;
#2969 = EDGE_CURVE ( 'NONE', #284, #4871, #2816, .T. ) ;
#2971 = CARTESIAN_POINT ( 'NONE',  ( -5.560519780239999932, -3.500000000000000000, 2.176127871379999856 ) ) ;
#2972 = VERTEX_POINT ( 'NONE', #2790 ) ;
#2973 = CARTESIAN_POINT ( 'NONE',  ( -2.394996945021000023, 8.886184974550999982, -0.7183792440169999294 ) ) ;
#2974 = DIRECTION ( 'NONE',  ( 1.000000000000000000, 0.000000000000000000, 0.000000000000000000 ) ) ;
#2975 = CIRCLE ( 'NONE', #5401, 0.1499999999999997724 ) ;
#2976 = EDGE_CURVE ( 'NONE', #4587, #1111, #4237, .T. ) ;
#2977 = DIRECTION ( 'NONE',  ( -3.172031972967880239E-16, -1.000000000000000000, 4.582850377723630077E-16 ) ) ;
#2978 = DIRECTION ( 'NONE',  ( 0.3090169943750399884, 0.000000000000000000, 0.9510565162951235552 ) ) ;
#2979 = CARTESIAN_POINT ( 'NONE',  ( 0.000000000000000000, 0.000000000000000000, -4.230000000000000426 ) ) ;
#2980 = CARTESIAN_POINT ( 'NONE',  ( -2.418477214851999957, -3.500000000000000000, -5.627604495026999665 ) ) ;
#2981 = CIRCLE ( 'NONE', #2483, 0.1500000000000001332 ) ;
#2982 = DIRECTION ( 'NONE',  ( -0.9510565162951225560, 0.000000000000000000, -0.3090169943750425974 ) ) ;
#2983 = ADVANCED_FACE ( 'NONE', ( #6244 ), #3948, .T. ) ;
#2984 = CARTESIAN_POINT ( 'NONE',  ( 5.028915951783999638, 3.500000000000000000, 3.219459129871999892 ) ) ;
#2985 = CARTESIAN_POINT ( 'NONE',  ( 3.787915702019000186, -3.500000000000000000, 4.615908076795999904 ) ) ;
#2986 = CIRCLE ( 'NONE', #5812, 1.154700538379000108 ) ;
#2987 = DIRECTION ( 'NONE',  ( -7.771561172376000134E-16, -1.000000000000000000, 7.771561172375990273E-16 ) ) ;
#2988 = CARTESIAN_POINT ( 'NONE',  ( -3.552713678800999489E-15, 3.500000000000000000, 2.720046410331999950E-15 ) ) ;
#2989 = ORIENTED_EDGE ( 'NONE', *, *, #5248, .T. ) ;
#2990 = DIRECTION ( 'NONE',  ( -8.881784197000999888E-16, -1.000000000000000000, -4.440892098500999885E-16 ) ) ;
#2991 = EDGE_CURVE ( 'NONE', #1883, #3495, #2636, .T. ) ;
#2992 = EDGE_CURVE ( 'NONE', #5500, #3124, #5665, .T. ) ;
#2993 = DIRECTION ( 'NONE',  ( -2.220446049250000002E-16, 1.000000000000000000, -6.661338147751000379E-16 ) ) ;
#2994 = CARTESIAN_POINT ( 'NONE',  ( -7.369183129997999515, 8.720849473341999669, -1.396047266367000050 ) ) ;
#2995 = DIRECTION ( 'NONE',  ( -2.291255761924355334E-16, -1.000000000000000000, 6.031133114089669582E-16 ) ) ;
#2996 = ORIENTED_EDGE ( 'NONE', *, *, #2577, .F. ) ;
#2997 = DIRECTION ( 'NONE',  ( -8.881784197000999888E-16, -1.000000000000000000, -4.440892098500999885E-16 ) ) ;
#2998 = ORIENTED_EDGE ( 'NONE', *, *, #2472, .T. ) ;
#2999 = ORIENTED_EDGE ( 'NONE', *, *, #6028, .F. ) ;
#3000 = DIRECTION ( 'NONE',  ( 0.5877852522921382938, 0.000000000000000000, 0.8090169943751908121 ) ) ;
#3001 = ORIENTED_EDGE ( 'NONE', *, *, #2509, .F. ) ;
#3002 = DIRECTION ( 'NONE',  ( 0.3090169943750375459, 0.000000000000000000, 0.9510565162951243323 ) ) ;
#3003 = DIRECTION ( 'NONE',  ( -3.792461060763760146E-16, -1.000000000000000000, 8.088169506206880401E-16 ) ) ;
#3004 = EDGE_CURVE ( 'NONE', #4175, #4987, #3893, .T. ) ;
#3005 = ORIENTED_EDGE ( 'NONE', *, *, #4546, .F. ) ;
#3006 = CYLINDRICAL_SURFACE ( 'NONE', #138, 1.650000000000000355 ) ;
#3007 = DIRECTION ( 'NONE',  ( -0.9510565162951225560, 0.000000000000000000, -0.3090169943750425974 ) ) ;
#3008 = DIRECTION ( 'NONE',  ( -7.771561172376000134E-16, -1.000000000000000000, 7.771561172375990273E-16 ) ) ;
#3009 = VERTEX_POINT ( 'NONE', #2502 ) ;
#3010 = DIRECTION ( 'NONE',  ( 0.5877852522921382938, 0.000000000000000000, -0.8090169943751908121 ) ) ;
#3011 = DIRECTION ( 'NONE',  ( -1.824065275806999765E-16, 1.000000000000000000, -1.665334536937999819E-16 ) ) ;
#3012 = DIRECTION ( 'NONE',  ( -3.792461060763760146E-16, -1.000000000000000000, 8.088169506206880401E-16 ) ) ;
#3013 = CIRCLE ( 'NONE', #1630, 2.500000000000000000 ) ;
#3014 = DIRECTION ( 'NONE',  ( 1.000000000000000000, 0.000000000000000000, 0.000000000000000000 ) ) ;
#3015 = DIRECTION ( 'NONE',  ( -4.440892098500999885E-16, 1.000000000000000000, -7.771561172376000134E-16 ) ) ;
#3016 = DIRECTION ( 'NONE',  ( 0.9510565162951234441, -1.206206797113155151E-15, 0.3090169943750400994 ) ) ;
#3017 = ORIENTED_EDGE ( 'NONE', *, *, #2958, .T. ) ;
#3018 = CIRCLE ( 'NONE', #3825, 0.5550000000000001599 ) ;
#3019 = CONICAL_SURFACE ( 'NONE', #6153, 7.500000000000000000, 0.7853981633970000820 ) ;
#3020 = DIRECTION ( 'NONE',  ( -8.016537962850999983E-16, 1.000000000000000000, -9.992007221626000628E-16 ) ) ;
#3021 = CIRCLE ( 'NONE', #921, 1.000000000000000222 ) ;
#3022 = AXIS2_PLACEMENT_3D ( 'NONE', #2506, #3482, #4307 ) ;
#3023 = CARTESIAN_POINT ( 'NONE',  ( -7.465257641478000750, 9.282068442684998644, -0.7236739698700001000 ) ) ;
#3024 = ORIENTED_EDGE ( 'NONE', *, *, #4319, .T. ) ;
#3025 = EDGE_CURVE ( 'NONE', #1589, #5648, #1090, .T. ) ;
#3026 = VERTEX_POINT ( 'NONE', #143 ) ;
#3027 = CIRCLE ( 'NONE', #221, 1.000000000000000000 ) ;
#3028 = CIRCLE ( 'NONE', #5253, 2.049999999999999822 ) ;
#3029 = CYLINDRICAL_SURFACE ( 'NONE', #4707, 0.1499999999999998834 ) ;
#3030 = ORIENTED_EDGE ( 'NONE', *, *, #3544, .T. ) ;
#3031 = AXIS2_PLACEMENT_3D ( 'NONE', #2753, #6111, #801 ) ;
#3032 = ORIENTED_EDGE ( 'NONE', *, *, #5209, .F. ) ;
#3033 = FACE_OUTER_BOUND ( 'NONE', #1785, .T. ) ;
#3034 = ORIENTED_EDGE ( 'NONE', *, *, #4675, .T. ) ;
#3035 = EDGE_CURVE ( 'NONE', #1911, #1155, #3244, .T. ) ;
#3036 = EDGE_CURVE ( 'NONE', #1700, #2527, #587, .T. ) ;
#3037 = ORIENTED_EDGE ( 'NONE', *, *, #195, .T. ) ;
#3038 = DIRECTION ( 'NONE',  ( 8.137637229394930019E-17, -1.000000000000000000, 6.536891100602380010E-17 ) ) ;
#3039 = DIRECTION ( 'NONE',  ( -4.509085283320890366E-16, -1.000000000000000000, 9.835685719086491447E-16 ) ) ;
#3040 = CARTESIAN_POINT ( 'NONE',  ( 3.131282434201999809, 3.500000000000000000, 5.264412095235000422 ) ) ;
#3041 = EDGE_LOOP ( 'NONE', ( #1346, #3034, #3277, #4726 ) ) ;
#3042 = CARTESIAN_POINT ( 'NONE',  ( 3.108624468949999707E-15, -3.500000000000000000, 4.884981308350999589E-15 ) ) ;
#3043 = AXIS2_PLACEMENT_3D ( 'NONE', #2415, #2794, #6146 ) ;
#3044 = DIRECTION ( 'NONE',  ( 0.9510565162951235552, -1.562813942321446982E-15, 0.3090169943750399328 ) ) ;
#3045 = DIRECTION ( 'NONE',  ( -3.506539824390779596E-16, 0.7071067811868650965, 0.7071067811862300490 ) ) ;
#3046 = CIRCLE ( 'NONE', #5574, 1.000000000000000000 ) ;
#3047 = DIRECTION ( 'NONE',  ( -8.186025824115000202E-16, 1.000000000000000000, -9.992007221626000628E-16 ) ) ;
#3048 = CYLINDRICAL_SURFACE ( 'NONE', #2708, 1.000000000000000000 ) ;
#3049 = CARTESIAN_POINT ( 'NONE',  ( -7.500000000000000000, 7.400000000000000355, -7.993605777301000873E-15 ) ) ;
#3050 = EDGE_CURVE ( 'NONE', #4227, #2490, #531, .T. ) ;
#3051 = ADVANCED_FACE ( 'NONE', ( #1537 ), #4370, .F. ) ;
#3052 = ORIENTED_EDGE ( 'NONE', *, *, #5219, .F. ) ;
#3053 = AXIS2_PLACEMENT_3D ( 'NONE', #3661, #4588, #703 ) ;
#3054 = CARTESIAN_POINT ( 'NONE',  ( 0.000000000000000000, 0.000000000000000000, -2.620441650315000093 ) ) ;
#3055 = ADVANCED_FACE ( 'NONE', ( #5820 ), #2072, .T. ) ;
#3056 = VECTOR ( 'NONE', #3717, 1000.000000000000000 ) ;
#3057 = CARTESIAN_POINT ( 'NONE',  ( -7.410588097423999265, 8.985074329686998595, -1.155481799990999869 ) ) ;
#3058 = EDGE_LOOP ( 'NONE', ( #583, #3256, #6133, #5748 ) ) ;
#3059 = ORIENTED_EDGE ( 'NONE', *, *, #5705, .F. ) ;
#3060 = AXIS2_PLACEMENT_3D ( 'NONE', #4129, #4632, #6056 ) ;
#3061 = CARTESIAN_POINT ( 'NONE',  ( -5.329070518201000674E-15, 3.500000000000000000, -1.554312234475000050E-15 ) ) ;
#3062 = ORIENTED_EDGE ( 'NONE', *, *, #65, .F. ) ;
#3063 = EDGE_CURVE ( 'NONE', #5620, #6161, #5882, .T. ) ;
#3064 = AXIS2_PLACEMENT_3D ( 'NONE', #5231, #909, #4910 ) ;
#3065 = ORIENTED_EDGE ( 'NONE', *, *, #6180, .F. ) ;
#3066 = CARTESIAN_POINT ( 'NONE',  ( 0.2037662900720517145, -1.000000000000000666, -0.1382651969907968681 ) ) ;
#3067 = EDGE_LOOP ( 'NONE', ( #6130, #3502, #2212, #671 ) ) ;
#3068 = LINE ( 'NONE', #2130, #1487 ) ;
#3069 = PRODUCT_DEFINITION ( 'UNKNOWN', '', #4796, #3805 ) ;
#3070 = EDGE_CURVE ( 'NONE', #6161, #571, #4722, .T. ) ;
#3071 = ORIENTED_EDGE ( 'NONE', *, *, #4780, .F. ) ;
#3072 = DIRECTION ( 'NONE',  ( -9.705107454703460192E-16, -1.000000000000000000, -7.516940583779200002E-16 ) ) ;
#3073 = DIRECTION ( 'NONE',  ( -1.000000000000000000, 0.000000000000000000, 0.000000000000000000 ) ) ;
#3074 = CARTESIAN_POINT ( 'NONE',  ( 4.745353062257184204E-15, 10.99999999999999822, -2.500000000000013323 ) ) ;
#3075 = ORIENTED_EDGE ( 'NONE', *, *, #3180, .T. ) ;
#3076 = DIRECTION ( 'NONE',  ( 2.838796142837000101E-16, 1.000000000000000000, -2.775557561563000312E-16 ) ) ;
#3077 = AXIS2_PLACEMENT_3D ( 'NONE', #5340, #1024, #3818 ) ;
#3078 = DIRECTION ( 'NONE',  ( 1.392798170799555979E-17, -1.000000000000000000, 4.529477758377419813E-16 ) ) ;
#3079 = CARTESIAN_POINT ( 'NONE',  ( -1.824656580445999987, 7.569831955248999655, 7.274656580445999943 ) ) ;
#3080 = CARTESIAN_POINT ( 'NONE',  ( -1.380342898347999947, -3.500000000000000000, -5.526097986177999744 ) ) ;
#3081 = CYLINDRICAL_SURFACE ( 'NONE', #1829, 0.9999999999999995559 ) ;
#3082 =( GEOMETRIC_REPRESENTATION_CONTEXT ( 3 ) GLOBAL_UNCERTAINTY_ASSIGNED_CONTEXT ( ( #2446 ) ) GLOBAL_UNIT_ASSIGNED_CONTEXT ( ( #2144, #5993, #6081 ) ) REPRESENTATION_CONTEXT ( 'NONE', 'WORKASPACE' ) );
#3083 = CIRCLE ( 'NONE', #264, 2.500000000000000000 ) ;
#3084 = ORIENTED_EDGE ( 'NONE', *, *, #3676, .F. ) ;
#3085 = FACE_BOUND ( 'NONE', #5339, .T. ) ;
#3086 = CONICAL_SURFACE ( 'NONE', #2383, 1.600000000000000089, 0.7853981633970000820 ) ;
#3087 = ADVANCED_FACE ( 'NONE', ( #1047 ), #1078, .T. ) ;
#3088 = CARTESIAN_POINT ( 'NONE',  ( -2.074031944544000527, 6.517757296723999616, -1.397205450726000109 ) ) ;
#3089 = DIRECTION ( 'NONE',  ( -4.440892098500999885E-16, -1.000000000000000000, 3.330669073875000249E-16 ) ) ;
#3090 = ORIENTED_EDGE ( 'NONE', *, *, #5870, .T. ) ;
#3091 = CIRCLE ( 'NONE', #1474, 6.112197999999997577 ) ;
#3092 = ORIENTED_EDGE ( 'NONE', *, *, #5386, .F. ) ;
#3093 = LINE ( 'NONE', #5018, #4296 ) ;
#3094 = VERTEX_POINT ( 'NONE', #69 ) ;
#3095 = ORIENTED_EDGE ( 'NONE', *, *, #5683, .F. ) ;
#3096 = DIRECTION ( 'NONE',  ( 3.330669073875000249E-16, 1.000000000000000000, -8.881784197000999888E-16 ) ) ;
#3097 = ORIENTED_EDGE ( 'NONE', *, *, #1981, .T. ) ;
#3098 = CARTESIAN_POINT ( 'NONE',  ( -1.154700538379000108, 4.996003610813000314E-16, -2.024834468762999773 ) ) ;
#3099 = ORIENTED_EDGE ( 'NONE', *, *, #2116, .T. ) ;
#3100 = CARTESIAN_POINT ( 'NONE',  ( 5.063373370888999858, -3.500000000000000000, -3.423625928481999647 ) ) ;
#3101 = CYLINDRICAL_SURFACE ( 'NONE', #3326, 0.1500000000000001332 ) ;
#3102 = FACE_OUTER_BOUND ( 'NONE', #4715, .T. ) ;
#3103 = ORIENTED_EDGE ( 'NONE', *, *, #5331, .F. ) ;
#3104 = FACE_OUTER_BOUND ( 'NONE', #201, .T. ) ;
#3105 = EDGE_CURVE ( 'NONE', #3656, #3124, #1998, .T. ) ;
#3106 = DIRECTION ( 'NONE',  ( -0.8090169943751908121, 0.000000000000000000, 0.5877852522921382938 ) ) ;
#3107 = DIRECTION ( 'NONE',  ( 6.661338147751000379E-16, -1.000000000000000000, 1.110223024624999878E-16 ) ) ;
#3108 = CARTESIAN_POINT ( 'NONE',  ( -2.354242668005999573, 5.980298401058000479, 0.8428227947509999707 ) ) ;
#3109 = CARTESIAN_POINT ( 'NONE',  ( 1.227523534683999884, 8.509480136999998834, 2.179858622489999842 ) ) ;
#3110 = DIRECTION ( 'NONE',  ( 2.199496035544559835E-17, -1.000000000000000000, 2.859514670765540345E-16 ) ) ;
#3111 = ORIENTED_EDGE ( 'NONE', *, *, #4675, .F. ) ;
#3112 = DIRECTION ( 'NONE',  ( 0.3090169943750399328, -7.814069711607234909E-16, -0.9510565162951235552 ) ) ;
#3113 = CARTESIAN_POINT ( 'NONE',  ( -7.473346670015000193, 5.477669652003000600, 0.6345230762870001096 ) ) ;
#3114 = CARTESIAN_POINT ( 'NONE',  ( 5.264412095235000422, -3.500000000000000000, -3.131282434201999809 ) ) ;
#3115 = CIRCLE ( 'NONE', #3216, 2.799999999999999822 ) ;
#3116 = ORIENTED_EDGE ( 'NONE', *, *, #2578, .T. ) ;
#3117 = AXIS2_PLACEMENT_3D ( 'NONE', #1042, #2955, #1993 ) ;
#3118 = ORIENTED_EDGE ( 'NONE', *, *, #3132, .T. ) ;
#3119 = DIRECTION ( 'NONE',  ( -0.5877852522921382938, 0.000000000000000000, -0.8090169943751908121 ) ) ;
#3120 = AXIS2_PLACEMENT_3D ( 'NONE', #108, #1469, #2036 ) ;
#3121 = VECTOR ( 'NONE', #398, 1000.000000000000000 ) ;
#3122 = ORIENTED_EDGE ( 'NONE', *, *, #5016, .T. ) ;
#3123 = CARTESIAN_POINT ( 'NONE',  ( -3.863576125695998040E-15, -4.399999999999998579, 2.499999999999998224 ) ) ;
#3124 = VERTEX_POINT ( 'NONE', #2492 ) ;
#3125 = AXIS2_PLACEMENT_3D ( 'NONE', #1118, #4368, #5435 ) ;
#3126 = CIRCLE ( 'NONE', #5047, 0.5550000000000001599 ) ;
#3127 =( BOUNDED_CURVE ( )  B_SPLINE_CURVE ( 2, ( #2936, #3913, #578 ),
 .UNSPECIFIED., .F., .T. ) 
 B_SPLINE_CURVE_WITH_KNOTS ( ( 3, 3 ),
 ( 0.000000000000000000, 1.000000000000000000 ),
 .UNSPECIFIED. ) 
 CURVE ( )  GEOMETRIC_REPRESENTATION_ITEM ( )  RATIONAL_B_SPLINE_CURVE ( ( 1.000000000000000000, 1.154700538379394015, 1.000000000000000000 ) ) 
 REPRESENTATION_ITEM ( '' )  );
#3128 = DIRECTION ( 'NONE',  ( -6.813714695492999982E-16, 1.000000000000000000, -7.216449660064000690E-16 ) ) ;
#3129 = AXIS2_PLACEMENT_3D ( 'NONE', #5612, #718, #1292 ) ;
#3130 = ORIENTED_EDGE ( 'NONE', *, *, #3534, .T. ) ;
#3131 = CYLINDRICAL_SURFACE ( 'NONE', #5773, 0.5549999999999999378 ) ;
#3132 = EDGE_CURVE ( 'NONE', #4703, #3532, #936, .T. ) ;
#3133 = CARTESIAN_POINT ( 'NONE',  ( 2.220446049249999903E-15, -3.500000000000000000, -4.440892098500999885E-16 ) ) ;
#3134 = FACE_OUTER_BOUND ( 'NONE', #1866, .T. ) ;
#3135 = ORIENTED_EDGE ( 'NONE', *, *, #4537, .F. ) ;
#3136 = CYLINDRICAL_SURFACE ( 'NONE', #5970, 0.1500000000000001332 ) ;
#3137 = AXIS2_PLACEMENT_3D ( 'NONE', #186, #2080, #3542 ) ;
#3138 = DIRECTION ( 'NONE',  ( -6.154821860400110401E-16, -1.000000000000000000, 2.722574071512330408E-16 ) ) ;
#3139 = DIRECTION ( 'NONE',  ( -1.110223024624995933E-16, -1.000000000000000000, 1.110223024625000149E-15 ) ) ;
#3140 = EDGE_CURVE ( 'NONE', #6212, #1879, #1337, .T. ) ;
#3141 = DIRECTION ( 'NONE',  ( 1.829647544582000068E-15, 6.938893903907228378E-16, 1.000000000000000000 ) ) ;
#3142 = STYLED_ITEM ( 'NONE', ( #3488 ), #3291 ) ;
#3143 = CARTESIAN_POINT ( 'NONE',  ( -2.041846487937000187, 6.594073768513000644, 1.444231736054999882 ) ) ;
#3144 = CARTESIAN_POINT ( 'NONE',  ( 1.396337108640000046, 6.516481151830999075, 2.074597747981000051 ) ) ;
#3145 = CARTESIAN_POINT ( 'NONE',  ( -2.131438036170000050, -3.500000000000000000, -5.282052382155000281 ) ) ;
#3146 = ORIENTED_EDGE ( 'NONE', *, *, #2403, .T. ) ;
#3147 = CARTESIAN_POINT ( 'NONE',  ( -7.771561172369993944E-16, 11.00000000000000178, 2.499999999999986677 ) ) ;
#3148 = CIRCLE ( 'NONE', #1548, 0.5550000000000001599 ) ;
#3149 = CARTESIAN_POINT ( 'NONE',  ( -7.494046339815001012, 5.377796505544000460, 0.3182139533439999890 ) ) ;
#3150 = CARTESIAN_POINT ( 'NONE',  ( -5.604935932989999259, -3.500000000000000000, -2.032854686956000023 ) ) ;
#3151 = AXIS2_PLACEMENT_3D ( 'NONE', #266, #2135, #1187 ) ;
#3152 = ORIENTED_EDGE ( 'NONE', *, *, #1929, .F. ) ;
#3153 = ORIENTED_EDGE ( 'NONE', *, *, #3233, .T. ) ;
#3154 = FACE_OUTER_BOUND ( 'NONE', #860, .T. ) ;
#3155 = CIRCLE ( 'NONE', #3863, 1.000000000000000000 ) ;
#3156 = EDGE_CURVE ( 'NONE', #4317, #4794, #2671, .T. ) ;
#3157 = EDGE_CURVE ( 'NONE', #2745, #3727, #6027, .T. ) ;
#3158 = ORIENTED_EDGE ( 'NONE', *, *, #99, .F. ) ;
#3159 = CYLINDRICAL_SURFACE ( 'NONE', #113, 1.000000000000000222 ) ;
#3160 = ORIENTED_EDGE ( 'NONE', *, *, #5472, .T. ) ;
#3161 = PRESENTATION_STYLE_ASSIGNMENT (( #4082 ) ) ;
#3162 = CIRCLE ( 'NONE', #1463, 0.1499999999999998834 ) ;
#3163 = EDGE_CURVE ( 'NONE', #2396, #2075, #5109, .T. ) ;
#3164 = ORIENTED_EDGE ( 'NONE', *, *, #56, .T. ) ;
#3165 = FACE_OUTER_BOUND ( 'NONE', #4485, .T. ) ;
#3166 = DIRECTION ( 'NONE',  ( 0.8090169943751910342, -4.336808689942016750E-16, -0.5877852522921379608 ) ) ;
#3167 = DIRECTION ( 'NONE',  ( -2.032009205199439769E-16, -1.000000000000000000, 7.591712514570610385E-16 ) ) ;
#3168 = ORIENTED_EDGE ( 'NONE', *, *, #3686, .T. ) ;
#3169 = DIRECTION ( 'NONE',  ( -1.000000000000000000, 0.000000000000000000, 0.000000000000000000 ) ) ;
#3170 = EDGE_CURVE ( 'NONE', #3918, #260, #3845, .T. ) ;
#3171 = CARTESIAN_POINT ( 'NONE',  ( 3.665380152387999857, -3.500000000000000000, -4.702424197123000305 ) ) ;
#3172 = DIRECTION ( 'NONE',  ( -4.430643061698730400E-16, -1.000000000000000000, 4.591361739355039952E-16 ) ) ;
#3173 = DIRECTION ( 'NONE',  ( 0.000000000000000000, 0.000000000000000000, -1.000000000000000000 ) ) ;
#3174 = CARTESIAN_POINT ( 'NONE',  ( -4.615908076795999904, -3.500000000000000000, 3.787915702019000186 ) ) ;
#3175 = CARTESIAN_POINT ( 'NONE',  ( -2.131438036170000050, -3.500000000000000000, -5.282052382155000281 ) ) ;
#3176 = CARTESIAN_POINT ( 'NONE',  ( -3.131282434201999809, -3.500000000000000000, -5.264412095235000422 ) ) ;
#3177 = ORIENTED_EDGE ( 'NONE', *, *, #3070, .F. ) ;
#3178 = EDGE_CURVE ( 'NONE', #642, #192, #3346, .T. ) ;
#3179 = LINE ( 'NONE', #2150, #1658 ) ;
#3180 = EDGE_CURVE ( 'NONE', #284, #5718, #2146, .T. ) ;
#3181 = AXIS2_PLACEMENT_3D ( 'NONE', #6020, #6183, #1821 ) ;
#3182 = CARTESIAN_POINT ( 'NONE',  ( -7.460951082004000590, 5.539753755588999518, 0.7662659273980000352 ) ) ;
#3183 = DIRECTION ( 'NONE',  ( -8.474188266847760403E-16, -1.000000000000000000, -5.059242192088281016E-16 ) ) ;
#3184 = ORIENTED_EDGE ( 'NONE', *, *, #1934, .F. ) ;
#3185 = VERTEX_POINT ( 'NONE', #4131 ) ;
#3186 = CARTESIAN_POINT ( 'NONE',  ( -0.3948740821140000468, -3.500000000000000000, -5.682180913094000196 ) ) ;
#3187 = CIRCLE ( 'NONE', #4990, 7.299999999999999822 ) ;
#3188 = ORIENTED_EDGE ( 'NONE', *, *, #5486, .F. ) ;
#3189 = FACE_OUTER_BOUND ( 'NONE', #2968, .T. ) ;
#3190 = ORIENTED_EDGE ( 'NONE', *, *, #2132, .F. ) ;
#3191 = ADVANCED_FACE ( 'NONE', ( #2179 ), #1137, .T. ) ;
#3192 = DIRECTION ( 'NONE',  ( 0.000000000000000000, 1.000000000000000000, 0.000000000000000000 ) ) ;
#3193 = ORIENTED_EDGE ( 'NONE', *, *, #1661, .T. ) ;
#3194 = CARTESIAN_POINT ( 'NONE',  ( -3.131282434201999809, 3.500000000000000000, -5.264412095235000422 ) ) ;
#3195 = CARTESIAN_POINT ( 'NONE',  ( 0.2064046357350000083, -3.500000000000000000, 6.108711936043000001 ) ) ;
#3196 = CYLINDRICAL_SURFACE ( 'NONE', #807, 0.9999999999999994449 ) ;
#3197 = EDGE_LOOP ( 'NONE', ( #2592, #5940, #3062, #3190 ) ) ;
#3198 = DIRECTION ( 'NONE',  ( 6.661338147751000379E-16, -1.000000000000000000, 1.110223024624999878E-16 ) ) ;
#3199 = EDGE_CURVE ( 'NONE', #1087, #726, #4669, .T. ) ;
#3200 = FACE_OUTER_BOUND ( 'NONE', #5938, .T. ) ;
#3201 = FACE_OUTER_BOUND ( 'NONE', #4203, .T. ) ;
#3202 = DIRECTION ( 'NONE',  ( -2.600750700400725345E-16, -1.000000000000000000, 3.585825829835670308E-16 ) ) ;
#3203 = CARTESIAN_POINT ( 'NONE',  ( -2.418477214851999957, -3.500000000000000000, 5.627604495026999665 ) ) ;
#3204 =( BOUNDED_CURVE ( )  B_SPLINE_CURVE ( 2, ( #2610, #4534, #5551 ),
 .UNSPECIFIED., .F., .F. ) 
 B_SPLINE_CURVE_WITH_KNOTS ( ( 3, 3 ),
 ( 0.000000000000000000, 1.000000000000000000 ),
 .UNSPECIFIED. ) 
 CURVE ( )  GEOMETRIC_REPRESENTATION_ITEM ( )  RATIONAL_B_SPLINE_CURVE ( ( 1.000000000000000000, 1.154700538379394015, 1.000000000000000000 ) ) 
 REPRESENTATION_ITEM ( '' )  );
#3205 = DIRECTION ( 'NONE',  ( -2.616826822693999873E-16, 1.000000000000000000, -8.326672684689000444E-16 ) ) ;
#3206 = CARTESIAN_POINT ( 'NONE',  ( 2.083998275786999699, -3.500000000000000000, -5.745947752783999718 ) ) ;
#3207 = ORIENTED_EDGE ( 'NONE', *, *, #3199, .T. ) ;
#3208 = DIRECTION ( 'NONE',  ( -1.426690680790615127E-15, -0.7071067811868638753, 0.7071067811862310482 ) ) ;
#3209 = CARTESIAN_POINT ( 'NONE',  ( -7.378906246368000410, 6.013592702061999695, 1.343126700251999983 ) ) ;
#3210 = CARTESIAN_POINT ( 'NONE',  ( 1.507867092026000000, -3.500000000000000000, 5.777650869670999612 ) ) ;
#3211 = DIRECTION ( 'NONE',  ( -3.172031972967880239E-16, -1.000000000000000000, 4.582850377723630077E-16 ) ) ;
#3212 = EDGE_CURVE ( 'NONE', #3532, #1220, #4157, .T. ) ;
#3213 = ORIENTED_EDGE ( 'NONE', *, *, #5905, .T. ) ;
#3214 = ORIENTED_EDGE ( 'NONE', *, *, #5432, .F. ) ;
#3215 = FACE_OUTER_BOUND ( 'NONE', #1995, .T. ) ;
#3216 = AXIS2_PLACEMENT_3D ( 'NONE', #3509, #5444, #4496 ) ;
#3217 = ORIENTED_EDGE ( 'NONE', *, *, #2189, .F. ) ;
#3218 = DIRECTION ( 'NONE',  ( 0.8090169943751908121, 0.000000000000000000, 0.5877852522921382938 ) ) ;
#3219 = ORIENTED_EDGE ( 'NONE', *, *, #2844, .T. ) ;
#3220 = AXIS2_PLACEMENT_3D ( 'NONE', #1847, #1345, #2849 ) ;
#3221 = AXIS2_PLACEMENT_3D ( 'NONE', #5476, #1162, #3073 ) ;
#3222 = DIRECTION ( 'NONE',  ( 1.606712545748999927E-16, 1.000000000000000000, -1.110223024624999878E-16 ) ) ;
#3223 = VERTEX_POINT ( 'NONE', #4536 ) ;
#3224 = EDGE_CURVE ( 'NONE', #3009, #1492, #4070, .T. ) ;
#3225 = CARTESIAN_POINT ( 'NONE',  ( 1.154700538379000108, 0.000000000000000000, -2.024834468762999773 ) ) ;
#3226 = CARTESIAN_POINT ( 'NONE',  ( 5.526097986176999655, -3.500000000000000000, 1.380342898347999947 ) ) ;
#3227 = CIRCLE ( 'NONE', #4344, 6.112197999999997577 ) ;
#3228 = VERTEX_POINT ( 'NONE', #3611 ) ;
#3229 = DIRECTION ( 'NONE',  ( -2.102229502100239890E-16, -1.000000000000000000, 1.689107043557915094E-17 ) ) ;
#3230 = DIRECTION ( 'NONE',  ( 0.9510565162951234441, -8.673617379884040402E-16, -0.3090169943750404324 ) ) ;
#3231 = AXIS2_PLACEMENT_3D ( 'NONE', #3740, #6121, #2639 ) ;
#3232 = EDGE_CURVE ( 'NONE', #2964, #295, #323, .T. ) ;
#3233 = EDGE_CURVE ( 'NONE', #726, #3499, #1715, .T. ) ;
#3234 = CIRCLE ( 'NONE', #1520, 0.9999999999999994449 ) ;
#3235 = PRODUCT_CONTEXT ( 'NONE', #5030, 'mechanical' ) ;
#3236 = CARTESIAN_POINT ( 'NONE',  ( -5.526097986176999655, -3.500000000000000000, -1.380342898347999947 ) ) ;
#3237 = EDGE_CURVE ( 'NONE', #3228, #4365, #1943, .T. ) ;
#3238 = DIRECTION ( 'NONE',  ( 0.000000000000000000, 4.336808689942017736E-16, 1.000000000000000000 ) ) ;
#3239 = CARTESIAN_POINT ( 'NONE',  ( 1.635246072238000004, 7.153817775457000927, 1.891125635013000128 ) ) ;
#3240 = CARTESIAN_POINT ( 'NONE',  ( -6.280161575965701024E-15, 11.30000000000000426, 7.299999999999990052 ) ) ;
#3241 = CIRCLE ( 'NONE', #524, 1.154700538379000108 ) ;
#3242 = ORIENTED_EDGE ( 'NONE', *, *, #5098, .F. ) ;
#3243 = CARTESIAN_POINT ( 'NONE',  ( -7.500000000000000000, 5.349999999999999645, -0.08032414207271999784 ) ) ;
#3244 = CIRCLE ( 'NONE', #1437, 0.1499999999999998834 ) ;
#3245 = DIRECTION ( 'NONE',  ( -0.9510565162951234441, -7.095334100665618316E-17, 0.3090169943750400994 ) ) ;
#3246 = EDGE_CURVE ( 'NONE', #1204, #775, #4554, .T. ) ;
#3247 = CARTESIAN_POINT ( 'NONE',  ( 7.940907774868470359E-15, -4.700000000000006395, -7.299999999999993605 ) ) ;
#3248 = DIRECTION ( 'NONE',  ( -1.292281125508035802E-16, -1.000000000000000000, 6.652142707626950164E-16 ) ) ;
#3249 = ORIENTED_EDGE ( 'NONE', *, *, #767, .F. ) ;
#3250 = VERTEX_POINT ( 'NONE', #5766 ) ;
#3251 = AXIS2_PLACEMENT_3D ( 'NONE', #3577, #2145, #810 ) ;
#3252 = DIRECTION ( 'NONE',  ( 0.000000000000000000, 0.000000000000000000, 1.000000000000000000 ) ) ;
#3253 = AXIS2_PLACEMENT_3D ( 'NONE', #1004, #2914, #3956 ) ;
#3254 = ORIENTED_EDGE ( 'NONE', *, *, #5240, .T. ) ;
#3255 = DIRECTION ( 'NONE',  ( -2.446747080494690140E-16, -1.000000000000000000, 5.995138749812960544E-16 ) ) ;
#3256 = ORIENTED_EDGE ( 'NONE', *, *, #2931, .T. ) ;
#3257 = AXIS2_PLACEMENT_3D ( 'NONE', #256, #2180, #5618 ) ;
#3258 = CARTESIAN_POINT ( 'NONE',  ( 4.364879761826999882, -3.500000000000000000, -3.659361984642999666 ) ) ;
#3259 = EDGE_LOOP ( 'NONE', ( #5022, #3207, #3153, #4898, #2370 ) ) ;
#3260 = CARTESIAN_POINT ( 'NONE',  ( -6.805667140955501194E-15, 11.10000000000000497, 7.499999999999989342 ) ) ;
#3261 = CARTESIAN_POINT ( 'NONE',  ( 5.729370427217999939, -3.500000000000000000, -1.649884692613999837 ) ) ;
#3262 = ORIENTED_EDGE ( 'NONE', *, *, #758, .T. ) ;
#3263 = CARTESIAN_POINT ( 'NONE',  ( 4.820730169109999963, 3.500000000000000000, 3.757595644535999924 ) ) ;
#3264 = EDGE_CURVE ( 'NONE', #81, #161, #728, .T. ) ;
#3265 = ADVANCED_FACE ( 'NONE', ( #1550 ), #3515, .F. ) ;
#3266 = CARTESIAN_POINT ( 'NONE',  ( -1.471102178902999880, 6.188693325331000139, 7.354399128240999950 ) ) ;
#3267 = AXIS2_PLACEMENT_3D ( 'NONE', #2297, #4217, #497 ) ;
#3268 = CARTESIAN_POINT ( 'NONE',  ( -0.6790546855230000789, 9.303126405890999706, 7.469465594773999406 ) ) ;
#3269 = CARTESIAN_POINT ( 'NONE',  ( -1.910202020559000013, 7.749465727840000540, 1.612817730796999971 ) ) ;
#3270 = CARTESIAN_POINT ( 'NONE',  ( 0.4757266329059999799, 8.986735953919000153, 2.458441875079000027 ) ) ;
#3271 = CARTESIAN_POINT ( 'NONE',  ( 0.1604406310830000237, 9.445338154018999788, 7.498999330183999668 ) ) ;
#3272 = DIRECTION ( 'NONE',  ( -0.9510565162951234441, 0.000000000000000000, -0.3090169943750403769 ) ) ;
#3273 = EDGE_CURVE ( 'NONE', #824, #4609, #5962, .T. ) ;
#3274 = CARTESIAN_POINT ( 'NONE',  ( -7.277589628444999903, 7.135100829935000277, 1.812951554293000145 ) ) ;
#3275 = EDGE_LOOP ( 'NONE', ( #2699, #3473, #5178, #1714 ) ) ;
#3276 = CARTESIAN_POINT ( 'NONE',  ( 7.072120666861999776E-15, 11.09999999999999964, -1.018074513581000051E-14 ) ) ;
#3277 = ORIENTED_EDGE ( 'NONE', *, *, #958, .F. ) ;
#3278 = ORIENTED_EDGE ( 'NONE', *, *, #1350, .T. ) ;
#3279 = DIRECTION ( 'NONE',  ( -1.000000000000000000, 1.419066820133123170E-16, 2.334869823773000567E-16 ) ) ;
#3280 = EDGE_CURVE ( 'NONE', #1455, #2278, #3905, .T. ) ;
#3281 = AXIS2_PLACEMENT_3D ( 'NONE', #4783, #1439, #4213 ) ;
#3282 = PRODUCT_DEFINITION_SHAPE ( 'NONE', 'NONE',  #3069 ) ;
#3283 = ORIENTED_EDGE ( 'NONE', *, *, #4083, .T. ) ;
#3284 = DIRECTION ( 'NONE',  ( -0.3090169943750404324, -4.336808689942020201E-16, -0.9510565162951234441 ) ) ;
#3285 = EDGE_CURVE ( 'NONE', #1690, #192, #6112, .T. ) ;
#3286 = AXIS2_PLACEMENT_3D ( 'NONE', #2447, #19, #2885 ) ;
#3287 = ORIENTED_EDGE ( 'NONE', *, *, #743, .T. ) ;
#3288 = CYLINDRICAL_SURFACE ( 'NONE', #3791, 6.112197999999997577 ) ;
#3289 = MECHANICAL_DESIGN_GEOMETRIC_PRESENTATION_REPRESENTATION (  '', ( #4606 ), #1787 ) ;
#3290 = ORIENTED_EDGE ( 'NONE', *, *, #5098, .T. ) ;
#3291 = MANIFOLD_SOLID_BREP ( 'GT2_Pulley_20T_6mm[1]', #1413 ) ;
#3292 = DIRECTION ( 'NONE',  ( -6.813714695492999982E-16, 1.000000000000000000, -7.216449660064000690E-16 ) ) ;
#3293 = CARTESIAN_POINT ( 'NONE',  ( 3.665380152386999768, 3.500000000000000000, 4.702424197123000305 ) ) ;
#3294 = ORIENTED_EDGE ( 'NONE', *, *, #1079, .T. ) ;
#3295 = DIRECTION ( 'NONE',  ( 2.901217823758254970E-16, -1.000000000000000000, 7.770832213369319878E-16 ) ) ;
#3296 = CARTESIAN_POINT ( 'NONE',  ( 5.526097986177999744, -3.500000000000000000, 1.380342898347999947 ) ) ;
#3297 = PRODUCT_CONTEXT ( 'NONE', #3736, 'mechanical' ) ;
#3298 = FACE_OUTER_BOUND ( 'NONE', #4778, .T. ) ;
#3299 = CARTESIAN_POINT ( 'NONE',  ( -2.074565635901999716, 8.283419865041000918, 1.396369523753999919 ) ) ;
#3300 = CARTESIAN_POINT ( 'NONE',  ( -5.264412095235000422, -3.500000000000000000, 3.131282434201999809 ) ) ;
#3301 = CARTESIAN_POINT ( 'NONE',  ( 1.155481799990999869, 8.985074329686998595, 7.410588097423999265 ) ) ;
#3302 = CARTESIAN_POINT ( 'NONE',  ( 1.824656580445999987, 7.400000000000000355, 7.274656580445999943 ) ) ;
#3303 = CARTESIAN_POINT ( 'NONE',  ( -7.490260189180999006, 9.404325763848000008, 0.3941468127990000458 ) ) ;
#3304 = ORIENTED_EDGE ( 'NONE', *, *, #390, .F. ) ;
#3305 = CARTESIAN_POINT ( 'NONE',  ( 1.351336841308999892, 6.021612443988000329, 7.377555541878000334 ) ) ;
#3307 = EDGE_CURVE ( 'NONE', #959, #1801, #2542, .T. ) ;
#3306 = ORIENTED_EDGE ( 'NONE', *, *, #1342, .T. ) ;
#3308 = VERTEX_POINT ( 'NONE', #1136 ) ;
#3309 = DIRECTION ( 'NONE',  ( -5.851721321710000488E-16, -1.000000000000000000, 1.540942540396989897E-16 ) ) ;
#3310 = ADVANCED_FACE ( 'NONE', ( #5863 ), #5360, .F. ) ;
#3311 = CARTESIAN_POINT ( 'NONE',  ( -1.628829009381999926, 7.131106955628999877, 1.896603508759999945 ) ) ;
#3312 = ORIENTED_EDGE ( 'NONE', *, *, #2277, .T. ) ;
#3313 = PLANE ( 'NONE',  #4138 ) ;
#3314 = ORIENTED_EDGE ( 'NONE', *, *, #5203, .T. ) ;
#3315 = CARTESIAN_POINT ( 'NONE',  ( -2.032854686956000023, -3.500000000000000000, 5.604935932989999259 ) ) ;
#3316 = ORIENTED_EDGE ( 'NONE', *, *, #3063, .T. ) ;
#3317 = ORIENTED_EDGE ( 'NONE', *, *, #4866, .T. ) ;
#3318 = CARTESIAN_POINT ( 'NONE',  ( -2.131438036170000050, -3.500000000000000000, 5.282052382155000281 ) ) ;
#3319 = EDGE_CURVE ( 'NONE', #4196, #4399, #627, .T. ) ;
#3320 = ORIENTED_EDGE ( 'NONE', *, *, #3343, .F. ) ;
#3321 = DIRECTION ( 'NONE',  ( -2.446747080494690140E-16, -1.000000000000000000, 5.995138749812960544E-16 ) ) ;
#3322 = CARTESIAN_POINT ( 'NONE',  ( -0.9054533865610000509, 5.620678145421999616, 7.445364127238000229 ) ) ;
#3323 =( LENGTH_UNIT ( ) NAMED_UNIT ( * ) SI_UNIT ( .MILLI., .METRE. ) );
#3324 = ADVANCED_FACE ( 'NONE', ( #189 ), #4862, .F. ) ;
#3325 = AXIS2_PLACEMENT_3D ( 'NONE', #2780, #357, #325 ) ;
#3326 = AXIS2_PLACEMENT_3D ( 'NONE', #2105, #1600, #4469 ) ;
#3327 = CARTESIAN_POINT ( 'NONE',  ( -0.1600896790559999949, 9.445358583400000896, 7.499003723829000378 ) ) ;
#3328 = DIRECTION ( 'NONE',  ( -6.813714695492999982E-16, 1.000000000000000000, -7.216449660064000690E-16 ) ) ;
#3329 = DIRECTION ( 'NONE',  ( -4.440892098500999885E-16, -1.000000000000000000, 5.551115123126000625E-16 ) ) ;
#3330 = CARTESIAN_POINT ( 'NONE',  ( 0.08020602563476998681, 9.450000022691998680, 7.500000008020998976 ) ) ;
#3331 = CIRCLE ( 'NONE', #5959, 6.112197999999997577 ) ;
#3332 = VECTOR ( 'NONE', #5425, 1000.000000000000114 ) ;
#3333 = CARTESIAN_POINT ( 'NONE',  ( -7.465240957549999834, 5.518016891190000273, -0.7238299931839999868 ) ) ;
#3334 = ADVANCED_FACE ( 'NONE', ( #4477 ), #435, .F. ) ;
#3335 =( REPRESENTATION_RELATIONSHIP ('NONE','NONE', #4389, #1405 ) REPRESENTATION_RELATIONSHIP_WITH_TRANSFORMATION ( #525 )SHAPE_REPRESENTATION_RELATIONSHIP( ) );
#3336 = CARTESIAN_POINT ( 'NONE',  ( -7.315065117051000598, 6.539244878829999941, 1.655362972730999971 ) ) ;
#3337 = VECTOR ( 'NONE', #135, 1000.000000000000000 ) ;
#3338 = VERTEX_POINT ( 'NONE', #4412 ) ;
#3339 = CARTESIAN_POINT ( 'NONE',  ( 5.844347473592999442, 3.500000000000000000, 0.9256537036670000607 ) ) ;
#3340 = VERTEX_POINT ( 'NONE', #3965 ) ;
#3341 = ORIENTED_EDGE ( 'NONE', *, *, #1283, .F. ) ;
#3342 = LINE ( 'NONE', #5272, #3555 ) ;
#3343 = EDGE_CURVE ( 'NONE', #2668, #2810, #2347, .T. ) ;
#3344 = CARTESIAN_POINT ( 'NONE',  ( -1.920445591912000038, 7.802390847126000395, -1.600635593186999994 ) ) ;
#3345 = CARTESIAN_POINT ( 'NONE',  ( -0.8817326477339999524, 6.004677541329000334, 2.339667912294999930 ) ) ;
#3346 = CIRCLE ( 'NONE', #4860, 0.1499999999999998834 ) ;
#3347 = VERTEX_POINT ( 'NONE', #2084 ) ;
#3348 = DIRECTION ( 'NONE',  ( -2.446747080494690140E-16, -1.000000000000000000, 5.995138749812960544E-16 ) ) ;
#3349 = ORIENTED_EDGE ( 'NONE', *, *, #6005, .F. ) ;
#3350 = EDGE_CURVE ( 'NONE', #3856, #3656, #4765, .T. ) ;
#3351 = CARTESIAN_POINT ( 'NONE',  ( 2.083998275786999699, -3.500000000000000000, 5.745947752783999718 ) ) ;
#3352 = VECTOR ( 'NONE', #3047, 1000.000000000000000 ) ;
#3353 = ORIENTED_EDGE ( 'NONE', *, *, #3319, .F. ) ;
#3354 = ORIENTED_EDGE ( 'NONE', *, *, #1350, .F. ) ;
#3355 = CARTESIAN_POINT ( 'NONE',  ( 1.063463128960676629, -0.1580278286650102781, -0.08346446563651495343 ) ) ;
#3356 = ORIENTED_EDGE ( 'NONE', *, *, #6005, .T. ) ;
#3357 = DIRECTION ( 'NONE',  ( -9.732182908003039023E-16, -1.000000000000000000, -8.166026383929639355E-16 ) ) ;
#3358 = AXIS2_PLACEMENT_3D ( 'NONE', #5242, #4768, #1999 ) ;
#3359 = CARTESIAN_POINT ( 'NONE',  ( -0.6338920429720000804, 5.477397381611999627, 7.473401691750000353 ) ) ;
#3360 =( LENGTH_UNIT ( ) NAMED_UNIT ( * ) SI_UNIT ( .MILLI., .METRE. ) );
#3361 = AXIS2_PLACEMENT_3D ( 'NONE', #1485, #5330, #4883 ) ;
#3362 = CARTESIAN_POINT ( 'NONE',  ( -0.3176409981880000122, 9.422304498544999518, 7.494067921827999967 ) ) ;
#3363 = DIRECTION ( 'NONE',  ( 1.110223024624999878E-16, -1.000000000000000000, 1.551559350114999894E-31 ) ) ;
#3364 = FACE_OUTER_BOUND ( 'NONE', #2257, .T. ) ;
#3365 = CARTESIAN_POINT ( 'NONE',  ( 3.020442298506000434, -3.500000000000000000, 4.829082085785000089 ) ) ;
#3366 = CIRCLE ( 'NONE', #4680, 7.500000000000000000 ) ;
#3367 = CARTESIAN_POINT ( 'NONE',  ( 3.131282434201999809, -3.500000000000000000, -5.264412095235000422 ) ) ;
#3368 = CYLINDRICAL_SURFACE ( 'NONE', #6231, 1.000000000000000000 ) ;
#3369 = DIRECTION ( 'NONE',  ( 8.137637229394920158E-17, -1.000000000000000000, 6.536891100602380010E-17 ) ) ;
#3370 = CIRCLE ( 'NONE', #960, 6.112197999999997577 ) ;
#3371 = DIRECTION ( 'NONE',  ( -1.110223024625021941E-16, 1.000000000000000000, -3.330669073875000249E-16 ) ) ;
#3372 = DIRECTION ( 'NONE',  ( 1.000000000000000000, -9.223934330865300729E-16, -2.220446049249999755E-16 ) ) ;
#3373 = ORIENTED_EDGE ( 'NONE', *, *, #2793, .T. ) ;
#3374 = EDGE_LOOP ( 'NONE', ( #4793, #951, #5804, #687 ) ) ;
#3375 = DIRECTION ( 'NONE',  ( -7.940816618730620390E-16, -1.000000000000000000, 1.554369229507224864E-16 ) ) ;
#3376 = CARTESIAN_POINT ( 'NONE',  ( -1.878163997099000060, 7.318757486982000238, -1.649999999999999911 ) ) ;
#3377 = CARTESIAN_POINT ( 'NONE',  ( -1.289294925934000080, 8.434145343744999579, 2.142914163847999820 ) ) ;
#3378 = ORIENTED_EDGE ( 'NONE', *, *, #2219, .T. ) ;
#3379 = EDGE_CURVE ( 'NONE', #1944, #1247, #534, .T. ) ;
#3380 = EDGE_LOOP ( 'NONE', ( #5464, #5874 ) ) ;
#3381 = VECTOR ( 'NONE', #2067, 1000.000000000000000 ) ;
#3382 = CARTESIAN_POINT ( 'NONE',  ( -1.507867092026000000, -3.500000000000000000, -5.777650869670999612 ) ) ;
#3383 = AXIS2_PLACEMENT_3D ( 'NONE', #2456, #3139, #746 ) ;
#3384 = ORIENTED_EDGE ( 'NONE', *, *, #2764, .T. ) ;
#3385 = ORIENTED_EDGE ( 'NONE', *, *, #4271, .T. ) ;
#3386 = CARTESIAN_POINT ( 'NONE',  ( 1.321165399304000023E-15, 3.700000000000000178, -4.429789868253999730E-15 ) ) ;
#3387 = ORIENTED_EDGE ( 'NONE', *, *, #5405, .T. ) ;
#3388 = CARTESIAN_POINT ( 'NONE',  ( 0.5773502691900000983, -1.000000000000000000, 0.000000000000000000 ) ) ;
#3389 = EDGE_CURVE ( 'NONE', #649, #4317, #5975, .T. ) ;
#3390 = VECTOR ( 'NONE', #2967, 1000.000000000000000 ) ;
#3391 = UNCERTAINTY_MEASURE_WITH_UNIT (LENGTH_MEASURE( 1.000000000000000082E-05 ), #3360, 'distance_accuracy_value', 'NONE');
#3392 = CARTESIAN_POINT ( 'NONE',  ( -0.3940855168699999855, 5.395656236491999991, 7.490263957570000741 ) ) ;
#3393 = DIRECTION ( 'NONE',  ( 3.330669073875000249E-16, -1.110223024624999878E-16, -1.000000000000000000 ) ) ;
#3394 = CARTESIAN_POINT ( 'NONE',  ( -4.702424197123000305, -3.500000000000000000, 3.665380152387999857 ) ) ;
#3395 = CARTESIAN_POINT ( 'NONE',  ( 0.2430100933969999988, 9.039192765865999846, 2.492867024110000163 ) ) ;
#3396 = AXIS2_PLACEMENT_3D ( 'NONE', #4015, #198, #2647 ) ;
#3397 = DIRECTION ( 'NONE',  ( -0.8090169943751905901, 0.000000000000000000, 0.5877852522921384049 ) ) ;
#3398 = DIRECTION ( 'NONE',  ( 0.8090169943751909232, -9.933467740931860958E-16, 0.5877852522921378498 ) ) ;
#3399 = CARTESIAN_POINT ( 'NONE',  ( -2.686351677078000044, -3.500000000000000000, -5.272262022913999147 ) ) ;
#3400 = LINE ( 'NONE', #1963, #2118 ) ;
#3401 = DIRECTION ( 'NONE',  ( 2.838796142837000101E-16, 1.000000000000000000, -2.775557561563000312E-16 ) ) ;
#3402 = ADVANCED_FACE ( 'NONE', ( #4063 ), #304, .T. ) ;
#3403 = ORIENTED_EDGE ( 'NONE', *, *, #4114, .T. ) ;
#3404 = VERTEX_POINT ( 'NONE', #2262 ) ;
#3405 = DIRECTION ( 'NONE',  ( -1.857942742775740287E-15, -0.7071067811868638753, 0.7071067811862310482 ) ) ;
#3406 = CARTESIAN_POINT ( 'NONE',  ( -1.606709372198000141, 7.022808311650999613, 1.915356723097999980 ) ) ;
#3407 = ORIENTED_EDGE ( 'NONE', *, *, #4594, .F. ) ;
#3408 = CARTESIAN_POINT ( 'NONE',  ( 4.939112670297999941, -3.500000000000000000, -3.339606417124999727 ) ) ;
#3409 = ORIENTED_EDGE ( 'NONE', *, *, #4957, .F. ) ;
#3410 = DIRECTION ( 'NONE',  ( -4.440892098500999885E-16, -1.000000000000000000, 3.330669073875000249E-16 ) ) ;
#3411 = ORIENTED_EDGE ( 'NONE', *, *, #1400, .T. ) ;
#3412 = ORIENTED_EDGE ( 'NONE', *, *, #3422, .F. ) ;
#3413 = DIRECTION ( 'NONE',  ( -1.110223024625021941E-16, 1.000000000000000000, -3.330669073875000249E-16 ) ) ;
#3414 = ORIENTED_EDGE ( 'NONE', *, *, #5226, .T. ) ;
#3415 = CARTESIAN_POINT ( 'NONE',  ( -2.459826158709999877, 8.988853241247001691, -0.4678801556589999855 ) ) ;
#3416 = LINE ( 'NONE', #1062, #1784 ) ;
#3417 = CARTESIAN_POINT ( 'NONE',  ( -3.339606417124999727, 3.500000000000000000, 4.939112670297999941 ) ) ;
#3418 = AXIS2_PLACEMENT_3D ( 'NONE', #24, #2418, #4721 ) ;
#3419 = FACE_OUTER_BOUND ( 'NONE', #3197, .T. ) ;
#3420 = DIRECTION ( 'NONE',  ( 0.8090169943751908121, 0.000000000000000000, 0.5877852522921382938 ) ) ;
#3421 = LINE ( 'NONE', #5446, #2034 ) ;
#3422 = EDGE_CURVE ( 'NONE', #3340, #5988, #1241, .T. ) ;
#3423 = DIRECTION ( 'NONE',  ( -0.8090169943751908121, 0.000000000000000000, -0.5877852522921382938 ) ) ;
#3424 = VECTOR ( 'NONE', #1816, 1000.000000000000000 ) ;
#3425 = CIRCLE ( 'NONE', #2122, 1.000000000000000222 ) ;
#3426 = CARTESIAN_POINT ( 'NONE',  ( 1.351233760588000044, -3.500000000000000000, 5.974372913993000189 ) ) ;
#3427 = EDGE_CURVE ( 'NONE', #1908, #1657, #2049, .T. ) ;
#3428 = CYLINDRICAL_SURFACE ( 'NONE', #5137, 0.5550000000000001599 ) ;
#3429 = CARTESIAN_POINT ( 'NONE',  ( -5.264412095235000422, 3.500000000000000000, -3.131282434201999809 ) ) ;
#3430 = CIRCLE ( 'NONE', #216, 0.5550000000000000488 ) ;
#3431 = ORIENTED_EDGE ( 'NONE', *, *, #3063, .F. ) ;
#3432 = CARTESIAN_POINT ( 'NONE',  ( -1.351233760588000044, -3.500000000000000000, 5.974372913993000189 ) ) ;
#3433 = CONICAL_SURFACE ( 'NONE', #2725, 7.500000000000000000, 0.7853981633970000820 ) ;
#3434 = ADVANCED_FACE ( 'NONE', ( #1226 ), #747, .T. ) ;
#3435 = CARTESIAN_POINT ( 'NONE',  ( -1.086343342320999827, 8.648513575674000364, 2.254282813252999951 ) ) ;
#3436 = VERTEX_POINT ( 'NONE', #4660 ) ;
#3437 = CARTESIAN_POINT ( 'NONE',  ( 2.131438036170000050, -3.500000000000000000, -5.282052382155000281 ) ) ;
#3438 = ORIENTED_EDGE ( 'NONE', *, *, #1920, .T. ) ;
#3439 = VECTOR ( 'NONE', #2258, 1000.000000000000000 ) ;
#3440 = EDGE_CURVE ( 'NONE', #5496, #5139, #3637, .T. ) ;
#3441 = DIRECTION ( 'NONE',  ( -3.172031972967880239E-16, -1.000000000000000000, 4.582850377723630077E-16 ) ) ;
#3442 = AXIS2_PLACEMENT_3D ( 'NONE', #2895, #442, #2395 ) ;
#3443 = ORIENTED_EDGE ( 'NONE', *, *, #3768, .T. ) ;
#3444 = ORIENTED_EDGE ( 'NONE', *, *, #431, .T. ) ;
#3445 = DIRECTION ( 'NONE',  ( 9.040854512782539604E-17, -1.000000000000000000, 3.786665235545019528E-18 ) ) ;
#3446 = ORIENTED_EDGE ( 'NONE', *, *, #4771, .F. ) ;
#3447 = DIRECTION ( 'NONE',  ( 1.000000000000000000, 4.440892098501004815E-16, 6.661338147751000379E-16 ) ) ;
#3448 = EDGE_CURVE ( 'NONE', #229, #6077, #4599, .T. ) ;
#3449 = AXIS2_PLACEMENT_3D ( 'NONE', #5483, #248, #6021 ) ;
#3450 = DIRECTION ( 'NONE',  ( -4.440892098500999885E-16, 1.000000000000000000, -7.771561172376000134E-16 ) ) ;
#3451 = EDGE_CURVE ( 'NONE', #1879, #741, #715, .T. ) ;
#3452 = DIRECTION ( 'NONE',  ( 1.110223024624999878E-16, -1.000000000000000000, 1.665334536938000065E-15 ) ) ;
#3453 = CARTESIAN_POINT ( 'NONE',  ( 0.2064046357350000083, -3.500000000000000000, -6.108711936043000001 ) ) ;
#3454 = DIRECTION ( 'NONE',  ( -8.881144413637390876E-16, -1.000000000000000000, -2.778844884289169681E-16 ) ) ;
#3455 = CARTESIAN_POINT ( 'NONE',  ( -1.063463128960676407, 0.1580278286650104724, -0.08346446563651507833 ) ) ;
#3456 = CARTESIAN_POINT ( 'NONE',  ( -5.627604495026999665, 3.500000000000000000, -2.418477214851999957 ) ) ;
#3457 = AXIS2_PLACEMENT_3D ( 'NONE', #2643, #4608, #3612 ) ;
#3458 = LINE ( 'NONE', #4476, #6008 ) ;
#3459 = DIRECTION ( 'NONE',  ( 0.000000000000000000, 1.000000000000000000, 0.000000000000000000 ) ) ;
#3460 = DIRECTION ( 'NONE',  ( -7.279688241337999493E-16, 1.000000000000000000, -8.881784197000999888E-16 ) ) ;
#3461 = DIRECTION ( 'NONE',  ( 0.8090169943751909232, -5.676267280532491694E-16, -0.5877852522921378498 ) ) ;
#3462 = AXIS2_PLACEMENT_3D ( 'NONE', #2431, #5238, #4766 ) ;
#3463 = EDGE_LOOP ( 'NONE', ( #2681, #4458, #2334, #3654 ) ) ;
#3464 = EDGE_CURVE ( 'NONE', #2490, #2752, #340, .T. ) ;
#3465 = CARTESIAN_POINT ( 'NONE',  ( -5.844347473592999442, -3.500000000000000000, -0.9256537036670000607 ) ) ;
#3466 = AXIS2_PLACEMENT_3D ( 'NONE', #1577, #565, #1959 ) ;
#3467 = CARTESIAN_POINT ( 'NONE',  ( -7.473330314661000173, 9.322249677467999263, -0.6347164204929999221 ) ) ;
#3468 = ORIENTED_EDGE ( 'NONE', *, *, #5621, .T. ) ;
#3469 = DIRECTION ( 'NONE',  ( 1.110223024624999878E-16, -1.000000000000000000, 1.551559350114999894E-31 ) ) ;
#3470 = ORIENTED_EDGE ( 'NONE', *, *, #573, .T. ) ;
#3471 = ADVANCED_FACE ( 'NONE', ( #5578, #1670 ), #4528, .T. ) ;
#3472 = CARTESIAN_POINT ( 'NONE',  ( -4.829082085785000089, 3.500000000000000000, 3.020442298506000434 ) ) ;
#3473 = ORIENTED_EDGE ( 'NONE', *, *, #1680, .T. ) ;
#3474 = ORIENTED_EDGE ( 'NONE', *, *, #625, .T. ) ;
#3475 = CARTESIAN_POINT ( 'NONE',  ( 0.000000000000000000, 0.000000000000000000, 0.000000000000000000 ) ) ;
#3476 = ORIENTED_EDGE ( 'NONE', *, *, #3668, .F. ) ;
#3477 = DIRECTION ( 'NONE',  ( 1.000000000000000000, 0.000000000000000000, 0.000000000000000000 ) ) ;
#3478 = DIRECTION ( 'NONE',  ( 2.895386456850335125E-16, -1.000000000000000000, 2.715323222238405268E-16 ) ) ;
#3479 = AXIS2_PLACEMENT_3D ( 'NONE', #5513, #245, #187 ) ;
#3480 = ORIENTED_EDGE ( 'NONE', *, *, #3902, .F. ) ;
#3481 = CARTESIAN_POINT ( 'NONE',  ( -1.691393328169000121, -3.500000000000000000, 5.873512833102999764 ) ) ;
#3482 = DIRECTION ( 'NONE',  ( -4.440892098500999885E-16, -1.000000000000000000, 5.551115123126000625E-16 ) ) ;
#3483 = DIRECTION ( 'NONE',  ( -1.110223024625019969E-16, 1.000000000000000000, -3.330669073875000249E-16 ) ) ;
#3484 = CYLINDRICAL_SURFACE ( 'NONE', #5361, 0.9999999999999995559 ) ;
#3485 = CIRCLE ( 'NONE', #881, 0.1500000000000001332 ) ;
#3486 = CARTESIAN_POINT ( 'NONE',  ( 7.993605777301000873E-15, -3.500000000000000000, 2.442490654175000051E-15 ) ) ;
#3487 = CARTESIAN_POINT ( 'NONE',  ( -3.787915702019000186, -3.500000000000000000, -4.615908076795999904 ) ) ;
#3488 = PRESENTATION_STYLE_ASSIGNMENT (( #4975 ) ) ;
#3489 = DIRECTION ( 'NONE',  ( 0.8090169943751905901, -7.814069711607236881E-16, 0.5877852522921384049 ) ) ;
#3490 = CARTESIAN_POINT ( 'NONE',  ( 5.264412095235000422, -3.500000000000000000, 3.131282434201999809 ) ) ;
#3491 = EDGE_CURVE ( 'NONE', #2300, #181, #5669, .T. ) ;
#3492 = ORIENTED_EDGE ( 'NONE', *, *, #4105, .T. ) ;
#3493 = DIRECTION ( 'NONE',  ( -5.289177753218320077E-16, -1.000000000000000000, 7.279928633694380175E-16 ) ) ;
#3494 = DIRECTION ( 'NONE',  ( -3.361755112286175223E-16, -1.000000000000000000, 3.427015591639660434E-16 ) ) ;
#3495 = VERTEX_POINT ( 'NONE', #2172 ) ;
#3496 = ORIENTED_EDGE ( 'NONE', *, *, #2210, .T. ) ;
#3497 = EDGE_CURVE ( 'NONE', #1293, #1052, #5515, .T. ) ;
#3498 = CYLINDRICAL_SURFACE ( 'NONE', #5316, 0.9999999999999995559 ) ;
#3499 = VERTEX_POINT ( 'NONE', #1194 ) ;
#3500 = ORIENTED_EDGE ( 'NONE', *, *, #759, .F. ) ;
#3501 = CARTESIAN_POINT ( 'NONE',  ( -3.885780586188000067E-16, 3.500000000000000000, -5.828670879282000051E-15 ) ) ;
#3502 = ORIENTED_EDGE ( 'NONE', *, *, #6180, .T. ) ;
#3503 = CARTESIAN_POINT ( 'NONE',  ( -2.354242668531000060, 8.819701599727999053, -0.8428227923409999933 ) ) ;
#3504 = DIRECTION ( 'NONE',  ( -9.732182908003039023E-16, -1.000000000000000000, -8.166026383929639355E-16 ) ) ;
#3505 = EDGE_CURVE ( 'NONE', #5418, #3851, #3148, .T. ) ;
#3506 = VERTEX_POINT ( 'NONE', #1640 ) ;
#3507 = DIRECTION ( 'NONE',  ( 0.000000000000000000, 1.000000000000000000, 0.000000000000000000 ) ) ;
#3508 = CARTESIAN_POINT ( 'NONE',  ( 5.063373370888999858, 3.500000000000000000, -3.423625928481999647 ) ) ;
#3509 = CARTESIAN_POINT ( 'NONE',  ( 3.763656053478999680E-15, 11.29999999999999893, -1.380007219608999813E-14 ) ) ;
#3510 = ORIENTED_EDGE ( 'NONE', *, *, #5114, .F. ) ;
#3511 = LINE ( 'NONE', #214, #1941 ) ;
#3512 = DIRECTION ( 'NONE',  ( 3.575645864350999979E-16, 1.000000000000000000, -6.106226635438000068E-16 ) ) ;
#3513 = CYLINDRICAL_SURFACE ( 'NONE', #169, 0.9999999999999995559 ) ;
#3514 = AXIS2_PLACEMENT_3D ( 'NONE', #5102, #2112, #748 ) ;
#3515 = CYLINDRICAL_SURFACE ( 'NONE', #5059, 1.000000000000000222 ) ;
#3516 = CARTESIAN_POINT ( 'NONE',  ( -1.882341182298999938, 7.238412081677999765, 1.645245173559999996 ) ) ;
#3517 = CARTESIAN_POINT ( 'NONE',  ( 1.380342898347999947, -3.500000000000000000, -5.526097986177999744 ) ) ;
#3518 = ORIENTED_EDGE ( 'NONE', *, *, #3777, .T. ) ;
#3519 = AXIS2_PLACEMENT_3D ( 'NONE', #460, #2350, #838 ) ;
#3520 = AXIS2_PLACEMENT_3D ( 'NONE', #6040, #705, #2136 ) ;
#3521 = DIRECTION ( 'NONE',  ( -6.677809677911960712E-16, -1.000000000000000000, -8.981892944707918835E-17 ) ) ;
#3522 = CIRCLE ( 'NONE', #417, 0.5773502691900000983 ) ;
#3523 = CONICAL_SURFACE ( 'NONE', #4746, 7.500000000000000000, 0.7853981633970000820 ) ;
#3524 = CARTESIAN_POINT ( 'NONE',  ( -7.485644270774000297, 9.382247994510001021, -0.4694231207679999685 ) ) ;
#3525 = ORIENTED_EDGE ( 'NONE', *, *, #2786, .F. ) ;
#3526 = AXIS2_PLACEMENT_3D ( 'NONE', #4505, #160, #1073 ) ;
#3527 = FACE_BOUND ( 'NONE', #3755, .T. ) ;
#3528 = ORIENTED_EDGE ( 'NONE', *, *, #4740, .F. ) ;
#3529 = CIRCLE ( 'NONE', #2040, 0.1500000000000001332 ) ;
#3530 = ORIENTED_EDGE ( 'NONE', *, *, #6115, .F. ) ;
#3531 = CARTESIAN_POINT ( 'NONE',  ( 0.3948754503523176917, -1.000000000000000444, -0.08346446563673885766 ) ) ;
#3532 = VERTEX_POINT ( 'NONE', #273 ) ;
#3533 = EDGE_CURVE ( 'NONE', #2267, #4399, #2740, .T. ) ;
#3534 = EDGE_CURVE ( 'NONE', #3856, #3572, #3046, .T. ) ;
#3535 =( LENGTH_UNIT ( ) NAMED_UNIT ( * ) SI_UNIT ( .MILLI., .METRE. ) );
#3536 = VECTOR ( 'NONE', #2572, 1000.000000000000000 ) ;
#3537 = ORIENTED_EDGE ( 'NONE', *, *, #2878, .F. ) ;
#3538 = DIRECTION ( 'NONE',  ( -0.3090169943750425974, 0.000000000000000000, 0.9510565162951225560 ) ) ;
#3539 = CYLINDRICAL_SURFACE ( 'NONE', #1621, 0.5550000000000001599 ) ;
#3540 = CARTESIAN_POINT ( 'NONE',  ( 1.507867092026000000, -3.500000000000000000, -5.777650869670999612 ) ) ;
#3541 = EDGE_LOOP ( 'NONE', ( #5770, #766, #6009, #5738 ) ) ;
#3542 = DIRECTION ( 'NONE',  ( -0.8090169943751908121, 4.336808689942017736E-16, 0.5877852522921380718 ) ) ;
#3543 = AXIS2_PLACEMENT_3D ( 'NONE', #2111, #91, #2017 ) ;
#3544 = EDGE_CURVE ( 'NONE', #5281, #2399, #2907, .T. ) ;
#3545 = FACE_OUTER_BOUND ( 'NONE', #4415, .T. ) ;
#3546 = CARTESIAN_POINT ( 'NONE',  ( -2.500000000000000000, 9.050000000000000711, -1.060818100028999884E-14 ) ) ;
#3547 = VECTOR ( 'NONE', #1248, 1000.000000000000000 ) ;
#3548 = CARTESIAN_POINT ( 'NONE',  ( -1.809914071414000070, 7.739411162645000175, 7.278354827227000001 ) ) ;
#3549 = LINE ( 'NONE', #5930, #4326 ) ;
#3550 = DIRECTION ( 'NONE',  ( 3.330669073875000249E-16, 1.000000000000000000, -8.881784197000999888E-16 ) ) ;
#3551 = ORIENTED_EDGE ( 'NONE', *, *, #5216, .F. ) ;
#3552 = AXIS2_PLACEMENT_3D ( 'NONE', #2737, #1298, #317 ) ;
#3553 = CYLINDRICAL_SURFACE ( 'NONE', #4480, 0.1500000000000001332 ) ;
#3554 = CARTESIAN_POINT ( 'NONE',  ( -2.473818785224987327, 5.789878926972019002, -0.3676505024880703520 ) ) ;
#3555 = VECTOR ( 'NONE', #953, 1000.000000000000000 ) ;
#3556 = CARTESIAN_POINT ( 'NONE',  ( -7.438667313999999919, 9.143725732389999195, -0.9597680060859999918 ) ) ;
#3557 = ORIENTED_EDGE ( 'NONE', *, *, #5114, .T. ) ;
#3558 = ORIENTED_EDGE ( 'NONE', *, *, #5112, .F. ) ;
#3559 = CIRCLE ( 'NONE', #5185, 0.1500000000000001332 ) ;
#3560 = DIRECTION ( 'NONE',  ( 1.000000000000000000, -9.223934330865300729E-16, -2.220446049249999755E-16 ) ) ;
#3561 = ORIENTED_EDGE ( 'NONE', *, *, #4067, .T. ) ;
#3562 = EDGE_CURVE ( 'NONE', #3656, #5276, #1646, .T. ) ;
#3563 = EDGE_LOOP ( 'NONE', ( #2379, #1842, #5303, #800 ) ) ;
#3564 = CARTESIAN_POINT ( 'NONE',  ( 0.5773502691897800521, -0.9999999999996209699, 0.000000000000000000 ) ) ;
#3565 = VERTEX_POINT ( 'NONE', #2357 ) ;
#3566 = CARTESIAN_POINT ( 'NONE',  ( -0.5773502691900000983, 1.000000000000000000, 0.000000000000000000 ) ) ;
#3567 = ORIENTED_EDGE ( 'NONE', *, *, #1929, .T. ) ;
#3568 = LINE ( 'NONE', #2598, #5674 ) ;
#3569 = ADVANCED_FACE ( 'NONE', ( #3298 ), #5259, .T. ) ;
#3570 = LINE ( 'NONE', #1664, #1524 ) ;
#3571 = CARTESIAN_POINT ( 'NONE',  ( -1.380342898347999947, -3.500000000000000000, 5.526097986177999744 ) ) ;
#3572 = VERTEX_POINT ( 'NONE', #1318 ) ;
#3573 = CARTESIAN_POINT ( 'NONE',  ( -4.615908076795999904, -3.500000000000000000, -3.787915702019000186 ) ) ;
#3574 = AXIS2_PLACEMENT_3D ( 'NONE', #2394, #2741, #498 ) ;
#3575 = LINE ( 'NONE', #2143, #5288 ) ;
#3576 = CARTESIAN_POINT ( 'NONE',  ( 0.000000000000000000, 0.000000000000000000, 0.000000000000000000 ) ) ;
#3577 = CARTESIAN_POINT ( 'NONE',  ( -4.039133941280000251, 3.500000000000000000, -4.604819366229000011 ) ) ;
#3578 = CARTESIAN_POINT ( 'NONE',  ( -8.226752612476000228E-15, 3.700000000000005951, 7.499999999999995559 ) ) ;
#3579 = CARTESIAN_POINT ( 'NONE',  ( 1.289294931082999973, 6.365854663498999422, 2.142914160561999903 ) ) ;
#3580 = VECTOR ( 'NONE', #371, 1000.000000000000000 ) ;
#3581 = CARTESIAN_POINT ( 'NONE',  ( 0.5773502691900000983, 1.000000000000000000, -2.024834468762999773 ) ) ;
#3582 = ORIENTED_EDGE ( 'NONE', *, *, #5870, .F. ) ;
#3583 = DIRECTION ( 'NONE',  ( -6.661338147751000379E-16, -1.000000000000000000, 4.440892098500999885E-16 ) ) ;
#3584 = CIRCLE ( 'NONE', #175, 1.650000000000000355 ) ;
#3585 = B_SPLINE_CURVE_WITH_KNOTS ( 'NONE', 7,
 ( #6220, #3330, #3271, #5230, #1410, #3867, #468, #6188, #2919, #2891, #4817, #5760, #438, #4756, #4377, #496, #4723, #5731, #3301, #943, #2391, #1444, #5196, #2419, #4341, #55, #2826, #1478, #25, #1958, #5796, #1985 ),
 .UNSPECIFIED., .F., .F.,
 ( 8, 6, 6, 6, 6, 8 ),
 ( 0.000000000000000000, 0.1531740883780000062, 0.2531836453960000233, 0.3930723656029999624, 0.5657214600140000327, 1.000000000000000000 ),
 .UNSPECIFIED. ) ;
#3586 = DIRECTION ( 'NONE',  ( -1.273055734903999968E-15, 7.517135062566163747E-16, 1.000000000000000000 ) ) ;
#3587 = DIRECTION ( 'NONE',  ( -1.850371707709000234E-15, 7.129000586206057066E-16, 1.000000000000000000 ) ) ;
#3588 = VERTEX_POINT ( 'NONE', #3703 ) ;
#3589 = VERTEX_POINT ( 'NONE', #3236 ) ;
#3590 = DIRECTION ( 'NONE',  ( 0.000000000000000000, 0.000000000000000000, 1.000000000000000000 ) ) ;
#3591 = EDGE_CURVE ( 'NONE', #4059, #1334, #329, .T. ) ;
#3592 = VERTEX_POINT ( 'NONE', #2293 ) ;
#3593 = CARTESIAN_POINT ( 'NONE',  ( -5.063373370888999858, -3.500000000000000000, -3.423625928481999647 ) ) ;
#3594 = ORIENTED_EDGE ( 'NONE', *, *, #162, .F. ) ;
#3595 = ORIENTED_EDGE ( 'NONE', *, *, #1837, .T. ) ;
#3596 = CARTESIAN_POINT ( 'NONE',  ( -1.507867092026000000, -3.500000000000000000, 5.777650869670999612 ) ) ;
#3597 = LINE ( 'NONE', #1728, #808 ) ;
#3598 = DIRECTION ( 'NONE',  ( 7.771561172376000134E-16, 1.000000000000000000, -7.771561172375990273E-16 ) ) ;
#3599 = ORIENTED_EDGE ( 'NONE', *, *, #6097, .F. ) ;
#3600 = CYLINDRICAL_SURFACE ( 'NONE', #3031, 1.000000000000000222 ) ;
#3601 = CARTESIAN_POINT ( 'NONE',  ( -5.560519780239999932, 3.500000000000000000, -2.176127871379999856 ) ) ;
#3602 = CARTESIAN_POINT ( 'NONE',  ( -0.5610830881120000280, -3.500000000000000000, 6.099520486024999855 ) ) ;
#3603 = CARTESIAN_POINT ( 'NONE',  ( -2.179741638215999977, 6.290776751369000941, 1.227698817974999912 ) ) ;
#3604 = CARTESIAN_POINT ( 'NONE',  ( 0.5746655023529999573, 5.849445424027000406, 2.435262416216000148 ) ) ;
#3605 = FACE_OUTER_BOUND ( 'NONE', #6004, .T. ) ;
#3606 = EDGE_CURVE ( 'NONE', #4830, #516, #133, .T. ) ;
#3607 = ADVANCED_FACE ( 'NONE', ( #939 ), #2856, .T. ) ;
#3608 = ORIENTED_EDGE ( 'NONE', *, *, #5779, .T. ) ;
#3609 = CARTESIAN_POINT ( 'NONE',  ( -5.028915951783999638, 3.500000000000000000, 3.219459129871999892 ) ) ;
#3610 = EDGE_CURVE ( 'NONE', #1455, #4686, #6185, .T. ) ;
#3611 = CARTESIAN_POINT ( 'NONE',  ( 1.507867092026000000, -3.500000000000000000, -5.777650869670999612 ) ) ;
#3612 = DIRECTION ( 'NONE',  ( -0.8090169943751909232, -2.838133640266245847E-16, -0.5877852522921378498 ) ) ;
#3613 = VECTOR ( 'NONE', #5702, 1000.000000000000000 ) ;
#3614 = EDGE_LOOP ( 'NONE', ( #1427, #353, #2966, #4764 ) ) ;
#3615 = AXIS2_PLACEMENT_3D ( 'NONE', #2512, #4413, #501 ) ;
#3616 = ORIENTED_EDGE ( 'NONE', *, *, #3960, .F. ) ;
#3617 = EDGE_CURVE ( 'NONE', #5590, #2942, #29, .T. ) ;
#3618 = CARTESIAN_POINT ( 'NONE',  ( 2.003142337531898792E-14, 11.09999999999999609, -7.500000000000009770 ) ) ;
#3619 = VECTOR ( 'NONE', #608, 1000.000000000000000 ) ;
#3620 = AXIS2_PLACEMENT_3D ( 'NONE', #3394, #1572, #4815 ) ;
#3621 = ORIENTED_EDGE ( 'NONE', *, *, #4394, .T. ) ;
#3622 = CARTESIAN_POINT ( 'NONE',  ( 2.083998275786999699, 3.500000000000000000, -5.745947752783999718 ) ) ;
#3623 = VERTEX_POINT ( 'NONE', #971 ) ;
#3624 = ADVANCED_FACE ( 'NONE', ( #3737 ), #2945, .T. ) ;
#3625 = VECTOR ( 'NONE', #5942, 1000.000000000000000 ) ;
#3626 = CIRCLE ( 'NONE', #418, 0.1499999999999997724 ) ;
#3627 = EDGE_LOOP ( 'NONE', ( #5967, #5736 ) ) ;
#3628 = DIRECTION ( 'NONE',  ( 3.745133725614000318E-16, 1.000000000000000000, -7.771561172376000134E-16 ) ) ;
#3629 = CARTESIAN_POINT ( 'NONE',  ( -3.665380152387999857, 3.500000000000000000, -4.702424197123000305 ) ) ;
#3630 = DIRECTION ( 'NONE',  ( 1.000000000000000000, -4.257200460399369264E-16, 2.220446049249999755E-16 ) ) ;
#3631 = ADVANCED_FACE ( 'NONE', ( #404 ), #5700, .T. ) ;
#3632 = ORIENTED_EDGE ( 'NONE', *, *, #589, .T. ) ;
#3633 = CARTESIAN_POINT ( 'NONE',  ( -5.777650869670999612, -3.500000000000000000, 1.507867092026000000 ) ) ;
#3634 = VECTOR ( 'NONE', #4623, 1000.000000000000000 ) ;
#3635 = CARTESIAN_POINT ( 'NONE',  ( 3.602316712632999809E-16, -3.500000000000000000, 4.456331502590000256E-16 ) ) ;
#3636 = FACE_OUTER_BOUND ( 'NONE', #1266, .T. ) ;
#3637 = LINE ( 'NONE', #5129, #5872 ) ;
#3638 = CARTESIAN_POINT ( 'NONE',  ( -2.217113791156000158, 6.219198496634000151, 1.160101667731999964 ) ) ;
#3639 = ADVANCED_FACE ( 'NONE', ( #6184, #561 ), #4430, .T. ) ;
#3640 = CARTESIAN_POINT ( 'NONE',  ( 1.592803660128000010, 7.832156112452000940, 1.926949092778999839 ) ) ;
#3641 = CARTESIAN_POINT ( 'NONE',  ( -9.688398231826699463E-15, -3.499999999999994227, 7.300000000000005151 ) ) ;
#3642 = ORIENTED_EDGE ( 'NONE', *, *, #5039, .F. ) ;
#3643 = CYLINDRICAL_SURFACE ( 'NONE', #5282, 2.500000000000000000 ) ;
#3644 = VECTOR ( 'NONE', #3670, 1000.000000000000000 ) ;
#3645 = CARTESIAN_POINT ( 'NONE',  ( -7.424875373883000229, 5.732106562381000359, 1.061145063153000168 ) ) ;
#3646 = DIRECTION ( 'NONE',  ( 0.8090169943751908121, 0.000000000000000000, 0.5877852522921382938 ) ) ;
#3647 = EDGE_CURVE ( 'NONE', #1949, #1876, #2445, .T. ) ;
#3648 = CIRCLE ( 'NONE', #1246, 0.1500000000000001332 ) ;
#3650 = EDGE_CURVE ( 'NONE', #6170, #2745, #3750, .T. ) ;
#3649 = ORIENTED_EDGE ( 'NONE', *, *, #145, .T. ) ;
#3651 = ORIENTED_EDGE ( 'NONE', *, *, #6150, .F. ) ;
#3652 = CARTESIAN_POINT ( 'NONE',  ( 1.165734175856000018E-15, 3.500000000000000000, -4.274358644806999409E-15 ) ) ;
#3654 = ORIENTED_EDGE ( 'NONE', *, *, #4302, .T. ) ;
#3653 = EDGE_CURVE ( 'NONE', #446, #513, #4563, .T. ) ;
#3655 = DIRECTION ( 'NONE',  ( -4.440892098500999885E-16, -1.000000000000000000, 5.551115123126000625E-16 ) ) ;
#3656 = VERTEX_POINT ( 'NONE', #3481 ) ;
#3657 = VECTOR ( 'NONE', #3405, 1000.000000000000114 ) ;
#3658 = DIRECTION ( 'NONE',  ( -2.446747080494690140E-16, -1.000000000000000000, 5.995138749812960544E-16 ) ) ;
#3659 = VECTOR ( 'NONE', #4939, 1000.000000000000000 ) ;
#3660 = ORIENTED_EDGE ( 'NONE', *, *, #2844, .F. ) ;
#3661 = CARTESIAN_POINT ( 'NONE',  ( 3.339606417124999727, -3.500000000000000000, 4.939112670297999941 ) ) ;
#3662 = EDGE_CURVE ( 'NONE', #3876, #4050, #1649, .T. ) ;
#3663 = DIRECTION ( 'NONE',  ( 2.199496035544554905E-17, -1.000000000000000000, 2.859514670765540345E-16 ) ) ;
#3664 = CARTESIAN_POINT ( 'NONE',  ( -5.960829065173999908, -3.500000000000000000, -0.3513254827150000259 ) ) ;
#3665 = ORIENTED_EDGE ( 'NONE', *, *, #3389, .T. ) ;
#3666 = DIRECTION ( 'NONE',  ( -2.220446049250000002E-16, -1.000000000000000000, 3.330669073875000249E-16 ) ) ;
#3667 = DIRECTION ( 'NONE',  ( 0.5877852522921379608, -4.336808689942016750E-16, -0.8090169943751910342 ) ) ;
#3668 = EDGE_CURVE ( 'NONE', #2443, #4128, #4256, .T. ) ;
#3669 = SHAPE_REPRESENTATION_RELATIONSHIP ( 'NONE' , 'NONE' ,  #118, #1988 ) ;
#3670 = DIRECTION ( 'NONE',  ( 0.000000000000000000, 0.000000000000000000, -1.000000000000000000 ) ) ;
#3671 = CARTESIAN_POINT ( 'NONE',  ( -6.099520486024999855, -3.500000000000000000, -0.5610830881120000280 ) ) ;
#3672 = CARTESIAN_POINT ( 'NONE',  ( 3.423625928481999647, 3.500000000000000000, -5.063373370888999858 ) ) ;
#3673 = DIRECTION ( 'NONE',  ( 0.000000000000000000, 0.000000000000000000, 1.000000000000000000 ) ) ;
#3674 = ORIENTED_EDGE ( 'NONE', *, *, #4405, .F. ) ;
#3675 = CARTESIAN_POINT ( 'NONE',  ( -4.364879761826999882, 3.500000000000000000, 3.659361984642999666 ) ) ;
#3676 = EDGE_CURVE ( 'NONE', #1589, #1657, #2536, .T. ) ;
#3677 = AXIS2_PLACEMENT_3D ( 'NONE', #2663, #713, #2726 ) ;
#3678 = CARTESIAN_POINT ( 'NONE',  ( -7.438735596405000372, 5.655909195760999708, 0.9592239716949999551 ) ) ;
#3679 = CIRCLE ( 'NONE', #1885, 0.5550000000000001599 ) ;
#3680 = VERTEX_POINT ( 'NONE', #115 ) ;
#3681 = DIRECTION ( 'NONE',  ( -1.000000000000000000, -4.440892098501004815E-16, -6.661338147751000379E-16 ) ) ;
#3682 = VERTEX_POINT ( 'NONE', #150 ) ;
#3683 = ORIENTED_EDGE ( 'NONE', *, *, #1776, .T. ) ;
#3684 = CIRCLE ( 'NONE', #4103, 1.250000000000000000 ) ;
#3685 = DIRECTION ( 'NONE',  ( 0.8090169943751905901, -7.814069711607236881E-16, 0.5877852522921384049 ) ) ;
#3686 = EDGE_CURVE ( 'NONE', #6061, #5590, #441, .T. ) ;
#3687 = AXIS2_PLACEMENT_3D ( 'NONE', #1113, #4047, #3119 ) ;
#3688 = EDGE_LOOP ( 'NONE', ( #2214, #5567, #4369, #4809 ) ) ;
#3689 = CARTESIAN_POINT ( 'NONE',  ( 6.099520486024999855, 3.500000000000000000, -0.5610830881120000280 ) ) ;
#3690 = ORIENTED_EDGE ( 'NONE', *, *, #5504, .T. ) ;
#3691 = ADVANCED_FACE ( 'NONE', ( #5793 ), #3924, .F. ) ;
#3692 = ADVANCED_FACE ( 'NONE', ( #1982 ), #3006, .F. ) ;
#3693 = FACE_OUTER_BOUND ( 'NONE', #5000, .T. ) ;
#3694 = EDGE_CURVE ( 'NONE', #5613, #2752, #4932, .T. ) ;
#3695 = ORIENTED_EDGE ( 'NONE', *, *, #5676, .T. ) ;
#3696 = DIRECTION ( 'NONE',  ( 0.9510565162951225560, 0.000000000000000000, -0.3090169943750425974 ) ) ;
#3697 = DIRECTION ( 'NONE',  ( -6.047604644248999931E-16, 1.000000000000000000, -7.771561172376000134E-16 ) ) ;
#3698 = ORIENTED_EDGE ( 'NONE', *, *, #1263, .F. ) ;
#3699 = DIRECTION ( 'NONE',  ( -1.110223024624999878E-16, -3.547667050332808049E-16, -1.000000000000000000 ) ) ;
#3700 = DIRECTION ( 'NONE',  ( -8.474188266847760403E-16, -1.000000000000000000, -5.059242192088281016E-16 ) ) ;
#3701 = EDGE_CURVE ( 'NONE', #4987, #2909, #5172, .T. ) ;
#3702 = APPLICATION_PROTOCOL_DEFINITION ( 'draft international standard', 'automotive_design', 1998, #1699 ) ;
#3703 = CARTESIAN_POINT ( 'NONE',  ( 5.745947752783999718, 3.500000000000000000, -2.083998275786999699 ) ) ;
#3704 = CARTESIAN_POINT ( 'NONE',  ( -1.889317167052999791, 7.615652066074000359, 1.637267943700999817 ) ) ;
#3705 = CARTESIAN_POINT ( 'NONE',  ( 0.3554275188759999926, 5.781066532641000677, 2.479496745060000062 ) ) ;
#3706 = DIRECTION ( 'NONE',  ( 0.5877852522921382938, 0.000000000000000000, -0.8090169943751908121 ) ) ;
#3707 = ORIENTED_EDGE ( 'NONE', *, *, #3212, .T. ) ;
#3708 = EDGE_CURVE ( 'NONE', #3340, #1682, #540, .T. ) ;
#3709 = CARTESIAN_POINT ( 'NONE',  ( -7.438615081985999744, 5.656549676438000773, -0.9602019113599999933 ) ) ;
#3710 = DIRECTION ( 'NONE',  ( -8.474188266847760403E-16, -1.000000000000000000, -5.059242192088281016E-16 ) ) ;
#3711 = ORIENTED_EDGE ( 'NONE', *, *, #1277, .T. ) ;
#3712 = CARTESIAN_POINT ( 'NONE',  ( -4.604819366229000011, -3.500000000000000000, 4.039133941280000251 ) ) ;
#3713 = EDGE_LOOP ( 'NONE', ( #4048, #4776, #897, #708, #733, #696 ) ) ;
#3714 = ADVANCED_FACE ( 'NONE', ( #5853 ), #4467, .T. ) ;
#3715 = ORIENTED_EDGE ( 'NONE', *, *, #809, .F. ) ;
#3716 = EDGE_CURVE ( 'NONE', #334, #636, #3648, .T. ) ;
#3717 = DIRECTION ( 'NONE',  ( -8.186025824115000202E-16, 1.000000000000000000, -9.992007221626000628E-16 ) ) ;
#3718 = DIRECTION ( 'NONE',  ( -8.016537962850999983E-16, 1.000000000000000000, -9.992007221626000628E-16 ) ) ;
#3719 = AXIS2_PLACEMENT_3D ( 'NONE', #5729, #3329, #5261 ) ;
#3720 = AXIS2_PLACEMENT_3D ( 'NONE', #1011, #2987, #568 ) ;
#3721 = ORIENTED_EDGE ( 'NONE', *, *, #3988, .F. ) ;
#3723 = FACE_OUTER_BOUND ( 'NONE', #668, .T. ) ;
#3722 = PRODUCT_DEFINITION ( 'UNKNOWN', '', #173, #1862 ) ;
#3724 = VERTEX_POINT ( 'NONE', #1033 ) ;
#3725 = CIRCLE ( 'NONE', #209, 1.650000000000000355 ) ;
#3726 = FACE_OUTER_BOUND ( 'NONE', #5020, .T. ) ;
#3727 = VERTEX_POINT ( 'NONE', #3994 ) ;
#3728 = CIRCLE ( 'NONE', #3938, 1.000000000000000000 ) ;
#3729 = FACE_OUTER_BOUND ( 'NONE', #6104, .T. ) ;
#3730 = LINE ( 'NONE', #4329, #2516 ) ;
#3731 = EDGE_CURVE ( 'NONE', #4915, #2248, #1150, .T. ) ;
#3732 = VERTEX_POINT ( 'NONE', #1541 ) ;
#3733 = DIRECTION ( 'NONE',  ( -3.792461060763760146E-16, -1.000000000000000000, 8.088169506206880401E-16 ) ) ;
#3734 = DIRECTION ( 'NONE',  ( -2.446747080494690140E-16, -1.000000000000000000, 5.995138749812960544E-16 ) ) ;
#3735 =( NAMED_UNIT ( * ) PLANE_ANGLE_UNIT ( ) SI_UNIT ( $, .RADIAN. ) );
#3736 = APPLICATION_CONTEXT ( 'automotive_design' ) ;
#3737 = FACE_OUTER_BOUND ( 'NONE', #2501, .T. ) ;
#3738 = DIRECTION ( 'NONE',  ( -1.824065275806999765E-16, 1.000000000000000000, -1.665334536937999819E-16 ) ) ;
#3739 = CYLINDRICAL_SURFACE ( 'NONE', #802, 6.112197999999997577 ) ;
#3740 = CARTESIAN_POINT ( 'NONE',  ( 6.852013566617000216E-16, -3.500000000000000000, 2.497410993667000105E-15 ) ) ;
#3741 = VECTOR ( 'NONE', #5191, 1000.000000000000000 ) ;
#3742 = EDGE_CURVE ( 'NONE', #3223, #3506, #3853, .T. ) ;
#3743 = CARTESIAN_POINT ( 'NONE',  ( -7.355724710554999213, 6.178687082118000440, -1.464444347049999928 ) ) ;
#3744 = AXIS2_PLACEMENT_3D ( 'NONE', #2207, #3710, #1264 ) ;
#3745 = CARTESIAN_POINT ( 'NONE',  ( -7.280741536664000257, 7.797022352307000581, 1.800472155987000056 ) ) ;
#3746 = LINE ( 'NONE', #92, #4732 ) ;
#3747 = CARTESIAN_POINT ( 'NONE',  ( -0.5773502691900000983, 1.000000000000000000, 0.000000000000000000 ) ) ;
#3748 = ORIENTED_EDGE ( 'NONE', *, *, #4330, .F. ) ;
#3749 = ORIENTED_EDGE ( 'NONE', *, *, #4922, .T. ) ;
#3750 = CIRCLE ( 'NONE', #1040, 0.1499999999999998834 ) ;
#3751 = CARTESIAN_POINT ( 'NONE',  ( -3.757595644535999924, -3.500000000000000000, 4.820730169109999963 ) ) ;
#3752 = EDGE_CURVE ( 'NONE', #1931, #1709, #3568, .T. ) ;
#3753 = CARTESIAN_POINT ( 'NONE',  ( -1.985241889156000195, 8.050639759638999138, -1.520355960684000030 ) ) ;
#3754 = CIRCLE ( 'NONE', #2353, 0.9999999999999994449 ) ;
#3755 = EDGE_LOOP ( 'NONE', ( #1361, #1695, #2615, #2738, #474, #1375 ) ) ;
#3756 = CARTESIAN_POINT ( 'NONE',  ( -1.565414464720999930E-15, -4.700000000000000178, 5.739853037312000465E-15 ) ) ;
#3757 = ORIENTED_EDGE ( 'NONE', *, *, #631, .F. ) ;
#3758 = LINE ( 'NONE', #2713, #6225 ) ;
#3759 = ORIENTED_EDGE ( 'NONE', *, *, #5460, .T. ) ;
#3760 = VECTOR ( 'NONE', #3020, 1000.000000000000000 ) ;
#3761 = CARTESIAN_POINT ( 'NONE',  ( 0.7236739698700001000, 5.517931557315000290, 7.465257641478000750 ) ) ;
#3762 = CARTESIAN_POINT ( 'NONE',  ( 5.526097986176999655, 3.500000000000000000, 1.380342898347999947 ) ) ;
#3763 = VERTEX_POINT ( 'NONE', #5061 ) ;
#3764 = LINE ( 'NONE', #3388, #722 ) ;
#3765 = CARTESIAN_POINT ( 'NONE',  ( -0.9602019100609999747, 5.656549675560000878, 7.438615082149999225 ) ) ;
#3766 = CIRCLE ( 'NONE', #5791, 0.1499999999999998834 ) ;
#3767 = APPLICATION_PROTOCOL_DEFINITION ( 'draft international standard', 'automotive_design', 1998, #3983 ) ;
#3768 = EDGE_CURVE ( 'NONE', #2490, #4227, #35, .T. ) ;
#3769 = CARTESIAN_POINT ( 'NONE',  ( 3.665380152386999768, -3.500000000000000000, 4.702424197123000305 ) ) ;
#3770 = CARTESIAN_POINT ( 'NONE',  ( -2.367027597008000139, 8.840782264558001202, 0.8063529343369999491 ) ) ;
#3771 = DIRECTION ( 'NONE',  ( 0.000000000000000000, 0.000000000000000000, -1.000000000000000000 ) ) ;
#3772 = DIRECTION ( 'NONE',  ( -6.677809677911960712E-16, -1.000000000000000000, -8.981892944707908975E-17 ) ) ;
#3773 = CARTESIAN_POINT ( 'NONE',  ( 3.757595644535999924, -3.500000000000000000, 4.820730169109999963 ) ) ;
#3774 = EDGE_CURVE ( 'NONE', #1801, #4401, #2222, .T. ) ;
#3775 = ADVANCED_FACE ( 'NONE', ( #6013 ), #737, .F. ) ;
#3776 = CARTESIAN_POINT ( 'NONE',  ( -7.477102170984000651, 9.340734420033999896, 0.5875124060780000379 ) ) ;
#3777 = EDGE_CURVE ( 'NONE', #3308, #3338, #5877, .T. ) ;
#3778 = EDGE_LOOP ( 'NONE', ( #1491, #4960, #3985, #234 ) ) ;
#3779 = DIRECTION ( 'NONE',  ( -1.292281125508033830E-16, -1.000000000000000000, 6.652142707626950164E-16 ) ) ;
#3780 = VERTEX_POINT ( 'NONE', #4997 ) ;
#3781 = VERTEX_POINT ( 'NONE', #4023 ) ;
#3782 = DIRECTION ( 'NONE',  ( 1.110223024624999878E-16, -1.000000000000000000, 1.551559350114999894E-31 ) ) ;
#3783 = EDGE_CURVE ( 'NONE', #1765, #617, #1554, .T. ) ;
#3784 = DIRECTION ( 'NONE',  ( -6.154821860400110401E-16, -1.000000000000000000, 2.722574071512330408E-16 ) ) ;
#3785 = ORIENTED_EDGE ( 'NONE', *, *, #3451, .F. ) ;
#3786 = CARTESIAN_POINT ( 'NONE',  ( -5.729370427217999939, -3.500000000000000000, -1.649884692613999837 ) ) ;
#3787 = CIRCLE ( 'NONE', #1378, 6.112197999999997577 ) ;
#3788 = ORIENTED_EDGE ( 'NONE', *, *, #3233, .F. ) ;
#3789 = ADVANCED_FACE ( 'NONE', ( #208 ), #5984, .T. ) ;
#3790 = FACE_OUTER_BOUND ( 'NONE', #4639, .T. ) ;
#3791 = AXIS2_PLACEMENT_3D ( 'NONE', #456, #423, #361 ) ;
#3792 = VERTEX_POINT ( 'NONE', #5600 ) ;
#3793 = CARTESIAN_POINT ( 'NONE',  ( 3.757595644535999924, -3.500000000000000000, -4.820730169109999963 ) ) ;
#3794 = LINE ( 'NONE', #5722, #2821 ) ;
#3795 = EDGE_LOOP ( 'NONE', ( #791, #238, #4391, #4531 ) ) ;
#3796 = CYLINDRICAL_SURFACE ( 'NONE', #1233, 1.000000000000000222 ) ;
#3797 = EDGE_CURVE ( 'NONE', #3572, #2557, #2742, .T. ) ;
#3798 = DIRECTION ( 'NONE',  ( -8.881784197000999888E-16, -1.000000000000000000, -4.440892098500999885E-16 ) ) ;
#3799 = CARTESIAN_POINT ( 'NONE',  ( -1.156907468018000040, 8.983772995002999195, 7.410366813993000790 ) ) ;
#3800 = CARTESIAN_POINT ( 'NONE',  ( -2.499999995977000289, 9.049999987810000590, 0.1219014033799999952 ) ) ;
#3801 = DIRECTION ( 'NONE',  ( -0.3090169943750399328, 7.814069711607234909E-16, 0.9510565162951235552 ) ) ;
#3802 = DIRECTION ( 'NONE',  ( -5.289177753218320077E-16, -1.000000000000000000, 7.279928633694380175E-16 ) ) ;
#3803 = EDGE_CURVE ( 'NONE', #2342, #1944, #5474, .T. ) ;
#3804 = DIRECTION ( 'NONE',  ( 1.829647544582000068E-15, 6.938893903907228378E-16, 1.000000000000000000 ) ) ;
#3805 = PRODUCT_DEFINITION_CONTEXT ( 'detailed design', #2682, 'design' ) ;
#3806 = CARTESIAN_POINT ( 'NONE',  ( -7.431807043653000378, 9.106472751033999558, 1.011756798611999963 ) ) ;
#3807 = CARTESIAN_POINT ( 'NONE',  ( -0.2064046357350000083, -3.500000000000000000, 6.108711936043000001 ) ) ;
#3808 = CARTESIAN_POINT ( 'NONE',  ( 7.562838659946011826E-15, -3.500000000000005773, -7.299999999999994493 ) ) ;
#3809 = ORIENTED_EDGE ( 'NONE', *, *, #5781, .T. ) ;
#3810 = VERTEX_POINT ( 'NONE', #3100 ) ;
#3811 = EDGE_CURVE ( 'NONE', #4703, #1584, #5577, .T. ) ;
#3812 = DIRECTION ( 'NONE',  ( 2.372822596992000098E-16, 1.000000000000000000, -9.436895709314000199E-16 ) ) ;
#3813 = CARTESIAN_POINT ( 'NONE',  ( -1.649999999999999911, 7.482318523951999367, 1.878163997099000060 ) ) ;
#3814 = ORIENTED_EDGE ( 'NONE', *, *, #3777, .F. ) ;
#3815 = DIRECTION ( 'NONE',  ( -4.440892098500999885E-16, -1.000000000000000000, 3.330669073875000249E-16 ) ) ;
#3816 = ORIENTED_EDGE ( 'NONE', *, *, #1948, .T. ) ;
#3817 = EDGE_CURVE ( 'NONE', #1330, #1131, #2627, .T. ) ;
#3818 = DIRECTION ( 'NONE',  ( -1.000000000000000000, 0.000000000000000000, 0.000000000000000000 ) ) ;
#3819 = AXIS2_PLACEMENT_3D ( 'NONE', #1957, #376, #6219 ) ;
#3820 = EDGE_LOOP ( 'NONE', ( #2835, #2007, #5680, #4489 ) ) ;
#3821 = EDGE_LOOP ( 'NONE', ( #4980, #966, #851, #4111 ) ) ;
#3822 = DIRECTION ( 'NONE',  ( 0.5877852522921382938, 0.000000000000000000, -0.8090169943751908121 ) ) ;
#3823 = VERTEX_POINT ( 'NONE', #5121 ) ;
#3824 = CARTESIAN_POINT ( 'NONE',  ( -3.339606417124999727, -3.500000000000000000, 4.939112670297999941 ) ) ;
#3825 = AXIS2_PLACEMENT_3D ( 'NONE', #5477, #6109, #5028 ) ;
#3826 = DIRECTION ( 'NONE',  ( -1.292281125508035802E-16, -1.000000000000000000, 6.652142707626950164E-16 ) ) ;
#3827 = AXIS2_PLACEMENT_3D ( 'NONE', #3756, #2343, #2841 ) ;
#3828 = CIRCLE ( 'NONE', #2721, 0.1499999999999998834 ) ;
#3829 = CARTESIAN_POINT ( 'NONE',  ( -1.110996469755000104, 9.025775052773001406, 7.417502402023000485 ) ) ;
#3830 = DIRECTION ( 'NONE',  ( 7.771561172376000134E-16, 1.000000000000000000, -7.771561172375990273E-16 ) ) ;
#3831 = DIRECTION ( 'NONE',  ( 0.000000000000000000, 0.000000000000000000, -1.000000000000000000 ) ) ;
#3832 = CARTESIAN_POINT ( 'NONE',  ( 0.000000000000000000, 0.000000000000000000, -0.4200000000000000400 ) ) ;
#3833 = CIRCLE ( 'NONE', #927, 7.299999999999999822 ) ;
#3834 = CIRCLE ( 'NONE', #5852, 2.799999999999999822 ) ;
#3835 = DIRECTION ( 'NONE',  ( -1.929884152117739853E-15, -0.7071067811868650965, -0.7071067811862300490 ) ) ;
#3836 = DIRECTION ( 'NONE',  ( 6.661338147751000379E-16, -1.000000000000000000, 1.110223024624999878E-16 ) ) ;
#3837 = ADVANCED_FACE ( 'NONE', ( #4494 ), #3131, .F. ) ;
#3838 = CARTESIAN_POINT ( 'NONE',  ( -7.341447628365999734, 8.507840144887000022, 1.534321502387999914 ) ) ;
#3839 = CIRCLE ( 'NONE', #1637, 1.000000000000000222 ) ;
#3840 = ORIENTED_EDGE ( 'NONE', *, *, #5386, .T. ) ;
#3841 = CARTESIAN_POINT ( 'NONE',  ( 5.604935932989999259, 3.500000000000000000, -2.032854686956000023 ) ) ;
#3842 = ORIENTED_EDGE ( 'NONE', *, *, #805, .F. ) ;
#3843 = ORIENTED_EDGE ( 'NONE', *, *, #4833, .T. ) ;
#3844 = DIRECTION ( 'NONE',  ( 1.000000000000000000, 4.440892098501004815E-16, 6.661338147751000379E-16 ) ) ;
#3845 = CIRCLE ( 'NONE', #5566, 0.1499999999999999667 ) ;
#3846 = FACE_OUTER_BOUND ( 'NONE', #4193, .T. ) ;
#3847 = AXIS2_PLACEMENT_3D ( 'NONE', #4784, #1915, #5757 ) ;
#3848 = EDGE_LOOP ( 'NONE', ( #2313, #5237, #2440, #4582 ) ) ;
#3849 =( BOUNDED_CURVE ( )  B_SPLINE_CURVE ( 2, ( #6071, #5947, #2653 ),
 .UNSPECIFIED., .F., .F. ) 
 B_SPLINE_CURVE_WITH_KNOTS ( ( 3, 3 ),
 ( 0.000000000000000000, 1.000000000000000000 ),
 .UNSPECIFIED. ) 
 CURVE ( )  GEOMETRIC_REPRESENTATION_ITEM ( )  RATIONAL_B_SPLINE_CURVE ( ( 1.000000000000000000, 1.154700538379102026, 1.000000000000000000 ) ) 
 REPRESENTATION_ITEM ( '' )  );
#3850 = FACE_OUTER_BOUND ( 'NONE', #2035, .T. ) ;
#3851 = VERTEX_POINT ( 'NONE', #4117 ) ;
#3852 = CARTESIAN_POINT ( 'NONE',  ( -5.526097986176999655, 3.500000000000000000, -1.380342898347999947 ) ) ;
#3853 = CIRCLE ( 'NONE', #4364, 0.1500000000000001332 ) ;
#3854 = ADVANCED_FACE ( 'NONE', ( #3165 ), #1160, .F. ) ;
#3855 = EDGE_CURVE ( 'NONE', #4550, #1159, #3754, .T. ) ;
#3856 = VERTEX_POINT ( 'NONE', #3596 ) ;
#3857 = ORIENTED_EDGE ( 'NONE', *, *, #688, .T. ) ;
#3858 = DIRECTION ( 'NONE',  ( -0.5877852522921382938, 0.000000000000000000, -0.8090169943751908121 ) ) ;
#3859 = ORIENTED_EDGE ( 'NONE', *, *, #1668, .F. ) ;
#3860 = FACE_OUTER_BOUND ( 'NONE', #1182, .T. ) ;
#3861 = AXIS2_PLACEMENT_3D ( 'NONE', #4418, #3089, #132 ) ;
#3862 = FACE_OUTER_BOUND ( 'NONE', #3374, .T. ) ;
#3863 = AXIS2_PLACEMENT_3D ( 'NONE', #3114, #3248, #1713 ) ;
#3864 = CARTESIAN_POINT ( 'NONE',  ( 5.627604495026999665, -3.500000000000000000, 2.418477214851999957 ) ) ;
#3865 = CARTESIAN_POINT ( 'NONE',  ( 3.423625928481999647, 3.500000000000000000, 5.063373370888999858 ) ) ;
#3866 = CARTESIAN_POINT ( 'NONE',  ( 5.282052382155000281, -3.500000000000000000, 2.131438036170000050 ) ) ;
#3867 = CARTESIAN_POINT ( 'NONE',  ( 0.3949227455139999732, 9.404146805105000340, 7.490222241700999817 ) ) ;
#3868 = CIRCLE ( 'NONE', #3968, 1.000000000000000000 ) ;
#3869 = DIRECTION ( 'NONE',  ( -8.474188266847760403E-16, -1.000000000000000000, -5.059242192088281016E-16 ) ) ;
#3870 = LINE ( 'NONE', #322, #5499 ) ;
#3871 = EDGE_CURVE ( 'NONE', #6237, #3724, #5534, .T. ) ;
#3872 = CARTESIAN_POINT ( 'NONE',  ( -7.461046342386000063, 9.260730632374000848, 0.7653380655100000540 ) ) ;
#3873 = AXIS2_PLACEMENT_3D ( 'NONE', #2510, #1100, #4437 ) ;
#3874 = CARTESIAN_POINT ( 'NONE',  ( 0.8145616787630718392, 0.5891377864830275035, -0.1544840639492899570 ) ) ;
#3875 = DIRECTION ( 'NONE',  ( 0.000000000000000000, 0.000000000000000000, -1.000000000000000000 ) ) ;
#3876 = VERTEX_POINT ( 'NONE', #5090 ) ;
#3877 = ORIENTED_EDGE ( 'NONE', *, *, #2058, .T. ) ;
#3878 = EDGE_CURVE ( 'NONE', #756, #4419, #6082, .T. ) ;
#3879 = DIRECTION ( 'NONE',  ( 0.000000000000000000, 1.000000000000000000, 0.000000000000000000 ) ) ;
#3880 = CARTESIAN_POINT ( 'NONE',  ( -1.878163997099000060, 7.453622922276999851, -1.649999999999999911 ) ) ;
#3881 = CARTESIAN_POINT ( 'NONE',  ( -1.649999999999999911, 7.345935244085000093, 1.878163997099000060 ) ) ;
#3882 = ORIENTED_EDGE ( 'NONE', *, *, #5070, .F. ) ;
#3883 = CARTESIAN_POINT ( 'NONE',  ( 6.108711936043000001, 3.500000000000000000, 0.2064046357350000083 ) ) ;
#3884 = ORIENTED_EDGE ( 'NONE', *, *, #1661, .F. ) ;
#3885 = VECTOR ( 'NONE', #2778, 1000.000000000000000 ) ;
#3886 = ADVANCED_FACE ( 'NONE', ( #3846 ), #545, .T. ) ;
#3887 = CARTESIAN_POINT ( 'NONE',  ( -5.958797487851000163, -3.500000000000000000, -0.2013392410339999994 ) ) ;
#3888 = ORIENTED_EDGE ( 'NONE', *, *, #490, .T. ) ;
#3889 = ADVANCED_FACE ( 'NONE', ( #5774 ), #2466, .T. ) ;
#3890 = ORIENTED_EDGE ( 'NONE', *, *, #8, .F. ) ;
#3891 = CARTESIAN_POINT ( 'NONE',  ( -5.526097986177999744, -3.500000000000000000, 1.380342898347999947 ) ) ;
#3892 = ORIENTED_EDGE ( 'NONE', *, *, #5009, .T. ) ;
#3893 = LINE ( 'NONE', #4462, #6181 ) ;
#3894 = EDGE_CURVE ( 'NONE', #4835, #2075, #4333, .T. ) ;
#3895 = CIRCLE ( 'NONE', #770, 0.1500000000000001332 ) ;
#3896 = DIRECTION ( 'NONE',  ( 0.8090169943751905901, -7.814069711607236881E-16, -0.5877852522921384049 ) ) ;
#3897 = DIRECTION ( 'NONE',  ( -7.940816618730620390E-16, -1.000000000000000000, 1.554369229507224864E-16 ) ) ;
#3898 = CARTESIAN_POINT ( 'NONE',  ( -1.144639938388619949E-14, -4.699999999999997513, 7.500000000000007105 ) ) ;
#3899 = DIRECTION ( 'NONE',  ( 8.137637229394920158E-17, -1.000000000000000000, 6.536891100602380010E-17 ) ) ;
#3900 = AXIS2_PLACEMENT_3D ( 'NONE', #1207, #3590, #3982 ) ;
#3901 = CARTESIAN_POINT ( 'NONE',  ( 9.430987591914999170E-16, -3.500000000000000000, 2.239513591136999938E-15 ) ) ;
#3902 = EDGE_CURVE ( 'NONE', #5525, #2139, #872, .T. ) ;
#3903 = CARTESIAN_POINT ( 'NONE',  ( 0.3948740821140000468, -3.500000000000000000, -5.682180913094000196 ) ) ;
#3904 = DIRECTION ( 'NONE',  ( -0.9510565162951243323, 0.000000000000000000, 0.3090169943750375459 ) ) ;
#3905 = LINE ( 'NONE', #2985, #1545 ) ;
#3906 = CARTESIAN_POINT ( 'NONE',  ( 0.6685876786080420242, 0.8419721713354777481, -0.08346446563724616019 ) ) ;
#3907 = DIRECTION ( 'NONE',  ( -4.231032868236115418E-16, 1.000000000000000000, -6.661338147751002351E-16 ) ) ;
#3908 = ADVANCED_FACE ( 'NONE', ( #194 ), #1080, .T. ) ;
#3909 = ORIENTED_EDGE ( 'NONE', *, *, #2120, .T. ) ;
#3910 = DIRECTION ( 'NONE',  ( -5.851721321710000488E-16, -1.000000000000000000, 1.540942540396989897E-16 ) ) ;
#3911 = CARTESIAN_POINT ( 'NONE',  ( -1.600036175392000048, 6.995240255893999226, 1.920945291871000160 ) ) ;
#3912 = ORIENTED_EDGE ( 'NONE', *, *, #473, .F. ) ;
#3913 = CARTESIAN_POINT ( 'NONE',  ( -1.278976924368180839E-13, -1.000000000000000000, -2.197709752620711221 ) ) ;
#3914 = ORIENTED_EDGE ( 'NONE', *, *, #828, .F. ) ;
#3915 = DIRECTION ( 'NONE',  ( 1.000000000000000000, 0.000000000000000000, 0.000000000000000000 ) ) ;
#3916 = EDGE_CURVE ( 'NONE', #3340, #1403, #5971, .T. ) ;
#3917 = ORIENTED_EDGE ( 'NONE', *, *, #1538, .T. ) ;
#3918 = VERTEX_POINT ( 'NONE', #4450 ) ;
#3919 = FACE_OUTER_BOUND ( 'NONE', #5595, .T. ) ;
#3920 = ORIENTED_EDGE ( 'NONE', *, *, #2581, .F. ) ;
#3921 = DIRECTION ( 'NONE',  ( 0.5877852522921382938, 0.000000000000000000, 0.8090169943751908121 ) ) ;
#3922 = DIRECTION ( 'NONE',  ( 0.8090169943751905901, -7.814069711607236881E-16, -0.5877852522921384049 ) ) ;
#3923 = EDGE_CURVE ( 'NONE', #229, #1643, #2852, .T. ) ;
#3924 = CYLINDRICAL_SURFACE ( 'NONE', #4062, 0.9999999999999995559 ) ;
#3925 = CIRCLE ( 'NONE', #6152, 6.112198000000000242 ) ;
#3926 = EDGE_CURVE ( 'NONE', #1655, #2396, #4468, .T. ) ;
#3927 = CARTESIAN_POINT ( 'NONE',  ( 7.227551890310000372E-15, 11.29999999999999893, -1.033617635926000008E-14 ) ) ;
#3928 = DIRECTION ( 'NONE',  ( -8.474188266847760403E-16, -1.000000000000000000, -5.059242192088281016E-16 ) ) ;
#3929 = VECTOR ( 'NONE', #3460, 1000.000000000000000 ) ;
#3930 = DIRECTION ( 'NONE',  ( 2.838796142837000101E-16, 1.000000000000000000, -2.775557561563000312E-16 ) ) ;
#3931 = CARTESIAN_POINT ( 'NONE',  ( 2.083998275786999699, -3.500000000000000000, 5.745947752783999718 ) ) ;
#3932 = AXIS2_PLACEMENT_3D ( 'NONE', #5880, #3445, #48 ) ;
#3933 = DIRECTION ( 'NONE',  ( 0.9510565162951234441, -4.336808689942019708E-16, -0.3090169943750403769 ) ) ;
#3934 = CARTESIAN_POINT ( 'NONE',  ( -4.364879761826999882, -3.500000000000000000, 3.659361984642999666 ) ) ;
#3935 = ADVANCED_FACE ( 'NONE', ( #1586 ), #5429, .F. ) ;
#3936 = CARTESIAN_POINT ( 'NONE',  ( 0.6224602382331171357, 0.9218672416879125642, -0.04510996904407185704 ) ) ;
#3937 = CARTESIAN_POINT ( 'NONE',  ( -2.664535259099999805E-15, 9.449999999999999289, 7.500000000000000000 ) ) ;
#3938 = AXIS2_PLACEMENT_3D ( 'NONE', #4583, #3655, #1656 ) ;
#3939 = CIRCLE ( 'NONE', #5454, 0.9999999999999995559 ) ;
#3940 = VERTEX_POINT ( 'NONE', #4071 ) ;
#3941 = DIRECTION ( 'NONE',  ( -0.5877852522921384049, 0.000000000000000000, -0.8090169943751905901 ) ) ;
#3942 = CARTESIAN_POINT ( 'NONE',  ( -7.285503528965000086, 7.902911450301998819, -1.781406654275000001 ) ) ;
#3943 = ORIENTED_EDGE ( 'NONE', *, *, #2210, .F. ) ;
#3944 = CYLINDRICAL_SURFACE ( 'NONE', #2625, 0.1499999999999999944 ) ;
#3945 = ORIENTED_EDGE ( 'NONE', *, *, #1305, .F. ) ;
#3946 = AXIS2_PLACEMENT_3D ( 'NONE', #1376, #3733, #1884 ) ;
#3947 = DIRECTION ( 'NONE',  ( 0.000000000000000000, 0.000000000000000000, 1.000000000000000000 ) ) ;
#3948 = CONICAL_SURFACE ( 'NONE', #5973, 2.020000000000000018, 0.7853981633970000820 ) ;
#3949 = ORIENTED_EDGE ( 'NONE', *, *, #2922, .F. ) ;
#3950 = EDGE_LOOP ( 'NONE', ( #4488, #1390, #2640, #1432, #2530, #3914, #1725 ) ) ;
#3951 = DIRECTION ( 'NONE',  ( -1.292281125508033830E-16, -1.000000000000000000, 6.652142707626950164E-16 ) ) ;
#3952 = ORIENTED_EDGE ( 'NONE', *, *, #432, .T. ) ;
#3953 = DIRECTION ( 'NONE',  ( 0.000000000000000000, 0.000000000000000000, 1.000000000000000000 ) ) ;
#3954 = DIRECTION ( 'NONE',  ( 2.199496035544559835E-17, -1.000000000000000000, 2.859514670765540345E-16 ) ) ;
#3955 = ORIENTED_EDGE ( 'NONE', *, *, #5004, .F. ) ;
#3956 = DIRECTION ( 'NONE',  ( -1.000000000000000000, 0.000000000000000000, 0.000000000000000000 ) ) ;
#3957 = DIRECTION ( 'NONE',  ( 1.624174526069380024E-17, -1.000000000000000000, -4.921092136786170288E-16 ) ) ;
#3958 = CARTESIAN_POINT ( 'NONE',  ( 2.686351677078000044, -3.500000000000000000, 5.272262022913999147 ) ) ;
#3959 = DIRECTION ( 'NONE',  ( 1.000000000000000000, 0.000000000000000000, 0.000000000000000000 ) ) ;
#3960 = EDGE_CURVE ( 'NONE', #3592, #1293, #2157, .T. ) ;
#3961 = LINE ( 'NONE', #1134, #3659 ) ;
#3962 = AXIS2_PLACEMENT_3D ( 'NONE', #3150, #3211, #2241 ) ;
#3963 = ADVANCED_FACE ( 'NONE', ( #2963 ), #445, .T. ) ;
#3964 = CARTESIAN_POINT ( 'NONE',  ( -0.2013392410339999994, -3.500000000000000000, -5.958797487851000163 ) ) ;
#3965 = CARTESIAN_POINT ( 'NONE',  ( -5.960829065173999908, -3.500000000000000000, 0.3513254827150000259 ) ) ;
#3966 = CARTESIAN_POINT ( 'NONE',  ( -0.3948740821140000468, -3.500000000000000000, -5.682180913094000196 ) ) ;
#3967 = FACE_OUTER_BOUND ( 'NONE', #2437, .T. ) ;
#3968 = AXIS2_PLACEMENT_3D ( 'NONE', #1365, #1456, #479 ) ;
#3969 = ORIENTED_EDGE ( 'NONE', *, *, #5148, .F. ) ;
#3970 = DIRECTION ( 'NONE',  ( 1.000000000000000000, 0.000000000000000000, 0.000000000000000000 ) ) ;
#3971 = EDGE_CURVE ( 'NONE', #2645, #793, #4371, .T. ) ;
#3972 = AXIS2_PLACEMENT_3D ( 'NONE', #5860, #1546, #4410 ) ;
#3973 = DIRECTION ( 'NONE',  ( 0.000000000000000000, 0.000000000000000000, 1.000000000000000000 ) ) ;
#3974 = DIRECTION ( 'NONE',  ( -3.330669073875000249E-16, 1.110223024624999878E-16, 1.000000000000000000 ) ) ;
#3975 = EDGE_CURVE ( 'NONE', #5742, #4451, #645, .T. ) ;
#3976 = EDGE_LOOP ( 'NONE', ( #4647, #4511, #4708, #6127 ) ) ;
#3977 = FACE_OUTER_BOUND ( 'NONE', #5692, .T. ) ;
#3978 = EDGE_LOOP ( 'NONE', ( #3518, #4205, #788, #1534 ) ) ;
#3979 = EDGE_CURVE ( 'NONE', #2182, #1666, #3155, .T. ) ;
#3980 = EDGE_CURVE ( 'NONE', #290, #2903, #1653, .T. ) ;
#3981 = EDGE_CURVE ( 'NONE', #284, #824, #1351, .T. ) ;
#3982 = DIRECTION ( 'NONE',  ( 1.000000000000000000, 0.000000000000000000, 0.000000000000000000 ) ) ;
#3983 = APPLICATION_CONTEXT ( 'automotive_design' ) ;
#3984 = EDGE_LOOP ( 'NONE', ( #1394, #5222, #2037, #4733 ) ) ;
#3985 = ORIENTED_EDGE ( 'NONE', *, *, #312, .F. ) ;
#3986 = DIRECTION ( 'NONE',  ( 3.575645864350999979E-16, 1.000000000000000000, -6.106226635438000068E-16 ) ) ;
#3987 = ORIENTED_EDGE ( 'NONE', *, *, #3610, .T. ) ;
#3988 = EDGE_CURVE ( 'NONE', #3623, #5599, #2455, .T. ) ;
#3989 = CARTESIAN_POINT ( 'NONE',  ( -2.493111269688999876, 9.039562809655000919, -0.2388424116089999938 ) ) ;
#3990 = DIRECTION ( 'NONE',  ( 0.9510565162951233331, -7.814069711607241811E-16, -0.3090169943750401549 ) ) ;
#3991 = AXIS2_PLACEMENT_3D ( 'NONE', #5829, #1515, #4911 ) ;
#3992 = AXIS2_PLACEMENT_3D ( 'NONE', #2946, #3478, #83 ) ;
#3993 = ORIENTED_EDGE ( 'NONE', *, *, #1219, .T. ) ;
#3994 = CARTESIAN_POINT ( 'NONE',  ( 4.615908076795999904, 3.500000000000000000, 3.787915702019000186 ) ) ;
#3995 = DIRECTION ( 'NONE',  ( 3.697785493223000194E-32, 1.000000000000000000, -1.110223024624999878E-16 ) ) ;
#3996 = DIRECTION ( 'NONE',  ( -5.406247080330000210E-16, 1.000000000000000000, -4.440892098500999885E-16 ) ) ;
#3997 = ORIENTED_EDGE ( 'NONE', *, *, #3132, .F. ) ;
#3998 = CARTESIAN_POINT ( 'NONE',  ( 0.9256537036670000607, 3.500000000000000000, -5.844347473592999442 ) ) ;
#3999 = ORIENTED_EDGE ( 'NONE', *, *, #4740, .T. ) ;
#4000 = AXIS2_PLACEMENT_3D ( 'NONE', #3315, #5154, #1759 ) ;
#4001 = EDGE_CURVE ( 'NONE', #4365, #775, #1778, .T. ) ;
#4002 = CARTESIAN_POINT ( 'NONE',  ( -9.381384558083001907E-16, 9.050000000000000711, 2.500000000000000000 ) ) ;
#4003 = FACE_OUTER_BOUND ( 'NONE', #890, .T. ) ;
#4004 = DIRECTION ( 'NONE',  ( -0.9510565162951225560, 0.000000000000000000, -0.3090169943750425974 ) ) ;
#4005 = AXIS2_PLACEMENT_3D ( 'NONE', #6238, #994, #1906 ) ;
#4006 = CARTESIAN_POINT ( 'NONE',  ( -5.264412095235000422, -3.500000000000000000, -3.131282434201999809 ) ) ;
#4007 = EDGE_CURVE ( 'NONE', #1330, #2684, #5583, .T. ) ;
#4008 = CYLINDRICAL_SURFACE ( 'NONE', #5651, 1.000000000000000222 ) ;
#4009 = VERTEX_POINT ( 'NONE', #6060 ) ;
#4010 = CARTESIAN_POINT ( 'NONE',  ( -4.820730169109999963, -3.500000000000000000, -3.757595644535999924 ) ) ;
#4011 = CARTESIAN_POINT ( 'NONE',  ( -2.142858315045000239, 6.365947134144000152, -1.289401907215999898 ) ) ;
#4012 = CARTESIAN_POINT ( 'NONE',  ( -0.4757266065630000318, 5.813264042077999960, 2.458441880647999955 ) ) ;
#4013 = EDGE_CURVE ( 'NONE', #477, #2351, #5475, .T. ) ;
#4014 = ORIENTED_EDGE ( 'NONE', *, *, #1620, .F. ) ;
#4015 = CARTESIAN_POINT ( 'NONE',  ( -1.154700538379000108, 4.996003610813000314E-16, 0.000000000000000000 ) ) ;
#4016 = EDGE_LOOP ( 'NONE', ( #5688, #3683, #3316, #4887 ) ) ;
#4018 = ORIENTED_EDGE ( 'NONE', *, *, #5379, .F. ) ;
#4017 = ADVANCED_FACE ( 'NONE', ( #6094 ), #1249, .F. ) ;
#4019 = CARTESIAN_POINT ( 'NONE',  ( -0.3513254827150000259, -3.500000000000000000, 5.960829065173999908 ) ) ;
#4020 = ORIENTED_EDGE ( 'NONE', *, *, #5714, .T. ) ;
#4021 = FILL_AREA_STYLE_COLOUR ( '', #4200 ) ;
#4022 = ORIENTED_EDGE ( 'NONE', *, *, #4153, .F. ) ;
#4023 = CARTESIAN_POINT ( 'NONE',  ( -3.659361984642999666, 3.500000000000000000, 4.364879761826999882 ) ) ;
#4024 = DIRECTION ( 'NONE',  ( -2.616826822693999873E-16, 1.000000000000000000, -8.326672684689000444E-16 ) ) ;
#4025 = LINE ( 'NONE', #529, #4431 ) ;
#4026 = EDGE_LOOP ( 'NONE', ( #1429, #2303, #1418, #3651 ) ) ;
#4027 = CARTESIAN_POINT ( 'NONE',  ( -0.6681012639969505784, 0.8428146661570227183, -0.09075099480645913708 ) ) ;
#4028 = DIRECTION ( 'NONE',  ( 0.000000000000000000, 1.000000000000000000, 0.000000000000000000 ) ) ;
#4029 = CARTESIAN_POINT ( 'NONE',  ( 4.820730169109999963, -3.500000000000000000, 3.757595644535999924 ) ) ;
#4030 = AXIS2_PLACEMENT_3D ( 'NONE', #4848, #3928, #3420 ) ;
#4031 = AXIS2_PLACEMENT_3D ( 'NONE', #375, #1798, #6084 ) ;
#4032 =( LENGTH_UNIT ( ) NAMED_UNIT ( * ) SI_UNIT ( .MILLI., .METRE. ) );
#4033 = DIRECTION ( 'NONE',  ( 2.372822596992000098E-16, 1.000000000000000000, -9.436895709314000199E-16 ) ) ;
#4034 = CYLINDRICAL_SURFACE ( 'NONE', #16, 0.9999999999999995559 ) ;
#4035 = ORIENTED_EDGE ( 'NONE', *, *, #573, .F. ) ;
#4036 = AXIS2_PLACEMENT_3D ( 'NONE', #3501, #3413, #4490 ) ;
#4037 = AXIS2_PLACEMENT_3D ( 'NONE', #2077, #2599, #619 ) ;
#4038 = LINE ( 'NONE', #5969, #3657 ) ;
#4039 = ADVANCED_FACE ( 'NONE', ( #5556 ), #1235, .T. ) ;
#4040 = AXIS2_PLACEMENT_3D ( 'NONE', #4551, #235, #2160 ) ;
#4041 = VECTOR ( 'NONE', #502, 1000.000000000000000 ) ;
#4042 = CARTESIAN_POINT ( 'NONE',  ( -7.500000000000000000, 9.449999999999999289, -0.08020604426550000110 ) ) ;
#4043 = EDGE_LOOP ( 'NONE', ( #864, #4592, #4674, #4222 ) ) ;
#4044 = ORIENTED_EDGE ( 'NONE', *, *, #2961, .F. ) ;
#4045 = VECTOR ( 'NONE', #5338, 1000.000000000000000 ) ;
#4046 = EDGE_CURVE ( 'NONE', #3680, #4397, #2060, .T. ) ;
#4047 = DIRECTION ( 'NONE',  ( -1.292281125508033830E-16, -1.000000000000000000, 6.652142707626950164E-16 ) ) ;
#4048 = ORIENTED_EDGE ( 'NONE', *, *, #4357, .F. ) ;
#4049 = VECTOR ( 'NONE', #462, 1000.000000000000000 ) ;
#4050 = VERTEX_POINT ( 'NONE', #823 ) ;
#4051 = CARTESIAN_POINT ( 'NONE',  ( -0.3958482795759770689, -0.9999999999999995559, -0.09075099480667783713 ) ) ;
#4052 = EDGE_LOOP ( 'NONE', ( #1205, #5285, #6229, #2367 ) ) ;
#4053 = DIRECTION ( 'NONE',  ( 0.000000000000000000, 0.000000000000000000, -1.000000000000000000 ) ) ;
#4054 = VECTOR ( 'NONE', #2993, 1000.000000000000000 ) ;
#4055 = ORIENTED_EDGE ( 'NONE', *, *, #3170, .F. ) ;
#4056 = DIRECTION ( 'NONE',  ( 0.000000000000000000, 0.000000000000000000, 1.000000000000000000 ) ) ;
#4057 = CARTESIAN_POINT ( 'NONE',  ( -4.184090831422999202, -3.500000000000000000, -4.184090831422999202 ) ) ;
#4058 = DIRECTION ( 'NONE',  ( 0.3090169943750404324, 0.000000000000000000, 0.9510565162951234441 ) ) ;
#4059 = VERTEX_POINT ( 'NONE', #282 ) ;
#4060 = DIRECTION ( 'NONE',  ( 1.110223024624999878E-16, -1.000000000000000000, 1.551559350114999894E-31 ) ) ;
#4061 = DIRECTION ( 'NONE',  ( -3.793385312392629599E-17, -1.000000000000000000, 5.213638939032400218E-16 ) ) ;
#4062 = AXIS2_PLACEMENT_3D ( 'NONE', #2449, #1475, #1094 ) ;
#4063 = FACE_OUTER_BOUND ( 'NONE', #5906, .T. ) ;
#4064 = CARTESIAN_POINT ( 'NONE',  ( 0.5773502691900000983, 1.000000000000000000, -2.024834468762999773 ) ) ;
#4065 = CARTESIAN_POINT ( 'NONE',  ( 0.8818412685279999330, 6.004676997104999359, 2.339659486611999739 ) ) ;
#4066 = ORIENTED_EDGE ( 'NONE', *, *, #4428, .T. ) ;
#4067 = EDGE_CURVE ( 'NONE', #4871, #482, #2855, .T. ) ;
#4068 = AXIS2_PLACEMENT_3D ( 'NONE', #4106, #6029, #3587 ) ;
#4069 = DIRECTION ( 'NONE',  ( -0.9510565162951225560, 0.000000000000000000, 0.3090169943750425974 ) ) ;
#4070 = LINE ( 'NONE', #6057, #230 ) ;
#4071 = CARTESIAN_POINT ( 'NONE',  ( 4.364879761826999882, -3.500000000000000000, 3.659361984642999666 ) ) ;
#4072 = ORIENTED_EDGE ( 'NONE', *, *, #862, .F. ) ;
#4073 = ADVANCED_FACE ( 'NONE', ( #2702 ), #846, .F. ) ;
#4074 = ORIENTED_EDGE ( 'NONE', *, *, #5737, .F. ) ;
#4075 = AXIS2_PLACEMENT_3D ( 'NONE', #721, #1645, #4574 ) ;
#4076 = CARTESIAN_POINT ( 'NONE',  ( -1.154700538379000108, 7.951538733008689519E-13, 0.000000000000000000 ) ) ;
#4077 = ORIENTED_EDGE ( 'NONE', *, *, #714, .T. ) ;
#4078 = ORIENTED_EDGE ( 'NONE', *, *, #854, .T. ) ;
#4079 = DIRECTION ( 'NONE',  ( -8.474188266847760403E-16, -1.000000000000000000, -5.059242192088281016E-16 ) ) ;
#4080 = ORIENTED_EDGE ( 'NONE', *, *, #4394, .F. ) ;
#4081 = EDGE_CURVE ( 'NONE', #2785, #5245, #950, .T. ) ;
#4082 = SURFACE_STYLE_USAGE ( .BOTH. , #1628 ) ;
#4083 = EDGE_CURVE ( 'NONE', #3810, #642, #4197, .T. ) ;
#4084 = ORIENTED_EDGE ( 'NONE', *, *, #6169, .T. ) ;
#4085 = DIRECTION ( 'NONE',  ( -9.363278209719779739E-16, -1.000000000000000000, 1.422433718763573873E-16 ) ) ;
#4086 = LINE ( 'NONE', #5570, #2025 ) ;
#4087 = LINE ( 'NONE', #1217, #2 ) ;
#4088 = ORIENTED_EDGE ( 'NONE', *, *, #6070, .T. ) ;
#4089 = CARTESIAN_POINT ( 'NONE',  ( -6.108711936043000001, -3.500000000000000000, -0.2064046357350000083 ) ) ;
#4090 = EDGE_CURVE ( 'NONE', #5878, #4328, #5985, .T. ) ;
#4091 = AXIS2_PLACEMENT_3D ( 'NONE', #4812, #845, #5726 ) ;
#4092 = CARTESIAN_POINT ( 'NONE',  ( 2.664535259099999805E-15, -3.500000000000000000, -1.776356839399999804E-15 ) ) ;
#4093 = DIRECTION ( 'NONE',  ( 1.000000000000000000, 0.000000000000000000, 0.000000000000000000 ) ) ;
#4094 = DIRECTION ( 'NONE',  ( -1.000000000000000000, -1.110223024624999878E-16, 0.000000000000000000 ) ) ;
#4095 = CARTESIAN_POINT ( 'NONE',  ( 2.131438036170000050, 3.500000000000000000, -5.282052382155000281 ) ) ;
#4096 = CARTESIAN_POINT ( 'NONE',  ( 1.086343353899999808, 6.151486435080999904, 2.254282807644000020 ) ) ;
#4097 = PRODUCT_DEFINITION_FORMATION_WITH_SPECIFIED_SOURCE ( 'ANY', '', #5307, .NOT_KNOWN. ) ;
#4098 = CIRCLE ( 'NONE', #370, 6.112198000000001130 ) ;
#4099 = CARTESIAN_POINT ( 'NONE',  ( 4.364879761826999882, -3.500000000000000000, -3.659361984642999666 ) ) ;
#4100 = EDGE_CURVE ( 'NONE', #513, #5113, #725, .T. ) ;
#4101 = ORIENTED_EDGE ( 'NONE', *, *, #5821, .F. ) ;
#4102 = CARTESIAN_POINT ( 'NONE',  ( 5.745947752783999718, -3.500000000000000000, -2.083998275786999699 ) ) ;
#4103 = AXIS2_PLACEMENT_3D ( 'NONE', #1055, #3947, #2408 ) ;
#4104 = CARTESIAN_POINT ( 'NONE',  ( 1.321165399304000023E-15, 3.700000000000000178, -4.429789868253999730E-15 ) ) ;
#4105 = EDGE_CURVE ( 'NONE', #4506, #1589, #544, .T. ) ;
#4106 = CARTESIAN_POINT ( 'NONE',  ( 7.227551890310000372E-15, 11.29999999999999893, -1.033617635926000008E-14 ) ) ;
#4107 = ORIENTED_EDGE ( 'NONE', *, *, #2654, .T. ) ;
#4108 = ORIENTED_EDGE ( 'NONE', *, *, #1161, .F. ) ;
#4109 = DIRECTION ( 'NONE',  ( -3.361755112286175223E-16, -1.000000000000000000, 3.427015591639660434E-16 ) ) ;
#4110 = ADVANCED_FACE ( 'NONE', ( #1516 ), #6089, .F. ) ;
#4111 = ORIENTED_EDGE ( 'NONE', *, *, #2860, .F. ) ;
#4112 = DIRECTION ( 'NONE',  ( -8.474188266847760403E-16, -1.000000000000000000, -5.059242192088281016E-16 ) ) ;
#4113 = ORIENTED_EDGE ( 'NONE', *, *, #3224, .F. ) ;
#4114 = EDGE_CURVE ( 'NONE', #2911, #4794, #240, .T. ) ;
#4115 = ADVANCED_FACE ( 'NONE', ( #4853 ), #5381, .F. ) ;
#4116 = ORIENTED_EDGE ( 'NONE', *, *, #4090, .F. ) ;
#4117 = CARTESIAN_POINT ( 'NONE',  ( -4.829082085785000089, -3.500000000000000000, 3.020442298506000434 ) ) ;
#4118 = DIRECTION ( 'NONE',  ( 0.8090169943751909232, -5.676267280532491694E-16, -0.5877852522921378498 ) ) ;
#4119 = CARTESIAN_POINT ( 'NONE',  ( 4.829082085785000089, -3.500000000000000000, -3.020442298506000434 ) ) ;
#4120 = ORIENTED_EDGE ( 'NONE', *, *, #3273, .F. ) ;
#4121 = FACE_OUTER_BOUND ( 'NONE', #5302, .T. ) ;
#4122 = DIRECTION ( 'NONE',  ( 0.8090169943751908121, 0.000000000000000000, -0.5877852522921382938 ) ) ;
#4123 = ADVANCED_FACE ( 'NONE', ( #5449 ), #4173, .F. ) ;
#4124 = CARTESIAN_POINT ( 'NONE',  ( -5.958797487851000163, -3.500000000000000000, -0.2013392410339999994 ) ) ;
#4125 = CARTESIAN_POINT ( 'NONE',  ( -1.918744018871999968, 7.000529695714999612, 1.602905338437999871 ) ) ;
#4126 = CARTESIAN_POINT ( 'NONE',  ( -7.100000000000000533, 7.400000000000000355, -7.993605777301000873E-15 ) ) ;
#4127 = LINE ( 'NONE', #1229, #4239 ) ;
#4128 = VERTEX_POINT ( 'NONE', #4611 ) ;
#4129 = CARTESIAN_POINT ( 'NONE',  ( 5.974372913993000189, -3.500000000000000000, -1.351233760588000044 ) ) ;
#4130 = EDGE_CURVE ( 'NONE', #1334, #4059, #4261, .T. ) ;
#4131 = CARTESIAN_POINT ( 'NONE',  ( 6.108711936043000001, 3.500000000000000000, -0.2064046357350000083 ) ) ;
#4132 = DIRECTION ( 'NONE',  ( -1.151671350877999811E-15, 8.095376221225100103E-16, 1.000000000000000000 ) ) ;
#4133 = AXIS2_PLACEMENT_3D ( 'NONE', #1251, #6076, #4058 ) ;
#4134 = ORIENTED_EDGE ( 'NONE', *, *, #359, .F. ) ;
#4135 = CIRCLE ( 'NONE', #1015, 1.000000000000000000 ) ;
#4136 = ORIENTED_EDGE ( 'NONE', *, *, #1920, .F. ) ;
#4137 = CARTESIAN_POINT ( 'NONE',  ( -0.3513254827150000259, -3.500000000000000000, -5.960829065173999908 ) ) ;
#4138 = AXIS2_PLACEMENT_3D ( 'NONE', #1841, #2279, #5183 ) ;
#4139 = CIRCLE ( 'NONE', #4940, 6.112198000000001130 ) ;
#4140 = EDGE_LOOP ( 'NONE', ( #3037, #5370 ) ) ;
#4141 = CARTESIAN_POINT ( 'NONE',  ( -1.649884692613999837, -3.500000000000000000, -5.729370427217999939 ) ) ;
#4142 = ORIENTED_EDGE ( 'NONE', *, *, #3855, .F. ) ;
#4143 = AXIS2_PLACEMENT_3D ( 'NONE', #1891, #3772, #1355 ) ;
#4144 = B_SPLINE_CURVE_WITH_KNOTS ( 'NONE', 7,
 ( #1309, #5157, #365, #2286, #4208, #1846, #6140, #1344, #5091, #2787, #3761, #4713, #773, #1815, #4265, #1373, #2349, #2686, #4792, #4282, #5205, #3305, #4384, #2927, #1012, #5268, #5235, #1489, #2867, #984, #6257, #1362 ),
 .UNSPECIFIED., .F., .F.,
 ( 8, 6, 6, 6, 6, 8 ),
 ( 0.000000000000000000, 0.1531740883780000062, 0.2531836453960000233, 0.3930723656029999624, 0.5657214600140000327, 1.000000000000000000 ),
 .UNSPECIFIED. ) ;
#4145 = FACE_OUTER_BOUND ( 'NONE', #1874, .T. ) ;
#4146 = CIRCLE ( 'NONE', #1832, 0.9999999999999995559 ) ;
#4147 = ORIENTED_EDGE ( 'NONE', *, *, #147, .T. ) ;
#4148 = CARTESIAN_POINT ( 'NONE',  ( -2.309401076759000304, 2.828200636600360511E-16, -1.333333333332999970 ) ) ;
#4149 = CARTESIAN_POINT ( 'NONE',  ( -6.108711936043000001, -3.500000000000000000, 0.2064046357350000083 ) ) ;
#4150 = CARTESIAN_POINT ( 'NONE',  ( 3.131282434201999809, 3.500000000000000000, -5.264412095235000422 ) ) ;
#4151 = ORIENTED_EDGE ( 'NONE', *, *, #299, .F. ) ;
#4152 = CARTESIAN_POINT ( 'NONE',  ( -6.099520486024999855, -3.500000000000000000, -0.5610830881120000280 ) ) ;
#4153 = EDGE_CURVE ( 'NONE', #2597, #1650, #4542, .T. ) ;
#4154 = VECTOR ( 'NONE', #270, 1000.000000000000000 ) ;
#4155 = DIRECTION ( 'NONE',  ( -0.3090169943750425974, 0.000000000000000000, 0.9510565162951225560 ) ) ;
#4156 = CARTESIAN_POINT ( 'NONE',  ( -1.600302429305000107, 8.398786426113000303, 7.327901608509999498 ) ) ;
#4157 = CIRCLE ( 'NONE', #4657, 6.112197999999997577 ) ;
#4158 = CYLINDRICAL_SURFACE ( 'NONE', #212, 0.9999999999999995559 ) ;
#4159 = FACE_OUTER_BOUND ( 'NONE', #4016, .T. ) ;
#4160 = DIRECTION ( 'NONE',  ( 1.000000000000000000, 4.440892098501004815E-16, 6.661338147751000379E-16 ) ) ;
#4161 = ADVANCED_FACE ( 'NONE', ( #5527 ), #448, .T. ) ;
#4162 = ORIENTED_EDGE ( 'NONE', *, *, #759, .T. ) ;
#4163 = EDGE_CURVE ( 'NONE', #5031, #1220, #4354, .T. ) ;
#4164 = DIRECTION ( 'NONE',  ( -9.623875507864408450E-17, -1.000000000000000000, 4.364530971015194927E-16 ) ) ;
#4165 = AXIS2_PLACEMENT_3D ( 'NONE', #1705, #1770, #2728 ) ;
#4166 = CARTESIAN_POINT ( 'NONE',  ( -7.469419169866999830, 5.497105900486000785, 0.6795471475660000982 ) ) ;
#4167 = ADVANCED_FACE ( 'NONE', ( #6162 ), #5211, .T. ) ;
#4168 = DIRECTION ( 'NONE',  ( -4.231032868236115418E-16, 1.000000000000000000, -6.661338147751002351E-16 ) ) ;
#4169 = AXIS2_PLACEMENT_3D ( 'NONE', #4618, #4056, #5950 ) ;
#4170 = ORIENTED_EDGE ( 'NONE', *, *, #5585, .F. ) ;
#4171 = EDGE_LOOP ( 'NONE', ( #3111, #326, #5267, #1897 ) ) ;
#4172 = FACE_OUTER_BOUND ( 'NONE', #4140, .T. ) ;
#4173 = CONICAL_SURFACE ( 'NONE', #4973, 1.154700538379000108, 0.7853981633970000820 ) ;
#4174 = EDGE_CURVE ( 'NONE', #2075, #1908, #36, .T. ) ;
#4175 = VERTEX_POINT ( 'NONE', #5805 ) ;
#4176 = LINE ( 'NONE', #1339, #4844 ) ;
#4177 = ORIENTED_EDGE ( 'NONE', *, *, #3285, .T. ) ;
#4178 = EDGE_CURVE ( 'NONE', #2020, #74, #4730, .T. ) ;
#4179 = EDGE_CURVE ( 'NONE', #1087, #571, #1870, .T. ) ;
#4180 = CARTESIAN_POINT ( 'NONE',  ( 4.829082085785000089, -3.500000000000000000, 3.020442298506000434 ) ) ;
#4181 = VECTOR ( 'NONE', #3512, 1000.000000000000000 ) ;
#4182 = ORIENTED_EDGE ( 'NONE', *, *, #2116, .F. ) ;
#4183 = DIRECTION ( 'NONE',  ( -9.732182908003039023E-16, -1.000000000000000000, -8.166026383929639355E-16 ) ) ;
#4184 = CARTESIAN_POINT ( 'NONE',  ( 6.661338147750999985E-15, -3.500000000000000000, 2.720046410331999950E-15 ) ) ;
#4185 = ORIENTED_EDGE ( 'NONE', *, *, #1070, .T. ) ;
#4186 = FACE_OUTER_BOUND ( 'NONE', #5142, .T. ) ;
#4187 = CARTESIAN_POINT ( 'NONE',  ( -0.8078089770809999681, 5.562712897418999880, 7.456481531122999939 ) ) ;
#4188 = DIRECTION ( 'NONE',  ( -6.677809677911960712E-16, -1.000000000000000000, -8.981892944707918835E-17 ) ) ;
#4189 = CARTESIAN_POINT ( 'NONE',  ( -2.217407568875000123, 8.581374494429999444, 1.159589818414999973 ) ) ;
#4190 = CARTESIAN_POINT ( 'NONE',  ( 0.7183792369080000961, 5.913815022265000110, 2.394996947012999922 ) ) ;
#4191 = DIRECTION ( 'NONE',  ( -1.240489192847999988E-15, 7.723083968389894990E-16, 1.000000000000000000 ) ) ;
#4192 = CIRCLE ( 'NONE', #4694, 1.000000000000000000 ) ;
#4193 = EDGE_LOOP ( 'NONE', ( #3952, #4925, #4517, #5603 ) ) ;
#4194 = DIRECTION ( 'NONE',  ( 9.653549818297999102E-17, 1.000000000000000000, -8.326672684689000444E-16 ) ) ;
#4195 = CARTESIAN_POINT ( 'NONE',  ( -7.500000000000000000, 5.349999999999999645, 0.08017738582337000097 ) ) ;
#4196 = VERTEX_POINT ( 'NONE', #416 ) ;
#4197 = LINE ( 'NONE', #6128, #4474 ) ;
#4198 = ORIENTED_EDGE ( 'NONE', *, *, #4294, .T. ) ;
#4199 = VERTEX_POINT ( 'NONE', #4254 ) ;
#4200 = COLOUR_RGB ( '',0.7921568627450980005, 0.8196078431372548767, 0.9333333333333333481 ) ;
#4201 = CARTESIAN_POINT ( 'NONE',  ( 0.5610830881120000280, -3.500000000000000000, -6.099520486024999855 ) ) ;
#4202 = AXIS2_PLACEMENT_3D ( 'NONE', #2422, #789, #2246 ) ;
#4203 = EDGE_LOOP ( 'NONE', ( #1340, #1651, #2033, #1238 ) ) ;
#4204 = DIRECTION ( 'NONE',  ( -8.016537962850999983E-16, 1.000000000000000000, -9.992007221626000628E-16 ) ) ;
#4205 = ORIENTED_EDGE ( 'NONE', *, *, #1425, .T. ) ;
#4206 = CARTESIAN_POINT ( 'NONE',  ( -5.729370427217999939, 3.500000000000000000, 1.649884692613999837 ) ) ;
#4207 = ORIENTED_EDGE ( 'NONE', *, *, #1211, .T. ) ;
#4208 = CARTESIAN_POINT ( 'NONE',  ( 0.3183258703229999709, 5.377816241779999729, 7.494042125070000004 ) ) ;
#4209 = CARTESIAN_POINT ( 'NONE',  ( 4.829082085785000089, 3.500000000000000000, -3.020442298506000434 ) ) ;
#4210 = ORIENTED_EDGE ( 'NONE', *, *, #1464, .T. ) ;
#4211 = CARTESIAN_POINT ( 'NONE',  ( 0.000000000000000000, 0.000000000000000000, 0.000000000000000000 ) ) ;
#4212 = CARTESIAN_POINT ( 'NONE',  ( 0.2064046357350000083, 3.500000000000000000, -6.108711936043000001 ) ) ;
#4213 = DIRECTION ( 'NONE',  ( 1.000000000000000000, 0.000000000000000000, 0.000000000000000000 ) ) ;
#4214 = DIRECTION ( 'NONE',  ( -6.154821860400110401E-16, -1.000000000000000000, 2.722574071512330408E-16 ) ) ;
#4215 = CARTESIAN_POINT ( 'NONE',  ( -5.560519780239999932, -3.500000000000000000, 2.176127871379999856 ) ) ;
#4216 = DIRECTION ( 'NONE',  ( 1.000000000000000000, 0.000000000000000000, 0.000000000000000000 ) ) ;
#4217 = DIRECTION ( 'NONE',  ( -3.172031972967880239E-16, -1.000000000000000000, 4.582850377723630077E-16 ) ) ;
#4218 = CARTESIAN_POINT ( 'NONE',  ( -7.397136192945000133, 8.903440511683999858, 1.238512273278000064 ) ) ;
#4219 = ORIENTED_EDGE ( 'NONE', *, *, #2081, .T. ) ;
#4220 = DIRECTION ( 'NONE',  ( 3.330669073875000249E-16, 1.000000000000000000, -8.881784197000999888E-16 ) ) ;
#4221 = ORIENTED_EDGE ( 'NONE', *, *, #6132, .T. ) ;
#4222 = ORIENTED_EDGE ( 'NONE', *, *, #1668, .T. ) ;
#4223 = DIRECTION ( 'NONE',  ( 1.000000000000000000, 0.000000000000000000, 0.000000000000000000 ) ) ;
#4224 = CIRCLE ( 'NONE', #3719, 1.000000000000000000 ) ;
#4225 = VERTEX_POINT ( 'NONE', #4318 ) ;
#4226 = CYLINDRICAL_SURFACE ( 'NONE', #4336, 0.1500000000000001332 ) ;
#4227 = VERTEX_POINT ( 'NONE', #4826 ) ;
#4228 = CIRCLE ( 'NONE', #6159, 0.9999999999999995559 ) ;
#4229 = LINE ( 'NONE', #328, #1181 ) ;
#4230 = EDGE_LOOP ( 'NONE', ( #4297, #6038, #667, #1845 ) ) ;
#4231 = PRODUCT_DEFINITION_SHAPE ( 'NONE', 'NONE',  #6260 ) ;
#4232 = CIRCLE ( 'NONE', #2329, 0.5550000000000001599 ) ;
#4233 = CARTESIAN_POINT ( 'NONE',  ( 1.691393328169000121, 3.500000000000000000, -5.873512833102999764 ) ) ;
#4234 = DIRECTION ( 'NONE',  ( -1.110223024625021941E-16, 1.000000000000000000, -3.330669073875000249E-16 ) ) ;
#4235 = AXIS2_PLACEMENT_3D ( 'NONE', #5122, #4744, #3696 ) ;
#4236 = ORIENTED_EDGE ( 'NONE', *, *, #4967, .T. ) ;
#4237 = LINE ( 'NONE', #902, #5658 ) ;
#4238 = LINE ( 'NONE', #903, #2280 ) ;
#4239 = VECTOR ( 'NONE', #378, 1000.000000000000000 ) ;
#4240 = APPLICATION_PROTOCOL_DEFINITION ( 'draft international standard', 'automotive_design', 1998, #5275 ) ;
#4241 = B_SPLINE_CURVE_WITH_KNOTS ( 'NONE', 3,
 ( #2590, #1240, #2156, #6032, #2096, #259, #5528, #4076 ),
 .UNSPECIFIED., .F., .F.,
 ( 4, 2, 2, 4 ),
 ( 2.644141996171455628E-16, 0.0002981900880652958220, 0.0005963801761303272071, 0.001192760352260389869 ),
 .UNSPECIFIED. ) ;
#4242 = DIRECTION ( 'NONE',  ( -1.595760560727999910E-15, 3.469446951953614189E-16, 1.000000000000000000 ) ) ;
#4243 = CARTESIAN_POINT ( 'NONE',  ( -2.353547955279000181, 8.818529971301000359, 0.8446029708240000433 ) ) ;
#4244 = CARTESIAN_POINT ( 'NONE',  ( 3.552713678800999489E-15, -3.500000000000000000, -2.720046410331999950E-15 ) ) ;
#4245 = DIRECTION ( 'NONE',  ( -5.289177753218320077E-16, -1.000000000000000000, 7.279928633694380175E-16 ) ) ;
#4246 = CIRCLE ( 'NONE', #2340, 0.1499999999999999667 ) ;
#4247 = CARTESIAN_POINT ( 'NONE',  ( -7.363174914020999218, 6.122661150135999542, -1.426936131760000004 ) ) ;
#4248 = CARTESIAN_POINT ( 'NONE',  ( -7.336912637210000199, 8.469197793976000810, 1.555780250122999808 ) ) ;
#4249 = ORIENTED_EDGE ( 'NONE', *, *, #327, .T. ) ;
#4250 = CARTESIAN_POINT ( 'NONE',  ( -5.844347473592999442, 3.500000000000000000, -0.9256537036670000607 ) ) ;
#4251 = ORIENTED_EDGE ( 'NONE', *, *, #1305, .T. ) ;
#4252 = ORIENTED_EDGE ( 'NONE', *, *, #5296, .F. ) ;
#4253 = AXIS2_PLACEMENT_3D ( 'NONE', #2757, #4214, #1824 ) ;
#4254 = CARTESIAN_POINT ( 'NONE',  ( 3.787915702019000186, 3.500000000000000000, -4.615908076795999904 ) ) ;
#4255 = CARTESIAN_POINT ( 'NONE',  ( -1.909742889046999847, 7.746953382672000288, -1.613361181509999964 ) ) ;
#4256 = CIRCLE ( 'NONE', #1758, 0.5550000000000001599 ) ;
#4257 = CARTESIAN_POINT ( 'NONE',  ( -1.085436167961999931, 6.150633570159000918, 2.254748254936999707 ) ) ;
#4258 = ORIENTED_EDGE ( 'NONE', *, *, #4585, .F. ) ;
#4259 = FACE_OUTER_BOUND ( 'NONE', #5064, .T. ) ;
#4260 = ORIENTED_EDGE ( 'NONE', *, *, #3916, .F. ) ;
#4261 = CIRCLE ( 'NONE', #2648, 7.500000000000000000 ) ;
#4262 = DIRECTION ( 'NONE',  ( -1.595760560727999910E-15, 3.469446951953614189E-16, 1.000000000000000000 ) ) ;
#4263 = EDGE_LOOP ( 'NONE', ( #1662, #621, #4327, #1779, #128, #2630, #1622, #2308, #3715, #2834, #5659, #4251, #4984, #3857, #5207, #392, #557, #3024, #109, #5653, #1617, #4610, #3052, #5376, #1868, #5998, #1210, #3528, #2515, #5753, #1598, #5251, #4497, #5533, #2252, #3557, #3690, #4677, #5278, #1848, #4072, #1506, #1267, #4177, #1089, #3969, #3949, #926, #5681, #3917, #415, #262, #5497, #2555, #1306, #4702, #1595, #3882, #895, #3378, #1814, #4185, #3525, #1391, #3065, #1526, #5461, #5151, #6178, #2959, #3997, #4519, #2989, #963, #2868, #886, #914, #3403, #996, #4385, #5972, #5836, #1811, #1774, #5565, #3294, #5125, #4951, #4055, #207, #901, #2743, #3582, #1978, #5394, #5050, #3809, #5459, #504, #5206, #5465, #3711, #2877, #1119, #5080, #4035, #5375, #350, #727, #2159, #2771, #2282, #2656, #4198, #5644, #5378, #4446, #5817, #5445, #3444 ) ) ;
#4264 = CIRCLE ( 'NONE', #2260, 0.5550000000000000488 ) ;
#4265 = CARTESIAN_POINT ( 'NONE',  ( 0.9597680060859999918, 5.656274267610000628, 7.438667313999999919 ) ) ;
#4266 = CARTESIAN_POINT ( 'NONE',  ( 0.9679085488206187193, -0.3235332163634181968, -0.1382651969904118983 ) ) ;
#4267 = ORIENTED_EDGE ( 'NONE', *, *, #542, .F. ) ;
#4268 = CARTESIAN_POINT ( 'NONE',  ( 5.729370427217999939, -3.500000000000000000, 1.649884692613999837 ) ) ;
#4269 = CARTESIAN_POINT ( 'NONE',  ( -1.824656580445999987, 7.230168044747999900, 7.274656580445999943 ) ) ;
#4270 = VECTOR ( 'NONE', #3011, 1000.000000000000000 ) ;
#4271 = EDGE_CURVE ( 'NONE', #102, #4830, #4264, .T. ) ;
#4272 = EDGE_CURVE ( 'NONE', #4552, #1709, #5181, .T. ) ;
#4273 = CARTESIAN_POINT ( 'NONE',  ( -0.9054533865610000509, 9.179321854577999318, 7.445364127238000229 ) ) ;
#4274 = ADVANCED_FACE ( 'NONE', ( #1 ), #5772, .F. ) ;
#4275 = CARTESIAN_POINT ( 'NONE',  ( -1.926949092778999839, 7.832156112452000940, 1.592803660128000010 ) ) ;
#4276 = CARTESIAN_POINT ( 'NONE',  ( 0.7265185811339999189, 8.882146384253001514, 2.392496275443999565 ) ) ;
#4277 = DIRECTION ( 'NONE',  ( 1.000000000000000000, 0.000000000000000000, 0.000000000000000000 ) ) ;
#4278 = CARTESIAN_POINT ( 'NONE',  ( -7.498996392927000265, 5.354675552298000518, -0.1606769400839999917 ) ) ;
#4279 = CARTESIAN_POINT ( 'NONE',  ( -7.384689145180999503, 8.824682196079999486, 1.311054749071999925 ) ) ;
#4280 = ADVANCED_FACE ( 'NONE', ( #507 ), #5482, .F. ) ;
#4281 = ORIENTED_EDGE ( 'NONE', *, *, #2734, .F. ) ;
#4282 = CARTESIAN_POINT ( 'NONE',  ( 1.252975084491000146, 5.910732997475999895, 7.394797497324999469 ) ) ;
#4283 = ORIENTED_EDGE ( 'NONE', *, *, #1211, .F. ) ;
#4284 = ORIENTED_EDGE ( 'NONE', *, *, #2065, .F. ) ;
#4285 = DIRECTION ( 'NONE',  ( -9.732182908003039023E-16, -1.000000000000000000, -8.166026383929639355E-16 ) ) ;
#4286 = CONICAL_SURFACE ( 'NONE', #1074, 1.600000000000000089, 0.7853981633970000820 ) ;
#4287 = AXIS2_PLACEMENT_3D ( 'NONE', #6214, #4304, #3230 ) ;
#4288 = EDGE_CURVE ( 'NONE', #1504, #3094, #348, .T. ) ;
#4289 = CARTESIAN_POINT ( 'NONE',  ( -1.883673212758000037, 7.560692579844999983, -1.643729328224999842 ) ) ;
#4290 = CARTESIAN_POINT ( 'NONE',  ( -1.520355960684000030, 8.050639759638999138, 1.985241889156000195 ) ) ;
#4291 = ORIENTED_EDGE ( 'NONE', *, *, #4668, .T. ) ;
#4292 = DIRECTION ( 'NONE',  ( 0.9510565162951225560, 0.000000000000000000, -0.3090169943750425974 ) ) ;
#4293 = VERTEX_POINT ( 'NONE', #2776 ) ;
#4294 = EDGE_CURVE ( 'NONE', #334, #1650, #246, .T. ) ;
#4295 = CARTESIAN_POINT ( 'NONE',  ( 5.873512833102999764, -3.500000000000000000, 1.691393328169000121 ) ) ;
#4296 = VECTOR ( 'NONE', #1618, 1000.000000000000114 ) ;
#4297 = ORIENTED_EDGE ( 'NONE', *, *, #2189, .T. ) ;
#4298 = EDGE_LOOP ( 'NONE', ( #1199, #4807, #4453, #4260 ) ) ;
#4299 = DIRECTION ( 'NONE',  ( -6.813714695492999982E-16, 1.000000000000000000, -7.216449660064000690E-16 ) ) ;
#4300 = EDGE_LOOP ( 'NONE', ( #5081, #3164 ) ) ;
#4301 = FACE_OUTER_BOUND ( 'NONE', #5686, .T. ) ;
#4302 = EDGE_CURVE ( 'NONE', #5819, #2752, #1158, .T. ) ;
#4303 = EDGE_CURVE ( 'NONE', #2937, #3532, #3342, .T. ) ;
#4304 = DIRECTION ( 'NONE',  ( -9.705107454703460192E-16, -1.000000000000000000, -7.516940583779200002E-16 ) ) ;
#4305 = SHAPE_DEFINITION_REPRESENTATION ( #1372, #2056 ) ;
#4306 = CARTESIAN_POINT ( 'NONE',  ( -0.5876651943639999987, 9.340680780915000980, 7.477091132639000826 ) ) ;
#4307 = DIRECTION ( 'NONE',  ( 8.673617379884035472E-16, -4.336808689942017736E-16, -1.000000000000000000 ) ) ;
#4308 = CARTESIAN_POINT ( 'NONE',  ( -9.381384558083001907E-16, 9.050000000000000711, 2.500000000000000000 ) ) ;
#4309 = DIRECTION ( 'NONE',  ( 0.000000000000000000, 0.000000000000000000, -1.000000000000000000 ) ) ;
#4310 = CARTESIAN_POINT ( 'NONE',  ( -4.184090831422999202, -3.500000000000000000, -4.184090831422999202 ) ) ;
#4311 = EDGE_CURVE ( 'NONE', #3009, #2114, #3868, .T. ) ;
#4312 = DIRECTION ( 'NONE',  ( -0.5877852522921382938, 0.000000000000000000, 0.8090169943751908121 ) ) ;
#4313 = CARTESIAN_POINT ( 'NONE',  ( -7.318293098669998997, 6.505486556126999886, 1.641048826887999912 ) ) ;
#4314 = ORIENTED_EDGE ( 'NONE', *, *, #3855, .T. ) ;
#4315 = FACE_OUTER_BOUND ( 'NONE', #178, .T. ) ;
#4316 = ORIENTED_EDGE ( 'NONE', *, *, #3544, .F. ) ;
#4317 = VERTEX_POINT ( 'NONE', #2400 ) ;
#4318 = CARTESIAN_POINT ( 'NONE',  ( 5.682180913094000196, 3.500000000000000000, 0.3948740821140000468 ) ) ;
#4319 = EDGE_CURVE ( 'NONE', #2278, #4009, #1255, .T. ) ;
#4320 = CARTESIAN_POINT ( 'NONE',  ( -0.7265185724800000688, 5.917853611797999847, 2.392496277908999769 ) ) ;
#4321 = ORIENTED_EDGE ( 'NONE', *, *, #4319, .F. ) ;
#4322 = DIRECTION ( 'NONE',  ( -6.813714695492999982E-16, 1.000000000000000000, -7.216449660064000690E-16 ) ) ;
#4323 = EDGE_LOOP ( 'NONE', ( #5844, #2441, #199 ) ) ;
#4324 = CARTESIAN_POINT ( 'NONE',  ( 8.931142333050440500E-15, 11.29999999999999716, -2.799999999999744471 ) ) ;
#4325 = VECTOR ( 'NONE', #2106, 1000.000000000000000 ) ;
#4326 = VECTOR ( 'NONE', #2607, 1000.000000000000000 ) ;
#4327 = ORIENTED_EDGE ( 'NONE', *, *, #5667, .F. ) ;
#4328 = VERTEX_POINT ( 'NONE', #5304 ) ;
#4329 = CARTESIAN_POINT ( 'NONE',  ( -5.777650869670999612, -3.500000000000000000, 1.507867092026000000 ) ) ;
#4330 = EDGE_CURVE ( 'NONE', #452, #5626, #988, .T. ) ;
#4331 = ORIENTED_EDGE ( 'NONE', *, *, #1288, .F. ) ;
#4332 = CYLINDRICAL_SURFACE ( 'NONE', #3946, 0.1499999999999997724 ) ;
#4333 = B_SPLINE_CURVE_WITH_KNOTS ( 'NONE', 6,
 ( #5308, #4, #2838, #1393, #923, #1525, #1901, #451, #5715, #4390, #510, #39, #3435, #6234, #5808, #3377, #2372, #1873, #4652, #4290, #990, #4358, #1968, #331, #70, #3813, #3881, #1495, #6202, #2872, #3311, #5274, #3406, #3911, #5336, #5741, #1020, #955, #2934, #5835, #2716, #4861, #796, #2253, #4257, #1426, #3345, #4799, #481, #2404, #4320, #1936, #4012, #1559, #666, #2493, #5936 ),
 .UNSPECIFIED., .F., .F.,
 ( 7, 5, 5, 5, 5, 5, 5, 5, 5, 5, 5, 7 ),
 ( 0.000000000000000000, 0.1180634352409999921, 0.1700011071619999814, 0.2890805941380000244, 0.3989403770780000080, 0.5003337391629999464, 0.5669263735960000661, 0.6021388697849999749, 0.7112558405479999513, 0.8307139404339999311, 0.8800784646470000139, 1.000000000000000000 ),
 .UNSPECIFIED. ) ;
#4334 = CARTESIAN_POINT ( 'NONE',  ( -0.1600896790559999949, 5.354641416600000703, 7.499003723829000378 ) ) ;
#4335 = APPLICATION_PROTOCOL_DEFINITION ( 'draft international standard', 'automotive_design', 1998, #2682 ) ;
#4336 = AXIS2_PLACEMENT_3D ( 'NONE', #1428, #5214, #4292 ) ;
#4337 = AXIS2_PLACEMENT_3D ( 'NONE', #1834, #1896, #5735 ) ;
#4338 = DIRECTION ( 'NONE',  ( -1.000000000000000000, -1.419066820133123170E-16, 1.144237745221993785E-17 ) ) ;
#4339 = CARTESIAN_POINT ( 'NONE',  ( -4.820730169109999963, -3.500000000000000000, -3.757595644535999924 ) ) ;
#4340 = CARTESIAN_POINT ( 'NONE',  ( 0.7669884399309999656, 8.862011565709000394, 2.380034861612000174 ) ) ;
#4341 = CARTESIAN_POINT ( 'NONE',  ( 1.476980056004999708, 8.602390475340000009, 7.353224467430000466 ) ) ;
#4342 = PRODUCT_DEFINITION_SHAPE ( 'NONE', 'NONE',  #6261 ) ;
#4343 = AXIS2_PLACEMENT_3D ( 'NONE', #3408, #992, #5904 ) ;
#4344 = AXIS2_PLACEMENT_3D ( 'NONE', #5897, #1104, #3016 ) ;
#4345 = DIRECTION ( 'NONE',  ( -0.3090169943750403769, 4.336808689942019708E-16, 0.9510565162951234441 ) ) ;
#4346 = DIRECTION ( 'NONE',  ( 2.372822596992000098E-16, 1.000000000000000000, -9.436895709314000199E-16 ) ) ;
#4347 = CARTESIAN_POINT ( 'NONE',  ( -7.341833687888000171, 6.288957167212999799, 1.532473238307999974 ) ) ;
#4348 = AXIS2_PLACEMENT_3D ( 'NONE', #2723, #5032, #709 ) ;
#4349 = CARTESIAN_POINT ( 'NONE',  ( -4.615908076795999904, 3.500000000000000000, -3.787915702019000186 ) ) ;
#4350 = CARTESIAN_POINT ( 'NONE',  ( 5.329070518201000674E-15, -3.500000000000000000, 1.554312234475000050E-15 ) ) ;
#4352 = EDGE_CURVE ( 'NONE', #4351, #3792, #4576, .T. ) ;
#4351 = VERTEX_POINT ( 'NONE', #1046 ) ;
#4353 = ORIENTED_EDGE ( 'NONE', *, *, #3811, .F. ) ;
#4354 = LINE ( 'NONE', #2339, #6196 ) ;
#4355 = VECTOR ( 'NONE', #558, 1000.000000000000000 ) ;
#4356 = EDGE_CURVE ( 'NONE', #3823, #1931, #1860, .T. ) ;
#4357 = EDGE_CURVE ( 'NONE', #1801, #959, #5992, .T. ) ;
#4358 = CARTESIAN_POINT ( 'NONE',  ( -1.601206317641999943, 7.806507943360999846, 1.920178167081000087 ) ) ;
#4359 = AXIS2_PLACEMENT_3D ( 'NONE', #2324, #2823, #4242 ) ;
#4360 = ORIENTED_EDGE ( 'NONE', *, *, #3650, .T. ) ;
#4361 = DIRECTION ( 'NONE',  ( 0.000000000000000000, 0.000000000000000000, 1.000000000000000000 ) ) ;
#4362 = ORIENTED_EDGE ( 'NONE', *, *, #1855, .F. ) ;
#4363 = DIRECTION ( 'NONE',  ( -3.793385312392629599E-17, -1.000000000000000000, 5.213638939032400218E-16 ) ) ;
#4364 = AXIS2_PLACEMENT_3D ( 'NONE', #1064, #2977, #3538 ) ;
#4365 = VERTEX_POINT ( 'NONE', #5901 ) ;
#4367 = ORIENTED_EDGE ( 'NONE', *, *, #5502, .T. ) ;
#4366 = EDGE_CURVE ( 'NONE', #447, #2848, #4981, .T. ) ;
#4368 = DIRECTION ( 'NONE',  ( 1.392798170799549816E-17, -1.000000000000000000, 4.529477758377419813E-16 ) ) ;
#4369 = ORIENTED_EDGE ( 'NONE', *, *, #4916, .F. ) ;
#4370 = CYLINDRICAL_SURFACE ( 'NONE', #2244, 1.000000000000000222 ) ;
#4371 = CIRCLE ( 'NONE', #1048, 7.500000000000000000 ) ;
#4372 = CYLINDRICAL_SURFACE ( 'NONE', #5410, 0.5550000000000001599 ) ;
#4373 = CIRCLE ( 'NONE', #745, 0.5550000000000001599 ) ;
#4374 = DIRECTION ( 'NONE',  ( -0.7071067811862306041, 8.659560562351051416E-17, 0.7071067811868645414 ) ) ;
#4375 = CARTESIAN_POINT ( 'NONE',  ( 0.3513254827150000259, -3.500000000000000000, -5.960829065173999908 ) ) ;
#4376 = DIRECTION ( 'NONE',  ( 1.000000000000000000, 0.000000000000000000, 0.000000000000000000 ) ) ;
#4377 = CARTESIAN_POINT ( 'NONE',  ( 0.9597680060859999918, 9.143725732389999195, 7.438667313999999919 ) ) ;
#4378 = VECTOR ( 'NONE', #5011, 1000.000000000000000 ) ;
#4379 = DIRECTION ( 'NONE',  ( 8.662187989232919806E-17, -1.000000000000000000, 1.029233346467061859E-16 ) ) ;
#4380 = EDGE_CURVE ( 'NONE', #793, #2645, #3366, .T. ) ;
#4381 = LINE ( 'NONE', #1578, #2670 ) ;
#4382 = ADVANCED_FACE ( 'NONE', ( #5365 ), #5868, .T. ) ;
#4383 = LINE ( 'NONE', #2926, #4936 ) ;
#4384 = CARTESIAN_POINT ( 'NONE',  ( 1.396047266367000050, 6.079150526657999265, 7.369183129997999515 ) ) ;
#4385 = ORIENTED_EDGE ( 'NONE', *, *, #3491, .T. ) ;
#4386 = CARTESIAN_POINT ( 'NONE',  ( 7.549516567450998211E-15, -3.500000000000000000, 2.442490654175000051E-15 ) ) ;
#4387 = ADVANCED_FACE ( 'NONE', ( #1076 ), #1142, .F. ) ;
#4388 = CARTESIAN_POINT ( 'NONE',  ( -2.041990024126000058, 6.593762597361999767, -1.444011019998999945 ) ) ;
#4389 = SHAPE_REPRESENTATION ( 'GT2_Pully_20T_6mm.step', ( #2478, #3181, #3281, #4091 ), #2178 ) ;
#4390 = CARTESIAN_POINT ( 'NONE',  ( -0.8428227947509999707, 8.819701598942000231, 2.354242668005999573 ) ) ;
#4391 = ORIENTED_EDGE ( 'NONE', *, *, #3157, .F. ) ;
#4392 = DIRECTION ( 'NONE',  ( 0.000000000000000000, 0.000000000000000000, -1.000000000000000000 ) ) ;
#4393 = VERTEX_POINT ( 'NONE', #2960 ) ;
#4394 = EDGE_CURVE ( 'NONE', #2557, #917, #2652, .T. ) ;
#4395 = DIRECTION ( 'NONE',  ( 0.5877852522921384049, -7.814069711607236881E-16, -0.8090169943751905901 ) ) ;
#4396 = AXIS2_PLACEMENT_3D ( 'NONE', #1736, #778, #6046 ) ;
#4397 = VERTEX_POINT ( 'NONE', #4416 ) ;
#4398 = AXIS2_PLACEMENT_3D ( 'NONE', #1820, #5666, #4781 ) ;
#4399 = VERTEX_POINT ( 'NONE', #193 ) ;
#4400 = DIRECTION ( 'NONE',  ( -4.509085283320890366E-16, -1.000000000000000000, 9.835685719086491447E-16 ) ) ;
#4401 = VERTEX_POINT ( 'NONE', #4917 ) ;
#4402 = CARTESIAN_POINT ( 'NONE',  ( -5.958797487851000163, -3.500000000000000000, 0.2013392410339999994 ) ) ;
#4403 = AXIS2_PLACEMENT_3D ( 'NONE', #2251, #834, #4262 ) ;
#4404 = CARTESIAN_POINT ( 'NONE',  ( -1.351233760588000044, -3.500000000000000000, -5.974372913993000189 ) ) ;
#4405 = EDGE_CURVE ( 'NONE', #3780, #5677, #4373, .T. ) ;
#4406 = CARTESIAN_POINT ( 'NONE',  ( -5.272262022913999147, 3.500000000000000000, -2.686351677078000044 ) ) ;
#4407 = CARTESIAN_POINT ( 'NONE',  ( -5.604935932989999259, -3.500000000000000000, 2.032854686956000023 ) ) ;
#4408 = CARTESIAN_POINT ( 'NONE',  ( -5.960829065173999908, 3.500000000000000000, 0.3513254827150000259 ) ) ;
#4409 = DIRECTION ( 'NONE',  ( -0.9510565162951225560, 0.000000000000000000, 0.3090169943750425974 ) ) ;
#4410 = DIRECTION ( 'NONE',  ( -0.3090169943750425974, 0.000000000000000000, 0.9510565162951225560 ) ) ;
#4411 = FACE_OUTER_BOUND ( 'NONE', #1519, .T. ) ;
#4412 = CARTESIAN_POINT ( 'NONE',  ( 5.526097986177999744, -3.500000000000000000, -1.380342898347999947 ) ) ;
#4413 = DIRECTION ( 'NONE',  ( 8.662187989232929667E-17, -1.000000000000000000, 1.029233346467061859E-16 ) ) ;
#4414 = DIRECTION ( 'NONE',  ( 0.8090169943751910342, -8.673617379884033500E-16, 0.5877852522921379608 ) ) ;
#4415 = EDGE_LOOP ( 'NONE', ( #5979, #3118, #1497, #5915 ) ) ;
#4416 = CARTESIAN_POINT ( 'NONE',  ( -1.600000000000000089, -2.216610706456478832E-16, 0.000000000000000000 ) ) ;
#4417 = DIRECTION ( 'NONE',  ( 2.199496035544559835E-17, -1.000000000000000000, 2.859514670765540345E-16 ) ) ;
#4418 = CARTESIAN_POINT ( 'NONE',  ( -5.974372913993000189, -3.500000000000000000, -1.351233760588000044 ) ) ;
#4419 = VERTEX_POINT ( 'NONE', #2115 ) ;
#4420 = CARTESIAN_POINT ( 'NONE',  ( 1.154700538379000108, 0.000000000000000000, -2.024834468762999773 ) ) ;
#4421 = ORIENTED_EDGE ( 'NONE', *, *, #5652, .F. ) ;
#4422 = CARTESIAN_POINT ( 'NONE',  ( -1.380342898347999947, 3.500000000000000000, 5.526097986176999655 ) ) ;
#4423 = EDGE_LOOP ( 'NONE', ( #866, #185, #4741, #2338 ) ) ;
#4424 = ORIENTED_EDGE ( 'NONE', *, *, #4905, .T. ) ;
#4425 = CYLINDRICAL_SURFACE ( 'NONE', #4036, 7.500000000000000000 ) ;
#4426 = ORIENTED_EDGE ( 'NONE', *, *, #3285, .F. ) ;
#4427 = CARTESIAN_POINT ( 'NONE',  ( -2.042883674576999820, 8.208384568629000455, -1.442715670349999924 ) ) ;
#4428 = EDGE_CURVE ( 'NONE', #2351, #793, #4038, .T. ) ;
#4429 = CARTESIAN_POINT ( 'NONE',  ( -0.3176409981880000122, 5.377695501455000304, 7.494067921827999967 ) ) ;
#4430 = PLANE ( 'NONE',  #5166 ) ;
#4431 = VECTOR ( 'NONE', #3483, 1000.000000000000000 ) ;
#4432 = DIRECTION ( 'NONE',  ( -0.8090169943751910342, 0.000000000000000000, 0.5877852522921379608 ) ) ;
#4433 = DIRECTION ( 'NONE',  ( -2.220446049250000002E-16, 1.000000000000000000, -6.661338147751000379E-16 ) ) ;
#4434 = EDGE_CURVE ( 'NONE', #893, #140, #5783, .T. ) ;
#4435 = FACE_OUTER_BOUND ( 'NONE', #4298, .T. ) ;
#4436 = EDGE_CURVE ( 'NONE', #1403, #5629, #5886, .T. ) ;
#4437 = DIRECTION ( 'NONE',  ( 0.5877852522921378498, -4.966733870465930479E-16, 0.8090169943751909232 ) ) ;
#4438 = AXIS2_PLACEMENT_3D ( 'NONE', #4560, #2629, #5063 ) ;
#4439 = AXIS2_PLACEMENT_3D ( 'NONE', #4934, #5854, #5384 ) ;
#4440 = DIRECTION ( 'NONE',  ( 0.000000000000000000, 0.000000000000000000, -1.000000000000000000 ) ) ;
#4441 = DIRECTION ( 'NONE',  ( 8.662187989232919806E-17, -1.000000000000000000, 1.029233346467061859E-16 ) ) ;
#4442 = CARTESIAN_POINT ( 'NONE',  ( 1.380342898347999947, -3.500000000000000000, -5.526097986176999655 ) ) ;
#4443 = DIRECTION ( 'NONE',  ( -1.000000000000000000, -4.440892098500999885E-16, 2.834968878138000228E-31 ) ) ;
#4444 = CIRCLE ( 'NONE', #4040, 0.9999999999999995559 ) ;
#4445 = VECTOR ( 'NONE', #4684, 1000.000000000000000 ) ;
#4446 = ORIENTED_EDGE ( 'NONE', *, *, #3533, .F. ) ;
#4447 = DIRECTION ( 'NONE',  ( -4.430643061698735330E-16, -1.000000000000000000, 4.591361739355039952E-16 ) ) ;
#4448 = CIRCLE ( 'NONE', #4143, 0.1499999999999998834 ) ;
#4449 = CARTESIAN_POINT ( 'NONE',  ( -6.852013566617000216E-16, -3.500000000000000000, 6.112134752837000111E-16 ) ) ;
#4450 = CARTESIAN_POINT ( 'NONE',  ( -5.777650869670999612, 3.500000000000000000, -1.507867092026000000 ) ) ;
#4451 = VERTEX_POINT ( 'NONE', #5427 ) ;
#4452 = DIRECTION ( 'NONE',  ( -1.850371707709000234E-15, 6.938893903907228378E-16, 1.000000000000000000 ) ) ;
#4453 = ORIENTED_EDGE ( 'NONE', *, *, #4436, .F. ) ;
#4454 = CIRCLE ( 'NONE', #1032, 0.5550000000000000488 ) ;
#4455 = FACE_OUTER_BOUND ( 'NONE', #5582, .T. ) ;
#4456 = ADVANCED_FACE ( 'NONE', ( #600 ), #633, .F. ) ;
#4457 = VERTEX_POINT ( 'NONE', #5335 ) ;
#4458 = ORIENTED_EDGE ( 'NONE', *, *, #3050, .F. ) ;
#4459 = CARTESIAN_POINT ( 'NONE',  ( 1.154700538379000108, -7.949912429749960253E-13, 0.000000000000000000 ) ) ;
#4460 = ADVANCED_BREP_SHAPE_REPRESENTATION ( '', ( #3291, #5908 ), #1678 ) ;
#4461 = VERTEX_POINT ( 'NONE', #4482 ) ;
#4462 = CARTESIAN_POINT ( 'NONE',  ( 5.063373370888999858, -3.500000000000000000, 3.423625928481999647 ) ) ;
#4463 = AXIS2_PLACEMENT_3D ( 'NONE', #3769, #2887, #5291 ) ;
#4464 = DIRECTION ( 'NONE',  ( -0.8090169943751910342, -4.336808689942016750E-16, -0.5877852522921379608 ) ) ;
#4465 = ADVANCED_FACE ( 'NONE', ( #2930 ), #541, .F. ) ;
#4466 = ORIENTED_EDGE ( 'NONE', *, *, #2589, .F. ) ;
#4467 = CYLINDRICAL_SURFACE ( 'NONE', #3253, 0.1499999999999999667 ) ;
#4468 = CIRCLE ( 'NONE', #5273, 1.650000000000000355 ) ;
#4469 = DIRECTION ( 'NONE',  ( 0.9510565162951225560, 0.000000000000000000, 0.3090169943750425974 ) ) ;
#4470 = CARTESIAN_POINT ( 'NONE',  ( 5.526097986177999744, -3.500000000000000000, -1.380342898347999947 ) ) ;
#4471 = ORIENTED_EDGE ( 'NONE', *, *, #2528, .T. ) ;
#4472 = CARTESIAN_POINT ( 'NONE',  ( 3.757595644535999924, -3.500000000000000000, -4.820730169109999963 ) ) ;
#4473 = DIRECTION ( 'NONE',  ( -5.406247080330000210E-16, 1.000000000000000000, -4.440892098500999885E-16 ) ) ;
#4474 = VECTOR ( 'NONE', #1805, 1000.000000000000000 ) ;
#4475 = EDGE_CURVE ( 'NONE', #5245, #2785, #2749, .T. ) ;
#4476 = CARTESIAN_POINT ( 'NONE',  ( -0.2064046357350000083, -3.500000000000000000, -6.108711936043000001 ) ) ;
#4477 = FACE_OUTER_BOUND ( 'NONE', #379, .T. ) ;
#4478 = CARTESIAN_POINT ( 'NONE',  ( 2.020000000000000018, 0.000000000000000000, -4.230000000000000426 ) ) ;
#4479 = DIRECTION ( 'NONE',  ( 1.829647544582000068E-15, 9.293161478447181990E-16, 1.000000000000000000 ) ) ;
#4480 = AXIS2_PLACEMENT_3D ( 'NONE', #1200, #817, #4069 ) ;
#4481 = ORIENTED_EDGE ( 'NONE', *, *, #1377, .T. ) ;
#4482 = CARTESIAN_POINT ( 'NONE',  ( 0.5773502691896309491, 0.9999999999998450129, 1.192908742854399873E-13 ) ) ;
#4483 = VECTOR ( 'NONE', #2015, 1000.000000000000000 ) ;
#4484 = CARTESIAN_POINT ( 'NONE',  ( -7.477014545014999847, 9.340305573153001362, -0.5886274436479999039 ) ) ;
#4485 = EDGE_LOOP ( 'NONE', ( #3843, #1252, #1363, #4022 ) ) ;
#4486 = ORIENTED_EDGE ( 'NONE', *, *, #790, .T. ) ;
#4487 = DIRECTION ( 'NONE',  ( 0.000000000000000000, 0.000000000000000000, 1.000000000000000000 ) ) ;
#4488 = ORIENTED_EDGE ( 'NONE', *, *, #3980, .T. ) ;
#4489 = ORIENTED_EDGE ( 'NONE', *, *, #2073, .F. ) ;
#4490 = DIRECTION ( 'NONE',  ( -1.717144944753999870E-15, 3.469446951953614189E-16, 1.000000000000000000 ) ) ;
#4491 = ORIENTED_EDGE ( 'NONE', *, *, #6036, .T. ) ;
#4492 = AXIS2_PLACEMENT_3D ( 'NONE', #4974, #5448, #1135 ) ;
#4493 = ORIENTED_EDGE ( 'NONE', *, *, #5455, .T. ) ;
#4494 = FACE_OUTER_BOUND ( 'NONE', #358, .T. ) ;
#4495 = DIRECTION ( 'NONE',  ( -8.881144413637390876E-16, -1.000000000000000000, -2.778844884289169681E-16 ) ) ;
#4496 = DIRECTION ( 'NONE',  ( -1.723066134218000131E-15, 6.195440985631454331E-16, 1.000000000000000000 ) ) ;
#4497 = ORIENTED_EDGE ( 'NONE', *, *, #2120, .F. ) ;
#4498 = CARTESIAN_POINT ( 'NONE',  ( 5.329070518201000674E-15, -3.500000000000000000, -1.998401444325000149E-15 ) ) ;
#4499 =( BOUNDED_CURVE ( )  B_SPLINE_CURVE ( 2, ( #676, #180, #2101 ),
 .UNSPECIFIED., .F., .F. ) 
 B_SPLINE_CURVE_WITH_KNOTS ( ( 3, 3 ),
 ( 0.000000000000000000, 1.000000000000000000 ),
 .UNSPECIFIED. ) 
 CURVE ( )  GEOMETRIC_REPRESENTATION_ITEM ( )  RATIONAL_B_SPLINE_CURVE ( ( 1.000000000000000000, 1.154700538379263897, 1.000000000000000000 ) ) 
 REPRESENTATION_ITEM ( '' )  );
#4500 = CIRCLE ( 'NONE', #5313, 0.5550000000000001599 ) ;
#4501 = CARTESIAN_POINT ( 'NONE',  ( 4.604819366229000011, -3.500000000000000000, 4.039133941280000251 ) ) ;
#4502 = CARTESIAN_POINT ( 'NONE',  ( 3.339606417124999727, 3.500000000000000000, 4.939112670297999941 ) ) ;
#4503 = CARTESIAN_POINT ( 'NONE',  ( -2.176127871379999856, -3.500000000000000000, 5.560519780239999932 ) ) ;
#4504 = CARTESIAN_POINT ( 'NONE',  ( -5.682180913094000196, -3.500000000000000000, -0.3948740821140000468 ) ) ;
#4505 = CARTESIAN_POINT ( 'NONE',  ( -0.5610830881120000280, -3.500000000000000000, 6.099520486024999855 ) ) ;
#4506 = VERTEX_POINT ( 'NONE', #3147 ) ;
#4507 = ADVANCED_FACE ( 'NONE', ( #279 ), #3553, .T. ) ;
#4508 = DIRECTION ( 'NONE',  ( 0.5877852522921378498, -4.257200460399368771E-16, -0.8090169943751909232 ) ) ;
#4509 = B_SPLINE_CURVE_WITH_KNOTS ( 'NONE', 3,
 ( #399, #2287, #3355, #4266, #6211, #2880, #1882, #1402 ),
 .UNSPECIFIED., .F., .F.,
 ( 4, 2, 2, 4 ),
 ( 5.539459353931901667E-16, 0.0002981900880651484789, 0.0005963801761297429305, 0.001192760352258932051 ),
 .UNSPECIFIED. ) ;
#4510 = CARTESIAN_POINT ( 'NONE',  ( -7.274656580445999943, 7.400000000000000355, -1.824656580445999987 ) ) ;
#4511 = ORIENTED_EDGE ( 'NONE', *, *, #5226, .F. ) ;
#4512 = ORIENTED_EDGE ( 'NONE', *, *, #3686, .F. ) ;
#4513 = DIRECTION ( 'NONE',  ( -0.3090169943750403769, -4.336808689942019708E-16, -0.9510565162951234441 ) ) ;
#4514 = EDGE_LOOP ( 'NONE', ( #3017, #1561 ) ) ;
#4515 = ORIENTED_EDGE ( 'NONE', *, *, #5957, .F. ) ;
#4516 = DIRECTION ( 'NONE',  ( 0.3090169943750400994, -7.814069711607239839E-16, -0.9510565162951233331 ) ) ;
#4517 = ORIENTED_EDGE ( 'NONE', *, *, #3653, .F. ) ;
#4518 = CARTESIAN_POINT ( 'NONE',  ( 0.5773502691900000983, -1.000000000000000000, 0.000000000000000000 ) ) ;
#4519 = ORIENTED_EDGE ( 'NONE', *, *, #3811, .T. ) ;
#4520 = CARTESIAN_POINT ( 'NONE',  ( 0.2013392410339999994, 3.500000000000000000, 5.958797487851000163 ) ) ;
#4521 = FACE_OUTER_BOUND ( 'NONE', #5887, .T. ) ;
#4522 = DIRECTION ( 'NONE',  ( -3.792461060763760146E-16, -1.000000000000000000, 8.088169506206880401E-16 ) ) ;
#4523 = ORIENTED_EDGE ( 'NONE', *, *, #4642, .F. ) ;
#4524 = CARTESIAN_POINT ( 'NONE',  ( -0.7662856307873444628, 0.6727543543671672399, -0.1551267130569646824 ) ) ;
#4525 = CARTESIAN_POINT ( 'NONE',  ( -1.691393328169000121, -3.500000000000000000, -5.873512833102999764 ) ) ;
#4526 = AXIS2_PLACEMENT_3D ( 'NONE', #5795, #1354, #406 ) ;
#4527 = VECTOR ( 'NONE', #3328, 1000.000000000000000 ) ;
#4528 = PLANE ( 'NONE',  #5369 ) ;
#4529 = CARTESIAN_POINT ( 'NONE',  ( -2.381995923428999795, 5.934786275857999449, 0.7610825177710001110 ) ) ;
#4530 = CARTESIAN_POINT ( 'NONE',  ( 1.637267943700999817, 7.615652066074000359, 1.889317167052999791 ) ) ;
#4531 = ORIENTED_EDGE ( 'NONE', *, *, #3650, .F. ) ;
#4532 = AXIS2_PLACEMENT_3D ( 'NONE', #4926, #3951, #3858 ) ;
#4533 = AXIS2_PLACEMENT_3D ( 'NONE', #2480, #2012, #1005 ) ;
#4534 = CARTESIAN_POINT ( 'NONE',  ( 1.282307593442058329E-13, 1.000000000000000000, -2.197709752620711221 ) ) ;
#4535 = EDGE_CURVE ( 'NONE', #6142, #243, #3204, .T. ) ;
#4536 = CARTESIAN_POINT ( 'NONE',  ( -5.028915951783999638, 3.500000000000000000, -3.219459129871999892 ) ) ;
#4537 = EDGE_CURVE ( 'NONE', #4830, #2905, #5999, .T. ) ;
#4538 = AXIS2_PLACEMENT_3D ( 'NONE', #127, #1518, #4978 ) ;
#4539 = DIRECTION ( 'NONE',  ( -9.363278209719769878E-16, -1.000000000000000000, 1.422433718763573873E-16 ) ) ;
#4540 = ORIENTED_EDGE ( 'NONE', *, *, #345, .T. ) ;
#4541 = ORIENTED_EDGE ( 'NONE', *, *, #975, .F. ) ;
#4542 = LINE ( 'NONE', #320, #3056 ) ;
#4543 = AXIS2_PLACEMENT_3D ( 'NONE', #1560, #2995, #5776 ) ;
#4544 = ADVANCED_FACE ( 'NONE', ( #223 ), #3643, .F. ) ;
#4545 = FACE_OUTER_BOUND ( 'NONE', #924, .T. ) ;
#4546 = EDGE_CURVE ( 'NONE', #4351, #3308, #852, .T. ) ;
#4547 = EDGE_CURVE ( 'NONE', #5742, #3223, #3179, .T. ) ;
#4548 = VERTEX_POINT ( 'NONE', #4605 ) ;
#4549 = CIRCLE ( 'NONE', #1133, 0.1499999999999999944 ) ;
#4550 = VERTEX_POINT ( 'NONE', #311 ) ;
#4551 = CARTESIAN_POINT ( 'NONE',  ( -2.418477214851999957, -3.500000000000000000, 5.627604495026999665 ) ) ;
#4552 = VERTEX_POINT ( 'NONE', #784 ) ;
#4553 = CARTESIAN_POINT ( 'NONE',  ( -9.430987591914999170E-16, -3.500000000000000000, 2.239513591136999938E-15 ) ) ;
#4554 = CIRCLE ( 'NONE', #3442, 0.1499999999999999667 ) ;
#4555 = EDGE_CURVE ( 'NONE', #3851, #1155, #2461, .T. ) ;
#4556 = EDGE_LOOP ( 'NONE', ( #6054, #4074, #2815, #6031 ) ) ;
#4557 = DIRECTION ( 'NONE',  ( 3.745133725614000318E-16, 1.000000000000000000, -7.771561172376000134E-16 ) ) ;
#4558 = ADVANCED_FACE ( 'NONE', ( #5614 ), #1173, .F. ) ;
#4559 = DIRECTION ( 'NONE',  ( 0.5877852522921378498, -4.966733870465930479E-16, 0.8090169943751909232 ) ) ;
#4560 = CARTESIAN_POINT ( 'NONE',  ( 6.099520486024999855, -3.500000000000000000, -0.5610830881120000280 ) ) ;
#4561 = EDGE_LOOP ( 'NONE', ( #5557, #1676, #4044, #3955 ) ) ;
#4562 = LINE ( 'NONE', #296, #4757 ) ;
#4563 = CIRCLE ( 'NONE', #1348, 6.112198000000000242 ) ;
#4564 = EDGE_CURVE ( 'NONE', #2498, #1334, #753, .T. ) ;
#4565 = CARTESIAN_POINT ( 'NONE',  ( -5.745947752783999718, -3.500000000000000000, 2.083998275786999699 ) ) ;
#4566 =( NAMED_UNIT ( * ) PLANE_ANGLE_UNIT ( ) SI_UNIT ( $, .RADIAN. ) );
#4567 = AXIS2_PLACEMENT_3D ( 'NONE', #2685, #3784, #2902 ) ;
#4568 = DIRECTION ( 'NONE',  ( -5.406247080330000210E-16, 1.000000000000000000, -4.440892098500999885E-16 ) ) ;
#4569 = CARTESIAN_POINT ( 'NONE',  ( -2.290451660182999838, 6.088178620452999290, 1.006234200703999937 ) ) ;
#4570 = CARTESIAN_POINT ( 'NONE',  ( -0.2064046357350000083, 3.500000000000000000, -6.108711936043000001 ) ) ;
#4571 = CARTESIAN_POINT ( 'NONE',  ( -2.825028182115909154E-15, 5.750000000000000000, 7.100000000000000533 ) ) ;
#4572 = ORIENTED_EDGE ( 'NONE', *, *, #5290, .F. ) ;
#4573 = AXIS2_PLACEMENT_3D ( 'NONE', #1265, #2673, #1332 ) ;
#4574 = DIRECTION ( 'NONE',  ( 1.000000000000000000, 0.000000000000000000, 0.000000000000000000 ) ) ;
#4575 = CARTESIAN_POINT ( 'NONE',  ( 4.615908076795999904, -3.500000000000000000, 3.787915702019000186 ) ) ;
#4576 = CIRCLE ( 'NONE', #6093, 0.1499999999999997724 ) ;
#4577 = CARTESIAN_POINT ( 'NONE',  ( 1.691393328169000121, -3.500000000000000000, -5.873512833102999764 ) ) ;
#4578 = ORIENTED_EDGE ( 'NONE', *, *, #1269, .F. ) ;
#4579 = ORIENTED_EDGE ( 'NONE', *, *, #5054, .F. ) ;
#4580 = CIRCLE ( 'NONE', #3064, 0.5773502691900000983 ) ;
#4581 = DIRECTION ( 'NONE',  ( 2.199496035544559835E-17, -1.000000000000000000, 2.859514670765540345E-16 ) ) ;
#4582 = ORIENTED_EDGE ( 'NONE', *, *, #630, .F. ) ;
#4583 = CARTESIAN_POINT ( 'NONE',  ( 6.099520486024999855, -3.500000000000000000, 0.5610830881120000280 ) ) ;
#4584 = ORIENTED_EDGE ( 'NONE', *, *, #1322, .F. ) ;
#4585 = EDGE_CURVE ( 'NONE', #5406, #4838, #2162, .T. ) ;
#4586 = CARTESIAN_POINT ( 'NONE',  ( -5.282052382155000281, -3.500000000000000000, 2.131438036170000050 ) ) ;
#4587 = VERTEX_POINT ( 'NONE', #2268 ) ;
#4588 = DIRECTION ( 'NONE',  ( -2.032009205199439769E-16, -1.000000000000000000, 7.591712514570610385E-16 ) ) ;
#4589 = B_SPLINE_CURVE_WITH_KNOTS ( 'NONE', 6,
 ( #1707, #849, #1320, #3705, #1739, #3604, #4190, #5580, #1291, #2696, #4065, #4628, #4096, #6119, #2234, #3579, #3144, #5072, #6051, #4601, #749, #1672, #5103, #3239, #781, #5131, #306, #2148, #275, #4530, #2203, #812, #6085, #1771, #3640, #5518, #2730, #342, #2264, #5996, #1799, #1196, #3109, #5038, #1918, #942, #2295, #2858, #879, #4340, #4276, #5671, #3270, #2759, #3395, #2326, #4308 ),
 .UNSPECIFIED., .F., .F.,
 ( 7, 5, 5, 5, 5, 5, 5, 5, 5, 5, 5, 7 ),
 ( 0.000000000000000000, 0.1180637657390000012, 0.1700014239260000115, 0.2890808667579999880, 0.3989406191309999850, 0.5003339530040000760, 0.5669265689089999505, 0.6021390553009999813, 0.7112559957030000213, 0.8307140511909999470, 0.8800785525019999556, 1.000000000000000000 ),
 .UNSPECIFIED. ) ;
#4590 = DIRECTION ( 'NONE',  ( -6.677809677911960712E-16, -1.000000000000000000, -8.981892944707918835E-17 ) ) ;
#4591 = CARTESIAN_POINT ( 'NONE',  ( 0.5610830881120000280, -3.500000000000000000, 6.099520486024999855 ) ) ;
#4592 = ORIENTED_EDGE ( 'NONE', *, *, #4105, .F. ) ;
#4593 = CARTESIAN_POINT ( 'NONE',  ( 0.5773502691900000983, 1.000000000000000000, 0.000000000000000000 ) ) ;
#4594 = EDGE_CURVE ( 'NONE', #447, #4695, #3766, .T. ) ;
#4595 =( GEOMETRIC_REPRESENTATION_CONTEXT ( 3 ) GLOBAL_UNCERTAINTY_ASSIGNED_CONTEXT ( ( #1001 ) ) GLOBAL_UNIT_ASSIGNED_CONTEXT ( ( #3323, #464, #5258 ) ) REPRESENTATION_CONTEXT ( 'NONE', 'WORKASPACE' ) );
#4596 = AXIS2_PLACEMENT_3D ( 'NONE', #4404, #5382, #5287 ) ;
#4597 = FACE_OUTER_BOUND ( 'NONE', #5398, .T. ) ;
#4598 = CARTESIAN_POINT ( 'NONE',  ( -8.127572688943201659E-15, 3.500000000000005773, 7.299999999999995381 ) ) ;
#4599 = LINE ( 'NONE', #1169, #4961 ) ;
#4600 = CARTESIAN_POINT ( 'NONE',  ( -1.983435326163999868, 6.754606597489999587, 1.522724212982000225 ) ) ;
#4601 = CARTESIAN_POINT ( 'NONE',  ( 1.520355960684000030, 6.749360240361000685, 1.985241889156000195 ) ) ;
#4602 = VECTOR ( 'NONE', #3450, 1000.000000000000000 ) ;
#4603 = CARTESIAN_POINT ( 'NONE',  ( 3.131282434201999809, -3.500000000000000000, 5.264412095235000422 ) ) ;
#4604 = ORIENTED_EDGE ( 'NONE', *, *, #1161, .T. ) ;
#4605 = CARTESIAN_POINT ( 'NONE',  ( 1.711095385751519957E-15, 0.000000000000000000, -2.643091723279000327 ) ) ;
#4606 = STYLED_ITEM ( 'NONE', ( #3161 ), #5373 ) ;
#4607 = CARTESIAN_POINT ( 'NONE',  ( -5.729370427217999939, 3.500000000000000000, -1.649884692613999837 ) ) ;
#4608 = DIRECTION ( 'NONE',  ( 1.392798170799549816E-17, -1.000000000000000000, 4.529477758377419813E-16 ) ) ;
#4609 = VERTEX_POINT ( 'NONE', #3675 ) ;
#4610 = ORIENTED_EDGE ( 'NONE', *, *, #3701, .F. ) ;
#4611 = CARTESIAN_POINT ( 'NONE',  ( 3.659361984642999666, -3.500000000000000000, -4.364879761826999882 ) ) ;
#4612 = DIRECTION ( 'NONE',  ( -9.623875507864408450E-17, -1.000000000000000000, 4.364530971015194927E-16 ) ) ;
#4613 = ORIENTED_EDGE ( 'NONE', *, *, #1193, .F. ) ;
#4614 = DIRECTION ( 'NONE',  ( 0.8090169943751910342, -8.673617379884033500E-16, 0.5877852522921379608 ) ) ;
#4615 = EDGE_LOOP ( 'NONE', ( #2660, #5243, #1976, #2996, #2107 ) ) ;
#4616 = CARTESIAN_POINT ( 'NONE',  ( -2.032854686956000023, -3.500000000000000000, 5.604935932989999259 ) ) ;
#4617 = VERTEX_POINT ( 'NONE', #3609 ) ;
#4618 = CARTESIAN_POINT ( 'NONE',  ( 0.000000000000000000, 0.000000000000000000, -0.4200000000000000400 ) ) ;
#4619 = EDGE_CURVE ( 'NONE', #134, #3347, #5135, .T. ) ;
#4620 = CARTESIAN_POINT ( 'NONE',  ( -7.500000000000000000, 5.349999999999999645, -8.333476213095999569E-15 ) ) ;
#4621 = FACE_OUTER_BOUND ( 'NONE', #4043, .T. ) ;
#4622 = EDGE_LOOP ( 'NONE', ( #4249, #5881, #4321, #6203 ) ) ;
#4623 = DIRECTION ( 'NONE',  ( -7.539610350354999382E-17, 1.000000000000000000, -9.992007221626000628E-16 ) ) ;
#4624 = DIRECTION ( 'NONE',  ( -8.881144413637390876E-16, -1.000000000000000000, -2.778844884289169681E-16 ) ) ;
#4625 = EDGE_CURVE ( 'NONE', #1364, #3588, #5044, .T. ) ;
#4626 = CARTESIAN_POINT ( 'NONE',  ( -1.824656580445999987, 7.400000000000000355, 7.274656580445999943 ) ) ;
#4627 = CARTESIAN_POINT ( 'NONE',  ( -2.011409994606999874, 6.673138211436000056, 1.486099598128999943 ) ) ;
#4628 = CARTESIAN_POINT ( 'NONE',  ( 1.006235262164000055, 6.088179332982000425, 2.290451240287000090 ) ) ;
#4629 = CARTESIAN_POINT ( 'NONE',  ( -6.108711936043000001, 3.500000000000000000, 0.2064046357350000083 ) ) ;
#4630 = EDGE_LOOP ( 'NONE', ( #4151, #3349 ) ) ;
#4631 = EDGE_CURVE ( 'NONE', #1879, #4461, #552, .T. ) ;
#4632 = DIRECTION ( 'NONE',  ( -2.446747080494690140E-16, -1.000000000000000000, 5.995138749812960544E-16 ) ) ;
#4633 = CIRCLE ( 'NONE', #297, 0.5550000000000002709 ) ;
#4634 = DIRECTION ( 'NONE',  ( -3.686931063464999882E-16, 1.000000000000000000, -3.885780586188000067E-16 ) ) ;
#4635 = ADVANCED_FACE ( 'NONE', ( #5488, #3085 ), #689, .F. ) ;
#4636 = DIRECTION ( 'NONE',  ( 7.771561172376000134E-16, 1.000000000000000000, -7.771561172375990273E-16 ) ) ;
#4637 = VERTEX_POINT ( 'NONE', #1710 ) ;
#4638 = CIRCLE ( 'NONE', #911, 6.112198000000000242 ) ;
#4639 = EDGE_LOOP ( 'NONE', ( #1299, #2748, #1809, #4267 ) ) ;
#4640 = PRODUCT_DEFINITION_SHAPE ( 'NONE', 'NONE',  #6259 ) ;
#4641 = DIRECTION ( 'NONE',  ( 1.000000000000000000, -8.673617379884035472E-16, 0.000000000000000000 ) ) ;
#4642 = EDGE_CURVE ( 'NONE', #5913, #4009, #1232, .T. ) ;
#4643 = AXIS2_PLACEMENT_3D ( 'NONE', #5407, #518, #3000 ) ;
#4644 = CIRCLE ( 'NONE', #5954, 0.1500000000000001332 ) ;
#4645 = EDGE_LOOP ( 'NONE', ( #2306, #4084, #5408, #5493 ) ) ;
#4646 = DIRECTION ( 'NONE',  ( 0.000000000000000000, -7.814069711607238853E-16, -1.000000000000000000 ) ) ;
#4647 = ORIENTED_EDGE ( 'NONE', *, *, #1122, .T. ) ;
#4648 = CONICAL_SURFACE ( 'NONE', #1230, 1.154700538379000108, 0.7853981633970000820 ) ;
#4649 = AXIS2_PLACEMENT_3D ( 'NONE', #3339, #1389, #444 ) ;
#4650 = CARTESIAN_POINT ( 'NONE',  ( 4.615908076795999904, -3.500000000000000000, -3.787915702019000186 ) ) ;
#4651 = ORIENTED_EDGE ( 'NONE', *, *, #5240, .F. ) ;
#4652 = CARTESIAN_POINT ( 'NONE',  ( -1.484072210590999807, 8.130680092739998699, 2.012882238049999994 ) ) ;
#4653 = LINE ( 'NONE', #3195, #816 ) ;
#4654 = DIRECTION ( 'NONE',  ( -0.9510565162951234441, 0.000000000000000000, -0.3090169943750403769 ) ) ;
#4655 = ORIENTED_EDGE ( 'NONE', *, *, #1694, .T. ) ;
#4656 = LINE ( 'NONE', #4593, #4154 ) ;
#4657 = AXIS2_PLACEMENT_3D ( 'NONE', #1803, #1712, #3245 ) ;
#4658 = CARTESIAN_POINT ( 'NONE',  ( -7.993605777301000873E-15, 3.500000000000000000, -2.442490654175000051E-15 ) ) ;
#4659 = CYLINDRICAL_SURFACE ( 'NONE', #3677, 0.1499999999999998834 ) ;
#4660 = CARTESIAN_POINT ( 'NONE',  ( -5.745947752783999718, 3.500000000000000000, -2.083998275786999699 ) ) ;
#4661 = AXIS2_PLACEMENT_3D ( 'NONE', #596, #4441, #4004 ) ;
#4662 = DIRECTION ( 'NONE',  ( 0.9510565162951234441, -8.673617379884039416E-16, 0.3090169943750403769 ) ) ;
#4663 = CARTESIAN_POINT ( 'NONE',  ( -1.351233760588000044, 3.500000000000000000, -5.974372913993000189 ) ) ;
#4664 = FACE_OUTER_BOUND ( 'NONE', #2585, .T. ) ;
#4665 = ORIENTED_EDGE ( 'NONE', *, *, #3783, .T. ) ;
#4666 = DIRECTION ( 'NONE',  ( 0.5877852522921379608, -4.336808689942016750E-16, 0.8090169943751910342 ) ) ;
#4667 = AXIS2_PLACEMENT_3D ( 'NONE', #4520, #3072, #678 ) ;
#4668 = EDGE_CURVE ( 'NONE', #4686, #5617, #2798, .T. ) ;
#4669 = LINE ( 'NONE', #2611, #2939 ) ;
#4670 = DIRECTION ( 'NONE',  ( 1.110223024624999878E-16, -1.000000000000000000, 1.551559350114999894E-31 ) ) ;
#4671 = DIRECTION ( 'NONE',  ( -1.723066134217999934E-15, 6.938893903907228378E-16, 1.000000000000000000 ) ) ;
#4672 = VECTOR ( 'NONE', #1494, 1000.000000000000000 ) ;
#4673 = ORIENTED_EDGE ( 'NONE', *, *, #6132, .F. ) ;
#4674 = ORIENTED_EDGE ( 'NONE', *, *, #4788, .T. ) ;
#4675 = EDGE_CURVE ( 'NONE', #1657, #5767, #945, .T. ) ;
#4676 = DIRECTION ( 'NONE',  ( 7.771561172376000134E-16, 1.000000000000000000, -7.771561172375990273E-16 ) ) ;
#4677 = ORIENTED_EDGE ( 'NONE', *, *, #2169, .T. ) ;
#4678 = DIRECTION ( 'NONE',  ( -5.507766776193950395E-16, -1.000000000000000000, -2.807742633908804862E-16 ) ) ;
#4679 = ORIENTED_EDGE ( 'NONE', *, *, #1482, .F. ) ;
#4680 = AXIS2_PLACEMENT_3D ( 'NONE', #1585, #4859, #5395 ) ;
#4681 = FACE_OUTER_BOUND ( 'NONE', #196, .T. ) ;
#4682 = CIRCLE ( 'NONE', #5489, 1.650000000000000355 ) ;
#4683 = EDGE_LOOP ( 'NONE', ( #3385, #539, #5647, #1323 ) ) ;
#4684 = DIRECTION ( 'NONE',  ( -6.047604644248999931E-16, 1.000000000000000000, -7.771561172376000134E-16 ) ) ;
#4685 = CARTESIAN_POINT ( 'NONE',  ( -5.773159728051000181E-15, 3.500000000000000000, -3.330669073874999855E-15 ) ) ;
#4686 = VERTEX_POINT ( 'NONE', #3773 ) ;
#4687 = FACE_OUTER_BOUND ( 'NONE', #4900, .T. ) ;
#4688 = CARTESIAN_POINT ( 'NONE',  ( -1.676300878691000085, 6.561021758326999631, 7.310868761391000170 ) ) ;
#4689 = CARTESIAN_POINT ( 'NONE',  ( 0.000000000000000000, 0.000000000000000000, 0.000000000000000000 ) ) ;
#4690 = DIRECTION ( 'NONE',  ( 1.110223024624999878E-16, -1.000000000000000000, 1.551559350114999894E-31 ) ) ;
#4691 = CARTESIAN_POINT ( 'NONE',  ( -2.458441874850000097, 8.986735953533999677, 0.4757266332200000281 ) ) ;
#4692 = CARTESIAN_POINT ( 'NONE',  ( -1.691393328169000121, 3.500000000000000000, -5.873512833102999764 ) ) ;
#4693 = LINE ( 'NONE', #1321, #2831 ) ;
#4694 = AXIS2_PLACEMENT_3D ( 'NONE', #4201, #2706, #5623 ) ;
#4695 = VERTEX_POINT ( 'NONE', #5704 ) ;
#4696 = CARTESIAN_POINT ( 'NONE',  ( -7.473291595512000285, 5.477942219633000320, -0.6351541553689999953 ) ) ;
#4697 = CIRCLE ( 'NONE', #976, 0.9999999999999995559 ) ;
#4698 = CARTESIAN_POINT ( 'NONE',  ( -7.311964732504000253, 6.573172258991999861, 1.668972617740000164 ) ) ;
#4699 = AXIS2_PLACEMENT_3D ( 'NONE', #4501, #4061, #3667 ) ;
#4700 = ORIENTED_EDGE ( 'NONE', *, *, #542, .T. ) ;
#4701 = DIRECTION ( 'NONE',  ( 1.000000000000000000, 0.000000000000000000, 0.000000000000000000 ) ) ;
#4702 = ORIENTED_EDGE ( 'NONE', *, *, #1620, .T. ) ;
#4703 = VERTEX_POINT ( 'NONE', #6223 ) ;
#4704 = AXIS2_PLACEMENT_3D ( 'NONE', #2220, #1692, #4962 ) ;
#4705 = CARTESIAN_POINT ( 'NONE',  ( -2.664535259099999805E-15, 7.400000000000000355, 7.500000000000000000 ) ) ;
#4706 = DIRECTION ( 'NONE',  ( 0.9510565162951234441, -1.301042606982605912E-15, 0.3090169943750403769 ) ) ;
#4707 = AXIS2_PLACEMENT_3D ( 'NONE', #1179, #695, #4954 ) ;
#4708 = ORIENTED_EDGE ( 'NONE', *, *, #3562, .F. ) ;
#4709 = CARTESIAN_POINT ( 'NONE',  ( 0.000000000000000000, 0.000000000000000000, 0.000000000000000000 ) ) ;
#4710 = ORIENTED_EDGE ( 'NONE', *, *, #337, .T. ) ;
#4711 = DIRECTION ( 'NONE',  ( 1.922962686383999909E-16, 1.000000000000000000, 0.000000000000000000 ) ) ;
#4712 = EDGE_LOOP ( 'NONE', ( #3084, #4604, #1840, #2071, #2703, #1741 ) ) ;
#4713 = CARTESIAN_POINT ( 'NONE',  ( 0.7664742706120000193, 5.539862341294999659, 7.460929720560000256 ) ) ;
#4714 = CARTESIAN_POINT ( 'NONE',  ( -1.372736579965272570E-14, -4.400000000000002132, -2.500000000000001776 ) ) ;
#4715 = EDGE_LOOP ( 'NONE', ( #5249, #5093, #5846, #1760 ) ) ;
#4716 = DIRECTION ( 'NONE',  ( -6.677809677911960712E-16, -1.000000000000000000, -8.981892944707918835E-17 ) ) ;
#4717 = DIRECTION ( 'NONE',  ( -0.3090169943750403769, -4.336808689942019708E-16, -0.9510565162951234441 ) ) ;
#4718 = ADVANCED_FACE ( 'NONE', ( #5640 ), #5264, .F. ) ;
#4719 = DIRECTION ( 'NONE',  ( -1.273055734903999968E-15, 7.517135062566163747E-16, 1.000000000000000000 ) ) ;
#4720 = CARTESIAN_POINT ( 'NONE',  ( -2.254748254936999707, 8.649366429841000681, 1.085436167963000020 ) ) ;
#4721 = DIRECTION ( 'NONE',  ( -0.5877852522921378498, 4.257200460399368771E-16, 0.8090169943751909232 ) ) ;
#4722 = B_SPLINE_CURVE_WITH_KNOTS ( 'NONE', 6,
 ( #5380, #5916, #3989, #1507, #3415, #1568, #2973, #2444, #1596, #3503, #4839, #4901, #522, #1979, #5346, #1029, #2944, #4427, #1424, #3753, #5685, #892, #2837, #3344, #450, #4255, #2871, #6201, #4289, #4798, #3880, #3376, #480, #1458, #2402, #5807, #2933, #5367, #2962, #4388, #3088, #4011, #5428, #165, #665, #2583, #1557, #5834, #1647, #1611, #2092, #3554, #5490, #575, #5396, #1175, #1107 ),
 .UNSPECIFIED., .F., .F.,
 ( 7, 5, 5, 5, 5, 5, 5, 5, 5, 5, 5, 7 ),
 ( 0.000000000000000000, 0.05885294282500558305, 0.08474313756103364625, 0.1441025858899891710, 0.1988661415159850843, 0.2164818340249837769, 0.2494527891149813104, 0.2994061138209774819, 0.3548463491869733866, 0.4145627782619689117, 0.4623947607749652744, 0.4992719607599625520 ),
 .UNSPECIFIED. ) ;
#4723 = CARTESIAN_POINT ( 'NONE',  ( 1.061961730021000028, 9.067251078557999833, 7.424760238372999588 ) ) ;
#4724 = CARTESIAN_POINT ( 'NONE',  ( -7.460925947160999883, 5.539882877507000813, -0.7664994967389999747 ) ) ;
#4725 = CARTESIAN_POINT ( 'NONE',  ( -7.473425559101000815, 9.322719565279999898, 0.6335929580419999985 ) ) ;
#4726 = ORIENTED_EDGE ( 'NONE', *, *, #2767, .F. ) ;
#4727 = CARTESIAN_POINT ( 'NONE',  ( -5.958797487851000163, 3.500000000000000000, 0.2013392410339999994 ) ) ;
#4728 = ORIENTED_EDGE ( 'NONE', *, *, #2961, .T. ) ;
#4729 = ORIENTED_EDGE ( 'NONE', *, *, #88, .F. ) ;
#4730 = LINE ( 'NONE', #891, #2746 ) ;
#4731 = AXIS2_PLACEMENT_3D ( 'NONE', #4663, #5637, #220 ) ;
#4732 = VECTOR ( 'NONE', #3015, 1000.000000000000000 ) ;
#4733 = ORIENTED_EDGE ( 'NONE', *, *, #582, .F. ) ;
#4734 = DIRECTION ( 'NONE',  ( -4.440892098500999885E-16, -1.000000000000000000, 5.551115123126000625E-16 ) ) ;
#4735 = ORIENTED_EDGE ( 'NONE', *, *, #582, .T. ) ;
#4736 = ADVANCED_FACE ( 'NONE', ( #5200 ), #251, .F. ) ;
#4737 = CIRCLE ( 'NONE', #4439, 0.1500000000000001332 ) ;
#4738 = EDGE_CURVE ( 'NONE', #692, #3623, #5689, .T. ) ;
#4739 = CARTESIAN_POINT ( 'NONE',  ( -2.664535259099999805E-15, 7.400000000000000355, 7.100000000000000533 ) ) ;
#4740 = EDGE_CURVE ( 'NONE', #5723, #5055, #3370, .T. ) ;
#4741 = ORIENTED_EDGE ( 'NONE', *, *, #337, .F. ) ;
#4742 = PRODUCT_DEFINITION_SHAPE ( 'NONE', 'NONE',  #6262 ) ;
#4743 = CIRCLE ( 'NONE', #1626, 0.5550000000000001599 ) ;
#4744 = DIRECTION ( 'NONE',  ( -9.705107454703460192E-16, -1.000000000000000000, -7.516940583779200002E-16 ) ) ;
#4745 = CARTESIAN_POINT ( 'NONE',  ( -2.176127871379999856, -3.500000000000000000, -5.560519780239999932 ) ) ;
#4746 = AXIS2_PLACEMENT_3D ( 'NONE', #3276, #4857, #537 ) ;
#4747 = ORIENTED_EDGE ( 'NONE', *, *, #2734, .T. ) ;
#4748 = DIRECTION ( 'NONE',  ( 3.697785493223000194E-32, 1.000000000000000000, -1.110223024624999878E-16 ) ) ;
#4749 = LINE ( 'NONE', #433, #3580 ) ;
#4750 = VECTOR ( 'NONE', #1827, 1000.000000000000000 ) ;
#4751 = EDGE_CURVE ( 'NONE', #2139, #726, #6230, .T. ) ;
#4752 = ITEM_DEFINED_TRANSFORMATION ( 'NONE', 'NONE', #764,  #2478 ) ;
#4753 = DIRECTION ( 'NONE',  ( -1.000000000000000000, 0.000000000000000000, 0.000000000000000000 ) ) ;
#4754 = CARTESIAN_POINT ( 'NONE',  ( 4.820730169109999963, -3.500000000000000000, -3.757595644535999924 ) ) ;
#4755 = CARTESIAN_POINT ( 'NONE',  ( -5.272262022913999147, -3.500000000000000000, -2.686351677078000044 ) ) ;
#4756 = CARTESIAN_POINT ( 'NONE',  ( 0.9053311292000000288, 9.179383543991001204, 7.445376382087999900 ) ) ;
#4757 = VECTOR ( 'NONE', #2198, 1000.000000000000000 ) ;
#4758 = EDGE_CURVE ( 'NONE', #4317, #4293, #155, .T. ) ;
#4759 = CARTESIAN_POINT ( 'NONE',  ( -7.476967259420000289, 5.459926286386000527, -0.5892153375990000219 ) ) ;
#4760 = DIRECTION ( 'NONE',  ( -1.000000000000000000, 0.000000000000000000, 0.000000000000000000 ) ) ;
#4761 = ORIENTED_EDGE ( 'NONE', *, *, #1300, .F. ) ;
#4762 = CARTESIAN_POINT ( 'NONE',  ( 7.596925499515584373E-15, -3.700000000000005951, -7.499999999999994671 ) ) ;
#4763 = ORIENTED_EDGE ( 'NONE', *, *, #2457, .T. ) ;
#4764 = ORIENTED_EDGE ( 'NONE', *, *, #4001, .T. ) ;
#4765 = CIRCLE ( 'NONE', #1951, 0.1499999999999999667 ) ;
#4766 = DIRECTION ( 'NONE',  ( -0.5877852522921379608, -4.336808689942016750E-16, -0.8090169943751910342 ) ) ;
#4767 = VECTOR ( 'NONE', #1214, 1000.000000000000114 ) ;
#4768 = DIRECTION ( 'NONE',  ( 3.862008079591245008E-17, -1.000000000000000000, 6.650122991038879451E-16 ) ) ;
#4769 = VERTEX_POINT ( 'NONE', #3302 ) ;
#4770 = FACE_OUTER_BOUND ( 'NONE', #4931, .T. ) ;
#4771 = EDGE_CURVE ( 'NONE', #959, #4548, #4580, .T. ) ;
#4772 = ORIENTED_EDGE ( 'NONE', *, *, #3694, .T. ) ;
#4773 = DIRECTION ( 'NONE',  ( 0.3090169943750425974, 0.000000000000000000, -0.9510565162951225560 ) ) ;
#4774 = VERTEX_POINT ( 'NONE', #2920 ) ;
#4775 = AXIS2_PLACEMENT_3D ( 'NONE', #2518, #4447, #3941 ) ;
#4776 = ORIENTED_EDGE ( 'NONE', *, *, #3774, .T. ) ;
#4777 = DIRECTION ( 'NONE',  ( 9.653549818297999102E-17, 1.000000000000000000, -8.326672684689000444E-16 ) ) ;
#4778 = EDGE_LOOP ( 'NONE', ( #5919, #2709, #2881, #4947 ) ) ;
#4779 = DIRECTION ( 'NONE',  ( 1.000000000000000000, 0.000000000000000000, 0.000000000000000000 ) ) ;
#4780 = EDGE_CURVE ( 'NONE', #2557, #4956, #3961, .T. ) ;
#4781 = DIRECTION ( 'NONE',  ( -0.5877852522921382938, 0.000000000000000000, 0.8090169943751908121 ) ) ;
#4782 = CIRCLE ( 'NONE', #3972, 0.1500000000000001332 ) ;
#4783 = CARTESIAN_POINT ( 'NONE',  ( 0.000000000000000000, 7.400000000000000355, 7.500000000000000000 ) ) ;
#4784 = CARTESIAN_POINT ( 'NONE',  ( 3.665380152386999768, -3.500000000000000000, 4.702424197123000305 ) ) ;
#4785 = CYLINDRICAL_SURFACE ( 'NONE', #5841, 0.1500000000000001332 ) ;
#4786 = CARTESIAN_POINT ( 'NONE',  ( 1.507867092026000000, 3.500000000000000000, -5.777650869670999612 ) ) ;
#4787 = CARTESIAN_POINT ( 'NONE',  ( -3.131282434201999809, 3.500000000000000000, 5.264412095235000422 ) ) ;
#4788 = EDGE_CURVE ( 'NONE', #4506, #4964, #1989, .T. ) ;
#4789 = CARTESIAN_POINT ( 'NONE',  ( -7.386863804863999405, 5.960750727095999402, -1.299258883785000096 ) ) ;
#4790 = CARTESIAN_POINT ( 'NONE',  ( -7.500000000000000000, 9.449999986999999990, 0.0002308652874170000235 ) ) ;
#4791 = ORIENTED_EDGE ( 'NONE', *, *, #1294, .F. ) ;
#4792 = CARTESIAN_POINT ( 'NONE',  ( 1.155481799990999869, 5.814925670312999451, 7.410588097423999265 ) ) ;
#4793 = ORIENTED_EDGE ( 'NONE', *, *, #1206, .T. ) ;
#4794 = VERTEX_POINT ( 'NONE', #5828 ) ;
#4795 = CARTESIAN_POINT ( 'NONE',  ( 6.099520486024999855, -3.500000000000000000, -0.5610830881120000280 ) ) ;
#4796 = PRODUCT_DEFINITION_FORMATION_WITH_SPECIFIED_SOURCE ( 'ANY', '', #5198, .NOT_KNOWN. ) ;
#4797 = CIRCLE ( 'NONE', #469, 6.112197999999997577 ) ;
#4798 = CARTESIAN_POINT ( 'NONE',  ( -1.880001012894999990, 7.507225880108999938, -1.647908758597999901 ) ) ;
#4799 = CARTESIAN_POINT ( 'NONE',  ( -0.8446029734169999692, 5.981470029497000240, 2.353547954736999959 ) ) ;
#4800 = ORIENTED_EDGE ( 'NONE', *, *, #5460, .F. ) ;
#4801 = CARTESIAN_POINT ( 'NONE',  ( -2.418477214851999957, 3.500000000000000000, -5.627604495026999665 ) ) ;
#4802 = VECTOR ( 'NONE', #867, 1000.000000000000000 ) ;
#4803 = ORIENTED_EDGE ( 'NONE', *, *, #2786, .T. ) ;
#4804 = FACE_OUTER_BOUND ( 'NONE', #2675, .T. ) ;
#4805 = VECTOR ( 'NONE', #581, 1000.000000000000000 ) ;
#4806 = ORIENTED_EDGE ( 'NONE', *, *, #1509, .F. ) ;
#4807 = ORIENTED_EDGE ( 'NONE', *, *, #797, .T. ) ;
#4808 = CYLINDRICAL_SURFACE ( 'NONE', #2217, 0.9999999999999994449 ) ;
#4809 = ORIENTED_EDGE ( 'NONE', *, *, #3448, .F. ) ;
#4810 = DIRECTION ( 'NONE',  ( -8.881784197000999888E-16, -1.000000000000000000, -4.440892098500999885E-16 ) ) ;
#4811 = CARTESIAN_POINT ( 'NONE',  ( -6.108711936043000001, -3.500000000000000000, -0.2064046357350000083 ) ) ;
#4812 = CARTESIAN_POINT ( 'NONE',  ( -7.500000000000000000, 7.400000000000000355, 0.000000000000000000 ) ) ;
#4813 = EDGE_CURVE ( 'NONE', #5716, #6209, #1068, .T. ) ;
#4814 = CARTESIAN_POINT ( 'NONE',  ( 1.321165399304000023E-15, 3.700000000000000178, -4.429789868253999730E-15 ) ) ;
#4815 = DIRECTION ( 'NONE',  ( 0.8090169943751908121, 0.000000000000000000, 0.5877852522921382938 ) ) ;
#4816 = DIRECTION ( 'NONE',  ( 0.9510565162951234441, -2.838133640266247326E-16, 0.3090169943750400994 ) ) ;
#4817 = CARTESIAN_POINT ( 'NONE',  ( 0.7236739698700001000, 9.282068442684998644, 7.465257641478000750 ) ) ;
#4818 = CARTESIAN_POINT ( 'NONE',  ( -7.431680013459000200, 5.694225956644999975, -1.012689547217999975 ) ) ;
#4819 = ADVANCED_FACE ( 'NONE', ( #1038 ), #2543, .T. ) ;
#4820 = CARTESIAN_POINT ( 'NONE',  ( 2.131438036170000050, 3.500000000000000000, 5.282052382155000281 ) ) ;
#4821 = CARTESIAN_POINT ( 'NONE',  ( -7.325114205114999777, 6.438529233379000516, 1.610275199708000038 ) ) ;
#4822 = CARTESIAN_POINT ( 'NONE',  ( -4.829082085785000089, -3.500000000000000000, 3.020442298506000434 ) ) ;
#4823 = DIRECTION ( 'NONE',  ( -1.292281125508035802E-16, -1.000000000000000000, 6.652142707626950164E-16 ) ) ;
#4824 = ORIENTED_EDGE ( 'NONE', *, *, #4827, .F. ) ;
#4825 = ORIENTED_EDGE ( 'NONE', *, *, #4828, .T. ) ;
#4826 = CARTESIAN_POINT ( 'NONE',  ( 2.020000000000000018, 0.000000000000000000, -0.4200000000000000400 ) ) ;
#4827 = EDGE_CURVE ( 'NONE', #3223, #3876, #1864, .T. ) ;
#4828 = EDGE_CURVE ( 'NONE', #3565, #1330, #1360, .T. ) ;
#4829 = CARTESIAN_POINT ( 'NONE',  ( -1.649884692613999837, -3.500000000000000000, 5.729370427217999939 ) ) ;
#4830 = VERTEX_POINT ( 'NONE', #3903 ) ;
#4831 = LINE ( 'NONE', #4892, #4045 ) ;
#4832 = ORIENTED_EDGE ( 'NONE', *, *, #797, .F. ) ;
#4833 = EDGE_CURVE ( 'NONE', #2597, #1700, #354, .T. ) ;
#4834 = CYLINDRICAL_SURFACE ( 'NONE', #6106, 0.5550000000000001599 ) ;
#4835 = VERTEX_POINT ( 'NONE', #4002 ) ;
#4836 = ORIENTED_EDGE ( 'NONE', *, *, #3981, .T. ) ;
#4837 = FACE_OUTER_BOUND ( 'NONE', #2601, .T. ) ;
#4838 = VERTEX_POINT ( 'NONE', #1604 ) ;
#4839 = CARTESIAN_POINT ( 'NONE',  ( -2.339659484450999916, 8.795322999228000427, -0.8818412739909999853 ) ) ;
#4840 = AXIS2_PLACEMENT_3D ( 'NONE', #5509, #3167, #1698 ) ;
#4841 = CIRCLE ( 'NONE', #1730, 0.5550000000000001599 ) ;
#4842 = UNCERTAINTY_MEASURE_WITH_UNIT (LENGTH_MEASURE( 1.000000000000000082E-05 ), #4032, 'distance_accuracy_value', 'NONE');
#4843 = CYLINDRICAL_SURFACE ( 'NONE', #3992, 6.112197999999997577 ) ;
#4844 = VECTOR ( 'NONE', #2375, 1000.000000000000000 ) ;
#4845 = AXIS2_PLACEMENT_3D ( 'NONE', #569, #61, #686 ) ;
#4846 = DIRECTION ( 'NONE',  ( -9.705107454703460192E-16, -1.000000000000000000, -7.516940583779200002E-16 ) ) ;
#4847 = CARTESIAN_POINT ( 'NONE',  ( -4.820730169109999963, 3.500000000000000000, 3.757595644535999924 ) ) ;
#4848 = CARTESIAN_POINT ( 'NONE',  ( -3.665380152387999857, 3.500000000000000000, 4.702424197123000305 ) ) ;
#4849 = CYLINDRICAL_SURFACE ( 'NONE', #1533, 2.020000000000000018 ) ;
#4850 = VECTOR ( 'NONE', #4433, 1000.000000000000000 ) ;
#4851 = DIRECTION ( 'NONE',  ( -5.289177753218320077E-16, -1.000000000000000000, 7.279928633694380175E-16 ) ) ;
#4852 = DIRECTION ( 'NONE',  ( 0.9510565162951234441, -8.673617379884039416E-16, -0.3090169943750403769 ) ) ;
#4853 = FACE_OUTER_BOUND ( 'NONE', #4514, .T. ) ;
#4854 = SURFACE_STYLE_FILL_AREA ( #2925 ) ;
#4855 = VECTOR ( 'NONE', #840, 1000.000000000000000 ) ;
#4856 = DIRECTION ( 'NONE',  ( -9.705107454703460192E-16, -1.000000000000000000, -7.516940583779200002E-16 ) ) ;
#4857 = DIRECTION ( 'NONE',  ( -7.771561172376000134E-16, -1.000000000000000000, 7.771561172375990273E-16 ) ) ;
#4858 = ORIENTED_EDGE ( 'NONE', *, *, #382, .T. ) ;
#4859 = DIRECTION ( 'NONE',  ( 7.771561172376000134E-16, 1.000000000000000000, -7.771561172375990273E-16 ) ) ;
#4860 = AXIS2_PLACEMENT_3D ( 'NONE', #1202, #255, #314 ) ;
#4861 = CARTESIAN_POINT ( 'NONE',  ( -1.289401564929000044, 6.365946652129999883, 2.142858533576000202 ) ) ;
#4862 = CONICAL_SURFACE ( 'NONE', #5271, 2.049999999999999822, 0.7853981633970000820 ) ;
#4863 = ORIENTED_EDGE ( 'NONE', *, *, #975, .T. ) ;
#4864 = DIRECTION ( 'NONE',  ( -1.000000000000000000, 0.000000000000000000, 0.000000000000000000 ) ) ;
#4865 = ORIENTED_EDGE ( 'NONE', *, *, #359, .T. ) ;
#4866 = EDGE_CURVE ( 'NONE', #4128, #2302, #27, .T. ) ;
#4867 = CARTESIAN_POINT ( 'NONE',  ( 0.2013392410339999994, -3.500000000000000000, 5.958797487851000163 ) ) ;
#4868 = ORIENTED_EDGE ( 'NONE', *, *, #5100, .F. ) ;
#4869 = ORIENTED_EDGE ( 'NONE', *, *, #1141, .F. ) ;
#4870 = CYLINDRICAL_SURFACE ( 'NONE', #1828, 0.5549999999999999378 ) ;
#4871 = VERTEX_POINT ( 'NONE', #5420 ) ;
#4872 = DIRECTION ( 'NONE',  ( 1.854519714100962107E-15, 0.7071067811868638753, -0.7071067811862310482 ) ) ;
#4873 = AXIS2_PLACEMENT_3D ( 'NONE', #5079, #5140, #4701 ) ;
#4874 = CARTESIAN_POINT ( 'NONE',  ( 5.729370427217999939, 3.500000000000000000, 1.649884692613999837 ) ) ;
#4875 = AXIS2_PLACEMENT_3D ( 'NONE', #5933, #662, #4508 ) ;
#4876 = DIRECTION ( 'NONE',  ( 1.110223024624999878E-16, -1.000000000000000000, 1.551559350114999894E-31 ) ) ;
#4877 = DIRECTION ( 'NONE',  ( 1.000000000000000000, -8.673617379884035472E-16, 0.000000000000000000 ) ) ;
#4878 = DIRECTION ( 'NONE',  ( -0.3090169943750400994, -4.966733870465933437E-16, -0.9510565162951234441 ) ) ;
#4879 = CARTESIAN_POINT ( 'NONE',  ( 0.000000000000000000, 0.000000000000000000, -1.333333333332999970 ) ) ;
#4880 = AXIS2_PLACEMENT_3D ( 'NONE', #594, #4379, #2982 ) ;
#4881 = DIRECTION ( 'NONE',  ( -3.172031972967880239E-16, -1.000000000000000000, 4.582850377723630077E-16 ) ) ;
#4882 = CARTESIAN_POINT ( 'NONE',  ( -0.5773502691900000983, 1.000000000000000000, -2.024834468762999773 ) ) ;
#4883 = DIRECTION ( 'NONE',  ( 1.000000000000000000, 0.000000000000000000, 0.000000000000000000 ) ) ;
#4884 =( NAMED_UNIT ( * ) SI_UNIT ( $, .STERADIAN. ) SOLID_ANGLE_UNIT ( ) );
#4885 = CARTESIAN_POINT ( 'NONE',  ( 0.7641422587482539219, 0.6764667836368022380, -0.1382651969912564172 ) ) ;
#4886 = DIRECTION ( 'NONE',  ( -0.3090169943750403769, 4.336808689942019708E-16, 0.9510565162951234441 ) ) ;
#4887 = ORIENTED_EDGE ( 'NONE', *, *, #313, .F. ) ;
#4888 = CARTESIAN_POINT ( 'NONE',  ( -5.272262022913999147, 3.500000000000000000, 2.686351677078000044 ) ) ;
#4889 = EDGE_CURVE ( 'NONE', #5718, #1911, #1972, .T. ) ;
#4890 = CARTESIAN_POINT ( 'NONE',  ( -3.131282434201999809, -3.500000000000000000, 5.264412095235000422 ) ) ;
#4891 = ORIENTED_EDGE ( 'NONE', *, *, #2344, .F. ) ;
#4892 = CARTESIAN_POINT ( 'NONE',  ( -4.364879761826999882, -3.500000000000000000, -3.659361984642999666 ) ) ;
#4893 = EDGE_LOOP ( 'NONE', ( #5784, #3816, #859, #3135 ) ) ;
#4894 = AXIS2_PLACEMENT_3D ( 'NONE', #4689, #372, #5699 ) ;
#4895 = DIRECTION ( 'NONE',  ( -3.686931063464999882E-16, 1.000000000000000000, -3.885780586188000067E-16 ) ) ;
#4896 = ORIENTED_EDGE ( 'NONE', *, *, #5208, .T. ) ;
#4897 = CIRCLE ( 'NONE', #2672, 6.112197999999997577 ) ;
#4898 = ORIENTED_EDGE ( 'NONE', *, *, #1063, .T. ) ;
#4899 = LINE ( 'NONE', #2500, #2519 ) ;
#4900 = EDGE_LOOP ( 'NONE', ( #2376, #771, #2614, #3103 ) ) ;
#4901 = CARTESIAN_POINT ( 'NONE',  ( -2.290451236645000055, 8.711820660837998886, -1.006235271370000017 ) ) ;
#4902 = AXIS2_PLACEMENT_3D ( 'NONE', #2190, #1123, #6037 ) ;
#4903 = CARTESIAN_POINT ( 'NONE',  ( 5.777650869670999612, 3.500000000000000000, -1.507867092026000000 ) ) ;
#4904 = DIRECTION ( 'NONE',  ( -3.172031972967880239E-16, -1.000000000000000000, 4.582850377723640924E-16 ) ) ;
#4905 = EDGE_CURVE ( 'NONE', #2114, #6002, #624, .T. ) ;
#4906 = DIRECTION ( 'NONE',  ( -1.110223024625019969E-16, 1.000000000000000000, -3.330669073875000249E-16 ) ) ;
#4907 = CYLINDRICAL_SURFACE ( 'NONE', #5641, 0.5549999999999998268 ) ;
#4908 = CYLINDRICAL_SURFACE ( 'NONE', #5560, 1.000000000000000222 ) ;
#4909 = EDGE_CURVE ( 'NONE', #5473, #3732, #3162, .T. ) ;
#4910 = DIRECTION ( 'NONE',  ( 0.000000000000000000, 0.000000000000000000, 1.000000000000000000 ) ) ;
#4911 = DIRECTION ( 'NONE',  ( -1.151671350878000205E-15, 8.317167350573732915E-16, 1.000000000000000000 ) ) ;
#4912 = DIRECTION ( 'NONE',  ( -3.330669073875000249E-16, 1.110223024624999878E-16, 1.000000000000000000 ) ) ;
#4913 = CARTESIAN_POINT ( 'NONE',  ( -0.3513254827150000259, -3.500000000000000000, -5.960829065173999908 ) ) ;
#4914 = DIRECTION ( 'NONE',  ( -4.440892098500999885E-16, -1.000000000000000000, 5.551115123126000625E-16 ) ) ;
#4915 = VERTEX_POINT ( 'NONE', #156 ) ;
#4916 = EDGE_CURVE ( 'NONE', #6077, #2471, #6206, .T. ) ;
#4917 = CARTESIAN_POINT ( 'NONE',  ( -1.154700538379000108, 4.996003610813000314E-16, -2.024834468762999773 ) ) ;
#4918 = CARTESIAN_POINT ( 'NONE',  ( -7.456445620024999776, 9.237101435219001289, -0.8081347915620000766 ) ) ;
#4919 = ORIENTED_EDGE ( 'NONE', *, *, #735, .F. ) ;
#4920 = CARTESIAN_POINT ( 'NONE',  ( 3.659361984642999666, 3.500000000000000000, -4.364879761826999882 ) ) ;
#4921 = ORIENTED_EDGE ( 'NONE', *, *, #1294, .T. ) ;
#4922 = EDGE_CURVE ( 'NONE', #5742, #1925, #4782, .T. ) ;
#4923 = LINE ( 'NONE', #2470, #1384 ) ;
#4924 = ORIENTED_EDGE ( 'NONE', *, *, #5486, .T. ) ;
#4925 = ORIENTED_EDGE ( 'NONE', *, *, #4100, .F. ) ;
#4926 = CARTESIAN_POINT ( 'NONE',  ( 4.939112670297999941, -3.500000000000000000, -3.339606417124999727 ) ) ;
#4927 = ORIENTED_EDGE ( 'NONE', *, *, #3307, .F. ) ;
#4928 = CARTESIAN_POINT ( 'NONE',  ( 8.144336253639838147E-15, 10.99999999999999822, -2.500000000000013323 ) ) ;
#4929 = EDGE_CURVE ( 'NONE', #6061, #6193, #5357, .T. ) ;
#4930 = CARTESIAN_POINT ( 'NONE',  ( -0.4684458500200000541, 5.417465089987000049, 7.485704255335999591 ) ) ;
#4931 = EDGE_LOOP ( 'NONE', ( #6107, #2998, #1466, #546 ) ) ;
#4932 = LINE ( 'NONE', #5324, #2450 ) ;
#4933 = AXIS2_PLACEMENT_3D ( 'NONE', #4184, #5536, #680 ) ;
#4934 = CARTESIAN_POINT ( 'NONE',  ( 4.939112670297999941, -3.500000000000000000, 3.339606417124999727 ) ) ;
#4935 = CARTESIAN_POINT ( 'NONE',  ( 5.745947752783999718, -3.500000000000000000, -2.083998275786999699 ) ) ;
#4936 = VECTOR ( 'NONE', #3371, 1000.000000000000000 ) ;
#4937 = VERTEX_POINT ( 'NONE', #57 ) ;
#4938 = CYLINDRICAL_SURFACE ( 'NONE', #3137, 1.000000000000000000 ) ;
#4939 = DIRECTION ( 'NONE',  ( -2.220446049250000002E-16, 1.000000000000000000, -6.661338147751000379E-16 ) ) ;
#4940 = AXIS2_PLACEMENT_3D ( 'NONE', #2195, #4495, #4118 ) ;
#4941 = CARTESIAN_POINT ( 'NONE',  ( 1.649884692613999837, -3.500000000000000000, 5.729370427217999939 ) ) ;
#4942 = SURFACE_SIDE_STYLE ('',( #4854 ) ) ;
#4943 = B_SPLINE_CURVE_WITH_KNOTS ( 'NONE', 3,
 ( #5672, #882, #2797, #407, #5001, #2482, #5856, #682 ),
 .UNSPECIFIED., .F., .F.,
 ( 4, 2, 2, 4 ),
 ( 1.433484792770107600E-16, 0.0002981900880651408353, 0.0005963801761301383390, 0.001192760352260133130 ),
 .UNSPECIFIED. ) ;
#4944 = CARTESIAN_POINT ( 'NONE',  ( 6.108711936043000001, -3.500000000000000000, 0.2064046357350000083 ) ) ;
#4945 = DIRECTION ( 'NONE',  ( -1.274316668078573885E-16, -1.000000000000000000, 4.255379698796005274E-16 ) ) ;
#4946 = CIRCLE ( 'NONE', #822, 6.112198000000001130 ) ;
#4947 = ORIENTED_EDGE ( 'NONE', *, *, #65, .T. ) ;
#4948 = CARTESIAN_POINT ( 'NONE',  ( 4.184090831422999202, -3.500000000000000000, -4.184090831422999202 ) ) ;
#4949 = DIRECTION ( 'NONE',  ( -2.966835952886680333E-16, -1.000000000000000000, 4.135041185336130003E-16 ) ) ;
#4950 = CARTESIAN_POINT ( 'NONE',  ( -7.353224467430000466, 8.602390475340000009, -1.476980056004999708 ) ) ;
#4951 = ORIENTED_EDGE ( 'NONE', *, *, #1675, .F. ) ;
#4952 = ORIENTED_EDGE ( 'NONE', *, *, #5652, .T. ) ;
#4953 = AXIS2_PLACEMENT_3D ( 'NONE', #593, #5387, #4409 ) ;
#4954 = DIRECTION ( 'NONE',  ( -0.5877852522921382938, 0.000000000000000000, 0.8090169943751908121 ) ) ;
#4955 = AXIS2_PLACEMENT_3D ( 'NONE', #2533, #3953, #5847 ) ;
#4956 = VERTEX_POINT ( 'NONE', #656 ) ;
#4957 = EDGE_CURVE ( 'NONE', #3495, #452, #5082, .T. ) ;
#4958 = ORIENTED_EDGE ( 'NONE', *, *, #390, .T. ) ;
#4959 = DIRECTION ( 'NONE',  ( 0.3090169943750401549, 0.000000000000000000, 0.9510565162951233331 ) ) ;
#4960 = ORIENTED_EDGE ( 'NONE', *, *, #3716, .T. ) ;
#4961 = VECTOR ( 'NONE', #5005, 1000.000000000000000 ) ;
#4962 = DIRECTION ( 'NONE',  ( 0.5877852522921382938, 0.000000000000000000, 0.8090169943751908121 ) ) ;
#4963 = ITEM_DEFINED_TRANSFORMATION ( 'NONE', 'NONE', #4091,  #5908 ) ;
#4964 = VERTEX_POINT ( 'NONE', #5328 ) ;
#4965 = DIRECTION ( 'NONE',  ( -7.940816618730620390E-16, -1.000000000000000000, 1.554369229507224864E-16 ) ) ;
#4966 = VECTOR ( 'NONE', #4557, 1000.000000000000000 ) ;
#4967 = EDGE_CURVE ( 'NONE', #5620, #1087, #4682, .T. ) ;
#4968 = CARTESIAN_POINT ( 'NONE',  ( -3.423625928481999647, 3.500000000000000000, 5.063373370888999858 ) ) ;
#4969 = LINE ( 'NONE', #4470, #769 ) ;
#4970 = ORIENTED_EDGE ( 'NONE', *, *, #299, .T. ) ;
#4971 = CARTESIAN_POINT ( 'NONE',  ( -5.974372913993000189, -3.500000000000000000, 1.351233760588000044 ) ) ;
#4972 = CARTESIAN_POINT ( 'NONE',  ( 5.028915951783999638, -3.500000000000000000, 3.219459129871999892 ) ) ;
#4973 = AXIS2_PLACEMENT_3D ( 'NONE', #1844, #5691, #1370 ) ;
#4974 = CARTESIAN_POINT ( 'NONE',  ( -5.272262022913999147, -3.500000000000000000, 2.686351677078000044 ) ) ;
#4975 = SURFACE_STYLE_USAGE ( .BOTH. , #4942 ) ;
#4976 = ADVANCED_FACE ( 'NONE', ( #2951 ), #532, .T. ) ;
#4977 = CARTESIAN_POINT ( 'NONE',  ( -2.435262416216017911, 5.849445424026971985, 0.5746655023529366746 ) ) ;
#4978 = DIRECTION ( 'NONE',  ( -1.000000000000000000, 0.000000000000000000, 0.000000000000000000 ) ) ;
#4979 = AXIS2_PLACEMENT_3D ( 'NONE', #3432, #2990, #1555 ) ;
#4980 = ORIENTED_EDGE ( 'NONE', *, *, #2976, .T. ) ;
#4981 = LINE ( 'NONE', #4010, #1457 ) ;
#4982 = VECTOR ( 'NONE', #4194, 1000.000000000000000 ) ;
#4983 = CARTESIAN_POINT ( 'NONE',  ( -7.274656580445999943, 7.568012669727999686, -1.824656580445999987 ) ) ;
#4984 = ORIENTED_EDGE ( 'NONE', *, *, #5290, .T. ) ;
#4985 = ORIENTED_EDGE ( 'NONE', *, *, #3980, .F. ) ;
#4986 = CARTESIAN_POINT ( 'NONE',  ( -5.958797487851000163, 3.500000000000000000, -0.2013392410339999994 ) ) ;
#4987 = VERTEX_POINT ( 'NONE', #1702 ) ;
#4988 = ORIENTED_EDGE ( 'NONE', *, *, #4428, .F. ) ;
#4989 = DIRECTION ( 'NONE',  ( -4.440892098500999885E-16, -1.000000000000000000, 3.330669073875000249E-16 ) ) ;
#4990 = AXIS2_PLACEMENT_3D ( 'NONE', #3652, #4676, #1781 ) ;
#4991 = ORIENTED_EDGE ( 'NONE', *, *, #8, .T. ) ;
#4992 = PLANE ( 'NONE',  #377 ) ;
#4993 = CIRCLE ( 'NONE', #5305, 0.1499999999999998834 ) ;
#4994 = AXIS2_PLACEMENT_3D ( 'NONE', #4658, #3700, #1315 ) ;
#4995 = EDGE_CURVE ( 'NONE', #1655, #4835, #3575, .T. ) ;
#4996 = ORIENTED_EDGE ( 'NONE', *, *, #5432, .T. ) ;
#4997 = CARTESIAN_POINT ( 'NONE',  ( -5.282052382155000281, 3.500000000000000000, 2.131438036170000050 ) ) ;
#4998 = CARTESIAN_POINT ( 'NONE',  ( 3.339606417124999727, -3.500000000000000000, -4.939112670297999941 ) ) ;
#4999 = CYLINDRICAL_SURFACE ( 'NONE', #704, 6.112198000000000242 ) ;
#5000 = EDGE_LOOP ( 'NONE', ( #3414, #476, #3353, #3092 ) ) ;
#5001 = CARTESIAN_POINT ( 'NONE',  ( -0.1029274500424876004, 1.000000000000000444, -0.1544840639488807843 ) ) ;
#5002 = CIRCLE ( 'NONE', #4704, 0.1499999999999998834 ) ;
#5003 = CYLINDRICAL_SURFACE ( 'NONE', #6222, 6.112197999999997577 ) ;
#5004 = EDGE_CURVE ( 'NONE', #2684, #869, #46, .T. ) ;
#5005 = DIRECTION ( 'NONE',  ( -4.440892098500999885E-16, 1.000000000000000000, -7.771561172376000134E-16 ) ) ;
#5006 = DIRECTION ( 'NONE',  ( -1.273055734904000165E-15, 7.723083968389894990E-16, 1.000000000000000000 ) ) ;
#5007 = CARTESIAN_POINT ( 'NONE',  ( 3.219459129871999892, 3.500000000000000000, 5.028915951783999638 ) ) ;
#5008 = ADVANCED_FACE ( 'NONE', ( #4597 ), #5481, .F. ) ;
#5009 = EDGE_CURVE ( 'NONE', #278, #1131, #3559, .T. ) ;
#5010 = ORIENTED_EDGE ( 'NONE', *, *, #2799, .F. ) ;
#5011 = DIRECTION ( 'NONE',  ( 2.838796142837000101E-16, 1.000000000000000000, -2.775557561563000312E-16 ) ) ;
#5012 = DIRECTION ( 'NONE',  ( -0.5877852522921378498, -1.419066820133122924E-16, -0.8090169943751909232 ) ) ;
#5013 = CARTESIAN_POINT ( 'NONE',  ( -2.664535259099999805E-15, 7.400000000000000355, 7.100000000000000533 ) ) ;
#5014 = ORIENTED_EDGE ( 'NONE', *, *, #3742, .T. ) ;
#5015 = ORIENTED_EDGE ( 'NONE', *, *, #1576, .F. ) ;
#5016 = EDGE_CURVE ( 'NONE', #3009, #5716, #5591, .T. ) ;
#5017 = ADVANCED_FACE ( 'NONE', ( #683 ), #5003, .T. ) ;
#5018 = CARTESIAN_POINT ( 'NONE',  ( 2.309401076759000304, 0.000000000000000000, -1.333333333332999970 ) ) ;
#5019 = VERTEX_POINT ( 'NONE', #3601 ) ;
#5020 = EDGE_LOOP ( 'NONE', ( #5832, #5159, #5655, #6256 ) ) ;
#5021 = DIRECTION ( 'NONE',  ( 0.5877852522921379608, -4.336808689942016750E-16, -0.8090169943751910342 ) ) ;
#5022 = ORIENTED_EDGE ( 'NONE', *, *, #1776, .F. ) ;
#5023 = EDGE_CURVE ( 'NONE', #1657, #1908, #3083, .T. ) ;
#5024 = CARTESIAN_POINT ( 'NONE',  ( -0.8660254037839841823, 0.5000000000000295319, -2.197709752620652601 ) ) ;
#5025 = ORIENTED_EDGE ( 'NONE', *, *, #4995, .T. ) ;
#5026 = DIRECTION ( 'NONE',  ( -0.8090169943751908121, 0.000000000000000000, 0.5877852522921380718 ) ) ;
#5027 = CARTESIAN_POINT ( 'NONE',  ( -5.873512833102999764, -3.500000000000000000, -1.691393328169000121 ) ) ;
#5028 = DIRECTION ( 'NONE',  ( -0.8090169943751905901, 0.000000000000000000, -0.5877852522921384049 ) ) ;
#5029 = EDGE_CURVE ( 'NONE', #1925, #447, #4098, .T. ) ;
#5030 = APPLICATION_CONTEXT ( 'automotive_design' ) ;
#5031 = VERTEX_POINT ( 'NONE', #4525 ) ;
#5032 = DIRECTION ( 'NONE',  ( -1.292281125508035802E-16, -1.000000000000000000, 6.652142707626950164E-16 ) ) ;
#5033 = DIRECTION ( 'NONE',  ( 3.330669073875000249E-16, -1.110223024624999878E-16, -1.000000000000000000 ) ) ;
#5034 = AXIS2_PLACEMENT_3D ( 'NONE', #495, #3831, #2389 ) ;
#5035 = VECTOR ( 'NONE', #3738, 1000.000000000000000 ) ;
#5036 = DIRECTION ( 'NONE',  ( 0.8090169943751909232, -4.257200460399368771E-16, -0.5877852522921378498 ) ) ;
#5037 = DIRECTION ( 'NONE',  ( -2.220446049250000002E-16, -1.000000000000000000, 3.330669073875000249E-16 ) ) ;
#5038 = CARTESIAN_POINT ( 'NONE',  ( 1.159589820315999997, 8.581374494932999752, 2.217407568709000465 ) ) ;
#5039 = EDGE_CURVE ( 'NONE', #3918, #5639, #5306, .T. ) ;
#5040 = CYLINDRICAL_SURFACE ( 'NONE', #1329, 1.000000000000000000 ) ;
#5041 = ORIENTED_EDGE ( 'NONE', *, *, #2714, .F. ) ;
#5042 = VECTOR ( 'NONE', #4777, 1000.000000000000000 ) ;
#5043 = CIRCLE ( 'NONE', #5143, 1.000000000000000222 ) ;
#5044 = LINE ( 'NONE', #4102, #4378 ) ;
#5045 = DIRECTION ( 'NONE',  ( -0.7071067811868642083, -0.7071067811862309371, -8.659560562393282592E-17 ) ) ;
#5046 = CIRCLE ( 'NONE', #3827, 7.299999999999999822 ) ;
#5047 = AXIS2_PLACEMENT_3D ( 'NONE', #2368, #4823, #6194 ) ;
#5048 = DIRECTION ( 'NONE',  ( -1.151671350877999811E-15, 8.095376221225100103E-16, 1.000000000000000000 ) ) ;
#5049 = ADVANCED_FACE ( 'NONE', ( #1767 ), #744, .F. ) ;
#5050 = ORIENTED_EDGE ( 'NONE', *, *, #4436, .T. ) ;
#5051 = CIRCLE ( 'NONE', #6063, 1.000000000000000000 ) ;
#5052 = DIRECTION ( 'NONE',  ( -4.440892098500999885E-16, -1.000000000000000000, 3.330669073875000249E-16 ) ) ;
#5053 = AXIS2_PLACEMENT_3D ( 'NONE', #2851, #3295, #1950 ) ;
#5055 = VERTEX_POINT ( 'NONE', #2662 ) ;
#5054 = EDGE_CURVE ( 'NONE', #363, #756, #4797, .T. ) ;
#5056 = DIRECTION ( 'NONE',  ( 0.000000000000000000, 0.000000000000000000, 1.000000000000000000 ) ) ;
#5057 = VERTEX_POINT ( 'NONE', #2692 ) ;
#5058 =( NAMED_UNIT ( * ) PLANE_ANGLE_UNIT ( ) SI_UNIT ( $, .RADIAN. ) );
#5059 = AXIS2_PLACEMENT_3D ( 'NONE', #59, #1991, #5423 ) ;
#5060 = ORIENTED_EDGE ( 'NONE', *, *, #4535, .T. ) ;
#5061 = CARTESIAN_POINT ( 'NONE',  ( 3.020442298506000434, 3.500000000000000000, 4.829082085785000089 ) ) ;
#5062 = DIRECTION ( 'NONE',  ( -1.292281125508035802E-16, -1.000000000000000000, 6.652142707626950164E-16 ) ) ;
#5063 = DIRECTION ( 'NONE',  ( -0.3090169943750404324, -4.336808689942020201E-16, -0.9510565162951234441 ) ) ;
#5064 = EDGE_LOOP ( 'NONE', ( #1396, #3500, #1420, #2428 ) ) ;
#5065 = CARTESIAN_POINT ( 'NONE',  ( 4.939112670297999941, -3.500000000000000000, 3.339606417124999727 ) ) ;
#5066 = AXIS2_PLACEMENT_3D ( 'NONE', #84, #4846, #2479 ) ;
#5067 = DIRECTION ( 'NONE',  ( -2.014308475904189624E-16, -1.000000000000000000, 3.454781777837940200E-16 ) ) ;
#5068 = VECTOR ( 'NONE', #3628, 1000.000000000000000 ) ;
#5069 = CARTESIAN_POINT ( 'NONE',  ( -5.272262022913999147, -3.500000000000000000, 2.686351677078000044 ) ) ;
#5070 = EDGE_CURVE ( 'NONE', #775, #1944, #4897, .T. ) ;
#5071 = DIRECTION ( 'NONE',  ( -4.440892098500999885E-16, -1.000000000000000000, 3.330669073875000249E-16 ) ) ;
#5072 = CARTESIAN_POINT ( 'NONE',  ( 1.442715670349999924, 6.591615431371000255, 2.042883674576999820 ) ) ;
#5073 = CARTESIAN_POINT ( 'NONE',  ( -2.686351677078000044, -3.500000000000000000, -5.272262022913999147 ) ) ;
#5074 = ORIENTED_EDGE ( 'NONE', *, *, #1852, .T. ) ;
#5075 = AXIS2_PLACEMENT_3D ( 'NONE', #1203, #4636, #4671 ) ;
#5076 = DIRECTION ( 'NONE',  ( -2.167155344068000230E-15, 0.000000000000000000, 1.000000000000000000 ) ) ;
#5077 = CARTESIAN_POINT ( 'NONE',  ( -7.477029235653999351, 5.459622536325000830, 0.5884402563849999712 ) ) ;
#5078 = AXIS2_PLACEMENT_3D ( 'NONE', #1838, #3375, #5682 ) ;
#5079 = CARTESIAN_POINT ( 'NONE',  ( 0.000000000000000000, 0.000000000000000000, 0.000000000000000000 ) ) ;
#5080 = ORIENTED_EDGE ( 'NONE', *, *, #5405, .F. ) ;
#5081 = ORIENTED_EDGE ( 'NONE', *, *, #958, .T. ) ;
#5082 = CIRCLE ( 'NONE', #1772, 6.112198000000001130 ) ;
#5083 = CARTESIAN_POINT ( 'NONE',  ( 1.178756851044451704E-14, 3.699999999999994404, -7.500000000000004441 ) ) ;
#5084 = ADVANCED_FACE ( 'NONE', ( #3200 ), #1669, .F. ) ;
#5085 = ORIENTED_EDGE ( 'NONE', *, *, #5471, .T. ) ;
#5086 = CARTESIAN_POINT ( 'NONE',  ( 4.039133941280000251, -3.500000000000000000, 4.604819366229000011 ) ) ;
#5087 = ORIENTED_EDGE ( 'NONE', *, *, #743, .F. ) ;
#5088 = ADVANCED_FACE ( 'NONE', ( #3545 ), #5127, .T. ) ;
#5089 = ORIENTED_EDGE ( 'NONE', *, *, #4001, .F. ) ;
#5090 = CARTESIAN_POINT ( 'NONE',  ( -4.829082085785000089, 3.500000000000000000, -3.020442298506000434 ) ) ;
#5091 = CARTESIAN_POINT ( 'NONE',  ( 0.6347164204929999221, 5.477750322531999672, 7.473330314661000173 ) ) ;
#5092 = DIRECTION ( 'NONE',  ( -0.8090169943751910342, -4.336808689942016750E-16, -0.5877852522921379608 ) ) ;
#5093 = ORIENTED_EDGE ( 'NONE', *, *, #171, .T. ) ;
#5094 = CARTESIAN_POINT ( 'NONE',  ( -5.063373370888999858, -3.500000000000000000, -3.423625928481999647 ) ) ;
#5095 = AXIS2_PLACEMENT_3D ( 'NONE', #2820, #403, #970 ) ;
#5096 = CIRCLE ( 'NONE', #1077, 0.1499999999999999667 ) ;
#5097 = CARTESIAN_POINT ( 'NONE',  ( 4.440892098501000082E-15, -3.500000000000000000, -2.664535259099999805E-15 ) ) ;
#5098 = EDGE_CURVE ( 'NONE', #3823, #4552, #2633, .T. ) ;
#5099 = CYLINDRICAL_SURFACE ( 'NONE', #1479, 0.1499999999999998834 ) ;
#5100 = EDGE_CURVE ( 'NONE', #1364, #6062, #3787, .T. ) ;
#5101 = DIRECTION ( 'NONE',  ( 0.5877852522921384049, -7.814069711607236881E-16, 0.8090169943751905901 ) ) ;
#5102 = CARTESIAN_POINT ( 'NONE',  ( -4.604819366229000011, -3.500000000000000000, -4.039133941280000251 ) ) ;
#5103 = CARTESIAN_POINT ( 'NONE',  ( 1.620587715284999897, 7.073007035634000239, 1.903831267180999820 ) ) ;
#5104 = CARTESIAN_POINT ( 'NONE',  ( -3.339606417124999727, -3.500000000000000000, -4.939112670297999941 ) ) ;
#5105 = ORIENTED_EDGE ( 'NONE', *, *, #4909, .T. ) ;
#5106 = EDGE_CURVE ( 'NONE', #636, #5626, #765, .T. ) ;
#5107 = CARTESIAN_POINT ( 'NONE',  ( -4.702424197123000305, -3.500000000000000000, -3.665380152386999768 ) ) ;
#5108 = AXIS2_PLACEMENT_3D ( 'NONE', #2616, #638, #172 ) ;
#5109 = LINE ( 'NONE', #226, #2046 ) ;
#5110 = CARTESIAN_POINT ( 'NONE',  ( -4.702424197123000305, 3.500000000000000000, 3.665380152386999768 ) ) ;
#5111 = ORIENTED_EDGE ( 'NONE', *, *, #4352, .F. ) ;
#5112 = EDGE_CURVE ( 'NONE', #4009, #4637, #2576, .T. ) ;
#5113 = VERTEX_POINT ( 'NONE', #4212 ) ;
#5114 = EDGE_CURVE ( 'NONE', #2288, #5057, #1480, .T. ) ;
#5115 = CARTESIAN_POINT ( 'NONE',  ( 5.028915951783999638, -3.500000000000000000, 3.219459129871999892 ) ) ;
#5116 = VERTEX_POINT ( 'NONE', #2320 ) ;
#5117 = DIRECTION ( 'NONE',  ( -1.274316668078573885E-16, -1.000000000000000000, 4.255379698796005274E-16 ) ) ;
#5118 = ORIENTED_EDGE ( 'NONE', *, *, #1893, .F. ) ;
#5119 = DIRECTION ( 'NONE',  ( -5.851721321710000488E-16, -1.000000000000000000, 1.540942540396989897E-16 ) ) ;
#5120 = ORIENTED_EDGE ( 'NONE', *, *, #521, .F. ) ;
#5121 = CARTESIAN_POINT ( 'NONE',  ( -5.745947752783999718, -3.500000000000000000, 2.083998275786999699 ) ) ;
#5122 = CARTESIAN_POINT ( 'NONE',  ( 1.649884692613999837, 3.500000000000000000, 5.729370427217999939 ) ) ;
#5123 = CARTESIAN_POINT ( 'NONE',  ( 4.604819366229000011, 3.500000000000000000, -4.039133941280000251 ) ) ;
#5124 = ADVANCED_FACE ( 'NONE', ( #5256 ), #170, .F. ) ;
#5125 = ORIENTED_EDGE ( 'NONE', *, *, #5763, .F. ) ;
#5126 = CARTESIAN_POINT ( 'NONE',  ( 2.418477214851999957, -3.500000000000000000, -5.627604495026999665 ) ) ;
#5127 = CYLINDRICAL_SURFACE ( 'NONE', #2183, 0.1499999999999998834 ) ;
#5128 = CARTESIAN_POINT ( 'NONE',  ( 5.604935932989999259, -3.500000000000000000, -2.032854686956000023 ) ) ;
#5129 = CARTESIAN_POINT ( 'NONE',  ( 5.960829065173999908, -3.500000000000000000, 0.3513254827150000259 ) ) ;
#5130 = CARTESIAN_POINT ( 'NONE',  ( 5.560519780239999932, -3.500000000000000000, 2.176127871379999856 ) ) ;
#5131 = CARTESIAN_POINT ( 'NONE',  ( 1.649999999999999911, 7.317681476047999567, 1.878163997099000060 ) ) ;
#5132 = CARTESIAN_POINT ( 'NONE',  ( 4.702424197123000305, -3.500000000000000000, 3.665380152386999768 ) ) ;
#5133 = EDGE_CURVE ( 'NONE', #78, #42, #68, .T. ) ;
#5134 = ORIENTED_EDGE ( 'NONE', *, *, #2403, .F. ) ;
#5135 = LINE ( 'NONE', #2669, #4982 ) ;
#5136 = AXIS2_PLACEMENT_3D ( 'NONE', #2539, #3899, #1573 ) ;
#5137 = AXIS2_PLACEMENT_3D ( 'NONE', #2488, #1580, #3489 ) ;
#5138 = CARTESIAN_POINT ( 'NONE',  ( -7.367002923382000468, 6.096407114287999640, 1.406474524434000228 ) ) ;
#5139 = VERTEX_POINT ( 'NONE', #338 ) ;
#5140 = DIRECTION ( 'NONE',  ( 0.000000000000000000, 0.000000000000000000, 1.000000000000000000 ) ) ;
#5141 = AXIS2_PLACEMENT_3D ( 'NONE', #2166, #3598, #294 ) ;
#5142 = EDGE_LOOP ( 'NONE', ( #3999, #1110, #4579, #1792 ) ) ;
#5143 = AXIS2_PLACEMENT_3D ( 'NONE', #2628, #5508, #3166 ) ;
#5144 = EDGE_LOOP ( 'NONE', ( #3097, #1056, #3341, #1532 ) ) ;
#5145 = LINE ( 'NONE', #827, #179 ) ;
#5146 = VECTOR ( 'NONE', #4204, 1000.000000000000000 ) ;
#5147 = CIRCLE ( 'NONE', #5960, 6.112198000000000242 ) ;
#5148 = EDGE_CURVE ( 'NONE', #2522, #642, #977, .T. ) ;
#5149 = ORIENTED_EDGE ( 'NONE', *, *, #3264, .F. ) ;
#5150 = CARTESIAN_POINT ( 'NONE',  ( 5.873512833102999764, 3.500000000000000000, -1.691393328169000121 ) ) ;
#5151 = ORIENTED_EDGE ( 'NONE', *, *, #5934, .T. ) ;
#5152 = AXIS2_PLACEMENT_3D ( 'NONE', #512, #72, #4392 ) ;
#5153 = CIRCLE ( 'NONE', #1614, 1.000000000000000000 ) ;
#5154 = DIRECTION ( 'NONE',  ( -9.363278209719779739E-16, -1.000000000000000000, 1.422433718763573873E-16 ) ) ;
#5155 = AXIS2_PLACEMENT_3D ( 'NONE', #4152, #3198, #5633 ) ;
#5156 = ORIENTED_EDGE ( 'NONE', *, *, #145, .F. ) ;
#5157 = CARTESIAN_POINT ( 'NONE',  ( 0.08020602563476998681, 5.349999977307999366, 7.500000008020998976 ) ) ;
#5158 = DIRECTION ( 'NONE',  ( 0.3090169943750404324, -4.336808689942020201E-16, 0.9510565162951234441 ) ) ;
#5159 = ORIENTED_EDGE ( 'NONE', *, *, #6044, .T. ) ;
#5160 = CARTESIAN_POINT ( 'NONE',  ( 4.615908076795999904, -3.500000000000000000, 3.787915702019000186 ) ) ;
#5161 = AXIS2_PLACEMENT_3D ( 'NONE', #4449, #4949, #5012 ) ;
#5162 = CARTESIAN_POINT ( 'NONE',  ( 5.974372913993000189, 3.500000000000000000, -1.351233760588000044 ) ) ;
#5163 = SHAPE_DEFINITION_REPRESENTATION ( #3282, #4389 ) ;
#5164 = EDGE_CURVE ( 'NONE', #1718, #1747, #5698, .T. ) ;
#5165 = DIRECTION ( 'NONE',  ( 7.771561172376000134E-16, 1.000000000000000000, -7.771561172375990273E-16 ) ) ;
#5166 = AXIS2_PLACEMENT_3D ( 'NONE', #2505, #3452, #52 ) ;
#5167 = CARTESIAN_POINT ( 'NONE',  ( -2.500000000000000000, 9.050000000000000711, -1.060818100028999884E-14 ) ) ;
#5168 = CARTESIAN_POINT ( 'NONE',  ( 3.530509218308000244E-15, 11.00000000000000000, -1.356692536091999857E-14 ) ) ;
#5169 = CYLINDRICAL_SURFACE ( 'NONE', #719, 0.1499999999999998834 ) ;
#5170 = ORIENTED_EDGE ( 'NONE', *, *, #3871, .T. ) ;
#5171 = CARTESIAN_POINT ( 'NONE',  ( -7.311659484248999696, 6.551946422868000219, -1.672968533388000001 ) ) ;
#5172 = CIRCLE ( 'NONE', #5981, 6.112198000000001130 ) ;
#5173 = CARTESIAN_POINT ( 'NONE',  ( -7.298141848748000093, 6.738365903009000846, 1.728694962644000022 ) ) ;
#5174 = ORIENTED_EDGE ( 'NONE', *, *, #4929, .T. ) ;
#5175 = DIRECTION ( 'NONE',  ( -8.474188266847760403E-16, -1.000000000000000000, -5.059242192088281016E-16 ) ) ;
#5176 = VECTOR ( 'NONE', #2209, 1000.000000000000000 ) ;
#5177 = VERTEX_POINT ( 'NONE', #5224 ) ;
#5178 = ORIENTED_EDGE ( 'NONE', *, *, #4668, .F. ) ;
#5179 = CARTESIAN_POINT ( 'NONE',  ( -7.099999999999999645, 5.750000000000000000, -6.692418261062771860E-15 ) ) ;
#5180 = DIRECTION ( 'NONE',  ( -0.8090169943751905901, 0.000000000000000000, 0.5877852522921384049 ) ) ;
#5181 = CIRCLE ( 'NONE', #648, 6.112197999999997577 ) ;
#5182 = ORIENTED_EDGE ( 'NONE', *, *, #1945, .T. ) ;
#5183 = DIRECTION ( 'NONE',  ( 0.000000000000000000, 0.000000000000000000, -1.000000000000000000 ) ) ;
#5184 = EDGE_LOOP ( 'NONE', ( #3283, #2097, #1303, #1301 ) ) ;
#5185 = AXIS2_PLACEMENT_3D ( 'NONE', #6045, #2199, #1733 ) ;
#5186 = CARTESIAN_POINT ( 'NONE',  ( 5.604935932989999259, -3.500000000000000000, 2.032854686956000023 ) ) ;
#5187 = ORIENTED_EDGE ( 'NONE', *, *, #3797, .T. ) ;
#5188 = CARTESIAN_POINT ( 'NONE',  ( -0.5773502691900000983, -1.000000000000000000, 0.000000000000000000 ) ) ;
#5189 = DIRECTION ( 'NONE',  ( -0.3090169943750425974, 0.000000000000000000, -0.9510565162951225560 ) ) ;
#5190 = ORIENTED_EDGE ( 'NONE', *, *, #3817, .F. ) ;
#5191 = DIRECTION ( 'NONE',  ( -8.016537962850999983E-16, 1.000000000000000000, -9.992007221626000628E-16 ) ) ;
#5192 = CARTESIAN_POINT ( 'NONE',  ( -1.252899961291999986, 5.910781918746999430, 7.394797810596999810 ) ) ;
#5193 = DIRECTION ( 'NONE',  ( 7.771561172376000134E-16, 1.000000000000000000, -7.771561172375990273E-16 ) ) ;
#5194 = CARTESIAN_POINT ( 'NONE',  ( -2.433101270462999732, 8.947183582312000283, 0.5839865992070000233 ) ) ;
#5195 = CYLINDRICAL_SURFACE ( 'NONE', #2133, 0.5550000000000000488 ) ;
#5196 = CARTESIAN_POINT ( 'NONE',  ( 1.396047266367000050, 8.720849473341999669, 7.369183129997999515 ) ) ;
#5197 = AXIS2_PLACEMENT_3D ( 'NONE', #1703, #2605, #247 ) ;
#5198 = PRODUCT ( 'GT2_Pully_20T_6mm.step', 'GT2_Pully_20T_6mm.step', '', ( #1380 ) ) ;
#5199 = EDGE_CURVE ( 'NONE', #756, #5055, #4238, .T. ) ;
#5200 = FACE_OUTER_BOUND ( 'NONE', #3041, .T. ) ;
#5201 = CARTESIAN_POINT ( 'NONE',  ( -7.275748129981999490, 7.643610486986000652, 1.820290560294000048 ) ) ;
#5202 = AXIS2_PLACEMENT_3D ( 'NONE', #1597, #146, #4464 ) ;
#5203 = EDGE_CURVE ( 'NONE', #356, #2155, #4749, .T. ) ;
#5204 = ORIENTED_EDGE ( 'NONE', *, *, #1981, .F. ) ;
#5205 = CARTESIAN_POINT ( 'NONE',  ( 1.303678741689999976, 5.965409178577000482, 7.386116211077999871 ) ) ;
#5206 = ORIENTED_EDGE ( 'NONE', *, *, #4272, .F. ) ;
#5207 = ORIENTED_EDGE ( 'NONE', *, *, #6124, .F. ) ;
#5208 = EDGE_CURVE ( 'NONE', #649, #5317, #875, .T. ) ;
#5209 = EDGE_CURVE ( 'NONE', #4956, #5983, #669, .T. ) ;
#5210 = AXIS2_PLACEMENT_3D ( 'NONE', #4867, #1430, #1974 ) ;
#5211 = CYLINDRICAL_SURFACE ( 'NONE', #1960, 0.1499999999999999944 ) ;
#5212 = AXIS2_PLACEMENT_3D ( 'NONE', #1484, #3252, #5764 ) ;
#5213 = EDGE_LOOP ( 'NONE', ( #5413, #1587, #2216, #4316, #2250 ) ) ;
#5214 = DIRECTION ( 'NONE',  ( -3.792461060763760146E-16, -1.000000000000000000, 8.088169506206880401E-16 ) ) ;
#5215 = ORIENTED_EDGE ( 'NONE', *, *, #2861, .F. ) ;
#5216 = EDGE_CURVE ( 'NONE', #5281, #2972, #1327, .T. ) ;
#5217 = CARTESIAN_POINT ( 'NONE',  ( 3.757595644535999924, 3.500000000000000000, 4.820730169109999963 ) ) ;
#5218 = ORIENTED_EDGE ( 'NONE', *, *, #4100, .T. ) ;
#5219 = EDGE_CURVE ( 'NONE', #6193, #4987, #2981, .T. ) ;
#5220 = DIRECTION ( 'NONE',  ( -6.047604644248999931E-16, 1.000000000000000000, -7.771561172376000134E-16 ) ) ;
#5221 = CARTESIAN_POINT ( 'NONE',  ( -3.885780586188000067E-16, 3.500000000000000000, -5.828670879282000051E-15 ) ) ;
#5222 = ORIENTED_EDGE ( 'NONE', *, *, #5478, .T. ) ;
#5223 = CARTESIAN_POINT ( 'NONE',  ( 3.787915702019000186, -3.500000000000000000, -4.615908076795999904 ) ) ;
#5224 = CARTESIAN_POINT ( 'NONE',  ( 3.020442298506000434, -3.500000000000000000, -4.829082085785000089 ) ) ;
#5225 = SHAPE_DEFINITION_REPRESENTATION ( #978, #118 ) ;
#5226 = EDGE_CURVE ( 'NONE', #5276, #2267, #3416, .T. ) ;
#5227 = CARTESIAN_POINT ( 'NONE',  ( -1.252899961291999986, 8.889218081253000392, 7.394797810596999810 ) ) ;
#5228 = CARTESIAN_POINT ( 'NONE',  ( -2.380034861612000174, 8.862011565709000394, 0.7669884399309999656 ) ) ;
#5229 = LINE ( 'NONE', #3866, #3613 ) ;
#5230 = CARTESIAN_POINT ( 'NONE',  ( 0.2400074242319999995, 9.436008929583000082, 7.496996563598000485 ) ) ;
#5231 = CARTESIAN_POINT ( 'NONE',  ( 1.675742877794000142E-15, 0.000000000000000000, -2.065741454089000229 ) ) ;
#5232 = ADVANCED_FACE ( 'NONE', ( #3862 ), #4843, .T. ) ;
#5233 = CARTESIAN_POINT ( 'NONE',  ( -7.494063229660000047, 9.422282308476999546, 0.3177355263180000056 ) ) ;
#5234 = ORIENTED_EDGE ( 'NONE', *, *, #164, .F. ) ;
#5235 = CARTESIAN_POINT ( 'NONE',  ( 1.679305627609999796, 6.569310917542000361, 7.310154674832999966 ) ) ;
#5236 = ORIENTED_EDGE ( 'NONE', *, *, #3708, .F. ) ;
#5237 = ORIENTED_EDGE ( 'NONE', *, *, #1769, .T. ) ;
#5238 = DIRECTION ( 'NONE',  ( -1.292281125508035802E-16, -1.000000000000000000, 6.652142707626950164E-16 ) ) ;
#5239 = CIRCLE ( 'NONE', #5347, 7.500000000000000000 ) ;
#5240 = EDGE_CURVE ( 'NONE', #5473, #2443, #5605, .T. ) ;
#5241 = CIRCLE ( 'NONE', #303, 0.1499999999999999944 ) ;
#5242 = CARTESIAN_POINT ( 'NONE',  ( -1.108679084215999926E-15, -3.500000000000000000, 1.914543905739000392E-15 ) ) ;
#5243 = ORIENTED_EDGE ( 'NONE', *, *, #116, .T. ) ;
#5244 = CARTESIAN_POINT ( 'NONE',  ( -0.9256537036670000607, -3.500000000000000000, -5.844347473592999442 ) ) ;
#5245 = VERTEX_POINT ( 'NONE', #2504 ) ;
#5246 = CIRCLE ( 'NONE', #310, 6.112198000000000242 ) ;
#5247 = DIRECTION ( 'NONE',  ( 1.450482588066811728E-15, 0.7071067811868638753, -0.7071067811862310482 ) ) ;
#5248 = EDGE_CURVE ( 'NONE', #1584, #2155, #1272, .T. ) ;
#5249 = ORIENTED_EDGE ( 'NONE', *, *, #3224, .T. ) ;
#5250 = AXIS2_PLACEMENT_3D ( 'NONE', #5914, #1566, #80 ) ;
#5251 = ORIENTED_EDGE ( 'NONE', *, *, #1893, .T. ) ;
#5252 = DIRECTION ( 'NONE',  ( 4.433606796715630336E-16, -1.000000000000000000, -4.358960100788315325E-16 ) ) ;
#5253 = AXIS2_PLACEMENT_3D ( 'NONE', #3049, #4443, #3907 ) ;
#5254 = ORIENTED_EDGE ( 'NONE', *, *, #5522, .T. ) ;
#5255 = DIRECTION ( 'NONE',  ( -0.5877852522921379608, 4.336808689942016750E-16, 0.8090169943751910342 ) ) ;
#5256 = FACE_OUTER_BOUND ( 'NONE', #3259, .T. ) ;
#5257 = VECTOR ( 'NONE', #2204, 1000.000000000000000 ) ;
#5258 =( NAMED_UNIT ( * ) SI_UNIT ( $, .STERADIAN. ) SOLID_ANGLE_UNIT ( ) );
#5259 = CYLINDRICAL_SURFACE ( 'NONE', #336, 6.112198000000000242 ) ;
#5260 = CARTESIAN_POINT ( 'NONE',  ( -2.291070945232999811, 8.712906877776001480, 1.004872414797000069 ) ) ;
#5261 = DIRECTION ( 'NONE',  ( 8.673617379884035472E-16, -4.336808689942017736E-16, -1.000000000000000000 ) ) ;
#5262 = CARTESIAN_POINT ( 'NONE',  ( 4.604819366229000011, -3.500000000000000000, -4.039133941280000251 ) ) ;
#5263 = AXIS2_PLACEMENT_3D ( 'NONE', #4498, #5956, #2508 ) ;
#5264 = CYLINDRICAL_SURFACE ( 'NONE', #856, 0.9999999999999995559 ) ;
#5265 =( GEOMETRIC_REPRESENTATION_CONTEXT ( 3 ) GLOBAL_UNCERTAINTY_ASSIGNED_CONTEXT ( ( #4842 ) ) GLOBAL_UNIT_ASSIGNED_CONTEXT ( ( #4032, #658, #4884 ) ) REPRESENTATION_CONTEXT ( 'NONE', 'WORKASPACE' ) );
#5266 = CARTESIAN_POINT ( 'NONE',  ( -7.378568853613000300, 8.784147176124999845, 1.344978778928000107 ) ) ;
#5267 = ORIENTED_EDGE ( 'NONE', *, *, #2767, .T. ) ;
#5268 = CARTESIAN_POINT ( 'NONE',  ( 1.604891679023999984, 6.410915408019000061, 7.326872125367000166 ) ) ;
#5269 = ORIENTED_EDGE ( 'NONE', *, *, #5219, .T. ) ;
#5270 = ORIENTED_EDGE ( 'NONE', *, *, #3350, .T. ) ;
#5271 = AXIS2_PLACEMENT_3D ( 'NONE', #2954, #4912, #3459 ) ;
#5272 = CARTESIAN_POINT ( 'NONE',  ( -2.083998275786999699, -3.500000000000000000, -5.745947752783999718 ) ) ;
#5273 = AXIS2_PLACEMENT_3D ( 'NONE', #5013, #3974, #5902 ) ;
#5274 = CARTESIAN_POINT ( 'NONE',  ( -1.612817730796999971, 7.050534272159999283, 1.910202020559000013 ) ) ;
#5275 = APPLICATION_CONTEXT ( 'automotive_design' ) ;
#5276 = VERTEX_POINT ( 'NONE', #969 ) ;
#5277 = CYLINDRICAL_SURFACE ( 'NONE', #6058, 0.1499999999999998834 ) ;
#5278 = ORIENTED_EDGE ( 'NONE', *, *, #2931, .F. ) ;
#5279 = ADVANCED_FACE ( 'NONE', ( #2039 ), #1539, .T. ) ;
#5280 = CARTESIAN_POINT ( 'NONE',  ( 5.873512833102999764, 3.500000000000000000, 1.691393328169000121 ) ) ;
#5281 = VERTEX_POINT ( 'NONE', #5885 ) ;
#5282 = AXIS2_PLACEMENT_3D ( 'NONE', #1677, #5521, #5076 ) ;
#5283 = ORIENTED_EDGE ( 'NONE', *, *, #396, .F. ) ;
#5284 = LINE ( 'NONE', #4745, #5042 ) ;
#5285 = ORIENTED_EDGE ( 'NONE', *, *, #2853, .F. ) ;
#5286 = DIRECTION ( 'NONE',  ( 0.9510565162951225560, 0.000000000000000000, 0.3090169943750425974 ) ) ;
#5287 = DIRECTION ( 'NONE',  ( -0.9510565162951234441, 0.000000000000000000, 0.3090169943750403769 ) ) ;
#5288 = VECTOR ( 'NONE', #1167, 1000.000000000000000 ) ;
#5289 = DIRECTION ( 'NONE',  ( 1.000000000000000000, 0.000000000000000000, 0.000000000000000000 ) ) ;
#5290 = EDGE_CURVE ( 'NONE', #6002, #3763, #3679, .T. ) ;
#5291 = DIRECTION ( 'NONE',  ( 0.5877852522921382938, 0.000000000000000000, -0.8090169943751908121 ) ) ;
#5292 = DIRECTION ( 'NONE',  ( -5.851721321710000488E-16, -1.000000000000000000, 1.540942540396989897E-16 ) ) ;
#5293 = DIRECTION ( 'NONE',  ( 1.392798170799555979E-17, -1.000000000000000000, 4.529477758377419813E-16 ) ) ;
#5294 = CARTESIAN_POINT ( 'NONE',  ( -0.3948740821140000468, -3.500000000000000000, 5.682180913094000196 ) ) ;
#5295 = EDGE_CURVE ( 'NONE', #1111, #5723, #5096, .T. ) ;
#5296 = EDGE_CURVE ( 'NONE', #2732, #1528, #2074, .T. ) ;
#5297 = CARTESIAN_POINT ( 'NONE',  ( -4.440892098501000082E-15, 3.500000000000000000, 2.664535259099999805E-15 ) ) ;
#5298 = FACE_OUTER_BOUND ( 'NONE', #3067, .T. ) ;
#5299 = DIRECTION ( 'NONE',  ( -0.9510565162951234441, 0.000000000000000000, 0.3090169943750403769 ) ) ;
#5300 = DIRECTION ( 'NONE',  ( 0.9510565162951234441, -8.673617379884039416E-16, -0.3090169943750403769 ) ) ;
#5301 = LINE ( 'NONE', #32, #1325 ) ;
#5302 = EDGE_LOOP ( 'NONE', ( #4540, #956, #3642, #5720 ) ) ;
#5303 = ORIENTED_EDGE ( 'NONE', *, *, #2309, .F. ) ;
#5304 = CARTESIAN_POINT ( 'NONE',  ( -3.787915702019000186, -3.500000000000000000, 4.615908076795999904 ) ) ;
#5305 = AXIS2_PLACEMENT_3D ( 'NONE', #4502, #657, #5359 ) ;
#5306 = CIRCLE ( 'NONE', #1987, 1.000000000000000000 ) ;
#5307 = PRODUCT ( 'GT2_Pulley_20T_6mm.step', 'GT2_Pulley_20T_6mm.step', '', ( #21 ) ) ;
#5308 = CARTESIAN_POINT ( 'NONE',  ( -9.381384558083001907E-16, 9.050000000000000711, 2.500000000000000000 ) ) ;
#5309 = ADVANCED_FACE ( 'NONE', ( #2534 ), #5322, .F. ) ;
#5310 = ORIENTED_EDGE ( 'NONE', *, *, #1145, .T. ) ;
#5311 = CARTESIAN_POINT ( 'NONE',  ( -1.380342898347999947, 3.500000000000000000, -5.526097986177999744 ) ) ;
#5312 = PRODUCT_DEFINITION_FORMATION_WITH_SPECIFIED_SOURCE ( 'ANY', '', #6163, .NOT_KNOWN. ) ;
#5313 = AXIS2_PLACEMENT_3D ( 'NONE', #1531, #76, #4395 ) ;
#5314 = ORIENTED_EDGE ( 'NONE', *, *, #1030, .T. ) ;
#5315 = LINE ( 'NONE', #103, #4805 ) ;
#5316 = AXIS2_PLACEMENT_3D ( 'NONE', #5463, #4109, #4513 ) ;
#5317 = VERTEX_POINT ( 'NONE', #2414 ) ;
#5318 = EDGE_LOOP ( 'NONE', ( #428, #3748, #3409, #5813 ) ) ;
#5319 = DIRECTION ( 'NONE',  ( 7.771561172376000134E-16, 1.000000000000000000, -7.771561172375990273E-16 ) ) ;
#5320 = ORIENTED_EDGE ( 'NONE', *, *, #3562, .T. ) ;
#5321 = DIRECTION ( 'NONE',  ( -4.440892098500999885E-16, -1.000000000000000000, 5.551115123126000625E-16 ) ) ;
#5322 = CYLINDRICAL_SURFACE ( 'NONE', #574, 0.5549999999999998268 ) ;
#5323 = ADVANCED_FACE ( 'NONE', ( #5918 ), #1953, .F. ) ;
#5324 = CARTESIAN_POINT ( 'NONE',  ( -2.020000000000000018, 2.473786534277653917E-16, -4.230000000000000426 ) ) ;
#5325 = CARTESIAN_POINT ( 'NONE',  ( -3.757595644535999924, -3.500000000000000000, 4.820730169109999963 ) ) ;
#5326 = DIRECTION ( 'NONE',  ( -2.220446049250000002E-16, -1.000000000000000000, 3.330669073875000249E-16 ) ) ;
#5327 = DIRECTION ( 'NONE',  ( 0.9510565162951234441, -1.301042606982605912E-15, 0.3090169943750403769 ) ) ;
#5328 = CARTESIAN_POINT ( 'NONE',  ( -1.060929122330655846E-15, 11.30000000000000071, 2.799999999999717826 ) ) ;
#5329 = CARTESIAN_POINT ( 'NONE',  ( -3.131282434201999809, -3.500000000000000000, 5.264412095235000422 ) ) ;
#5330 = DIRECTION ( 'NONE',  ( 0.000000000000000000, 0.000000000000000000, 1.000000000000000000 ) ) ;
#5331 = EDGE_CURVE ( 'NONE', #14, #917, #5402, .T. ) ;
#5332 = DIRECTION ( 'NONE',  ( -1.151671350877999811E-15, 8.095376221225100103E-16, 1.000000000000000000 ) ) ;
#5333 = CARTESIAN_POINT ( 'NONE',  ( -8.670841822322000211E-15, -4.700000000000000178, -1.365574320289000013E-15 ) ) ;
#5334 = VERTEX_POINT ( 'NONE', #4903 ) ;
#5335 = CARTESIAN_POINT ( 'NONE',  ( 5.560519780239999932, 3.500000000000000000, 2.176127871379999856 ) ) ;
#5336 = CARTESIAN_POINT ( 'NONE',  ( -1.592803660128000010, 6.967843887548000659, 1.926949092778999839 ) ) ;
#5337 = ORIENTED_EDGE ( 'NONE', *, *, #5248, .F. ) ;
#5338 = DIRECTION ( 'NONE',  ( -7.539610350354999382E-17, 1.000000000000000000, -9.992007221626000628E-16 ) ) ;
#5339 = EDGE_LOOP ( 'NONE', ( #2369, #1460 ) ) ;
#5340 = CARTESIAN_POINT ( 'NONE',  ( 0.9256537036670000607, -3.500000000000000000, -5.844347473592999442 ) ) ;
#5341 = VECTOR ( 'NONE', #159, 1000.000000000000000 ) ;
#5342 = EDGE_LOOP ( 'NONE', ( #3254, #3468, #3320, #4362 ) ) ;
#5343 = VERTEX_POINT ( 'NONE', #1508 ) ;
#5344 = CYLINDRICAL_SURFACE ( 'NONE', #5250, 1.000000000000000000 ) ;
#5345 = EDGE_LOOP ( 'NONE', ( #3470, #4800, #142, #412 ) ) ;
#5346 = CARTESIAN_POINT ( 'NONE',  ( -2.179741798898000127, 8.509223479682999525, -1.227698548225999886 ) ) ;
#5347 = AXIS2_PLACEMENT_3D ( 'NONE', #3386, #5319, #998 ) ;
#5348 = AXIS2_PLACEMENT_3D ( 'NONE', #241, #4590, #4559 ) ;
#5349 = CARTESIAN_POINT ( 'NONE',  ( 5.264412095235000422, -3.500000000000000000, 3.131282434201999809 ) ) ;
#5350 = CONTEXT_DEPENDENT_SHAPE_REPRESENTATION ( #640, #4342 ) ;
#5351 = CIRCLE ( 'NONE', #711, 0.1500000000000001332 ) ;
#5352 = CIRCLE ( 'NONE', #6165, 0.9999999999999995559 ) ;
#5353 = DIRECTION ( 'NONE',  ( 0.5877852522921378498, -5.676267280532491694E-16, -0.8090169943751909232 ) ) ;
#5354 = CYLINDRICAL_SURFACE ( 'NONE', #10, 0.1499999999999999667 ) ;
#5355 = DIRECTION ( 'NONE',  ( -2.446747080494690140E-16, -1.000000000000000000, 5.995138749812960544E-16 ) ) ;
#5356 = DIRECTION ( 'NONE',  ( 0.3090169943750403769, -4.336808689942019708E-16, 0.9510565162951234441 ) ) ;
#5357 = LINE ( 'NONE', #4972, #4270 ) ;
#5358 = ADVANCED_FACE ( 'NONE', ( #1002 ), #4372, .F. ) ;
#5359 = DIRECTION ( 'NONE',  ( 0.8090169943751908121, 0.000000000000000000, -0.5877852522921382938 ) ) ;
#5360 = CYLINDRICAL_SURFACE ( 'NONE', #835, 1.000000000000000222 ) ;
#5361 = AXIS2_PLACEMENT_3D ( 'NONE', #4971, #2567, #5356 ) ;
#5362 = CARTESIAN_POINT ( 'NONE',  ( 1.380342898347999947, -3.500000000000000000, 5.526097986177999744 ) ) ;
#5363 = DIRECTION ( 'NONE',  ( -3.172031972967880239E-16, -1.000000000000000000, 4.582850377723630077E-16 ) ) ;
#5364 = ORIENTED_EDGE ( 'NONE', *, *, #3246, .T. ) ;
#5365 = FACE_OUTER_BOUND ( 'NONE', #5838, .T. ) ;
#5366 = VECTOR ( 'NONE', #4634, 1000.000000000000000 ) ;
#5367 = CARTESIAN_POINT ( 'NONE',  ( -1.983857560696999922, 6.753401732874999119, -1.522168681668000012 ) ) ;
#5368 = DIRECTION ( 'NONE',  ( 0.8090169943751908121, 0.000000000000000000, -0.5877852522921382938 ) ) ;
#5369 = AXIS2_PLACEMENT_3D ( 'NONE', #218, #1256, #4094 ) ;
#5370 = ORIENTED_EDGE ( 'NONE', *, *, #4631, .T. ) ;
#5371 = FACE_OUTER_BOUND ( 'NONE', #5184, .T. ) ;
#5372 = VERTEX_POINT ( 'NONE', #5822 ) ;
#5373 = MANIFOLD_SOLID_BREP ( 'M4x5-Screw028[1]', #1722 ) ;
#5374 = CARTESIAN_POINT ( 'NONE',  ( -5.682180913094000196, 3.500000000000000000, 0.3948740821140000468 ) ) ;
#5375 = ORIENTED_EDGE ( 'NONE', *, *, #4067, .F. ) ;
#5376 = ORIENTED_EDGE ( 'NONE', *, *, #612, .T. ) ;
#5377 = CARTESIAN_POINT ( 'NONE',  ( -5.844347473592999442, -3.500000000000000000, 0.9256537036670000607 ) ) ;
#5378 = ORIENTED_EDGE ( 'NONE', *, *, #2537, .T. ) ;
#5379 = EDGE_CURVE ( 'NONE', #2942, #4419, #2284, .T. ) ;
#5380 = CARTESIAN_POINT ( 'NONE',  ( -2.500000000000000000, 9.050000000000000711, -1.060818100028999884E-14 ) ) ;
#5381 = CONICAL_SURFACE ( 'NONE', #3361, 1.154700538379000108, 0.7853981633970000820 ) ;
#5382 = DIRECTION ( 'NONE',  ( 1.952443666665499853E-16, -1.000000000000000000, 1.005085555526131905E-15 ) ) ;
#5383 = CARTESIAN_POINT ( 'NONE',  ( 2.664535259099999805E-15, -3.500000000000000000, 4.662936703425999835E-15 ) ) ;
#5384 = DIRECTION ( 'NONE',  ( 0.3090169943750425974, 0.000000000000000000, -0.9510565162951225560 ) ) ;
#5385 = DIRECTION ( 'NONE',  ( -0.7071067811868647635, 0.7071067811862301600, -9.420554752102736296E-16 ) ) ;
#5386 = EDGE_CURVE ( 'NONE', #5276, #4196, #3485, .T. ) ;
#5387 = DIRECTION ( 'NONE',  ( 8.137637229394920158E-17, -1.000000000000000000, 6.536891100602380010E-17 ) ) ;
#5388 = AXIS2_PLACEMENT_3D ( 'NONE', #3456, #4881, #4345 ) ;
#5389 = CARTESIAN_POINT ( 'NONE',  ( 4.702424197123000305, -3.500000000000000000, -3.665380152386999768 ) ) ;
#5390 = CARTESIAN_POINT ( 'NONE',  ( -0.2013392410339999994, 3.500000000000000000, -5.958797487851000163 ) ) ;
#5391 = DIRECTION ( 'NONE',  ( -8.881784197000999888E-16, -1.000000000000000000, -4.440892098500999885E-16 ) ) ;
#5392 = DIRECTION ( 'NONE',  ( 0.8090169943751908121, 0.000000000000000000, -0.5877852522921382938 ) ) ;
#5393 = CARTESIAN_POINT ( 'NONE',  ( 5.777650869670999612, 3.500000000000000000, 1.507867092026000000 ) ) ;
#5394 = ORIENTED_EDGE ( 'NONE', *, *, #904, .F. ) ;
#5395 = DIRECTION ( 'NONE',  ( -1.850371707709000234E-15, 6.938893903907228378E-16, 1.000000000000000000 ) ) ;
#5396 = CARTESIAN_POINT ( 'NONE',  ( -2.497319696701988612, 5.754061463230015327, -0.1493671122921504946 ) ) ;
#5397 = CARTESIAN_POINT ( 'NONE',  ( -7.377555541878000334, 8.778387556012001269, -1.351336841308999892 ) ) ;
#5398 = EDGE_LOOP ( 'NONE', ( #2524, #5254, #5025, #4613 ) ) ;
#5399 = DIRECTION ( 'NONE',  ( -1.000000000000000000, 0.000000000000000000, 0.000000000000000000 ) ) ;
#5400 = ORIENTED_EDGE ( 'NONE', *, *, #6124, .T. ) ;
#5401 = AXIS2_PLACEMENT_3D ( 'NONE', #5390, #123, #2511 ) ;
#5402 = CIRCLE ( 'NONE', #5909, 0.1499999999999999944 ) ;
#5403 = CARTESIAN_POINT ( 'NONE',  ( -0.9256537036670000607, 3.500000000000000000, 5.844347473592999442 ) ) ;
#5404 = ORIENTED_EDGE ( 'NONE', *, *, #5296, .T. ) ;
#5406 = VERTEX_POINT ( 'NONE', #5982 ) ;
#5405 = EDGE_CURVE ( 'NONE', #985, #4617, #5002, .T. ) ;
#5407 = CARTESIAN_POINT ( 'NONE',  ( -4.939112670297999941, -3.500000000000000000, 3.339606417124999727 ) ) ;
#5408 = ORIENTED_EDGE ( 'NONE', *, *, #2169, .F. ) ;
#5409 = DIRECTION ( 'NONE',  ( -1.824065275806999765E-16, 1.000000000000000000, -1.665334536937999819E-16 ) ) ;
#5410 = AXIS2_PLACEMENT_3D ( 'NONE', #51, #1980, #3896 ) ;
#5411 = DIRECTION ( 'NONE',  ( 0.000000000000000000, 0.000000000000000000, -1.000000000000000000 ) ) ;
#5412 = ADVANCED_FACE ( 'NONE', ( #4145 ), #734, .T. ) ;
#5413 = ORIENTED_EDGE ( 'NONE', *, *, #116, .F. ) ;
#5414 = CARTESIAN_POINT ( 'NONE',  ( 3.857174642557162313E-15, 11.29999999999999893, -2.500000000000018652 ) ) ;
#5415 = EDGE_CURVE ( 'NONE', #2832, #4401, #3849, .T. ) ;
#5416 = CYLINDRICAL_SURFACE ( 'NONE', #2822, 0.1499999999999998834 ) ;
#5417 = FACE_OUTER_BOUND ( 'NONE', #318, .T. ) ;
#5418 = VERTEX_POINT ( 'NONE', #4586 ) ;
#5419 = DIRECTION ( 'NONE',  ( 1.110223024624999878E-16, -1.000000000000000000, 1.551559350114999894E-31 ) ) ;
#5420 = CARTESIAN_POINT ( 'NONE',  ( -4.615908076795999904, 3.500000000000000000, 3.787915702019000186 ) ) ;
#5421 = EDGE_CURVE ( 'NONE', #78, #1949, #5470, .T. ) ;
#5422 = DIRECTION ( 'NONE',  ( -7.539610350354999382E-17, 1.000000000000000000, -9.992007221626000628E-16 ) ) ;
#5423 = DIRECTION ( 'NONE',  ( 0.8090169943751910342, -4.336808689942016750E-16, -0.5877852522921379608 ) ) ;
#5424 = DIRECTION ( 'NONE',  ( -8.881144413637390876E-16, -1.000000000000000000, -2.778844884289169681E-16 ) ) ;
#5425 = DIRECTION ( 'NONE',  ( -2.355138688026386160E-16, 0.7071067811862306041, 0.7071067811868643194 ) ) ;
#5426 = ORIENTED_EDGE ( 'NONE', *, *, #928, .F. ) ;
#5427 = CARTESIAN_POINT ( 'NONE',  ( -4.829082085785000089, -3.500000000000000000, -3.020442298506000434 ) ) ;
#5428 = CARTESIAN_POINT ( 'NONE',  ( -2.179858445910999976, 6.290520132347000803, -1.227523822807000231 ) ) ;
#5429 = CYLINDRICAL_SURFACE ( 'NONE', #144, 0.9999999999999995559 ) ;
#5430 = VERTEX_POINT ( 'NONE', #5438 ) ;
#5431 = FACE_OUTER_BOUND ( 'NONE', #1236, .T. ) ;
#5432 = EDGE_CURVE ( 'NONE', #4397, #3680, #1890, .T. ) ;
#5433 = ORIENTED_EDGE ( 'NONE', *, *, #2514, .F. ) ;
#5434 = ORIENTED_EDGE ( 'NONE', *, *, #4929, .F. ) ;
#5435 = DIRECTION ( 'NONE',  ( -0.8090169943751909232, -2.838133640266245847E-16, -0.5877852522921378498 ) ) ;
#5436 = VERTEX_POINT ( 'NONE', #1723 ) ;
#5437 = AXIS2_PLACEMENT_3D ( 'NONE', #6022, #274, #2202 ) ;
#5438 = CARTESIAN_POINT ( 'NONE',  ( -5.777650869670999612, -3.500000000000000000, -1.507867092026000000 ) ) ;
#5439 = EDGE_CURVE ( 'NONE', #741, #2125, #4499, .T. ) ;
#5440 = ORIENTED_EDGE ( 'NONE', *, *, #938, .T. ) ;
#5441 = CARTESIAN_POINT ( 'NONE',  ( -5.958797487851000163, -3.500000000000000000, 0.2013392410339999994 ) ) ;
#5442 = AXIS2_PLACEMENT_3D ( 'NONE', #1189, #2687, #333 ) ;
#5443 = DIRECTION ( 'NONE',  ( 2.838796142837000101E-16, 1.000000000000000000, -2.775557561563000312E-16 ) ) ;
#5444 = DIRECTION ( 'NONE',  ( 7.771561172376000134E-16, 1.000000000000000000, -7.771561172375990273E-16 ) ) ;
#5445 = ORIENTED_EDGE ( 'NONE', *, *, #2992, .F. ) ;
#5446 = CARTESIAN_POINT ( 'NONE',  ( 5.560519780239999932, -3.500000000000000000, -2.176127871379999856 ) ) ;
#5447 = DIRECTION ( 'NONE',  ( 1.392798170799555979E-17, -1.000000000000000000, 4.529477758377419813E-16 ) ) ;
#5448 = DIRECTION ( 'NONE',  ( 1.624174526069380024E-17, -1.000000000000000000, -4.921092136786170288E-16 ) ) ;
#5449 = FACE_OUTER_BOUND ( 'NONE', #6016, .T. ) ;
#5450 = DIRECTION ( 'NONE',  ( 0.000000000000000000, 0.000000000000000000, 1.000000000000000000 ) ) ;
#5451 = LINE ( 'NONE', #3080, #2818 ) ;
#5452 = DIRECTION ( 'NONE',  ( 7.771561172376000134E-16, 1.000000000000000000, -7.771561172376009994E-16 ) ) ;
#5453 = AXIS2_PLACEMENT_3D ( 'NONE', #2406, #41, #2523 ) ;
#5454 = AXIS2_PLACEMENT_3D ( 'NONE', #2113, #1171, #1994 ) ;
#5455 = EDGE_CURVE ( 'NONE', #599, #6142, #1157, .T. ) ;
#5456 = EDGE_LOOP ( 'NONE', ( #5903, #4728, #33, #731 ) ) ;
#5457 = DIRECTION ( 'NONE',  ( -7.539610350354999382E-17, 1.000000000000000000, -9.992007221626000628E-16 ) ) ;
#5458 = CARTESIAN_POINT ( 'NONE',  ( -7.386116211077999871, 8.834590821423001117, -1.303678741689999976 ) ) ;
#5459 = ORIENTED_EDGE ( 'NONE', *, *, #1496, .T. ) ;
#5460 = EDGE_CURVE ( 'NONE', #1911, #985, #3068, .T. ) ;
#5461 = ORIENTED_EDGE ( 'NONE', *, *, #3731, .T. ) ;
#5462 = AXIS2_PLACEMENT_3D ( 'NONE', #2830, #981, #4760 ) ;
#5463 = CARTESIAN_POINT ( 'NONE',  ( 5.974372913993000189, -3.500000000000000000, -1.351233760588000044 ) ) ;
#5464 = ORIENTED_EDGE ( 'NONE', *, *, #396, .T. ) ;
#5465 = ORIENTED_EDGE ( 'NONE', *, *, #382, .F. ) ;
#5466 = CARTESIAN_POINT ( 'NONE',  ( -5.063373370888999858, -3.500000000000000000, 3.423625928481999647 ) ) ;
#5467 = EDGE_LOOP ( 'NONE', ( #5786, #3356, #1117, #45 ) ) ;
#5468 = ADVANCED_FACE ( 'NONE', ( #237 ), #4992, .F. ) ;
#5469 = AXIS2_PLACEMENT_3D ( 'NONE', #2104, #6074, #2563 ) ;
#5470 = LINE ( 'NONE', #5532, #1278 ) ;
#5471 = EDGE_CURVE ( 'NONE', #4401, #6142, #5788, .T. ) ;
#5472 = EDGE_CURVE ( 'NONE', #5372, #6212, #2986, .T. ) ;
#5473 = VERTEX_POINT ( 'NONE', #4650 ) ;
#5474 = LINE ( 'NONE', #1280, #5068 ) ;
#5475 = CIRCLE ( 'NONE', #4068, 7.299999999999999822 ) ;
#5476 = CARTESIAN_POINT ( 'NONE',  ( 1.351233760588000044, -3.500000000000000000, -5.974372913993000189 ) ) ;
#5477 = CARTESIAN_POINT ( 'NONE',  ( 4.184090831422999202, 3.500000000000000000, -4.184090831422999202 ) ) ;
#5478 = EDGE_CURVE ( 'NONE', #1709, #2242, #3895, .T. ) ;
#5479 = ORIENTED_EDGE ( 'NONE', *, *, #5421, .T. ) ;
#5480 = CARTESIAN_POINT ( 'NONE',  ( -3.020442298506000434, -3.500000000000000000, 4.829082085785000089 ) ) ;
#5481 = CYLINDRICAL_SURFACE ( 'NONE', #2865, 1.650000000000000355 ) ;
#5482 = CONICAL_SURFACE ( 'NONE', #449, 2.049999999999999822, 0.7853981633970000820 ) ;
#5483 = CARTESIAN_POINT ( 'NONE',  ( -2.032854686956000023, 3.500000000000000000, 5.604935932989999259 ) ) ;
#5484 = CYLINDRICAL_SURFACE ( 'NONE', #3514, 1.000000000000000222 ) ;
#5485 = CARTESIAN_POINT ( 'NONE',  ( 0.1601281538043842767, 0.000000000000000000, -2.620441650315000093 ) ) ;
#5486 = EDGE_CURVE ( 'NONE', #47, #5245, #3758, .T. ) ;
#5487 = EDGE_LOOP ( 'NONE', ( #932, #4252, #1748, #5911 ) ) ;
#5488 = FACE_OUTER_BOUND ( 'NONE', #4712, .T. ) ;
#5489 = AXIS2_PLACEMENT_3D ( 'NONE', #5797, #1483, #1008 ) ;
#5490 = CARTESIAN_POINT ( 'NONE',  ( -2.484066421204979225, 5.774184450305032357, -0.2963295592441450022 ) ) ;
#5491 = EDGE_CURVE ( 'NONE', #363, #5723, #2377, .T. ) ;
#5492 = CARTESIAN_POINT ( 'NONE',  ( -7.310154674832999966, 8.230689082459001327, -1.679305627609999796 ) ) ;
#5493 = ORIENTED_EDGE ( 'NONE', *, *, #1425, .F. ) ;
#5494 = EDGE_LOOP ( 'NONE', ( #1688, #3993, #4258, #4791 ) ) ;
#5495 = CARTESIAN_POINT ( 'NONE',  ( 3.659361984642999666, -3.500000000000000000, 4.364879761826999882 ) ) ;
#5496 = VERTEX_POINT ( 'NONE', #5657 ) ;
#5497 = ORIENTED_EDGE ( 'NONE', *, *, #5009, .F. ) ;
#5498 = CARTESIAN_POINT ( 'NONE',  ( -0.5773502691895310290, -1.000000000000017986, 2.192862159962915130E-13 ) ) ;
#5499 = VECTOR ( 'NONE', #1750, 1000.000000000000000 ) ;
#5500 = VERTEX_POINT ( 'NONE', #896 ) ;
#5501 = DIRECTION ( 'NONE',  ( 0.000000000000000000, 0.000000000000000000, -1.000000000000000000 ) ) ;
#5502 = EDGE_CURVE ( 'NONE', #3308, #5057, #4229, .T. ) ;
#5503 = AXIS2_PLACEMENT_3D ( 'NONE', #3964, #1990, #3904 ) ;
#5504 = EDGE_CURVE ( 'NONE', #5057, #4937, #2582, .T. ) ;
#5505 = AXIS2_PLACEMENT_3D ( 'NONE', #5162, #3734, #4717 ) ;
#5506 = ORIENTED_EDGE ( 'NONE', *, *, #345, .F. ) ;
#5507 = CARTESIAN_POINT ( 'NONE',  ( 5.844347473592999442, -3.500000000000000000, -0.9256537036670000607 ) ) ;
#5508 = DIRECTION ( 'NONE',  ( -8.881144413637390876E-16, -1.000000000000000000, -2.778844884289169681E-16 ) ) ;
#5509 = CARTESIAN_POINT ( 'NONE',  ( 2.032854686956000023, -3.500000000000000000, 5.604935932989999259 ) ) ;
#5510 = EDGE_LOOP ( 'NONE', ( #2336, #286, #999, #2704, #6073 ) ) ;
#5511 = DIRECTION ( 'NONE',  ( 8.662187989232919806E-17, -1.000000000000000000, 1.029233346467061859E-16 ) ) ;
#5512 = VECTOR ( 'NONE', #11, 1000.000000000000000 ) ;
#5513 = CARTESIAN_POINT ( 'NONE',  ( 2.418477214851999957, -3.500000000000000000, -5.627604495026999665 ) ) ;
#5514 = CARTESIAN_POINT ( 'NONE',  ( -3.423625928481999647, -3.500000000000000000, -5.063373370888999858 ) ) ;
#5515 = LINE ( 'NONE', #2201, #5771 ) ;
#5516 = CONICAL_SURFACE ( 'NONE', #5212, 1.154700538379000108, 0.7853981633970000820 ) ;
#5517 = CARTESIAN_POINT ( 'NONE',  ( 3.219459129871999892, 3.500000000000000000, -5.028915951783999638 ) ) ;
#5518 = CARTESIAN_POINT ( 'NONE',  ( 1.585017348197000020, 7.859368504664999477, 1.933348222284000162 ) ) ;
#5519 = DIRECTION ( 'NONE',  ( 1.000000000000000000, 0.000000000000000000, 0.000000000000000000 ) ) ;
#5520 = ORIENTED_EDGE ( 'NONE', *, *, #4434, .F. ) ;
#5521 = DIRECTION ( 'NONE',  ( 1.110223024625029953E-16, -1.000000000000000000, 3.330669073875005179E-16 ) ) ;
#5522 = EDGE_CURVE ( 'NONE', #2396, #1655, #3584, .T. ) ;
#5523 = DIRECTION ( 'NONE',  ( -5.406247080330000210E-16, 1.000000000000000000, -4.440892098500999885E-16 ) ) ;
#5524 = DIRECTION ( 'NONE',  ( 7.771561172376000134E-16, 1.000000000000000000, -7.771561172375990273E-16 ) ) ;
#5525 = VERTEX_POINT ( 'NONE', #794 ) ;
#5526 = ORIENTED_EDGE ( 'NONE', *, *, #663, .F. ) ;
#5527 = FACE_OUTER_BOUND ( 'NONE', #3614, .T. ) ;
#5528 = CARTESIAN_POINT ( 'NONE',  ( -1.063949543572031198, -0.1571853338430092839, -0.09075099480705028920 ) ) ;
#5529 = ORIENTED_EDGE ( 'NONE', *, *, #4163, .F. ) ;
#5530 = CARTESIAN_POINT ( 'NONE',  ( -4.604819366229000011, 3.500000000000000000, 4.039133941280000251 ) ) ;
#5531 = ORIENTED_EDGE ( 'NONE', *, *, #5569, .F. ) ;
#5532 = CARTESIAN_POINT ( 'NONE',  ( 1.380342898347999947, -3.500000000000000000, 5.526097986177999744 ) ) ;
#5533 = ORIENTED_EDGE ( 'NONE', *, *, #1112, .F. ) ;
#5534 = LINE ( 'NONE', #2657, #3547 ) ;
#5535 = CARTESIAN_POINT ( 'NONE',  ( -3.787915702019000186, -3.500000000000000000, -4.615908076795999904 ) ) ;
#5536 = DIRECTION ( 'NONE',  ( -4.440892098500999885E-16, -1.000000000000000000, 3.330669073875000249E-16 ) ) ;
#5537 = ORIENTED_EDGE ( 'NONE', *, *, #930, .F. ) ;
#5538 = CARTESIAN_POINT ( 'NONE',  ( -0.2013392410339999994, -3.500000000000000000, 5.958797487851000163 ) ) ;
#5539 = DIRECTION ( 'NONE',  ( 0.3090169943750400994, -4.257200460399371236E-16, -0.9510565162951234441 ) ) ;
#5540 = DIRECTION ( 'NONE',  ( 1.000000000000000000, 0.000000000000000000, 0.000000000000000000 ) ) ;
#5541 = AXIS2_PLACEMENT_3D ( 'NONE', #6249, #1383, #467 ) ;
#5542 = VECTOR ( 'NONE', #2052, 1000.000000000000000 ) ;
#5543 = CARTESIAN_POINT ( 'NONE',  ( -1.780500772034999901, 7.908072868190001437, 7.285730515109000827 ) ) ;
#5544 = CYLINDRICAL_SURFACE ( 'NONE', #5437, 0.9999999999999995559 ) ;
#5545 = DIRECTION ( 'NONE',  ( 7.771561172376000134E-16, 1.000000000000000000, -7.771561172375990273E-16 ) ) ;
#5546 = DIRECTION ( 'NONE',  ( -5.256737805990323064E-16, 1.000000000000000000, -6.661338147750997421E-16 ) ) ;
#5547 = EDGE_LOOP ( 'NONE', ( #5744, #5314, #2808, #4331 ) ) ;
#5548 = AXIS2_PLACEMENT_3D ( 'NONE', #5377, #5845, #4959 ) ;
#5549 = ADVANCED_FACE ( 'NONE', ( #3693 ), #1843, .T. ) ;
#5550 = CIRCLE ( 'NONE', #1317, 0.1499999999999998834 ) ;
#5551 = CARTESIAN_POINT ( 'NONE',  ( 0.5773502691900000983, 1.000000000000000000, -2.024834468762999773 ) ) ;
#5552 = DIRECTION ( 'NONE',  ( -0.9510565162951235552, 0.000000000000000000, -0.3090169943750399328 ) ) ;
#5553 = CIRCLE ( 'NONE', #1927, 1.000000000000000000 ) ;
#5554 = ADVANCED_FACE ( 'NONE', ( #3726 ), #5628, .T. ) ;
#5555 = VECTOR ( 'NONE', #2255, 1000.000000000000000 ) ;
#5556 = FACE_OUTER_BOUND ( 'NONE', #1462, .T. ) ;
#5557 = ORIENTED_EDGE ( 'NONE', *, *, #767, .T. ) ;
#5558 = ORIENTED_EDGE ( 'NONE', *, *, #6136, .T. ) ;
#5559 = ADVANCED_FACE ( 'NONE', ( #3790 ), #5690, .T. ) ;
#5560 = AXIS2_PLACEMENT_3D ( 'NONE', #2980, #1636, #1603 ) ;
#5561 = CARTESIAN_POINT ( 'NONE',  ( -0.5610830881120000280, -3.500000000000000000, -6.099520486024999855 ) ) ;
#5562 = CIRCLE ( 'NONE', #5263, 6.112198000000001130 ) ;
#5563 = ORIENTED_EDGE ( 'NONE', *, *, #6136, .F. ) ;
#5564 = DIRECTION ( 'NONE',  ( 1.224646799147353207E-16, -1.000000000000000000, 0.000000000000000000 ) ) ;
#5565 = ORIENTED_EDGE ( 'NONE', *, *, #3662, .T. ) ;
#5566 = AXIS2_PLACEMENT_3D ( 'NONE', #4607, #690, #2151 ) ;
#5567 = ORIENTED_EDGE ( 'NONE', *, *, #6101, .T. ) ;
#5568 = DIRECTION ( 'NONE',  ( -0.9510565162951234441, 0.000000000000000000, 0.3090169943750404324 ) ) ;
#5569 = EDGE_CURVE ( 'NONE', #5177, #2964, #5597, .T. ) ;
#5570 = CARTESIAN_POINT ( 'NONE',  ( -5.745947752783999718, -3.500000000000000000, -2.083998275786999699 ) ) ;
#5571 = CARTESIAN_POINT ( 'NONE',  ( -4.314083075426999964E-32, -3.500000000000000000, 1.554312234475000050E-15 ) ) ;
#5572 = ORIENTED_EDGE ( 'NONE', *, *, #4356, .T. ) ;
#5573 = DIRECTION ( 'NONE',  ( -1.274316668078573885E-16, -1.000000000000000000, 4.255379698796005274E-16 ) ) ;
#5574 = AXIS2_PLACEMENT_3D ( 'NONE', #3602, #779, #2694 ) ;
#5575 = CARTESIAN_POINT ( 'NONE',  ( 4.884981308350999589E-15, -3.500000000000000000, 4.218847493575999539E-15 ) ) ;
#5576 = CARTESIAN_POINT ( 'NONE',  ( 0.000000000000000000, 0.000000000000000000, 0.000000000000000000 ) ) ;
#5577 = CIRCLE ( 'NONE', #1447, 1.000000000000000000 ) ;
#5578 = FACE_BOUND ( 'NONE', #4263, .T. ) ;
#5579 = CARTESIAN_POINT ( 'NONE',  ( -1.958599734187999930, 6.838286059209999657, 1.554026459663000015 ) ) ;
#5580 = CARTESIAN_POINT ( 'NONE',  ( 0.7610825177710001110, 5.934786275857999449, 2.381995923428999795 ) ) ;
#5581 = DIRECTION ( 'NONE',  ( -0.8090169943751908121, 0.000000000000000000, 0.5877852522921380718 ) ) ;
#5582 = EDGE_LOOP ( 'NONE', ( #4221, #3474, #5087, #1835 ) ) ;
#5583 = CIRCLE ( 'NONE', #3457, 6.112198000000001130 ) ;
#5584 = DIRECTION ( 'NONE',  ( -2.616826822693999873E-16, 1.000000000000000000, -8.326672684689000444E-16 ) ) ;
#5585 = EDGE_CURVE ( 'NONE', #3589, #5639, #1369, .T. ) ;
#5586 = DIRECTION ( 'NONE',  ( 1.000000000000000000, 0.000000000000000000, 0.000000000000000000 ) ) ;
#5587 = AXIS2_PLACEMENT_3D ( 'NONE', #1997, #163, #2090 ) ;
#5588 = CARTESIAN_POINT ( 'NONE',  ( 7.072120666861999776E-15, 11.09999999999999964, -1.018074513581000051E-14 ) ) ;
#5589 = ORIENTED_EDGE ( 'NONE', *, *, #2807, .F. ) ;
#5590 = VERTEX_POINT ( 'NONE', #4180 ) ;
#5591 = CIRCLE ( 'NONE', #5997, 0.1499999999999998834 ) ;
#5592 = DIRECTION ( 'NONE',  ( -9.732182908003039023E-16, -1.000000000000000000, -8.166026383929639355E-16 ) ) ;
#5593 = EDGE_LOOP ( 'NONE', ( #1969, #1343, #1013, #5234 ) ) ;
#5594 = DIRECTION ( 'NONE',  ( -9.705107454703460192E-16, -1.000000000000000000, -7.516940583779200002E-16 ) ) ;
#5595 = EDGE_LOOP ( 'NONE', ( #1177, #2100, #153, #4832 ) ) ;
#5596 =( REPRESENTATION_RELATIONSHIP ('NONE','NONE', #2056, #4389 ) REPRESENTATION_RELATIONSHIP_WITH_TRANSFORMATION ( #4752 )SHAPE_REPRESENTATION_RELATIONSHIP( ) );
#5597 = LINE ( 'NONE', #2845, #271 ) ;
#5598 = ADVANCED_FACE ( 'NONE', ( #4681 ), #3288, .T. ) ;
#5599 = VERTEX_POINT ( 'NONE', #2346 ) ;
#5600 = CARTESIAN_POINT ( 'NONE',  ( 6.108711936043000001, -3.500000000000000000, -0.2064046357350000083 ) ) ;
#5601 = DIRECTION ( 'NONE',  ( 3.697785493223000194E-32, 1.000000000000000000, -1.110223024624999878E-16 ) ) ;
#5602 = LINE ( 'NONE', #3571, #1316 ) ;
#5603 = ORIENTED_EDGE ( 'NONE', *, *, #6160, .T. ) ;
#5604 = CYLINDRICAL_SURFACE ( 'NONE', #5155, 1.000000000000000000 ) ;
#5605 = CIRCLE ( 'NONE', #5202, 1.000000000000000222 ) ;
#5606 = DIRECTION ( 'NONE',  ( -0.5877852522921378498, 4.257200460399368771E-16, 0.8090169943751909232 ) ) ;
#5607 = CARTESIAN_POINT ( 'NONE',  ( 0.000000000000000000, 0.000000000000000000, 0.000000000000000000 ) ) ;
#5608 = CARTESIAN_POINT ( 'NONE',  ( -8.437694987150998803E-15, -4.400000000000000355, -1.598721155460000041E-15 ) ) ;
#5609 = CARTESIAN_POINT ( 'NONE',  ( -1.961110657151999837, 7.970108704912000519, 1.550855436724000169 ) ) ;
#5610 = CARTESIAN_POINT ( 'NONE',  ( -5.282052382155000281, -3.500000000000000000, -2.131438036170000050 ) ) ;
#5611 = VECTOR ( 'NONE', #1786, 1000.000000000000000 ) ;
#5612 = CARTESIAN_POINT ( 'NONE',  ( -0.9256537036670000607, -3.500000000000000000, -5.844347473592999442 ) ) ;
#5613 = VERTEX_POINT ( 'NONE', #2283 ) ;
#5614 = FACE_OUTER_BOUND ( 'NONE', #2935, .T. ) ;
#5615 = CIRCLE ( 'NONE', #3574, 0.1500000000000001332 ) ;
#5616 = CARTESIAN_POINT ( 'NONE',  ( -7.391206168983000424, 5.933501153195000377, 1.273727361198000008 ) ) ;
#5617 = VERTEX_POINT ( 'NONE', #5217 ) ;
#5618 = DIRECTION ( 'NONE',  ( -0.3090169943750403769, 4.336808689942019708E-16, 0.9510565162951234441 ) ) ;
#5619 = ORIENTED_EDGE ( 'NONE', *, *, #4081, .F. ) ;
#5620 = VERTEX_POINT ( 'NONE', #6138 ) ;
#5621 = EDGE_CURVE ( 'NONE', #2443, #2810, #1813, .T. ) ;
#5622 = DIRECTION ( 'NONE',  ( -1.240489192847999988E-15, 7.517135062566163747E-16, 1.000000000000000000 ) ) ;
#5623 = DIRECTION ( 'NONE',  ( -1.000000000000000000, 0.000000000000000000, 0.000000000000000000 ) ) ;
#5624 = ORIENTED_EDGE ( 'NONE', *, *, #3448, .T. ) ;
#5625 = CARTESIAN_POINT ( 'NONE',  ( 5.560519780239999932, -3.500000000000000000, -2.176127871379999856 ) ) ;
#5626 = VERTEX_POINT ( 'NONE', #6207 ) ;
#5627 = ADVANCED_FACE ( 'NONE', ( #2784 ), #1877, .F. ) ;
#5628 = CYLINDRICAL_SURFACE ( 'NONE', #5712, 0.1500000000000001332 ) ;
#5629 = VERTEX_POINT ( 'NONE', #5374 ) ;
#5630 = DIRECTION ( 'NONE',  ( 0.000000000000000000, -1.665334536938000065E-15, -1.000000000000000000 ) ) ;
#5631 = PLANE ( 'NONE',  #5951 ) ;
#5632 = ORIENTED_EDGE ( 'NONE', *, *, #3036, .F. ) ;
#5633 = DIRECTION ( 'NONE',  ( 0.000000000000000000, 0.000000000000000000, 1.000000000000000000 ) ) ;
#5634 = CARTESIAN_POINT ( 'NONE',  ( -1.391994889989000006, 6.074011898546999966, 7.369937189963000179 ) ) ;
#5635 = CARTESIAN_POINT ( 'NONE',  ( -0.8078089770809999681, 9.237287102580999942, 7.456481531122999939 ) ) ;
#5636 = CARTESIAN_POINT ( 'NONE',  ( -1.933348222284000162, 7.859368504664999477, 1.585017348197000020 ) ) ;
#5637 = DIRECTION ( 'NONE',  ( 8.137637229394920158E-17, -1.000000000000000000, 6.536891100602380010E-17 ) ) ;
#5638 = DIRECTION ( 'NONE',  ( 0.8090169943751908121, -4.336808689942017736E-16, -0.5877852522921380718 ) ) ;
#5639 = VERTEX_POINT ( 'NONE', #3852 ) ;
#5640 = FACE_OUTER_BOUND ( 'NONE', #1116, .T. ) ;
#5641 = AXIS2_PLACEMENT_3D ( 'NONE', #592, #2044, #5987 ) ;
#5642 = CIRCLE ( 'NONE', #2319, 0.9999999999999995559 ) ;
#5643 = CARTESIAN_POINT ( 'NONE',  ( -7.456468602482000385, 5.562780306312999912, 0.8079225296290000191 ) ) ;
#5644 = ORIENTED_EDGE ( 'NONE', *, *, #768, .T. ) ;
#5645 = DIRECTION ( 'NONE',  ( -1.850371707709000234E-15, 6.938893903907228378E-16, 1.000000000000000000 ) ) ;
#5646 = AXIS2_PLACEMENT_3D ( 'NONE', #4150, #740, #4654 ) ;
#5647 = ORIENTED_EDGE ( 'NONE', *, *, #2620, .F. ) ;
#5648 = VERTEX_POINT ( 'NONE', #4324 ) ;
#5649 = FACE_OUTER_BOUND ( 'NONE', #3688, .T. ) ;
#5650 = CIRCLE ( 'NONE', #611, 0.9999999999999994449 ) ;
#5651 = AXIS2_PLACEMENT_3D ( 'NONE', #2513, #5831, #1139 ) ;
#5652 = EDGE_CURVE ( 'NONE', #1159, #986, #5747, .T. ) ;
#5653 = ORIENTED_EDGE ( 'NONE', *, *, #1263, .T. ) ;
#5654 = CARTESIAN_POINT ( 'NONE',  ( -3.665380152386999768, -3.500000000000000000, 4.702424197123000305 ) ) ;
#5655 = ORIENTED_EDGE ( 'NONE', *, *, #349, .F. ) ;
#5656 = CIRCLE ( 'NONE', #5136, 0.1499999999999997724 ) ;
#5657 = CARTESIAN_POINT ( 'NONE',  ( 5.960829065173999908, -3.500000000000000000, 0.3513254827150000259 ) ) ;
#5658 = VECTOR ( 'NONE', #4748, 1000.000000000000000 ) ;
#5659 = ORIENTED_EDGE ( 'NONE', *, *, #171, .F. ) ;
#5660 = ADVANCED_FACE ( 'NONE', ( #4804 ), #3086, .T. ) ;
#5661 = CARTESIAN_POINT ( 'NONE',  ( -4.364879761826999882, -3.500000000000000000, 3.659361984642999666 ) ) ;
#5662 = FACE_OUTER_BOUND ( 'NONE', #3950, .T. ) ;
#5663 = ORIENTED_EDGE ( 'NONE', *, *, #6086, .F. ) ;
#5664 = CARTESIAN_POINT ( 'NONE',  ( 0.3948740821140000468, 3.500000000000000000, -5.682180913094000196 ) ) ;
#5665 = CIRCLE ( 'NONE', #2439, 0.1499999999999999667 ) ;
#5666 = DIRECTION ( 'NONE',  ( -9.623875507864408450E-17, -1.000000000000000000, 4.364530971015194927E-16 ) ) ;
#5667 = EDGE_CURVE ( 'NONE', #1270, #5983, #2091, .T. ) ;
#5668 = CARTESIAN_POINT ( 'NONE',  ( -1.348437482565000289, 8.781720068991999639, 7.378070076745999906 ) ) ;
#5669 = CIRCLE ( 'NONE', #3251, 1.000000000000000222 ) ;
#5670 = CARTESIAN_POINT ( 'NONE',  ( -1.878163997099000060, 7.319142486698999583, 1.649999999999999911 ) ) ;
#5671 = CARTESIAN_POINT ( 'NONE',  ( 0.5839866004539999711, 8.947183581744001302, 2.433101270107999703 ) ) ;
#5672 = CARTESIAN_POINT ( 'NONE',  ( -0.5773502691897800521, 0.9999999999996209699, 0.000000000000000000 ) ) ;
#5673 = CARTESIAN_POINT ( 'NONE',  ( 3.757595644535999924, -3.500000000000000000, 4.820730169109999963 ) ) ;
#5674 = VECTOR ( 'NONE', #291, 1000.000000000000000 ) ;
#5675 = CARTESIAN_POINT ( 'NONE',  ( -7.456568745906999141, 9.237735057040998399, 0.8069979423719999545 ) ) ;
#5676 = EDGE_CURVE ( 'NONE', #324, #5613, #3684, .T. ) ;
#5677 = VERTEX_POINT ( 'NONE', #3472 ) ;
#5678 = DIRECTION ( 'NONE',  ( 8.662187989232919806E-17, -1.000000000000000000, 1.029233346467061859E-16 ) ) ;
#5679 = AXIS2_PLACEMENT_3D ( 'NONE', #351, #2271, #5048 ) ;
#5680 = ORIENTED_EDGE ( 'NONE', *, *, #4294, .F. ) ;
#5681 = ORIENTED_EDGE ( 'NONE', *, *, #1490, .T. ) ;
#5682 = DIRECTION ( 'NONE',  ( 0.5877852522921379608, -4.336808689942016750E-16, -0.8090169943751910342 ) ) ;
#5683 = EDGE_CURVE ( 'NONE', #5913, #3940, #4500, .T. ) ;
#5684 = VECTOR ( 'NONE', #3844, 1000.000000000000000 ) ;
#5685 = CARTESIAN_POINT ( 'NONE',  ( -1.960607362116000063, 7.968446321586998948, -1.551492569231999852 ) ) ;
#5686 = EDGE_LOOP ( 'NONE', ( #3193, #4665, #5977, #487 ) ) ;
#5687 = CARTESIAN_POINT ( 'NONE',  ( 5.958797487851000163, 3.500000000000000000, 0.2013392410339999994 ) ) ;
#5688 = ORIENTED_EDGE ( 'NONE', *, *, #4179, .F. ) ;
#5689 = CIRCLE ( 'NONE', #3267, 6.112197999999997577 ) ;
#5690 = CYLINDRICAL_SURFACE ( 'NONE', #4403, 7.500000000000000000 ) ;
#5691 = DIRECTION ( 'NONE',  ( 0.000000000000000000, 0.000000000000000000, 1.000000000000000000 ) ) ;
#5692 = EDGE_LOOP ( 'NONE', ( #5218, #4803, #105, #3890 ) ) ;
#5693 = DIRECTION ( 'NONE',  ( -7.539610350354999382E-17, 1.000000000000000000, -9.992007221626000628E-16 ) ) ;
#5694 = DIRECTION ( 'NONE',  ( -0.3090169943750400994, 5.676267280532494653E-16, 0.9510565162951234441 ) ) ;
#5695 = ORIENTED_EDGE ( 'NONE', *, *, #1490, .F. ) ;
#5696 = DIRECTION ( 'NONE',  ( 0.5877852522921379608, -4.336808689942016750E-16, 0.8090169943751910342 ) ) ;
#5697 = EDGE_CURVE ( 'NONE', #3680, #4227, #550, .T. ) ;
#5698 = LINE ( 'NONE', #3296, #1583 ) ;
#5699 = DIRECTION ( 'NONE',  ( 1.000000000000000000, 0.000000000000000000, 0.000000000000000000 ) ) ;
#5700 = CYLINDRICAL_SURFACE ( 'NONE', #4359, 7.500000000000000000 ) ;
#5701 = CARTESIAN_POINT ( 'NONE',  ( -1.896603508759999945, 7.668893044370999945, 1.628829009381999926 ) ) ;
#5702 = DIRECTION ( 'NONE',  ( -1.824065275806999765E-16, 1.000000000000000000, -1.665334536937999819E-16 ) ) ;
#5703 = FACE_OUTER_BOUND ( 'NONE', #3463, .T. ) ;
#5704 = CARTESIAN_POINT ( 'NONE',  ( -4.615908076795999904, -3.500000000000000000, -3.787915702019000186 ) ) ;
#5705 = EDGE_CURVE ( 'NONE', #5777, #4956, #1687, .T. ) ;
#5706 = CARTESIAN_POINT ( 'NONE',  ( -7.390887059893000099, 8.864471784803001242, 1.275578135887999842 ) ) ;
#5707 = AXIS2_PLACEMENT_3D ( 'NONE', #2854, #1913, #2724 ) ;
#5708 = EDGE_LOOP ( 'NONE', ( #4865, #1308, #139, #5563 ) ) ;
#5709 = DIRECTION ( 'NONE',  ( -0.5877852522921382938, 0.000000000000000000, -0.8090169943751908121 ) ) ;
#5710 = EDGE_LOOP ( 'NONE', ( #2094, #3561, #5663, #6098 ) ) ;
#5711 = ORIENTED_EDGE ( 'NONE', *, *, #6239, .F. ) ;
#5712 = AXIS2_PLACEMENT_3D ( 'NONE', #5186, #1341, #4773 ) ;
#5713 = CARTESIAN_POINT ( 'NONE',  ( -1.165734175856000018E-15, -3.500000000000000000, 1.554312234475000050E-15 ) ) ;
#5714 = EDGE_CURVE ( 'NONE', #6033, #5343, #2487, .T. ) ;
#5715 = CARTESIAN_POINT ( 'NONE',  ( -0.8025674509989999539, 8.843024807633998563, 2.368382692705999659 ) ) ;
#5716 = VERTEX_POINT ( 'NONE', #3351 ) ;
#5717 = DIRECTION ( 'NONE',  ( -5.768888059151000584E-16, -1.000000000000000000, 0.000000000000000000 ) ) ;
#5718 = VERTEX_POINT ( 'NONE', #5780 ) ;
#5719 = DIRECTION ( 'NONE',  ( 3.745133725614000318E-16, 1.000000000000000000, -7.771561172376000134E-16 ) ) ;
#5720 = ORIENTED_EDGE ( 'NONE', *, *, #1724, .F. ) ;
#5721 = LINE ( 'NONE', #6108, #3121 ) ;
#5722 = CARTESIAN_POINT ( 'NONE',  ( 0.3513254827150000259, -3.500000000000000000, 5.960829065173999908 ) ) ;
#5723 = VERTEX_POINT ( 'NONE', #5280 ) ;
#5724 = DIRECTION ( 'NONE',  ( 4.990925003266860698E-16, -1.000000000000000000, 8.429208219132549697E-16 ) ) ;
#5725 = CARTESIAN_POINT ( 'NONE',  ( -1.302102309014000037, 5.963811267131999827, 7.386377587167999081 ) ) ;
#5726 = DIRECTION ( 'NONE',  ( 0.000000000000000000, 0.000000000000000000, 1.000000000000000000 ) ) ;
#5727 = CARTESIAN_POINT ( 'NONE',  ( -0.2394854812280000078, 9.436070055385000543, 7.497009685293999581 ) ) ;
#5728 = DIRECTION ( 'NONE',  ( -4.440892098500999885E-16, -1.000000000000000000, 3.330669073875000249E-16 ) ) ;
#5729 = CARTESIAN_POINT ( 'NONE',  ( 6.099520486024999855, 3.500000000000000000, 0.5610830881120000280 ) ) ;
#5730 = EDGE_CURVE ( 'NONE', #2732, #1643, #6018, .T. ) ;
#5731 = CARTESIAN_POINT ( 'NONE',  ( 1.109782093447999829, 9.026799777296998784, 7.417681892246999809 ) ) ;
#5732 = CARTESIAN_POINT ( 'NONE',  ( 3.659361984642999666, -3.500000000000000000, 4.364879761826999882 ) ) ;
#5733 = CARTESIAN_POINT ( 'NONE',  ( -7.499997537508000356, 9.449988515389998511, 0.08022857170415000072 ) ) ;
#5734 = FACE_OUTER_BOUND ( 'NONE', #384, .T. ) ;
#5735 = DIRECTION ( 'NONE',  ( 1.000000000000000000, 0.000000000000000000, 0.000000000000000000 ) ) ;
#5737 = EDGE_CURVE ( 'NONE', #6170, #2909, #4923, .T. ) ;
#5736 = ORIENTED_EDGE ( 'NONE', *, *, #1685, .T. ) ;
#5738 = ORIENTED_EDGE ( 'NONE', *, *, #5421, .F. ) ;
#5739 = DIRECTION ( 'NONE',  ( -6.813714695492999982E-16, 1.000000000000000000, -7.216449660064000690E-16 ) ) ;
#5740 = CIRCLE ( 'NONE', #1523, 1.000000000000000222 ) ;
#5741 = CARTESIAN_POINT ( 'NONE',  ( -1.585017348197000020, 6.940631495334999457, 1.933348222284000162 ) ) ;
#5742 = VERTEX_POINT ( 'NONE', #604 ) ;
#5743 = DIRECTION ( 'NONE',  ( -4.440892098500999885E-16, -1.000000000000000000, 5.551115123126000625E-16 ) ) ;
#5744 = ORIENTED_EDGE ( 'NONE', *, *, #5968, .T. ) ;
#5745 = AXIS2_PLACEMENT_3D ( 'NONE', #3786, #3815, #831 ) ;
#5746 = CIRCLE ( 'NONE', #2226, 7.299999999999999822 ) ;
#5747 = LINE ( 'NONE', #3382, #5512 ) ;
#5748 = ORIENTED_EDGE ( 'NONE', *, *, #1742, .F. ) ;
#5750 = ORIENTED_EDGE ( 'NONE', *, *, #714, .F. ) ;
#5749 = EDGE_CURVE ( 'NONE', #140, #1247, #5315, .T. ) ;
#5751 = DIRECTION ( 'NONE',  ( -2.446747080494690140E-16, -1.000000000000000000, 5.995138749812960544E-16 ) ) ;
#5752 = AXIS2_PLACEMENT_3D ( 'NONE', #4350, #1452, #3372 ) ;
#5753 = ORIENTED_EDGE ( 'NONE', *, *, #1283, .T. ) ;
#5754 = CARTESIAN_POINT ( 'NONE',  ( -4.829082085785000089, -3.500000000000000000, -3.020442298506000434 ) ) ;
#5755 = CARTESIAN_POINT ( 'NONE',  ( -0.6790546855230000789, 5.496873594108999228, 7.469465594773999406 ) ) ;
#5756 = CONICAL_SURFACE ( 'NONE', #6173, 2.309401076759000304, 1.031217286681000100 ) ;
#5757 = DIRECTION ( 'NONE',  ( 0.5877852522921382938, 0.000000000000000000, -0.8090169943751908121 ) ) ;
#5758 = CARTESIAN_POINT ( 'NONE',  ( -2.664535259099999805E-15, 3.500000000000000000, -4.662936703425999835E-15 ) ) ;
#5759 = CARTESIAN_POINT ( 'NONE',  ( -0.2064046357350000083, 3.500000000000000000, 6.108711936043000001 ) ) ;
#5760 = CARTESIAN_POINT ( 'NONE',  ( 0.7664742706120000193, 9.260137658705000163, 7.460929720560000256 ) ) ;
#5761 = VECTOR ( 'NONE', #2735, 1000.000000000000000 ) ;
#5762 = DIRECTION ( 'NONE',  ( -3.686931063464999882E-16, 1.000000000000000000, -3.885780586188000067E-16 ) ) ;
#5763 = EDGE_CURVE ( 'NONE', #3436, #5019, #5802, .T. ) ;
#5764 = DIRECTION ( 'NONE',  ( 1.000000000000000000, 0.000000000000000000, 0.000000000000000000 ) ) ;
#5765 = AXIS2_PLACEMENT_3D ( 'NONE', #4402, #2008, #3002 ) ;
#5766 = CARTESIAN_POINT ( 'NONE',  ( -5.526097986177999744, 3.500000000000000000, 1.380342898347999947 ) ) ;
#5767 = VERTEX_POINT ( 'NONE', #962 ) ;
#5768 = DIRECTION ( 'NONE',  ( 0.000000000000000000, 0.000000000000000000, 1.000000000000000000 ) ) ;
#5769 = ORIENTED_EDGE ( 'NONE', *, *, #631, .T. ) ;
#5770 = ORIENTED_EDGE ( 'NONE', *, *, #5133, .T. ) ;
#5771 = VECTOR ( 'NONE', #4568, 1000.000000000000000 ) ;
#5772 = CYLINDRICAL_SURFACE ( 'NONE', #2957, 0.9999999999999994449 ) ;
#5773 = AXIS2_PLACEMENT_3D ( 'NONE', #1632, #182, #239 ) ;
#5774 = FACE_OUTER_BOUND ( 'NONE', #222, .T. ) ;
#5775 = ORIENTED_EDGE ( 'NONE', *, *, #2050, .T. ) ;
#5776 = DIRECTION ( 'NONE',  ( -0.9510565162951234441, 0.000000000000000000, -0.3090169943750400994 ) ) ;
#5777 = VERTEX_POINT ( 'NONE', #4422 ) ;
#5778 = AXIS2_PLACEMENT_3D ( 'NONE', #3712, #5175, #858 ) ;
#5779 = EDGE_CURVE ( 'NONE', #5317, #6237, #2568, .T. ) ;
#5780 = CARTESIAN_POINT ( 'NONE',  ( -4.820730169109999963, -3.500000000000000000, 3.757595644535999924 ) ) ;
#5781 = EDGE_CURVE ( 'NONE', #5629, #3250, #6125, .T. ) ;
#5782 = ORIENTED_EDGE ( 'NONE', *, *, #4833, .F. ) ;
#5783 = CIRCLE ( 'NONE', #2362, 0.9999999999999995559 ) ;
#5784 = ORIENTED_EDGE ( 'NONE', *, *, #3606, .T. ) ;
#5785 = FACE_OUTER_BOUND ( 'NONE', #5487, .T. ) ;
#5786 = ORIENTED_EDGE ( 'NONE', *, *, #5905, .F. ) ;
#5787 = DIRECTION ( 'NONE',  ( 1.392798170799555979E-17, -1.000000000000000000, 4.529477758377419813E-16 ) ) ;
#5788 =( BOUNDED_CURVE ( )  B_SPLINE_CURVE ( 2, ( #3098, #5024, #701 ),
 .UNSPECIFIED., .F., .F. ) 
 B_SPLINE_CURVE_WITH_KNOTS ( ( 3, 3 ),
 ( 0.000000000000000000, 1.000000000000000000 ),
 .UNSPECIFIED. ) 
 CURVE ( )  GEOMETRIC_REPRESENTATION_ITEM ( )  RATIONAL_B_SPLINE_CURVE ( ( 1.000000000000000000, 1.154700538379269892, 1.000000000000000000 ) ) 
 REPRESENTATION_ITEM ( '' )  );
#5789 = UNCERTAINTY_MEASURE_WITH_UNIT (LENGTH_MEASURE( 1.000000000000000082E-05 ), #3535, 'distance_accuracy_value', 'NONE');
#5790 = CARTESIAN_POINT ( 'NONE',  ( -8.820506995554998647E-14, 5.349999999999999645, 7.500000000000000000 ) ) ;
#5791 = AXIS2_PLACEMENT_3D ( 'NONE', #5107, #4164, #6091 ) ;
#5792 = ADVANCED_FACE ( 'NONE', ( #5814 ), #2906, .F. ) ;
#5793 = FACE_OUTER_BOUND ( 'NONE', #5843, .T. ) ;
#5794 = LINE ( 'NONE', #1511, #2618 ) ;
#5795 = CARTESIAN_POINT ( 'NONE',  ( 4.604819366229000011, -3.500000000000000000, -4.039133941280000251 ) ) ;
#5796 = CARTESIAN_POINT ( 'NONE',  ( 1.824656580445999987, 7.568012669727999686, 7.274656580445999943 ) ) ;
#5797 = CARTESIAN_POINT ( 'NONE',  ( -7.100000000000000533, 7.400000000000000355, -7.993605777301000873E-15 ) ) ;
#5798 = DIRECTION ( 'NONE',  ( -9.705107454703460192E-16, -1.000000000000000000, -7.516940583779200002E-16 ) ) ;
#5799 = CARTESIAN_POINT ( 'NONE',  ( -7.275588903826000653, 7.235487044562000314, 1.820937823456000082 ) ) ;
#5800 = FACE_OUTER_BOUND ( 'NONE', #1147, .T. ) ;
#5801 = CARTESIAN_POINT ( 'NONE',  ( -1.154700538379000108, 4.996003610813000314E-16, 0.000000000000000000 ) ) ;
#5802 = CIRCLE ( 'NONE', #2791, 0.1500000000000001332 ) ;
#5803 = ORIENTED_EDGE ( 'NONE', *, *, #3105, .F. ) ;
#5804 = ORIENTED_EDGE ( 'NONE', *, *, #5029, .F. ) ;
#5805 = CARTESIAN_POINT ( 'NONE',  ( 5.063373370888999858, -3.500000000000000000, 3.423625928481999647 ) ) ;
#5806 = VECTOR ( 'NONE', #2171, 1000.000000000000000 ) ;
#5807 = CARTESIAN_POINT ( 'NONE',  ( -1.919119693926000014, 6.998674542907000529, -1.602460518721000149 ) ) ;
#5808 = CARTESIAN_POINT ( 'NONE',  ( -1.227698548225999886, 8.509223479682999525, 2.179741798898000127 ) ) ;
#5809 = ORIENTED_EDGE ( 'NONE', *, *, #2194, .F. ) ;
#5810 = DIRECTION ( 'NONE',  ( -7.771561172376000134E-16, -1.000000000000000000, 7.771561172375990273E-16 ) ) ;
#5811 = ADVANCED_FACE ( 'NONE', ( #2938 ), #4834, .F. ) ;
#5812 = AXIS2_PLACEMENT_3D ( 'NONE', #6172, #1276, #1307 ) ;
#5813 = ORIENTED_EDGE ( 'NONE', *, *, #312, .T. ) ;
#5814 = FACE_OUTER_BOUND ( 'NONE', #4683, .T. ) ;
#5815 = CIRCLE ( 'NONE', #1493, 0.1499999999999999944 ) ;
#5816 = ORIENTED_EDGE ( 'NONE', *, *, #2194, .T. ) ;
#5817 = ORIENTED_EDGE ( 'NONE', *, *, #1122, .F. ) ;
#5818 = CYLINDRICAL_SURFACE ( 'NONE', #5548, 0.5549999999999998268 ) ;
#5819 = VERTEX_POINT ( 'NONE', #2554 ) ;
#5820 = FACE_OUTER_BOUND ( 'NONE', #2779, .T. ) ;
#5821 = EDGE_CURVE ( 'NONE', #5599, #5019, #5939, .T. ) ;
#5822 = CARTESIAN_POINT ( 'NONE',  ( -0.5773502691895310290, -1.000000000000017986, 2.192862159962915130E-13 ) ) ;
#5823 = DIRECTION ( 'NONE',  ( -0.8090169943751905901, 0.000000000000000000, -0.5877852522921384049 ) ) ;
#5824 = DIRECTION ( 'NONE',  ( 2.199496035544554905E-17, -1.000000000000000000, 2.859514670765540345E-16 ) ) ;
#5825 = CARTESIAN_POINT ( 'NONE',  ( -3.659361984642999666, -3.500000000000000000, 4.364879761826999882 ) ) ;
#5826 = CARTESIAN_POINT ( 'NONE',  ( 4.702424197123000305, 3.500000000000000000, 3.665380152386999768 ) ) ;
#5827 = EDGE_CURVE ( 'NONE', #5372, #454, #4241, .T. ) ;
#5828 = CARTESIAN_POINT ( 'NONE',  ( -3.659361984642999666, 3.500000000000000000, -4.364879761826999882 ) ) ;
#5829 = CARTESIAN_POINT ( 'NONE',  ( -1.565414464720999930E-15, -4.700000000000000178, 5.739853037312000465E-15 ) ) ;
#5830 = CARTESIAN_POINT ( 'NONE',  ( 1.063949543572014766, 0.1571853338430387603, -0.09075099480706692867 ) ) ;
#5831 = DIRECTION ( 'NONE',  ( 1.624174526069380024E-17, -1.000000000000000000, -4.921092136786170288E-16 ) ) ;
#5832 = ORIENTED_EDGE ( 'NONE', *, *, #5199, .T. ) ;
#5833 = DIRECTION ( 'NONE',  ( -2.446747080494690140E-16, -1.000000000000000000, 5.995138749812960544E-16 ) ) ;
#5834 = CARTESIAN_POINT ( 'NONE',  ( -2.379355815244000194, 5.938616513609000336, -0.7738069313179999353 ) ) ;
#5835 = CARTESIAN_POINT ( 'NONE',  ( -1.442499123044999942, 6.591311014024999970, 2.043024278988999853 ) ) ;
#5836 = ORIENTED_EDGE ( 'NONE', *, *, #1206, .F. ) ;
#5837 = CARTESIAN_POINT ( 'NONE',  ( 0.2013392410339999994, -3.500000000000000000, -5.958797487851000163 ) ) ;
#5838 = EDGE_LOOP ( 'NONE', ( #839, #2594, #1904, #4291 ) ) ;
#5839 = CARTESIAN_POINT ( 'NONE',  ( -5.604935932989999259, 3.500000000000000000, -2.032854686956000023 ) ) ;
#5840 = VECTOR ( 'NONE', #3996, 1000.000000000000000 ) ;
#5841 = AXIS2_PLACEMENT_3D ( 'NONE', #2294, #341, #466 ) ;
#5842 = ADVANCED_FACE ( 'NONE', ( #3527, #3154 ), #2121, .T. ) ;
#5843 = EDGE_LOOP ( 'NONE', ( #1190, #2243, #4824, #136 ) ) ;
#5844 = ORIENTED_EDGE ( 'NONE', *, *, #1945, .F. ) ;
#5845 = DIRECTION ( 'NONE',  ( 4.433606796715630336E-16, -1.000000000000000000, -4.358960100788315325E-16 ) ) ;
#5846 = ORIENTED_EDGE ( 'NONE', *, *, #4813, .F. ) ;
#5847 = DIRECTION ( 'NONE',  ( 1.000000000000000000, 0.000000000000000000, 0.000000000000000000 ) ) ;
#5848 = CIRCLE ( 'NONE', #3120, 1.250000000000000000 ) ;
#5849 = VECTOR ( 'NONE', #5220, 1000.000000000000000 ) ;
#5850 = DIRECTION ( 'NONE',  ( -8.881784197000999888E-16, -1.000000000000000000, -4.440892098500999885E-16 ) ) ;
#5851 = AXIS2_PLACEMENT_3D ( 'NONE', #5687, #4734, #6236 ) ;
#5852 = AXIS2_PLACEMENT_3D ( 'NONE', #5333, #5452, #4479 ) ;
#5853 = FACE_OUTER_BOUND ( 'NONE', #1623, .T. ) ;
#5854 = DIRECTION ( 'NONE',  ( -6.154821860400110401E-16, -1.000000000000000000, 2.722574071512330408E-16 ) ) ;
#5855 = LINE ( 'NONE', #1543, #1313 ) ;
#5856 = CARTESIAN_POINT ( 'NONE',  ( 0.3958482795759689643, 1.000000000000000222, -0.09075099480668209762 ) ) ;
#5857 = AXIS2_PLACEMENT_3D ( 'NONE', #5262, #3802, #1859 ) ;
#5858 = EDGE_CURVE ( 'NONE', #959, #741, #3093, .T. ) ;
#5859 = EDGE_CURVE ( 'NONE', #2182, #1364, #5917, .T. ) ;
#5860 = CARTESIAN_POINT ( 'NONE',  ( -4.939112670297999941, -3.500000000000000000, -3.339606417124999727 ) ) ;
#5861 = DIRECTION ( 'NONE',  ( -9.705107454703460192E-16, -1.000000000000000000, -7.516940583779200002E-16 ) ) ;
#5862 = CARTESIAN_POINT ( 'NONE',  ( 0.000000000000000000, 0.000000000000000000, 0.000000000000000000 ) ) ;
#5863 = FACE_OUTER_BOUND ( 'NONE', #5949, .T. ) ;
#5864 = AXIS2_PLACEMENT_3D ( 'NONE', #3042, #622, #2950 ) ;
#5865 = CARTESIAN_POINT ( 'NONE',  ( 0.5773502691896309491, 0.9999999999998450129, 1.192908742854399873E-13 ) ) ;
#5866 = DIRECTION ( 'NONE',  ( -0.3090169943750403769, 4.336808689942019708E-16, 0.9510565162951234441 ) ) ;
#5867 = ORIENTED_EDGE ( 'NONE', *, *, #2514, .T. ) ;
#5868 = CYLINDRICAL_SURFACE ( 'NONE', #4875, 6.112198000000001130 ) ;
#5869 = VECTOR ( 'NONE', #3447, 1000.000000000000000 ) ;
#5870 = EDGE_CURVE ( 'NONE', #1528, #2471, #5815, .T. ) ;
#5871 = CARTESIAN_POINT ( 'NONE',  ( -7.424760238372999588, 9.067251078557999833, -1.061961730021000028 ) ) ;
#5872 = VECTOR ( 'NONE', #5994, 1000.000000000000000 ) ;
#5873 = LINE ( 'NONE', #2063, #1933 ) ;
#5874 = ORIENTED_EDGE ( 'NONE', *, *, #4013, .T. ) ;
#5875 = ADVANCED_FACE ( 'NONE', ( #729 ), #137, .F. ) ;
#5876 = CARTESIAN_POINT ( 'NONE',  ( 1.600000000000000089, 0.000000000000000000, 0.000000000000000000 ) ) ;
#5877 = CIRCLE ( 'NONE', #2055, 0.5550000000000001599 ) ;
#5878 = VERTEX_POINT ( 'NONE', #5974 ) ;
#5879 = ORIENTED_EDGE ( 'NONE', *, *, #3389, .F. ) ;
#5880 = CARTESIAN_POINT ( 'NONE',  ( 3.602316712632999809E-16, -3.500000000000000000, 2.662991318690999780E-15 ) ) ;
#5881 = ORIENTED_EDGE ( 'NONE', *, *, #4642, .T. ) ;
#5882 = LINE ( 'NONE', #50, #5869 ) ;
#5883 = AXIS2_PLACEMENT_3D ( 'NONE', #576, #98, #4132 ) ;
#5884 = EDGE_CURVE ( 'NONE', #3724, #3347, #1794, .T. ) ;
#5885 = CARTESIAN_POINT ( 'NONE',  ( -1.824656580445999987, 7.400000000000000355, 7.274656580445999943 ) ) ;
#5886 = CIRCLE ( 'NONE', #43, 0.9999999999999995559 ) ;
#5887 = EDGE_LOOP ( 'NONE', ( #1965, #265, #4806, #1966 ) ) ;
#5888 = DIRECTION ( 'NONE',  ( 0.3090169943750375459, 0.000000000000000000, 0.9510565162951243323 ) ) ;
#5889 = DIRECTION ( 'NONE',  ( 0.000000000000000000, 0.000000000000000000, -1.000000000000000000 ) ) ;
#5890 = DIRECTION ( 'NONE',  ( -1.240489192847999988E-15, 7.517135062566163747E-16, 1.000000000000000000 ) ) ;
#5891 = DIRECTION ( 'NONE',  ( -7.940816618730620390E-16, -1.000000000000000000, 1.554369229507224864E-16 ) ) ;
#5892 = ADVANCED_FACE ( 'NONE', ( #5431 ), #1652, .F. ) ;
#5893 = CARTESIAN_POINT ( 'NONE',  ( 4.702424197123000305, -3.500000000000000000, -3.665380152386999768 ) ) ;
#5894 = CARTESIAN_POINT ( 'NONE',  ( 0.9256537036670000607, 3.500000000000000000, 5.844347473592999442 ) ) ;
#5895 = CARTESIAN_POINT ( 'NONE',  ( -1.649884692613999837, -3.500000000000000000, 5.729370427217999939 ) ) ;
#5896 = CARTESIAN_POINT ( 'NONE',  ( 1.154700538379000108, -7.949912429749960253E-13, 0.000000000000000000 ) ) ;
#5897 = CARTESIAN_POINT ( 'NONE',  ( -8.437694987150998803E-15, 3.500000000000000000, -2.220446049249999903E-15 ) ) ;
#5898 = EDGE_CURVE ( 'NONE', #477, #2645, #2184, .T. ) ;
#5899 = ORIENTED_EDGE ( 'NONE', *, *, #3237, .F. ) ;
#5900 = ADVANCED_FACE ( 'NONE', ( #4545 ), #3498, .F. ) ;
#5901 = CARTESIAN_POINT ( 'NONE',  ( 1.691393328169000121, -3.500000000000000000, -5.873512833102999764 ) ) ;
#5902 = DIRECTION ( 'NONE',  ( 0.000000000000000000, 1.000000000000000000, 0.000000000000000000 ) ) ;
#5903 = ORIENTED_EDGE ( 'NONE', *, *, #1237, .T. ) ;
#5904 = DIRECTION ( 'NONE',  ( -0.5877852522921382938, 0.000000000000000000, -0.8090169943751908121 ) ) ;
#5905 = EDGE_CURVE ( 'NONE', #762, #2903, #1684, .T. ) ;
#5906 = EDGE_LOOP ( 'NONE', ( #5404, #3090, #1213, #699 ) ) ;
#5907 = EDGE_CURVE ( 'NONE', #617, #1270, #62, .T. ) ;
#5908 = AXIS2_PLACEMENT_3D ( 'NONE', #5576, #2200, #5540 ) ;
#5909 = AXIS2_PLACEMENT_3D ( 'NONE', #559, #5850, #2974 ) ;
#5910 = DIRECTION ( 'NONE',  ( 6.722824160731084035E-16, -0.7071067811868650965, -0.7071067811862300490 ) ) ;
#5911 = ORIENTED_EDGE ( 'NONE', *, *, #724, .T. ) ;
#5912 = AXIS2_PLACEMENT_3D ( 'NONE', #4553, #1212, #2561 ) ;
#5913 = VERTEX_POINT ( 'NONE', #5495 ) ;
#5914 = CARTESIAN_POINT ( 'NONE',  ( 5.264412095235000422, -3.500000000000000000, -3.131282434201999809 ) ) ;
#5915 = ORIENTED_EDGE ( 'NONE', *, *, #6195, .F. ) ;
#5916 = CARTESIAN_POINT ( 'NONE',  ( -2.499999996047000295, 9.049999988019999719, -0.1197962551350000016 ) ) ;
#5917 = CIRCLE ( 'NONE', #3687, 0.1499999999999998834 ) ;
#5918 = FACE_OUTER_BOUND ( 'NONE', #176, .T. ) ;
#5919 = ORIENTED_EDGE ( 'NONE', *, *, #1675, .T. ) ;
#5920 = DIRECTION ( 'NONE',  ( 1.392798170799557828E-17, -1.000000000000000000, 4.529477758377419813E-16 ) ) ;
#5921 = DIRECTION ( 'NONE',  ( -7.771561172376000134E-16, -1.000000000000000000, 7.771561172376009994E-16 ) ) ;
#5922 = CARTESIAN_POINT ( 'NONE',  ( 1.691393328169000121, -3.500000000000000000, 5.873512833102999764 ) ) ;
#5923 = ORIENTED_EDGE ( 'NONE', *, *, #3617, .F. ) ;
#5924 = CARTESIAN_POINT ( 'NONE',  ( -1.154700538379000108, 7.951538733008689519E-13, 0.000000000000000000 ) ) ;
#5925 = DIRECTION ( 'NONE',  ( -0.8090169943751908121, 0.000000000000000000, -0.5877852522921382938 ) ) ;
#5926 = CYLINDRICAL_SURFACE ( 'NONE', #4492, 0.5550000000000001599 ) ;
#5927 = PRODUCT_RELATED_PRODUCT_CATEGORY ( 'part', '', ( #6163 ) ) ;
#5928 = ADVANCED_FACE ( 'NONE', ( #4455 ), #3029, .T. ) ;
#5929 = DIRECTION ( 'NONE',  ( -0.5877852522921379608, 4.336808689942016750E-16, 0.8090169943751910342 ) ) ;
#5930 = CARTESIAN_POINT ( 'NONE',  ( -3.423625928481999647, -3.500000000000000000, 5.063373370888999858 ) ) ;
#5931 = CARTESIAN_POINT ( 'NONE',  ( -5.028915951783999638, -3.500000000000000000, 3.219459129871999892 ) ) ;
#5932 = ORIENTED_EDGE ( 'NONE', *, *, #2595, .F. ) ;
#5933 = CARTESIAN_POINT ( 'NONE',  ( 6.852013566617000216E-16, -3.500000000000000000, 6.112134752837000111E-16 ) ) ;
#5934 = EDGE_CURVE ( 'NONE', #2248, #986, #1691, .T. ) ;
#5935 = EDGE_CURVE ( 'NONE', #290, #2972, #3870, .T. ) ;
#5936 = CARTESIAN_POINT ( 'NONE',  ( -1.776356839399999804E-15, 5.750000000000000000, 2.500000000000000000 ) ) ;
#5937 = ORIENTED_EDGE ( 'NONE', *, *, #2793, .F. ) ;
#5938 = EDGE_LOOP ( 'NONE', ( #3384, #5941, #4515, #5134 ) ) ;
#5939 = LINE ( 'NONE', #231, #3381 ) ;
#5940 = ORIENTED_EDGE ( 'NONE', *, *, #3170, .T. ) ;
#5941 = ORIENTED_EDGE ( 'NONE', *, *, #5569, .T. ) ;
#5942 = DIRECTION ( 'NONE',  ( -2.220446049250000002E-16, 1.000000000000000000, -6.661338147751000379E-16 ) ) ;
#5943 = ORIENTED_EDGE ( 'NONE', *, *, #2680, .T. ) ;
#5944 = ADVANCED_FACE ( 'NONE', ( #4172 ), #5516, .F. ) ;
#5945 = AXIS2_PLACEMENT_3D ( 'NONE', #652, #5355, #4878 ) ;
#5946 = AXIS2_PLACEMENT_3D ( 'NONE', #190, #1641, #305 ) ;
#5947 = CARTESIAN_POINT ( 'NONE',  ( -0.8660254037842666230, -0.4999999999995383693, -2.197709752620573997 ) ) ;
#5948 = EDGE_CURVE ( 'NONE', #81, #637, #2213, .T. ) ;
#5949 = EDGE_LOOP ( 'NONE', ( #1026, #4219, #1869, #203 ) ) ;
#5950 = DIRECTION ( 'NONE',  ( 1.000000000000000000, 0.000000000000000000, 0.000000000000000000 ) ) ;
#5951 = AXIS2_PLACEMENT_3D ( 'NONE', #1310, #2315, #1088 ) ;
#5952 = CARTESIAN_POINT ( 'NONE',  ( 0.2064046357350000083, 3.500000000000000000, 6.108711936043000001 ) ) ;
#5953 = DIRECTION ( 'NONE',  ( 0.000000000000000000, 0.000000000000000000, 1.000000000000000000 ) ) ;
#5954 = AXIS2_PLACEMENT_3D ( 'NONE', #2888, #494, #3007 ) ;
#5955 = ORIENTED_EDGE ( 'NONE', *, *, #4546, .T. ) ;
#5956 = DIRECTION ( 'NONE',  ( -7.940816618730620390E-16, -1.000000000000000000, 1.554369229507224864E-16 ) ) ;
#5957 = EDGE_CURVE ( 'NONE', #278, #2964, #1174, .T. ) ;
#5958 = CARTESIAN_POINT ( 'NONE',  ( -8.437694987150998803E-15, -4.400000000000000355, -1.598721155460000041E-15 ) ) ;
#5959 = AXIS2_PLACEMENT_3D ( 'NONE', #1271, #5594, #1209 ) ;
#5960 = AXIS2_PLACEMENT_3D ( 'NONE', #2988, #4914, #2053 ) ;
#5961 = DIRECTION ( 'NONE',  ( -0.8090169943751908121, 0.000000000000000000, 0.5877852522921382938 ) ) ;
#5962 = LINE ( 'NONE', #3934, #3536 ) ;
#5963 = CARTESIAN_POINT ( 'NONE',  ( -6.661338147750999985E-15, 3.500000000000000000, -2.720046410331999950E-15 ) ) ;
#5964 = DIRECTION ( 'NONE',  ( -7.279688241337999493E-16, 1.000000000000000000, -8.881784197000999888E-16 ) ) ;
#5965 = CIRCLE ( 'NONE', #819, 0.1499999999999998834 ) ;
#5966 = CIRCLE ( 'NONE', #5945, 6.112197999999997577 ) ;
#5967 = ORIENTED_EDGE ( 'NONE', *, *, #3140, .T. ) ;
#5968 = EDGE_CURVE ( 'NONE', #3228, #102, #4192, .T. ) ;
#5969 = CARTESIAN_POINT ( 'NONE',  ( -6.805667140955501194E-15, 11.10000000000000497, 7.499999999999989342 ) ) ;
#5970 = AXIS2_PLACEMENT_3D ( 'NONE', #5065, #5573, #6043 ) ;
#5971 = LINE ( 'NONE', #2612, #2644 ) ;
#5972 = ORIENTED_EDGE ( 'NONE', *, *, #6064, .F. ) ;
#5973 = AXIS2_PLACEMENT_3D ( 'NONE', #429, #1912, #967 ) ;
#5974 = CARTESIAN_POINT ( 'NONE',  ( -3.659361984642999666, -3.500000000000000000, 4.364879761826999882 ) ) ;
#5975 = CIRCLE ( 'NONE', #6079, 1.000000000000000222 ) ;
#5976 = ORIENTED_EDGE ( 'NONE', *, *, #4083, .F. ) ;
#5977 = ORIENTED_EDGE ( 'NONE', *, *, #758, .F. ) ;
#5978 = DIRECTION ( 'NONE',  ( 0.5877852522921379608, -4.336808689942016750E-16, -0.8090169943751910342 ) ) ;
#5979 = ORIENTED_EDGE ( 'NONE', *, *, #1711, .T. ) ;
#5980 = EDGE_CURVE ( 'NONE', #6209, #3682, #3091, .T. ) ;
#5981 = AXIS2_PLACEMENT_3D ( 'NONE', #1510, #4965, #5353 ) ;
#5982 = CARTESIAN_POINT ( 'NONE',  ( 4.829082085785000089, 3.500000000000000000, 3.020442298506000434 ) ) ;
#5983 = VERTEX_POINT ( 'NONE', #6065 ) ;
#5984 = CYLINDRICAL_SURFACE ( 'NONE', #3053, 0.1499999999999998834 ) ;
#5985 = CIRCLE ( 'NONE', #5778, 1.000000000000000222 ) ;
#5986 = DIRECTION ( 'NONE',  ( 4.990925003266860698E-16, -1.000000000000000000, 8.429208219132549697E-16 ) ) ;
#5987 = DIRECTION ( 'NONE',  ( -0.3090169943750401549, 0.000000000000000000, -0.9510565162951233331 ) ) ;
#5988 = VERTEX_POINT ( 'NONE', #1808 ) ;
#5989 = CARTESIAN_POINT ( 'NONE',  ( -4.039133941280000251, -3.500000000000000000, -4.604819366229000011 ) ) ;
#5990 = ADVANCED_FACE ( 'NONE', ( #3215 ), #1336, .F. ) ;
#5991 = CARTESIAN_POINT ( 'NONE',  ( 2.032854686956000023, -3.500000000000000000, 5.604935932989999259 ) ) ;
#5992 = CIRCLE ( 'NONE', #1768, 0.1601281538049999786 ) ;
#5993 =( NAMED_UNIT ( * ) PLANE_ANGLE_UNIT ( ) SI_UNIT ( $, .RADIAN. ) );
#5994 = DIRECTION ( 'NONE',  ( 3.697785493223000194E-32, 1.000000000000000000, -1.110223024624999878E-16 ) ) ;
#5995 = FACE_OUTER_BOUND ( 'NONE', #661, .T. ) ;
#5996 = CARTESIAN_POINT ( 'NONE',  ( 1.442499123044999942, 8.208688985974999852, 2.043024278988999853 ) ) ;
#5997 = AXIS2_PLACEMENT_3D ( 'NONE', #5991, #4624, #4122 ) ;
#5998 = ORIENTED_EDGE ( 'NONE', *, *, #1017, .T. ) ;
#5999 = LINE ( 'NONE', #2206, #2756 ) ;
#6000 = CARTESIAN_POINT ( 'NONE',  ( -7.496998708573999970, 5.363981076221000066, 0.2399221275890000282 ) ) ;
#6001 = CARTESIAN_POINT ( 'NONE',  ( 3.339606417124999727, -3.500000000000000000, 4.939112670297999941 ) ) ;
#6002 = VERTEX_POINT ( 'NONE', #4820 ) ;
#6003 = DIRECTION ( 'NONE',  ( -0.9510565162951234441, 0.000000000000000000, 0.3090169943750404324 ) ) ;
#6004 = EDGE_LOOP ( 'NONE', ( #4236, #2167, #3177, #3431 ) ) ;
#6005 = EDGE_CURVE ( 'NONE', #762, #6243, #3187, .T. ) ;
#6006 = ORIENTED_EDGE ( 'NONE', *, *, #1871, .T. ) ;
#6007 = CARTESIAN_POINT ( 'NONE',  ( 4.039133941280000251, -3.500000000000000000, 4.604819366229000011 ) ) ;
#6008 = VECTOR ( 'NONE', #157, 1000.000000000000000 ) ;
#6009 = ORIENTED_EDGE ( 'NONE', *, *, #3647, .F. ) ;
#6010 =( NAMED_UNIT ( * ) SI_UNIT ( $, .STERADIAN. ) SOLID_ANGLE_UNIT ( ) );
#6011 = AXIS2_PLACEMENT_3D ( 'NONE', #523, #3954, #2477 ) ;
#6012 = ORIENTED_EDGE ( 'NONE', *, *, #2714, .T. ) ;
#6013 = FACE_OUTER_BOUND ( 'NONE', #1789, .T. ) ;
#6014 = FACE_OUTER_BOUND ( 'NONE', #3778, .T. ) ;
#6015 = CARTESIAN_POINT ( 'NONE',  ( -3.547828697493170973E-15, -4.699999999999997513, 2.799999999999729372 ) ) ;
#6016 = EDGE_LOOP ( 'NONE', ( #6240, #2272 ) ) ;
#6017 = CARTESIAN_POINT ( 'NONE',  ( -2.020000000000000018, 2.473786534277653917E-16, -4.230000000000000426 ) ) ;
#6018 = CIRCLE ( 'NONE', #579, 0.1499999999999999944 ) ;
#6019 = DIRECTION ( 'NONE',  ( -2.446747080494690140E-16, -1.000000000000000000, 5.995138749812960544E-16 ) ) ;
#6020 = CARTESIAN_POINT ( 'NONE',  ( 0.000000000000000000, 0.000000000000000000, 0.000000000000000000 ) ) ;
#6021 = DIRECTION ( 'NONE',  ( 0.9510565162951225560, 0.000000000000000000, 0.3090169943750425974 ) ) ;
#6022 = CARTESIAN_POINT ( 'NONE',  ( 5.627604495026999665, -3.500000000000000000, 2.418477214851999957 ) ) ;
#6023 = CARTESIAN_POINT ( 'NONE',  ( -1.507867092026000000, -3.500000000000000000, -5.777650869670999612 ) ) ;
#6024 = CARTESIAN_POINT ( 'NONE',  ( -7.100000000000000533, 7.400000000000000355, -7.993605777301000873E-15 ) ) ;
#6025 = ORIENTED_EDGE ( 'NONE', *, *, #2277, .F. ) ;
#6026 = DIRECTION ( 'NONE',  ( -2.167155344068000230E-15, 0.000000000000000000, 1.000000000000000000 ) ) ;
#6027 = LINE ( 'NONE', #4575, #5366 ) ;
#6028 = EDGE_CURVE ( 'NONE', #1700, #4196, #2290, .T. ) ;
#6029 = DIRECTION ( 'NONE',  ( 7.771561172376000134E-16, 1.000000000000000000, -7.771561172375990273E-16 ) ) ;
#6030 = EDGE_LOOP ( 'NONE', ( #1433, #4424, #3945, #4113 ) ) ;
#6031 = ORIENTED_EDGE ( 'NONE', *, *, #3004, .T. ) ;
#6032 = CARTESIAN_POINT ( 'NONE',  ( -0.7641422587483260864, -0.6764667836366773379, -0.1382651969912847278 ) ) ;
#6033 = VERTEX_POINT ( 'NONE', #1268 ) ;
#6034 = CARTESIAN_POINT ( 'NONE',  ( -5.873512833102999764, -3.500000000000000000, 1.691393328169000121 ) ) ;
#6035 = ORIENTED_EDGE ( 'NONE', *, *, #2503, .T. ) ;
#6036 = EDGE_CURVE ( 'NONE', #161, #4915, #863, .T. ) ;
#6037 = DIRECTION ( 'NONE',  ( 1.000000000000000000, 0.000000000000000000, 0.000000000000000000 ) ) ;
#6038 = ORIENTED_EDGE ( 'NONE', *, *, #224, .T. ) ;
#6039 = DIRECTION ( 'NONE',  ( 8.137637229394920158E-17, -1.000000000000000000, 6.536891100602380010E-17 ) ) ;
#6040 = CARTESIAN_POINT ( 'NONE',  ( 0.000000000000000000, 0.000000000000000000, -4.230000000000000426 ) ) ;
#6041 = CARTESIAN_POINT ( 'NONE',  ( -6.108711936043000001, 3.500000000000000000, -0.2064046357350000083 ) ) ;
#6042 = ORIENTED_EDGE ( 'NONE', *, *, #3803, .T. ) ;
#6043 = DIRECTION ( 'NONE',  ( 0.3090169943750425974, 0.000000000000000000, -0.9510565162951225560 ) ) ;
#6044 = EDGE_CURVE ( 'NONE', #5055, #4457, #5615, .T. ) ;
#6045 = CARTESIAN_POINT ( 'NONE',  ( 3.339606417124999727, 3.500000000000000000, -4.939112670297999941 ) ) ;
#6046 = DIRECTION ( 'NONE',  ( -1.240489192847999988E-15, 7.723083968389894990E-16, 1.000000000000000000 ) ) ;
#6047 = CIRCLE ( 'NONE', #1727, 0.1500000000000001332 ) ;
#6048 = CIRCLE ( 'NONE', #104, 2.799999999999999822 ) ;
#6049 = CARTESIAN_POINT ( 'NONE',  ( 9.430987591914999170E-16, -3.500000000000000000, 8.691108778134999065E-16 ) ) ;
#6050 = CARTESIAN_POINT ( 'NONE',  ( -1.902940272784000131, 7.078724808535000079, 1.621615452861000062 ) ) ;
#6051 = CARTESIAN_POINT ( 'NONE',  ( 1.484072210590999807, 6.669319907259999347, 2.012882238049999994 ) ) ;
#6052 = CARTESIAN_POINT ( 'NONE',  ( -2.020000000000000018, -2.473786534277653917E-16, -0.4200000000000000400 ) ) ;
#6053 = ADVANCED_FACE ( 'NONE', ( #1961 ), #3368, .F. ) ;
#6054 = ORIENTED_EDGE ( 'NONE', *, *, #3701, .T. ) ;
#6055 = CIRCLE ( 'NONE', #3325, 1.000000000000000000 ) ;
#6056 = DIRECTION ( 'NONE',  ( -0.3090169943750403769, -4.336808689942019708E-16, -0.9510565162951234441 ) ) ;
#6057 = CARTESIAN_POINT ( 'NONE',  ( 2.176127871379999856, -3.500000000000000000, 5.560519780239999932 ) ) ;
#6058 = AXIS2_PLACEMENT_3D ( 'NONE', #5654, #4678, #3218 ) ;
#6059 = AXIS2_PLACEMENT_3D ( 'NONE', #899, #4183, #6075 ) ;
#6060 = CARTESIAN_POINT ( 'NONE',  ( 3.659361984642999666, 3.500000000000000000, 4.364879761826999882 ) ) ;
#6061 = VERTEX_POINT ( 'NONE', #5115 ) ;
#6062 = VERTEX_POINT ( 'NONE', #389 ) ;
#6063 = AXIS2_PLACEMENT_3D ( 'NONE', #2965, #3469, #5399 ) ;
#6064 = EDGE_CURVE ( 'NONE', #2848, #181, #1588, .T. ) ;
#6065 = CARTESIAN_POINT ( 'NONE',  ( -0.3513254827150000259, 3.500000000000000000, 5.960829065173999908 ) ) ;
#6066 = CIRCLE ( 'NONE', #931, 0.9999999999999995559 ) ;
#6067 = ORIENTED_EDGE ( 'NONE', *, *, #4594, .T. ) ;
#6068 = CARTESIAN_POINT ( 'NONE',  ( 1.380342898347999947, 3.500000000000000000, 5.526097986176999655 ) ) ;
#6069 = EDGE_LOOP ( 'NONE', ( #1028, #3317, #5695, #551 ) ) ;
#6070 = EDGE_CURVE ( 'NONE', #824, #5878, #478, .T. ) ;
#6071 = CARTESIAN_POINT ( 'NONE',  ( -0.5773502691900000983, -1.000000000000000000, -2.024834468762999773 ) ) ;
#6072 = AXIS2_PLACEMENT_3D ( 'NONE', #567, #5450, #3014 ) ;
#6073 = ORIENTED_EDGE ( 'NONE', *, *, #4751, .T. ) ;
#6074 = DIRECTION ( 'NONE',  ( -5.507766776193939549E-16, -1.000000000000000000, -2.807742633908804862E-16 ) ) ;
#6075 = DIRECTION ( 'NONE',  ( 0.9510565162951235552, -1.562813942321446982E-15, 0.3090169943750399328 ) ) ;
#6076 = DIRECTION ( 'NONE',  ( -5.851721321710000488E-16, -1.000000000000000000, 1.540942540396989897E-16 ) ) ;
#6077 = VERTEX_POINT ( 'NONE', #1302 ) ;
#6078 = DIRECTION ( 'NONE',  ( -0.9510565162951234441, 0.000000000000000000, -0.3090169943750403769 ) ) ;
#6079 = AXIS2_PLACEMENT_3D ( 'NONE', #124, #2051, #5929 ) ;
#6080 = DIRECTION ( 'NONE',  ( 8.662187989232919806E-17, -1.000000000000000000, 1.029233346467061859E-16 ) ) ;
#6081 =( NAMED_UNIT ( * ) SI_UNIT ( $, .STERADIAN. ) SOLID_ANGLE_UNIT ( ) );
#6082 = CIRCLE ( 'NONE', #4567, 0.1500000000000001332 ) ;
#6083 = CARTESIAN_POINT ( 'NONE',  ( -1.471102178902999880, 8.611306674669000571, 7.354399128240999950 ) ) ;
#6084 = DIRECTION ( 'NONE',  ( 0.5877852522921379608, -4.336808689942016750E-16, -0.8090169943751910342 ) ) ;
#6085 = CARTESIAN_POINT ( 'NONE',  ( 1.606709372198000141, 7.777191688349000209, 1.915356723097999980 ) ) ;
#6086 = EDGE_CURVE ( 'NONE', #5718, #482, #5145, .T. ) ;
#6087 = CARTESIAN_POINT ( 'NONE',  ( 3.219459129871999892, -3.500000000000000000, -5.028915951783999638 ) ) ;
#6088 = EDGE_LOOP ( 'NONE', ( #2548, #17, #394, #2900 ) ) ;
#6089 = CONICAL_SURFACE ( 'NONE', #1156, 1.154700538379000108, 0.7853981633970000820 ) ;
#6090 = ADVANCED_FACE ( 'NONE', ( #5649 ), #6253, .F. ) ;
#6091 = DIRECTION ( 'NONE',  ( -0.5877852522921382938, 0.000000000000000000, 0.8090169943751908121 ) ) ;
#6092 = CARTESIAN_POINT ( 'NONE',  ( -7.417820296422999782, 5.772408145663999512, 1.108849061602000141 ) ) ;
#6093 = AXIS2_PLACEMENT_3D ( 'NONE', #2580, #5833, #2549 ) ;
#6094 = FACE_OUTER_BOUND ( 'NONE', #5510, .T. ) ;
#6095 = ADVANCED_FACE ( 'NONE', ( #5298 ), #980, .T. ) ;
#6097 = EDGE_CURVE ( 'NONE', #74, #1949, #1185, .T. ) ;
#6096 = ORIENTED_EDGE ( 'NONE', *, *, #3752, .F. ) ;
#6098 = ORIENTED_EDGE ( 'NONE', *, *, #3180, .F. ) ;
#6099 = VECTOR ( 'NONE', #3835, 1000.000000000000000 ) ;
#6100 = DIRECTION ( 'NONE',  ( 2.901217823758254970E-16, -1.000000000000000000, 7.770832213369319878E-16 ) ) ;
#6102 = EDGE_LOOP ( 'NONE', ( #3632, #213, #4101, #3721 ) ) ;
#6101 = EDGE_CURVE ( 'NONE', #1643, #2471, #4381, .T. ) ;
#6103 = DIRECTION ( 'NONE',  ( -0.9510565162951235552, 0.000000000000000000, 0.3090169943750399884 ) ) ;
#6104 = EDGE_LOOP ( 'NONE', ( #2649, #632 ) ) ;
#6105 = CARTESIAN_POINT ( 'NONE',  ( 5.844347473592999442, 3.500000000000000000, -0.9256537036670000607 ) ) ;
#6106 = AXIS2_PLACEMENT_3D ( 'NONE', #2438, #4363, #44 ) ;
#6107 = ORIENTED_EDGE ( 'NONE', *, *, #1269, .T. ) ;
#6108 = CARTESIAN_POINT ( 'NONE',  ( -6.672440377996000575E-15, 11.29999999999999893, 2.499999999999981348 ) ) ;
#6109 = DIRECTION ( 'NONE',  ( 1.392798170799557828E-17, -1.000000000000000000, 4.529477758377419813E-16 ) ) ;
#6110 = ORIENTED_EDGE ( 'NONE', *, *, #3440, .T. ) ;
#6111 = DIRECTION ( 'NONE',  ( -4.430643061698730400E-16, -1.000000000000000000, 4.591361739355039952E-16 ) ) ;
#6112 = CIRCLE ( 'NONE', #5197, 1.000000000000000222 ) ;
#6113 = AXIS2_PLACEMENT_3D ( 'NONE', #402, #3826, #1379 ) ;
#6114 = CARTESIAN_POINT ( 'NONE',  ( -0.5876651943639999987, 5.459319219084999730, 7.477091132639000826 ) ) ;
#6115 = EDGE_CURVE ( 'NONE', #1765, #74, #4697, .T. ) ;
#6116 =( NAMED_UNIT ( * ) SI_UNIT ( $, .STERADIAN. ) SOLID_ANGLE_UNIT ( ) );
#6117 = CARTESIAN_POINT ( 'NONE',  ( -7.882583474838999557E-16, -3.700000000000000178, 4.962696920073999612E-15 ) ) ;
#6118 = CARTESIAN_POINT ( 'NONE',  ( -2.492867024262000353, 9.039192766092000397, 0.2430100937219999979 ) ) ;
#6119 = CARTESIAN_POINT ( 'NONE',  ( 1.160101907562000045, 6.219198880166000087, 2.217113607143999854 ) ) ;
#6120 = AXIS2_PLACEMENT_3D ( 'NONE', #1084, #2997, #1465 ) ;
#6121 = DIRECTION ( 'NONE',  ( -6.792242162728428736E-17, -1.000000000000000000, -2.716282861207369758E-17 ) ) ;
#6122 = ORIENTED_EDGE ( 'NONE', *, *, #1445, .T. ) ;
#6123 = CARTESIAN_POINT ( 'NONE',  ( -7.494024705024000532, 5.377897744726999996, -0.3187870596299999804 ) ) ;
#6124 = EDGE_CURVE ( 'NONE', #387, #1052, #4993, .T. ) ;
#6125 = CIRCLE ( 'NONE', #4005, 0.5550000000000001599 ) ;
#6126 = CARTESIAN_POINT ( 'NONE',  ( -7.410749125223000000, 5.813978061363999750, 1.154444989975000002 ) ) ;
#6127 = ORIENTED_EDGE ( 'NONE', *, *, #3105, .T. ) ;
#6128 = CARTESIAN_POINT ( 'NONE',  ( 5.063373370888999858, -3.500000000000000000, -3.423625928481999647 ) ) ;
#6129 = ORIENTED_EDGE ( 'NONE', *, *, #457, .T. ) ;
#6130 = ORIENTED_EDGE ( 'NONE', *, *, #5948, .T. ) ;
#6131 = CARTESIAN_POINT ( 'NONE',  ( -4.702424197123000305, 3.500000000000000000, -3.665380152387999857 ) ) ;
#6132 = EDGE_CURVE ( 'NONE', #649, #2911, #1606, .T. ) ;
#6133 = ORIENTED_EDGE ( 'NONE', *, *, #6169, .F. ) ;
#6134 = DIRECTION ( 'NONE',  ( 0.5877852522921380718, -4.336808689942017736E-16, 0.8090169943751908121 ) ) ;
#6135 = ORIENTED_EDGE ( 'NONE', *, *, #3960, .T. ) ;
#6136 = EDGE_CURVE ( 'NONE', #1454, #42, #2781, .T. ) ;
#6137 = EDGE_CURVE ( 'NONE', #4393, #47, #2087, .T. ) ;
#6138 = CARTESIAN_POINT ( 'NONE',  ( -7.100000000000001421, 9.050000000000000711, -9.092726571679914368E-15 ) ) ;
#6139 = ORIENTED_EDGE ( 'NONE', *, *, #5980, .T. ) ;
#6140 = CARTESIAN_POINT ( 'NONE',  ( 0.4694231071960000001, 5.417752000714999738, 7.485644271756000556 ) ) ;
#6141 = CARTESIAN_POINT ( 'NONE',  ( -1.507867092026000000, -3.500000000000000000, 5.777650869670999612 ) ) ;
#6142 = VERTEX_POINT ( 'NONE', #4882 ) ;
#6143 = CARTESIAN_POINT ( 'NONE',  ( 3.020442298506000434, 3.500000000000000000, -4.829082085785000089 ) ) ;
#6144 = DIRECTION ( 'NONE',  ( 3.697785493223000194E-32, 1.000000000000000000, -1.110223024624999878E-16 ) ) ;
#6145 = ADVANCED_FACE ( 'NONE', ( #4411 ), #3513, .F. ) ;
#6146 = DIRECTION ( 'NONE',  ( 0.9510565162951234441, -1.206206797113155151E-15, 0.3090169943750400994 ) ) ;
#6147 = FACE_OUTER_BOUND ( 'NONE', #3820, .T. ) ;
#6148 = DIRECTION ( 'NONE',  ( -4.440892098500999885E-16, -1.000000000000000000, 5.551115123126000625E-16 ) ) ;
#6149 = LINE ( 'NONE', #3145, #4750 ) ;
#6150 = EDGE_CURVE ( 'NONE', #4227, #5819, #2485, .T. ) ;
#6151 = DIRECTION ( 'NONE',  ( 0.3090169943750400994, -4.257200460399371236E-16, -0.9510565162951234441 ) ) ;
#6152 = AXIS2_PLACEMENT_3D ( 'NONE', #4244, #6148, #1889 ) ;
#6153 = AXIS2_PLACEMENT_3D ( 'NONE', #1103, #1488, #5332 ) ;
#6154 = CARTESIAN_POINT ( 'NONE',  ( -7.355860118902000089, 8.621599797433999512, 1.463561371873000061 ) ) ;
#6155 = DIRECTION ( 'NONE',  ( 7.771561172376000134E-16, 1.000000000000000000, -7.771561172376009994E-16 ) ) ;
#6156 = CARTESIAN_POINT ( 'NONE',  ( 3.530509218308000244E-15, 11.00000000000000000, -1.356692536091999857E-14 ) ) ;
#6157 = AXIS2_PLACEMENT_3D ( 'NONE', #3293, #2411, #3822 ) ;
#6158 = ORIENTED_EDGE ( 'NONE', *, *, #5683, .T. ) ;
#6159 = AXIS2_PLACEMENT_3D ( 'NONE', #1129, #679, #1188 ) ;
#6160 = EDGE_CURVE ( 'NONE', #446, #1140, #3458, .T. ) ;
#6161 = VERTEX_POINT ( 'NONE', #3546 ) ;
#6162 = FACE_OUTER_BOUND ( 'NONE', #149, .T. ) ;
#6163 = PRODUCT ( 'GT2_Pully_20T_6mm', 'GT2_Pully_20T_6mm', '', ( #3235 ) ) ;
#6164 = AXIS2_PLACEMENT_3D ( 'NONE', #453, #1304, #6134 ) ;
#6165 = AXIS2_PLACEMENT_3D ( 'NONE', #3429, #5363, #5866 ) ;
#6166 = ORIENTED_EDGE ( 'NONE', *, *, #2969, .F. ) ;
#6167 = CARTESIAN_POINT ( 'NONE',  ( 5.958797487851000163, 3.500000000000000000, -0.2013392410339999994 ) ) ;
#6168 = ADVANCED_FACE ( 'NONE', ( #90 ), #2953, .F. ) ;
#6169 = EDGE_CURVE ( 'NONE', #168, #5334, #566, .T. ) ;
#6170 = VERTEX_POINT ( 'NONE', #4029 ) ;
#6171 = CONICAL_SURFACE ( 'NONE', #1125, 1.154700538379000108, 0.7853981633970000820 ) ;
#6172 = CARTESIAN_POINT ( 'NONE',  ( 0.000000000000000000, 0.000000000000000000, 0.000000000000000000 ) ) ;
#6173 = AXIS2_PLACEMENT_3D ( 'NONE', #4879, #1036, #3959 ) ;
#6174 = ORIENTED_EDGE ( 'NONE', *, *, #4007, .F. ) ;
#6175 = LINE ( 'NONE', #870, #2129 ) ;
#6176 = FACE_OUTER_BOUND ( 'NONE', #1075, .T. ) ;
#6177 = ADVANCED_FACE ( 'NONE', ( #4003 ), #5926, .F. ) ;
#6178 = ORIENTED_EDGE ( 'NONE', *, *, #2654, .F. ) ;
#6179 = CARTESIAN_POINT ( 'NONE',  ( -4.615908076795999904, -3.500000000000000000, 3.787915702019000186 ) ) ;
#6180 = EDGE_CURVE ( 'NONE', #637, #1140, #2975, .T. ) ;
#6181 = VECTOR ( 'NONE', #5409, 1000.000000000000000 ) ;
#6182 = CARTESIAN_POINT ( 'NONE',  ( -7.500000000000000000, 7.400000000000000355, -7.993605777301000873E-15 ) ) ;
#6183 = DIRECTION ( 'NONE',  ( 0.000000000000000000, 0.000000000000000000, 1.000000000000000000 ) ) ;
#6184 = FACE_OUTER_BOUND ( 'NONE', #2089, .T. ) ;
#6185 = CIRCLE ( 'NONE', #4463, 0.1499999999999998834 ) ;
#6186 = CARTESIAN_POINT ( 'NONE',  ( -2.043024278989999942, 8.208688985974999852, 1.442499123044999942 ) ) ;
#6187 = DIRECTION ( 'NONE',  ( -3.030714317523045199E-16, -1.000000000000000000, 1.121438181336091958E-16 ) ) ;
#6188 = CARTESIAN_POINT ( 'NONE',  ( 0.5886274436479999039, 9.340305573153001362, 7.477014545014999847 ) ) ;
#6189 = EDGE_CURVE ( 'NONE', #6243, #290, #2048, .T. ) ;
#6190 = CARTESIAN_POINT ( 'NONE',  ( -7.417502401904000564, 5.774224947921999807, -1.110996470514999945 ) ) ;
#6191 = AXIS2_PLACEMENT_3D ( 'NONE', #4829, #2434, #1459 ) ;
#6192 = CARTESIAN_POINT ( 'NONE',  ( -7.273799909600999314, 7.489732786341999571, 1.828074033575999957 ) ) ;
#6193 = VERTEX_POINT ( 'NONE', #2984 ) ;
#6194 = DIRECTION ( 'NONE',  ( -0.5877852522921384049, -7.814069711607236881E-16, -0.8090169943751905901 ) ) ;
#6195 = EDGE_CURVE ( 'NONE', #2674, #2937, #67, .T. ) ;
#6196 = VECTOR ( 'NONE', #3812, 1000.000000000000000 ) ;
#6197 = EDGE_LOOP ( 'NONE', ( #4108, #236, #4210, #2804 ) ) ;
#6198 = ORIENTED_EDGE ( 'NONE', *, *, #1063, .F. ) ;
#6199 = CARTESIAN_POINT ( 'NONE',  ( -6.672440377996000575E-15, 11.29999999999999893, 2.499999999999981348 ) ) ;
#6200 = AXIS2_PLACEMENT_3D ( 'NONE', #4948, #3493, #1610 ) ;
#6201 = CARTESIAN_POINT ( 'NONE',  ( -1.889136531484000070, 7.613900066413999745, -1.637474743043999981 ) ) ;
#6202 = CARTESIAN_POINT ( 'NONE',  ( -1.643625656718000094, 7.237986847795999878, 1.883764305177000109 ) ) ;
#6203 = ORIENTED_EDGE ( 'NONE', *, *, #3280, .F. ) ;
#6204 = PLANE ( 'NONE',  #2718 ) ;
#6205 = ORIENTED_EDGE ( 'NONE', *, *, #615, .T. ) ;
#6206 = CIRCLE ( 'NONE', #3466, 1.000000000000000000 ) ;
#6207 = CARTESIAN_POINT ( 'NONE',  ( -3.757595644535999924, 3.500000000000000000, 4.820730169109999963 ) ) ;
#6208 = ADVANCED_FACE ( 'NONE', ( #2924 ), #533, .F. ) ;
#6209 = VERTEX_POINT ( 'NONE', #339 ) ;
#6210 = CARTESIAN_POINT ( 'NONE',  ( 1.157030085723887257E-14, 3.499999999999994227, -7.300000000000004263 ) ) ;
#6211 = CARTESIAN_POINT ( 'NONE',  ( 0.9174891288058931726, -0.4108622135170338363, -0.1544840639484347522 ) ) ;
#6212 = VERTEX_POINT ( 'NONE', #2261 ) ;
#6213 = CARTESIAN_POINT ( 'NONE',  ( -2.083998275786999699, -3.500000000000000000, -5.745947752783999718 ) ) ;
#6214 = CARTESIAN_POINT ( 'NONE',  ( 0.5610830881120000280, -3.500000000000000000, 6.099520486024999855 ) ) ;
#6215 = DIRECTION ( 'NONE',  ( 0.000000000000000000, 0.000000000000000000, 1.000000000000000000 ) ) ;
#6216 = ADVANCED_FACE ( 'NONE', ( #3201 ), #5099, .T. ) ;
#6217 = CARTESIAN_POINT ( 'NONE',  ( -1.062941020859999863, 9.066491106191001847, 7.424623386729000352 ) ) ;
#6218 = CARTESIAN_POINT ( 'NONE',  ( -1.985660716214999733, 8.051828508903000170, 1.519803406924000067 ) ) ;
#6219 = DIRECTION ( 'NONE',  ( 0.5877852522921380718, -4.336808689942017736E-16, 0.8090169943751908121 ) ) ;
#6220 = CARTESIAN_POINT ( 'NONE',  ( -2.498001805407000196E-15, 9.449999999999999289, 7.500000000000000000 ) ) ;
#6221 = AXIS2_PLACEMENT_3D ( 'NONE', #2571, #188, #5961 ) ;
#6222 = AXIS2_PLACEMENT_3D ( 'NONE', #3635, #5067, #5539 ) ;
#6223 = CARTESIAN_POINT ( 'NONE',  ( -2.176127871379999856, 3.500000000000000000, -5.560519780239999932 ) ) ;
#6224 = CARTESIAN_POINT ( 'NONE',  ( -7.321644361006000246, 6.471910136466999752, 1.626022397017000021 ) ) ;
#6225 = VECTOR ( 'NONE', #5247, 1000.000000000000114 ) ;
#6226 = CARTESIAN_POINT ( 'NONE',  ( 0.2013392410339999994, -3.500000000000000000, -5.958797487851000163 ) ) ;
#6227 = SPHERICAL_SURFACE ( 'NONE', #4337, 0.5773502691900000983 ) ;
#6228 = ORIENTED_EDGE ( 'NONE', *, *, #3774, .F. ) ;
#6229 = ORIENTED_EDGE ( 'NONE', *, *, #1685, .F. ) ;
#6230 = B_SPLINE_CURVE_WITH_KNOTS ( 'NONE', 7,
 ( #1326, #979, #1830, #2862, #2829, #5171, #1861, #3743, #4247, #440, #2892, #4789, #883, #1411, #6190, #6252, #4818, #3709, #853, #2420, #4724, #3333, #470, #4696, #4759, #408, #2331, #6123, #2363, #4278, #3243, #2393 ),
 .UNSPECIFIED., .F., .F.,
 ( 8, 6, 6, 6, 6, 8 ),
 ( 0.000000000000000000, 0.4434567456690000076, 0.6061299474550000399, 0.7468554188649999537, 0.8465780312899999771, 1.000000000000000000 ),
 .UNSPECIFIED. ) ;
#6231 = AXIS2_PLACEMENT_3D ( 'NONE', #28, #2677, #4641 ) ;
#6232 = DIRECTION ( 'NONE',  ( 0.9510565162951234441, -1.301042606982605912E-15, 0.3090169943750403769 ) ) ;
#6233 = ADVANCED_FACE ( 'NONE', ( #1225 ), #4659, .T. ) ;
#6234 = CARTESIAN_POINT ( 'NONE',  ( -1.160101905696000024, 8.580801119380000230, 2.217113607321000046 ) ) ;
#6235 = ORIENTED_EDGE ( 'NONE', *, *, #3264, .T. ) ;
#6236 = DIRECTION ( 'NONE',  ( 0.000000000000000000, 0.000000000000000000, -1.000000000000000000 ) ) ;
#6237 = VERTEX_POINT ( 'NONE', #5514 ) ;
#6238 = CARTESIAN_POINT ( 'NONE',  ( -5.844347473592999442, 3.500000000000000000, 0.9256537036670000607 ) ) ;
#6239 = EDGE_CURVE ( 'NONE', #888, #2498, #1878, .T. ) ;
#6240 = ORIENTED_EDGE ( 'NONE', *, *, #2595, .T. ) ;
#6241 = ORIENTED_EDGE ( 'NONE', *, *, #6195, .T. ) ;
#6242 = CARTESIAN_POINT ( 'NONE',  ( -5.777650869670999612, -3.500000000000000000, -1.507867092026000000 ) ) ;
#6243 = VERTEX_POINT ( 'NONE', #4598 ) ;
#6244 = FACE_OUTER_BOUND ( 'NONE', #3848, .T. ) ;
#6245 = CARTESIAN_POINT ( 'NONE',  ( -0.7231102150610000390, 5.517648200016000537, 7.465313720445999834 ) ) ;
#6246 = APPLICATION_PROTOCOL_DEFINITION ( 'draft international standard', 'automotive_design', 1998, #6254 ) ;
#6247 = CARTESIAN_POINT ( 'NONE',  ( 1.351233760588000044, -3.500000000000000000, -5.974372913993000189 ) ) ;
#6248 = CYLINDRICAL_SURFACE ( 'NONE', #3620, 0.1499999999999998834 ) ;
#6249 = CARTESIAN_POINT ( 'NONE',  ( 4.039133941280000251, 3.500000000000000000, 4.604819366229000011 ) ) ;
#6250 = CYLINDRICAL_SURFACE ( 'NONE', #2333, 0.1499999999999998834 ) ;
#6251 = ADVANCED_FACE ( 'NONE', ( #3636 ), #4286, .T. ) ;
#6252 = CARTESIAN_POINT ( 'NONE',  ( -7.424623386565000871, 5.733508894739999917, -1.062941021971000044 ) ) ;
#6253 = CYLINDRICAL_SURFACE ( 'NONE', #987, 1.000000000000000000 ) ;
#6254 = APPLICATION_CONTEXT ( 'automotive_design' ) ;
#6255 = CARTESIAN_POINT ( 'NONE',  ( -7.312834672347999998, 8.247277123112001007, 1.666654096503000115 ) ) ;
#6256 = ORIENTED_EDGE ( 'NONE', *, *, #3878, .F. ) ;
#6257 = CARTESIAN_POINT ( 'NONE',  ( 1.824656580445999987, 7.231987330272000136, 7.274656580445999943 ) ) ;
#6258 = CIRCLE ( 'NONE', #410, 7.299999999999999822 ) ;
#6259 = NEXT_ASSEMBLY_USAGE_OCCURRENCE ( 'NAUO1', ' ', ' ', #64, #3069, $ ) ;
#6260 = NEXT_ASSEMBLY_USAGE_OCCURRENCE ( 'NAUO2', ' ', ' ', #3069, #961, $ ) ;
#6261 = NEXT_ASSEMBLY_USAGE_OCCURRENCE ( 'NAUO3', ' ', ' ', #3069, #3722, $ ) ;
#6262 = NEXT_ASSEMBLY_USAGE_OCCURRENCE ( 'NAUO4', ' ', ' ', #3069, #3722, $ ) ;
ENDSEC;
END-ISO-10303-21;
