ISO-10303-21;
HEADER;
FILE_DESCRIPTION (( 'STEP AP214' ),
    '1' );
FILE_NAME ('PlantCarriageAssembly.STEP',
    '2026-08-22T12:12:50',
    ( '' ),
    ( '' ),
    'SwSTEP 2.0',
    'SolidWorks 2026',
    '' );
FILE_SCHEMA (( 'AUTOMOTIVE_DESIGN' ));
ENDSEC;

DATA;
#1 = CIRCLE ( 'NONE', #1481, 2.700000000000008171 ) ;
#2 = EDGE_CURVE ( 'NONE', #3466, #2954, #2652, .T. ) ;
#3 = DIRECTION ( 'NONE',  ( 0.000000000000000000, 0.000000000000000000, -1.000000000000000000 ) ) ;
#4 = VERTEX_POINT ( 'NONE', #4350 ) ;
#5 = ORIENTED_EDGE ( 'NONE', *, *, #5102, .T. ) ;
#6 = FACE_OUTER_BOUND ( 'NONE', #1218, .T. ) ;
#7 = SHAPE_REPRESENTATION ( 'VWheelSpacer', ( #1361 ), #4750 ) ;
#8 = VECTOR ( 'NONE', #4808, 1000.000000000000000 ) ;
#9 = DIRECTION ( 'NONE',  ( 0.000000000000000000, -0.000000000000000000, 1.000000000000000000 ) ) ;
#10 = ADVANCED_FACE ( 'NONE', ( #1001 ), #599, .T. ) ;
#11 = CARTESIAN_POINT ( 'NONE',  ( -7.795795067367063957, 600.0000000000000000, -7.400450851637264904 ) ) ;
#12 = FACE_OUTER_BOUND ( 'NONE', #4288, .T. ) ;
#13 = CARTESIAN_POINT ( 'NONE',  ( 17.91845896426626794, 19.20953371734405124, 13.93314829172886249 ) ) ;
#14 = ADVANCED_FACE ( 'NONE', ( #131 ), #1379, .T. ) ;
#15 = CARTESIAN_POINT ( 'NONE',  ( -6.500000000001271871, -71.33070671946410357, 0.000000000000000000 ) ) ;
#16 = FACE_OUTER_BOUND ( 'NONE', #406, .T. ) ;
#17 = PLANE ( 'NONE',  #3008 ) ;
#18 = ORIENTED_EDGE ( 'NONE', *, *, #4799, .F. ) ;
#19 = FACE_OUTER_BOUND ( 'NONE', #698, .T. ) ;
#20 = VERTEX_POINT ( 'NONE', #5172 ) ;
#21 = ORIENTED_EDGE ( 'NONE', *, *, #3636, .F. ) ;
#22 = CIRCLE ( 'NONE', #569, 2.500000000000000000 ) ;
#23 =( GEOMETRIC_REPRESENTATION_CONTEXT ( 3 ) GLOBAL_UNCERTAINTY_ASSIGNED_CONTEXT ( ( #3095 ) ) GLOBAL_UNIT_ASSIGNED_CONTEXT ( ( #197, #3948, #4764 ) ) REPRESENTATION_CONTEXT ( 'NONE', 'WORKASPACE' ) );
#24 = CARTESIAN_POINT ( 'NONE',  ( 0.000000000000000000, 600.0000000000000000, 6.299549148362684647 ) ) ;
#25 = ORIENTED_EDGE ( 'NONE', *, *, #1839, .F. ) ;
#26 = ORIENTED_EDGE ( 'NONE', *, *, #552, .F. ) ;
#27 = DIRECTION ( 'NONE',  ( 0.000000000000000000, 1.000000000000000000, 0.000000000000000000 ) ) ;
#28 = CARTESIAN_POINT ( 'NONE',  ( -32.81334581156930597, -73.40416029259171182, 0.000000000000000000 ) ) ;
#29 = EDGE_LOOP ( 'NONE', ( #3275, #764 ) ) ;
#30 = ORIENTED_EDGE ( 'NONE', *, *, #1434, .T. ) ;
#31 = CARTESIAN_POINT ( 'NONE',  ( 12.81334581156804298, -73.40416029259174024, 6.000000000000000000 ) ) ;
#32 = EDGE_CURVE ( 'NONE', #1385, #595, #571, .T. ) ;
#33 = CARTESIAN_POINT ( 'NONE',  ( -13.50000000000127187, -75.33070671946410357, 6.000000000000000000 ) ) ;
#34 = CARTESIAN_POINT ( 'NONE',  ( 9.404204932632941549, 600.0000000000000000, -10.90045085163731464 ) ) ;
#35 = DIRECTION ( 'NONE',  ( 0.000000000000000000, 0.000000000000000000, 1.000000000000000000 ) ) ;
#36 = AXIS2_PLACEMENT_3D ( 'NONE', #1968, #728, #5375 ) ;
#37 = AXIS2_PLACEMENT_3D ( 'NONE', #5116, #3356, #2119 ) ;
#38 = ADVANCED_FACE ( 'NONE', ( #3121 ), #5220, .F. ) ;
#39 = DIRECTION ( 'NONE',  ( 0.000000000000000000, 0.000000000000000000, 1.000000000000000000 ) ) ;
#40 = DIRECTION ( 'NONE',  ( -1.000000000000000000, 0.000000000000000000, 0.000000000000000000 ) ) ;
#41 = DIRECTION ( 'NONE',  ( 0.000000000000000000, 0.000000000000000000, 1.000000000000000000 ) ) ;
#42 = CONICAL_SURFACE ( 'NONE', #303, 8.000000000000000000, 0.7853981633974574939 ) ;
#43 = ORIENTED_EDGE ( 'NONE', *, *, #1278, .T. ) ;
#44 = LINE ( 'NONE', #3360, #150 ) ;
#45 = ORIENTED_EDGE ( 'NONE', *, *, #5109, .T. ) ;
#46 = ORIENTED_EDGE ( 'NONE', *, *, #212, .F. ) ;
#47 = FACE_OUTER_BOUND ( 'NONE', #1204, .T. ) ;
#48 = AXIS2_PLACEMENT_3D ( 'NONE', #4804, #5196, #1076 ) ;
#49 = FACE_OUTER_BOUND ( 'NONE', #4199, .T. ) ;
#50 = EDGE_CURVE ( 'NONE', #5061, #253, #4783, .T. ) ;
#51 = LINE ( 'NONE', #2517, #3829 ) ;
#52 = ORIENTED_EDGE ( 'NONE', *, *, #1026, .T. ) ;
#53 = AXIS2_PLACEMENT_3D ( 'NONE', #3280, #3682, #2449 ) ;
#54 = FACE_OUTER_BOUND ( 'NONE', #1860, .T. ) ;
#55 = PRESENTATION_LAYER_ASSIGNMENT (  '', '', ( #2682 ) ) ;
#56 = ORIENTED_EDGE ( 'NONE', *, *, #1398, .T. ) ;
#57 = ORIENTED_EDGE ( 'NONE', *, *, #4096, .F. ) ;
#58 = CONICAL_SURFACE ( 'NONE', #1275, 9.875000000000000000, 0.7853981633974503884 ) ;
#59 = DIRECTION ( 'NONE',  ( 0.000000000000000000, 0.000000000000000000, 1.000000000000000000 ) ) ;
#60 = CARTESIAN_POINT ( 'NONE',  ( -55.00000000000129319, -148.4041602925916834, -14.00000000000000000 ) ) ;
#61 = EDGE_LOOP ( 'NONE', ( #5194, #4986, #179, #611 ) ) ;
#62 = ORIENTED_EDGE ( 'NONE', *, *, #2895, .T. ) ;
#63 = DIRECTION ( 'NONE',  ( -0.000000000000000000, -0.000000000000000000, -1.000000000000000000 ) ) ;
#64 = EDGE_CURVE ( 'NONE', #3286, #4977, #981, .T. ) ;
#65 = DIRECTION ( 'NONE',  ( 0.000000000000000000, 0.000000000000000000, -1.000000000000000000 ) ) ;
#66 = APPLICATION_PROTOCOL_DEFINITION ( 'draft international standard', 'automotive_design', 1998, #421 ) ;
#67 = DIRECTION ( 'NONE',  ( -1.000000000000000000, 0.000000000000000000, 0.000000000000000000 ) ) ;
#68 = LINE ( 'NONE', #2202, #390 ) ;
#69 = CARTESIAN_POINT ( 'NONE',  ( 5.100000000000000533, 0.000000000000000000, 0.000000000000000000 ) ) ;
#70 = VECTOR ( 'NONE', #4226, 1000.000000000000000 ) ;
#71 = LINE ( 'NONE', #3857, #1918 ) ;
#72 = EDGE_CURVE ( 'NONE', #2667, #1751, #5198, .T. ) ;
#73 = VERTEX_POINT ( 'NONE', #2678 ) ;
#74 = DIRECTION ( 'NONE',  ( -1.000000000000000000, 0.000000000000000000, 0.000000000000000000 ) ) ;
#75 = CIRCLE ( 'NONE', #343, 8.000000000000000000 ) ;
#76 = EDGE_LOOP ( 'NONE', ( #2524, #2607, #3046, #882 ) ) ;
#77 = DIRECTION ( 'NONE',  ( -0.000000000000000000, -1.000000000000000000, -0.000000000000000000 ) ) ;
#78 = DIRECTION ( 'NONE',  ( -0.7071067811865470176, 0.000000000000000000, 0.7071067811865480168 ) ) ;
#79 = EDGE_CURVE ( 'NONE', #1932, #3508, #3072, .T. ) ;
#80 = CYLINDRICAL_SURFACE ( 'NONE', #1249, 2.700000000000008171 ) ;
#81 = AXIS2_PLACEMENT_3D ( 'NONE', #1500, #4825, #1554 ) ;
#82 = EDGE_CURVE ( 'NONE', #659, #3649, #4427, .T. ) ;
#83 = DIRECTION ( 'NONE',  ( -0.000000000000000000, -0.000000000000000000, -1.000000000000000000 ) ) ;
#84 = VERTEX_POINT ( 'NONE', #5151 ) ;
#85 = ORIENTED_EDGE ( 'NONE', *, *, #820, .T. ) ;
#86 = EDGE_CURVE ( 'NONE', #1818, #4814, #2081, .T. ) ;
#87 = ORIENTED_EDGE ( 'NONE', *, *, #1269, .F. ) ;
#88 = CIRCLE ( 'NONE', #2792, 2.649999999999999911 ) ;
#89 = DIRECTION ( 'NONE',  ( -1.000000000000000000, 0.000000000000000000, 0.000000000000000000 ) ) ;
#90 = DIRECTION ( 'NONE',  ( -0.000000000000000000, -0.000000000000000000, -1.000000000000000000 ) ) ;
#91 = ORIENTED_EDGE ( 'NONE', *, *, #1373, .F. ) ;
#92 = VECTOR ( 'NONE', #1851, 1000.000000000000000 ) ;
#93 = EDGE_LOOP ( 'NONE', ( #1917, #238, #2005, #1955 ) ) ;
#94 = DIRECTION ( 'NONE',  ( 0.000000000000000000, 0.000000000000000000, -1.000000000000000000 ) ) ;
#95 = VECTOR ( 'NONE', #1682, 1000.000000000000000 ) ;
#96 = CARTESIAN_POINT ( 'NONE',  ( -5.087621801062966576, 600.0000000000000000, 0.000000000000000000 ) ) ;
#97 = CYLINDRICAL_SURFACE ( 'NONE', #3348, 2.700000000000008171 ) ;
#98 = VECTOR ( 'NONE', #2973, 1000.000000000000000 ) ;
#99 = CARTESIAN_POINT ( 'NONE',  ( 3.469204932632942384, 0.000000000000000000, -5.800450851637321215 ) ) ;
#100 = FACE_BOUND ( 'NONE', #1222, .T. ) ;
#101 = DIRECTION ( 'NONE',  ( 1.000000000000000000, 0.000000000000000000, 0.000000000000000000 ) ) ;
#102 = AXIS2_PLACEMENT_3D ( 'NONE', #117, #59, #5072 ) ;
#103 = VERTEX_POINT ( 'NONE', #1840 ) ;
#104 = CARTESIAN_POINT ( 'NONE',  ( 2.774999999999999911, 0.000000000000000000, 0.000000000000000000 ) ) ;
#105 = ORIENTED_EDGE ( 'NONE', *, *, #86, .T. ) ;
#106 = DIRECTION ( 'NONE',  ( 1.000000000000000000, 0.000000000000000000, 0.000000000000000000 ) ) ;
#107 = CARTESIAN_POINT ( 'NONE',  ( -2.660795067367058842, 600.0000000000000000, -5.800450851637316774 ) ) ;
#108 = EDGE_CURVE ( 'NONE', #1085, #2500, #773, .T. ) ;
#109 = CARTESIAN_POINT ( 'NONE',  ( -5.299999999999999822, 9.797174393178825657E-16, 8.000000000000000000 ) ) ;
#110 = ORIENTED_EDGE ( 'NONE', *, *, #4902, .F. ) ;
#111 = EDGE_CURVE ( 'NONE', #1087, #4890, #1464, .T. ) ;
#112 = ORIENTED_EDGE ( 'NONE', *, *, #4931, .T. ) ;
#113 = ORIENTED_EDGE ( 'NONE', *, *, #3210, .T. ) ;
#114 = EDGE_CURVE ( 'NONE', #2929, #3658, #1923, .T. ) ;
#115 = VECTOR ( 'NONE', #203, 1000.000000000000000 ) ;
#116 = AXIS2_PLACEMENT_3D ( 'NONE', #1382, #3053, #3774 ) ;
#117 = CARTESIAN_POINT ( 'NONE',  ( 10.11334581156804369, -73.40416029259174024, 0.000000000000000000 ) ) ;
#118 = CARTESIAN_POINT ( 'NONE',  ( -1.107687832066692080, 0.000000000000000000, -1.072237708017153013 ) ) ;
#119 = ORIENTED_EDGE ( 'NONE', *, *, #1622, .F. ) ;
#120 = ORIENTED_EDGE ( 'NONE', *, *, #5143, .F. ) ;
#121 = CYLINDRICAL_SURFACE ( 'NONE', #3701, 15.00000000000002665 ) ;
#122 = LINE ( 'NONE', #3819, #422 ) ;
#123 = DIRECTION ( 'NONE',  ( -0.000000000000000000, -1.000000000000000000, -0.000000000000000000 ) ) ;
#124 = FACE_BOUND ( 'NONE', #3999, .T. ) ;
#125 = VERTEX_POINT ( 'NONE', #2396 ) ;
#126 = LINE ( 'NONE', #2964, #2133 ) ;
#127 = DIRECTION ( 'NONE',  ( 8.673617379884035472E-17, 0.000000000000000000, 1.000000000000000000 ) ) ;
#128 = DIRECTION ( 'NONE',  ( -0.6943076225630967491, 0.000000000000000000, -0.7196783484660216335 ) ) ;
#129 = ORIENTED_EDGE ( 'NONE', *, *, #1532, .F. ) ;
#130 = CARTESIAN_POINT ( 'NONE',  ( 10.40420493263294155, 0.000000000000000000, -6.750450851637320504 ) ) ;
#131 = FACE_OUTER_BOUND ( 'NONE', #851, .T. ) ;
#132 = PRODUCT ( 'VWheelSpacer', 'VWheelSpacer', '', ( #2170 ) ) ;
#133 = AXIS2_PLACEMENT_3D ( 'NONE', #4895, #2379, #3593 ) ;
#134 = DIRECTION ( 'NONE',  ( -1.000000000000000000, 0.000000000000000000, 3.645409442498240749E-15 ) ) ;
#135 = CARTESIAN_POINT ( 'NONE',  ( 6.819710450593335693, 600.0000000000000000, -7.400450851637299543 ) ) ;
#136 = FACE_OUTER_BOUND ( 'NONE', #3732, .T. ) ;
#137 = DIRECTION ( 'NONE',  ( -3.820353495218088492E-15, 0.000000000000000000, -1.000000000000000000 ) ) ;
#138 = EDGE_LOOP ( 'NONE', ( #1303, #2917, #4496, #1736 ) ) ;
#139 = ORIENTED_EDGE ( 'NONE', *, *, #2713, .T. ) ;
#140 = AXIS2_PLACEMENT_3D ( 'NONE', #5117, #3069, #3043 ) ;
#141 = ORIENTED_EDGE ( 'NONE', *, *, #3838, .T. ) ;
#142 = EDGE_CURVE ( 'NONE', #4633, #4866, #4095, .T. ) ;
#143 = AXIS2_PLACEMENT_3D ( 'NONE', #4110, #4627, #3369 ) ;
#144 = VECTOR ( 'NONE', #3457, 1000.000000000000000 ) ;
#145 = CARTESIAN_POINT ( 'NONE',  ( -8.595795067367062003, 0.000000000000000000, -11.90045085163731642 ) ) ;
#146 = DIRECTION ( 'NONE',  ( -1.000000000000000000, 0.000000000000000000, 0.000000000000000000 ) ) ;
#147 = VERTEX_POINT ( 'NONE', #1999 ) ;
#148 = EDGE_CURVE ( 'NONE', #5134, #4231, #4810, .T. ) ;
#149 = VERTEX_POINT ( 'NONE', #4884 ) ;
#150 = VECTOR ( 'NONE', #1162, 1000.000000000000000 ) ;
#151 = CARTESIAN_POINT ( 'NONE',  ( -32.00000000000127898, -71.40416029259172603, 6.000000000000000000 ) ) ;
#152 = VECTOR ( 'NONE', #1985, 1000.000000000000000 ) ;
#153 = CARTESIAN_POINT ( 'NONE',  ( -5.000000000000000000, 0.000000000000000000, 0.000000000000000000 ) ) ;
#154 = ADVANCED_FACE ( 'NONE', ( #3685 ), #1973, .F. ) ;
#155 = CARTESIAN_POINT ( 'NONE',  ( 5.299999999999999822, 0.000000000000000000, 0.000000000000000000 ) ) ;
#156 = EDGE_CURVE ( 'NONE', #3772, #1242, #1158, .T. ) ;
#157 = CARTESIAN_POINT ( 'NONE',  ( -0.3992869873572704176, 600.0000000000000000, -0.4124881396086252927 ) ) ;
#158 = ORIENTED_EDGE ( 'NONE', *, *, #654, .F. ) ;
#159 = CARTESIAN_POINT ( 'NONE',  ( -3.495795067367066800, 0.000000000000000000, -4.965450851637312368 ) ) ;
#160 = LINE ( 'NONE', #3450, #3873 ) ;
#161 = CARTESIAN_POINT ( 'NONE',  ( 0.7903489696169425649, 600.0000000000000000, -0.8164793405280369454 ) ) ;
#162 = DIRECTION ( 'NONE',  ( -0.6943076225630967491, 0.000000000000000000, 0.7196783484660216335 ) ) ;
#163 = CYLINDRICAL_SURFACE ( 'NONE', #3187, 10.00000000000000178 ) ;
#164 = FACE_OUTER_BOUND ( 'NONE', #1047, .T. ) ;
#165 = CARTESIAN_POINT ( 'NONE',  ( -25.11334581156929957, -113.4041602925917118, -4.000000000000000000 ) ) ;
#166 = EDGE_LOOP ( 'NONE', ( #4452, #2365, #2896, #3690 ) ) ;
#167 = VECTOR ( 'NONE', #1055, 1000.000000000000000 ) ;
#168 = DIRECTION ( 'NONE',  ( -1.000000000000000000, 0.000000000000000000, 0.000000000000000000 ) ) ;
#169 = DIRECTION ( 'NONE',  ( -0.000000000000000000, -0.000000000000000000, -1.000000000000000000 ) ) ;
#170 = DIRECTION ( 'NONE',  ( 1.000000000000000000, 0.000000000000000000, 0.000000000000000000 ) ) ;
#171 = ORIENTED_EDGE ( 'NONE', *, *, #2913, .T. ) ;
#172 = ORIENTED_EDGE ( 'NONE', *, *, #1040, .T. ) ;
#173 = AXIS2_PLACEMENT_3D ( 'NONE', #2912, #2060, #916 ) ;
#174 = EDGE_CURVE ( 'NONE', #403, #4078, #2027, .T. ) ;
#175 = DIRECTION ( 'NONE',  ( 0.000000000000000000, 0.000000000000000000, -1.000000000000000000 ) ) ;
#176 = EDGE_CURVE ( 'NONE', #2667, #232, #4459, .T. ) ;
#177 = VECTOR ( 'NONE', #2903, 1000.000000000000000 ) ;
#178 = CYLINDRICAL_SURFACE ( 'NONE', #3561, 5.000000000000002665 ) ;
#179 = ORIENTED_EDGE ( 'NONE', *, *, #3040, .T. ) ;
#180 = FACE_BOUND ( 'NONE', #4709, .T. ) ;
#181 = VERTEX_POINT ( 'NONE', #1078 ) ;
#182 = EDGE_CURVE ( 'NONE', #1784, #393, #731, .T. ) ;
#183 = VECTOR ( 'NONE', #2581, 1000.000000000000000 ) ;
#184 = LINE ( 'NONE', #2750, #4894 ) ;
#185 = EDGE_CURVE ( 'NONE', #149, #1418, #1561, .T. ) ;
#186 = LINE ( 'NONE', #1837, #3342 ) ;
#187 = DIRECTION ( 'NONE',  ( 0.000000000000000000, 0.000000000000000000, 1.000000000000000000 ) ) ;
#188 = CIRCLE ( 'NONE', #2003, 6.250000000000000000 ) ;
#189 = DIRECTION ( 'NONE',  ( -2.334660469299946561E-15, 0.000000000000000000, -1.000000000000000000 ) ) ;
#190 = CARTESIAN_POINT ( 'NONE',  ( -47.00000000000130740, -71.40416029259168340, 0.000000000000000000 ) ) ;
#191 = CIRCLE ( 'NONE', #2284, 7.799999999999999822 ) ;
#192 = DIRECTION ( 'NONE',  ( 0.000000000000000000, 1.000000000000000000, 0.000000000000000000 ) ) ;
#193 = DIRECTION ( 'NONE',  ( 0.000000000000000000, 0.000000000000000000, 1.000000000000000000 ) ) ;
#194 = ORIENTED_EDGE ( 'NONE', *, *, #4030, .T. ) ;
#195 = ORIENTED_EDGE ( 'NONE', *, *, #4200, .F. ) ;
#196 = DIRECTION ( 'NONE',  ( 0.000000000000000000, 0.000000000000000000, -1.000000000000000000 ) ) ;
#197 =( LENGTH_UNIT ( ) NAMED_UNIT ( * ) SI_UNIT ( .MILLI., .METRE. ) );
#198 = LINE ( 'NONE', #992, #3824 ) ;
#199 = ORIENTED_EDGE ( 'NONE', *, *, #330, .T. ) ;
#200 = ORIENTED_EDGE ( 'NONE', *, *, #1026, .F. ) ;
#201 = DIRECTION ( 'NONE',  ( -0.000000000000000000, -0.000000000000000000, -1.000000000000000000 ) ) ;
#202 = AXIS2_PLACEMENT_3D ( 'NONE', #2349, #2758, #3994 ) ;
#203 = DIRECTION ( 'NONE',  ( 0.000000000000000000, 0.000000000000000000, -1.000000000000000000 ) ) ;
#204 = CONTEXT_DEPENDENT_SHAPE_REPRESENTATION ( #4695, #705 ) ;
#205 = DIRECTION ( 'NONE',  ( -1.000000000000000000, 0.000000000000000000, 0.000000000000000000 ) ) ;
#206 = EDGE_LOOP ( 'NONE', ( #2377, #3846 ) ) ;
#207 = DIRECTION ( 'NONE',  ( -0.000000000000000000, 0.000000000000000000, -1.000000000000000000 ) ) ;
#208 = CARTESIAN_POINT ( 'NONE',  ( 44.99999999999869971, -148.4041602925916834, -14.00000000000000000 ) ) ;
#209 = AXIS2_PLACEMENT_3D ( 'NONE', #999, #1806, #1862 ) ;
#210 = FACE_OUTER_BOUND ( 'NONE', #3404, .T. ) ;
#211 = CARTESIAN_POINT ( 'NONE',  ( -5.087621801062966576, 600.0000000000000000, 0.000000000000000000 ) ) ;
#212 = EDGE_CURVE ( 'NONE', #742, #928, #3375, .T. ) ;
#213 = LINE ( 'NONE', #1867, #5192 ) ;
#214 = CARTESIAN_POINT ( 'NONE',  ( -13.50000000000127187, -111.4776138657193201, 0.000000000000000000 ) ) ;
#215 = FACE_OUTER_BOUND ( 'NONE', #4198, .T. ) ;
#216 = LINE ( 'NONE', #271, #1258 ) ;
#217 = CIRCLE ( 'NONE', #2578, 1.000000000000000888 ) ;
#218 = CARTESIAN_POINT ( 'NONE',  ( -65.00000000000129319, -38.40416029259168340, -14.00000000000000000 ) ) ;
#219 = ORIENTED_EDGE ( 'NONE', *, *, #884, .F. ) ;
#220 = EDGE_CURVE ( 'NONE', #2572, #2094, #1812, .T. ) ;
#221 = ORIENTED_EDGE ( 'NONE', *, *, #2730, .F. ) ;
#222 = CARTESIAN_POINT ( 'NONE',  ( -5.100000000000000533, 0.000000000000000000, -9.875000000000000000 ) ) ;
#223 = CARTESIAN_POINT ( 'NONE',  ( 0.4042049326329407721, 0.000000000000000000, 0.1995491483626843643 ) ) ;
#224 = ORIENTED_EDGE ( 'NONE', *, *, #1839, .T. ) ;
#225 = AXIS2_PLACEMENT_3D ( 'NONE', #2511, #2063, #2893 ) ;
#226 = ORIENTED_EDGE ( 'NONE', *, *, #2853, .F. ) ;
#227 = LINE ( 'NONE', #4739, #3452 ) ;
#228 = CIRCLE ( 'NONE', #143, 2.700000000000000178 ) ;
#229 = CARTESIAN_POINT ( 'NONE',  ( 3.469204932632941496, 0.000000000000000000, 6.299549148362684647 ) ) ;
#230 = FACE_OUTER_BOUND ( 'NONE', #4439, .T. ) ;
#231 = VERTEX_POINT ( 'NONE', #4836 ) ;
#232 = VERTEX_POINT ( 'NONE', #680 ) ;
#233 = VECTOR ( 'NONE', #4988, 1000.000000000000000 ) ;
#234 = DIRECTION ( 'NONE',  ( -7.885106708985496429E-17, -1.000000000000000000, 0.000000000000000000 ) ) ;
#235 = CYLINDRICAL_SURFACE ( 'NONE', #2842, 2.500000000000000000 ) ;
#236 = ORIENTED_EDGE ( 'NONE', *, *, #312, .F. ) ;
#237 = FACE_OUTER_BOUND ( 'NONE', #4815, .T. ) ;
#238 = ORIENTED_EDGE ( 'NONE', *, *, #4720, .T. ) ;
#239 = CARTESIAN_POINT ( 'NONE',  ( 15.11334581156675405, -113.4041602925917118, -4.000000000000000000 ) ) ;
#240 = CARTESIAN_POINT ( 'NONE',  ( -5.299999999999999822, 0.000000000000000000, 0.000000000000000000 ) ) ;
#241 = EDGE_CURVE ( 'NONE', #4141, #2878, #4156, .T. ) ;
#242 = CARTESIAN_POINT ( 'NONE',  ( 5.904204932632939773, 600.0000000000000000, -8.315956369597751419 ) ) ;
#243 = CARTESIAN_POINT ( 'NONE',  ( 8.604204932632935510, 600.0000000000000000, -3.075191994861229720E-14 ) ) ;
#244 = VERTEX_POINT ( 'NONE', #5247 ) ;
#245 = ORIENTED_EDGE ( 'NONE', *, *, #1695, .T. ) ;
#246 = EDGE_CURVE ( 'NONE', #3815, #4953, #5327, .T. ) ;
#247 = EDGE_CURVE ( 'NONE', #3115, #2433, #3611, .T. ) ;
#248 = LINE ( 'NONE', #1903, #5363 ) ;
#249 = SURFACE_STYLE_FILL_AREA ( #3976 ) ;
#250 = LINE ( 'NONE', #5230, #1824 ) ;
#251 = EDGE_LOOP ( 'NONE', ( #1542, #1138, #2072, #470 ) ) ;
#252 = ADVANCED_FACE ( 'NONE', ( #4484 ), #759, .T. ) ;
#253 = VERTEX_POINT ( 'NONE', #1585 ) ;
#254 = AXIS2_PLACEMENT_3D ( 'NONE', #3152, #2834, #292 ) ;
#255 = LINE ( 'NONE', #1910, #3705 ) ;
#256 = CARTESIAN_POINT ( 'NONE',  ( -3.495795067367052145, 0.000000000000000000, 1.164549148362681752 ) ) ;
#257 = PLANE ( 'NONE',  #2534 ) ;
#258 = VERTEX_POINT ( 'NONE', #3255 ) ;
#259 = CIRCLE ( 'NONE', #348, 2.500000000000000000 ) ;
#260 = VERTEX_POINT ( 'NONE', #1186 ) ;
#261 = CARTESIAN_POINT ( 'NONE',  ( 0.7917581168980944994, 600.0000000000000000, -0.7664189169459756368 ) ) ;
#262 = ORIENTED_EDGE ( 'NONE', *, *, #1700, .F. ) ;
#263 = PRESENTATION_LAYER_ASSIGNMENT (  '', '', ( #3817 ) ) ;
#264 = DIRECTION ( 'NONE',  ( 1.000000000000000000, 0.000000000000000000, 0.000000000000000000 ) ) ;
#265 = FACE_OUTER_BOUND ( 'NONE', #493, .T. ) ;
#266 = DIRECTION ( 'NONE',  ( 0.000000000000000000, 0.000000000000000000, 1.000000000000000000 ) ) ;
#267 = VECTOR ( 'NONE', #1336, 1000.000000000000000 ) ;
#268 = DIRECTION ( 'NONE',  ( 1.000000000000000000, 0.000000000000000000, 0.000000000000000000 ) ) ;
#269 = DIRECTION ( 'NONE',  ( 0.000000000000000000, 0.000000000000000000, -1.000000000000000000 ) ) ;
#270 = LINE ( 'NONE', #2321, #4194 ) ;
#271 = CARTESIAN_POINT ( 'NONE',  ( -60.00000000000129319, -153.4041602925917118, 6.000000000000000000 ) ) ;
#272 = VECTOR ( 'NONE', #434, 1000.000000000000000 ) ;
#273 = LINE ( 'NONE', #1513, #1220 ) ;
#274 = ORIENTED_EDGE ( 'NONE', *, *, #2850, .F. ) ;
#275 = ORIENTED_EDGE ( 'NONE', *, *, #174, .T. ) ;
#276 = CIRCLE ( 'NONE', #1317, 3.300000000000000266 ) ;
#277 = VERTEX_POINT ( 'NONE', #2861 ) ;
#278 = ADVANCED_FACE ( 'NONE', ( #4513, #782 ), #2454, .F. ) ;
#279 = DIRECTION ( 'NONE',  ( -0.000000000000000000, -1.000000000000000000, -0.000000000000000000 ) ) ;
#280 = VERTEX_POINT ( 'NONE', #5353 ) ;
#281 = ORIENTED_EDGE ( 'NONE', *, *, #5238, .T. ) ;
#282 = EDGE_CURVE ( 'NONE', #993, #4024, #1263, .T. ) ;
#283 = DIRECTION ( 'NONE',  ( -1.000000000000000000, 0.000000000000000000, 0.000000000000000000 ) ) ;
#284 = EDGE_LOOP ( 'NONE', ( #967, #560, #360, #4701 ) ) ;
#285 = ORIENTED_EDGE ( 'NONE', *, *, #4934, .F. ) ;
#286 = SURFACE_STYLE_USAGE ( .BOTH. , #308 ) ;
#287 = VERTEX_POINT ( 'NONE', #3282 ) ;
#288 = CARTESIAN_POINT ( 'NONE',  ( 0.4042049326329404946, 600.0000000000000000, -1.900450851637315974 ) ) ;
#289 = DIRECTION ( 'NONE',  ( 0.000000000000000000, 0.000000000000000000, -1.000000000000000000 ) ) ;
#290 = AXIS2_PLACEMENT_3D ( 'NONE', #4281, #995, #1397 ) ;
#291 = LINE ( 'NONE', #1053, #4359 ) ;
#292 = DIRECTION ( 'NONE',  ( 1.000000000000000000, 0.000000000000000000, 0.000000000000000000 ) ) ;
#293 = CARTESIAN_POINT ( 'NONE',  ( 34.99999999999869971, -138.4041602925916834, -14.00000000000000000 ) ) ;
#294 = CARTESIAN_POINT ( 'NONE',  ( 5.000000000000000000, 0.000000000000000000, -4.250000000000000000 ) ) ;
#295 = CYLINDRICAL_SURFACE ( 'NONE', #3695, 2.699999999999999289 ) ;
#296 = EDGE_LOOP ( 'NONE', ( #4841, #2160, #3346, #1331 ) ) ;
#297 = VERTEX_POINT ( 'NONE', #1213 ) ;
#298 = EDGE_CURVE ( 'NONE', #2841, #2411, #5037, .T. ) ;
#299 = CARTESIAN_POINT ( 'NONE',  ( -13.50000000000127187, -75.33070671946410357, 6.000000000000000000 ) ) ;
#300 = VERTEX_POINT ( 'NONE', #2591 ) ;
#301 = EDGE_LOOP ( 'NONE', ( #1225, #4049, #327, #1006 ) ) ;
#302 = EDGE_CURVE ( 'NONE', #392, #2275, #75, .T. ) ;
#303 = AXIS2_PLACEMENT_3D ( 'NONE', #240, #1896, #1927 ) ;
#304 = ADVANCED_FACE ( 'NONE', ( #4641 ), #1029, .T. ) ;
#305 = DIRECTION ( 'NONE',  ( -0.000000000000000000, -0.000000000000000000, -1.000000000000000000 ) ) ;
#306 = VERTEX_POINT ( 'NONE', #4230 ) ;
#307 = VERTEX_POINT ( 'NONE', #1691 ) ;
#308 = SURFACE_SIDE_STYLE ('',( #4037 ) ) ;
#309 = AXIS2_PLACEMENT_3D ( 'NONE', #2367, #3230, #4016 ) ;
#310 = CIRCLE ( 'NONE', #4569, 5.000000000000003553 ) ;
#311 = CARTESIAN_POINT ( 'NONE',  ( -8.595795067367060227, 600.0000000000000000, 7.099549148362684470 ) ) ;
#312 = EDGE_CURVE ( 'NONE', #2014, #2297, #5025, .T. ) ;
#313 = LINE ( 'NONE', #5348, #3083 ) ;
#314 = CARTESIAN_POINT ( 'NONE',  ( 0.000000000000000000, 0.000000000000000000, 0.000000000000000000 ) ) ;
#315 = EDGE_CURVE ( 'NONE', #4974, #3808, #4969, .T. ) ;
#316 = LINE ( 'NONE', #2832, #8 ) ;
#317 = AXIS2_PLACEMENT_3D ( 'NONE', #2225, #5111, #475 ) ;
#318 = MECHANICAL_DESIGN_GEOMETRIC_PRESENTATION_REPRESENTATION (  '', ( #2682 ), #4745 ) ;
#319 = EDGE_CURVE ( 'NONE', #4605, #5291, #1209, .T. ) ;
#320 = DIRECTION ( 'NONE',  ( -0.000000000000000000, -0.000000000000000000, -1.000000000000000000 ) ) ;
#321 = APPLICATION_CONTEXT ( 'automotive_design' ) ;
#322 = VECTOR ( 'NONE', #3831, 999.9999999999998863 ) ;
#323 = CARTESIAN_POINT ( 'NONE',  ( 26.99999999999872813, -115.4041602925916123, 6.000000000000000000 ) ) ;
#324 = FACE_OUTER_BOUND ( 'NONE', #923, .T. ) ;
#325 = AXIS2_PLACEMENT_3D ( 'NONE', #3652, #3138, #4848 ) ;
#326 = FACE_OUTER_BOUND ( 'NONE', #284, .T. ) ;
#327 = ORIENTED_EDGE ( 'NONE', *, *, #4992, .F. ) ;
#328 = PRODUCT_DEFINITION_FORMATION_WITH_SPECIFIED_SOURCE ( 'ANY', '', #525, .NOT_KNOWN. ) ;
#329 = ORIENTED_EDGE ( 'NONE', *, *, #482, .T. ) ;
#330 = EDGE_CURVE ( 'NONE', #2165, #1578, #450, .T. ) ;
#331 = CARTESIAN_POINT ( 'NONE',  ( -1.103293939535485491, 600.0000000000000000, -1.143609452747016419 ) ) ;
#332 = VERTEX_POINT ( 'NONE', #1615 ) ;
#333 = ORIENTED_EDGE ( 'NONE', *, *, #2600, .F. ) ;
#334 = DIRECTION ( 'NONE',  ( -1.000000000000000000, 0.000000000000000000, 0.000000000000000000 ) ) ;
#335 = ORIENTED_EDGE ( 'NONE', *, *, #4343, .T. ) ;
#336 = EDGE_CURVE ( 'NONE', #3841, #5365, #2990, .T. ) ;
#337 = EDGE_LOOP ( 'NONE', ( #465, #5003 ) ) ;
#338 = VECTOR ( 'NONE', #3330, 1000.000000000000000 ) ;
#339 = CARTESIAN_POINT ( 'NONE',  ( 9.404204932632943326, 600.0000000000000000, 7.099549148362684470 ) ) ;
#340 = EDGE_LOOP ( 'NONE', ( #2324, #2364 ) ) ;
#341 = CARTESIAN_POINT ( 'NONE',  ( 10.11334581156804369, -73.40416029259174024, 6.000000000000000000 ) ) ;
#342 = DIRECTION ( 'NONE',  ( 0.000000000000000000, 0.000000000000000000, -1.000000000000000000 ) ) ;
#343 = AXIS2_PLACEMENT_3D ( 'NONE', #478, #3355, #2890 ) ;
#344 = DIRECTION ( 'NONE',  ( 0.000000000000000000, 0.000000000000000000, 1.000000000000000000 ) ) ;
#345 = EDGE_CURVE ( 'NONE', #231, #1629, #1635, .T. ) ;
#346 = DIRECTION ( 'NONE',  ( -0.7100591715976330986, 0.000000000000000000, 0.7041420118343195700 ) ) ;
#347 = ADVANCED_BREP_SHAPE_REPRESENTATION ( '', ( #574, #4099, #1361 ), #5106 ) ;
#348 = AXIS2_PLACEMENT_3D ( 'NONE', #1019, #1833, #3446 ) ;
#349 = EDGE_CURVE ( 'NONE', #388, #3551, #4613, .T. ) ;
#350 = DIRECTION ( 'NONE',  ( -1.000000000000000000, 0.000000000000000000, 0.000000000000000000 ) ) ;
#351 = LINE ( 'NONE', #2002, #3522 ) ;
#352 = CYLINDRICAL_SURFACE ( 'NONE', #4177, 4.250000000000000000 ) ;
#353 = VERTEX_POINT ( 'NONE', #4994 ) ;
#354 = EDGE_LOOP ( 'NONE', ( #3336, #3454, #2459, #670 ) ) ;
#355 = VECTOR ( 'NONE', #4896, 1000.000000000000000 ) ;
#356 = FACE_OUTER_BOUND ( 'NONE', #3538, .T. ) ;
#357 = DIRECTION ( 'NONE',  ( -0.000000000000000000, -1.000000000000000000, -0.000000000000000000 ) ) ;
#358 = EDGE_LOOP ( 'NONE', ( #2068, #2220, #2625, #3319 ) ) ;
#359 = VECTOR ( 'NONE', #4216, 1000.000000000000000 ) ;
#360 = ORIENTED_EDGE ( 'NONE', *, *, #4593, .F. ) ;
#361 = CIRCLE ( 'NONE', #3146, 6.250000000000000000 ) ;
#362 = DIRECTION ( 'NONE',  ( -1.000000000000000000, 0.000000000000000000, 0.000000000000000000 ) ) ;
#363 = ORIENTED_EDGE ( 'NONE', *, *, #4200, .T. ) ;
#364 = ORIENTED_EDGE ( 'NONE', *, *, #4669, .F. ) ;
#365 = DIRECTION ( 'NONE',  ( 0.000000000000000000, 0.000000000000000000, 1.000000000000000000 ) ) ;
#366 = LINE ( 'NONE', #3097, #1358 ) ;
#367 = CARTESIAN_POINT ( 'NONE',  ( -5.500000000000000000, 0.000000000000000000, 0.000000000000000000 ) ) ;
#368 = EDGE_CURVE ( 'NONE', #3288, #3286, #4688, .T. ) ;
#369 = CARTESIAN_POINT ( 'NONE',  ( 4.304204932632917924, 600.0000000000000000, -4.965450851637291940 ) ) ;
#370 = DIRECTION ( 'NONE',  ( 1.000000000000000000, 0.000000000000000000, 0.000000000000000000 ) ) ;
#371 = CARTESIAN_POINT ( 'NONE',  ( 11.99999999999872458, -56.40416029259167630, 6.000000000000000000 ) ) ;
#372 = DIRECTION ( 'NONE',  ( -0.000000000000000000, -1.000000000000000000, -0.000000000000000000 ) ) ;
#373 = PRODUCT_DEFINITION ( 'UNKNOWN', '', #2245, #5262 ) ;
#374 = CARTESIAN_POINT ( 'NONE',  ( -32.81334581156931307, -113.4041602925917118, 6.000000000000000000 ) ) ;
#375 = EDGE_CURVE ( 'NONE', #5061, #1951, #3387, .T. ) ;
#376 = VECTOR ( 'NONE', #4325, 1000.000000000000000 ) ;
#377 = FACE_OUTER_BOUND ( 'NONE', #987, .T. ) ;
#378 = PLANE ( 'NONE',  #4872 ) ;
#379 = ADVANCED_FACE ( 'NONE', ( #2144 ), #2482, .F. ) ;
#380 = ORIENTED_EDGE ( 'NONE', *, *, #3329, .T. ) ;
#381 = ORIENTED_EDGE ( 'NONE', *, *, #1664, .F. ) ;
#382 = EDGE_LOOP ( 'NONE', ( #3750, #1898, #725, #748, #2419, #3427, #1323, #1768 ) ) ;
#383 = DIRECTION ( 'NONE',  ( 0.000000000000000000, 1.000000000000000000, 0.000000000000000000 ) ) ;
#384 = CIRCLE ( 'NONE', #563, 5.000000000000004441 ) ;
#385 = CARTESIAN_POINT ( 'NONE',  ( -32.00000000000127187, -130.4041602925916266, 0.000000000000000000 ) ) ;
#386 = EDGE_CURVE ( 'NONE', #3373, #4141, #4147, .T. ) ;
#387 = LINE ( 'NONE', #3243, #2538 ) ;
#388 = VERTEX_POINT ( 'NONE', #1320 ) ;
#389 = ORIENTED_EDGE ( 'NONE', *, *, #638, .F. ) ;
#390 = VECTOR ( 'NONE', #3016, 1000.000000000000000 ) ;
#391 = CARTESIAN_POINT ( 'NONE',  ( 12.81334581156804298, -73.40416029259174024, 6.000000000000000000 ) ) ;
#392 = VERTEX_POINT ( 'NONE', #3740 ) ;
#393 = VERTEX_POINT ( 'NONE', #15 ) ;
#394 = LINE ( 'NONE', #2054, #3619 ) ;
#395 = DIRECTION ( 'NONE',  ( 0.6943076225630967491, 0.000000000000000000, 0.7196783484660216335 ) ) ;
#396 = DIRECTION ( 'NONE',  ( 0.000000000000000000, 0.000000000000000000, -1.000000000000000000 ) ) ;
#397 = DIRECTION ( 'NONE',  ( 0.000000000000000000, 0.000000000000000000, 1.000000000000000000 ) ) ;
#398 = EDGE_CURVE ( 'NONE', #2500, #1085, #5213, .T. ) ;
#399 = CIRCLE ( 'NONE', #3438, 2.699999999999999289 ) ;
#400 = CARTESIAN_POINT ( 'NONE',  ( -9.595795067367058451, 600.0000000000000000, 8.323025487012041902E-16 ) ) ;
#401 = DIRECTION ( 'NONE',  ( 0.000000000000000000, -0.000000000000000000, -1.000000000000000000 ) ) ;
#402 = DIRECTION ( 'NONE',  ( -0.000000000000000000, -0.000000000000000000, -1.000000000000000000 ) ) ;
#403 = VERTEX_POINT ( 'NONE', #1401 ) ;
#404 = EDGE_LOOP ( 'NONE', ( #1377, #4794, #2104, #416 ) ) ;
#405 = AXIS2_PLACEMENT_3D ( 'NONE', #1698, #429, #790 ) ;
#406 = EDGE_LOOP ( 'NONE', ( #2814, #4983 ) ) ;
#407 = AXIS2_PLACEMENT_3D ( 'NONE', #1770, #1013, #3546 ) ;
#408 = CARTESIAN_POINT ( 'NONE',  ( -60.00000000000129319, -143.4041602925917118, 6.000000000000000000 ) ) ;
#409 = EDGE_CURVE ( 'NONE', #244, #5306, #2173, .T. ) ;
#410 = CARTESIAN_POINT ( 'NONE',  ( 0.000000000000000000, 5.000000000000000000, 0.000000000000000000 ) ) ;
#411 = ORIENTED_EDGE ( 'NONE', *, *, #2983, .F. ) ;
#412 = ADVANCED_FACE ( 'NONE', ( #124, #180, #5082, #3089, #2258, #1776, #646 ), #2647, .F. ) ;
#413 = ORIENTED_EDGE ( 'NONE', *, *, #609, .T. ) ;
#414 = ADVANCED_FACE ( 'NONE', ( #974 ), #998, .T. ) ;
#415 = LINE ( 'NONE', #440, #1217 ) ;
#416 = ORIENTED_EDGE ( 'NONE', *, *, #4229, .T. ) ;
#417 = ORIENTED_EDGE ( 'NONE', *, *, #2886, .F. ) ;
#418 = LINE ( 'NONE', #1685, #3997 ) ;
#419 = DIRECTION ( 'NONE',  ( 0.000000000000000000, 0.000000000000000000, -1.000000000000000000 ) ) ;
#420 = DIRECTION ( 'NONE',  ( -0.000000000000000000, -1.000000000000000000, -0.000000000000000000 ) ) ;
#421 = APPLICATION_CONTEXT ( 'automotive_design' ) ;
#422 = VECTOR ( 'NONE', #2112, 1000.000000000000000 ) ;
#423 = CARTESIAN_POINT ( 'NONE',  ( 7.413345811566749433, -113.4041602925917118, 6.000000000000000000 ) ) ;
#424 = AXIS2_PLACEMENT_3D ( 'NONE', #2345, #1946, #268 ) ;
#425 = CARTESIAN_POINT ( 'NONE',  ( -10.00000000000127187, -111.4776138657193201, 6.000000000000000000 ) ) ;
#426 = CARTESIAN_POINT ( 'NONE',  ( 39.99999999999869971, -143.4041602925917118, 6.000000000000000000 ) ) ;
#427 = DIRECTION ( 'NONE',  ( 3.820353495218088492E-15, 0.000000000000000000, 1.000000000000000000 ) ) ;
#428 = ORIENTED_EDGE ( 'NONE', *, *, #5118, .T. ) ;
#429 = DIRECTION ( 'NONE',  ( 1.892425610156521707E-15, 1.000000000000000000, -0.000000000000000000 ) ) ;
#430 = MECHANICAL_DESIGN_GEOMETRIC_PRESENTATION_REPRESENTATION (  '', ( #5135 ), #1122 ) ;
#431 = ORIENTED_EDGE ( 'NONE', *, *, #3943, .F. ) ;
#432 = CARTESIAN_POINT ( 'NONE',  ( 39.99999999999869971, -143.4041602925917118, -14.00000000000000000 ) ) ;
#433 = VECTOR ( 'NONE', #724, 1000.000000000000000 ) ;
#434 = DIRECTION ( 'NONE',  ( 0.000000000000000000, 1.000000000000000000, 0.000000000000000000 ) ) ;
#435 = VERTEX_POINT ( 'NONE', #3823 ) ;
#436 = ADVANCED_FACE ( 'NONE', ( #3416, #5140 ), #622, .F. ) ;
#437 = VERTEX_POINT ( 'NONE', #99 ) ;
#438 = AXIS2_PLACEMENT_3D ( 'NONE', #4305, #146, #4793 ) ;
#439 = VECTOR ( 'NONE', #2402, 1000.000000000000000 ) ;
#440 = CARTESIAN_POINT ( 'NONE',  ( 49.99999999999869971, -43.40416029259172603, 6.000000000000000000 ) ) ;
#441 = VERTEX_POINT ( 'NONE', #4316 ) ;
#442 = ADVANCED_FACE ( 'NONE', ( #3520 ), #594, .F. ) ;
#443 = ORIENTED_EDGE ( 'NONE', *, *, #3717, .T. ) ;
#444 = CARTESIAN_POINT ( 'NONE',  ( -13.50000000000127187, -115.4776138657193201, 6.000000000000000000 ) ) ;
#445 = AXIS2_PLACEMENT_3D ( 'NONE', #1945, #3609, #3963 ) ;
#446 = CARTESIAN_POINT ( 'NONE',  ( -60.00000000000129319, -43.40416029259172603, -14.00000000000000000 ) ) ;
#447 = DIRECTION ( 'NONE',  ( -1.000000000000000000, 0.000000000000000000, 0.000000000000000000 ) ) ;
#448 = APPLICATION_PROTOCOL_DEFINITION ( 'draft international standard', 'automotive_design', 1998, #1697 ) ;
#449 = EDGE_CURVE ( 'NONE', #464, #2297, #259, .T. ) ;
#450 = LINE ( 'NONE', #810, #695 ) ;
#451 = ORIENTED_EDGE ( 'NONE', *, *, #2105, .T. ) ;
#452 = EDGE_CURVE ( 'NONE', #5029, #2433, #1748, .T. ) ;
#453 = CARTESIAN_POINT ( 'NONE',  ( 44.99999999999869971, -38.40416029259168340, -14.00000000000000000 ) ) ;
#454 = CYLINDRICAL_SURFACE ( 'NONE', #4827, 2.700000000000001066 ) ;
#455 = CARTESIAN_POINT ( 'NONE',  ( -6.500000000001271871, -71.33070671946410357, 6.000000000000000000 ) ) ;
#456 = ORIENTED_EDGE ( 'NONE', *, *, #3509, .F. ) ;
#457 = ORIENTED_EDGE ( 'NONE', *, *, #182, .T. ) ;
#458 = EDGE_LOOP ( 'NONE', ( #2765, #766, #3764, #1798 ) ) ;
#459 = CARTESIAN_POINT ( 'NONE',  ( -5.000000000000000000, 4.250000000000000000, 0.000000000000000000 ) ) ;
#460 = AXIS2_PLACEMENT_3D ( 'NONE', #955, #546, #3862 ) ;
#461 = FACE_OUTER_BOUND ( 'NONE', #694, .T. ) ;
#462 = DIRECTION ( 'NONE',  ( 8.673617379884035472E-17, 0.000000000000000000, 1.000000000000000000 ) ) ;
#463 = EDGE_LOOP ( 'NONE', ( #502, #2582, #1880, #5233 ) ) ;
#464 = VERTEX_POINT ( 'NONE', #5114 ) ;
#465 = ORIENTED_EDGE ( 'NONE', *, *, #3502, .T. ) ;
#466 = AXIS2_PLACEMENT_3D ( 'NONE', #1402, #1074, #234 ) ;
#467 = CARTESIAN_POINT ( 'NONE',  ( 8.604204932632939062, 600.0000000000000000, 1.164549148362685971 ) ) ;
#468 = DIRECTION ( 'NONE',  ( 1.000000000000000000, 0.000000000000000000, 0.000000000000000000 ) ) ;
#469 = EDGE_LOOP ( 'NONE', ( #1782, #5214, #26, #4410 ) ) ;
#470 = ORIENTED_EDGE ( 'NONE', *, *, #3901, .T. ) ;
#471 = PRODUCT_DEFINITION_CONTEXT ( 'detailed design', #4768, 'design' ) ;
#472 = CARTESIAN_POINT ( 'NONE',  ( -70.00000000000129319, -153.4041602925917118, 6.000000000000000000 ) ) ;
#473 = CARTESIAN_POINT ( 'NONE',  ( -5.100000000000000533, 0.000000000000000000, 0.000000000000000000 ) ) ;
#474 = EDGE_CURVE ( 'NONE', #332, #5069, #3294, .T. ) ;
#475 = DIRECTION ( 'NONE',  ( 0.000000000000000000, 1.000000000000000000, 0.000000000000000000 ) ) ;
#476 = PRODUCT_CONTEXT ( 'NONE', #421, 'mechanical' ) ;
#477 = UNCERTAINTY_MEASURE_WITH_UNIT (LENGTH_MEASURE( 1.000000000000000082E-05 ), #3281, 'distance_accuracy_value', 'NONE');
#478 = CARTESIAN_POINT ( 'NONE',  ( 5.100000000000000533, 0.000000000000000000, 0.000000000000000000 ) ) ;
#479 = ORIENTED_EDGE ( 'NONE', *, *, #4271, .F. ) ;
#480 = EDGE_CURVE ( 'NONE', #2944, #1070, #1720, .T. ) ;
#481 = DIRECTION ( 'NONE',  ( 1.000000000000000000, 0.000000000000000000, 0.000000000000000000 ) ) ;
#482 = EDGE_CURVE ( 'NONE', #1200, #3892, #4430, .T. ) ;
#483 = DIRECTION ( 'NONE',  ( 0.7041420118343195700, -0.000000000000000000, 0.7100591715976330986 ) ) ;
#484 = VECTOR ( 'NONE', #2343, 1000.000000000000000 ) ;
#485 = ADVANCED_FACE ( 'NONE', ( #564 ), #2228, .F. ) ;
#486 = ORIENTED_EDGE ( 'NONE', *, *, #3295, .T. ) ;
#487 = CARTESIAN_POINT ( 'NONE',  ( 5.904204932632940661, 600.0000000000000000, 0.000000000000000000 ) ) ;
#488 = EDGE_LOOP ( 'NONE', ( #696, #281, #113, #4985 ) ) ;
#489 = ORIENTED_EDGE ( 'NONE', *, *, #3403, .T. ) ;
#490 = LINE ( 'NONE', #982, #144 ) ;
#491 = CARTESIAN_POINT ( 'NONE',  ( -5.299999999999999822, 0.000000000000000000, 0.000000000000000000 ) ) ;
#492 = LINE ( 'NONE', #3777, #272 ) ;
#493 = EDGE_LOOP ( 'NONE', ( #2812, #1719, #4437, #522 ) ) ;
#494 =( GEOMETRIC_REPRESENTATION_CONTEXT ( 3 ) GLOBAL_UNCERTAINTY_ASSIGNED_CONTEXT ( ( #4176 ) ) GLOBAL_UNIT_ASSIGNED_CONTEXT ( ( #2480, #2450, #2559 ) ) REPRESENTATION_CONTEXT ( 'NONE', 'WORKASPACE' ) );
#495 = AXIS2_PLACEMENT_3D ( 'NONE', #2584, #9, #4170 ) ;
#496 = AXIS2_PLACEMENT_3D ( 'NONE', #2664, #4304, #5205 ) ;
#497 = VERTEX_POINT ( 'NONE', #3879 ) ;
#498 = EDGE_CURVE ( 'NONE', #4393, #441, #3992, .T. ) ;
#499 = CARTESIAN_POINT ( 'NONE',  ( -35.11334581156931023, -113.4041602925917118, 0.000000000000000000 ) ) ;
#500 = DIRECTION ( 'NONE',  ( -1.000000000000000000, 0.000000000000000000, 0.000000000000000000 ) ) ;
#501 = ORIENTED_EDGE ( 'NONE', *, *, #985, .T. ) ;
#502 = ORIENTED_EDGE ( 'NONE', *, *, #4671, .T. ) ;
#503 = PLANE ( 'NONE',  #495 ) ;
#504 = CARTESIAN_POINT ( 'NONE',  ( 0.000000000000000000, 0.000000000000000000, 0.000000000000000000 ) ) ;
#505 = DIRECTION ( 'NONE',  ( 1.000000000000000000, 0.000000000000000000, -2.430272961665491466E-15 ) ) ;
#506 = APPLICATION_PROTOCOL_DEFINITION ( 'draft international standard', 'automotive_design', 1998, #984 ) ;
#507 = MANIFOLD_SOLID_BREP ( 'Fillet1', #4857 ) ;
#508 = CARTESIAN_POINT ( 'NONE',  ( 39.99999999999869971, -143.4041602925917118, 6.000000000000000000 ) ) ;
#509 = DIRECTION ( 'NONE',  ( -0.6955157936494219539, 0.000000000000000000, -0.7185108077017455797 ) ) ;
#510 = DIRECTION ( 'NONE',  ( -8.673617379884035472E-17, 0.000000000000000000, -1.000000000000000000 ) ) ;
#511 = ADVANCED_FACE ( 'NONE', ( #2856 ), #3117, .F. ) ;
#512 = CARTESIAN_POINT ( 'NONE',  ( 0.000000000000000000, 5.000000000000000000, 0.000000000000000000 ) ) ;
#513 = ORIENTED_EDGE ( 'NONE', *, *, #4196, .T. ) ;
#514 = FACE_OUTER_BOUND ( 'NONE', #2033, .T. ) ;
#515 = VERTEX_POINT ( 'NONE', #3603 ) ;
#516 = EDGE_CURVE ( 'NONE', #928, #742, #4161, .T. ) ;
#517 = VECTOR ( 'NONE', #4020, 1000.000000000000000 ) ;
#518 = CARTESIAN_POINT ( 'NONE',  ( 0.000000000000000000, 0.000000000000000000, -4.250000000000000000 ) ) ;
#519 = FACE_OUTER_BOUND ( 'NONE', #3394, .T. ) ;
#520 = LINE ( 'NONE', #5124, #1529 ) ;
#521 = CARTESIAN_POINT ( 'NONE',  ( -5.100000000000000533, 0.000000000000000000, 8.000000000000000000 ) ) ;
#522 = ORIENTED_EDGE ( 'NONE', *, *, #482, .F. ) ;
#523 = ORIENTED_EDGE ( 'NONE', *, *, #5156, .T. ) ;
#524 = ORIENTED_EDGE ( 'NONE', *, *, #2783, .T. ) ;
#525 = PRODUCT ( 'PlantCarriageAssembly', 'PlantCarriageAssembly', '', ( #3737 ) ) ;
#526 = LINE ( 'NONE', #5044, #3572 ) ;
#527 = CARTESIAN_POINT ( 'NONE',  ( -30.11334581156930312, -73.40416029259171182, -4.000000000000000000 ) ) ;
#528 = ORIENTED_EDGE ( 'NONE', *, *, #4732, .T. ) ;
#529 = CONICAL_SURFACE ( 'NONE', #3734, 2.500000000000000000, 0.7853981633974503884 ) ;
#530 = VERTEX_POINT ( 'NONE', #4852 ) ;
#531 = FILL_AREA_STYLE ('',( #614 ) ) ;
#532 = AXIS2_PLACEMENT_3D ( 'NONE', #5178, #1060, #2734 ) ;
#533 = DIRECTION ( 'NONE',  ( 1.000000000000000000, 0.000000000000000000, 0.000000000000000000 ) ) ;
#534 = CARTESIAN_POINT ( 'NONE',  ( -32.00000000000127898, -115.4041602925917260, 0.000000000000000000 ) ) ;
#535 = CONICAL_SURFACE ( 'NONE', #4009, 12.20000000000000107, 0.7853981633974490562 ) ;
#536 = DIRECTION ( 'NONE',  ( 1.000000000000000000, 0.000000000000000000, -0.000000000000000000 ) ) ;
#537 = EDGE_CURVE ( 'NONE', #2014, #3803, #4063, .T. ) ;
#538 = CARTESIAN_POINT ( 'NONE',  ( 0.000000000000000000, 5.204748896376250699E-16, 4.250000000000000000 ) ) ;
#539 = PLANE ( 'NONE',  #753 ) ;
#540 = LINE ( 'NONE', #3936, #2805 ) ;
#541 = PRODUCT_DEFINITION ( 'UNKNOWN', '', #2855, #2109 ) ;
#542 = EDGE_LOOP ( 'NONE', ( #593, #1906 ) ) ;
#543 = DIRECTION ( 'NONE',  ( 1.000000000000000000, 0.000000000000000000, -0.000000000000000000 ) ) ;
#544 = EDGE_LOOP ( 'NONE', ( #1489, #4871, #3194, #2382 ) ) ;
#545 = CARTESIAN_POINT ( 'NONE',  ( 44.99999999999869971, -138.4041602925916834, -14.00000000000000000 ) ) ;
#546 = DIRECTION ( 'NONE',  ( -2.430272961665491466E-15, 0.000000000000000000, -1.000000000000000000 ) ) ;
#547 = MANIFOLD_SOLID_BREP ( 'Fillet1', #1297 ) ;
#548 = ADVANCED_FACE ( 'NONE', ( #1530 ), #2339, .T. ) ;
#549 = DIRECTION ( 'NONE',  ( 1.000000000000000000, 0.000000000000000000, 0.000000000000000000 ) ) ;
#550 = ORIENTED_EDGE ( 'NONE', *, *, #2728, .T. ) ;
#551 = EDGE_LOOP ( 'NONE', ( #219, #1952, #744, #3615 ) ) ;
#552 = EDGE_CURVE ( 'NONE', #2774, #1753, #5320, .T. ) ;
#553 = CIRCLE ( 'NONE', #290, 3.300000000000000266 ) ;
#554 = EDGE_CURVE ( 'NONE', #3001, #2799, #4776, .T. ) ;
#555 = CONICAL_SURFACE ( 'NONE', #4717, 4.250000000000000000, 0.7853981633974532750 ) ;
#556 = DIRECTION ( 'NONE',  ( 0.6955157936494219539, 0.000000000000000000, 0.7185108077017455797 ) ) ;
#557 = DIRECTION ( 'NONE',  ( 0.000000000000000000, 0.000000000000000000, -1.000000000000000000 ) ) ;
#558 = DIRECTION ( 'NONE',  ( 1.000000000000000000, 0.000000000000000000, 0.000000000000000000 ) ) ;
#559 = VERTEX_POINT ( 'NONE', #1989 ) ;
#560 = ORIENTED_EDGE ( 'NONE', *, *, #657, .T. ) ;
#561 = DIRECTION ( 'NONE',  ( -0.000000000000000000, 0.000000000000000000, -1.000000000000000000 ) ) ;
#562 = CONTEXT_DEPENDENT_SHAPE_REPRESENTATION ( #3933, #3913 ) ;
#563 = AXIS2_PLACEMENT_3D ( 'NONE', #5216, #596, #1425 ) ;
#564 = FACE_OUTER_BOUND ( 'NONE', #301, .T. ) ;
#565 = ORIENTED_EDGE ( 'NONE', *, *, #4542, .F. ) ;
#566 = CARTESIAN_POINT ( 'NONE',  ( -70.00000000000129319, -33.40416029259169051, -14.00000000000000000 ) ) ;
#567 = DIRECTION ( 'NONE',  ( 0.000000000000000000, 0.000000000000000000, 1.000000000000000000 ) ) ;
#568 = EDGE_CURVE ( 'NONE', #464, #1915, #3226, .T. ) ;
#569 = AXIS2_PLACEMENT_3D ( 'NONE', #4045, #1540, #5354 ) ;
#570 = DIRECTION ( 'NONE',  ( -0.000000000000000000, -1.000000000000000000, -0.000000000000000000 ) ) ;
#571 = LINE ( 'NONE', #2291, #3988 ) ;
#572 = CARTESIAN_POINT ( 'NONE',  ( -5.087621801062966576, 600.0000000000000000, -8.315956369597751419 ) ) ;
#573 = DIRECTION ( 'NONE',  ( 1.000000000000000000, 0.000000000000000000, -3.645409442498240749E-15 ) ) ;
#574 = MANIFOLD_SOLID_BREP ( 'K\X\F6rper1[1]', #1202 ) ;
#575 = DIRECTION ( 'NONE',  ( 1.000000000000000000, -0.000000000000000000, 0.000000000000000000 ) ) ;
#576 = LINE ( 'NONE', #218, #4700 ) ;
#577 = ORIENTED_EDGE ( 'NONE', *, *, #4169, .T. ) ;
#578 = AXIS2_PLACEMENT_3D ( 'NONE', #4563, #3357, #3687 ) ;
#579 = EDGE_LOOP ( 'NONE', ( #5162, #1287, #4366, #4935 ) ) ;
#580 = EDGE_CURVE ( 'NONE', #2418, #4683, #4423, .T. ) ;
#581 = CIRCLE ( 'NONE', #2053, 5.000000000000003553 ) ;
#582 = CIRCLE ( 'NONE', #1613, 1.000000000000000000 ) ;
#583 = EDGE_CURVE ( 'NONE', #253, #1790, #4987, .T. ) ;
#584 = CYLINDRICAL_SURFACE ( 'NONE', #2187, 8.000000000000000000 ) ;
#585 = ORIENTED_EDGE ( 'NONE', *, *, #111, .T. ) ;
#586 = VECTOR ( 'NONE', #4710, 1000.000000000000000 ) ;
#587 = EDGE_LOOP ( 'NONE', ( #1282, #4447, #363, #3462 ) ) ;
#588 = FILL_AREA_STYLE_COLOUR ( '', #5011 ) ;
#589 = VECTOR ( 'NONE', #3424, 1000.000000000000000 ) ;
#590 = LINE ( 'NONE', #2718, #2653 ) ;
#591 = APPLICATION_PROTOCOL_DEFINITION ( 'draft international standard', 'automotive_design', 1998, #321 ) ;
#592 = CARTESIAN_POINT ( 'NONE',  ( 10.11334581156804369, -73.40416029259174024, -4.000000000000000000 ) ) ;
#593 = ORIENTED_EDGE ( 'NONE', *, *, #848, .F. ) ;
#594 = CYLINDRICAL_SURFACE ( 'NONE', #4253, 10.00000000000000178 ) ;
#595 = VERTEX_POINT ( 'NONE', #4143 ) ;
#596 = DIRECTION ( 'NONE',  ( 0.000000000000000000, 0.000000000000000000, -1.000000000000000000 ) ) ;
#597 = CARTESIAN_POINT ( 'NONE',  ( -6.500000000001271871, -111.4776138657193201, 0.000000000000000000 ) ) ;
#598 = CARTESIAN_POINT ( 'NONE',  ( 1.520234610978202561, 600.0000000000000000, -1.466641980735153838 ) ) ;
#599 = CYLINDRICAL_SURFACE ( 'NONE', #3554, 10.00000000000000178 ) ;
#600 = DIRECTION ( 'NONE',  ( 0.7041420118343195700, 0.000000000000000000, -0.7100591715976330986 ) ) ;
#601 = CARTESIAN_POINT ( 'NONE',  ( 5.000000000000000000, 0.000000000000000000, 0.000000000000000000 ) ) ;
#602 =( REPRESENTATION_RELATIONSHIP ('NONE','NONE', #3425, #4399 ) REPRESENTATION_RELATIONSHIP_WITH_TRANSFORMATION ( #1747 )SHAPE_REPRESENTATION_RELATIONSHIP( ) );
#603 = FACE_OUTER_BOUND ( 'NONE', #3842, .T. ) ;
#604 = VECTOR ( 'NONE', #1259, 1000.000000000000000 ) ;
#605 = VERTEX_POINT ( 'NONE', #774 ) ;
#606 = AXIS2_PLACEMENT_3D ( 'NONE', #3763, #3309, #35 ) ;
#607 = DIRECTION ( 'NONE',  ( -0.000000000000000000, -1.000000000000000000, 0.000000000000000000 ) ) ;
#608 = CARTESIAN_POINT ( 'NONE',  ( 10.40420493263294155, 600.0000000000000000, -9.024209272756028056E-16 ) ) ;
#609 = EDGE_CURVE ( 'NONE', #2014, #3672, #4782, .T. ) ;
#610 = CARTESIAN_POINT ( 'NONE',  ( 5.299999999999999822, 0.000000000000000000, 0.000000000000000000 ) ) ;
#611 = ORIENTED_EDGE ( 'NONE', *, *, #4505, .T. ) ;
#612 = VERTEX_POINT ( 'NONE', #2956 ) ;
#613 = COLOUR_RGB ( '',0.7921568627450980005, 0.8196078431372548767, 0.9333333333333333481 ) ;
#614 = FILL_AREA_STYLE_COLOUR ( '', #4577 ) ;
#615 = EDGE_CURVE ( 'NONE', #5366, #595, #418, .T. ) ;
#616 = FACE_OUTER_BOUND ( 'NONE', #296, .T. ) ;
#617 = CONICAL_SURFACE ( 'NONE', #1819, 2.500000000000000000, 0.7853981633974503884 ) ;
#618 = EDGE_CURVE ( 'NONE', #3577, #3288, #4168, .T. ) ;
#619 = CARTESIAN_POINT ( 'NONE',  ( 5.500000000000000000, 0.000000000000000000, 0.000000000000000000 ) ) ;
#620 = ORIENTED_EDGE ( 'NONE', *, *, #79, .T. ) ;
#621 = PRODUCT_DEFINITION_SHAPE ( 'NONE', 'NONE',  #5384 ) ;
#622 = PLANE ( 'NONE',  #3041 ) ;
#623 = CIRCLE ( 'NONE', #3130, 10.00000000000000178 ) ;
#624 = CARTESIAN_POINT ( 'NONE',  ( -5.500000000000000000, 0.000000000000000000, -7.799999999999999822 ) ) ;
#625 = LINE ( 'NONE', #1021, #2410 ) ;
#626 = EDGE_CURVE ( 'NONE', #2411, #2841, #1127, .T. ) ;
#627 = CARTESIAN_POINT ( 'NONE',  ( 2.774999999999999911, 0.000000000000000000, 0.000000000000000000 ) ) ;
#628 = CIRCLE ( 'NONE', #4005, 2.700000000000001066 ) ;
#629 = DIRECTION ( 'NONE',  ( 1.000000000000000000, 0.000000000000000000, 0.000000000000000000 ) ) ;
#630 = DIRECTION ( 'NONE',  ( -1.000000000000000000, 0.000000000000000000, 0.000000000000000000 ) ) ;
#631 = AXIS2_PLACEMENT_3D ( 'NONE', #963, #4601, #1285 ) ;
#632 = CARTESIAN_POINT ( 'NONE',  ( 44.99999999999869971, -38.40416029259168340, -4.000000000000000000 ) ) ;
#633 = PLANE ( 'NONE',  #2366 ) ;
#634 = EDGE_LOOP ( 'NONE', ( #4598, #25 ) ) ;
#635 = LINE ( 'NONE', #3921, #4576 ) ;
#636 = FACE_OUTER_BOUND ( 'NONE', #1123, .T. ) ;
#637 = CARTESIAN_POINT ( 'NONE',  ( 26.99999999999872813, -115.4041602925916123, 6.000000000000000000 ) ) ;
#638 = EDGE_CURVE ( 'NONE', #3551, #4052, #2881, .T. ) ;
#639 = ORIENTED_EDGE ( 'NONE', *, *, #4204, .T. ) ;
#640 = CARTESIAN_POINT ( 'NONE',  ( 5.299999999999999822, 7.654042494670957606E-16, 6.250000000000000000 ) ) ;
#641 = AXIS2_PLACEMENT_3D ( 'NONE', #2782, #5174, #3586 ) ;
#642 = CARTESIAN_POINT ( 'NONE',  ( -7.795795067367058628, 600.0000000000000000, -4.965450851637321250 ) ) ;
#643 = FACE_BOUND ( 'NONE', #718, .T. ) ;
#644 = ORIENTED_EDGE ( 'NONE', *, *, #5322, .F. ) ;
#645 = ORIENTED_EDGE ( 'NONE', *, *, #2259, .F. ) ;
#646 = FACE_BOUND ( 'NONE', #1452, .T. ) ;
#647 = EDGE_CURVE ( 'NONE', #1192, #2376, #5344, .T. ) ;
#648 = CARTESIAN_POINT ( 'NONE',  ( -30.11334581156930312, -73.40416029259171182, -4.000000000000000000 ) ) ;
#649 = AXIS2_PLACEMENT_3D ( 'NONE', #208, #676, #4347 ) ;
#650 = CARTESIAN_POINT ( 'NONE',  ( -47.00000000000126477, -115.4041602925916834, 0.000000000000000000 ) ) ;
#651 = CARTESIAN_POINT ( 'NONE',  ( -13.50000000000127187, -115.4776138657193201, 6.000000000000000000 ) ) ;
#652 = ADVANCED_FACE ( 'NONE', ( #6 ), #617, .F. ) ;
#653 = DIRECTION ( 'NONE',  ( -1.000000000000000000, 0.000000000000000000, 0.000000000000000000 ) ) ;
#654 = EDGE_CURVE ( 'NONE', #3111, #2746, #1637, .T. ) ;
#655 = CARTESIAN_POINT ( 'NONE',  ( 10.11334581156675405, -113.4041602925917118, -4.000000000000000000 ) ) ;
#656 = LINE ( 'NONE', #5201, #831 ) ;
#657 = EDGE_CURVE ( 'NONE', #280, #1411, #3274, .T. ) ;
#658 = DIRECTION ( 'NONE',  ( 1.000000000000000000, 0.000000000000000000, 0.000000000000000000 ) ) ;
#659 = VERTEX_POINT ( 'NONE', #3347 ) ;
#660 = CARTESIAN_POINT ( 'NONE',  ( -13.50000000000127187, -115.4776138657193201, 6.000000000000000000 ) ) ;
#661 = DIRECTION ( 'NONE',  ( 0.7071067811865460184, 0.000000000000000000, -0.7071067811865489050 ) ) ;
#662 = FACE_BOUND ( 'NONE', #5046, .T. ) ;
#663 = ORIENTED_EDGE ( 'NONE', *, *, #1198, .F. ) ;
#664 = ORIENTED_EDGE ( 'NONE', *, *, #2837, .F. ) ;
#665 = FACE_OUTER_BOUND ( 'NONE', #2577, .T. ) ;
#666 = EDGE_CURVE ( 'NONE', #2976, #3693, #1289, .T. ) ;
#667 = AXIS2_PLACEMENT_3D ( 'NONE', #3253, #4091, #779 ) ;
#668 = DIRECTION ( 'NONE',  ( 0.000000000000000000, -1.000000000000000000, 0.000000000000000000 ) ) ;
#669 = CARTESIAN_POINT ( 'NONE',  ( -32.81334581156931307, -113.4041602925917118, 6.000000000000000000 ) ) ;
#670 = ORIENTED_EDGE ( 'NONE', *, *, #1375, .T. ) ;
#671 = VERTEX_POINT ( 'NONE', #2282 ) ;
#672 = AXIS2_PLACEMENT_3D ( 'NONE', #1662, #4539, #2911 ) ;
#673 =( GEOMETRIC_REPRESENTATION_CONTEXT ( 3 ) GLOBAL_UNCERTAINTY_ASSIGNED_CONTEXT ( ( #4993 ) ) GLOBAL_UNIT_ASSIGNED_CONTEXT ( ( #2016, #4498, #1550 ) ) REPRESENTATION_CONTEXT ( 'NONE', 'WORKASPACE' ) );
#674 =( NAMED_UNIT ( * ) PLANE_ANGLE_UNIT ( ) SI_UNIT ( $, .RADIAN. ) );
#675 = ORIENTED_EDGE ( 'NONE', *, *, #2493, .T. ) ;
#676 = DIRECTION ( 'NONE',  ( 0.000000000000000000, 1.000000000000000000, 0.000000000000000000 ) ) ;
#677 = CARTESIAN_POINT ( 'NONE',  ( 0.000000000000000000, 0.000000000000000000, 0.000000000000000000 ) ) ;
#678 = FACE_OUTER_BOUND ( 'NONE', #5059, .T. ) ;
#679 = ADVANCED_FACE ( 'NONE', ( #4774 ), #2695, .T. ) ;
#680 = CARTESIAN_POINT ( 'NONE',  ( 5.904204932632940661, 0.000000000000000000, -10.10045085163731748 ) ) ;
#681 = CARTESIAN_POINT ( 'NONE',  ( 0.4042049326329404946, 600.0000000000000000, -4.000450851637316063 ) ) ;
#682 = FACE_BOUND ( 'NONE', #4000, .T. ) ;
#683 = EDGE_CURVE ( 'NONE', #742, #2094, #5167, .T. ) ;
#684 = EDGE_LOOP ( 'NONE', ( #1886, #988, #4937, #3488 ) ) ;
#685 = ORIENTED_EDGE ( 'NONE', *, *, #4467, .F. ) ;
#686 = CARTESIAN_POINT ( 'NONE',  ( 39.99999999999869971, -153.4041602925916834, -14.00000000000000000 ) ) ;
#687 = CIRCLE ( 'NONE', #2868, 6.450000000000000178 ) ;
#688 = DIRECTION ( 'NONE',  ( 1.000000000000000000, 0.000000000000000000, 5.659782955878652504E-16 ) ) ;
#689 = ORIENTED_EDGE ( 'NONE', *, *, #4006, .F. ) ;
#690 = ORIENTED_EDGE ( 'NONE', *, *, #4869, .F. ) ;
#691 = VECTOR ( 'NONE', #1508, 1000.000000000000000 ) ;
#692 = PLANE ( 'NONE',  #3341 ) ;
#693 = CARTESIAN_POINT ( 'NONE',  ( 3.469204932632941496, 0.000000000000000000, -10.10045085163731748 ) ) ;
#694 = EDGE_LOOP ( 'NONE', ( #1590, #1472, #1705, #3830 ) ) ;
#695 = VECTOR ( 'NONE', #1718, 1000.000000000000000 ) ;
#696 = ORIENTED_EDGE ( 'NONE', *, *, #2188, .T. ) ;
#697 = CARTESIAN_POINT ( 'NONE',  ( -0.3992869873572704176, 600.0000000000000000, -0.4124881396086252927 ) ) ;
#698 = EDGE_LOOP ( 'NONE', ( #3591, #3699, #4658, #2551 ) ) ;
#699 = AXIS2_PLACEMENT_3D ( 'NONE', #4800, #1068, #3065 ) ;
#700 = DIRECTION ( 'NONE',  ( -0.000000000000000000, -0.000000000000000000, 1.000000000000000000 ) ) ;
#701 = DIRECTION ( 'NONE',  ( 1.000000000000000000, 0.000000000000000000, 0.000000000000000000 ) ) ;
#702 = LINE ( 'NONE', #1921, #3312 ) ;
#703 = DIRECTION ( 'NONE',  ( -0.000000000000000000, -0.000000000000000000, -1.000000000000000000 ) ) ;
#704 = EDGE_CURVE ( 'NONE', #794, #5012, #1725, .T. ) ;
#705 = PRODUCT_DEFINITION_SHAPE ( 'NONE', 'NONE',  #5388 ) ;
#706 =( REPRESENTATION_RELATIONSHIP ('NONE','NONE', #3425, #7 ) REPRESENTATION_RELATIONSHIP_WITH_TRANSFORMATION ( #942 )SHAPE_REPRESENTATION_RELATIONSHIP( ) );
#707 = DIRECTION ( 'NONE',  ( -1.000000000000000000, 0.000000000000000000, 0.000000000000000000 ) ) ;
#708 = DIRECTION ( 'NONE',  ( 1.000000000000000000, 0.000000000000000000, 0.000000000000000000 ) ) ;
#709 = FACE_OUTER_BOUND ( 'NONE', #4418, .T. ) ;
#710 = AXIS2_PLACEMENT_3D ( 'NONE', #2494, #1329, #2189 ) ;
#711 = ORIENTED_EDGE ( 'NONE', *, *, #2138, .T. ) ;
#712 = EDGE_LOOP ( 'NONE', ( #3162, #2660, #2216, #4867 ) ) ;
#713 = AXIS2_PLACEMENT_3D ( 'NONE', #2752, #5270, #266 ) ;
#714 = ORIENTED_EDGE ( 'NONE', *, *, #1106, .F. ) ;
#715 = EDGE_CURVE ( 'NONE', #20, #1683, #3496, .T. ) ;
#716 = DIRECTION ( 'NONE',  ( -0.000000000000000000, -1.000000000000000000, -0.000000000000000000 ) ) ;
#717 = DIRECTION ( 'NONE',  ( 1.000000000000000000, -0.000000000000000000, 0.000000000000000000 ) ) ;
#718 = EDGE_LOOP ( 'NONE', ( #4891, #4897 ) ) ;
#719 = EDGE_CURVE ( 'NONE', #392, #4851, #3982, .T. ) ;
#720 = ORIENTED_EDGE ( 'NONE', *, *, #2437, .F. ) ;
#721 = CARTESIAN_POINT ( 'NONE',  ( 10.11334581156804369, -73.40416029259174024, -4.000000000000000000 ) ) ;
#722 = ADVANCED_FACE ( 'NONE', ( #2721 ), #5189, .F. ) ;
#723 = ADVANCED_FACE ( 'NONE', ( #5138, #643 ), #257, .T. ) ;
#724 = DIRECTION ( 'NONE',  ( -3.574057125485275739E-15, 0.000000000000000000, -1.000000000000000000 ) ) ;
#725 = ORIENTED_EDGE ( 'NONE', *, *, #4730, .F. ) ;
#726 = ORIENTED_EDGE ( 'NONE', *, *, #4570, .F. ) ;
#727 = CARTESIAN_POINT ( 'NONE',  ( 0.4042049326329404946, 0.000000000000000000, -4.000450851637316063 ) ) ;
#728 = DIRECTION ( 'NONE',  ( -1.000000000000000000, 0.000000000000000000, 0.000000000000000000 ) ) ;
#729 = CARTESIAN_POINT ( 'NONE',  ( 3.245314017740485962E-16, 5.000000000000000000, 2.649999999999999911 ) ) ;
#730 = DIRECTION ( 'NONE',  ( 1.000000000000000000, 0.000000000000000000, 0.000000000000000000 ) ) ;
#731 = LINE ( 'NONE', #1485, #2436 ) ;
#732 = PLANE ( 'NONE',  #2508 ) ;
#733 = CARTESIAN_POINT ( 'NONE',  ( 12.81334581156804298, -73.40416029259174024, 6.000000000000000000 ) ) ;
#734 = ADVANCED_FACE ( 'NONE', ( #230 ), #178, .F. ) ;
#735 = FACE_BOUND ( 'NONE', #542, .T. ) ;
#736 = LINE ( 'NONE', #4074, #439 ) ;
#737 = ORIENTED_EDGE ( 'NONE', *, *, #1901, .T. ) ;
#738 = ORIENTED_EDGE ( 'NONE', *, *, #4698, .T. ) ;
#739 = ORIENTED_EDGE ( 'NONE', *, *, #3970, .F. ) ;
#740 = EDGE_CURVE ( 'NONE', #671, #5366, #4340, .T. ) ;
#741 = DIRECTION ( 'NONE',  ( 1.000000000000000000, 0.000000000000000000, 0.000000000000000000 ) ) ;
#742 = VERTEX_POINT ( 'NONE', #1884 ) ;
#743 = ADVANCED_FACE ( 'NONE', ( #3087 ), #3911, .T. ) ;
#744 = ORIENTED_EDGE ( 'NONE', *, *, #2668, .T. ) ;
#745 = EDGE_CURVE ( 'NONE', #258, #5009, #3549, .T. ) ;
#746 = VECTOR ( 'NONE', #4973, 1000.000000000000000 ) ;
#747 = DIRECTION ( 'NONE',  ( -0.000000000000000000, -0.000000000000000000, -1.000000000000000000 ) ) ;
#748 = ORIENTED_EDGE ( 'NONE', *, *, #5367, .F. ) ;
#749 = EDGE_CURVE ( 'NONE', #965, #4686, #3472, .T. ) ;
#750 = ORIENTED_EDGE ( 'NONE', *, *, #5238, .F. ) ;
#751 = SURFACE_STYLE_FILL_AREA ( #3657 ) ;
#752 = EDGE_LOOP ( 'NONE', ( #2098, #1161, #3604, #5345 ) ) ;
#753 = AXIS2_PLACEMENT_3D ( 'NONE', #3855, #483, #4234 ) ;
#754 = DIRECTION ( 'NONE',  ( 0.000000000000000000, 0.000000000000000000, 1.000000000000000000 ) ) ;
#755 = CARTESIAN_POINT ( 'NONE',  ( -60.00000000000128608, -33.40416029259172603, 6.000000000000000000 ) ) ;
#756 = CARTESIAN_POINT ( 'NONE',  ( 10.11334581156804369, -73.40416029259174024, -4.000000000000000000 ) ) ;
#757 = DIRECTION ( 'NONE',  ( -0.000000000000000000, -1.000000000000000000, -0.000000000000000000 ) ) ;
#758 = CIRCLE ( 'NONE', #3617, 2.649999999999999911 ) ;
#759 = PLANE ( 'NONE',  #3290 ) ;
#760 = CARTESIAN_POINT ( 'NONE',  ( -7.795795067367047970, 600.0000000000000000, 1.666145632517386873E-14 ) ) ;
#761 = DIRECTION ( 'NONE',  ( -0.000000000000000000, 0.000000000000000000, -1.000000000000000000 ) ) ;
#762 = DIRECTION ( 'NONE',  ( 0.000000000000000000, 0.000000000000000000, -1.000000000000000000 ) ) ;
#763 = ORIENTED_EDGE ( 'NONE', *, *, #3810, .T. ) ;
#764 = ORIENTED_EDGE ( 'NONE', *, *, #82, .T. ) ;
#765 = CARTESIAN_POINT ( 'NONE',  ( 8.604204932632942615, 600.0000000000000000, -7.400450851637304872 ) ) ;
#766 = ORIENTED_EDGE ( 'NONE', *, *, #4125, .T. ) ;
#767 = ORIENTED_EDGE ( 'NONE', *, *, #4903, .F. ) ;
#768 = CARTESIAN_POINT ( 'NONE',  ( 5.113345811568039245, -73.40416029259174024, -4.000000000000000000 ) ) ;
#769 = CIRCLE ( 'NONE', #3637, 5.000000000000004441 ) ;
#770 = CARTESIAN_POINT ( 'NONE',  ( -7.795795067367063957, 600.0000000000000000, -7.400450851637264904 ) ) ;
#771 = EDGE_LOOP ( 'NONE', ( #1699, #4524, #2820, #2583, #2949, #3602, #4126, #2295 ) ) ;
#772 = VERTEX_POINT ( 'NONE', #693 ) ;
#773 = CIRCLE ( 'NONE', #3812, 4.250000000000000000 ) ;
#774 = CARTESIAN_POINT ( 'NONE',  ( -55.00000000000129319, -38.40416029259168340, -14.00000000000000000 ) ) ;
#775 = ORIENTED_EDGE ( 'NONE', *, *, #79, .F. ) ;
#776 = CARTESIAN_POINT ( 'NONE',  ( 5.500000000000000000, 0.000000000000000000, 0.000000000000000000 ) ) ;
#777 = CARTESIAN_POINT ( 'NONE',  ( -65.00000000000129319, -38.40416029259168340, -14.00000000000000000 ) ) ;
#778 = ADVANCED_FACE ( 'NONE', ( #3142 ), #1914, .T. ) ;
#779 = DIRECTION ( 'NONE',  ( -1.000000000000000000, 0.000000000000000000, 0.000000000000000000 ) ) ;
#780 = COLOUR_RGB ( '',0.7921568627450980005, 0.8196078431372548767, 0.9333333333333333481 ) ;
#781 = DIRECTION ( 'NONE',  ( -0.000000000000000000, -1.000000000000000000, -0.000000000000000000 ) ) ;
#782 = FACE_OUTER_BOUND ( 'NONE', #1522, .T. ) ;
#783 = VECTOR ( 'NONE', #3270, 1000.000000000000000 ) ;
#784 = DIRECTION ( 'NONE',  ( 2.137236315371885467E-15, 0.000000000000000000, 1.000000000000000000 ) ) ;
#785 = ADVANCED_FACE ( 'NONE', ( #2672 ), #2745, .F. ) ;
#786 = CARTESIAN_POINT ( 'NONE',  ( -5.500000000000000000, 0.000000000000000000, 0.000000000000000000 ) ) ;
#787 = ADVANCED_FACE ( 'NONE', ( #3164 ), #4822, .F. ) ;
#788 = VERTEX_POINT ( 'NONE', #770 ) ;
#789 = VERTEX_POINT ( 'NONE', #2417 ) ;
#790 = DIRECTION ( 'NONE',  ( -1.000000000000000000, 1.892425610156521707E-15, 0.000000000000000000 ) ) ;
#791 = EDGE_LOOP ( 'NONE', ( #5371, #3978, #3574, #2499 ) ) ;
#792 = AXIS2_PLACEMENT_3D ( 'NONE', #24, #5066, #1221 ) ;
#793 = FACE_OUTER_BOUND ( 'NONE', #1195, .T. ) ;
#794 = VERTEX_POINT ( 'NONE', #391 ) ;
#795 = AXIS2_PLACEMENT_3D ( 'NONE', #2546, #1760, #3316 ) ;
#796 = LINE ( 'NONE', #2549, #1959 ) ;
#797 = EDGE_LOOP ( 'NONE', ( #4546, #5315, #4621, #245 ) ) ;
#798 = AXIS2_PLACEMENT_3D ( 'NONE', #4277, #557, #2218 ) ;
#799 = EDGE_CURVE ( 'NONE', #515, #1151, #5137, .T. ) ;
#800 = CARTESIAN_POINT ( 'NONE',  ( -6.500000000001271871, -111.4776138657193201, 6.000000000000000000 ) ) ;
#801 = VERTEX_POINT ( 'NONE', #1526 ) ;
#802 = ORIENTED_EDGE ( 'NONE', *, *, #5118, .F. ) ;
#803 = PRODUCT_DEFINITION_CONTEXT ( 'detailed design', #1697, 'design' ) ;
#804 = CARTESIAN_POINT ( 'NONE',  ( -10.00000000000127187, -75.33070671946410357, 0.000000000000000000 ) ) ;
#805 = CARTESIAN_POINT ( 'NONE',  ( -25.11334581156929957, -113.4041602925917118, 0.000000000000000000 ) ) ;
#806 = PLANE ( 'NONE',  #5032 ) ;
#807 = CARTESIAN_POINT ( 'NONE',  ( -13.50000000000127187, -111.4776138657193201, 6.000000000000000000 ) ) ;
#808 = CARTESIAN_POINT ( 'NONE',  ( -1.966996008631280546, 15.64871238525001829, -306.0668515507131815 ) ) ;
#809 = EDGE_CURVE ( 'NONE', #73, #3419, #88, .T. ) ;
#810 = CARTESIAN_POINT ( 'NONE',  ( 0.000000000000000000, 0.000000000000000000, -11.90045085163731642 ) ) ;
#811 = ADVANCED_FACE ( 'NONE', ( #1148, #3626 ), #4554, .T. ) ;
#812 = AXIS2_PLACEMENT_3D ( 'NONE', #4388, #668, #2335 ) ;
#813 = LINE ( 'NONE', #2483, #2492 ) ;
#814 = VECTOR ( 'NONE', #2330, 1000.000000000000114 ) ;
#815 = CARTESIAN_POINT ( 'NONE',  ( 39.99999999999869260, -153.4041602925917118, 6.000000000000000000 ) ) ;
#816 = EDGE_CURVE ( 'NONE', #2920, #1168, #3247, .T. ) ;
#817 = ORIENTED_EDGE ( 'NONE', *, *, #4125, .F. ) ;
#818 = ORIENTED_EDGE ( 'NONE', *, *, #50, .F. ) ;
#819 = ORIENTED_EDGE ( 'NONE', *, *, #375, .F. ) ;
#820 = EDGE_CURVE ( 'NONE', #300, #5075, #5289, .T. ) ;
#821 = DIRECTION ( 'NONE',  ( 1.000000000000000000, -0.000000000000000000, 0.000000000000000000 ) ) ;
#822 = ORIENTED_EDGE ( 'NONE', *, *, #498, .T. ) ;
#823 = VERTEX_POINT ( 'NONE', #1551 ) ;
#824 = VECTOR ( 'NONE', #2991, 1000.000000000000000 ) ;
#825 = LINE ( 'NONE', #800, #5305 ) ;
#826 = ORIENTED_EDGE ( 'NONE', *, *, #2692, .F. ) ;
#827 = VERTEX_POINT ( 'NONE', #4905 ) ;
#828 = VECTOR ( 'NONE', #1517, 1000.000000000000000 ) ;
#829 = CARTESIAN_POINT ( 'NONE',  ( 3.683848051972810733, 600.0000000000000000, -3.714804758291923470 ) ) ;
#830 = LINE ( 'NONE', #3411, #2597 ) ;
#831 = VECTOR ( 'NONE', #1563, 1000.000000000000000 ) ;
#832 = LINE ( 'NONE', #3759, #70 ) ;
#833 = CARTESIAN_POINT ( 'NONE',  ( 7.413345811568043509, -73.40416029259174024, 6.000000000000000000 ) ) ;
#834 = DIRECTION ( 'NONE',  ( 1.000000000000000000, 0.000000000000000000, 0.000000000000000000 ) ) ;
#835 = DIRECTION ( 'NONE',  ( 0.8034940820406647477, -2.120320569441113352E-15, 0.5953127414440494425 ) ) ;
#836 = CIRCLE ( 'NONE', #4396, 9.875000000000000000 ) ;
#837 = CARTESIAN_POINT ( 'NONE',  ( -55.00000000000129319, -148.4041602925916834, -4.000000000000000000 ) ) ;
#838 = DIRECTION ( 'NONE',  ( 0.000000000000000000, 0.000000000000000000, -1.000000000000000000 ) ) ;
#839 = CYLINDRICAL_SURFACE ( 'NONE', #5098, 2.500000000000000000 ) ;
#840 = CIRCLE ( 'NONE', #1523, 4.250000000000000000 ) ;
#841 = VECTOR ( 'NONE', #1991, 1000.000000000000000 ) ;
#842 = VERTEX_POINT ( 'NONE', #4932 ) ;
#843 = ORIENTED_EDGE ( 'NONE', *, *, #3192, .T. ) ;
#844 = VECTOR ( 'NONE', #3745, 1000.000000000000000 ) ;
#845 = VERTEX_POINT ( 'NONE', #1173 ) ;
#846 = VECTOR ( 'NONE', #4336, 1000.000000000000000 ) ;
#847 = EDGE_CURVE ( 'NONE', #3286, #2161, #4033, .T. ) ;
#848 = EDGE_CURVE ( 'NONE', #403, #280, #4604, .T. ) ;
#849 = DIRECTION ( 'NONE',  ( -1.000000000000000000, 0.000000000000000000, 0.000000000000000000 ) ) ;
#850 = PLANE ( 'NONE',  #792 ) ;
#851 = EDGE_LOOP ( 'NONE', ( #129, #937, #2982, #4816 ) ) ;
#852 = EDGE_LOOP ( 'NONE', ( #2205, #2642, #1243, #1990 ) ) ;
#853 = DIRECTION ( 'NONE',  ( -1.000000000000000000, 0.000000000000000000, 0.000000000000000000 ) ) ;
#854 = ORIENTED_EDGE ( 'NONE', *, *, #336, .T. ) ;
#855 = EDGE_LOOP ( 'NONE', ( #3670, #950, #443, #1022 ) ) ;
#856 = DIRECTION ( 'NONE',  ( 1.000000000000000000, -0.000000000000000000, 0.000000000000000000 ) ) ;
#857 = CARTESIAN_POINT ( 'NONE',  ( -5.000000000000000000, 7.654042494670957606E-16, 6.250000000000000000 ) ) ;
#858 = LINE ( 'NONE', #5078, #4422 ) ;
#859 = DIRECTION ( 'NONE',  ( 1.000000000000000000, 0.000000000000000000, -0.000000000000000000 ) ) ;
#860 = AXIS2_PLACEMENT_3D ( 'NONE', #2084, #2615, #4256 ) ;
#861 = DIRECTION ( 'NONE',  ( -0.7041420118343195700, 0.000000000000000000, 0.7100591715976330986 ) ) ;
#862 = CARTESIAN_POINT ( 'NONE',  ( -5.100000000000000533, 0.000000000000000000, 0.000000000000000000 ) ) ;
#863 = LINE ( 'NONE', #2484, #746 ) ;
#864 = LINE ( 'NONE', #2537, #3397 ) ;
#865 = EDGE_CURVE ( 'NONE', #3649, #659, #2270, .T. ) ;
#866 = ORIENTED_EDGE ( 'NONE', *, *, #4934, .T. ) ;
#867 = VECTOR ( 'NONE', #890, 1000.000000000000000 ) ;
#868 = ORIENTED_EDGE ( 'NONE', *, *, #4597, .F. ) ;
#869 = CARTESIAN_POINT ( 'NONE',  ( -8.595795067367060227, 0.000000000000000000, 8.099549148362683582 ) ) ;
#870 = VECTOR ( 'NONE', #2052, 1000.000000000000000 ) ;
#871 = CARTESIAN_POINT ( 'NONE',  ( 0.000000000000000000, 600.0000000000000000, -11.90045085163731642 ) ) ;
#872 = ORIENTED_EDGE ( 'NONE', *, *, #3509, .T. ) ;
#873 = DIRECTION ( 'NONE',  ( 0.000000000000000000, 0.000000000000000000, 1.000000000000000000 ) ) ;
#874 = ORIENTED_EDGE ( 'NONE', *, *, #1933, .T. ) ;
#875 = CIRCLE ( 'NONE', #5142, 2.699999999999999289 ) ;
#876 = EDGE_CURVE ( 'NONE', #3575, #4775, #825, .T. ) ;
#877 = CIRCLE ( 'NONE', #2542, 2.649999999999999911 ) ;
#878 = EDGE_CURVE ( 'NONE', #530, #4393, #3223, .T. ) ;
#879 = CARTESIAN_POINT ( 'NONE',  ( 0.000000000000000000, 0.000000000000000000, -14.00000000000000000 ) ) ;
#880 = CARTESIAN_POINT ( 'NONE',  ( -5.299999999999999822, 5.204748896376250699E-16, 4.250000000000000000 ) ) ;
#881 = ORIENTED_EDGE ( 'NONE', *, *, #349, .F. ) ;
#882 = ORIENTED_EDGE ( 'NONE', *, *, #4597, .T. ) ;
#883 =( LENGTH_UNIT ( ) NAMED_UNIT ( * ) SI_UNIT ( .MILLI., .METRE. ) );
#884 = EDGE_CURVE ( 'NONE', #3847, #4190, #2851, .T. ) ;
#885 = CIRCLE ( 'NONE', #1832, 1.000000000000000000 ) ;
#886 = DIRECTION ( 'NONE',  ( 1.000000000000000000, 0.000000000000000000, 0.000000000000000000 ) ) ;
#887 = CARTESIAN_POINT ( 'NONE',  ( -5.000000000000000000, 0.000000000000000000, 0.000000000000000000 ) ) ;
#888 = CARTESIAN_POINT ( 'NONE',  ( 44.99999999999869971, -48.40416029259169051, -14.00000000000000000 ) ) ;
#889 = DIRECTION ( 'NONE',  ( 1.000000000000000000, 0.000000000000000000, 0.000000000000000000 ) ) ;
#890 = DIRECTION ( 'NONE',  ( 0.000000000000000000, -1.000000000000000000, 0.000000000000000000 ) ) ;
#891 = DIRECTION ( 'NONE',  ( 1.000000000000000000, 0.000000000000000000, 0.000000000000000000 ) ) ;
#892 = DIRECTION ( 'NONE',  ( 8.673617379884035472E-17, 0.000000000000000000, 1.000000000000000000 ) ) ;
#893 = DIRECTION ( 'NONE',  ( -0.7071067811865505703, 0.000000000000000000, 0.7071067811865444641 ) ) ;
#894 = ORIENTED_EDGE ( 'NONE', *, *, #1106, .T. ) ;
#895 = FACE_BOUND ( 'NONE', #337, .T. ) ;
#896 = EDGE_LOOP ( 'NONE', ( #1145, #3006 ) ) ;
#897 = EDGE_LOOP ( 'NONE', ( #1547, #4061 ) ) ;
#898 = FACE_OUTER_BOUND ( 'NONE', #138, .T. ) ;
#899 = DIRECTION ( 'NONE',  ( 0.000000000000000000, 0.000000000000000000, -1.000000000000000000 ) ) ;
#900 = DIRECTION ( 'NONE',  ( -1.000000000000000000, 0.000000000000000000, 0.000000000000000000 ) ) ;
#901 = FACE_OUTER_BOUND ( 'NONE', #3237, .T. ) ;
#902 = ORIENTED_EDGE ( 'NONE', *, *, #2713, .F. ) ;
#903 = ORIENTED_EDGE ( 'NONE', *, *, #2620, .T. ) ;
#904 = VECTOR ( 'NONE', #1100, 1000.000000000000000 ) ;
#905 = CARTESIAN_POINT ( 'NONE',  ( -6.500000000001271871, -115.4776138657193201, 0.000000000000000000 ) ) ;
#906 = DIRECTION ( 'NONE',  ( 0.7071067811865441310, 8.659560562354977232E-17, 0.7071067811865510144 ) ) ;
#907 = ORIENTED_EDGE ( 'NONE', *, *, #5143, .T. ) ;
#908 = EDGE_LOOP ( 'NONE', ( #4579, #4619 ) ) ;
#909 = CYLINDRICAL_SURFACE ( 'NONE', #4574, 5.000000000000004441 ) ;
#910 = EDGE_CURVE ( 'NONE', #4976, #4759, #1986, .T. ) ;
#911 = DIRECTION ( 'NONE',  ( 0.000000000000000000, 0.000000000000000000, -1.000000000000000000 ) ) ;
#912 = VECTOR ( 'NONE', #1374, 1000.000000000000000 ) ;
#913 = CARTESIAN_POINT ( 'NONE',  ( 9.404204932632943326, 600.0000000000000000, 8.099549148362683582 ) ) ;
#914 = APPLICATION_PROTOCOL_DEFINITION ( 'draft international standard', 'automotive_design', 1998, #3583 ) ;
#915 = EDGE_CURVE ( 'NONE', #3672, #464, #4084, .T. ) ;
#916 = DIRECTION ( 'NONE',  ( -1.000000000000000000, 0.000000000000000000, 0.000000000000000000 ) ) ;
#917 = CARTESIAN_POINT ( 'NONE',  ( -5.299999999999999822, 0.000000000000000000, 0.000000000000000000 ) ) ;
#918 = DIRECTION ( 'NONE',  ( -8.673617379884035472E-17, 0.000000000000000000, -1.000000000000000000 ) ) ;
#919 = CARTESIAN_POINT ( 'NONE',  ( 8.604204932632935510, 600.0000000000000000, -3.075191994861229720E-14 ) ) ;
#920 = CIRCLE ( 'NONE', #4311, 7.799999999999999822 ) ;
#921 = ORIENTED_EDGE ( 'NONE', *, *, #3838, .F. ) ;
#922 = CARTESIAN_POINT ( 'NONE',  ( 3.683848051972810733, 0.000000000000000000, -3.714804758291923470 ) ) ;
#923 = EDGE_LOOP ( 'NONE', ( #4532, #3589, #4491, #2162 ) ) ;
#924 = CARTESIAN_POINT ( 'NONE',  ( -30.11334581156930312, -73.40416029259171182, 6.000000000000000000 ) ) ;
#925 = VECTOR ( 'NONE', #4481, 1000.000000000000000 ) ;
#926 = CARTESIAN_POINT ( 'NONE',  ( 12.81334581156675867, -113.4041602925917118, 6.000000000000000000 ) ) ;
#927 = DIRECTION ( 'NONE',  ( 0.000000000000000000, 0.000000000000000000, -1.000000000000000000 ) ) ;
#928 = VERTEX_POINT ( 'NONE', #3677 ) ;
#929 = AXIS2_PLACEMENT_3D ( 'NONE', #2142, #835, #1210 ) ;
#930 = CIRCLE ( 'NONE', #4834, 4.250000000000000000 ) ;
#931 = ORIENTED_EDGE ( 'NONE', *, *, #2692, .T. ) ;
#932 = AXIS2_PLACEMENT_3D ( 'NONE', #4358, #3947, #2737 ) ;
#933 = ORIENTED_EDGE ( 'NONE', *, *, #345, .F. ) ;
#934 = DIRECTION ( 'NONE',  ( 0.000000000000000000, 0.000000000000000000, 1.000000000000000000 ) ) ;
#935 = LINE ( 'NONE', #467, #3490 ) ;
#936 = DIRECTION ( 'NONE',  ( 0.000000000000000000, 0.000000000000000000, 1.000000000000000000 ) ) ;
#937 = ORIENTED_EDGE ( 'NONE', *, *, #315, .F. ) ;
#938 = ORIENTED_EDGE ( 'NONE', *, *, #4162, .T. ) ;
#939 = PRESENTATION_STYLE_ASSIGNMENT (( #3437 ) ) ;
#940 = DIRECTION ( 'NONE',  ( -1.000000000000000000, 0.000000000000000000, 0.000000000000000000 ) ) ;
#941 = DIRECTION ( 'NONE',  ( -0.000000000000000000, 1.000000000000000000, -0.000000000000000000 ) ) ;
#942 = ITEM_DEFINED_TRANSFORMATION ( 'NONE', 'NONE', #2596,  #1361 ) ;
#943 = CARTESIAN_POINT ( 'NONE',  ( -55.00000000000129319, -48.40416029259169051, -4.000000000000000000 ) ) ;
#944 = EDGE_CURVE ( 'NONE', #2275, #1465, #3600, .T. ) ;
#945 = DIRECTION ( 'NONE',  ( -0.000000000000000000, -0.000000000000000000, 1.000000000000000000 ) ) ;
#946 = CARTESIAN_POINT ( 'NONE',  ( -5.087621801062966576, 0.000000000000000000, 4.515054666323120358 ) ) ;
#947 = VECTOR ( 'NONE', #4537, 1000.000000000000000 ) ;
#948 = DIRECTION ( 'NONE',  ( 0.000000000000000000, 0.000000000000000000, 1.000000000000000000 ) ) ;
#949 = EDGE_CURVE ( 'NONE', #3841, #287, #1626, .T. ) ;
#950 = ORIENTED_EDGE ( 'NONE', *, *, #3241, .F. ) ;
#951 = FACE_OUTER_BOUND ( 'NONE', #1117, .T. ) ;
#952 = CARTESIAN_POINT ( 'NONE',  ( -5.500000000000000000, 0.000000000000000000, 0.000000000000000000 ) ) ;
#953 = CYLINDRICAL_SURFACE ( 'NONE', #1092, 1.000000000000000888 ) ;
#954 = EDGE_CURVE ( 'NONE', #4547, #2215, #1199, .T. ) ;
#955 = CARTESIAN_POINT ( 'NONE',  ( 8.728023701344501690E-15, 600.0000000000000000, 3.591375882058572166 ) ) ;
#956 = AXIS2_PLACEMENT_3D ( 'NONE', #4718, #5168, #2725 ) ;
#957 = FACE_OUTER_BOUND ( 'NONE', #3708, .T. ) ;
#958 = ORIENTED_EDGE ( 'NONE', *, *, #1170, .F. ) ;
#959 = ORIENTED_EDGE ( 'NONE', *, *, #2686, .F. ) ;
#960 = ORIENTED_EDGE ( 'NONE', *, *, #3329, .F. ) ;
#961 = PRODUCT ( '600mmAlExt', '600mmAlExt', '', ( #4175 ) ) ;
#962 = CARTESIAN_POINT ( 'NONE',  ( -47.00000000000128608, -71.40416029259168340, 6.000000000000000000 ) ) ;
#963 = CARTESIAN_POINT ( 'NONE',  ( -10.00000000000127187, -75.33070671946410357, 6.000000000000000000 ) ) ;
#964 = DIRECTION ( 'NONE',  ( 0.000000000000000000, 0.000000000000000000, -1.000000000000000000 ) ) ;
#965 = VERTEX_POINT ( 'NONE', #5369 ) ;
#966 = VECTOR ( 'NONE', #2612, 1000.000000000000000 ) ;
#967 = ORIENTED_EDGE ( 'NONE', *, *, #848, .T. ) ;
#968 = LINE ( 'NONE', #2198, #3789 ) ;
#969 = EDGE_CURVE ( 'NONE', #2954, #2771, #3297, .T. ) ;
#970 = VECTOR ( 'NONE', #462, 1000.000000000000000 ) ;
#971 = CARTESIAN_POINT ( 'NONE',  ( 7.413345811566749433, -113.4041602925917118, 6.000000000000000000 ) ) ;
#972 = FACE_BOUND ( 'NONE', #3521, .T. ) ;
#973 = AXIS2_PLACEMENT_3D ( 'NONE', #5086, #187, #1838 ) ;
#974 = FACE_OUTER_BOUND ( 'NONE', #3781, .T. ) ;
#975 = ORIENTED_EDGE ( 'NONE', *, *, #386, .T. ) ;
#976 = PLANE ( 'NONE',  #2754 ) ;
#977 = EDGE_CURVE ( 'NONE', #5009, #3239, #623, .T. ) ;
#978 = CARTESIAN_POINT ( 'NONE',  ( -30.11334581156930312, -113.4041602925917118, 0.000000000000000000 ) ) ;
#979 = EDGE_CURVE ( 'NONE', #1087, #2841, #1286, .T. ) ;
#980 = DIRECTION ( 'NONE',  ( 0.000000000000000000, 0.000000000000000000, -1.000000000000000000 ) ) ;
#981 = LINE ( 'NONE', #4292, #4594 ) ;
#982 = CARTESIAN_POINT ( 'NONE',  ( -35.11334581156931023, -113.4041602925917118, -4.000000000000000000 ) ) ;
#983 = DIRECTION ( 'NONE',  ( 1.000000000000000000, 0.000000000000000000, 0.000000000000000000 ) ) ;
#984 = APPLICATION_CONTEXT ( 'automotive_design' ) ;
#985 = EDGE_CURVE ( 'NONE', #559, #612, #3222, .T. ) ;
#986 = CARTESIAN_POINT ( 'NONE',  ( -9.595795067367060227, 0.000000000000000000, -10.90045085163731464 ) ) ;
#987 = EDGE_LOOP ( 'NONE', ( #3032, #1528, #18, #4247 ) ) ;
#988 = ORIENTED_EDGE ( 'NONE', *, *, #719, .T. ) ;
#989 = AXIS2_PLACEMENT_3D ( 'NONE', #4337, #1420, #175 ) ;
#990 = PRESENTATION_LAYER_ASSIGNMENT (  '', '', ( #2818 ) ) ;
#991 = DIRECTION ( 'NONE',  ( 0.000000000000000000, 0.000000000000000000, 1.000000000000000000 ) ) ;
#992 = CARTESIAN_POINT ( 'NONE',  ( 0.000000000000000000, 0.000000000000000000, -4.250000000000000000 ) ) ;
#993 = VERTEX_POINT ( 'NONE', #60 ) ;
#994 = ORIENTED_EDGE ( 'NONE', *, *, #4301, .F. ) ;
#995 = DIRECTION ( 'NONE',  ( 0.000000000000000000, 1.000000000000000000, 0.000000000000000000 ) ) ;
#996 = CONTEXT_DEPENDENT_SHAPE_REPRESENTATION ( #2670, #1820 ) ;
#997 = DIRECTION ( 'NONE',  ( 0.000000000000000000, 0.000000000000000000, 1.000000000000000000 ) ) ;
#998 = CYLINDRICAL_SURFACE ( 'NONE', #2621, 12.20000000000000107 ) ;
#999 = CARTESIAN_POINT ( 'NONE',  ( -5.500000000000000000, 6.250000000000000000, 0.000000000000000000 ) ) ;
#1000 = CARTESIAN_POINT ( 'NONE',  ( 8.604204932632942615, 600.0000000000000000, 0.000000000000000000 ) ) ;
#1001 = FACE_OUTER_BOUND ( 'NONE', #5105, .T. ) ;
#1002 = PLANE ( 'NONE',  #1442 ) ;
#1003 = DIRECTION ( 'NONE',  ( -0.000000000000000000, -0.000000000000000000, 1.000000000000000000 ) ) ;
#1004 = DIRECTION ( 'NONE',  ( 0.000000000000000000, 1.000000000000000000, 0.000000000000000000 ) ) ;
#1005 = CIRCLE ( 'NONE', #3090, 2.700000000000001066 ) ;
#1006 = ORIENTED_EDGE ( 'NONE', *, *, #3440, .T. ) ;
#1007 = EDGE_CURVE ( 'NONE', #3892, #1200, #2361, .T. ) ;
#1008 = CIRCLE ( 'NONE', #4051, 9.875000000000000000 ) ;
#1009 = LINE ( 'NONE', #4765, #92 ) ;
#1010 = EDGE_LOOP ( 'NONE', ( #763, #5309, #2129, #3340 ) ) ;
#1011 = EDGE_LOOP ( 'NONE', ( #2125, #4252, #2421, #2440 ) ) ;
#1012 = VECTOR ( 'NONE', #4620, 1000.000000000000000 ) ;
#1013 = DIRECTION ( 'NONE',  ( 0.000000000000000000, 1.000000000000000000, 0.000000000000000000 ) ) ;
#1014 = AXIS2_PLACEMENT_3D ( 'NONE', #721, #2385, #2743 ) ;
#1015 = LINE ( 'NONE', #2693, #115 ) ;
#1016 = SHAPE_DEFINITION_REPRESENTATION ( #2271, #4286 ) ;
#1017 = DIRECTION ( 'NONE',  ( -0.7071067811865410224, 0.000000000000000000, 0.7071067811865540120 ) ) ;
#1018 = ORIENTED_EDGE ( 'NONE', *, *, #3666, .F. ) ;
#1019 = CARTESIAN_POINT ( 'NONE',  ( 5.299999999999999822, 0.000000000000000000, 0.000000000000000000 ) ) ;
#1020 = DIRECTION ( 'NONE',  ( -0.000000000000000000, -0.000000000000000000, -1.000000000000000000 ) ) ;
#1021 = CARTESIAN_POINT ( 'NONE',  ( 11.99999999999862155, -130.4041602925917118, 6.000000000000000000 ) ) ;
#1022 = ORIENTED_EDGE ( 'NONE', *, *, #1073, .T. ) ;
#1023 = FACE_BOUND ( 'NONE', #1515, .T. ) ;
#1024 = CIRCLE ( 'NONE', #4681, 10.00000000000000178 ) ;
#1025 = CARTESIAN_POINT ( 'NONE',  ( 0.000000000000000000, 7.654042494670957606E-16, 6.250000000000000000 ) ) ;
#1026 = EDGE_CURVE ( 'NONE', #3031, #1978, #415, .T. ) ;
#1027 = CARTESIAN_POINT ( 'NONE',  ( -30.11334581156930312, -73.40416029259171182, 0.000000000000000000 ) ) ;
#1028 = VERTEX_POINT ( 'NONE', #3030 ) ;
#1029 = CONICAL_SURFACE ( 'NONE', #2788, 4.049999999999999822, 0.7853981633974440602 ) ;
#1030 = ORIENTED_EDGE ( 'NONE', *, *, #3507, .F. ) ;
#1031 = EDGE_CURVE ( 'NONE', #232, #5212, #1653, .T. ) ;
#1032 = LINE ( 'NONE', #5181, #1185 ) ;
#1033 = CARTESIAN_POINT ( 'NONE',  ( -13.50000000000127187, -71.33070671946410357, 6.000000000000000000 ) ) ;
#1034 = DIRECTION ( 'NONE',  ( -0.000000000000000000, -0.000000000000000000, -1.000000000000000000 ) ) ;
#1035 = EDGE_LOOP ( 'NONE', ( #486, #2748 ) ) ;
#1036 = EDGE_CURVE ( 'NONE', #3508, #4686, #3320, .T. ) ;
#1037 = ORIENTED_EDGE ( 'NONE', *, *, #2789, .F. ) ;
#1038 = AXIS2_PLACEMENT_3D ( 'NONE', #4586, #2962, #67 ) ;
#1039 = LINE ( 'NONE', #3140, #2472 ) ;
#1040 = EDGE_CURVE ( 'NONE', #4899, #1028, #3653, .T. ) ;
#1041 = VECTOR ( 'NONE', #2110, 1000.000000000000000 ) ;
#1042 = APPLICATION_PROTOCOL_DEFINITION ( 'draft international standard', 'automotive_design', 1998, #3374 ) ;
#1043 = CARTESIAN_POINT ( 'NONE',  ( 5.500000000000000000, 0.000000000000000000, 7.799999999999999822 ) ) ;
#1044 = ORIENTED_EDGE ( 'NONE', *, *, #82, .F. ) ;
#1045 = PRODUCT_DEFINITION_SHAPE ( 'NONE', 'NONE',  #5389 ) ;
#1046 = EDGE_CURVE ( 'NONE', #5306, #4424, #3814, .T. ) ;
#1047 = EDGE_LOOP ( 'NONE', ( #1272, #4212, #4029, #3266 ) ) ;
#1048 = DIRECTION ( 'NONE',  ( 0.000000000000000000, -0.000000000000000000, 1.000000000000000000 ) ) ;
#1049 = AXIS2_PLACEMENT_3D ( 'NONE', #1194, #741, #5284 ) ;
#1050 = EDGE_CURVE ( 'NONE', #3772, #300, #2164, .T. ) ;
#1051 = CARTESIAN_POINT ( 'NONE',  ( 5.904204932632940661, 600.0000000000000000, 4.515054666323120358 ) ) ;
#1052 = CARTESIAN_POINT ( 'NONE',  ( 5.299999999999999822, 7.654042494670957606E-16, 6.250000000000000000 ) ) ;
#1053 = CARTESIAN_POINT ( 'NONE',  ( 5.500000000000000000, 4.959819536546779614E-16, -4.049999999999999822 ) ) ;
#1054 = VECTOR ( 'NONE', #893, 1000.000000000000114 ) ;
#1055 = DIRECTION ( 'NONE',  ( 0.000000000000000000, 0.000000000000000000, 1.000000000000000000 ) ) ;
#1056 = CIRCLE ( 'NONE', #102, 2.699999999999999289 ) ;
#1057 = DIRECTION ( 'NONE',  ( -1.000000000000000000, -0.000000000000000000, -0.000000000000000000 ) ) ;
#1058 = DIRECTION ( 'NONE',  ( 1.000000000000000000, 0.000000000000000000, 0.000000000000000000 ) ) ;
#1059 = FACE_OUTER_BOUND ( 'NONE', #1167, .T. ) ;
#1060 = DIRECTION ( 'NONE',  ( 0.000000000000000000, -0.000000000000000000, 1.000000000000000000 ) ) ;
#1061 = ORIENTED_EDGE ( 'NONE', *, *, #3937, .F. ) ;
#1062 = CARTESIAN_POINT ( 'NONE',  ( 5.299999999999999822, 0.000000000000000000, -2.500000000000000000 ) ) ;
#1063 = CARTESIAN_POINT ( 'NONE',  ( 0.000000000000000000, 0.000000000000000000, 0.000000000000000000 ) ) ;
#1064 = VERTEX_POINT ( 'NONE', #4578 ) ;
#1065 = ORIENTED_EDGE ( 'NONE', *, *, #3867, .T. ) ;
#1066 = VECTOR ( 'NONE', #3716, 1000.000000000000000 ) ;
#1067 = FACE_OUTER_BOUND ( 'NONE', #5068, .T. ) ;
#1068 = DIRECTION ( 'NONE',  ( -5.659782955878652504E-16, 0.000000000000000000, -1.000000000000000000 ) ) ;
#1069 = ORIENTED_EDGE ( 'NONE', *, *, #4414, .T. ) ;
#1070 = VERTEX_POINT ( 'NONE', #28 ) ;
#1071 = SURFACE_SIDE_STYLE ('',( #2201 ) ) ;
#1072 = ORIENTED_EDGE ( 'NONE', *, *, #2188, .F. ) ;
#1073 = EDGE_CURVE ( 'NONE', #4279, #3693, #3377, .T. ) ;
#1074 = DIRECTION ( 'NONE',  ( -1.000000000000000000, 7.885106708985496429E-17, 0.000000000000000000 ) ) ;
#1075 = EDGE_CURVE ( 'NONE', #1413, #4184, #2632, .T. ) ;
#1076 = DIRECTION ( 'NONE',  ( 0.000000000000000000, 0.000000000000000000, 1.000000000000000000 ) ) ;
#1077 = DIRECTION ( 'NONE',  ( -0.7071067811865505703, 8.659560562354895880E-17, -0.7071067811865444641 ) ) ;
#1078 = CARTESIAN_POINT ( 'NONE',  ( -13.50000000000127187, -71.33070671946410357, 0.000000000000000000 ) ) ;
#1079 = CARTESIAN_POINT ( 'NONE',  ( 5.500000000000000000, 5.082284216461514170E-16, -4.049999999999999822 ) ) ;
#1080 = FACE_OUTER_BOUND ( 'NONE', #852, .T. ) ;
#1081 = CARTESIAN_POINT ( 'NONE',  ( 5.100000000000000533, 1.351703904558891209E-15, -9.875000000000000000 ) ) ;
#1082 = VECTOR ( 'NONE', #784, 1000.000000000000000 ) ;
#1083 = ORIENTED_EDGE ( 'NONE', *, *, #1825, .T. ) ;
#1084 = ORIENTED_EDGE ( 'NONE', *, *, #5156, .F. ) ;
#1085 = VERTEX_POINT ( 'NONE', #4163 ) ;
#1086 = LINE ( 'NONE', #3110, #4171 ) ;
#1087 = VERTEX_POINT ( 'NONE', #2553 ) ;
#1088 = AXIS2_PLACEMENT_3D ( 'NONE', #2810, #2374, #4023 ) ;
#1089 = VERTEX_POINT ( 'NONE', #3408 ) ;
#1090 = SURFACE_SIDE_STYLE ('',( #3597 ) ) ;
#1091 = VECTOR ( 'NONE', #4665, 1000.000000000000000 ) ;
#1092 = AXIS2_PLACEMENT_3D ( 'NONE', #4293, #5091, #1356 ) ;
#1093 = EDGE_CURVE ( 'NONE', #437, #5212, #2927, .T. ) ;
#1094 = CARTESIAN_POINT ( 'NONE',  ( 34.99999999999869971, -38.40416029259168340, -4.000000000000000000 ) ) ;
#1095 = ORIENTED_EDGE ( 'NONE', *, *, #1235, .F. ) ;
#1096 = ORIENTED_EDGE ( 'NONE', *, *, #2753, .T. ) ;
#1097 = AXIS2_PLACEMENT_3D ( 'NONE', #4120, #2507, #2560 ) ;
#1098 = CARTESIAN_POINT ( 'NONE',  ( 5.299999999999999822, 3.061616997868383141E-16, 2.500000000000000000 ) ) ;
#1099 = VERTEX_POINT ( 'NONE', #2134 ) ;
#1100 = DIRECTION ( 'NONE',  ( -1.000000000000000000, -0.000000000000000000, -0.000000000000000000 ) ) ;
#1101 = CARTESIAN_POINT ( 'NONE',  ( 3.469204932632941496, 600.0000000000000000, 6.299549148362684647 ) ) ;
#1102 = CARTESIAN_POINT ( 'NONE',  ( -22.30823265886978746, 3.078517048003682088, 13.93314829172865643 ) ) ;
#1103 = EDGE_CURVE ( 'NONE', #4024, #3248, #2093, .T. ) ;
#1104 = CARTESIAN_POINT ( 'NONE',  ( 0.4042049326329404946, 600.0000000000000000, -1.900450851637315974 ) ) ;
#1105 = CARTESIAN_POINT ( 'NONE',  ( 0.000000000000000000, 0.000000000000000000, -8.000000000000000000 ) ) ;
#1106 = EDGE_CURVE ( 'NONE', #1978, #842, #2967, .T. ) ;
#1107 = CARTESIAN_POINT ( 'NONE',  ( 0.000000000000000000, 5.000000000000000000, 0.000000000000000000 ) ) ;
#1108 = CARTESIAN_POINT ( 'NONE',  ( 5.299999999999999822, 0.000000000000000000, 0.000000000000000000 ) ) ;
#1109 = CARTESIAN_POINT ( 'NONE',  ( 0.000000000000000000, 0.000000000000000000, 6.000000000000000000 ) ) ;
#1110 = EDGE_CURVE ( 'NONE', #5012, #794, #875, .T. ) ;
#1111 = ORIENTED_EDGE ( 'NONE', *, *, #5079, .F. ) ;
#1112 = ADVANCED_FACE ( 'NONE', ( #1314 ), #2980, .F. ) ;
#1113 = ORIENTED_EDGE ( 'NONE', *, *, #745, .F. ) ;
#1114 = CIRCLE ( 'NONE', #1197, 6.250000000000000000 ) ;
#1115 = CYLINDRICAL_SURFACE ( 'NONE', #2447, 10.00000000000000178 ) ;
#1116 = ORIENTED_EDGE ( 'NONE', *, *, #554, .T. ) ;
#1117 = EDGE_LOOP ( 'NONE', ( #5074, #4928 ) ) ;
#1118 = VECTOR ( 'NONE', #703, 1000.000000000000000 ) ;
#1119 = DIRECTION ( 'NONE',  ( 0.000000000000000000, 1.000000000000000000, 0.000000000000000000 ) ) ;
#1120 = CARTESIAN_POINT ( 'NONE',  ( -70.00000000000129319, -153.4041602925916834, -14.00000000000000000 ) ) ;
#1121 = EDGE_LOOP ( 'NONE', ( #1072, #4651, #5104, #2244 ) ) ;
#1122 =( GEOMETRIC_REPRESENTATION_CONTEXT ( 3 ) GLOBAL_UNCERTAINTY_ASSIGNED_CONTEXT ( ( #1405 ) ) GLOBAL_UNIT_ASSIGNED_CONTEXT ( ( #4015, #674, #3250 ) ) REPRESENTATION_CONTEXT ( 'NONE', 'WORKASPACE' ) );
#1123 = EDGE_LOOP ( 'NONE', ( #1372, #4466, #4555, #4589 ) ) ;
#1124 = FILL_AREA_STYLE_COLOUR ( '', #613 ) ;
#1125 = VERTEX_POINT ( 'NONE', #1766 ) ;
#1126 = DIRECTION ( 'NONE',  ( 0.000000000000000000, 0.000000000000000000, 1.000000000000000000 ) ) ;
#1127 = CIRCLE ( 'NONE', #2359, 4.250000000000000000 ) ;
#1128 = DIRECTION ( 'NONE',  ( 1.000000000000000000, 0.000000000000000000, 0.000000000000000000 ) ) ;
#1129 = CARTESIAN_POINT ( 'NONE',  ( -25.11334581156929957, -113.4041602925917118, -4.000000000000000000 ) ) ;
#1130 = DIRECTION ( 'NONE',  ( 0.000000000000000000, 0.000000000000000000, 1.000000000000000000 ) ) ;
#1131 = VECTOR ( 'NONE', #4818, 1000.000000000000000 ) ;
#1132 = CARTESIAN_POINT ( 'NONE',  ( 1.309203555201697736E-14, 600.0000000000000000, 3.591375882058629898 ) ) ;
#1133 = LINE ( 'NONE', #214, #2059 ) ;
#1134 = DIRECTION ( 'NONE',  ( -0.000000000000000000, -0.000000000000000000, -1.000000000000000000 ) ) ;
#1135 = CARTESIAN_POINT ( 'NONE',  ( -5.500000000000000000, 0.000000000000000000, 0.000000000000000000 ) ) ;
#1136 = EDGE_CURVE ( 'NONE', #4719, #4517, #2794, .T. ) ;
#1137 = CARTESIAN_POINT ( 'NONE',  ( 5.904204932632940661, 600.0000000000000000, 4.515054666323120358 ) ) ;
#1138 = ORIENTED_EDGE ( 'NONE', *, *, #1926, .T. ) ;
#1139 = ORIENTED_EDGE ( 'NONE', *, *, #816, .T. ) ;
#1140 = AXIS2_PLACEMENT_3D ( 'NONE', #3254, #2860, #2611 ) ;
#1141 = ORIENTED_EDGE ( 'NONE', *, *, #1496, .T. ) ;
#1142 = ADVANCED_FACE ( 'NONE', ( #662, #2300 ), #3895, .T. ) ;
#1143 = ADVANCED_FACE ( 'NONE', ( #4331 ), #4711, .F. ) ;
#1144 = CARTESIAN_POINT ( 'NONE',  ( -5.500000000000000000, 0.000000000000000000, 0.000000000000000000 ) ) ;
#1145 = ORIENTED_EDGE ( 'NONE', *, *, #3669, .F. ) ;
#1146 = ORIENTED_EDGE ( 'NONE', *, *, #2314, .T. ) ;
#1147 = DIRECTION ( 'NONE',  ( -1.000000000000000000, 0.000000000000000000, 0.000000000000000000 ) ) ;
#1148 = FACE_BOUND ( 'NONE', #29, .T. ) ;
#1149 = ORIENTED_EDGE ( 'NONE', *, *, #4698, .F. ) ;
#1150 =( REPRESENTATION_RELATIONSHIP ('NONE','NONE', #3425, #7 ) REPRESENTATION_RELATIONSHIP_WITH_TRANSFORMATION ( #5188 )SHAPE_REPRESENTATION_RELATIONSHIP( ) );
#1151 = VERTEX_POINT ( 'NONE', #637 ) ;
#1152 = DIRECTION ( 'NONE',  ( 1.000000000000000000, 0.000000000000000000, 0.000000000000000000 ) ) ;
#1153 = ORIENTED_EDGE ( 'NONE', *, *, #2720, .T. ) ;
#1154 = CIRCLE ( 'NONE', #1668, 2.700000000000004619 ) ;
#1155 = DIRECTION ( 'NONE',  ( 0.000000000000000000, 0.000000000000000000, 1.000000000000000000 ) ) ;
#1156 = CARTESIAN_POINT ( 'NONE',  ( -70.00000000000129319, -33.40416029259172603, 6.000000000000000000 ) ) ;
#1157 = DIRECTION ( 'NONE',  ( -1.000000000000000000, 0.000000000000000000, 0.000000000000000000 ) ) ;
#1158 = LINE ( 'NONE', #1132, #517 ) ;
#1159 = LINE ( 'NONE', #4071, #2038 ) ;
#1160 = LINE ( 'NONE', #4486, #4736 ) ;
#1161 = ORIENTED_EDGE ( 'NONE', *, *, #1036, .F. ) ;
#1162 = DIRECTION ( 'NONE',  ( -0.000000000000000000, -1.000000000000000000, -0.000000000000000000 ) ) ;
#1163 = VERTEX_POINT ( 'NONE', #3491 ) ;
#1164 = ADVANCED_FACE ( 'NONE', ( #2714 ), #3060, .F. ) ;
#1165 = AXIS2_PLACEMENT_3D ( 'NONE', #1749, #2091, #1666 ) ;
#1166 = FACE_OUTER_BOUND ( 'NONE', #3656, .T. ) ;
#1167 = EDGE_LOOP ( 'NONE', ( #1570, #57, #1707, #3800 ) ) ;
#1168 = VERTEX_POINT ( 'NONE', #4383 ) ;
#1169 = CIRCLE ( 'NONE', #2742, 10.00000000000000178 ) ;
#1170 = EDGE_CURVE ( 'NONE', #103, #2405, #3949, .T. ) ;
#1171 = FACE_BOUND ( 'NONE', #2953, .T. ) ;
#1172 = AXIS2_PLACEMENT_3D ( 'NONE', #2916, #4073, #4180 ) ;
#1173 = CARTESIAN_POINT ( 'NONE',  ( 2.774999999999999911, 0.000000000000000000, 12.20000000000000107 ) ) ;
#1174 = ORIENTED_EDGE ( 'NONE', *, *, #809, .F. ) ;
#1175 = EDGE_LOOP ( 'NONE', ( #2540, #5039, #3191, #3746 ) ) ;
#1176 = DIRECTION ( 'NONE',  ( 0.000000000000000000, 1.000000000000000000, 0.000000000000000000 ) ) ;
#1177 = AXIS2_PLACEMENT_3D ( 'NONE', #534, #561, #2588 ) ;
#1178 = CARTESIAN_POINT ( 'NONE',  ( -9.595795067367058451, 600.0000000000000000, 2.949549148362682338 ) ) ;
#1179 = CARTESIAN_POINT ( 'NONE',  ( 3.469204932632941496, 600.0000000000000000, 1.999549148362688156 ) ) ;
#1180 = CYLINDRICAL_SURFACE ( 'NONE', #4401, 1.000000000000000888 ) ;
#1181 = DIRECTION ( 'NONE',  ( 0.000000000000000000, -1.000000000000000000, -3.491481338843133355E-15 ) ) ;
#1182 = CARTESIAN_POINT ( 'NONE',  ( -8.595795067367062003, 600.0000000000000000, -11.90045085163731642 ) ) ;
#1183 = CIRCLE ( 'NONE', #3451, 15.00000000000002309 ) ;
#1184 = VECTOR ( 'NONE', #77, 1000.000000000000000 ) ;
#1185 = VECTOR ( 'NONE', #556, 1000.000000000000000 ) ;
#1186 = CARTESIAN_POINT ( 'NONE',  ( -5.087621801062966576, 0.000000000000000000, -8.315956369597751419 ) ) ;
#1187 = CARTESIAN_POINT ( 'NONE',  ( -7.795795067367035536, 600.0000000000000000, 3.591375882058591262 ) ) ;
#1188 = LINE ( 'NONE', #3258, #2047 ) ;
#1189 = DIRECTION ( 'NONE',  ( 1.000000000000000000, 0.000000000000000000, 5.659782955878652504E-16 ) ) ;
#1190 = ORIENTED_EDGE ( 'NONE', *, *, #5175, .F. ) ;
#1191 = LINE ( 'NONE', #2123, #3783 ) ;
#1192 = VERTEX_POINT ( 'NONE', #5207 ) ;
#1193 = DIRECTION ( 'NONE',  ( -0.000000000000000000, -0.000000000000000000, -1.000000000000000000 ) ) ;
#1194 = CARTESIAN_POINT ( 'NONE',  ( -13.50000000000127187, -75.33070671946410357, 6.000000000000000000 ) ) ;
#1195 = EDGE_LOOP ( 'NONE', ( #3984, #4104, #4363, #2124 ) ) ;
#1196 = ORIENTED_EDGE ( 'NONE', *, *, #3276, .F. ) ;
#1197 = AXIS2_PLACEMENT_3D ( 'NONE', #887, #2529, #3439 ) ;
#1198 = EDGE_CURVE ( 'NONE', #2411, #4719, #198, .T. ) ;
#1199 = LINE ( 'NONE', #4530, #3821 ) ;
#1200 = VERTEX_POINT ( 'NONE', #223 ) ;
#1201 = ORIENTED_EDGE ( 'NONE', *, *, #5171, .F. ) ;
#1202 = CLOSED_SHELL ( 'NONE', ( #5065, #1737, #304, #652, #4673, #4440, #4404, #2380, #4828, #4035, #3169, #3365, #4173, #3296, #2823, #5113, #811, #2919, #3765, #1142, #1772, #1960, #2491, #4835, #4493, #4571, #2031, #3706, #2892, #4434, #1211, #3930, #2629, #743 ) ) ;
#1203 =( NAMED_UNIT ( * ) PLANE_ANGLE_UNIT ( ) SI_UNIT ( $, .RADIAN. ) );
#1204 = EDGE_LOOP ( 'NONE', ( #4789, #1096, #4850, #4273 ) ) ;
#1205 = CARTESIAN_POINT ( 'NONE',  ( -3.300930889375950805, 600.0000000000000000, -3.273423131964485311 ) ) ;
#1206 = ADVANCED_FACE ( 'NONE', ( #2219 ), #584, .F. ) ;
#1207 = FACE_OUTER_BOUND ( 'NONE', #166, .T. ) ;
#1208 = CARTESIAN_POINT ( 'NONE',  ( 0.000000000000000000, 0.000000000000000000, -3.300000000000000266 ) ) ;
#1209 = CIRCLE ( 'NONE', #2158, 10.00000000000000178 ) ;
#1210 = DIRECTION ( 'NONE',  ( 0.5953127414440494425, 2.920495793444402971E-15, -0.8034940820406647477 ) ) ;
#1211 = ADVANCED_FACE ( 'NONE', ( #4734 ), #529, .F. ) ;
#1212 = EDGE_CURVE ( 'NONE', #5069, #332, #1309, .T. ) ;
#1213 = CARTESIAN_POINT ( 'NONE',  ( 0.4042049326329404946, 600.0000000000000000, -4.000450851637316063 ) ) ;
#1214 = VECTOR ( 'NONE', #1399, 999.9999999999998863 ) ;
#1215 = CARTESIAN_POINT ( 'NONE',  ( 5.904204932632940661, 600.0000000000000000, 6.299549148362684647 ) ) ;
#1216 = DIRECTION ( 'NONE',  ( 0.000000000000000000, 0.000000000000000000, 1.000000000000000000 ) ) ;
#1217 = VECTOR ( 'NONE', #3728, 1000.000000000000000 ) ;
#1218 = EDGE_LOOP ( 'NONE', ( #2166, #4036, #1201, #3359 ) ) ;
#1219 = ORIENTED_EDGE ( 'NONE', *, *, #3201, .T. ) ;
#1220 = VECTOR ( 'NONE', #1189, 1000.000000000000000 ) ;
#1221 = DIRECTION ( 'NONE',  ( -1.000000000000000000, 0.000000000000000000, -0.000000000000000000 ) ) ;
#1222 = EDGE_LOOP ( 'NONE', ( #5319, #5279 ) ) ;
#1223 = CIRCLE ( 'NONE', #1922, 1.000000000000000888 ) ;
#1224 = DIRECTION ( 'NONE',  ( 0.000000000000000000, 0.000000000000000000, 1.000000000000000000 ) ) ;
#1225 = ORIENTED_EDGE ( 'NONE', *, *, #847, .F. ) ;
#1226 = DIRECTION ( 'NONE',  ( -1.000000000000000000, 0.000000000000000000, 0.000000000000000000 ) ) ;
#1227 = ORIENTED_EDGE ( 'NONE', *, *, #368, .T. ) ;
#1228 = EDGE_CURVE ( 'NONE', #4682, #3028, #2739, .T. ) ;
#1229 = ORIENTED_EDGE ( 'NONE', *, *, #4115, .T. ) ;
#1230 = DIRECTION ( 'NONE',  ( -0.7100591715976344309, 0.000000000000000000, -0.7041420118343182377 ) ) ;
#1231 = DIRECTION ( 'NONE',  ( -0.7100591715976330986, 0.000000000000000000, 0.7041420118343195700 ) ) ;
#1232 = DIRECTION ( 'NONE',  ( -1.000000000000000000, 0.000000000000000000, 0.000000000000000000 ) ) ;
#1233 = DIRECTION ( 'NONE',  ( -3.491481338843133355E-15, 1.000000000000000000, 0.000000000000000000 ) ) ;
#1234 = DIRECTION ( 'NONE',  ( 5.659782955878652504E-16, 0.000000000000000000, -1.000000000000000000 ) ) ;
#1235 = EDGE_CURVE ( 'NONE', #5291, #2609, #1009, .T. ) ;
#1236 = VECTOR ( 'NONE', #2247, 1000.000000000000000 ) ;
#1237 = DIRECTION ( 'NONE',  ( 0.000000000000000000, -0.000000000000000000, -1.000000000000000000 ) ) ;
#1238 = AXIS2_PLACEMENT_3D ( 'NONE', #2184, #3398, #573 ) ;
#1239 = CARTESIAN_POINT ( 'NONE',  ( -5.100000000000000533, 0.000000000000000000, -9.875000000000000000 ) ) ;
#1240 = VERTEX_POINT ( 'NONE', #3924 ) ;
#1241 = DIRECTION ( 'NONE',  ( -1.000000000000000000, 0.000000000000000000, 0.000000000000000000 ) ) ;
#1242 = VERTEX_POINT ( 'NONE', #3511 ) ;
#1243 = ORIENTED_EDGE ( 'NONE', *, *, #4297, .F. ) ;
#1244 = EDGE_CURVE ( 'NONE', #5012, #3298, #1086, .T. ) ;
#1245 = DIRECTION ( 'NONE',  ( -0.000000000000000000, -0.000000000000000000, -1.000000000000000000 ) ) ;
#1246 = DIRECTION ( 'NONE',  ( -1.000000000000000000, 0.000000000000000000, -0.000000000000000000 ) ) ;
#1247 = ORIENTED_EDGE ( 'NONE', *, *, #618, .T. ) ;
#1248 = EDGE_LOOP ( 'NONE', ( #960, #2018 ) ) ;
#1249 = AXIS2_PLACEMENT_3D ( 'NONE', #3399, #1245, #849 ) ;
#1250 = AXIS2_PLACEMENT_3D ( 'NONE', #341, #4966, #1128 ) ;
#1251 = APPLICATION_CONTEXT ( 'automotive_design' ) ;
#1252 = VECTOR ( 'NONE', #4915, 1000.000000000000000 ) ;
#1253 = CARTESIAN_POINT ( 'NONE',  ( 5.500000000000000000, 0.000000000000000000, 0.000000000000000000 ) ) ;
#1254 = ORIENTED_EDGE ( 'NONE', *, *, #2853, .T. ) ;
#1255 = ORIENTED_EDGE ( 'NONE', *, *, #5133, .F. ) ;
#1256 = CARTESIAN_POINT ( 'NONE',  ( -30.11334581156930312, -113.4041602925917118, 6.000000000000000000 ) ) ;
#1257 = CYLINDRICAL_SURFACE ( 'NONE', #5357, 4.250000000000000000 ) ;
#1258 = VECTOR ( 'NONE', #761, 1000.000000000000000 ) ;
#1259 = DIRECTION ( 'NONE',  ( -0.000000000000000000, -1.000000000000000000, -0.000000000000000000 ) ) ;
#1260 = ADVANCED_FACE ( 'NONE', ( #4361 ), #3568, .T. ) ;
#1261 = DIRECTION ( 'NONE',  ( 1.000000000000000000, 0.000000000000000000, 0.000000000000000000 ) ) ;
#1262 = DIRECTION ( 'NONE',  ( -3.491481338843133355E-15, 1.000000000000000000, 0.000000000000000000 ) ) ;
#1263 = LINE ( 'NONE', #837, #3644 ) ;
#1264 = CARTESIAN_POINT ( 'NONE',  ( 12.81334581156675867, -113.4041602925917118, 0.000000000000000000 ) ) ;
#1265 = EDGE_CURVE ( 'NONE', #3853, #4866, #250, .T. ) ;
#1266 = CARTESIAN_POINT ( 'NONE',  ( 10.40420493263294155, 600.0000000000000000, -9.024209272756028056E-16 ) ) ;
#1267 = VECTOR ( 'NONE', #1677, 1000.000000000000000 ) ;
#1268 = DIRECTION ( 'NONE',  ( 1.000000000000000000, 0.000000000000000000, 0.000000000000000000 ) ) ;
#1269 = EDGE_CURVE ( 'NONE', #4034, #2154, #4607, .T. ) ;
#1270 = ORIENTED_EDGE ( 'NONE', *, *, #2950, .T. ) ;
#1271 = DIRECTION ( 'NONE',  ( 1.000000000000000000, 0.000000000000000000, -3.402382146331606563E-15 ) ) ;
#1272 = ORIENTED_EDGE ( 'NONE', *, *, #330, .F. ) ;
#1273 = AXIS2_PLACEMENT_3D ( 'NONE', #4237, #1354, #3801 ) ;
#1274 = VERTEX_POINT ( 'NONE', #4055 ) ;
#1275 = AXIS2_PLACEMENT_3D ( 'NONE', #2441, #2334, #3980 ) ;
#1276 = DIRECTION ( 'NONE',  ( -1.000000000000000000, 0.000000000000000000, 0.000000000000000000 ) ) ;
#1277 = DIRECTION ( 'NONE',  ( -1.000000000000000000, 0.000000000000000000, -0.000000000000000000 ) ) ;
#1278 = EDGE_CURVE ( 'NONE', #788, #4080, #387, .T. ) ;
#1279 = VECTOR ( 'NONE', #4936, 1000.000000000000000 ) ;
#1280 = EDGE_CURVE ( 'NONE', #1932, #2774, #5364, .T. ) ;
#1281 = LINE ( 'NONE', #4244, #4958 ) ;
#1282 = ORIENTED_EDGE ( 'NONE', *, *, #3007, .F. ) ;
#1283 = VERTEX_POINT ( 'NONE', #3623 ) ;
#1284 = EDGE_CURVE ( 'NONE', #4890, #1087, #2884, .T. ) ;
#1285 = DIRECTION ( 'NONE',  ( 0.000000000000000000, 0.000000000000000000, 1.000000000000000000 ) ) ;
#1286 = LINE ( 'NONE', #880, #3391 ) ;
#1287 = ORIENTED_EDGE ( 'NONE', *, *, #2191, .F. ) ;
#1288 = ORIENTED_EDGE ( 'NONE', *, *, #3599, .F. ) ;
#1289 = LINE ( 'NONE', #804, #5215 ) ;
#1290 = FACE_BOUND ( 'NONE', #897, .T. ) ;
#1291 = DIRECTION ( 'NONE',  ( 0.000000000000000000, 0.000000000000000000, -1.000000000000000000 ) ) ;
#1292 = LINE ( 'NONE', #913, #1607 ) ;
#1293 = DIRECTION ( 'NONE',  ( -1.000000000000000000, -1.396592535537248451E-14, 6.982962677686315620E-15 ) ) ;
#1294 = UNCERTAINTY_MEASURE_WITH_UNIT (LENGTH_MEASURE( 1.000000000000000082E-05 ), #4610, 'distance_accuracy_value', 'NONE');
#1295 = CARTESIAN_POINT ( 'NONE',  ( -5.087621801062966576, 600.0000000000000000, -10.10045085163731748 ) ) ;
#1296 = ORIENTED_EDGE ( 'NONE', *, *, #1911, .F. ) ;
#1297 = CLOSED_SHELL ( 'NONE', ( #2521, #1438, #4002, #4151, #5076, #2978, #4499, #3782, #1732, #5334, #4010, #3302, #4478, #4970, #3856, #485, #1311, #785, #1969, #2663, #2280, #3843, #734, #3038, #4893, #3578, #2178, #2986, #3443, #3113, #2807, #38, #3834, #2423, #442, #10, #1334, #1260, #4634 ) ) ;
#1298 = CARTESIAN_POINT ( 'NONE',  ( 34.99999999999869971, -148.4041602925916834, -14.00000000000000000 ) ) ;
#1299 = CYLINDRICAL_SURFACE ( 'NONE', #5352, 10.00000000000000178 ) ;
#1300 = CARTESIAN_POINT ( 'NONE',  ( -5.500000000000000000, 0.000000000000000000, 6.450000000000000178 ) ) ;
#1301 = EDGE_LOOP ( 'NONE', ( #3322, #224, #4236, #3925 ) ) ;
#1302 = ORIENTED_EDGE ( 'NONE', *, *, #3555, .T. ) ;
#1303 = ORIENTED_EDGE ( 'NONE', *, *, #537, .F. ) ;
#1304 = LINE ( 'NONE', #518, #2504 ) ;
#1305 = PLANE ( 'NONE',  #2020 ) ;
#1306 = VECTOR ( 'NONE', #2877, 1000.000000000000000 ) ;
#1307 = CARTESIAN_POINT ( 'NONE',  ( 5.500000000000000000, 9.552245033349354572E-16, -7.799999999999999822 ) ) ;
#1308 = ORIENTED_EDGE ( 'NONE', *, *, #2437, .T. ) ;
#1309 = CIRCLE ( 'NONE', #3484, 2.700000000000008171 ) ;
#1310 = ORIENTED_EDGE ( 'NONE', *, *, #1228, .T. ) ;
#1311 = ADVANCED_FACE ( 'NONE', ( #1620 ), #4416, .F. ) ;
#1312 = VECTOR ( 'NONE', #821, 1000.000000000000000 ) ;
#1313 = FACE_BOUND ( 'NONE', #771, .T. ) ;
#1314 = FACE_OUTER_BOUND ( 'NONE', #4580, .T. ) ;
#1315 = ORIENTED_EDGE ( 'NONE', *, *, #1601, .F. ) ;
#1316 = ORIENTED_EDGE ( 'NONE', *, *, #704, .F. ) ;
#1317 = AXIS2_PLACEMENT_3D ( 'NONE', #512, #3909, #948 ) ;
#1318 = CARTESIAN_POINT ( 'NONE',  ( -60.00000000000128608, -153.4041602925916834, -14.00000000000000000 ) ) ;
#1319 = CARTESIAN_POINT ( 'NONE',  ( 8.604204932632939062, 0.000000000000000000, 1.164549148362685971 ) ) ;
#1320 = CARTESIAN_POINT ( 'NONE',  ( -13.50000000000127187, -111.4776138657193201, 6.000000000000000000 ) ) ;
#1321 = CARTESIAN_POINT ( 'NONE',  ( 9.404204932632943326, 0.000000000000000000, 8.099549148362683582 ) ) ;
#1322 = CARTESIAN_POINT ( 'NONE',  ( -5.500000000000000000, 0.000000000000000000, 0.000000000000000000 ) ) ;
#1323 = ORIENTED_EDGE ( 'NONE', *, *, #3634, .F. ) ;
#1324 = DIRECTION ( 'NONE',  ( -0.7100591715976344309, 0.000000000000000000, -0.7041420118343182377 ) ) ;
#1325 = ORIENTED_EDGE ( 'NONE', *, *, #3467, .T. ) ;
#1326 = FACE_BOUND ( 'NONE', #1846, .T. ) ;
#1327 = MECHANICAL_DESIGN_GEOMETRIC_PRESENTATION_REPRESENTATION (  '', ( #2818 ), #23 ) ;
#1328 = DIRECTION ( 'NONE',  ( 0.000000000000000000, 0.000000000000000000, -1.000000000000000000 ) ) ;
#1329 = DIRECTION ( 'NONE',  ( -0.000000000000000000, -0.000000000000000000, 1.000000000000000000 ) ) ;
#1330 = ORIENTED_EDGE ( 'NONE', *, *, #4169, .F. ) ;
#1331 = ORIENTED_EDGE ( 'NONE', *, *, #2947, .T. ) ;
#1332 = ORIENTED_EDGE ( 'NONE', *, *, #2286, .T. ) ;
#1333 = AXIS2_PLACEMENT_3D ( 'NONE', #4748, #1020, #3906 ) ;
#1334 = ADVANCED_FACE ( 'NONE', ( #793 ), #1115, .T. ) ;
#1335 = DIRECTION ( 'NONE',  ( -0.000000000000000000, -1.000000000000000000, -0.000000000000000000 ) ) ;
#1336 = DIRECTION ( 'NONE',  ( -0.000000000000000000, -0.000000000000000000, -1.000000000000000000 ) ) ;
#1337 = ORIENTED_EDGE ( 'NONE', *, *, #4096, .T. ) ;
#1338 = EDGE_CURVE ( 'NONE', #3808, #1274, #4469, .T. ) ;
#1339 = ORIENTED_EDGE ( 'NONE', *, *, #3435, .F. ) ;
#1340 = LINE ( 'NONE', #4254, #2229 ) ;
#1341 = DIRECTION ( 'NONE',  ( 1.000000000000000000, 0.000000000000000000, -0.000000000000000000 ) ) ;
#1342 = CARTESIAN_POINT ( 'NONE',  ( 10.40420493263294155, 600.0000000000000000, -9.024209272756028056E-16 ) ) ;
#1343 = APPLICATION_PROTOCOL_DEFINITION ( 'draft international standard', 'automotive_design', 1998, #5083 ) ;
#1344 = AXIS2_PLACEMENT_3D ( 'NONE', #4106, #2817, #3673 ) ;
#1345 = EDGE_CURVE ( 'NONE', #5185, #3436, #4952, .T. ) ;
#1346 = CARTESIAN_POINT ( 'NONE',  ( -30.11334581156930312, -113.4041602925917118, 0.000000000000000000 ) ) ;
#1347 = EDGE_LOOP ( 'NONE', ( #5318, #874, #4183, #523 ) ) ;
#1348 = AXIS2_PLACEMENT_3D ( 'NONE', #3881, #3552, #3934 ) ;
#1349 = DIRECTION ( 'NONE',  ( 1.000000000000000000, 0.000000000000000000, 0.000000000000000000 ) ) ;
#1350 = DIRECTION ( 'NONE',  ( -1.000000000000000000, 0.000000000000000000, 0.000000000000000000 ) ) ;
#1351 = DIRECTION ( 'NONE',  ( -1.000000000000000000, 0.000000000000000000, 0.000000000000000000 ) ) ;
#1352 = AXIS2_PLACEMENT_3D ( 'NONE', #978, #2649, #3797 ) ;
#1353 = ORIENTED_EDGE ( 'NONE', *, *, #3937, .T. ) ;
#1354 = DIRECTION ( 'NONE',  ( 0.000000000000000000, -0.000000000000000000, 1.000000000000000000 ) ) ;
#1355 = ORIENTED_EDGE ( 'NONE', *, *, #2785, .F. ) ;
#1356 = DIRECTION ( 'NONE',  ( 0.000000000000000000, 0.000000000000000000, 1.000000000000000000 ) ) ;
#1357 = CARTESIAN_POINT ( 'NONE',  ( -55.00000000000129319, -138.4041602925916834, -14.00000000000000000 ) ) ;
#1358 = VECTOR ( 'NONE', #2021, 1000.000000000000000 ) ;
#1359 = CARTESIAN_POINT ( 'NONE',  ( 7.413345811566749433, -113.4041602925917118, 6.000000000000000000 ) ) ;
#1360 = VERTEX_POINT ( 'NONE', #4444 ) ;
#1361 = AXIS2_PLACEMENT_3D ( 'NONE', #4092, #2114, #834 ) ;
#1362 = EDGE_CURVE ( 'NONE', #3159, #2418, #1954, .T. ) ;
#1363 = ORIENTED_EDGE ( 'NONE', *, *, #4967, .T. ) ;
#1364 = DIRECTION ( 'NONE',  ( -0.000000000000000000, -1.000000000000000000, -0.000000000000000000 ) ) ;
#1365 = DIRECTION ( 'NONE',  ( 1.000000000000000000, 0.000000000000000000, 0.000000000000000000 ) ) ;
#1366 = ORIENTED_EDGE ( 'NONE', *, *, #3810, .F. ) ;
#1367 = ORIENTED_EDGE ( 'NONE', *, *, #5277, .T. ) ;
#1368 = ADVANCED_FACE ( 'NONE', ( #2769 ), #4003, .T. ) ;
#1369 = CARTESIAN_POINT ( 'NONE',  ( 12.81334581156675867, -113.4041602925917118, 6.000000000000000000 ) ) ;
#1370 = APPLICATION_PROTOCOL_DEFINITION ( 'draft international standard', 'automotive_design', 1998, #1251 ) ;
#1371 = DIRECTION ( 'NONE',  ( 0.000000000000000000, 1.000000000000000000, -0.000000000000000000 ) ) ;
#1372 = ORIENTED_EDGE ( 'NONE', *, *, #4720, .F. ) ;
#1373 = EDGE_CURVE ( 'NONE', #2929, #3028, #4079, .T. ) ;
#1374 = DIRECTION ( 'NONE',  ( 1.000000000000000000, 0.000000000000000000, 0.000000000000000000 ) ) ;
#1375 = EDGE_CURVE ( 'NONE', #3115, #1385, #4870, .T. ) ;
#1376 = CARTESIAN_POINT ( 'NONE',  ( 5.500000000000000000, 0.000000000000000000, 0.000000000000000000 ) ) ;
#1377 = ORIENTED_EDGE ( 'NONE', *, *, #969, .F. ) ;
#1378 = DIRECTION ( 'NONE',  ( 1.000000000000000000, 0.000000000000000000, 0.000000000000000000 ) ) ;
#1379 = PLANE ( 'NONE',  #4342 ) ;
#1380 = VECTOR ( 'NONE', #4703, 1000.000000000000000 ) ;
#1381 = CARTESIAN_POINT ( 'NONE',  ( 5.299999999999999822, 0.000000000000000000, 0.000000000000000000 ) ) ;
#1382 = CARTESIAN_POINT ( 'NONE',  ( 10.11334581156675405, -113.4041602925917118, 0.000000000000000000 ) ) ;
#1383 = VECTOR ( 'NONE', #3852, 1000.000000000000114 ) ;
#1384 = FACE_OUTER_BOUND ( 'NONE', #5141, .T. ) ;
#1385 = VERTEX_POINT ( 'NONE', #4845 ) ;
#1386 = ORIENTED_EDGE ( 'NONE', *, *, #176, .F. ) ;
#1387 = ORIENTED_EDGE ( 'NONE', *, *, #1759, .T. ) ;
#1388 = PRODUCT_DEFINITION_SHAPE ( 'NONE', 'NONE',  #541 ) ;
#1389 = CARTESIAN_POINT ( 'NONE',  ( 9.404204932632943326, 0.000000000000000000, 7.099549148362684470 ) ) ;
#1390 = CARTESIAN_POINT ( 'NONE',  ( 5.500000000000000000, 0.000000000000000000, 4.049999999999999822 ) ) ;
#1391 = DIRECTION ( 'NONE',  ( -1.000000000000000000, 0.000000000000000000, 0.000000000000000000 ) ) ;
#1392 = EDGE_LOOP ( 'NONE', ( #2708, #3650, #4526, #1928 ) ) ;
#1393 = AXIS2_PLACEMENT_3D ( 'NONE', #2641, #3785, #1365 ) ;
#1394 = ORIENTED_EDGE ( 'NONE', *, *, #2463, .T. ) ;
#1395 = DIRECTION ( 'NONE',  ( -1.000000000000000000, 0.000000000000000000, 0.000000000000000000 ) ) ;
#1396 = AXIS2_PLACEMENT_3D ( 'NONE', #2128, #927, #1246 ) ;
#1397 = DIRECTION ( 'NONE',  ( 0.000000000000000000, 0.000000000000000000, 1.000000000000000000 ) ) ;
#1398 = EDGE_CURVE ( 'NONE', #4154, #125, #2819, .T. ) ;
#1399 = DIRECTION ( 'NONE',  ( -0.6943076225630967491, 0.000000000000000000, 0.7196783484660216335 ) ) ;
#1400 = CONICAL_SURFACE ( 'NONE', #4964, 4.250000000000000000, 0.7853981633974532750 ) ;
#1401 = CARTESIAN_POINT ( 'NONE',  ( 7.413345811568043509, -73.40416029259174024, 6.000000000000000000 ) ) ;
#1402 = CARTESIAN_POINT ( 'NONE',  ( 26.99999999999872813, -115.4041602925916123, 6.000000000000000000 ) ) ;
#1403 = LINE ( 'NONE', #3827, #2232 ) ;
#1404 = ADVANCED_FACE ( 'NONE', ( #1166 ), #5254, .F. ) ;
#1405 = UNCERTAINTY_MEASURE_WITH_UNIT (LENGTH_MEASURE( 1.000000000000000082E-05 ), #4015, 'distance_accuracy_value', 'NONE');
#1406 = VERTEX_POINT ( 'NONE', #1981 ) ;
#1407 = EDGE_CURVE ( 'NONE', #1674, #2716, #3648, .T. ) ;
#1408 = LINE ( 'NONE', #2155, #3349 ) ;
#1409 = DIRECTION ( 'NONE',  ( -0.000000000000000000, -0.000000000000000000, -1.000000000000000000 ) ) ;
#1410 = DIRECTION ( 'NONE',  ( -1.000000000000000000, 0.000000000000000000, 2.501839987839680395E-15 ) ) ;
#1411 = VERTEX_POINT ( 'NONE', #2844 ) ;
#1412 = CIRCLE ( 'NONE', #116, 2.700000000000004619 ) ;
#1413 = VERTEX_POINT ( 'NONE', #2465 ) ;
#1414 = EDGE_CURVE ( 'NONE', #5029, #2474, #1572, .T. ) ;
#1415 = CARTESIAN_POINT ( 'NONE',  ( 10.11334581156675405, -113.4041602925917118, -4.000000000000000000 ) ) ;
#1416 = SURFACE_SIDE_STYLE ('',( #249 ) ) ;
#1417 = DIRECTION ( 'NONE',  ( 0.000000000000000000, -1.000000000000000000, 0.000000000000000000 ) ) ;
#1418 = VERTEX_POINT ( 'NONE', #3674 ) ;
#1419 = ORIENTED_EDGE ( 'NONE', *, *, #4957, .T. ) ;
#1420 = DIRECTION ( 'NONE',  ( 1.000000000000000000, 0.000000000000000000, 0.000000000000000000 ) ) ;
#1421 = CARTESIAN_POINT ( 'NONE',  ( 0.000000000000000000, 9.797174393178825657E-16, -8.000000000000000000 ) ) ;
#1422 = EDGE_LOOP ( 'NONE', ( #2904, #4012, #262, #1642 ) ) ;
#1423 = DIRECTION ( 'NONE',  ( -0.000000000000000000, 0.000000000000000000, -1.000000000000000000 ) ) ;
#1424 = EDGE_CURVE ( 'NONE', #1655, #2337, #2636, .T. ) ;
#1425 = DIRECTION ( 'NONE',  ( -1.000000000000000000, 0.000000000000000000, 0.000000000000000000 ) ) ;
#1426 = CARTESIAN_POINT ( 'NONE',  ( 10.40420493263294155, 600.0000000000000000, -9.024209272756028056E-16 ) ) ;
#1427 = AXIS2_PLACEMENT_3D ( 'NONE', #1610, #2448, #2392 ) ;
#1428 = PRODUCT_DEFINITION ( 'UNKNOWN', '', #328, #471 ) ;
#1429 = VECTOR ( 'NONE', #4461, 1000.000000000000000 ) ;
#1430 = CARTESIAN_POINT ( 'NONE',  ( -0.3789929703653585058, 600.0000000000000000, -0.3656323811649612177 ) ) ;
#1431 = PRODUCT_DEFINITION_SHAPE ( 'NONE', 'NONE',  #5383 ) ;
#1432 = FACE_OUTER_BOUND ( 'NONE', #61, .T. ) ;
#1433 = CARTESIAN_POINT ( 'NONE',  ( 11.99999999999872813, -115.4041602925917260, 6.000000000000000000 ) ) ;
#1434 = EDGE_CURVE ( 'NONE', #4866, #3596, #2099, .T. ) ;
#1435 = FACE_OUTER_BOUND ( 'NONE', #3811, .T. ) ;
#1436 = AXIS2_PLACEMENT_3D ( 'NONE', #4246, #4518, #1241 ) ;
#1437 = VERTEX_POINT ( 'NONE', #3747 ) ;
#1438 = ADVANCED_FACE ( 'NONE', ( #2899 ), #4625, .F. ) ;
#1439 = EDGE_CURVE ( 'NONE', #2637, #1070, #3426, .T. ) ;
#1440 = DIRECTION ( 'NONE',  ( 1.000000000000000000, 0.000000000000000000, 0.000000000000000000 ) ) ;
#1441 = AXIS2_PLACEMENT_3D ( 'NONE', #155, #1688, #65 ) ;
#1442 = AXIS2_PLACEMENT_3D ( 'NONE', #5034, #4677, #5122 ) ;
#1443 = DIRECTION ( 'NONE',  ( -0.6955157936494203996, 0.000000000000000000, 0.7185108077017470229 ) ) ;
#1444 = CARTESIAN_POINT ( 'NONE',  ( 0.000000000000000000, 600.0000000000000000, 6.299549148362684647 ) ) ;
#1445 = ORIENTED_EDGE ( 'NONE', *, *, #4600, .F. ) ;
#1446 = CIRCLE ( 'NONE', #3020, 1.000000000000000000 ) ;
#1447 = ADVANCED_FACE ( 'NONE', ( #2948 ), #2575, .F. ) ;
#1448 = ORIENTED_EDGE ( 'NONE', *, *, #1407, .F. ) ;
#1449 =( GEOMETRIC_REPRESENTATION_CONTEXT ( 3 ) GLOBAL_UNCERTAINTY_ASSIGNED_CONTEXT ( ( #1717 ) ) GLOBAL_UNIT_ASSIGNED_CONTEXT ( ( #3384, #4611, #4228 ) ) REPRESENTATION_CONTEXT ( 'NONE', 'WORKASPACE' ) );
#1450 = CARTESIAN_POINT ( 'NONE',  ( -6.500000000001271871, -71.33070671946410357, 0.000000000000000000 ) ) ;
#1451 = DIRECTION ( 'NONE',  ( -0.000000000000000000, -0.000000000000000000, 1.000000000000000000 ) ) ;
#1452 = EDGE_LOOP ( 'NONE', ( #3946, #881, #3061, #417 ) ) ;
#1453 = DIRECTION ( 'NONE',  ( -1.000000000000000000, 0.000000000000000000, 0.000000000000000000 ) ) ;
#1454 = LINE ( 'NONE', #566, #2571 ) ;
#1455 = CYLINDRICAL_SURFACE ( 'NONE', #2139, 3.300000000000000266 ) ;
#1456 = EDGE_CURVE ( 'NONE', #2474, #4819, #1281, .T. ) ;
#1457 = LINE ( 'NONE', #2177, #5154 ) ;
#1458 = DIRECTION ( 'NONE',  ( -0.000000000000000000, 0.000000000000000000, -1.000000000000000000 ) ) ;
#1459 = CIRCLE ( 'NONE', #860, 2.100000000000000089 ) ;
#1460 = CARTESIAN_POINT ( 'NONE',  ( 10.11334581156804369, -73.40416029259174024, 0.000000000000000000 ) ) ;
#1461 = CYLINDRICAL_SURFACE ( 'NONE', #4285, 15.00000000000000000 ) ;
#1462 = DIRECTION ( 'NONE',  ( -0.000000000000000000, -1.000000000000000000, -0.000000000000000000 ) ) ;
#1463 = CARTESIAN_POINT ( 'NONE',  ( 0.000000000000000000, 0.000000000000000000, -6.250000000000000000 ) ) ;
#1464 = CIRCLE ( 'NONE', #1984, 4.049999999999999822 ) ;
#1465 = VERTEX_POINT ( 'NONE', #521 ) ;
#1466 = ADVANCED_FACE ( 'NONE', ( #901 ), #3400, .T. ) ;
#1467 = VECTOR ( 'NONE', #4121, 1000.000000000000000 ) ;
#1468 = PLANE ( 'NONE',  #4925 ) ;
#1469 = EDGE_CURVE ( 'NONE', #4974, #789, #4980, .T. ) ;
#1470 = FACE_OUTER_BOUND ( 'NONE', #463, .T. ) ;
#1471 = DIRECTION ( 'NONE',  ( 0.000000000000000000, 0.000000000000000000, -1.000000000000000000 ) ) ;
#1472 = ORIENTED_EDGE ( 'NONE', *, *, #979, .T. ) ;
#1473 = VERTEX_POINT ( 'NONE', #4650 ) ;
#1474 = AXIS2_PLACEMENT_3D ( 'NONE', #3573, #5236, #1497 ) ;
#1475 = CARTESIAN_POINT ( 'NONE',  ( 10.11334581156675405, -113.4041602925917118, -4.000000000000000000 ) ) ;
#1476 = VECTOR ( 'NONE', #279, 1000.000000000000000 ) ;
#1477 = CARTESIAN_POINT ( 'NONE',  ( -0.3789929703653585058, 0.000000000000000000, -0.3656323811649612177 ) ) ;
#1478 = ORIENTED_EDGE ( 'NONE', *, *, #715, .T. ) ;
#1479 = ORIENTED_EDGE ( 'NONE', *, *, #1893, .T. ) ;
#1480 = EDGE_CURVE ( 'NONE', #1520, #4949, #4088, .T. ) ;
#1481 = AXIS2_PLACEMENT_3D ( 'NONE', #4157, #2071, #3807 ) ;
#1482 = FACE_OUTER_BOUND ( 'NONE', #1741, .T. ) ;
#1483 = DIRECTION ( 'NONE',  ( 1.000000000000000000, 0.000000000000000000, 0.000000000000000000 ) ) ;
#1484 = LINE ( 'NONE', #651, #3922 ) ;
#1485 = CARTESIAN_POINT ( 'NONE',  ( -6.500000000001271871, -71.33070671946410357, 6.000000000000000000 ) ) ;
#1486 = LINE ( 'NONE', #323, #5276 ) ;
#1487 = LINE ( 'NONE', #2681, #376 ) ;
#1488 = CARTESIAN_POINT ( 'NONE',  ( 3.469204932632942384, 600.0000000000000000, -5.800450851637321215 ) ) ;
#1489 = ORIENTED_EDGE ( 'NONE', *, *, #3634, .T. ) ;
#1490 = EDGE_CURVE ( 'NONE', #3601, #2050, #2606, .T. ) ;
#1491 = PLANE ( 'NONE',  #496 ) ;
#1492 = DIRECTION ( 'NONE',  ( 1.000000000000000000, 0.000000000000000000, 0.000000000000000000 ) ) ;
#1493 = ORIENTED_EDGE ( 'NONE', *, *, #2837, .T. ) ;
#1494 = VERTEX_POINT ( 'NONE', #109 ) ;
#1495 = VECTOR ( 'NONE', #3080, 1000.000000000000000 ) ;
#1496 = EDGE_CURVE ( 'NONE', #353, #4547, #2159, .T. ) ;
#1497 = DIRECTION ( 'NONE',  ( -1.000000000000000000, 0.000000000000000000, 0.000000000000000000 ) ) ;
#1498 = EDGE_LOOP ( 'NONE', ( #4676, #3616, #5343, #4795 ) ) ;
#1499 = ORIENTED_EDGE ( 'NONE', *, *, #1873, .T. ) ;
#1500 = CARTESIAN_POINT ( 'NONE',  ( -5.500000000000000000, 0.000000000000000000, 0.000000000000000000 ) ) ;
#1501 = EDGE_LOOP ( 'NONE', ( #4630, #1296, #3920, #4274 ) ) ;
#1502 = EDGE_CURVE ( 'NONE', #1064, #530, #492, .T. ) ;
#1503 = PLANE ( 'NONE',  #209 ) ;
#1504 = CARTESIAN_POINT ( 'NONE',  ( -25.11334581156929957, -73.40416029259171182, -4.000000000000000000 ) ) ;
#1505 =( NAMED_UNIT ( * ) SI_UNIT ( $, .STERADIAN. ) SOLID_ANGLE_UNIT ( ) );
#1506 = ADVANCED_FACE ( 'NONE', ( #2100 ), #850, .T. ) ;
#1507 = CARTESIAN_POINT ( 'NONE',  ( -9.595795067367058451, 0.000000000000000000, 8.323025487012041902E-16 ) ) ;
#1508 = DIRECTION ( 'NONE',  ( 0.7100591715976332097, 0.000000000000000000, -0.7041420118343195700 ) ) ;
#1509 = DIRECTION ( 'NONE',  ( -0.7041420118343182377, 0.000000000000000000, 0.7100591715976344309 ) ) ;
#1510 = DIRECTION ( 'NONE',  ( 0.000000000000000000, 0.000000000000000000, -1.000000000000000000 ) ) ;
#1511 = CYLINDRICAL_SURFACE ( 'NONE', #2675, 2.649999999999999911 ) ;
#1512 = VECTOR ( 'NONE', #1134, 1000.000000000000000 ) ;
#1513 = CARTESIAN_POINT ( 'NONE',  ( -1.131701418934480418E-15, 0.000000000000000000, 1.999549148362686157 ) ) ;
#1514 = ORIENTED_EDGE ( 'NONE', *, *, #4763, .T. ) ;
#1515 = EDGE_LOOP ( 'NONE', ( #4308, #933 ) ) ;
#1516 = VECTOR ( 'NONE', #4506, 1000.000000000000000 ) ;
#1517 = DIRECTION ( 'NONE',  ( 0.7071067811865410224, 0.000000000000000000, -0.7071067811865540120 ) ) ;
#1518 = EDGE_CURVE ( 'NONE', #2746, #3111, #1, .T. ) ;
#1519 = DIRECTION ( 'NONE',  ( -0.000000000000000000, -1.000000000000000000, -0.000000000000000000 ) ) ;
#1520 = VERTEX_POINT ( 'NONE', #4133 ) ;
#1521 = VECTOR ( 'NONE', #567, 1000.000000000000000 ) ;
#1522 = EDGE_LOOP ( 'NONE', ( #528, #2035, #664, #1479, #4251, #1139, #2770, #3725, #3979, #4167, #1567, #4164, #3569, #4626, #4879, #4417, #4155, #5, #1568, #3929, #3143, #4193, #2882, #2389, #2388, #2066, #199, #3421, #4877, #4004, #3513, #5097, #2786, #4575, #1606, #3550, #2108, #5332, #2130, #4127, #1643, #3401, #4086, #1030, #4454, #1366, #85, #2067 ) ) ;
#1523 = AXIS2_PLACEMENT_3D ( 'NONE', #2887, #4174, #3662 ) ;
#1524 = AXIS2_PLACEMENT_3D ( 'NONE', #2829, #2292, #4479 ) ;
#1525 = CIRCLE ( 'NONE', #3880, 2.700000000000001066 ) ;
#1526 = CARTESIAN_POINT ( 'NONE',  ( 15.11334581156675405, -113.4041602925917118, 0.000000000000000000 ) ) ;
#1527 = ORIENTED_EDGE ( 'NONE', *, *, #50, .T. ) ;
#1528 = ORIENTED_EDGE ( 'NONE', *, *, #1046, .T. ) ;
#1529 = VECTOR ( 'NONE', #2186, 1000.000000000000000 ) ;
#1530 = FACE_OUTER_BOUND ( 'NONE', #2327, .T. ) ;
#1531 = LINE ( 'NONE', #4854, #4655 ) ;
#1532 = EDGE_CURVE ( 'NONE', #3808, #260, #51, .T. ) ;
#1533 = FACE_OUTER_BOUND ( 'NONE', #1011, .T. ) ;
#1534 = CARTESIAN_POINT ( 'NONE',  ( -25.11334581156929957, -73.40416029259171182, -4.000000000000000000 ) ) ;
#1535 = PLANE ( 'NONE',  #1648 ) ;
#1536 = EDGE_CURVE ( 'NONE', #1089, #5282, #877, .T. ) ;
#1537 = DIRECTION ( 'NONE',  ( -0.000000000000000000, -1.000000000000000000, -0.000000000000000000 ) ) ;
#1538 = EDGE_CURVE ( 'NONE', #1852, #2182, #5038, .T. ) ;
#1539 = CARTESIAN_POINT ( 'NONE',  ( -6.500000000001271871, -75.33070671946410357, 6.000000000000000000 ) ) ;
#1540 = DIRECTION ( 'NONE',  ( -1.000000000000000000, 0.000000000000000000, 0.000000000000000000 ) ) ;
#1541 = CARTESIAN_POINT ( 'NONE',  ( -5.500000000000000000, 0.000000000000000000, 6.450000000000000178 ) ) ;
#1542 = ORIENTED_EDGE ( 'NONE', *, *, #3213, .T. ) ;
#1543 = ORIENTED_EDGE ( 'NONE', *, *, #345, .T. ) ;
#1544 = FACE_OUTER_BOUND ( 'NONE', #3543, .T. ) ;
#1545 = AXIS2_PLACEMENT_3D ( 'NONE', #473, #2957, #1687 ) ;
#1546 = CARTESIAN_POINT ( 'NONE',  ( -1.400546577805566351, 600.0000000000000000, 1.388875356323853394 ) ) ;
#1547 = ORIENTED_EDGE ( 'NONE', *, *, #1212, .T. ) ;
#1548 = ORIENTED_EDGE ( 'NONE', *, *, #2208, .F. ) ;
#1549 = VECTOR ( 'NONE', #1537, 1000.000000000000000 ) ;
#1550 =( NAMED_UNIT ( * ) SI_UNIT ( $, .STERADIAN. ) SOLID_ANGLE_UNIT ( ) );
#1551 = CARTESIAN_POINT ( 'NONE',  ( -5.100000000000000533, 1.351703904558891209E-15, 9.875000000000000000 ) ) ;
#1552 = ORIENTED_EDGE ( 'NONE', *, *, #3204, .T. ) ;
#1553 = ORIENTED_EDGE ( 'NONE', *, *, #609, .F. ) ;
#1554 = DIRECTION ( 'NONE',  ( 0.000000000000000000, 0.000000000000000000, 1.000000000000000000 ) ) ;
#1555 = ORIENTED_EDGE ( 'NONE', *, *, #3052, .T. ) ;
#1556 = DIRECTION ( 'NONE',  ( -1.000000000000000000, 0.000000000000000000, 0.000000000000000000 ) ) ;
#1557 = PLANE ( 'NONE',  #1427 ) ;
#1558 = DIRECTION ( 'NONE',  ( -0.000000000000000000, 1.000000000000000000, -0.000000000000000000 ) ) ;
#1559 = CARTESIAN_POINT ( 'NONE',  ( -2.660795067367058842, 0.000000000000000000, 6.299549148362684647 ) ) ;
#1560 = AXIS2_PLACEMENT_3D ( 'NONE', #4523, #3594, #2013 ) ;
#1561 = LINE ( 'NONE', #2755, #4945 ) ;
#1562 = CARTESIAN_POINT ( 'NONE',  ( 1.520234610978202561, 0.000000000000000000, -1.466641980735153838 ) ) ;
#1563 = DIRECTION ( 'NONE',  ( 0.6955157936494219539, 0.000000000000000000, -0.7185108077017454686 ) ) ;
#1564 = AXIS2_PLACEMENT_3D ( 'NONE', #1845, #1410, #2213 ) ;
#1565 = EDGE_CURVE ( 'NONE', #3000, #4953, #5008, .T. ) ;
#1566 = ORIENTED_EDGE ( 'NONE', *, *, #4467, .T. ) ;
#1567 = ORIENTED_EDGE ( 'NONE', *, *, #1490, .T. ) ;
#1568 = ORIENTED_EDGE ( 'NONE', *, *, #3867, .F. ) ;
#1569 = CIRCLE ( 'NONE', #4449, 8.000000000000000000 ) ;
#1570 = ORIENTED_EDGE ( 'NONE', *, *, #3704, .F. ) ;
#1571 = DIRECTION ( 'NONE',  ( -1.000000000000000000, 0.000000000000000000, 0.000000000000000000 ) ) ;
#1572 = LINE ( 'NONE', #4495, #3139 ) ;
#1573 = ORIENTED_EDGE ( 'NONE', *, *, #2145, .F. ) ;
#1574 = EDGE_LOOP ( 'NONE', ( #1964, #1229, #1618, #3197 ) ) ;
#1575 = CARTESIAN_POINT ( 'NONE',  ( -5.100000000000000533, 0.000000000000000000, 0.000000000000000000 ) ) ;
#1576 = CARTESIAN_POINT ( 'NONE',  ( 0.000000000000000000, 3.061616997868383141E-16, 2.500000000000000000 ) ) ;
#1577 = EDGE_LOOP ( 'NONE', ( #1603, #158 ) ) ;
#1578 = VERTEX_POINT ( 'NONE', #4707 ) ;
#1579 = CARTESIAN_POINT ( 'NONE',  ( -5.500000000000000000, 3.306546357697853733E-16, -2.700000000000000178 ) ) ;
#1580 = VECTOR ( 'NONE', #2972, 1000.000000000000000 ) ;
#1581 = LINE ( 'NONE', #4089, #1788 ) ;
#1582 = DIRECTION ( 'NONE',  ( 1.000000000000000000, 0.000000000000000000, 0.000000000000000000 ) ) ;
#1583 = CARTESIAN_POINT ( 'NONE',  ( -13.50000000000127187, -111.4776138657193201, 6.000000000000000000 ) ) ;
#1584 = DIRECTION ( 'NONE',  ( 0.000000000000000000, 0.000000000000000000, -1.000000000000000000 ) ) ;
#1585 = CARTESIAN_POINT ( 'NONE',  ( 5.254204932632941194, 0.000000000000000000, -11.90045085163731642 ) ) ;
#1586 = VECTOR ( 'NONE', #2699, 1000.000000000000000 ) ;
#1587 = LINE ( 'NONE', #733, #1950 ) ;
#1588 = DIRECTION ( 'NONE',  ( 0.000000000000000000, 0.000000000000000000, -1.000000000000000000 ) ) ;
#1589 = EDGE_LOOP ( 'NONE', ( #1619, #1355, #5313, #2634 ) ) ;
#1590 = ORIENTED_EDGE ( 'NONE', *, *, #111, .F. ) ;
#1591 = EDGE_CURVE ( 'NONE', #441, #605, #1874, .T. ) ;
#1592 = AXIS2_PLACEMENT_3D ( 'NONE', #2593, #3449, #4587 ) ;
#1593 = FACE_OUTER_BOUND ( 'NONE', #4729, .T. ) ;
#1594 = AXIS2_PLACEMENT_3D ( 'NONE', #2766, #2464, #4443 ) ;
#1595 = DIRECTION ( 'NONE',  ( 0.000000000000000000, 0.000000000000000000, 1.000000000000000000 ) ) ;
#1596 = ORIENTED_EDGE ( 'NONE', *, *, #4536, .T. ) ;
#1597 = EDGE_CURVE ( 'NONE', #3159, #5029, #3974, .T. ) ;
#1598 = VERTEX_POINT ( 'NONE', #986 ) ;
#1599 = ADVANCED_FACE ( 'NONE', ( #1384 ), #3103, .F. ) ;
#1600 = AXIS2_PLACEMENT_3D ( 'NONE', #786, #4098, #1617 ) ;
#1601 = EDGE_CURVE ( 'NONE', #4424, #2074, #628, .T. ) ;
#1602 = DIRECTION ( 'NONE',  ( -1.000000000000000000, 0.000000000000000000, 0.000000000000000000 ) ) ;
#1603 = ORIENTED_EDGE ( 'NONE', *, *, #1518, .F. ) ;
#1604 = ORIENTED_EDGE ( 'NONE', *, *, #1480, .T. ) ;
#1605 = CARTESIAN_POINT ( 'NONE',  ( 49.99999999999869971, -153.4041602925916834, -14.00000000000000000 ) ) ;
#1606 = ORIENTED_EDGE ( 'NONE', *, *, #5177, .T. ) ;
#1607 = VECTOR ( 'NONE', #941, 1000.000000000000000 ) ;
#1608 = CARTESIAN_POINT ( 'NONE',  ( -8.595795067367060227, 0.000000000000000000, 7.099549148362684470 ) ) ;
#1609 = AXIS2_PLACEMENT_3D ( 'NONE', #924, #3396, #1729 ) ;
#1610 = CARTESIAN_POINT ( 'NONE',  ( 0.000000000000000000, 600.0000000000000000, -10.10045085163731748 ) ) ;
#1611 = CARTESIAN_POINT ( 'NONE',  ( -30.11334581156930312, -73.40416029259171182, 0.000000000000000000 ) ) ;
#1612 = CARTESIAN_POINT ( 'NONE',  ( -22.30823265886978746, 18.54749104939006799, 13.93314829172865643 ) ) ;
#1613 = AXIS2_PLACEMENT_3D ( 'NONE', #311, #4938, #3939 ) ;
#1614 = UNCERTAINTY_MEASURE_WITH_UNIT (LENGTH_MEASURE( 1.000000000000000082E-05 ), #883, 'distance_accuracy_value', 'NONE');
#1615 = CARTESIAN_POINT ( 'NONE',  ( -27.41334581156929673, -113.4041602925917118, 0.000000000000000000 ) ) ;
#1616 = CYLINDRICAL_SURFACE ( 'NONE', #1861, 2.700000000000004619 ) ;
#1617 = DIRECTION ( 'NONE',  ( 0.000000000000000000, 0.000000000000000000, 1.000000000000000000 ) ) ;
#1618 = ORIENTED_EDGE ( 'NONE', *, *, #3351, .F. ) ;
#1619 = ORIENTED_EDGE ( 'NONE', *, *, #4963, .T. ) ;
#1620 = FACE_OUTER_BOUND ( 'NONE', #3195, .T. ) ;
#1621 = ORIENTED_EDGE ( 'NONE', *, *, #5177, .F. ) ;
#1622 = EDGE_CURVE ( 'NONE', #4517, #4719, #5147, .T. ) ;
#1623 = ORIENTED_EDGE ( 'NONE', *, *, #4769, .T. ) ;
#1624 = VECTOR ( 'NONE', #63, 1000.000000000000000 ) ;
#1625 = EDGE_CURVE ( 'NONE', #605, #258, #576, .T. ) ;
#1626 = LINE ( 'NONE', #2469, #783 ) ;
#1627 = EDGE_LOOP ( 'NONE', ( #3755, #3321, #56, #1710 ) ) ;
#1628 = ADVANCED_FACE ( 'NONE', ( #603 ), #3126, .T. ) ;
#1629 = VERTEX_POINT ( 'NONE', #165 ) ;
#1630 = CLOSED_SHELL ( 'NONE', ( #2610, #5311, #1206, #2325, #2478, #4138, #4160, #1599, #1907, #414 ) ) ;
#1631 = DIRECTION ( 'NONE',  ( 0.000000000000000000, 0.000000000000000000, 1.000000000000000000 ) ) ;
#1632 = CARTESIAN_POINT ( 'NONE',  ( -30.11334581156930312, -73.40416029259171182, -4.000000000000000000 ) ) ;
#1633 = CARTESIAN_POINT ( 'NONE',  ( 15.11334581156804546, -73.40416029259174024, 0.000000000000000000 ) ) ;
#1634 = DIRECTION ( 'NONE',  ( 1.000000000000000000, 0.000000000000000000, -2.430272961665491466E-15 ) ) ;
#1635 = CIRCLE ( 'NONE', #1038, 5.000000000000004441 ) ;
#1636 = CARTESIAN_POINT ( 'NONE',  ( 5.500000000000000000, 0.000000000000000000, 0.000000000000000000 ) ) ;
#1637 = CIRCLE ( 'NONE', #2181, 2.700000000000008171 ) ;
#1638 = CARTESIAN_POINT ( 'NONE',  ( -5.100000000000000533, 0.000000000000000000, 0.000000000000000000 ) ) ;
#1639 = LINE ( 'NONE', #3768, #1781 ) ;
#1640 = AXIS2_PLACEMENT_3D ( 'NONE', #4632, #4250, #3845 ) ;
#1641 = ORIENTED_EDGE ( 'NONE', *, *, #3696, .T. ) ;
#1642 = ORIENTED_EDGE ( 'NONE', *, *, #1764, .F. ) ;
#1643 = ORIENTED_EDGE ( 'NONE', *, *, #32, .F. ) ;
#1644 = VECTOR ( 'NONE', #137, 1000.000000000000000 ) ;
#1645 = CARTESIAN_POINT ( 'NONE',  ( 5.254204932632941194, 0.000000000000000000, 8.099549148362683582 ) ) ;
#1646 = DIRECTION ( 'NONE',  ( -1.000000000000000000, 0.000000000000000000, -0.000000000000000000 ) ) ;
#1647 = VERTEX_POINT ( 'NONE', #2707 ) ;
#1648 = AXIS2_PLACEMENT_3D ( 'NONE', #3202, #4858, #1130 ) ;
#1649 = CARTESIAN_POINT ( 'NONE',  ( -6.500000000001271871, -71.33070671946410357, 6.000000000000000000 ) ) ;
#1650 = VERTEX_POINT ( 'NONE', #2323 ) ;
#1651 = ADVANCED_FACE ( 'NONE', ( #957 ), #633, .T. ) ;
#1652 = PRODUCT_RELATED_PRODUCT_CATEGORY ( 'part', '', ( #525 ) ) ;
#1653 = LINE ( 'NONE', #4602, #1913 ) ;
#1654 = EDGE_LOOP ( 'NONE', ( #3703, #2669, #2118, #3896 ) ) ;
#1655 = VERTEX_POINT ( 'NONE', #1359 ) ;
#1656 = DIRECTION ( 'NONE',  ( 1.000000000000000000, 0.000000000000000000, 0.000000000000000000 ) ) ;
#1657 = LINE ( 'NONE', #3325, #233 ) ;
#1658 = CARTESIAN_POINT ( 'NONE',  ( 44.99999999999869971, -48.40416029259169051, -4.000000000000000000 ) ) ;
#1659 = ADVANCED_FACE ( 'NONE', ( #3486 ), #4679, .F. ) ;
#1660 = CARTESIAN_POINT ( 'NONE',  ( 5.299999999999999822, 0.000000000000000000, -8.000000000000000000 ) ) ;
#1661 =( NAMED_UNIT ( * ) SI_UNIT ( $, .STERADIAN. ) SOLID_ANGLE_UNIT ( ) );
#1662 = CARTESIAN_POINT ( 'NONE',  ( -22.30823265886965245, 19.13619985731424222, -26.06685170827095988 ) ) ;
#1663 = CARTESIAN_POINT ( 'NONE',  ( 5.000000000000000000, 0.000000000000000000, 0.000000000000000000 ) ) ;
#1664 = EDGE_CURVE ( 'NONE', #1598, #2165, #3057, .T. ) ;
#1665 = CIRCLE ( 'NONE', #3850, 6.250000000000000000 ) ;
#1666 = DIRECTION ( 'NONE',  ( 0.000000000000000000, 1.000000000000000000, 0.000000000000000000 ) ) ;
#1667 = EDGE_CURVE ( 'NONE', #435, #1818, #4326, .T. ) ;
#1668 = AXIS2_PLACEMENT_3D ( 'NONE', #2127, #5123, #983 ) ;
#1669 = CARTESIAN_POINT ( 'NONE',  ( -13.50000000000127187, -71.33070671946410357, 6.000000000000000000 ) ) ;
#1670 = DIRECTION ( 'NONE',  ( 1.000000000000000000, 0.000000000000000000, 0.000000000000000000 ) ) ;
#1671 = ORIENTED_EDGE ( 'NONE', *, *, #5308, .T. ) ;
#1672 = DIRECTION ( 'NONE',  ( 3.402382146331606563E-15, -0.000000000000000000, 1.000000000000000000 ) ) ;
#1673 = ORIENTED_EDGE ( 'NONE', *, *, #2564, .F. ) ;
#1674 = VERTEX_POINT ( 'NONE', #4757 ) ;
#1675 = CARTESIAN_POINT ( 'NONE',  ( 0.000000000000000000, 0.000000000000000000, -6.250000000000000000 ) ) ;
#1676 = EDGE_LOOP ( 'NONE', ( #2923, #1555, #275, #1548 ) ) ;
#1677 = DIRECTION ( 'NONE',  ( -1.000000000000000000, 0.000000000000000000, 0.000000000000000000 ) ) ;
#1678 = ORIENTED_EDGE ( 'NONE', *, *, #4008, .T. ) ;
#1679 = CIRCLE ( 'NONE', #2397, 10.00000000000000178 ) ;
#1680 = PLANE ( 'NONE',  #5316 ) ;
#1681 = CIRCLE ( 'NONE', #4300, 4.049999999999999822 ) ;
#1682 = DIRECTION ( 'NONE',  ( -0.000000000000000000, -1.000000000000000000, -0.000000000000000000 ) ) ;
#1683 = VERTEX_POINT ( 'NONE', #4787 ) ;
#1684 = ORIENTED_EDGE ( 'NONE', *, *, #4628, .F. ) ;
#1685 = CARTESIAN_POINT ( 'NONE',  ( 1.783463740402442044, 0.000000000000000000, 1.798450830657924548 ) ) ;
#1686 = CIRCLE ( 'NONE', #2925, 5.000000000000003553 ) ;
#1687 = DIRECTION ( 'NONE',  ( 0.000000000000000000, 0.000000000000000000, 1.000000000000000000 ) ) ;
#1688 = DIRECTION ( 'NONE',  ( -1.000000000000000000, 0.000000000000000000, 0.000000000000000000 ) ) ;
#1689 = SHAPE_DEFINITION_REPRESENTATION ( #3430, #4780 ) ;
#1690 = CIRCLE ( 'NONE', #140, 15.00000000000002665 ) ;
#1691 = CARTESIAN_POINT ( 'NONE',  ( 5.500000000000000000, 0.000000000000000000, -2.700000000000000622 ) ) ;
#1692 = CARTESIAN_POINT ( 'NONE',  ( 0.000000000000000000, 0.000000000000000000, 8.099549148362683582 ) ) ;
#1693 = DIRECTION ( 'NONE',  ( 0.000000000000000000, -1.000000000000000000, 0.000000000000000000 ) ) ;
#1694 = AXIS2_PLACEMENT_3D ( 'NONE', #1649, #4982, #4552 ) ;
#1695 = EDGE_CURVE ( 'NONE', #2434, #3786, #2268, .T. ) ;
#1696 = ORIENTED_EDGE ( 'NONE', *, *, #954, .T. ) ;
#1697 = APPLICATION_CONTEXT ( 'automotive_design' ) ;
#1698 = CARTESIAN_POINT ( 'NONE',  ( -32.00000000000127187, -130.4041602925916266, 6.000000000000000000 ) ) ;
#1699 = ORIENTED_EDGE ( 'NONE', *, *, #1502, .F. ) ;
#1700 = EDGE_CURVE ( 'NONE', #1790, #4384, #2278, .T. ) ;
#1701 = ORIENTED_EDGE ( 'NONE', *, *, #3289, .T. ) ;
#1702 = LINE ( 'NONE', #2126, #1184 ) ;
#1703 = DIRECTION ( 'NONE',  ( 1.000000000000000000, 0.000000000000000000, 0.000000000000000000 ) ) ;
#1704 = DIRECTION ( 'NONE',  ( 0.000000000000000000, 0.000000000000000000, 1.000000000000000000 ) ) ;
#1705 = ORIENTED_EDGE ( 'NONE', *, *, #626, .F. ) ;
#1706 = ORIENTED_EDGE ( 'NONE', *, *, #5335, .F. ) ;
#1707 = ORIENTED_EDGE ( 'NONE', *, *, #1835, .T. ) ;
#1708 = CARTESIAN_POINT ( 'NONE',  ( 5.113345811566754939, -113.4041602925917118, -4.000000000000000000 ) ) ;
#1709 = DIRECTION ( 'NONE',  ( 0.000000000000000000, 1.000000000000000000, -0.000000000000000000 ) ) ;
#1710 = ORIENTED_EDGE ( 'NONE', *, *, #4472, .T. ) ;
#1711 = ORIENTED_EDGE ( 'NONE', *, *, #3696, .F. ) ;
#1712 = FACE_OUTER_BOUND ( 'NONE', #2791, .T. ) ;
#1713 = DIRECTION ( 'NONE',  ( 0.000000000000000000, 0.000000000000000000, -1.000000000000000000 ) ) ;
#1714 = CARTESIAN_POINT ( 'NONE',  ( -30.11334581156930312, -113.4041602925917118, 6.000000000000000000 ) ) ;
#1715 =( LENGTH_UNIT ( ) NAMED_UNIT ( * ) SI_UNIT ( .MILLI., .METRE. ) );
#1716 = CARTESIAN_POINT ( 'NONE',  ( 17.91845896426769613, 19.43259386630042229, -26.06685170827071474 ) ) ;
#1717 = UNCERTAINTY_MEASURE_WITH_UNIT (LENGTH_MEASURE( 1.000000000000000082E-05 ), #3384, 'distance_accuracy_value', 'NONE');
#1718 = DIRECTION ( 'NONE',  ( 1.000000000000000000, -0.000000000000000000, 0.000000000000000000 ) ) ;
#1719 = ORIENTED_EDGE ( 'NONE', *, *, #3075, .T. ) ;
#1720 = CIRCLE ( 'NONE', #956, 2.700000000000001066 ) ;
#1721 = DIRECTION ( 'NONE',  ( 1.000000000000000000, -0.000000000000000000, 0.000000000000000000 ) ) ;
#1722 = DIRECTION ( 'NONE',  ( 0.7071067811865410224, 8.659560562355012977E-17, 0.7071067811865540120 ) ) ;
#1723 = ORIENTED_EDGE ( 'NONE', *, *, #2821, .T. ) ;
#1724 = LINE ( 'NONE', #5088, #322 ) ;
#1725 = CIRCLE ( 'NONE', #2627, 2.699999999999999289 ) ;
#1726 = ORIENTED_EDGE ( 'NONE', *, *, #3351, .T. ) ;
#1727 = PRODUCT_DEFINITION_SHAPE ( 'NONE', 'NONE',  #5390 ) ;
#1728 = ORIENTED_EDGE ( 'NONE', *, *, #4972, .T. ) ;
#1729 = DIRECTION ( 'NONE',  ( -1.000000000000000000, 0.000000000000000000, 0.000000000000000000 ) ) ;
#1730 = CARTESIAN_POINT ( 'NONE',  ( -5.299999999999999822, 0.000000000000000000, -4.250000000000000000 ) ) ;
#1731 = PLANE ( 'NONE',  #3354 ) ;
#1732 = ADVANCED_FACE ( 'NONE', ( #4355, #4272 ), #3505, .F. ) ;
#1733 = CARTESIAN_POINT ( 'NONE',  ( 0.000000000000000000, 0.000000000000000000, 6.299549148362684647 ) ) ;
#1734 = ORIENTED_EDGE ( 'NONE', *, *, #1966, .T. ) ;
#1735 = VECTOR ( 'NONE', #2408, 1000.000000000000000 ) ;
#1736 = ORIENTED_EDGE ( 'NONE', *, *, #3544, .F. ) ;
#1737 = ADVANCED_FACE ( 'NONE', ( #1435 ), #3659, .F. ) ;
#1738 = AXIS2_PLACEMENT_3D ( 'NONE', #3026, #3536, #193 ) ;
#1739 = CARTESIAN_POINT ( 'NONE',  ( -3.495795067367052145, 600.0000000000000000, 1.164549148362681752 ) ) ;
#1740 = DIRECTION ( 'NONE',  ( 1.000000000000000000, 0.000000000000000000, 0.000000000000000000 ) ) ;
#1741 = EDGE_LOOP ( 'NONE', ( #3975, #1499, #3224, #1794 ) ) ;
#1742 = EDGE_LOOP ( 'NONE', ( #2404, #3368 ) ) ;
#1743 = VECTOR ( 'NONE', #2452, 1000.000000000000000 ) ;
#1744 = CARTESIAN_POINT ( 'NONE',  ( -13.50000000000127187, -115.4776138657193201, 0.000000000000000000 ) ) ;
#1745 = PLANE ( 'NONE',  #3468 ) ;
#1746 = CARTESIAN_POINT ( 'NONE',  ( -4.445795067367058984, 0.000000000000000000, 8.099549148362683582 ) ) ;
#1747 = ITEM_DEFINED_TRANSFORMATION ( 'NONE', 'NONE', #1097,  #1361 ) ;
#1748 = LINE ( 'NONE', #157, #1383 ) ;
#1749 = CARTESIAN_POINT ( 'NONE',  ( 5.500000000000000000, 2.500000000000000000, 0.000000000000000000 ) ) ;
#1750 = CARTESIAN_POINT ( 'NONE',  ( 26.99999999999872813, -71.40416029259166919, 0.000000000000000000 ) ) ;
#1751 = VERTEX_POINT ( 'NONE', #242 ) ;
#1752 = CARTESIAN_POINT ( 'NONE',  ( -3.300930889375950805, 0.000000000000000000, -3.273423131964485311 ) ) ;
#1753 = VERTEX_POINT ( 'NONE', #1137 ) ;
#1754 = AXIS2_PLACEMENT_3D ( 'NONE', #4772, #3899, #3033 ) ;
#1755 = DIRECTION ( 'NONE',  ( -1.000000000000000000, 0.000000000000000000, 0.000000000000000000 ) ) ;
#1756 = VECTOR ( 'NONE', #1058, 1000.000000000000000 ) ;
#1757 = DIRECTION ( 'NONE',  ( -0.000000000000000000, -1.000000000000000000, -0.000000000000000000 ) ) ;
#1758 = CARTESIAN_POINT ( 'NONE',  ( 5.299999999999999822, 0.000000000000000000, -6.250000000000000000 ) ) ;
#1759 = EDGE_CURVE ( 'NONE', #965, #2006, #273, .T. ) ;
#1760 = DIRECTION ( 'NONE',  ( 0.000000000000000000, 0.000000000000000000, 1.000000000000000000 ) ) ;
#1761 = VERTEX_POINT ( 'NONE', #3588 ) ;
#1762 = ORIENTED_EDGE ( 'NONE', *, *, #2515, .T. ) ;
#1763 = ADVANCED_FACE ( 'NONE', ( #3182 ), #4435, .T. ) ;
#1764 = EDGE_CURVE ( 'NONE', #827, #1790, #736, .T. ) ;
#1765 = DIRECTION ( 'NONE',  ( 0.000000000000000000, 0.000000000000000000, 1.000000000000000000 ) ) ;
#1766 = CARTESIAN_POINT ( 'NONE',  ( 11.99999999999862155, -130.4041602925917118, 0.000000000000000000 ) ) ;
#1767 = VERTEX_POINT ( 'NONE', #4048 ) ;
#1768 = ORIENTED_EDGE ( 'NONE', *, *, #1434, .F. ) ;
#1769 = ADVANCED_FACE ( 'NONE', ( #3668 ), #1977, .T. ) ;
#1770 = CARTESIAN_POINT ( 'NONE',  ( 0.000000000000000000, 5.000000000000000000, 0.000000000000000000 ) ) ;
#1771 = CARTESIAN_POINT ( 'NONE',  ( -65.00000000000129319, -138.4041602925916834, -4.000000000000000000 ) ) ;
#1772 = ADVANCED_FACE ( 'NONE', ( #3236 ), #352, .T. ) ;
#1773 = VECTOR ( 'NONE', #2891, 1000.000000000000000 ) ;
#1774 = FACE_OUTER_BOUND ( 'NONE', #1742, .T. ) ;
#1775 = SHAPE_DEFINITION_REPRESENTATION ( #5180, #7 ) ;
#1776 = FACE_BOUND ( 'NONE', #2845, .T. ) ;
#1777 = ORIENTED_EDGE ( 'NONE', *, *, #1136, .T. ) ;
#1778 = DIRECTION ( 'NONE',  ( 0.000000000000000000, 1.000000000000000000, -0.000000000000000000 ) ) ;
#1779 = DIRECTION ( 'NONE',  ( 0.000000000000000000, 0.000000000000000000, 1.000000000000000000 ) ) ;
#1780 = DIRECTION ( 'NONE',  ( 0.000000000000000000, 1.000000000000000000, 0.000000000000000000 ) ) ;
#1781 = VECTOR ( 'NONE', #4544, 1000.000000000000000 ) ;
#1782 = ORIENTED_EDGE ( 'NONE', *, *, #3535, .T. ) ;
#1783 = DIRECTION ( 'NONE',  ( -1.000000000000000000, 0.000000000000000000, 0.000000000000000000 ) ) ;
#1784 = VERTEX_POINT ( 'NONE', #455 ) ;
#1785 = FACE_OUTER_BOUND ( 'NONE', #5209, .T. ) ;
#1786 = CIRCLE ( 'NONE', #1441, 8.000000000000000000 ) ;
#1787 = DIRECTION ( 'NONE',  ( -0.000000000000000000, -1.000000000000000000, -0.000000000000000000 ) ) ;
#1788 = VECTOR ( 'NONE', #3503, 1000.000000000000000 ) ;
#1789 = DIRECTION ( 'NONE',  ( 1.000000000000000000, 0.000000000000000000, 0.000000000000000000 ) ) ;
#1790 = VERTEX_POINT ( 'NONE', #2458 ) ;
#1791 = AXIS2_PLACEMENT_3D ( 'NONE', #1716, #3307, #3762 ) ;
#1792 = VECTOR ( 'NONE', #4044, 1000.000000000000000 ) ;
#1793 = ORIENTED_EDGE ( 'NONE', *, *, #3372, .T. ) ;
#1794 = ORIENTED_EDGE ( 'NONE', *, *, #282, .T. ) ;
#1795 = DIRECTION ( 'NONE',  ( -0.000000000000000000, -0.000000000000000000, -1.000000000000000000 ) ) ;
#1796 = EDGE_CURVE ( 'NONE', #103, #4420, #2064, .T. ) ;
#1797 = DIRECTION ( 'NONE',  ( 0.000000000000000000, 0.000000000000000000, 1.000000000000000000 ) ) ;
#1798 = ORIENTED_EDGE ( 'NONE', *, *, #3215, .F. ) ;
#1799 = ORIENTED_EDGE ( 'NONE', *, *, #568, .F. ) ;
#1800 = ADVANCED_FACE ( 'NONE', ( #4101 ), #378, .F. ) ;
#1801 = DIRECTION ( 'NONE',  ( -1.000000000000000000, 0.000000000000000000, 0.000000000000000000 ) ) ;
#1802 = LINE ( 'NONE', #1342, #3788 ) ;
#1803 = ITEM_DEFINED_TRANSFORMATION ( 'NONE', 'NONE', #3018,  #1361 ) ;
#1804 = EDGE_CURVE ( 'NONE', #1767, #435, #188, .T. ) ;
#1805 = DIRECTION ( 'NONE',  ( 0.000000000000000000, 0.000000000000000000, -1.000000000000000000 ) ) ;
#1806 = DIRECTION ( 'NONE',  ( -1.000000000000000000, 0.000000000000000000, 0.000000000000000000 ) ) ;
#1807 = CARTESIAN_POINT ( 'NONE',  ( -9.595795067367058451, 600.0000000000000000, 8.323025487012041902E-16 ) ) ;
#1808 = EDGE_CURVE ( 'NONE', #2637, #4553, #5054, .T. ) ;
#1809 = LINE ( 'NONE', #3478, #5227 ) ;
#1810 = CARTESIAN_POINT ( 'NONE',  ( -27.41334581156930383, -73.40416029259171182, 6.000000000000000000 ) ) ;
#1811 = DIRECTION ( 'NONE',  ( -1.000000000000000000, 0.000000000000000000, 0.000000000000000000 ) ) ;
#1812 = CIRCLE ( 'NONE', #254, 2.700000000000008171 ) ;
#1813 = CARTESIAN_POINT ( 'NONE',  ( 34.99999999999869971, -48.40416029259169051, -14.00000000000000000 ) ) ;
#1814 = LINE ( 'NONE', #107, #4107 ) ;
#1815 = VECTOR ( 'NONE', #2089, 1000.000000000000000 ) ;
#1816 = DIRECTION ( 'NONE',  ( 3.574057125485275739E-15, 0.000000000000000000, 1.000000000000000000 ) ) ;
#1817 = ORIENTED_EDGE ( 'NONE', *, *, #1597, .T. ) ;
#1818 = VERTEX_POINT ( 'NONE', #4948 ) ;
#1819 = AXIS2_PLACEMENT_3D ( 'NONE', #2501, #1656, #4533 ) ;
#1820 = PRODUCT_DEFINITION_SHAPE ( 'NONE', 'NONE',  #5381 ) ;
#1821 = LINE ( 'NONE', #3489, #586 ) ;
#1822 = PRESENTATION_STYLE_ASSIGNMENT (( #5130 ) ) ;
#1823 = CARTESIAN_POINT ( 'NONE',  ( 1.808133919279209412, 600.0000000000000000, 1.793066136618549411 ) ) ;
#1824 = VECTOR ( 'NONE', #4278, 1000.000000000000000 ) ;
#1825 = EDGE_CURVE ( 'NONE', #2736, #287, #864, .T. ) ;
#1826 = ORIENTED_EDGE ( 'NONE', *, *, #5175, .T. ) ;
#1827 = FILL_AREA_STYLE ('',( #588 ) ) ;
#1828 = VECTOR ( 'NONE', #2512, 1000.000000000000000 ) ;
#1829 = PLANE ( 'NONE',  #4026 ) ;
#1830 = CARTESIAN_POINT ( 'NONE',  ( -6.500000000001271871, -115.4776138657193201, 6.000000000000000000 ) ) ;
#1831 = ORIENTED_EDGE ( 'NONE', *, *, #1667, .T. ) ;
#1832 = AXIS2_PLACEMENT_3D ( 'NONE', #5101, #4631, #3684 ) ;
#1833 = DIRECTION ( 'NONE',  ( 1.000000000000000000, 0.000000000000000000, 0.000000000000000000 ) ) ;
#1834 = ORIENTED_EDGE ( 'NONE', *, *, #704, .T. ) ;
#1835 = EDGE_CURVE ( 'NONE', #2471, #4385, #2121, .T. ) ;
#1836 = FACE_BOUND ( 'NONE', #1982, .T. ) ;
#1837 = CARTESIAN_POINT ( 'NONE',  ( -3.282929286650870921E-15, 0.000000000000000000, -5.800450851637318550 ) ) ;
#1838 = DIRECTION ( 'NONE',  ( 1.000000000000000000, 0.000000000000000000, 0.000000000000000000 ) ) ;
#1839 = EDGE_CURVE ( 'NONE', #4553, #2637, #2457, .T. ) ;
#1840 = CARTESIAN_POINT ( 'NONE',  ( -8.595795067367060227, 600.0000000000000000, 8.099549148362683582 ) ) ;
#1841 = PLANE ( 'NONE',  #3533 ) ;
#1842 = EDGE_CURVE ( 'NONE', #2866, #993, #71, .T. ) ;
#1843 = CARTESIAN_POINT ( 'NONE',  ( 49.99999999999869971, -143.4041602925917118, -14.00000000000000000 ) ) ;
#1844 = EDGE_CURVE ( 'NONE', #2878, #4141, #2724, .T. ) ;
#1845 = CARTESIAN_POINT ( 'NONE',  ( -7.795795067367044417, 600.0000000000000000, 1.950383183654221134E-14 ) ) ;
#1846 = EDGE_LOOP ( 'NONE', ( #1777, #4299 ) ) ;
#1847 = AXIS2_PLACEMENT_3D ( 'NONE', #4360, #4649, #899 ) ;
#1848 = ORIENTED_EDGE ( 'NONE', *, *, #4799, .T. ) ;
#1849 = DIRECTION ( 'NONE',  ( 0.000000000000000000, 0.000000000000000000, 1.000000000000000000 ) ) ;
#1850 = DIRECTION ( 'NONE',  ( -1.000000000000000000, 0.000000000000000000, 0.000000000000000000 ) ) ;
#1851 = DIRECTION ( 'NONE',  ( 0.000000000000000000, 0.000000000000000000, -1.000000000000000000 ) ) ;
#1852 = VERTEX_POINT ( 'NONE', #3500 ) ;
#1853 = ORIENTED_EDGE ( 'NONE', *, *, #910, .F. ) ;
#1854 = SURFACE_SIDE_STYLE ('',( #1881 ) ) ;
#1855 = FACE_OUTER_BOUND ( 'NONE', #5127, .T. ) ;
#1856 = ITEM_DEFINED_TRANSFORMATION ( 'NONE', 'NONE', #1791,  #1361 ) ;
#1857 = CARTESIAN_POINT ( 'NONE',  ( 0.000000000000000000, 600.0000000000000000, 6.299549148362684647 ) ) ;
#1858 = ORIENTED_EDGE ( 'NONE', *, *, #3592, .F. ) ;
#1859 = DIRECTION ( 'NONE',  ( 1.000000000000000000, 0.000000000000000000, 0.000000000000000000 ) ) ;
#1860 = EDGE_LOOP ( 'NONE', ( #2307, #5358, #112, #457 ) ) ;
#1861 = AXIS2_PLACEMENT_3D ( 'NONE', #3234, #4514, #1975 ) ;
#1862 = DIRECTION ( 'NONE',  ( 0.000000000000000000, 0.000000000000000000, 1.000000000000000000 ) ) ;
#1863 = CARTESIAN_POINT ( 'NONE',  ( -60.00000000000129319, -43.40416029259172603, 6.000000000000000000 ) ) ;
#1864 = CARTESIAN_POINT ( 'NONE',  ( 34.99999999999869971, -148.4041602925916834, -14.00000000000000000 ) ) ;
#1865 = ORIENTED_EDGE ( 'NONE', *, *, #554, .F. ) ;
#1866 = PRODUCT_DEFINITION_SHAPE ( 'NONE', 'NONE',  #5387 ) ;
#1867 = CARTESIAN_POINT ( 'NONE',  ( 0.000000000000000000, 600.0000000000000000, 6.299549148362684647 ) ) ;
#1868 = CARTESIAN_POINT ( 'NONE',  ( 0.000000000000000000, 0.000000000000000000, 0.000000000000000000 ) ) ;
#1869 = DIRECTION ( 'NONE',  ( -0.000000000000000000, -0.000000000000000000, 1.000000000000000000 ) ) ;
#1870 = EDGE_CURVE ( 'NONE', #5291, #1978, #540, .T. ) ;
#1871 = DIRECTION ( 'NONE',  ( 0.7196783484660250751, 0.000000000000000000, 0.6943076225630930853 ) ) ;
#1872 = VECTOR ( 'NONE', #4672, 1000.000000000000000 ) ;
#1873 = EDGE_CURVE ( 'NONE', #1240, #2866, #5197, .T. ) ;
#1874 = LINE ( 'NONE', #5202, #4788 ) ;
#1875 = ORIENTED_EDGE ( 'NONE', *, *, #386, .F. ) ;
#1876 =( GEOMETRIC_REPRESENTATION_CONTEXT ( 3 ) GLOBAL_UNCERTAINTY_ASSIGNED_CONTEXT ( ( #3794 ) ) GLOBAL_UNIT_ASSIGNED_CONTEXT ( ( #1715, #4018, #1505 ) ) REPRESENTATION_CONTEXT ( 'NONE', 'WORKASPACE' ) );
#1877 = CONICAL_SURFACE ( 'NONE', #3101, 2.700000000000000178, 0.7853981633974419507 ) ;
#1878 = CARTESIAN_POINT ( 'NONE',  ( 5.100000000000000533, 0.000000000000000000, 8.000000000000000000 ) ) ;
#1879 = CARTESIAN_POINT ( 'NONE',  ( -30.11334581156930312, -113.4041602925917118, 0.000000000000000000 ) ) ;
#1880 = ORIENTED_EDGE ( 'NONE', *, *, #4732, .F. ) ;
#1881 = SURFACE_STYLE_FILL_AREA ( #1827 ) ;
#1882 = DIRECTION ( 'NONE',  ( 0.000000000000000000, 0.000000000000000000, -1.000000000000000000 ) ) ;
#1883 = CONTEXT_DEPENDENT_SHAPE_REPRESENTATION ( #5359, #2320 ) ;
#1884 = CARTESIAN_POINT ( 'NONE',  ( -32.81334581156931307, -113.4041602925917118, 6.000000000000000000 ) ) ;
#1885 = EDGE_LOOP ( 'NONE', ( #3618, #5286, #2489, #3339 ) ) ;
#1886 = ORIENTED_EDGE ( 'NONE', *, *, #302, .F. ) ;
#1887 = DIRECTION ( 'NONE',  ( 0.000000000000000000, 0.000000000000000000, 1.000000000000000000 ) ) ;
#1888 = ORIENTED_EDGE ( 'NONE', *, *, #241, .T. ) ;
#1889 = CARTESIAN_POINT ( 'NONE',  ( 5.904204932632940661, 0.000000000000000000, 6.299549148362684647 ) ) ;
#1890 = DIRECTION ( 'NONE',  ( 0.000000000000000000, 0.000000000000000000, -1.000000000000000000 ) ) ;
#1891 = CARTESIAN_POINT ( 'NONE',  ( 5.100000000000000533, 0.000000000000000000, 0.000000000000000000 ) ) ;
#1892 = DIRECTION ( 'NONE',  ( 1.000000000000000000, 0.000000000000000000, 0.000000000000000000 ) ) ;
#1893 = EDGE_CURVE ( 'NONE', #3658, #3379, #3093, .T. ) ;
#1894 = VECTOR ( 'NONE', #3381, 1000.000000000000000 ) ;
#1895 = CARTESIAN_POINT ( 'NONE',  ( -27.41334581156929673, -113.4041602925917118, 0.000000000000000000 ) ) ;
#1896 = DIRECTION ( 'NONE',  ( 1.000000000000000000, 0.000000000000000000, 0.000000000000000000 ) ) ;
#1897 = DIRECTION ( 'NONE',  ( 0.000000000000000000, 0.000000000000000000, 1.000000000000000000 ) ) ;
#1898 = ORIENTED_EDGE ( 'NONE', *, *, #4737, .F. ) ;
#1899 = VECTOR ( 'NONE', #372, 1000.000000000000000 ) ;
#1900 = ORIENTED_EDGE ( 'NONE', *, *, #3702, .T. ) ;
#1901 = EDGE_CURVE ( 'NONE', #4154, #1406, #4699, .T. ) ;
#1902 = AXIS2_PLACEMENT_3D ( 'NONE', #1346, #4260, #3066 ) ;
#1903 = CARTESIAN_POINT ( 'NONE',  ( 1.808133919279209412, 600.0000000000000000, 1.793066136618549411 ) ) ;
#1904 = CARTESIAN_POINT ( 'NONE',  ( 5.100000000000000533, 0.000000000000000000, 9.875000000000000000 ) ) ;
#1905 = DIRECTION ( 'NONE',  ( 0.000000000000000000, 0.000000000000000000, -1.000000000000000000 ) ) ;
#1906 = ORIENTED_EDGE ( 'NONE', *, *, #3052, .F. ) ;
#1907 = ADVANCED_FACE ( 'NONE', ( #2263 ), #535, .T. ) ;
#1908 = ORIENTED_EDGE ( 'NONE', *, *, #2065, .F. ) ;
#1909 = AXIS2_PLACEMENT_3D ( 'NONE', #1830, #283, #997 ) ;
#1910 = CARTESIAN_POINT ( 'NONE',  ( 3.708518230849593866, 600.0000000000000000, -3.677613912259180662 ) ) ;
#1911 = EDGE_CURVE ( 'NONE', #4687, #2928, #276, .T. ) ;
#1912 = DIRECTION ( 'NONE',  ( 0.000000000000000000, 0.000000000000000000, -1.000000000000000000 ) ) ;
#1913 = VECTOR ( 'NONE', #4222, 1000.000000000000000 ) ;
#1914 = PLANE ( 'NONE',  #699 ) ;
#1915 = VERTEX_POINT ( 'NONE', #2290 ) ;
#1916 = EDGE_LOOP ( 'NONE', ( #5126, #3938, #3624, #1174 ) ) ;
#1917 = ORIENTED_EDGE ( 'NONE', *, *, #1518, .T. ) ;
#1918 = VECTOR ( 'NONE', #1351, 1000.000000000000000 ) ;
#1919 = LINE ( 'NONE', #4721, #4377 ) ;
#1920 = CYLINDRICAL_SURFACE ( 'NONE', #5010, 2.100000000000000089 ) ;
#1921 = CARTESIAN_POINT ( 'NONE',  ( 44.99999999999869971, -38.40416029259168340, -14.00000000000000000 ) ) ;
#1922 = AXIS2_PLACEMENT_3D ( 'NONE', #4382, #3923, #3541 ) ;
#1923 = LINE ( 'NONE', #5273, #1549 ) ;
#1924 = LINE ( 'NONE', #4374, #3622 ) ;
#1925 = CARTESIAN_POINT ( 'NONE',  ( -35.11334581156931023, -73.40416029259171182, 0.000000000000000000 ) ) ;
#1926 = EDGE_CURVE ( 'NONE', #4362, #5365, #1457, .T. ) ;
#1927 = DIRECTION ( 'NONE',  ( 0.000000000000000000, 0.000000000000000000, -1.000000000000000000 ) ) ;
#1928 = ORIENTED_EDGE ( 'NONE', *, *, #298, .F. ) ;
#1929 = ORIENTED_EDGE ( 'NONE', *, *, #2341, .F. ) ;
#1930 = CYLINDRICAL_SURFACE ( 'NONE', #133, 4.999999999999999112 ) ;
#1931 = CARTESIAN_POINT ( 'NONE',  ( -3.282929286650870921E-15, 600.0000000000000000, -5.800450851637318550 ) ) ;
#1932 = VERTEX_POINT ( 'NONE', #3044 ) ;
#1933 = EDGE_CURVE ( 'NONE', #3809, #2556, #1809, .T. ) ;
#1934 = ORIENTED_EDGE ( 'NONE', *, *, #3386, .F. ) ;
#1935 = AXIS2_PLACEMENT_3D ( 'NONE', #4714, #2645, #3927 ) ;
#1936 = VECTOR ( 'NONE', #4375, 1000.000000000000000 ) ;
#1937 = EDGE_CURVE ( 'NONE', #3772, #2376, #5146, .T. ) ;
#1938 = CARTESIAN_POINT ( 'NONE',  ( -7.795795067367047970, 0.000000000000000000, 1.666145632517386873E-14 ) ) ;
#1939 = ORIENTED_EDGE ( 'NONE', *, *, #1280, .T. ) ;
#1940 = EDGE_CURVE ( 'NONE', #244, #2074, #316, .T. ) ;
#1941 = VERTEX_POINT ( 'NONE', #3556 ) ;
#1942 = ORIENTED_EDGE ( 'NONE', *, *, #319, .F. ) ;
#1943 = DIRECTION ( 'NONE',  ( 0.000000000000000000, 0.000000000000000000, 1.000000000000000000 ) ) ;
#1944 = DIRECTION ( 'NONE',  ( -0.000000000000000000, -1.000000000000000000, -0.000000000000000000 ) ) ;
#1945 = CARTESIAN_POINT ( 'NONE',  ( 10.11334581156804369, -73.40416029259174024, 6.000000000000000000 ) ) ;
#1946 = DIRECTION ( 'NONE',  ( 0.000000000000000000, 0.000000000000000000, 1.000000000000000000 ) ) ;
#1947 = DIRECTION ( 'NONE',  ( 0.000000000000000000, -1.000000000000000000, 0.000000000000000000 ) ) ;
#1948 = CARTESIAN_POINT ( 'NONE',  ( 1.808133919279209412, 0.000000000000000000, 1.793066136618549411 ) ) ;
#1949 = CARTESIAN_POINT ( 'NONE',  ( -2.774999999999999911, 0.000000000000000000, -12.20000000000000995 ) ) ;
#1950 = VECTOR ( 'NONE', #2455, 1000.000000000000000 ) ;
#1951 = VERTEX_POINT ( 'NONE', #2729 ) ;
#1952 = ORIENTED_EDGE ( 'NONE', *, *, #3332, .F. ) ;
#1953 = VECTOR ( 'NONE', #1057, 1000.000000000000000 ) ;
#1954 = LINE ( 'NONE', #4927, #355 ) ;
#1955 = ORIENTED_EDGE ( 'NONE', *, *, #2747, .F. ) ;
#1956 = AXIS2_PLACEMENT_3D ( 'NONE', #1322, #3882, #1779 ) ;
#1957 = ORIENTED_EDGE ( 'NONE', *, *, #1235, .T. ) ;
#1958 = PRESENTATION_STYLE_ASSIGNMENT (( #2848 ) ) ;
#1959 = VECTOR ( 'NONE', #2467, 999.9999999999998863 ) ;
#1960 = ADVANCED_FACE ( 'NONE', ( #4372 ), #3232, .F. ) ;
#1961 = CIRCLE ( 'NONE', #5013, 4.999999999999999112 ) ;
#1962 = DIRECTION ( 'NONE',  ( 0.000000000000000000, 1.000000000000000000, 0.000000000000000000 ) ) ;
#1963 = ORIENTED_EDGE ( 'NONE', *, *, #4229, .F. ) ;
#1964 = ORIENTED_EDGE ( 'NONE', *, *, #212, .T. ) ;
#1965 = AXIS2_PLACEMENT_3D ( 'NONE', #4509, #2451, #370 ) ;
#1966 = EDGE_CURVE ( 'NONE', #4385, #3165, #2370, .T. ) ;
#1967 = DIRECTION ( 'NONE',  ( 0.000000000000000000, -1.000000000000000000, 0.000000000000000000 ) ) ;
#1968 = CARTESIAN_POINT ( 'NONE',  ( 2.774999999999999911, 0.000000000000000000, 0.000000000000000000 ) ) ;
#1969 = ADVANCED_FACE ( 'NONE', ( #4781 ), #3581, .F. ) ;
#1970 = DIRECTION ( 'NONE',  ( 0.000000000000000000, 0.000000000000000000, -1.000000000000000000 ) ) ;
#1971 = EDGE_LOOP ( 'NONE', ( #4219, #3678, #3313, #4296 ) ) ;
#1972 = CARTESIAN_POINT ( 'NONE',  ( 0.000000000000000000, 0.000000000000000000, 0.000000000000000000 ) ) ;
#1973 = CYLINDRICAL_SURFACE ( 'NONE', #2871, 2.700000000000008171 ) ;
#1974 = DIRECTION ( 'NONE',  ( 0.7100591715976344309, 0.000000000000000000, 0.7041420118343182377 ) ) ;
#1975 = DIRECTION ( 'NONE',  ( -1.000000000000000000, 0.000000000000000000, 0.000000000000000000 ) ) ;
#1976 = DIRECTION ( 'NONE',  ( -0.000000000000000000, -0.000000000000000000, -1.000000000000000000 ) ) ;
#1977 = PLANE ( 'NONE',  #3487 ) ;
#1978 = VERTEX_POINT ( 'NONE', #4400 ) ;
#1979 = ORIENTED_EDGE ( 'NONE', *, *, #5102, .F. ) ;
#1980 = CARTESIAN_POINT ( 'NONE',  ( 11.99999999999872813, -71.40416029259172603, 6.000000000000000000 ) ) ;
#1981 = CARTESIAN_POINT ( 'NONE',  ( -5.087621801062966576, 600.0000000000000000, -8.315956369597751419 ) ) ;
#1982 = EDGE_LOOP ( 'NONE', ( #1734, #3337 ) ) ;
#1983 = ORIENTED_EDGE ( 'NONE', *, *, #3289, .F. ) ;
#1984 = AXIS2_PLACEMENT_3D ( 'NONE', #952, #2207, #4914 ) ;
#1985 = DIRECTION ( 'NONE',  ( -0.000000000000000000, -0.000000000000000000, 1.000000000000000000 ) ) ;
#1986 = LINE ( 'NONE', #5317, #1992 ) ;
#1987 = ORIENTED_EDGE ( 'NONE', *, *, #1870, .T. ) ;
#1988 = ORIENTED_EDGE ( 'NONE', *, *, #86, .F. ) ;
#1989 = CARTESIAN_POINT ( 'NONE',  ( 12.81334581156675867, -113.4041602925917118, 0.000000000000000000 ) ) ;
#1990 = ORIENTED_EDGE ( 'NONE', *, *, #3308, .F. ) ;
#1991 = DIRECTION ( 'NONE',  ( -0.7196783484660199681, 0.000000000000000000, 0.6943076225630984144 ) ) ;
#1992 = VECTOR ( 'NONE', #2442, 1000.000000000000000 ) ;
#1993 = DIRECTION ( 'NONE',  ( 0.000000000000000000, -0.000000000000000000, -1.000000000000000000 ) ) ;
#1994 = DIRECTION ( 'NONE',  ( 0.000000000000000000, -1.000000000000000000, 0.000000000000000000 ) ) ;
#1995 = DIRECTION ( 'NONE',  ( 1.000000000000000000, 0.000000000000000000, 0.000000000000000000 ) ) ;
#1996 = EDGE_CURVE ( 'NONE', #4184, #4531, #291, .T. ) ;
#1997 = DIRECTION ( 'NONE',  ( 1.000000000000000000, 0.000000000000000000, 0.000000000000000000 ) ) ;
#1998 = VECTOR ( 'NONE', #688, 1000.000000000000000 ) ;
#1999 = CARTESIAN_POINT ( 'NONE',  ( 2.774999999999999911, 1.494069094959771056E-15, -12.20000000000000107 ) ) ;
#2000 = ADVANCED_FACE ( 'NONE', ( #678 ), #3989, .F. ) ;
#2001 = CARTESIAN_POINT ( 'NONE',  ( 0.000000000000000000, 600.0000000000000000, -11.90045085163731642 ) ) ;
#2002 = CARTESIAN_POINT ( 'NONE',  ( 5.299999999999999822, 0.000000000000000000, -2.500000000000000000 ) ) ;
#2003 = AXIS2_PLACEMENT_3D ( 'NONE', #5002, #1268, #2032 ) ;
#2004 = EDGE_CURVE ( 'NONE', #84, #595, #4428, .T. ) ;
#2005 = ORIENTED_EDGE ( 'NONE', *, *, #1212, .F. ) ;
#2006 = VERTEX_POINT ( 'NONE', #2369 ) ;
#2007 = EDGE_CURVE ( 'NONE', #3551, #149, #1484, .T. ) ;
#2008 = AXIS2_PLACEMENT_3D ( 'NONE', #4041, #4656, #4221 ) ;
#2009 = EDGE_LOOP ( 'NONE', ( #1671, #4211, #819, #1527 ) ) ;
#2010 = DIRECTION ( 'NONE',  ( -0.000000000000000000, -1.000000000000000000, -0.000000000000000000 ) ) ;
#2011 = EDGE_CURVE ( 'NONE', #1647, #3809, #702, .T. ) ;
#2012 = LINE ( 'NONE', #4053, #828 ) ;
#2013 = DIRECTION ( 'NONE',  ( 0.000000000000000000, -0.000000000000000000, 1.000000000000000000 ) ) ;
#2014 = VERTEX_POINT ( 'NONE', #2779 ) ;
#2015 = VERTEX_POINT ( 'NONE', #5297 ) ;
#2016 =( LENGTH_UNIT ( ) NAMED_UNIT ( * ) SI_UNIT ( .MILLI., .METRE. ) );
#2017 = DIRECTION ( 'NONE',  ( 1.000000000000000000, 0.000000000000000000, 0.000000000000000000 ) ) ;
#2018 = ORIENTED_EDGE ( 'NONE', *, *, #3075, .F. ) ;
#2019 = ORIENTED_EDGE ( 'NONE', *, *, #246, .F. ) ;
#2020 = AXIS2_PLACEMENT_3D ( 'NONE', #2157, #4214, #1277 ) ;
#2021 = DIRECTION ( 'NONE',  ( 0.000000000000000000, 0.000000000000000000, -1.000000000000000000 ) ) ;
#2022 = CARTESIAN_POINT ( 'NONE',  ( -5.500000000000000000, 7.898971854500428692E-16, -6.450000000000000178 ) ) ;
#2023 = CARTESIAN_POINT ( 'NONE',  ( 8.728023701344501690E-15, 600.0000000000000000, 3.591375882058572166 ) ) ;
#2024 =( NAMED_UNIT ( * ) PLANE_ANGLE_UNIT ( ) SI_UNIT ( $, .RADIAN. ) );
#2025 = DIRECTION ( 'NONE',  ( 0.000000000000000000, 0.000000000000000000, 1.000000000000000000 ) ) ;
#2026 = DIRECTION ( 'NONE',  ( 0.000000000000000000, 0.000000000000000000, 1.000000000000000000 ) ) ;
#2027 = LINE ( 'NONE', #2806, #5129 ) ;
#2028 = AXIS2_PLACEMENT_3D ( 'NONE', #648, #3986, #264 ) ;
#2029 = DIRECTION ( 'NONE',  ( 0.000000000000000000, 0.000000000000000000, -1.000000000000000000 ) ) ;
#2030 = CARTESIAN_POINT ( 'NONE',  ( -30.11334581156930312, -73.40416029259171182, 6.000000000000000000 ) ) ;
#2031 = ADVANCED_FACE ( 'NONE', ( #3151 ), #1400, .T. ) ;
#2032 = DIRECTION ( 'NONE',  ( 0.000000000000000000, 0.000000000000000000, -1.000000000000000000 ) ) ;
#2033 = EDGE_LOOP ( 'NONE', ( #1621, #1386, #5033, #335 ) ) ;
#2034 = CARTESIAN_POINT ( 'NONE',  ( 5.113345811568039245, -73.40416029259174024, -4.000000000000000000 ) ) ;
#2035 = ORIENTED_EDGE ( 'NONE', *, *, #3476, .T. ) ;
#2036 = DIRECTION ( 'NONE',  ( 0.000000000000000000, 0.000000000000000000, 1.000000000000000000 ) ) ;
#2037 = EDGE_CURVE ( 'NONE', #1598, #2215, #5246, .T. ) ;
#2038 = VECTOR ( 'NONE', #350, 1000.000000000000000 ) ;
#2039 = ADVANCED_FACE ( 'NONE', ( #237 ), #5326, .F. ) ;
#2040 = CIRCLE ( 'NONE', #1344, 2.700000000000000178 ) ;
#2041 = CARTESIAN_POINT ( 'NONE',  ( -1.131701418934480418E-15, 600.0000000000000000, 1.999549148362686157 ) ) ;
#2042 = EDGE_LOOP ( 'NONE', ( #1934, #3646, #1604, #1673 ) ) ;
#2043 = CARTESIAN_POINT ( 'NONE',  ( 5.904204932632939773, 0.000000000000000000, -8.315956369597751419 ) ) ;
#2044 = ORIENTED_EDGE ( 'NONE', *, *, #4967, .F. ) ;
#2045 = CIRCLE ( 'NONE', #1348, 12.20000000000000107 ) ;
#2046 = ADVANCED_FACE ( 'NONE', ( #2804 ), #1535, .F. ) ;
#2047 = VECTOR ( 'NONE', #2536, 1000.000000000000000 ) ;
#2048 = DIRECTION ( 'NONE',  ( 0.000000000000000000, 0.000000000000000000, 1.000000000000000000 ) ) ;
#2049 = ORIENTED_EDGE ( 'NONE', *, *, #1796, .F. ) ;
#2050 = VERTEX_POINT ( 'NONE', #1559 ) ;
#2051 = PRODUCT_DEFINITION_CONTEXT ( 'detailed design', #3374, 'design' ) ;
#2052 = DIRECTION ( 'NONE',  ( -1.000000000000000000, 0.000000000000000000, 0.000000000000000000 ) ) ;
#2053 = AXIS2_PLACEMENT_3D ( 'NONE', #756, #4990, #2113 ) ;
#2054 = CARTESIAN_POINT ( 'NONE',  ( -1.382641216610194901, 0.000000000000000000, 1.394260050363224313 ) ) ;
#2055 = VECTOR ( 'NONE', #134, 1000.000000000000000 ) ;
#2056 = FACE_OUTER_BOUND ( 'NONE', #4013, .T. ) ;
#2057 = DIRECTION ( 'NONE',  ( 0.000000000000000000, 0.000000000000000000, 1.000000000000000000 ) ) ;
#2058 = AXIS2_PLACEMENT_3D ( 'NONE', #808, #3792, #1293 ) ;
#2059 = VECTOR ( 'NONE', #1947, 1000.000000000000000 ) ;
#2060 = DIRECTION ( 'NONE',  ( 0.000000000000000000, 0.000000000000000000, -1.000000000000000000 ) ) ;
#2061 = EDGE_LOOP ( 'NONE', ( #4844, #3447, #1332, #4332 ) ) ;
#2062 = CARTESIAN_POINT ( 'NONE',  ( 11.99999999999872458, -56.40416029259169761, 6.000000000000000000 ) ) ;
#2063 = DIRECTION ( 'NONE',  ( 1.000000000000000000, 0.000000000000000000, 0.000000000000000000 ) ) ;
#2064 = LINE ( 'NONE', #2966, #1828 ) ;
#2065 = EDGE_CURVE ( 'NONE', #2275, #392, #1569, .T. ) ;
#2066 = ORIENTED_EDGE ( 'NONE', *, *, #1664, .T. ) ;
#2067 = ORIENTED_EDGE ( 'NONE', *, *, #5299, .F. ) ;
#2068 = ORIENTED_EDGE ( 'NONE', *, *, #2913, .F. ) ;
#2069 = DIRECTION ( 'NONE',  ( 0.000000000000000000, -0.000000000000000000, 1.000000000000000000 ) ) ;
#2070 = PRODUCT_RELATED_PRODUCT_CATEGORY ( 'part', '', ( #3050 ) ) ;
#2071 = DIRECTION ( 'NONE',  ( 0.000000000000000000, 0.000000000000000000, 1.000000000000000000 ) ) ;
#2072 = ORIENTED_EDGE ( 'NONE', *, *, #336, .F. ) ;
#2073 = FACE_OUTER_BOUND ( 'NONE', #5340, .T. ) ;
#2074 = VERTEX_POINT ( 'NONE', #4458 ) ;
#2075 = ADVANCED_FACE ( 'NONE', ( #3663 ), #2395, .F. ) ;
#2076 = CIRCLE ( 'NONE', #2262, 2.699999999999999289 ) ;
#2077 = EDGE_CURVE ( 'NONE', #2376, #5075, #935, .T. ) ;
#2078 = DIRECTION ( 'NONE',  ( -0.7185108077017470229, 0.000000000000000000, -0.6955157936494203996 ) ) ;
#2079 = EDGE_LOOP ( 'NONE', ( #30, #3361, #1339, #4025 ) ) ;
#2080 = VERTEX_POINT ( 'NONE', #2951 ) ;
#2081 = CIRCLE ( 'NONE', #3212, 6.250000000000000000 ) ;
#2082 = EDGE_CURVE ( 'NONE', #4814, #1818, #4791, .T. ) ;
#2083 = CARTESIAN_POINT ( 'NONE',  ( -3.495795067367054365, 600.0000000000000000, 8.161494552555607186E-15 ) ) ;
#2084 = CARTESIAN_POINT ( 'NONE',  ( 0.4042049326329404946, 600.0000000000000000, -1.900450851637315974 ) ) ;
#2085 = CARTESIAN_POINT ( 'NONE',  ( -5.100000000000000533, 1.209338714158011363E-15, 9.875000000000000000 ) ) ;
#2086 = SHAPE_REPRESENTATION_RELATIONSHIP ( 'NONE' , 'NONE' ,  #4286, #4165 ) ;
#2087 = AXIS2_PLACEMENT_3D ( 'NONE', #943, #4344, #5193 ) ;
#2088 = APPLICATION_PROTOCOL_DEFINITION ( 'draft international standard', 'automotive_design', 1998, #3102 ) ;
#2089 = DIRECTION ( 'NONE',  ( -0.000000000000000000, -0.000000000000000000, -1.000000000000000000 ) ) ;
#2090 = AXIS2_PLACEMENT_3D ( 'NONE', #4419, #747, #1226 ) ;
#2091 = DIRECTION ( 'NONE',  ( 1.000000000000000000, 0.000000000000000000, 0.000000000000000000 ) ) ;
#2092 = DIRECTION ( 'NONE',  ( 0.000000000000000000, 0.000000000000000000, -1.000000000000000000 ) ) ;
#2093 = CIRCLE ( 'NONE', #4354, 10.00000000000000178 ) ;
#2094 = VERTEX_POINT ( 'NONE', #4249 ) ;
#2095 = APPLICATION_CONTEXT ( 'automotive_design' ) ;
#2096 = PLANE ( 'NONE',  #405 ) ;
#2097 = ORIENTED_EDGE ( 'NONE', *, *, #5223, .T. ) ;
#2098 = ORIENTED_EDGE ( 'NONE', *, *, #4072, .T. ) ;
#2099 = CIRCLE ( 'NONE', #795, 14.99999999999995026 ) ;
#2100 = FACE_OUTER_BOUND ( 'NONE', #5256, .T. ) ;
#2101 = VERTEX_POINT ( 'NONE', #1708 ) ;
#2102 = VECTOR ( 'NONE', #128, 1000.000000000000000 ) ;
#2103 = DIRECTION ( 'NONE',  ( -0.000000000000000000, -0.000000000000000000, -1.000000000000000000 ) ) ;
#2104 = ORIENTED_EDGE ( 'NONE', *, *, #5303, .T. ) ;
#2105 = EDGE_CURVE ( 'NONE', #1941, #1674, #885, .T. ) ;
#2106 = DIRECTION ( 'NONE',  ( 0.000000000000000000, 0.000000000000000000, -1.000000000000000000 ) ) ;
#2107 = ORIENTED_EDGE ( 'NONE', *, *, #3943, .T. ) ;
#2108 = ORIENTED_EDGE ( 'NONE', *, *, #583, .T. ) ;
#2109 = PRODUCT_DEFINITION_CONTEXT ( 'detailed design', #5083, 'design' ) ;
#2110 = DIRECTION ( 'NONE',  ( -0.000000000000000000, -0.000000000000000000, -1.000000000000000000 ) ) ;
#2111 = LINE ( 'NONE', #4965, #5272 ) ;
#2112 = DIRECTION ( 'NONE',  ( -0.000000000000000000, -1.000000000000000000, -0.000000000000000000 ) ) ;
#2113 = DIRECTION ( 'NONE',  ( -1.000000000000000000, 0.000000000000000000, 0.000000000000000000 ) ) ;
#2114 = DIRECTION ( 'NONE',  ( 0.000000000000000000, 0.000000000000000000, 1.000000000000000000 ) ) ;
#2115 = CARTESIAN_POINT ( 'NONE',  ( 17.91845896426764284, 13.93259386630048091, -26.06685170827071829 ) ) ;
#2116 = AXIS2_PLACEMENT_3D ( 'NONE', #1357, #3836, #2997 ) ;
#2117 = CARTESIAN_POINT ( 'NONE',  ( 0.000000000000000000, 0.000000000000000000, -2.500000000000000000 ) ) ;
#2118 = ORIENTED_EDGE ( 'NONE', *, *, #683, .T. ) ;
#2119 = DIRECTION ( 'NONE',  ( 1.000000000000000000, 0.000000000000000000, 0.000000000000000000 ) ) ;
#2120 = FACE_OUTER_BOUND ( 'NONE', #76, .T. ) ;
#2121 = LINE ( 'NONE', #1300, #1054 ) ;
#2122 = ORIENTED_EDGE ( 'NONE', *, *, #5153, .T. ) ;
#2123 = CARTESIAN_POINT ( 'NONE',  ( 0.000000000000000000, 7.654042494670957606E-16, 6.250000000000000000 ) ) ;
#2124 = ORIENTED_EDGE ( 'NONE', *, *, #3440, .F. ) ;
#2125 = ORIENTED_EDGE ( 'NONE', *, *, #2650, .T. ) ;
#2126 = CARTESIAN_POINT ( 'NONE',  ( -13.50000000000127187, -75.33070671946410357, 0.000000000000000000 ) ) ;
#2127 = CARTESIAN_POINT ( 'NONE',  ( 10.11334581156675405, -113.4041602925917118, 6.000000000000000000 ) ) ;
#2128 = CARTESIAN_POINT ( 'NONE',  ( 0.000000000000000000, 600.0000000000000000, 8.099549148362683582 ) ) ;
#2129 = ORIENTED_EDGE ( 'NONE', *, *, #156, .F. ) ;
#2130 = ORIENTED_EDGE ( 'NONE', *, *, #3692, .T. ) ;
#2131 = ORIENTED_EDGE ( 'NONE', *, *, #1695, .F. ) ;
#2132 = CARTESIAN_POINT ( 'NONE',  ( -70.00000000000129319, -43.40416029259172603, -14.00000000000000000 ) ) ;
#2133 = VECTOR ( 'NONE', #945, 1000.000000000000000 ) ;
#2134 = CARTESIAN_POINT ( 'NONE',  ( 10.40420493263293977, 600.0000000000000000, -10.90045085163731464 ) ) ;
#2135 = ORIENTED_EDGE ( 'NONE', *, *, #3045, .F. ) ;
#2136 = ORIENTED_EDGE ( 'NONE', *, *, #5299, .T. ) ;
#2137 = DIRECTION ( 'NONE',  ( 0.7100591715976337648, 0.000000000000000000, 0.7041420118343189039 ) ) ;
#2138 = EDGE_CURVE ( 'NONE', #1418, #4775, #4912, .T. ) ;
#2139 = AXIS2_PLACEMENT_3D ( 'NONE', #4040, #4830, #4398 ) ;
#2140 = DIRECTION ( 'NONE',  ( 1.000000000000000000, 0.000000000000000000, 0.000000000000000000 ) ) ;
#2141 = DIRECTION ( 'NONE',  ( 1.000000000000000000, -0.000000000000000000, 0.000000000000000000 ) ) ;
#2142 = CARTESIAN_POINT ( 'NONE',  ( -22.30823265886965245, 3.078517047997402223, -26.06685170827094566 ) ) ;
#2143 = VECTOR ( 'NONE', #1558, 1000.000000000000000 ) ;
#2144 = FACE_OUTER_BOUND ( 'NONE', #2179, .T. ) ;
#2145 = EDGE_CURVE ( 'NONE', #5361, #1578, #526, .T. ) ;
#2146 = CARTESIAN_POINT ( 'NONE',  ( 0.7917581168980944994, 600.0000000000000000, -0.7664189169459756368 ) ) ;
#2147 = LINE ( 'NONE', #2176, #5007 ) ;
#2148 = AXIS2_PLACEMENT_3D ( 'NONE', #4942, #3353, #2888 ) ;
#2149 = CONICAL_SURFACE ( 'NONE', #4924, 4.049999999999999822, 0.7853981633974440602 ) ;
#2150 = DIRECTION ( 'NONE',  ( 0.000000000000000000, 0.000000000000000000, 1.000000000000000000 ) ) ;
#2151 = ORIENTED_EDGE ( 'NONE', *, *, #1591, .T. ) ;
#2152 = ORIENTED_EDGE ( 'NONE', *, *, #220, .T. ) ;
#2153 = AXIS2_PLACEMENT_3D ( 'NONE', #4508, #3328, #889 ) ;
#2154 = VERTEX_POINT ( 'NONE', #499 ) ;
#2155 = CARTESIAN_POINT ( 'NONE',  ( -6.500000000001271871, -75.33070671946410357, 6.000000000000000000 ) ) ;
#2156 = EDGE_CURVE ( 'NONE', #2974, #3466, #5015, .T. ) ;
#2157 = CARTESIAN_POINT ( 'NONE',  ( 0.000000000000000000, 600.0000000000000000, -11.90045085163731642 ) ) ;
#2158 = AXIS2_PLACEMENT_3D ( 'NONE', #508, #2938, #4205 ) ;
#2159 = LINE ( 'NONE', #4572, #970 ) ;
#2160 = ORIENTED_EDGE ( 'NONE', *, *, #2749, .F. ) ;
#2161 = VERTEX_POINT ( 'NONE', #2132 ) ;
#2162 = ORIENTED_EDGE ( 'NONE', *, *, #985, .F. ) ;
#2163 = DIRECTION ( 'NONE',  ( -1.000000000000000000, 0.000000000000000000, -0.000000000000000000 ) ) ;
#2164 = LINE ( 'NONE', #3754, #95 ) ;
#2165 = VERTEX_POINT ( 'NONE', #145 ) ;
#2166 = ORIENTED_EDGE ( 'NONE', *, *, #449, .F. ) ;
#2167 = CARTESIAN_POINT ( 'NONE',  ( 0.000000000000000000, 0.000000000000000000, 0.000000000000000000 ) ) ;
#2168 = FACE_OUTER_BOUND ( 'NONE', #3409, .T. ) ;
#2169 = PLANE ( 'NONE',  #317 ) ;
#2170 = PRODUCT_CONTEXT ( 'NONE', #984, 'mechanical' ) ;
#2171 = CARTESIAN_POINT ( 'NONE',  ( -5.299999999999999822, 0.000000000000000000, 0.000000000000000000 ) ) ;
#2172 = ORIENTED_EDGE ( 'NONE', *, *, #4752, .F. ) ;
#2173 = CIRCLE ( 'NONE', #5042, 2.700000000000001066 ) ;
#2174 = DIRECTION ( 'NONE',  ( -1.000000000000000000, 0.000000000000000000, 0.000000000000000000 ) ) ;
#2175 = EDGE_CURVE ( 'NONE', #2799, #3001, #191, .T. ) ;
#2176 = CARTESIAN_POINT ( 'NONE',  ( 11.99999999999872458, -56.40416029259167630, 0.000000000000000000 ) ) ;
#2177 = CARTESIAN_POINT ( 'NONE',  ( -9.595795067367058451, 600.0000000000000000, 7.099549148362684470 ) ) ;
#2178 = ADVANCED_FACE ( 'NONE', ( #3376, #1313 ), #1680, .T. ) ;
#2179 = EDGE_LOOP ( 'NONE', ( #1387, #4950, #5260, #4159 ) ) ;
#2180 = FACE_OUTER_BOUND ( 'NONE', #1501, .T. ) ;
#2181 = AXIS2_PLACEMENT_3D ( 'NONE', #1256, #365, #2930 ) ;
#2182 = VERTEX_POINT ( 'NONE', #3813 ) ;
#2183 = DIRECTION ( 'NONE',  ( 0.000000000000000000, 0.000000000000000000, 1.000000000000000000 ) ) ;
#2184 = CARTESIAN_POINT ( 'NONE',  ( 1.309203555201697736E-14, 600.0000000000000000, 3.591375882058629898 ) ) ;
#2185 = ADVANCED_FACE ( 'NONE', ( #3343 ), #4511, .T. ) ;
#2186 = DIRECTION ( 'NONE',  ( 0.000000000000000000, -1.000000000000000000, 0.000000000000000000 ) ) ;
#2187 = AXIS2_PLACEMENT_3D ( 'NONE', #1063, #2331, #2249 ) ;
#2188 = EDGE_CURVE ( 'NONE', #1852, #2471, #361, .T. ) ;
#2189 = DIRECTION ( 'NONE',  ( 1.000000000000000000, 0.000000000000000000, 0.000000000000000000 ) ) ;
#2190 = VERTEX_POINT ( 'NONE', #2552 ) ;
#2191 = EDGE_CURVE ( 'NONE', #287, #4231, #3784, .T. ) ;
#2192 = ORIENTED_EDGE ( 'NONE', *, *, #5079, .T. ) ;
#2193 = VECTOR ( 'NONE', #169, 1000.000000000000000 ) ;
#2194 = CARTESIAN_POINT ( 'NONE',  ( -5.500000000000000000, 0.000000000000000000, 0.000000000000000000 ) ) ;
#2195 = CARTESIAN_POINT ( 'NONE',  ( 10.11334581156804369, -73.40416029259174024, 6.000000000000000000 ) ) ;
#2196 = ORIENTED_EDGE ( 'NONE', *, *, #3608, .T. ) ;
#2197 = EDGE_LOOP ( 'NONE', ( #1149, #1865, #3671, #5163 ) ) ;
#2198 = CARTESIAN_POINT ( 'NONE',  ( -4.445795067367058984, 600.0000000000000000, 8.099549148362683582 ) ) ;
#2199 = FACE_OUTER_BOUND ( 'NONE', #4102, .T. ) ;
#2200 = CARTESIAN_POINT ( 'NONE',  ( -6.011300585327472135, 600.0000000000000000, 3.591375882058586821 ) ) ;
#2201 = SURFACE_STYLE_FILL_AREA ( #2619 ) ;
#2202 = CARTESIAN_POINT ( 'NONE',  ( -1.798511560886810279E-14, 0.000000000000000000, -7.400450851637284444 ) ) ;
#2203 = CARTESIAN_POINT ( 'NONE',  ( 6.819710450593385431, 0.000000000000000000, 3.591375882058604585 ) ) ;
#2204 = DIRECTION ( 'NONE',  ( -0.7041420118343195700, 0.000000000000000000, -0.7100591715976330986 ) ) ;
#2205 = ORIENTED_EDGE ( 'NONE', *, *, #3131, .T. ) ;
#2206 = CYLINDRICAL_SURFACE ( 'NONE', #3883, 3.300000000000000266 ) ;
#2207 = DIRECTION ( 'NONE',  ( -1.000000000000000000, 0.000000000000000000, 0.000000000000000000 ) ) ;
#2208 = EDGE_CURVE ( 'NONE', #1411, #4078, #1056, .T. ) ;
#2209 = AXIS2_PLACEMENT_3D ( 'NONE', #5187, #3112, #1912 ) ;
#2210 = CARTESIAN_POINT ( 'NONE',  ( 10.11334581156675405, -113.4041602925917118, 6.000000000000000000 ) ) ;
#2211 = CIRCLE ( 'NONE', #5245, 5.000000000000003553 ) ;
#2212 = LINE ( 'NONE', #4706, #1580 ) ;
#2213 = DIRECTION ( 'NONE',  ( 2.501839987839680395E-15, 0.000000000000000000, 1.000000000000000000 ) ) ;
#2214 = ORIENTED_EDGE ( 'NONE', *, *, #552, .T. ) ;
#2215 = VERTEX_POINT ( 'NONE', #3002 ) ;
#2216 = ORIENTED_EDGE ( 'NONE', *, *, #3071, .T. ) ;
#2217 = EDGE_CURVE ( 'NONE', #2165, #1650, #3432, .T. ) ;
#2218 = DIRECTION ( 'NONE',  ( -1.000000000000000000, 0.000000000000000000, 0.000000000000000000 ) ) ;
#2219 = FACE_OUTER_BOUND ( 'NONE', #684, .T. ) ;
#2220 = ORIENTED_EDGE ( 'NONE', *, *, #4996, .T. ) ;
#2221 = ORIENTED_EDGE ( 'NONE', *, *, #4333, .T. ) ;
#2222 = CIRCLE ( 'NONE', #5022, 10.00000000000000178 ) ;
#2223 =( NAMED_UNIT ( * ) PLANE_ANGLE_UNIT ( ) SI_UNIT ( $, .RADIAN. ) );
#2224 = FACE_OUTER_BOUND ( 'NONE', #551, .T. ) ;
#2225 = CARTESIAN_POINT ( 'NONE',  ( 5.000000000000000000, 4.250000000000000000, 0.000000000000000000 ) ) ;
#2226 = ITEM_DEFINED_TRANSFORMATION ( 'NONE', 'NONE', #2767,  #1361 ) ;
#2227 = PRODUCT_DEFINITION_SHAPE ( 'NONE', 'NONE',  #5377 ) ;
#2228 = PLANE ( 'NONE',  #4599 ) ;
#2229 = VECTOR ( 'NONE', #5107, 1000.000000000000000 ) ;
#2230 = LINE ( 'NONE', #2287, #904 ) ;
#2231 = DIRECTION ( 'NONE',  ( 1.000000000000000000, 0.000000000000000000, -8.673617379884035472E-17 ) ) ;
#2232 = VECTOR ( 'NONE', #127, 1000.000000000000000 ) ;
#2233 = PLANE ( 'NONE',  #1273 ) ;
#2234 = DIRECTION ( 'NONE',  ( 0.000000000000000000, -0.000000000000000000, 1.000000000000000000 ) ) ;
#2235 = DIRECTION ( 'NONE',  ( -0.000000000000000000, -1.000000000000000000, -0.000000000000000000 ) ) ;
#2236 = VECTOR ( 'NONE', #5281, 1000.000000000000000 ) ;
#2237 = CYLINDRICAL_SURFACE ( 'NONE', #2116, 10.00000000000000178 ) ;
#2238 = VECTOR ( 'NONE', #1556, 1000.000000000000000 ) ;
#2239 = DIRECTION ( 'NONE',  ( -1.000000000000000000, 0.000000000000000000, 2.430272961665444135E-15 ) ) ;
#2240 = CARTESIAN_POINT ( 'NONE',  ( -13.50000000000127187, -115.4776138657193201, 6.000000000000000000 ) ) ;
#2241 = ORIENTED_EDGE ( 'NONE', *, *, #2175, .F. ) ;
#2242 = VECTOR ( 'NONE', #1147, 1000.000000000000000 ) ;
#2243 = ORIENTED_EDGE ( 'NONE', *, *, #2592, .F. ) ;
#2244 = ORIENTED_EDGE ( 'NONE', *, *, #1835, .F. ) ;
#2245 = PRODUCT_DEFINITION_FORMATION_WITH_SPECIFIED_SOURCE ( 'ANY', '', #132, .NOT_KNOWN. ) ;
#2246 = ADVANCED_FACE ( 'NONE', ( #3029 ), #4094, .F. ) ;
#2247 = DIRECTION ( 'NONE',  ( 0.000000000000000000, -1.000000000000000000, 0.000000000000000000 ) ) ;
#2248 = CYLINDRICAL_SURFACE ( 'NONE', #3158, 2.700000000000008171 ) ;
#2249 = DIRECTION ( 'NONE',  ( 0.000000000000000000, 0.000000000000000000, 1.000000000000000000 ) ) ;
#2250 = ORIENTED_EDGE ( 'NONE', *, *, #3555, .F. ) ;
#2251 = EDGE_CURVE ( 'NONE', #801, #4853, #3835, .T. ) ;
#2252 = ORIENTED_EDGE ( 'NONE', *, *, #3727, .T. ) ;
#2253 = DIRECTION ( 'NONE',  ( -0.000000000000000000, -1.000000000000000000, -0.000000000000000000 ) ) ;
#2254 = FACE_OUTER_BOUND ( 'NONE', #4056, .T. ) ;
#2255 = EDGE_CURVE ( 'NONE', #4629, #4465, #3869, .T. ) ;
#2256 = PRODUCT_CONTEXT ( 'NONE', #1251, 'mechanical' ) ;
#2257 = EDGE_CURVE ( 'NONE', #5185, #181, #5206, .T. ) ;
#2258 = FACE_OUTER_BOUND ( 'NONE', #3729, .T. ) ;
#2259 = EDGE_CURVE ( 'NONE', #1650, #353, #1223, .T. ) ;
#2260 = PLANE ( 'NONE',  #466 ) ;
#2261 = LINE ( 'NONE', #3390, #5265 ) ;
#2262 = AXIS2_PLACEMENT_3D ( 'NONE', #4637, #4201, #533 ) ;
#2263 = FACE_OUTER_BOUND ( 'NONE', #1175, .T. ) ;
#2264 = DIRECTION ( 'NONE',  ( 1.000000000000000000, 0.000000000000000000, 0.000000000000000000 ) ) ;
#2265 = CARTESIAN_POINT ( 'NONE',  ( 49.99999999999869971, -33.40416029259172603, 6.000000000000000000 ) ) ;
#2266 = CARTESIAN_POINT ( 'NONE',  ( -25.11334581156929957, -73.40416029259171182, 0.000000000000000000 ) ) ;
#2267 = AXIS2_PLACEMENT_3D ( 'NONE', #697, #3196, #3167 ) ;
#2268 = LINE ( 'NONE', #3917, #3739 ) ;
#2269 = EDGE_LOOP ( 'NONE', ( #2241, #738, #274, #1858 ) ) ;
#2270 = CIRCLE ( 'NONE', #3480, 6.450000000000000178 ) ;
#2271 = PRODUCT_DEFINITION_SHAPE ( 'NONE', 'NONE',  #3996 ) ;
#2272 = CARTESIAN_POINT ( 'NONE',  ( -30.11334581156930312, -73.40416029259171182, 0.000000000000000000 ) ) ;
#2273 = CARTESIAN_POINT ( 'NONE',  ( -6.011300585327472135, 0.000000000000000000, 3.591375882058586821 ) ) ;
#2274 = CARTESIAN_POINT ( 'NONE',  ( -8.595795067367060227, 600.0000000000000000, 8.099549148362683582 ) ) ;
#2275 = VERTEX_POINT ( 'NONE', #1878 ) ;
#2276 = VECTOR ( 'NONE', #717, 1000.000000000000000 ) ;
#2277 = EDGE_LOOP ( 'NONE', ( #1979, #4591, #866, #2192 ) ) ;
#2278 = CIRCLE ( 'NONE', #1738, 1.000000000000000888 ) ;
#2279 = DIRECTION ( 'NONE',  ( -2.137236315371885467E-15, 0.000000000000000000, -1.000000000000000000 ) ) ;
#2280 = ADVANCED_FACE ( 'NONE', ( #636 ), #2248, .F. ) ;
#2281 = ITEM_DEFINED_TRANSFORMATION ( 'NONE', 'NONE', #4405,  #1361 ) ;
#2282 = CARTESIAN_POINT ( 'NONE',  ( 10.40420493263294155, 600.0000000000000000, -6.750450851637320504 ) ) ;
#2283 = ORIENTED_EDGE ( 'NONE', *, *, #3702, .F. ) ;
#2284 = AXIS2_PLACEMENT_3D ( 'NONE', #2194, #3844, #2026 ) ;
#2285 = CARTESIAN_POINT ( 'NONE',  ( 0.000000000000000000, 0.000000000000000000, 0.000000000000000000 ) ) ;
#2286 = EDGE_CURVE ( 'NONE', #1413, #4475, #3894, .T. ) ;
#2287 = CARTESIAN_POINT ( 'NONE',  ( -13.50000000000127187, -71.33070671946410357, 0.000000000000000000 ) ) ;
#2288 = ADVANCED_FACE ( 'NONE', ( #1470 ), #4733, .T. ) ;
#2289 = CYLINDRICAL_SURFACE ( 'NONE', #5356, 6.250000000000000000 ) ;
#2290 = CARTESIAN_POINT ( 'NONE',  ( 5.500000000000000000, 3.306546357697854226E-16, 2.700000000000000622 ) ) ;
#2291 = CARTESIAN_POINT ( 'NONE',  ( 8.604204932632942615, 0.000000000000000000, -0.000000000000000000 ) ) ;
#2292 = DIRECTION ( 'NONE',  ( 0.000000000000000000, 0.000000000000000000, -1.000000000000000000 ) ) ;
#2293 = DIRECTION ( 'NONE',  ( 0.7041420118343195700, 0.000000000000000000, -0.7100591715976330986 ) ) ;
#2294 = DIRECTION ( 'NONE',  ( -0.000000000000000000, -0.000000000000000000, -1.000000000000000000 ) ) ;
#2295 = ORIENTED_EDGE ( 'NONE', *, *, #3276, .T. ) ;
#2296 = VECTOR ( 'NONE', #2293, 999.9999999999998863 ) ;
#2297 = VERTEX_POINT ( 'NONE', #1062 ) ;
#2298 = DIRECTION ( 'NONE',  ( -1.000000000000000000, 0.000000000000000000, 0.000000000000000000 ) ) ;
#2299 = FILL_AREA_STYLE_COLOUR ( '', #2386 ) ;
#2300 = FACE_OUTER_BOUND ( 'NONE', #3137, .T. ) ;
#2301 = ORIENTED_EDGE ( 'NONE', *, *, #64, .F. ) ;
#2302 = VERTEX_POINT ( 'NONE', #1904 ) ;
#2303 = DIRECTION ( 'NONE',  ( 0.000000000000000000, 0.000000000000000000, -1.000000000000000000 ) ) ;
#2304 = ITEM_DEFINED_TRANSFORMATION ( 'NONE', 'NONE', #4137,  #1361 ) ;
#2305 = DIRECTION ( 'NONE',  ( -0.000000000000000000, -1.000000000000000000, -0.000000000000000000 ) ) ;
#2306 = ORIENTED_EDGE ( 'NONE', *, *, #719, .F. ) ;
#2307 = ORIENTED_EDGE ( 'NONE', *, *, #3358, .F. ) ;
#2308 =( LENGTH_UNIT ( ) NAMED_UNIT ( * ) SI_UNIT ( .MILLI., .METRE. ) );
#2309 = VERTEX_POINT ( 'NONE', #2273 ) ;
#2310 = CIRCLE ( 'NONE', #4997, 7.799999999999999822 ) ;
#2311 = CARTESIAN_POINT ( 'NONE',  ( -3.495795067367052145, 600.0000000000000000, 1.164549148362681752 ) ) ;
#2312 = CYLINDRICAL_SURFACE ( 'NONE', #3877, 5.000000000000004441 ) ;
#2313 = AXIS2_PLACEMENT_3D ( 'NONE', #4926, #1193, #2870 ) ;
#2314 = EDGE_CURVE ( 'NONE', #1240, #4024, #4792, .T. ) ;
#2315 = CARTESIAN_POINT ( 'NONE',  ( -5.299999999999999822, 0.000000000000000000, 0.000000000000000000 ) ) ;
#2316 = MANIFOLD_SOLID_BREP ( 'Boss-Extrude1', #4770 ) ;
#2317 = AXIS2_PLACEMENT_3D ( 'NONE', #862, #2174, #3826 ) ;
#2318 = ORIENTED_EDGE ( 'NONE', *, *, #72, .T. ) ;
#2319 = ADVANCED_FACE ( 'NONE', ( #4330 ), #5182, .T. ) ;
#2320 = PRODUCT_DEFINITION_SHAPE ( 'NONE', 'NONE',  #5391 ) ;
#2321 = CARTESIAN_POINT ( 'NONE',  ( 0.000000000000000000, 5.000000000000000000, -3.300000000000000266 ) ) ;
#2322 = CARTESIAN_POINT ( 'NONE',  ( -27.41334581156930383, -73.40416029259171182, 0.000000000000000000 ) ) ;
#2323 = CARTESIAN_POINT ( 'NONE',  ( -8.595795067367062003, 600.0000000000000000, -11.90045085163731642 ) ) ;
#2324 = ORIENTED_EDGE ( 'NONE', *, *, #4593, .T. ) ;
#2325 = ADVANCED_FACE ( 'NONE', ( #2712 ), #3070, .T. ) ;
#2326 = AXIS2_PLACEMENT_3D ( 'NONE', #2506, #1232, #2910 ) ;
#2327 = EDGE_LOOP ( 'NONE', ( #5132, #120, #4995, #1448 ) ) ;
#2328 = AXIS2_PLACEMENT_3D ( 'NONE', #2083, #2476, #3301 ) ;
#2329 = VECTOR ( 'NONE', #5302, 1000.000000000000000 ) ;
#2330 = DIRECTION ( 'NONE',  ( -0.7071067811865505703, 0.000000000000000000, 0.7071067811865444641 ) ) ;
#2331 = DIRECTION ( 'NONE',  ( -1.000000000000000000, 0.000000000000000000, 0.000000000000000000 ) ) ;
#2332 = EDGE_LOOP ( 'NONE', ( #3545, #3315 ) ) ;
#2333 = VERTEX_POINT ( 'NONE', #5150 ) ;
#2334 = DIRECTION ( 'NONE',  ( 1.000000000000000000, 0.000000000000000000, 0.000000000000000000 ) ) ;
#2335 = DIRECTION ( 'NONE',  ( 0.000000000000000000, 0.000000000000000000, -1.000000000000000000 ) ) ;
#2336 = CARTESIAN_POINT ( 'NONE',  ( 10.11334581156804369, -73.40416029259174024, 6.000000000000000000 ) ) ;
#2337 = VERTEX_POINT ( 'NONE', #926 ) ;
#2338 = EDGE_LOOP ( 'NONE', ( #675, #62, #1146, #3456, #872, #822, #4846, #2905 ) ) ;
#2339 = CYLINDRICAL_SURFACE ( 'NONE', #4077, 1.000000000000000000 ) ;
#2340 = ORIENTED_EDGE ( 'NONE', *, *, #5303, .F. ) ;
#2341 = EDGE_CURVE ( 'NONE', #1089, #3419, #4187, .T. ) ;
#2342 = CARTESIAN_POINT ( 'NONE',  ( 0.000000000000000000, 600.0000000000000000, -10.10045085163731748 ) ) ;
#2343 = DIRECTION ( 'NONE',  ( -0.000000000000000000, -0.000000000000000000, 1.000000000000000000 ) ) ;
#2344 = DIRECTION ( 'NONE',  ( -0.000000000000000000, -0.000000000000000000, -1.000000000000000000 ) ) ;
#2345 = CARTESIAN_POINT ( 'NONE',  ( 10.11334581156675405, -113.4041602925917118, 0.000000000000000000 ) ) ;
#2346 = ADVANCED_FACE ( 'NONE', ( #164 ), #1305, .T. ) ;
#2347 = CIRCLE ( 'NONE', #4335, 8.000000000000000000 ) ;
#2348 = CYLINDRICAL_SURFACE ( 'NONE', #5258, 2.649999999999999911 ) ;
#2349 = CARTESIAN_POINT ( 'NONE',  ( 0.000000000000000000, 0.000000000000000000, 0.000000000000000000 ) ) ;
#2350 = FACE_OUTER_BOUND ( 'NONE', #4614, .T. ) ;
#2351 = EDGE_CURVE ( 'NONE', #4847, #3156, #2211, .T. ) ;
#2352 = CLOSED_SHELL ( 'NONE', ( #3661, #3630, #2039, #4565, #412, #5149, #1112, #4132, #5241, #2485, #2977, #3605, #2246, #4093, #5235, #5232, #4640, #1368, #2185, #787, #3731, #154, #1628, #679, #2687, #5071 ) ) ;
#2353 = ORIENTED_EDGE ( 'NONE', *, *, #4957, .F. ) ;
#2354 = EDGE_CURVE ( 'NONE', #1683, #4953, #5329, .T. ) ;
#2355 = VECTOR ( 'NONE', #3795, 1000.000000000000000 ) ;
#2356 = DIRECTION ( 'NONE',  ( -1.000000000000000000, 0.000000000000000000, 0.000000000000000000 ) ) ;
#2357 = ORIENTED_EDGE ( 'NONE', *, *, #3507, .T. ) ;
#2358 = ORIENTED_EDGE ( 'NONE', *, *, #3240, .T. ) ;
#2359 = AXIS2_PLACEMENT_3D ( 'NONE', #4087, #5372, #1631 ) ;
#2360 = DIRECTION ( 'NONE',  ( 1.000000000000000000, 0.000000000000000000, 0.000000000000000000 ) ) ;
#2361 = CIRCLE ( 'NONE', #4956, 2.100000000000000089 ) ;
#2362 = CARTESIAN_POINT ( 'NONE',  ( 0.000000000000000000, 5.000000000000000000, 0.000000000000000000 ) ) ;
#2363 = ORIENTED_EDGE ( 'NONE', *, *, #4442, .T. ) ;
#2364 = ORIENTED_EDGE ( 'NONE', *, *, #2208, .T. ) ;
#2365 = ORIENTED_EDGE ( 'NONE', *, *, #2550, .F. ) ;
#2366 = AXIS2_PLACEMENT_3D ( 'NONE', #243, #5095, #1816 ) ;
#2367 = CARTESIAN_POINT ( 'NONE',  ( 10.11334581156675405, -113.4041602925917118, 6.000000000000000000 ) ) ;
#2368 = CARTESIAN_POINT ( 'NONE',  ( -5.100000000000000533, 9.797174393178825657E-16, -8.000000000000000000 ) ) ;
#2369 = CARTESIAN_POINT ( 'NONE',  ( 3.469204932632941496, 0.000000000000000000, 1.999549148362688156 ) ) ;
#2370 = CIRCLE ( 'NONE', #713, 6.450000000000000178 ) ;
#2371 = CARTESIAN_POINT ( 'NONE',  ( -30.11334581156930312, -113.4041602925917118, 6.000000000000000000 ) ) ;
#2372 = CYLINDRICAL_SURFACE ( 'NONE', #4751, 6.250000000000000000 ) ;
#2373 = CYLINDRICAL_SURFACE ( 'NONE', #641, 8.000000000000000000 ) ;
#2374 = DIRECTION ( 'NONE',  ( 1.000000000000000000, 0.000000000000000000, 0.000000000000000000 ) ) ;
#2375 = ORIENTED_EDGE ( 'NONE', *, *, #3003, .F. ) ;
#2376 = VERTEX_POINT ( 'NONE', #4592 ) ;
#2377 = ORIENTED_EDGE ( 'NONE', *, *, #1269, .T. ) ;
#2378 =( REPRESENTATION_RELATIONSHIP ('NONE','NONE', #3425, #4843 ) REPRESENTATION_RELATIONSHIP_WITH_TRANSFORMATION ( #3036 )SHAPE_REPRESENTATION_RELATIONSHIP( ) );
#2379 = DIRECTION ( 'NONE',  ( -0.000000000000000000, -0.000000000000000000, 1.000000000000000000 ) ) ;
#2380 = ADVANCED_FACE ( 'NONE', ( #461 ), #555, .T. ) ;
#2381 = DIRECTION ( 'NONE',  ( 0.000000000000000000, 0.000000000000000000, 1.000000000000000000 ) ) ;
#2382 = ORIENTED_EDGE ( 'NONE', *, *, #2416, .T. ) ;
#2383 = ORIENTED_EDGE ( 'NONE', *, *, #1228, .F. ) ;
#2384 = EDGE_CURVE ( 'NONE', #2302, #845, #2631, .T. ) ;
#2385 = DIRECTION ( 'NONE',  ( -0.000000000000000000, -0.000000000000000000, 1.000000000000000000 ) ) ;
#2386 = COLOUR_RGB ( '',0.7921568627450980005, 0.8196078431372548767, 0.9333333333333333481 ) ;
#2387 = CARTESIAN_POINT ( 'NONE',  ( 5.500000000000000000, 0.000000000000000000, 0.000000000000000000 ) ) ;
#2388 = ORIENTED_EDGE ( 'NONE', *, *, #2037, .F. ) ;
#2389 = ORIENTED_EDGE ( 'NONE', *, *, #4032, .F. ) ;
#2390 = CARTESIAN_POINT ( 'NONE',  ( -30.11334581156930312, -113.4041602925917118, 6.000000000000000000 ) ) ;
#2391 = DIRECTION ( 'NONE',  ( 1.000000000000000000, -0.000000000000000000, 0.000000000000000000 ) ) ;
#2392 = DIRECTION ( 'NONE',  ( -1.000000000000000000, 0.000000000000000000, -0.000000000000000000 ) ) ;
#2393 = VECTOR ( 'NONE', #1231, 999.9999999999998863 ) ;
#2394 = DIRECTION ( 'NONE',  ( -0.000000000000000000, -1.000000000000000000, -0.000000000000000000 ) ) ;
#2395 = PLANE ( 'NONE',  #2008 ) ;
#2396 = CARTESIAN_POINT ( 'NONE',  ( 3.469204932632942384, 600.0000000000000000, -5.800450851637321215 ) ) ;
#2397 = AXIS2_PLACEMENT_3D ( 'NONE', #4215, #3839, #900 ) ;
#2398 = LINE ( 'NONE', #3638, #2937 ) ;
#2399 = CARTESIAN_POINT ( 'NONE',  ( 3.708518230849593866, 0.000000000000000000, -3.677613912259180662 ) ) ;
#2400 = CYLINDRICAL_SURFACE ( 'NONE', #1088, 4.250000000000000000 ) ;
#2401 = CIRCLE ( 'NONE', #4386, 8.000000000000000000 ) ;
#2402 = DIRECTION ( 'NONE',  ( 0.000000000000000000, -1.000000000000000000, 0.000000000000000000 ) ) ;
#2403 = ORIENTED_EDGE ( 'NONE', *, *, #1284, .T. ) ;
#2404 = ORIENTED_EDGE ( 'NONE', *, *, #2600, .T. ) ;
#2405 = VERTEX_POINT ( 'NONE', #869 ) ;
#2406 = VECTOR ( 'NONE', #1462, 1000.000000000000000 ) ;
#2407 = CYLINDRICAL_SURFACE ( 'NONE', #3952, 15.00000000000002309 ) ;
#2408 = DIRECTION ( 'NONE',  ( 1.000000000000000000, 0.000000000000000000, -5.659782955878652504E-16 ) ) ;
#2409 = ORIENTED_EDGE ( 'NONE', *, *, #583, .F. ) ;
#2410 = VECTOR ( 'NONE', #4370, 1000.000000000000000 ) ;
#2411 = VERTEX_POINT ( 'NONE', #1730 ) ;
#2412 = ADVANCED_FACE ( 'NONE', ( #3364 ), #5064, .F. ) ;
#2413 = AXIS2_PLACEMENT_3D ( 'NONE', #4068, #2057, #1261 ) ;
#2414 = AXIS2_PLACEMENT_3D ( 'NONE', #2210, #3804, #2679 ) ;
#2415 = CIRCLE ( 'NONE', #3972, 5.000000000000004441 ) ;
#2416 = EDGE_CURVE ( 'NONE', #3562, #3596, #2212, .T. ) ;
#2417 = CARTESIAN_POINT ( 'NONE',  ( -2.660795067367058842, 600.0000000000000000, -10.10045085163731748 ) ) ;
#2418 = VERTEX_POINT ( 'NONE', #3458 ) ;
#2419 = ORIENTED_EDGE ( 'NONE', *, *, #4100, .F. ) ;
#2420 = VECTOR ( 'NONE', #3209, 1000.000000000000000 ) ;
#2421 = ORIENTED_EDGE ( 'NONE', *, *, #1901, .F. ) ;
#2422 = DIRECTION ( 'NONE',  ( -1.000000000000000000, 0.000000000000000000, 0.000000000000000000 ) ) ;
#2423 = ADVANCED_FACE ( 'NONE', ( #519 ), #2237, .F. ) ;
#2424 = CARTESIAN_POINT ( 'NONE',  ( -27.41334581156929673, -113.4041602925917118, 6.000000000000000000 ) ) ;
#2425 = FACE_OUTER_BOUND ( 'NONE', #1971, .T. ) ;
#2426 = CARTESIAN_POINT ( 'NONE',  ( 0.000000000000000000, 0.000000000000000000, 0.000000000000000000 ) ) ;
#2427 = EDGE_CURVE ( 'NONE', #4154, #1473, #1814, .T. ) ;
#2428 = DIRECTION ( 'NONE',  ( -0.000000000000000000, -1.000000000000000000, -0.000000000000000000 ) ) ;
#2429 = ADVANCED_FACE ( 'NONE', ( #4270 ), #3423, .T. ) ;
#2430 = CARTESIAN_POINT ( 'NONE',  ( -47.00000000000126477, -115.4041602925916834, 6.000000000000000000 ) ) ;
#2431 = LINE ( 'NONE', #1562, #1066 ) ;
#2432 = FACE_OUTER_BOUND ( 'NONE', #4057, .T. ) ;
#2433 = VERTEX_POINT ( 'NONE', #135 ) ;
#2434 = VERTEX_POINT ( 'NONE', #3888 ) ;
#2435 = ORIENTED_EDGE ( 'NONE', *, *, #1414, .T. ) ;
#2436 = VECTOR ( 'NONE', #4043, 1000.000000000000000 ) ;
#2437 = EDGE_CURVE ( 'NONE', #3373, #277, #1154, .T. ) ;
#2438 = DIRECTION ( 'NONE',  ( 0.000000000000000000, -1.000000000000000000, 0.000000000000000000 ) ) ;
#2439 = ORIENTED_EDGE ( 'NONE', *, *, #910, .T. ) ;
#2440 = ORIENTED_EDGE ( 'NONE', *, *, #2427, .T. ) ;
#2441 = CARTESIAN_POINT ( 'NONE',  ( -5.100000000000000533, 0.000000000000000000, 0.000000000000000000 ) ) ;
#2442 = DIRECTION ( 'NONE',  ( -0.000000000000000000, -0.000000000000000000, -1.000000000000000000 ) ) ;
#2443 = EDGE_LOOP ( 'NONE', ( #4906, #333, #1831, #105 ) ) ;
#2444 = AXIS2_PLACEMENT_3D ( 'NONE', #619, #205, #3517 ) ;
#2445 = ORIENTED_EDGE ( 'NONE', *, *, #4512, .T. ) ;
#2446 = FACE_BOUND ( 'NONE', #2969, .T. ) ;
#2447 = AXIS2_PLACEMENT_3D ( 'NONE', #3291, #3698, #2790 ) ;
#2448 = DIRECTION ( 'NONE',  ( 0.000000000000000000, 0.000000000000000000, -1.000000000000000000 ) ) ;
#2449 = DIRECTION ( 'NONE',  ( 0.000000000000000000, 0.000000000000000000, 1.000000000000000000 ) ) ;
#2450 =( NAMED_UNIT ( * ) PLANE_ANGLE_UNIT ( ) SI_UNIT ( $, .RADIAN. ) );
#2451 = DIRECTION ( 'NONE',  ( 0.000000000000000000, -1.000000000000000000, -3.491481338843133355E-15 ) ) ;
#2452 = DIRECTION ( 'NONE',  ( -0.000000000000000000, 1.000000000000000000, -0.000000000000000000 ) ) ;
#2453 = AXIS2_PLACEMENT_3D ( 'NONE', #331, #2872, #3189 ) ;
#2454 = PLANE ( 'NONE',  #606 ) ;
#2455 = DIRECTION ( 'NONE',  ( -0.000000000000000000, -0.000000000000000000, -1.000000000000000000 ) ) ;
#2456 = CARTESIAN_POINT ( 'NONE',  ( -2.517916185241519939E-14, 0.000000000000000000, -7.400450851637275562 ) ) ;
#2457 = CIRCLE ( 'NONE', #4264, 2.700000000000001066 ) ;
#2458 = CARTESIAN_POINT ( 'NONE',  ( 9.404204932632941549, 0.000000000000000000, -11.90045085163731642 ) ) ;
#2459 = ORIENTED_EDGE ( 'NONE', *, *, #4769, .F. ) ;
#2460 = AXIS2_PLACEMENT_3D ( 'NONE', #371, #4684, #2640 ) ;
#2461 = ORIENTED_EDGE ( 'NONE', *, *, #114, .F. ) ;
#2462 = CARTESIAN_POINT ( 'NONE',  ( 0.000000000000000000, 0.000000000000000000, 0.000000000000000000 ) ) ;
#2463 = EDGE_CURVE ( 'NONE', #612, #559, #1412, .T. ) ;
#2464 = DIRECTION ( 'NONE',  ( 0.7100591715976330986, 0.000000000000000000, -0.7041420118343195700 ) ) ;
#2465 = CARTESIAN_POINT ( 'NONE',  ( 5.500000000000000000, 0.000000000000000000, 4.049999999999999822 ) ) ;
#2466 = ORIENTED_EDGE ( 'NONE', *, *, #4162, .F. ) ;
#2467 = DIRECTION ( 'NONE',  ( 0.7071067811865441310, 0.000000000000000000, -0.7071067811865510144 ) ) ;
#2468 = ORIENTED_EDGE ( 'NONE', *, *, #2156, .T. ) ;
#2469 = CARTESIAN_POINT ( 'NONE',  ( -3.283025528180589347, 600.0000000000000000, -3.310613977997233004 ) ) ;
#2470 = EDGE_LOOP ( 'NONE', ( #1493, #907, #802, #5237 ) ) ;
#2471 = VERTEX_POINT ( 'NONE', #2656 ) ;
#2472 = VECTOR ( 'NONE', #4798, 1000.000000000000000 ) ;
#2473 = DIRECTION ( 'NONE',  ( 0.000000000000000000, 0.000000000000000000, 1.000000000000000000 ) ) ;
#2474 = VERTEX_POINT ( 'NONE', #5035 ) ;
#2475 = VECTOR ( 'NONE', #4785, 1000.000000000000000 ) ;
#2476 = DIRECTION ( 'NONE',  ( -1.000000000000000000, 0.000000000000000000, 2.334660469299946561E-15 ) ) ;
#2477 = CARTESIAN_POINT ( 'NONE',  ( 1.520234610978202561, 600.0000000000000000, -1.466641980735153838 ) ) ;
#2478 = ADVANCED_FACE ( 'NONE', ( #2544, #49 ), #4294, .T. ) ;
#2479 = PLANE ( 'NONE',  #53 ) ;
#2480 =( LENGTH_UNIT ( ) NAMED_UNIT ( * ) SI_UNIT ( .MILLI., .METRE. ) );
#2481 = DIRECTION ( 'NONE',  ( 1.000000000000000000, 0.000000000000000000, 0.000000000000000000 ) ) ;
#2482 = PLANE ( 'NONE',  #3726 ) ;
#2483 = CARTESIAN_POINT ( 'NONE',  ( -27.41334581156930383, -73.40416029259171182, 6.000000000000000000 ) ) ;
#2484 = CARTESIAN_POINT ( 'NONE',  ( 5.904204932632940661, 600.0000000000000000, 0.000000000000000000 ) ) ;
#2485 = ADVANCED_FACE ( 'NONE', ( #3559 ), #1461, .T. ) ;
#2486 = ORIENTED_EDGE ( 'NONE', *, *, #4669, .T. ) ;
#2487 = PLANE ( 'NONE',  #3621 ) ;
#2488 = ORIENTED_EDGE ( 'NONE', *, *, #3136, .T. ) ;
#2489 = ORIENTED_EDGE ( 'NONE', *, *, #4409, .T. ) ;
#2490 = DIRECTION ( 'NONE',  ( 8.673617379884035472E-17, 0.000000000000000000, 1.000000000000000000 ) ) ;
#2491 = ADVANCED_FACE ( 'NONE', ( #4353 ), #2373, .T. ) ;
#2492 = VECTOR ( 'NONE', #3710, 1000.000000000000000 ) ;
#2493 = EDGE_CURVE ( 'NONE', #3239, #2556, #3915, .T. ) ;
#2494 = CARTESIAN_POINT ( 'NONE',  ( -30.11334581156930312, -113.4041602925917118, -4.000000000000000000 ) ) ;
#2495 = ORIENTED_EDGE ( 'NONE', *, *, #398, .T. ) ;
#2496 = ORIENTED_EDGE ( 'NONE', *, *, #3007, .T. ) ;
#2497 = VECTOR ( 'NONE', #892, 1000.000000000000000 ) ;
#2498 = CARTESIAN_POINT ( 'NONE',  ( -65.00000000000129319, -48.40416029259169051, -4.000000000000000000 ) ) ;
#2499 = ORIENTED_EDGE ( 'NONE', *, *, #2191, .T. ) ;
#2500 = VERTEX_POINT ( 'NONE', #294 ) ;
#2501 = CARTESIAN_POINT ( 'NONE',  ( 5.299999999999999822, 0.000000000000000000, 0.000000000000000000 ) ) ;
#2502 = VECTOR ( 'NONE', #2103, 1000.000000000000000 ) ;
#2503 = CARTESIAN_POINT ( 'NONE',  ( -2.660795067367058842, 600.0000000000000000, 6.299549148362684647 ) ) ;
#2504 = VECTOR ( 'NONE', #106, 1000.000000000000000 ) ;
#2505 = CYLINDRICAL_SURFACE ( 'NONE', #2522, 4.250000000000000000 ) ;
#2506 = CARTESIAN_POINT ( 'NONE',  ( 5.500000000000000000, 0.000000000000000000, 0.000000000000000000 ) ) ;
#2507 = DIRECTION ( 'NONE',  ( 2.438088387897967896E-29, -6.982962677686266711E-15, -1.000000000000000000 ) ) ;
#2508 = AXIS2_PLACEMENT_3D ( 'NONE', #3585, #1509, #1974 ) ;
#2509 = CARTESIAN_POINT ( 'NONE',  ( -13.50000000000127187, -111.4776138657193201, 6.000000000000000000 ) ) ;
#2510 = CARTESIAN_POINT ( 'NONE',  ( 5.500000000000000000, 0.000000000000000000, 0.000000000000000000 ) ) ;
#2511 = CARTESIAN_POINT ( 'NONE',  ( 5.299999999999999822, 0.000000000000000000, 0.000000000000000000 ) ) ;
#2512 = DIRECTION ( 'NONE',  ( 1.000000000000000000, -0.000000000000000000, 0.000000000000000000 ) ) ;
#2513 = ORIENTED_EDGE ( 'NONE', *, *, #4414, .F. ) ;
#2514 = ORIENTED_EDGE ( 'NONE', *, *, #4903, .T. ) ;
#2515 = EDGE_CURVE ( 'NONE', #5099, #2050, #4432, .T. ) ;
#2516 = LINE ( 'NONE', #4188, #3598 ) ;
#2517 = CARTESIAN_POINT ( 'NONE',  ( -5.087621801062966576, 0.000000000000000000, 0.000000000000000000 ) ) ;
#2518 = ORIENTED_EDGE ( 'NONE', *, *, #142, .F. ) ;
#2519 = ADVANCED_FACE ( 'NONE', ( #4406 ), #3941, .T. ) ;
#2520 = EDGE_LOOP ( 'NONE', ( #1196, #3557, #3537, #2945 ) ) ;
#2521 = ADVANCED_FACE ( 'NONE', ( #215 ), #3532, .F. ) ;
#2522 = AXIS2_PLACEMENT_3D ( 'NONE', #504, #2140, #911 ) ;
#2523 = CARTESIAN_POINT ( 'NONE',  ( -6.500000000001271871, -75.33070671946410357, 6.000000000000000000 ) ) ;
#2524 = ORIENTED_EDGE ( 'NONE', *, *, #915, .F. ) ;
#2525 = ORIENTED_EDGE ( 'NONE', *, *, #2950, .F. ) ;
#2526 = VECTOR ( 'NONE', #189, 1000.000000000000000 ) ;
#2527 = PRESENTATION_STYLE_ASSIGNMENT (( #4606 ) ) ;
#2528 = DIRECTION ( 'NONE',  ( 1.000000000000000000, -1.892425610156521707E-15, 0.000000000000000000 ) ) ;
#2529 = DIRECTION ( 'NONE',  ( 1.000000000000000000, 0.000000000000000000, 0.000000000000000000 ) ) ;
#2530 = DIRECTION ( 'NONE',  ( -0.000000000000000000, 0.000000000000000000, -1.000000000000000000 ) ) ;
#2531 = PRESENTATION_LAYER_ASSIGNMENT (  '', '', ( #4861 ) ) ;
#2532 = APPLICATION_PROTOCOL_DEFINITION ( 'draft international standard', 'automotive_design', 1998, #4975 ) ;
#2533 = DIRECTION ( 'NONE',  ( 0.000000000000000000, 0.000000000000000000, 1.000000000000000000 ) ) ;
#2534 = AXIS2_PLACEMENT_3D ( 'NONE', #2362, #3928, #4011 ) ;
#2535 = LINE ( 'NONE', #4206, #824 ) ;
#2536 = DIRECTION ( 'NONE',  ( -0.000000000000000000, -1.000000000000000000, -0.000000000000000000 ) ) ;
#2537 = CARTESIAN_POINT ( 'NONE',  ( -7.795795067367044417, 600.0000000000000000, 1.950383183654221134E-14 ) ) ;
#2538 = VECTOR ( 'NONE', #3263, 1000.000000000000000 ) ;
#2539 = EDGE_LOOP ( 'NONE', ( #1514, #4334, #5231, #2840 ) ) ;
#2540 = ORIENTED_EDGE ( 'NONE', *, *, #5036, .F. ) ;
#2541 = EDGE_LOOP ( 'NONE', ( #3642, #4738, #2901, #5370 ) ) ;
#2542 = AXIS2_PLACEMENT_3D ( 'NONE', #410, #3367, #3723 ) ;
#2543 = CIRCLE ( 'NONE', #5148, 10.00000000000000178 ) ;
#2544 = FACE_BOUND ( 'NONE', #4027, .T. ) ;
#2545 = FACE_OUTER_BOUND ( 'NONE', #1574, .T. ) ;
#2546 = CARTESIAN_POINT ( 'NONE',  ( -32.00000000000127898, -115.4041602925917260, 0.000000000000000000 ) ) ;
#2547 = EDGE_LOOP ( 'NONE', ( #1762, #1018, #2250, #3512 ) ) ;
#2548 = VECTOR ( 'NONE', #1364, 1000.000000000000000 ) ;
#2549 = CARTESIAN_POINT ( 'NONE',  ( -5.299999999999999822, 0.000000000000000000, -4.250000000000000000 ) ) ;
#2550 = EDGE_CURVE ( 'NONE', #789, #1274, #5155, .T. ) ;
#2551 = ORIENTED_EDGE ( 'NONE', *, *, #4760, .T. ) ;
#2552 = CARTESIAN_POINT ( 'NONE',  ( -70.00000000000129319, -43.40416029259172603, 6.000000000000000000 ) ) ;
#2553 = CARTESIAN_POINT ( 'NONE',  ( -5.500000000000000000, 5.082284216461515156E-16, 4.049999999999999822 ) ) ;
#2554 = ORIENTED_EDGE ( 'NONE', *, *, #3540, .T. ) ;
#2555 = EDGE_CURVE ( 'NONE', #1767, #4814, #5200, .T. ) ;
#2556 = VERTEX_POINT ( 'NONE', #2705 ) ;
#2557 = CARTESIAN_POINT ( 'NONE',  ( -5.299999999999999822, 0.000000000000000000, 0.000000000000000000 ) ) ;
#2558 = LINE ( 'NONE', #2200, #3098 ) ;
#2559 =( NAMED_UNIT ( * ) SI_UNIT ( $, .STERADIAN. ) SOLID_ANGLE_UNIT ( ) );
#2560 = DIRECTION ( 'NONE',  ( 3.491481338843133355E-15, -1.000000000000000000, 6.982962677686266711E-15 ) ) ;
#2561 = VECTOR ( 'NONE', #1787, 1000.000000000000000 ) ;
#2562 = UNCERTAINTY_MEASURE_WITH_UNIT (LENGTH_MEASURE( 1.000000000000000082E-05 ), #4941, 'distance_accuracy_value', 'NONE');
#2563 = CARTESIAN_POINT ( 'NONE',  ( -3.300930889375950805, 600.0000000000000000, -3.273423131964485311 ) ) ;
#2564 = EDGE_CURVE ( 'NONE', #4687, #4949, #270, .T. ) ;
#2565 = LINE ( 'NONE', #1692, #2921 ) ;
#2566 = LINE ( 'NONE', #4319, #4218 ) ;
#2567 = CARTESIAN_POINT ( 'NONE',  ( -30.11334581156930312, -73.40416029259171182, 6.000000000000000000 ) ) ;
#2568 = EDGE_LOOP ( 'NONE', ( #1553, #5128, #565, #644 ) ) ;
#2569 = ADVANCED_BREP_SHAPE_REPRESENTATION ( '', ( #547, #1361 ), #4660 ) ;
#2570 = PLANE ( 'NONE',  #4054 ) ;
#2571 = VECTOR ( 'NONE', #4318, 1000.000000000000000 ) ;
#2572 = VERTEX_POINT ( 'NONE', #1895 ) ;
#2573 = DIRECTION ( 'NONE',  ( 1.000000000000000000, -0.000000000000000000, -0.000000000000000000 ) ) ;
#2574 = DIRECTION ( 'NONE',  ( 0.000000000000000000, 0.000000000000000000, -1.000000000000000000 ) ) ;
#2575 = PLANE ( 'NONE',  #1396 ) ;
#2576 = ORIENTED_EDGE ( 'NONE', *, *, #638, .T. ) ;
#2577 = EDGE_LOOP ( 'NONE', ( #4767, #4050, #4062, #4603 ) ) ;
#2578 = AXIS2_PLACEMENT_3D ( 'NONE', #2622, #1778, #39 ) ;
#2579 = CARTESIAN_POINT ( 'NONE',  ( -5.299999999999999822, 0.000000000000000000, 0.000000000000000000 ) ) ;
#2580 = CIRCLE ( 'NONE', #1250, 2.699999999999999289 ) ;
#2581 = DIRECTION ( 'NONE',  ( -0.000000000000000000, -1.000000000000000000, -0.000000000000000000 ) ) ;
#2582 = ORIENTED_EDGE ( 'NONE', *, *, #1407, .T. ) ;
#2583 = ORIENTED_EDGE ( 'NONE', *, *, #4271, .T. ) ;
#2584 = CARTESIAN_POINT ( 'NONE',  ( 0.000000000000000000, 0.000000000000000000, 0.000000000000000000 ) ) ;
#2585 = CIRCLE ( 'NONE', #578, 2.700000000000004619 ) ;
#2586 = FACE_BOUND ( 'NONE', #3127, .T. ) ;
#2587 = EDGE_CURVE ( 'NONE', #297, #3892, #4022, .T. ) ;
#2588 = DIRECTION ( 'NONE',  ( -1.000000000000000000, 0.000000000000000000, 0.000000000000000000 ) ) ;
#2589 = SHAPE_DEFINITION_REPRESENTATION ( #4351, #4399 ) ;
#2590 = AXIS2_PLACEMENT_3D ( 'NONE', #1583, #859, #2530 ) ;
#2591 = CARTESIAN_POINT ( 'NONE',  ( 8.604204932632947944, 0.000000000000000000, 3.591375882058598812 ) ) ;
#2592 = EDGE_CURVE ( 'NONE', #1163, #801, #3968, .T. ) ;
#2593 = CARTESIAN_POINT ( 'NONE',  ( 34.99999999999869971, -138.4041602925916834, -4.000000000000000000 ) ) ;
#2594 = EDGE_CURVE ( 'NONE', #1932, #965, #1487, .T. ) ;
#2595 = CARTESIAN_POINT ( 'NONE',  ( 5.904204932632940661, 600.0000000000000000, 6.299549148362684647 ) ) ;
#2596 = AXIS2_PLACEMENT_3D ( 'NONE', #3174, #4831, #3822 ) ;
#2597 = VECTOR ( 'NONE', #5077, 1000.000000000000000 ) ;
#2598 = DIRECTION ( 'NONE',  ( 0.000000000000000000, 0.000000000000000000, 1.000000000000000000 ) ) ;
#2599 = CIRCLE ( 'NONE', #932, 2.700000000000000178 ) ;
#2600 = EDGE_CURVE ( 'NONE', #435, #1767, #4886, .T. ) ;
#2601 = ORIENTED_EDGE ( 'NONE', *, *, #3666, .T. ) ;
#2602 = CARTESIAN_POINT ( 'NONE',  ( 11.99999999999872813, -71.40416029259172603, 0.000000000000000000 ) ) ;
#2603 = EDGE_LOOP ( 'NONE', ( #3912, #1084, #4713, #1113 ) ) ;
#2604 = PLANE ( 'NONE',  #3014 ) ;
#2605 = DIRECTION ( 'NONE',  ( -1.000000000000000000, 0.000000000000000000, 0.000000000000000000 ) ) ;
#2606 = LINE ( 'NONE', #1733, #1312 ) ;
#2607 = ORIENTED_EDGE ( 'NONE', *, *, #2658, .T. ) ;
#2608 = VERTEX_POINT ( 'NONE', #2266 ) ;
#2609 = VERTEX_POINT ( 'NONE', #1843 ) ;
#2610 = ADVANCED_FACE ( 'NONE', ( #1080 ), #3504, .T. ) ;
#2611 = DIRECTION ( 'NONE',  ( 0.000000000000000000, 0.000000000000000000, -1.000000000000000000 ) ) ;
#2612 = DIRECTION ( 'NONE',  ( 0.6955157936494219539, 0.000000000000000000, -0.7185108077017454686 ) ) ;
#2613 = ORIENTED_EDGE ( 'NONE', *, *, #4333, .F. ) ;
#2614 = VERTEX_POINT ( 'NONE', #1925 ) ;
#2615 = DIRECTION ( 'NONE',  ( 0.000000000000000000, 1.000000000000000000, -0.000000000000000000 ) ) ;
#2616 = PLANE ( 'NONE',  #1177 ) ;
#2617 = CONTEXT_DEPENDENT_SHAPE_REPRESENTATION ( #602, #1431 ) ;
#2618 = AXIS2_PLACEMENT_3D ( 'NONE', #3582, #3635, #4403 ) ;
#2619 = FILL_AREA_STYLE ('',( #4368 ) ) ;
#2620 = EDGE_CURVE ( 'NONE', #4853, #801, #3324, .T. ) ;
#2621 = AXIS2_PLACEMENT_3D ( 'NONE', #4287, #1453, #3473 ) ;
#2622 = CARTESIAN_POINT ( 'NONE',  ( 9.404204932632941549, 600.0000000000000000, -10.90045085163731464 ) ) ;
#2623 = DIRECTION ( 'NONE',  ( -1.000000000000000000, 0.000000000000000000, 0.000000000000000000 ) ) ;
#2624 = DIRECTION ( 'NONE',  ( -0.000000000000000000, 1.000000000000000000, -0.000000000000000000 ) ) ;
#2625 = ORIENTED_EDGE ( 'NONE', *, *, #4297, .T. ) ;
#2626 = CARTESIAN_POINT ( 'NONE',  ( -9.595795067367058451, 600.0000000000000000, 7.099549148362684470 ) ) ;
#2627 = AXIS2_PLACEMENT_3D ( 'NONE', #2336, #3902, #4313 ) ;
#2628 = DIRECTION ( 'NONE',  ( 0.000000000000000000, 0.000000000000000000, -1.000000000000000000 ) ) ;
#2629 = ADVANCED_FACE ( 'NONE', ( #4838 ), #3415, .F. ) ;
#2630 = CARTESIAN_POINT ( 'NONE',  ( -5.500000000000000000, 3.306546357697853733E-16, -2.700000000000000178 ) ) ;
#2631 = LINE ( 'NONE', #3805, #2735 ) ;
#2632 = CIRCLE ( 'NONE', #4261, 4.049999999999999822 ) ;
#2633 = DIRECTION ( 'NONE',  ( 1.000000000000000000, 0.000000000000000000, 0.000000000000000000 ) ) ;
#2634 = ORIENTED_EDGE ( 'NONE', *, *, #4806, .T. ) ;
#2635 = VERTEX_POINT ( 'NONE', #3208 ) ;
#2636 = CIRCLE ( 'NONE', #2971, 2.700000000000004619 ) ;
#2637 = VERTEX_POINT ( 'NONE', #4946 ) ;
#2638 = CARTESIAN_POINT ( 'NONE',  ( -5.087621801062966576, 600.0000000000000000, 4.515054666323120358 ) ) ;
#2639 = VECTOR ( 'NONE', #4832, 1000.000000000000000 ) ;
#2640 = DIRECTION ( 'NONE',  ( 0.000000000000000000, -0.000000000000000000, -1.000000000000000000 ) ) ;
#2641 = CARTESIAN_POINT ( 'NONE',  ( 10.11334581156675405, -113.4041602925917118, 0.000000000000000000 ) ) ;
#2642 = ORIENTED_EDGE ( 'NONE', *, *, #4006, .T. ) ;
#2643 = ORIENTED_EDGE ( 'NONE', *, *, #4859, .T. ) ;
#2644 = LINE ( 'NONE', #5210, #2242 ) ;
#2645 = DIRECTION ( 'NONE',  ( -1.000000000000000000, 0.000000000000000000, 0.000000000000000000 ) ) ;
#2646 = FACE_BOUND ( 'NONE', #1035, .T. ) ;
#2647 = PLANE ( 'NONE',  #3558 ) ;
#2648 = FACE_OUTER_BOUND ( 'NONE', #469, .T. ) ;
#2649 = DIRECTION ( 'NONE',  ( 0.000000000000000000, 0.000000000000000000, -1.000000000000000000 ) ) ;
#2650 = EDGE_CURVE ( 'NONE', #1473, #260, #2431, .T. ) ;
#2651 = CARTESIAN_POINT ( 'NONE',  ( 0.000000000000000000, 5.000000000000000000, 0.000000000000000000 ) ) ;
#2652 = LINE ( 'NONE', #3860, #2526 ) ;
#2653 = VECTOR ( 'NONE', #1801, 1000.000000000000000 ) ;
#2654 = LINE ( 'NONE', #572, #3445 ) ;
#2655 = AXIS2_PLACEMENT_3D ( 'NONE', #601, #3154, #4812 ) ;
#2656 = CARTESIAN_POINT ( 'NONE',  ( -5.299999999999999822, 7.654042494670957606E-16, 6.250000000000000000 ) ) ;
#2657 = LINE ( 'NONE', #3889, #4042 ) ;
#2658 = EDGE_CURVE ( 'NONE', #3672, #2014, #22, .T. ) ;
#2659 = DIRECTION ( 'NONE',  ( 0.000000000000000000, 0.000000000000000000, -1.000000000000000000 ) ) ;
#2660 = ORIENTED_EDGE ( 'NONE', *, *, #740, .F. ) ;
#2661 = ORIENTED_EDGE ( 'NONE', *, *, #1103, .F. ) ;
#2662 = EDGE_CURVE ( 'NONE', #3000, #20, #2310, .T. ) ;
#2663 = ADVANCED_FACE ( 'NONE', ( #324 ), #1616, .F. ) ;
#2664 = CARTESIAN_POINT ( 'NONE',  ( 0.000000000000000000, 600.0000000000000000, 0.000000000000000000 ) ) ;
#2665 = CARTESIAN_POINT ( 'NONE',  ( 44.99999999999869971, -148.4041602925916834, -4.000000000000000000 ) ) ;
#2666 = CARTESIAN_POINT ( 'NONE',  ( 8.604204932632942615, 600.0000000000000000, 0.000000000000000000 ) ) ;
#2667 = VERTEX_POINT ( 'NONE', #3639 ) ;
#2668 = EDGE_CURVE ( 'NONE', #788, #3410, #5301, .T. ) ;
#2669 = ORIENTED_EDGE ( 'NONE', *, *, #516, .T. ) ;
#2670 =( REPRESENTATION_RELATIONSHIP ('NONE','NONE', #3425, #7 ) REPRESENTATION_RELATIONSHIP_WITH_TRANSFORMATION ( #4283 )SHAPE_REPRESENTATION_RELATIONSHIP( ) );
#2671 = CARTESIAN_POINT ( 'NONE',  ( -6.011300585327465029, 600.0000000000000000, -7.400450851637269345 ) ) ;
#2672 = FACE_OUTER_BOUND ( 'NONE', #1301, .T. ) ;
#2673 = PRODUCT_DEFINITION_SHAPE ( 'NONE', 'NONE',  #5380 ) ;
#2674 = DIRECTION ( 'NONE',  ( 0.000000000000000000, 0.000000000000000000, 1.000000000000000000 ) ) ;
#2675 = AXIS2_PLACEMENT_3D ( 'NONE', #5224, #3124, #4840 ) ;
#2676 = CARTESIAN_POINT ( 'NONE',  ( 11.99999999999872458, -56.40416029259169761, 6.000000000000000000 ) ) ;
#2677 = DIRECTION ( 'NONE',  ( -0.000000000000000000, -1.000000000000000000, -0.000000000000000000 ) ) ;
#2678 = CARTESIAN_POINT ( 'NONE',  ( 3.245314017740485962E-16, 0.000000000000000000, 2.649999999999999911 ) ) ;
#2679 = DIRECTION ( 'NONE',  ( -1.000000000000000000, 0.000000000000000000, 0.000000000000000000 ) ) ;
#2680 = VECTOR ( 'NONE', #505, 1000.000000000000000 ) ;
#2681 = CARTESIAN_POINT ( 'NONE',  ( -2.660795067367058842, 600.0000000000000000, 1.999549148362684825 ) ) ;
#2682 = STYLED_ITEM ( 'NONE', ( #939 ), #4099 ) ;
#2683 = DIRECTION ( 'NONE',  ( 0.000000000000000000, 0.000000000000000000, 1.000000000000000000 ) ) ;
#2684 = VECTOR ( 'NONE', #3022, 1000.000000000000000 ) ;
#2685 = ORIENTED_EDGE ( 'NONE', *, *, #3412, .T. ) ;
#2686 = EDGE_CURVE ( 'NONE', #1578, #1274, #4885, .T. ) ;
#2687 = ADVANCED_FACE ( 'NONE', ( #4148 ), #3665, .T. ) ;
#2688 = CARTESIAN_POINT ( 'NONE',  ( -30.11334581156930312, -113.4041602925917118, 6.000000000000000000 ) ) ;
#2689 = DIRECTION ( 'NONE',  ( -0.7100591715976330986, 0.000000000000000000, -0.7041420118343195700 ) ) ;
#2690 = ORIENTED_EDGE ( 'NONE', *, *, #4512, .F. ) ;
#2691 = ORIENTED_EDGE ( 'NONE', *, *, #3040, .F. ) ;
#2692 = EDGE_CURVE ( 'NONE', #3005, #2434, #1159, .T. ) ;
#2693 = CARTESIAN_POINT ( 'NONE',  ( -70.00000000000129319, -43.40416029259172603, 6.000000000000000000 ) ) ;
#2694 = ITEM_DEFINED_TRANSFORMATION ( 'NONE', 'NONE', #2148,  #1361 ) ;
#2695 = PLANE ( 'NONE',  #1909 ) ;
#2696 = EDGE_LOOP ( 'NONE', ( #2357, #4367, #3858, #4438 ) ) ;
#2697 = CIRCLE ( 'NONE', #1545, 8.000000000000000000 ) ;
#2698 = CARTESIAN_POINT ( 'NONE',  ( -32.00000000000127898, -115.4041602925917260, 6.000000000000000000 ) ) ;
#2699 = DIRECTION ( 'NONE',  ( -1.000000000000000000, 0.000000000000000000, 0.000000000000000000 ) ) ;
#2700 = FACE_OUTER_BOUND ( 'NONE', #2443, .T. ) ;
#2701 = ORIENTED_EDGE ( 'NONE', *, *, #3738, .T. ) ;
#2702 = AXIS2_PLACEMENT_3D ( 'NONE', #2171, #4561, #4944 ) ;
#2703 = FACE_OUTER_BOUND ( 'NONE', #2061, .T. ) ;
#2704 = FACE_OUTER_BOUND ( 'NONE', #488, .T. ) ;
#2705 = CARTESIAN_POINT ( 'NONE',  ( 44.99999999999869971, -138.4041602925916834, -4.000000000000000000 ) ) ;
#2706 = VECTOR ( 'NONE', #3576, 1000.000000000000000 ) ;
#2707 = CARTESIAN_POINT ( 'NONE',  ( 44.99999999999869971, -48.40416029259169051, -14.00000000000000000 ) ) ;
#2708 = ORIENTED_EDGE ( 'NONE', *, *, #979, .F. ) ;
#2709 = ORIENTED_EDGE ( 'NONE', *, *, #2077, .F. ) ;
#2710 = VECTOR ( 'NONE', #1602, 1000.000000000000000 ) ;
#2711 = PRODUCT_DEFINITION_SHAPE ( 'NONE', 'NONE',  #5386 ) ;
#2712 = FACE_OUTER_BOUND ( 'NONE', #358, .T. ) ;
#2713 = EDGE_CURVE ( 'NONE', #5061, #827, #4543, .T. ) ;
#2714 = FACE_OUTER_BOUND ( 'NONE', #354, .T. ) ;
#2715 = ORIENTED_EDGE ( 'NONE', *, *, #3767, .T. ) ;
#2716 = VERTEX_POINT ( 'NONE', #5328 ) ;
#2717 = AXIS2_PLACEMENT_3D ( 'NONE', #3285, #41, #2942 ) ;
#2718 = CARTESIAN_POINT ( 'NONE',  ( -10.00000000000127187, -111.4776138657193201, 0.000000000000000000 ) ) ;
#2719 = CONTEXT_DEPENDENT_SHAPE_REPRESENTATION ( #3966, #5139 ) ;
#2720 = EDGE_CURVE ( 'NONE', #794, #2333, #1587, .T. ) ;
#2721 = FACE_OUTER_BOUND ( 'NONE', #5087, .T. ) ;
#2722 = ORIENTED_EDGE ( 'NONE', *, *, #1601, .T. ) ;
#2723 = ORIENTED_EDGE ( 'NONE', *, *, #302, .T. ) ;
#2724 = CIRCLE ( 'NONE', #973, 2.700000000000004619 ) ;
#2725 = DIRECTION ( 'NONE',  ( 1.000000000000000000, 0.000000000000000000, 0.000000000000000000 ) ) ;
#2726 = DIRECTION ( 'NONE',  ( 0.000000000000000000, 0.000000000000000000, 1.000000000000000000 ) ) ;
#2727 = FACE_OUTER_BOUND ( 'NONE', #3465, .T. ) ;
#2728 = EDGE_CURVE ( 'NONE', #3248, #1064, #3257, .T. ) ;
#2729 = CARTESIAN_POINT ( 'NONE',  ( 3.469204932632941496, 600.0000000000000000, -10.10045085163731748 ) ) ;
#2730 = EDGE_CURVE ( 'NONE', #3005, #2015, #4862, .T. ) ;
#2731 = CARTESIAN_POINT ( 'NONE',  ( 5.500000000000000000, 0.000000000000000000, 0.000000000000000000 ) ) ;
#2732 = DIRECTION ( 'NONE',  ( -0.7196783484660250751, 0.000000000000000000, -0.6943076225630930853 ) ) ;
#2733 = FACE_OUTER_BOUND ( 'NONE', #2568, .T. ) ;
#2734 = DIRECTION ( 'NONE',  ( 1.000000000000000000, 0.000000000000000000, -0.000000000000000000 ) ) ;
#2735 = VECTOR ( 'NONE', #78, 1000.000000000000000 ) ;
#2736 = VERTEX_POINT ( 'NONE', #1187 ) ;
#2737 = DIRECTION ( 'NONE',  ( 0.000000000000000000, 0.000000000000000000, 1.000000000000000000 ) ) ;
#2738 = CARTESIAN_POINT ( 'NONE',  ( 0.7903489696169425649, 600.0000000000000000, -0.8164793405280369454 ) ) ;
#2739 = LINE ( 'NONE', #1444, #1131 ) ;
#2740 = ORIENTED_EDGE ( 'NONE', *, *, #449, .T. ) ;
#2741 = VERTEX_POINT ( 'NONE', #2862 ) ;
#2742 = AXIS2_PLACEMENT_3D ( 'NONE', #4829, #4939, #2830 ) ;
#2743 = DIRECTION ( 'NONE',  ( 1.000000000000000000, 0.000000000000000000, 0.000000000000000000 ) ) ;
#2744 = CYLINDRICAL_SURFACE ( 'NONE', #812, 1.000000000000000000 ) ;
#2745 = CYLINDRICAL_SURFACE ( 'NONE', #1474, 2.700000000000001066 ) ;
#2746 = VERTEX_POINT ( 'NONE', #2809 ) ;
#2747 = EDGE_CURVE ( 'NONE', #2746, #5069, #4562, .T. ) ;
#2748 = ORIENTED_EDGE ( 'NONE', *, *, #4869, .T. ) ;
#2749 = EDGE_CURVE ( 'NONE', #4682, #2920, #5275, .T. ) ;
#2750 = CARTESIAN_POINT ( 'NONE',  ( -5.087621801062966576, 600.0000000000000000, 0.000000000000000000 ) ) ;
#2751 = FACE_OUTER_BOUND ( 'NONE', #2042, .T. ) ;
#2752 = CARTESIAN_POINT ( 'NONE',  ( -5.500000000000000000, 0.000000000000000000, 0.000000000000000000 ) ) ;
#2753 = EDGE_CURVE ( 'NONE', #4553, #2944, #813, .T. ) ;
#2754 = AXIS2_PLACEMENT_3D ( 'NONE', #2146, #3796, #509 ) ;
#2755 = CARTESIAN_POINT ( 'NONE',  ( -6.500000000001271871, -115.4776138657193201, 6.000000000000000000 ) ) ;
#2756 = EDGE_CURVE ( 'NONE', #4851, #1465, #2401, .T. ) ;
#2757 = FACE_OUTER_BOUND ( 'NONE', #1916, .T. ) ;
#2758 = DIRECTION ( 'NONE',  ( -1.000000000000000000, 0.000000000000000000, 0.000000000000000000 ) ) ;
#2759 = LINE ( 'NONE', #1488, #2329 ) ;
#2760 = CIRCLE ( 'NONE', #1172, 9.875000000000000000 ) ;
#2761 = EDGE_CURVE ( 'NONE', #4184, #1413, #1681, .T. ) ;
#2762 = ORIENTED_EDGE ( 'NONE', *, *, #4763, .F. ) ;
#2763 = ORIENTED_EDGE ( 'NONE', *, *, #4409, .F. ) ;
#2764 = CIRCLE ( 'NONE', #2931, 5.000000000000004441 ) ;
#2765 = ORIENTED_EDGE ( 'NONE', *, *, #5043, .T. ) ;
#2766 = CARTESIAN_POINT ( 'NONE',  ( 3.708518230849593866, 600.0000000000000000, -3.677613912259180662 ) ) ;
#2767 = AXIS2_PLACEMENT_3D ( 'NONE', #2115, #5053, #1233 ) ;
#2768 = CIRCLE ( 'NONE', #407, 2.649999999999999911 ) ;
#2769 = FACE_OUTER_BOUND ( 'NONE', #4395, .T. ) ;
#2770 = ORIENTED_EDGE ( 'NONE', *, *, #3535, .F. ) ;
#2771 = VERTEX_POINT ( 'NONE', #4696 ) ;
#2772 = DIRECTION ( 'NONE',  ( 1.000000000000000000, 0.000000000000000000, 0.000000000000000000 ) ) ;
#2773 = EDGE_LOOP ( 'NONE', ( #3779, #329 ) ) ;
#2774 = VERTEX_POINT ( 'NONE', #3766 ) ;
#2775 = DIRECTION ( 'NONE',  ( 0.7071067811865460184, 8.659560562354951347E-17, 0.7071067811865489050 ) ) ;
#2776 = ORIENTED_EDGE ( 'NONE', *, *, #3210, .F. ) ;
#2777 = CYLINDRICAL_SURFACE ( 'NONE', #1333, 2.700000000000004619 ) ;
#2778 = DIRECTION ( 'NONE',  ( 1.000000000000000000, 0.000000000000000000, 0.000000000000000000 ) ) ;
#2779 = CARTESIAN_POINT ( 'NONE',  ( -5.299999999999999822, 0.000000000000000000, -2.500000000000000000 ) ) ;
#2780 = DIRECTION ( 'NONE',  ( 1.000000000000000000, 0.000000000000000000, 0.000000000000000000 ) ) ;
#2781 = DIRECTION ( 'NONE',  ( 0.000000000000000000, 0.000000000000000000, 1.000000000000000000 ) ) ;
#2782 = CARTESIAN_POINT ( 'NONE',  ( 0.000000000000000000, 0.000000000000000000, 0.000000000000000000 ) ) ;
#2783 = EDGE_CURVE ( 'NONE', #3847, #2771, #68, .T. ) ;
#2784 = DIRECTION ( 'NONE',  ( 0.000000000000000000, -0.000000000000000000, 1.000000000000000000 ) ) ;
#2785 = EDGE_CURVE ( 'NONE', #1151, #3721, #3389, .T. ) ;
#2786 = ORIENTED_EDGE ( 'NONE', *, *, #1093, .T. ) ;
#2787 = ORIENTED_EDGE ( 'NONE', *, *, #3308, .T. ) ;
#2788 = AXIS2_PLACEMENT_3D ( 'NONE', #1636, #4541, #2533 ) ;
#2789 = EDGE_CURVE ( 'NONE', #3577, #4605, #126, .T. ) ;
#2790 = DIRECTION ( 'NONE',  ( -1.000000000000000000, 0.000000000000000000, 0.000000000000000000 ) ) ;
#2791 = EDGE_LOOP ( 'NONE', ( #2495, #3769, #1419, #3106 ) ) ;
#2792 = AXIS2_PLACEMENT_3D ( 'NONE', #4959, #1962, #2048 ) ;
#2793 = CARTESIAN_POINT ( 'NONE',  ( 7.413345811566749433, -113.4041602925917118, 0.000000000000000000 ) ) ;
#2794 = CIRCLE ( 'NONE', #5049, 4.250000000000000000 ) ;
#2795 = DIRECTION ( 'NONE',  ( 2.137236315371885467E-15, 0.000000000000000000, 1.000000000000000000 ) ) ;
#2796 = ORIENTED_EDGE ( 'NONE', *, *, #4931, .F. ) ;
#2797 = ORIENTED_EDGE ( 'NONE', *, *, #647, .F. ) ;
#2798 = DIRECTION ( 'NONE',  ( -0.7071067811865520136, 8.659560562354878624E-17, -0.7071067811865431318 ) ) ;
#2799 = VERTEX_POINT ( 'NONE', #3741 ) ;
#2800 = VECTOR ( 'NONE', #3338, 1000.000000000000000 ) ;
#2801 = DIRECTION ( 'NONE',  ( 0.000000000000000000, 0.000000000000000000, -1.000000000000000000 ) ) ;
#2802 = DIRECTION ( 'NONE',  ( 0.000000000000000000, 1.000000000000000000, -0.000000000000000000 ) ) ;
#2803 = DIRECTION ( 'NONE',  ( -0.000000000000000000, -0.000000000000000000, 1.000000000000000000 ) ) ;
#2804 = FACE_OUTER_BOUND ( 'NONE', #752, .T. ) ;
#2805 = VECTOR ( 'NONE', #1780, 1000.000000000000000 ) ;
#2806 = CARTESIAN_POINT ( 'NONE',  ( 7.413345811568043509, -73.40416029259174024, 6.000000000000000000 ) ) ;
#2807 = ADVANCED_FACE ( 'NONE', ( #3854 ), #4998, .T. ) ;
#2808 = DIRECTION ( 'NONE',  ( -1.000000000000000000, 0.000000000000000000, 0.000000000000000000 ) ) ;
#2809 = CARTESIAN_POINT ( 'NONE',  ( -32.81334581156931307, -113.4041602925917118, 6.000000000000000000 ) ) ;
#2810 = CARTESIAN_POINT ( 'NONE',  ( 0.000000000000000000, 0.000000000000000000, 0.000000000000000000 ) ) ;
#2811 = DIRECTION ( 'NONE',  ( -0.7041420118343195700, 0.000000000000000000, -0.7100591715976332097 ) ) ;
#2812 = ORIENTED_EDGE ( 'NONE', *, *, #5277, .F. ) ;
#2813 = EDGE_LOOP ( 'NONE', ( #4085, #3724, #4590, #1696 ) ) ;
#2814 = ORIENTED_EDGE ( 'NONE', *, *, #1075, .T. ) ;
#2815 = ORIENTED_EDGE ( 'NONE', *, *, #4570, .T. ) ;
#2816 = EDGE_CURVE ( 'NONE', #1099, #827, #217, .T. ) ;
#2817 = DIRECTION ( 'NONE',  ( -1.000000000000000000, 0.000000000000000000, 0.000000000000000000 ) ) ;
#2818 = STYLED_ITEM ( 'NONE', ( #1822 ), #2316 ) ;
#2819 = LINE ( 'NONE', #1931, #1735 ) ;
#2820 = ORIENTED_EDGE ( 'NONE', *, *, #1842, .F. ) ;
#2821 = EDGE_CURVE ( 'NONE', #5306, #244, #3514, .T. ) ;
#2822 = ORIENTED_EDGE ( 'NONE', *, *, #3970, .T. ) ;
#2823 = ADVANCED_FACE ( 'NONE', ( #100, #16 ), #5084, .T. ) ;
#2824 = CARTESIAN_POINT ( 'NONE',  ( 10.11334581156804369, -73.40416029259174024, 6.000000000000000000 ) ) ;
#2825 = ORIENTED_EDGE ( 'NONE', *, *, #3727, .F. ) ;
#2826 = EDGE_LOOP ( 'NONE', ( #2828, #3872, #2353, #4766 ) ) ;
#2827 = PRESENTATION_STYLE_ASSIGNMENT (( #3147 ) ) ;
#2828 = ORIENTED_EDGE ( 'NONE', *, *, #2761, .F. ) ;
#2829 = CARTESIAN_POINT ( 'NONE',  ( 0.000000000000000000, 0.000000000000000000, -4.000000000000000000 ) ) ;
#2830 = DIRECTION ( 'NONE',  ( -1.000000000000000000, 0.000000000000000000, 0.000000000000000000 ) ) ;
#2831 = DIRECTION ( 'NONE',  ( 0.7071067811865460184, 8.659560562354951347E-17, 0.7071067811865489050 ) ) ;
#2832 = CARTESIAN_POINT ( 'NONE',  ( -32.81334581156930597, -73.40416029259171182, 6.000000000000000000 ) ) ;
#2833 = UNCERTAINTY_MEASURE_WITH_UNIT (LENGTH_MEASURE( 1.000000000000000082E-05 ), #2308, 'distance_accuracy_value', 'NONE');
#2834 = DIRECTION ( 'NONE',  ( 0.000000000000000000, 0.000000000000000000, 1.000000000000000000 ) ) ;
#2835 = CIRCLE ( 'NONE', #1592, 10.00000000000000178 ) ;
#2836 = DIRECTION ( 'NONE',  ( 1.000000000000000000, 0.000000000000000000, 0.000000000000000000 ) ) ;
#2837 = EDGE_CURVE ( 'NONE', #3658, #2869, #2565, .T. ) ;
#2838 = DIRECTION ( 'NONE',  ( -1.000000000000000000, 0.000000000000000000, 0.000000000000000000 ) ) ;
#2839 = CONICAL_SURFACE ( 'NONE', #5176, 8.000000000000000000, 0.7853981633974574939 ) ;
#2840 = ORIENTED_EDGE ( 'NONE', *, *, #2384, .F. ) ;
#2841 = VERTEX_POINT ( 'NONE', #4643 ) ;
#2842 = AXIS2_PLACEMENT_3D ( 'NONE', #314, #4426, #1890 ) ;
#2843 = CARTESIAN_POINT ( 'NONE',  ( -13.50000000000127187, -115.4776138657193201, 0.000000000000000000 ) ) ;
#2844 = CARTESIAN_POINT ( 'NONE',  ( 12.81334581156804298, -73.40416029259174024, 0.000000000000000000 ) ) ;
#2845 = EDGE_LOOP ( 'NONE', ( #3314, #3244 ) ) ;
#2846 = VECTOR ( 'NONE', #4940, 1000.000000000000000 ) ;
#2847 = ORIENTED_EDGE ( 'NONE', *, *, #3608, .F. ) ;
#2848 = SURFACE_STYLE_USAGE ( .BOTH. , #1090 ) ;
#2849 = VECTOR ( 'NONE', #2528, 1000.000000000000000 ) ;
#2850 = EDGE_CURVE ( 'NONE', #3815, #1494, #4208, .T. ) ;
#2851 = LINE ( 'NONE', #1938, #4349 ) ;
#2852 = EDGE_LOOP ( 'NONE', ( #714, #200, #21, #4907 ) ) ;
#2853 = EDGE_CURVE ( 'NONE', #2841, #4517, #5026, .T. ) ;
#2854 = EDGE_LOOP ( 'NONE', ( #1726, #2152 ) ) ;
#2855 = PRODUCT_DEFINITION_FORMATION_WITH_SPECIFIED_SOURCE ( 'ANY', '', #3868, .NOT_KNOWN. ) ;
#2856 = FACE_OUTER_BOUND ( 'NONE', #4516, .T. ) ;
#2857 = LINE ( 'NONE', #4425, #1516 ) ;
#2858 = LINE ( 'NONE', #807, #925 ) ;
#2859 = DIRECTION ( 'NONE',  ( -1.000000000000000000, 2.438088387897967896E-29, -6.982962677686266711E-15 ) ) ;
#2860 = DIRECTION ( 'NONE',  ( 1.000000000000000000, 0.000000000000000000, 0.000000000000000000 ) ) ;
#2861 = CARTESIAN_POINT ( 'NONE',  ( 12.81334581156675867, -113.4041602925917118, 6.000000000000000000 ) ) ;
#2862 = CARTESIAN_POINT ( 'NONE',  ( -13.50000000000127187, -111.4776138657193201, 0.000000000000000000 ) ) ;
#2863 = DIRECTION ( 'NONE',  ( -1.000000000000000000, 0.000000000000000000, 0.000000000000000000 ) ) ;
#2864 = CARTESIAN_POINT ( 'NONE',  ( -3.283025528180589347, 600.0000000000000000, -3.310613977997233004 ) ) ;
#2865 = ORIENTED_EDGE ( 'NONE', *, *, #1490, .F. ) ;
#2866 = VERTEX_POINT ( 'NONE', #1298 ) ;
#2867 = FACE_OUTER_BOUND ( 'NONE', #544, .T. ) ;
#2868 = AXIS2_PLACEMENT_3D ( 'NONE', #367, #1582, #1943 ) ;
#2869 = VERTEX_POINT ( 'NONE', #1321 ) ;
#2870 = DIRECTION ( 'NONE',  ( -1.000000000000000000, 0.000000000000000000, 0.000000000000000000 ) ) ;
#2871 = AXIS2_PLACEMENT_3D ( 'NONE', #2371, #5298, #4860 ) ;
#2872 = DIRECTION ( 'NONE',  ( 0.6943076225630984144, -0.000000000000000000, 0.7196783484660199681 ) ) ;
#2873 = ORIENTED_EDGE ( 'NONE', *, *, #4338, .F. ) ;
#2874 = VERTEX_POINT ( 'NONE', #3042 ) ;
#2875 = EDGE_CURVE ( 'NONE', #441, #5009, #4233, .T. ) ;
#2876 = VECTOR ( 'NONE', #861, 999.9999999999998863 ) ;
#2877 = DIRECTION ( 'NONE',  ( -0.000000000000000000, 0.000000000000000000, 1.000000000000000000 ) ) ;
#2878 = VERTEX_POINT ( 'NONE', #1264 ) ;
#2879 = VECTOR ( 'NONE', #1017, 1000.000000000000000 ) ;
#2880 = ORIENTED_EDGE ( 'NONE', *, *, #2175, .T. ) ;
#2881 = LINE ( 'NONE', #444, #1041 ) ;
#2882 = ORIENTED_EDGE ( 'NONE', *, *, #884, .T. ) ;
#2883 = LINE ( 'NONE', #3712, #4315 ) ;
#2884 = CIRCLE ( 'NONE', #3916, 4.049999999999999822 ) ;
#2885 = DIRECTION ( 'NONE',  ( 0.000000000000000000, 0.000000000000000000, -1.000000000000000000 ) ) ;
#2886 = EDGE_CURVE ( 'NONE', #149, #3575, #2535, .T. ) ;
#2887 = CARTESIAN_POINT ( 'NONE',  ( 5.299999999999999822, 0.000000000000000000, 0.000000000000000000 ) ) ;
#2888 = DIRECTION ( 'NONE',  ( 1.000000000000000000, 0.000000000000000000, 0.000000000000000000 ) ) ;
#2889 = VECTOR ( 'NONE', #2633, 1000.000000000000000 ) ;
#2890 = DIRECTION ( 'NONE',  ( 0.000000000000000000, 0.000000000000000000, 1.000000000000000000 ) ) ;
#2891 = DIRECTION ( 'NONE',  ( -0.000000000000000000, -1.000000000000000000, -0.000000000000000000 ) ) ;
#2892 = ADVANCED_FACE ( 'NONE', ( #4289 ), #2839, .T. ) ;
#2893 = DIRECTION ( 'NONE',  ( 0.000000000000000000, 0.000000000000000000, -1.000000000000000000 ) ) ;
#2894 = AXIS2_PLACEMENT_3D ( 'NONE', #1104, #2428, #4483 ) ;
#2895 = EDGE_CURVE ( 'NONE', #2556, #1240, #2835, .T. ) ;
#2896 = ORIENTED_EDGE ( 'NONE', *, *, #1469, .F. ) ;
#2897 = ORIENTED_EDGE ( 'NONE', *, *, #809, .T. ) ;
#2898 = CARTESIAN_POINT ( 'NONE',  ( 10.40420493263294155, 0.000000000000000000, -9.024209272756028056E-16 ) ) ;
#2899 = FACE_OUTER_BOUND ( 'NONE', #4567, .T. ) ;
#2900 = ORIENTED_EDGE ( 'NONE', *, *, #666, .T. ) ;
#2901 = ORIENTED_EDGE ( 'NONE', *, *, #2082, .T. ) ;
#2902 = ADVANCED_FACE ( 'NONE', ( #2648 ), #976, .F. ) ;
#2903 = DIRECTION ( 'NONE',  ( 0.000000000000000000, 1.000000000000000000, 0.000000000000000000 ) ) ;
#2904 = ORIENTED_EDGE ( 'NONE', *, *, #2816, .F. ) ;
#2905 = ORIENTED_EDGE ( 'NONE', *, *, #977, .T. ) ;
#2906 = DIRECTION ( 'NONE',  ( 0.7196783484660250751, 0.000000000000000000, 0.6943076225630930853 ) ) ;
#2907 = AXIS2_PLACEMENT_3D ( 'NONE', #3483, #1703, #192 ) ;
#2908 = CARTESIAN_POINT ( 'NONE',  ( -32.00000000000127187, -130.4041602925916266, 6.000000000000000000 ) ) ;
#2909 = CARTESIAN_POINT ( 'NONE',  ( 0.000000000000000000, 0.000000000000000000, 0.000000000000000000 ) ) ;
#2910 = DIRECTION ( 'NONE',  ( 0.000000000000000000, 0.000000000000000000, 1.000000000000000000 ) ) ;
#2911 = DIRECTION ( 'NONE',  ( 1.000000000000000000, 0.000000000000000000, 0.000000000000000000 ) ) ;
#2912 = CARTESIAN_POINT ( 'NONE',  ( -60.00000000000129319, -143.4041602925917118, -14.00000000000000000 ) ) ;
#2913 = EDGE_CURVE ( 'NONE', #823, #4629, #3163, .T. ) ;
#2914 = VECTOR ( 'NONE', #3475, 1000.000000000000000 ) ;
#2915 = DIRECTION ( 'NONE',  ( 1.000000000000000000, 0.000000000000000000, 0.000000000000000000 ) ) ;
#2916 = CARTESIAN_POINT ( 'NONE',  ( 5.100000000000000533, 0.000000000000000000, 0.000000000000000000 ) ) ;
#2917 = ORIENTED_EDGE ( 'NONE', *, *, #2658, .F. ) ;
#2918 = ORIENTED_EDGE ( 'NONE', *, *, #452, .F. ) ;
#2919 = ADVANCED_FACE ( 'NONE', ( #1836, #4778 ), #1503, .T. ) ;
#2920 = VERTEX_POINT ( 'NONE', #1889 ) ;
#2921 = VECTOR ( 'NONE', #1721, 1000.000000000000000 ) ;
#2922 = DIRECTION ( 'NONE',  ( 0.000000000000000000, 0.000000000000000000, -1.000000000000000000 ) ) ;
#2923 = ORIENTED_EDGE ( 'NONE', *, *, #657, .F. ) ;
#2924 = ORIENTED_EDGE ( 'NONE', *, *, #3215, .T. ) ;
#2925 = AXIS2_PLACEMENT_3D ( 'NONE', #1460, #269, #707 ) ;
#2926 = VECTOR ( 'NONE', #4124, 1000.000000000000000 ) ;
#2927 = LINE ( 'NONE', #118, #966 ) ;
#2928 = VERTEX_POINT ( 'NONE', #3524 ) ;
#2929 = VERTEX_POINT ( 'NONE', #3961 ) ;
#2930 = DIRECTION ( 'NONE',  ( 1.000000000000000000, 0.000000000000000000, 0.000000000000000000 ) ) ;
#2931 = AXIS2_PLACEMENT_3D ( 'NONE', #1611, #396, #3714 ) ;
#2932 = VECTOR ( 'NONE', #886, 1000.000000000000000 ) ;
#2933 = DIRECTION ( 'NONE',  ( -0.000000000000000000, -0.000000000000000000, 1.000000000000000000 ) ) ;
#2934 = LINE ( 'NONE', #4968, #2846 ) ;
#2935 = CARTESIAN_POINT ( 'NONE',  ( 17.91845896426622531, 13.64368339764296323, 13.93314829172886249 ) ) ;
#2936 = AXIS2_PLACEMENT_3D ( 'NONE', #2426, #4911, #1995 ) ;
#2937 = VECTOR ( 'NONE', #575, 1000.000000000000000 ) ;
#2938 = DIRECTION ( 'NONE',  ( 0.000000000000000000, -0.000000000000000000, 1.000000000000000000 ) ) ;
#2939 = DIRECTION ( 'NONE',  ( 0.000000000000000000, 0.000000000000000000, -1.000000000000000000 ) ) ;
#2940 = FACE_OUTER_BOUND ( 'NONE', #4341, .T. ) ;
#2941 = EDGE_CURVE ( 'NONE', #4465, #2080, #2045, .T. ) ;
#2942 = DIRECTION ( 'NONE',  ( 1.000000000000000000, 0.000000000000000000, 0.000000000000000000 ) ) ;
#2943 = EDGE_LOOP ( 'NONE', ( #479, #5031, #3625, #3897 ) ) ;
#2944 = VERTEX_POINT ( 'NONE', #4397 ) ;
#2945 = ORIENTED_EDGE ( 'NONE', *, *, #878, .F. ) ;
#2946 = CARTESIAN_POINT ( 'NONE',  ( 5.299999999999999822, 0.000000000000000000, 0.000000000000000000 ) ) ;
#2947 = EDGE_CURVE ( 'NONE', #1753, #1168, #3498, .T. ) ;
#2948 = FACE_OUTER_BOUND ( 'NONE', #2470, .T. ) ;
#2949 = ORIENTED_EDGE ( 'NONE', *, *, #2011, .F. ) ;
#2950 = EDGE_CURVE ( 'NONE', #1028, #4899, #384, .T. ) ;
#2951 = CARTESIAN_POINT ( 'NONE',  ( -2.774999999999999911, 1.494069094959772239E-15, 12.20000000000000995 ) ) ;
#2952 = CARTESIAN_POINT ( 'NONE',  ( 0.7903489696169425649, 0.000000000000000000, -0.8164793405280369454 ) ) ;
#2953 = EDGE_LOOP ( 'NONE', ( #4317, #3983 ) ) ;
#2954 = VERTEX_POINT ( 'NONE', #159 ) ;
#2955 = VECTOR ( 'NONE', #4429, 1000.000000000000000 ) ;
#2956 = CARTESIAN_POINT ( 'NONE',  ( 7.413345811566749433, -113.4041602925917118, 0.000000000000000000 ) ) ;
#2957 = DIRECTION ( 'NONE',  ( -1.000000000000000000, 0.000000000000000000, 0.000000000000000000 ) ) ;
#2958 = FACE_OUTER_BOUND ( 'NONE', #382, .T. ) ;
#2959 = SHAPE_REPRESENTATION_RELATIONSHIP ( 'NONE' , 'NONE' ,  #4399, #347 ) ;
#2960 = PRESENTATION_LAYER_ASSIGNMENT (  '', '', ( #5135 ) ) ;
#2961 = DIRECTION ( 'NONE',  ( -3.491481338843133355E-15, 1.000000000000000000, 0.000000000000000000 ) ) ;
#2962 = DIRECTION ( 'NONE',  ( 0.000000000000000000, 0.000000000000000000, -1.000000000000000000 ) ) ;
#2963 = MECHANICAL_DESIGN_GEOMETRIC_PRESENTATION_REPRESENTATION (  '', ( #3817 ), #4864 ) ;
#2964 = CARTESIAN_POINT ( 'NONE',  ( 39.99999999999869260, -153.4041602925917118, 6.000000000000000000 ) ) ;
#2965 = CARTESIAN_POINT ( 'NONE',  ( 10.11334581156804369, -73.40416029259174024, 0.000000000000000000 ) ) ;
#2966 = CARTESIAN_POINT ( 'NONE',  ( 0.000000000000000000, 600.0000000000000000, 8.099549148362683582 ) ) ;
#2967 = CIRCLE ( 'NONE', #4001, 10.00000000000000178 ) ;
#2968 = ORIENTED_EDGE ( 'NONE', *, *, #349, .T. ) ;
#2969 = EDGE_LOOP ( 'NONE', ( #4451, #2690 ) ) ;
#2970 = DIRECTION ( 'NONE',  ( 0.000000000000000000, 0.000000000000000000, -1.000000000000000000 ) ) ;
#2971 = AXIS2_PLACEMENT_3D ( 'NONE', #5337, #1595, #4108 ) ;
#2972 = DIRECTION ( 'NONE',  ( -0.000000000000000000, -0.000000000000000000, -1.000000000000000000 ) ) ;
#2973 = DIRECTION ( 'NONE',  ( -0.7071067811865410224, 8.659560562355012977E-17, -0.7071067811865540120 ) ) ;
#2974 = VERTEX_POINT ( 'NONE', #2311 ) ;
#2975 = VERTEX_POINT ( 'NONE', #5144 ) ;
#2976 = VERTEX_POINT ( 'NONE', #3091 ) ;
#2977 = ADVANCED_FACE ( 'NONE', ( #5195 ), #2260, .F. ) ;
#2978 = ADVANCED_FACE ( 'NONE', ( #5169 ), #2777, .F. ) ;
#2979 = DIRECTION ( 'NONE',  ( 0.000000000000000000, 0.000000000000000000, -1.000000000000000000 ) ) ;
#2980 = PLANE ( 'NONE',  #1640 ) ;
#2981 = ORIENTED_EDGE ( 'NONE', *, *, #5367, .T. ) ;
#2982 = ORIENTED_EDGE ( 'NONE', *, *, #2983, .T. ) ;
#2983 = EDGE_CURVE ( 'NONE', #4974, #1406, #184, .T. ) ;
#2984 = DIRECTION ( 'NONE',  ( -0.000000000000000000, -0.000000000000000000, 1.000000000000000000 ) ) ;
#2985 = DIRECTION ( 'NONE',  ( 0.000000000000000000, -1.000000000000000000, 0.000000000000000000 ) ) ;
#2986 = ADVANCED_FACE ( 'NONE', ( #1482 ), #3579, .T. ) ;
#2987 = FACE_BOUND ( 'NONE', #3145, .T. ) ;
#2988 = SHAPE_DEFINITION_REPRESENTATION ( #3385, #3425 ) ;
#2989 = AXIS2_PLACEMENT_3D ( 'NONE', #5222, #3123, #2732 ) ;
#2990 = LINE ( 'NONE', #400, #2355 ) ;
#2991 = DIRECTION ( 'NONE',  ( 0.000000000000000000, 1.000000000000000000, 0.000000000000000000 ) ) ;
#2992 = FACE_OUTER_BOUND ( 'NONE', #712, .T. ) ;
#2993 = DIRECTION ( 'NONE',  ( 0.000000000000000000, 0.000000000000000000, -1.000000000000000000 ) ) ;
#2994 = EDGE_LOOP ( 'NONE', ( #2375, #3392, #739, #3078 ) ) ;
#2995 = ORIENTED_EDGE ( 'NONE', *, *, #282, .F. ) ;
#2996 = DIRECTION ( 'NONE',  ( -0.7071067811865505703, 8.659560562354895880E-17, -0.7071067811865444641 ) ) ;
#2997 = DIRECTION ( 'NONE',  ( -1.000000000000000000, 0.000000000000000000, 0.000000000000000000 ) ) ;
#2998 = CARTESIAN_POINT ( 'NONE',  ( 0.000000000000000000, 0.000000000000000000, 0.000000000000000000 ) ) ;
#2999 = ORIENTED_EDGE ( 'NONE', *, *, #2077, .T. ) ;
#3000 = VERTEX_POINT ( 'NONE', #3149 ) ;
#3001 = VERTEX_POINT ( 'NONE', #624 ) ;
#3002 = CARTESIAN_POINT ( 'NONE',  ( -9.595795067367058451, 0.000000000000000000, -6.750450851637320504 ) ) ;
#3003 = EDGE_CURVE ( 'NONE', #5089, #2874, #1454, .T. ) ;
#3004 = DIRECTION ( 'NONE',  ( 0.000000000000000000, 0.000000000000000000, -1.000000000000000000 ) ) ;
#3005 = VERTEX_POINT ( 'NONE', #2676 ) ;
#3006 = ORIENTED_EDGE ( 'NONE', *, *, #1480, .F. ) ;
#3007 = EDGE_CURVE ( 'NONE', #393, #181, #2230, .T. ) ;
#3008 = AXIS2_PLACEMENT_3D ( 'NONE', #1669, #1693, #3334 ) ;
#3009 = LINE ( 'NONE', #4663, #3206 ) ;
#3010 = FACE_BOUND ( 'NONE', #2854, .T. ) ;
#3011 = CONTEXT_DEPENDENT_SHAPE_REPRESENTATION ( #2378, #4392 ) ;
#3012 = EDGE_CURVE ( 'NONE', #2667, #1951, #4803, .T. ) ;
#3013 = CIRCLE ( 'NONE', #4654, 10.00000000000000178 ) ;
#3014 = AXIS2_PLACEMENT_3D ( 'NONE', #459, #3422, #2183 ) ;
#3015 = CARTESIAN_POINT ( 'NONE',  ( 0.4042049326329404946, 0.000000000000000000, -1.900450851637315974 ) ) ;
#3016 = DIRECTION ( 'NONE',  ( 1.000000000000000000, 0.000000000000000000, -2.430272961665444135E-15 ) ) ;
#3017 = LINE ( 'NONE', #1000, #1521 ) ;
#3018 = AXIS2_PLACEMENT_3D ( 'NONE', #13, #5024, #4585 ) ;
#3019 = MECHANICAL_DESIGN_GEOMETRIC_PRESENTATION_REPRESENTATION (  '', ( #4321 ), #673 ) ;
#3020 = AXIS2_PLACEMENT_3D ( 'NONE', #1389, #607, #991 ) ;
#3021 = ORIENTED_EDGE ( 'NONE', *, *, #3386, .T. ) ;
#3022 = DIRECTION ( 'NONE',  ( -0.000000000000000000, -0.000000000000000000, -1.000000000000000000 ) ) ;
#3023 = DIRECTION ( 'NONE',  ( 0.000000000000000000, 0.000000000000000000, -1.000000000000000000 ) ) ;
#3024 = FACE_OUTER_BOUND ( 'NONE', #5184, .T. ) ;
#3025 = CARTESIAN_POINT ( 'NONE',  ( 10.11334581156804369, -73.40416029259174024, 0.000000000000000000 ) ) ;
#3026 = CARTESIAN_POINT ( 'NONE',  ( 9.404204932632941549, 0.000000000000000000, -10.90045085163731464 ) ) ;
#3027 = ORIENTED_EDGE ( 'NONE', *, *, #2550, .T. ) ;
#3028 = VERTEX_POINT ( 'NONE', #3068 ) ;
#3029 = FACE_OUTER_BOUND ( 'NONE', #4961, .T. ) ;
#3030 = CARTESIAN_POINT ( 'NONE',  ( -35.11334581156931023, -73.40416029259171182, -4.000000000000000000 ) ) ;
#3031 = VERTEX_POINT ( 'NONE', #4369 ) ;
#3032 = ORIENTED_EDGE ( 'NONE', *, *, #409, .T. ) ;
#3033 = DIRECTION ( 'NONE',  ( 1.000000000000000000, 0.000000000000000000, 0.000000000000000000 ) ) ;
#3034 = PRODUCT_RELATED_PRODUCT_CATEGORY ( 'part', '', ( #132 ) ) ;
#3035 = DIRECTION ( 'NONE',  ( 8.673617379884035472E-17, 0.000000000000000000, 1.000000000000000000 ) ) ;
#3036 = ITEM_DEFINED_TRANSFORMATION ( 'NONE', 'NONE', #1965,  #1361 ) ;
#3037 = AXIS2_PLACEMENT_3D ( 'NONE', #2731, #3481, #4373 ) ;
#3038 = ADVANCED_FACE ( 'NONE', ( #3118 ), #5242, .F. ) ;
#3039 = DIRECTION ( 'NONE',  ( 0.000000000000000000, 0.000000000000000000, 1.000000000000000000 ) ) ;
#3040 = EDGE_CURVE ( 'NONE', #2974, #1761, #1919, .T. ) ;
#3041 = AXIS2_PLACEMENT_3D ( 'NONE', #2285, #4746, #1048 ) ;
#3042 = CARTESIAN_POINT ( 'NONE',  ( 39.99999999999869260, -33.40416029259169051, -14.00000000000000000 ) ) ;
#3043 = DIRECTION ( 'NONE',  ( 1.000000000000000000, 0.000000000000000000, 0.000000000000000000 ) ) ;
#3044 = CARTESIAN_POINT ( 'NONE',  ( -2.660795067367058842, 600.0000000000000000, 1.999549148362684825 ) ) ;
#3045 = EDGE_CURVE ( 'NONE', #1064, #993, #1169, .T. ) ;
#3046 = ORIENTED_EDGE ( 'NONE', *, *, #312, .T. ) ;
#3047 = LINE ( 'NONE', #1752, #3530 ) ;
#3048 = VECTOR ( 'NONE', #2305, 1000.000000000000000 ) ;
#3049 = DIRECTION ( 'NONE',  ( 0.000000000000000000, 0.000000000000000000, -1.000000000000000000 ) ) ;
#3050 = PRODUCT ( 'PlantCarriageBase', 'PlantCarriageBase', '', ( #2256 ) ) ;
#3051 = CARTESIAN_POINT ( 'NONE',  ( 1.309203555201697736E-14, 0.000000000000000000, 3.591375882058629898 ) ) ;
#3052 = EDGE_CURVE ( 'NONE', #280, #403, #2580, .T. ) ;
#3053 = DIRECTION ( 'NONE',  ( 0.000000000000000000, 0.000000000000000000, 1.000000000000000000 ) ) ;
#3054 = AXIS2_PLACEMENT_3D ( 'NONE', #1823, #2689, #5183 ) ;
#3055 = DIRECTION ( 'NONE',  ( 1.000000000000000000, 0.000000000000000000, 0.000000000000000000 ) ) ;
#3056 = ORIENTED_EDGE ( 'NONE', *, *, #4859, .F. ) ;
#3057 = CIRCLE ( 'NONE', #4356, 1.000000000000000888 ) ;
#3058 = ORIENTED_EDGE ( 'NONE', *, *, #375, .T. ) ;
#3059 = VECTOR ( 'NONE', #3828, 1000.000000000000000 ) ;
#3060 = PLANE ( 'NONE',  #4694 ) ;
#3061 = ORIENTED_EDGE ( 'NONE', *, *, #4130, .F. ) ;
#3062 = ORIENTED_EDGE ( 'NONE', *, *, #3148, .F. ) ;
#3063 = DIRECTION ( 'NONE',  ( 0.000000000000000000, 0.000000000000000000, 1.000000000000000000 ) ) ;
#3064 = DIRECTION ( 'NONE',  ( -0.000000000000000000, 1.000000000000000000, -0.000000000000000000 ) ) ;
#3065 = DIRECTION ( 'NONE',  ( -1.000000000000000000, 0.000000000000000000, 5.659782955878652504E-16 ) ) ;
#3066 = DIRECTION ( 'NONE',  ( 1.000000000000000000, 0.000000000000000000, 0.000000000000000000 ) ) ;
#3067 = ORIENTED_EDGE ( 'NONE', *, *, #4671, .F. ) ;
#3068 = CARTESIAN_POINT ( 'NONE',  ( 3.469204932632941496, 600.0000000000000000, 6.299549148362684647 ) ) ;
#3069 = DIRECTION ( 'NONE',  ( 0.000000000000000000, 0.000000000000000000, 1.000000000000000000 ) ) ;
#3070 = CONICAL_SURFACE ( 'NONE', #1847, 9.875000000000000000, 0.7853981633974503884 ) ;
#3071 = EDGE_CURVE ( 'NONE', #671, #84, #3304, .T. ) ;
#3072 = LINE ( 'NONE', #1430, #4058 ) ;
#3073 = LINE ( 'NONE', #5152, #3584 ) ;
#3074 = DIRECTION ( 'NONE',  ( 0.000000000000000000, -1.000000000000000000, 0.000000000000000000 ) ) ;
#3075 = EDGE_CURVE ( 'NONE', #1360, #297, #4900, .T. ) ;
#3076 = EDGE_CURVE ( 'NONE', #4547, #3410, #313, .T. ) ;
#3077 = CARTESIAN_POINT ( 'NONE',  ( -8.595795067367062003, 0.000000000000000000, -10.90045085163731464 ) ) ;
#3078 = ORIENTED_EDGE ( 'NONE', *, *, #3932, .T. ) ;
#3079 = CARTESIAN_POINT ( 'NONE',  ( -30.11334581156930312, -113.4041602925917118, -4.000000000000000000 ) ) ;
#3080 = DIRECTION ( 'NONE',  ( -1.000000000000000000, 0.000000000000000000, 0.000000000000000000 ) ) ;
#3081 = DIRECTION ( 'NONE',  ( 0.000000000000000000, 0.000000000000000000, -1.000000000000000000 ) ) ;
#3082 = ORIENTED_EDGE ( 'NONE', *, *, #4902, .T. ) ;
#3083 = VECTOR ( 'NONE', #3713, 1000.000000000000000 ) ;
#3084 = ORIENTED_EDGE ( 'NONE', *, *, #2259, .T. ) ;
#3085 = DIRECTION ( 'NONE',  ( -1.000000000000000000, 0.000000000000000000, 0.000000000000000000 ) ) ;
#3086 = CONTEXT_DEPENDENT_SHAPE_REPRESENTATION ( #3485, #2711 ) ;
#3087 = FACE_OUTER_BOUND ( 'NONE', #4111, .T. ) ;
#3088 = ORIENTED_EDGE ( 'NONE', *, *, #1844, .T. ) ;
#3089 = FACE_BOUND ( 'NONE', #3563, .T. ) ;
#3090 = AXIS2_PLACEMENT_3D ( 'NONE', #3607, #4348, #2778 ) ;
#3091 = CARTESIAN_POINT ( 'NONE',  ( -13.50000000000127187, -75.33070671946410357, 0.000000000000000000 ) ) ;
#3092 = FACE_OUTER_BOUND ( 'NONE', #251, .T. ) ;
#3093 = LINE ( 'NONE', #4322, #4705 ) ;
#3094 = AXIS2_PLACEMENT_3D ( 'NONE', #1109, #2784, #4433 ) ;
#3095 = UNCERTAINTY_MEASURE_WITH_UNIT (LENGTH_MEASURE( 1.000000000000000082E-05 ), #197, 'distance_accuracy_value', 'NONE');
#3096 = DIRECTION ( 'NONE',  ( 0.000000000000000000, 0.000000000000000000, -1.000000000000000000 ) ) ;
#3097 = CARTESIAN_POINT ( 'NONE',  ( 39.99999999999869971, -33.40416029259172603, 6.000000000000000000 ) ) ;
#3098 = VECTOR ( 'NONE', #123, 1000.000000000000000 ) ;
#3099 = CARTESIAN_POINT ( 'NONE',  ( -13.50000000000127187, -71.33070671946410357, 6.000000000000000000 ) ) ;
#3100 = DIRECTION ( 'NONE',  ( -1.000000000000000000, 0.000000000000000000, 0.000000000000000000 ) ) ;
#3101 = AXIS2_PLACEMENT_3D ( 'NONE', #4648, #1755, #4622 ) ;
#3102 = APPLICATION_CONTEXT ( 'automotive_design' ) ;
#3103 = CYLINDRICAL_SURFACE ( 'NONE', #3919, 8.000000000000000000 ) ;
#3104 = CIRCLE ( 'NONE', #4407, 15.00000000000002309 ) ;
#3105 = EDGE_CURVE ( 'NONE', #2920, #3379, #2857, .T. ) ;
#3106 = ORIENTED_EDGE ( 'NONE', *, *, #3738, .F. ) ;
#3107 = EDGE_CURVE ( 'NONE', #5089, #3161, #4456, .T. ) ;
#3108 = DIRECTION ( 'NONE',  ( 1.000000000000000000, 0.000000000000000000, -8.673617379884035472E-17 ) ) ;
#3109 = DIRECTION ( 'NONE',  ( 0.7185108077017470229, 0.000000000000000000, 0.6955157936494203996 ) ) ;
#3110 = CARTESIAN_POINT ( 'NONE',  ( 7.413345811568043509, -73.40416029259174024, 6.000000000000000000 ) ) ;
#3111 = VERTEX_POINT ( 'NONE', #2424 ) ;
#3112 = DIRECTION ( 'NONE',  ( 1.000000000000000000, -0.000000000000000000, 0.000000000000000000 ) ) ;
#3113 = ADVANCED_FACE ( 'NONE', ( #2056 ), #5294, .T. ) ;
#3114 = CARTESIAN_POINT ( 'NONE',  ( 10.40420493263294155, 600.0000000000000000, -6.750450851637320504 ) ) ;
#3115 = VERTEX_POINT ( 'NONE', #4480 ) ;
#3116 = CIRCLE ( 'NONE', #3287, 10.00000000000000178 ) ;
#3117 = PLANE ( 'NONE',  #2267 ) ;
#3118 = FACE_OUTER_BOUND ( 'NONE', #3293, .T. ) ;
#3119 = DIRECTION ( 'NONE',  ( 0.000000000000000000, -0.000000000000000000, 1.000000000000000000 ) ) ;
#3120 = DIRECTION ( 'NONE',  ( 0.000000000000000000, 0.000000000000000000, 1.000000000000000000 ) ) ;
#3121 = FACE_OUTER_BOUND ( 'NONE', #2943, .T. ) ;
#3122 = VECTOR ( 'NONE', #2775, 1000.000000000000114 ) ;
#3123 = DIRECTION ( 'NONE',  ( 0.6943076225630931964, 0.000000000000000000, -0.7196783484660251862 ) ) ;
#3124 = DIRECTION ( 'NONE',  ( -0.000000000000000000, -1.000000000000000000, -0.000000000000000000 ) ) ;
#3125 = AXIS2_PLACEMENT_3D ( 'NONE', #2824, #4450, #4060 ) ;
#3126 = PLANE ( 'NONE',  #4612 ) ;
#3127 = EDGE_LOOP ( 'NONE', ( #1394, #501 ) ) ;
#3128 = ORIENTED_EDGE ( 'NONE', *, *, #3136, .F. ) ;
#3129 = PRODUCT_DEFINITION ( 'UNKNOWN', '', #4667, #4014 ) ;
#3130 = AXIS2_PLACEMENT_3D ( 'NONE', #5016, #3, #853 ) ;
#3131 = EDGE_CURVE ( 'NONE', #845, #147, #5000, .T. ) ;
#3132 = DIRECTION ( 'NONE',  ( -8.673617379884035472E-17, 0.000000000000000000, -1.000000000000000000 ) ) ;
#3133 = DIRECTION ( 'NONE',  ( -8.673617379884035472E-17, 0.000000000000000000, -1.000000000000000000 ) ) ;
#3134 = DIRECTION ( 'NONE',  ( -1.000000000000000000, 0.000000000000000000, 0.000000000000000000 ) ) ;
#3135 = VECTOR ( 'NONE', #83, 1000.000000000000000 ) ;
#3136 = EDGE_CURVE ( 'NONE', #1028, #2614, #3660, .T. ) ;
#3137 = EDGE_LOOP ( 'NONE', ( #2403, #585 ) ) ;
#3138 = DIRECTION ( 'NONE',  ( -0.000000000000000000, -0.000000000000000000, -1.000000000000000000 ) ) ;
#3139 = VECTOR ( 'NONE', #357, 1000.000000000000000 ) ;
#3140 = CARTESIAN_POINT ( 'NONE',  ( 5.904204932632939773, 600.0000000000000000, -8.315956369597751419 ) ) ;
#3141 = ADVANCED_FACE ( 'NONE', ( #1207 ), #1557, .F. ) ;
#3142 = FACE_OUTER_BOUND ( 'NONE', #1627, .T. ) ;
#3143 = ORIENTED_EDGE ( 'NONE', *, *, #969, .T. ) ;
#3144 = EDGE_CURVE ( 'NONE', #1085, #4475, #4039, .T. ) ;
#3145 = EDGE_LOOP ( 'NONE', ( #5190, #3950 ) ) ;
#3146 = AXIS2_PLACEMENT_3D ( 'NONE', #2579, #89, #1765 ) ;
#3147 = SURFACE_STYLE_USAGE ( .BOTH. , #1071 ) ;
#3148 = EDGE_CURVE ( 'NONE', #2337, #1655, #4389, .T. ) ;
#3149 = CARTESIAN_POINT ( 'NONE',  ( 5.500000000000000000, 9.674709713264090115E-16, -7.799999999999999822 ) ) ;
#3150 = CARTESIAN_POINT ( 'NONE',  ( -5.500000000000000000, 0.000000000000000000, -4.049999999999999822 ) ) ;
#3151 = FACE_OUTER_BOUND ( 'NONE', #1392, .T. ) ;
#3152 = CARTESIAN_POINT ( 'NONE',  ( -30.11334581156930312, -113.4041602925917118, 0.000000000000000000 ) ) ;
#3153 = CARTESIAN_POINT ( 'NONE',  ( -6.011300585327465029, 600.0000000000000000, -7.400450851637269345 ) ) ;
#3154 = DIRECTION ( 'NONE',  ( 1.000000000000000000, 0.000000000000000000, 0.000000000000000000 ) ) ;
#3155 = CARTESIAN_POINT ( 'NONE',  ( -9.595795067367058451, 0.000000000000000000, 7.099549148362684470 ) ) ;
#3156 = VERTEX_POINT ( 'NONE', #1633 ) ;
#3157 = EDGE_CURVE ( 'NONE', #3165, #4385, #687, .T. ) ;
#3158 = AXIS2_PLACEMENT_3D ( 'NONE', #2688, #1795, #1850 ) ;
#3159 = VERTEX_POINT ( 'NONE', #3606 ) ;
#3160 = DIRECTION ( 'NONE',  ( 1.000000000000000000, 0.000000000000000000, 0.000000000000000000 ) ) ;
#3161 = VERTEX_POINT ( 'NONE', #3278 ) ;
#3162 = ORIENTED_EDGE ( 'NONE', *, *, #615, .F. ) ;
#3163 = CIRCLE ( 'NONE', #2317, 9.875000000000000000 ) ;
#3164 = FACE_OUTER_BOUND ( 'NONE', #4568, .T. ) ;
#3165 = VERTEX_POINT ( 'NONE', #2022 ) ;
#3166 = ORIENTED_EDGE ( 'NONE', *, *, #954, .F. ) ;
#3167 = DIRECTION ( 'NONE',  ( -0.7185108077017425821, 0.000000000000000000, 0.6955157936494249515 ) ) ;
#3168 = EDGE_LOOP ( 'NONE', ( #2513, #4919, #4413, #2122 ) ) ;
#3169 = ADVANCED_FACE ( 'NONE', ( #4881 ), #3251, .F. ) ;
#3170 = AXIS2_PLACEMENT_3D ( 'NONE', #425, #4123, #401 ) ;
#3171 = DIRECTION ( 'NONE',  ( -2.334660469299946561E-15, 0.000000000000000000, -1.000000000000000000 ) ) ;
#3172 = EDGE_CURVE ( 'NONE', #2774, #2006, #5267, .T. ) ;
#3173 = LINE ( 'NONE', #1101, #4314 ) ;
#3174 = CARTESIAN_POINT ( 'NONE',  ( 17.91845896426741902, 3.078517048002094914, 13.93314829172928881 ) ) ;
#3175 = DIRECTION ( 'NONE',  ( -1.000000000000000000, 0.000000000000000000, 0.000000000000000000 ) ) ;
#3176 = DIRECTION ( 'NONE',  ( -0.000000000000000000, -0.000000000000000000, -1.000000000000000000 ) ) ;
#3177 = CARTESIAN_POINT ( 'NONE',  ( 11.99999999999872813, -71.40416029259172603, 6.000000000000000000 ) ) ;
#3178 = DIRECTION ( 'NONE',  ( -1.000000000000000000, 0.000000000000000000, 0.000000000000000000 ) ) ;
#3179 = ADVANCED_FACE ( 'NONE', ( #1533 ), #806, .F. ) ;
#3180 = PLANE ( 'NONE',  #3094 ) ;
#3181 = VECTOR ( 'NONE', #2677, 1000.000000000000000 ) ;
#3182 = FACE_OUTER_BOUND ( 'NONE', #791, .T. ) ;
#3183 = ORIENTED_EDGE ( 'NONE', *, *, #1170, .T. ) ;
#3184 = ORIENTED_EDGE ( 'NONE', *, *, #3358, .T. ) ;
#3185 = CIRCLE ( 'NONE', #4487, 2.699999999999999289 ) ;
#3186 = ORIENTED_EDGE ( 'NONE', *, *, #1796, .T. ) ;
#3187 = AXIS2_PLACEMENT_3D ( 'NONE', #1813, #2801, #2422 ) ;
#3188 = CIRCLE ( 'NONE', #5362, 12.20000000000000107 ) ;
#3189 = DIRECTION ( 'NONE',  ( 0.7196783484660199681, 0.000000000000000000, -0.6943076225630984144 ) ) ;
#3190 = EDGE_LOOP ( 'NONE', ( #3518, #1988, #4747, #1044 ) ) ;
#3191 = ORIENTED_EDGE ( 'NONE', *, *, #2384, .T. ) ;
#3192 = EDGE_CURVE ( 'NONE', #1242, #4683, #122, .T. ) ;
#3193 = CARTESIAN_POINT ( 'NONE',  ( 11.99999999999872813, -115.4041602925917260, 6.000000000000000000 ) ) ;
#3194 = ORIENTED_EDGE ( 'NONE', *, *, #4008, .F. ) ;
#3195 = EDGE_LOOP ( 'NONE', ( #4501, #1566, #4801, #5280 ) ) ;
#3196 = DIRECTION ( 'NONE',  ( -0.6955157936494249515, 0.000000000000000000, -0.7185108077017425821 ) ) ;
#3197 = ORIENTED_EDGE ( 'NONE', *, *, #683, .F. ) ;
#3198 = CARTESIAN_POINT ( 'NONE',  ( -1.103293939535485491, 600.0000000000000000, -1.143609452747016419 ) ) ;
#3199 = DIRECTION ( 'NONE',  ( -0.000000000000000000, -0.000000000000000000, 1.000000000000000000 ) ) ;
#3200 = DIRECTION ( 'NONE',  ( -0.000000000000000000, -0.000000000000000000, 1.000000000000000000 ) ) ;
#3201 = EDGE_CURVE ( 'NONE', #1465, #4851, #2697, .T. ) ;
#3202 = CARTESIAN_POINT ( 'NONE',  ( -5.087621801062966576, 600.0000000000000000, 0.000000000000000000 ) ) ;
#3203 = CARTESIAN_POINT ( 'NONE',  ( -3.283025528180589347, 0.000000000000000000, -3.310613977997233004 ) ) ;
#3204 = EDGE_CURVE ( 'NONE', #2161, #5089, #3116, .T. ) ;
#3205 =( REPRESENTATION_RELATIONSHIP ('NONE','NONE', #3425, #4399 ) REPRESENTATION_RELATIONSHIP_WITH_TRANSFORMATION ( #2304 )SHAPE_REPRESENTATION_RELATIONSHIP( ) );
#3206 = VECTOR ( 'NONE', #4558, 1000.000000000000000 ) ;
#3207 = CARTESIAN_POINT ( 'NONE',  ( -2.774999999999999911, 0.000000000000000000, 0.000000000000000000 ) ) ;
#3208 = CARTESIAN_POINT ( 'NONE',  ( -47.00000000000130740, -71.40416029259168340, 6.000000000000000000 ) ) ;
#3209 = DIRECTION ( 'NONE',  ( 1.000000000000000000, 0.000000000000000000, 0.000000000000000000 ) ) ;
#3210 = EDGE_CURVE ( 'NONE', #4007, #2182, #1114, .T. ) ;
#3211 = ORIENTED_EDGE ( 'NONE', *, *, #4542, .T. ) ;
#3212 = AXIS2_PLACEMENT_3D ( 'NONE', #3965, #2264, #3096 ) ;
#3213 = EDGE_CURVE ( 'NONE', #5134, #4362, #4608, .T. ) ;
#3214 = ORIENTED_EDGE ( 'NONE', *, *, #247, .F. ) ;
#3215 = EDGE_CURVE ( 'NONE', #2975, #3156, #832, .T. ) ;
#3216 = MECHANICAL_DESIGN_GEOMETRIC_PRESENTATION_REPRESENTATION (  '', ( #4861 ), #4346 ) ;
#3217 = CARTESIAN_POINT ( 'NONE',  ( -6.500000000001271871, -111.4776138657193201, 6.000000000000000000 ) ) ;
#3218 = DIRECTION ( 'NONE',  ( -0.7041420118343195700, 0.000000000000000000, -0.7100591715976330986 ) ) ;
#3219 = ORIENTED_EDGE ( 'NONE', *, *, #2875, .F. ) ;
#3220 = EDGE_LOOP ( 'NONE', ( #4824, #2221, #3378, #3166 ) ) ;
#3221 = LINE ( 'NONE', #768, #152 ) ;
#3222 = CIRCLE ( 'NONE', #1393, 2.700000000000004619 ) ;
#3223 = LINE ( 'NONE', #2498, #1306 ) ;
#3224 = ORIENTED_EDGE ( 'NONE', *, *, #1842, .T. ) ;
#3225 = EDGE_LOOP ( 'NONE', ( #428, #451, #3067, #4488, #4076, #4323, #4109, #1817, #3787, #3214, #1623, #5203, #1255, #4960, #902, #3058, #3655, #2318, #2763, #3676, #737, #411, #4114, #2466, #994, #3084, #1141, #4653, #5342, #43, #2340, #2691, #141, #285, #1083, #4680, #854, #1353, #3186, #1302, #431, #2358, #775, #1939, #2214, #1684, #1310, #91 ) ) ;
#3226 = LINE ( 'NONE', #1098, #3122 ) ;
#3227 = ORIENTED_EDGE ( 'NONE', *, *, #1373, .T. ) ;
#3228 = AXIS2_PLACEMENT_3D ( 'NONE', #871, #2922, #1646 ) ;
#3229 = FACE_OUTER_BOUND ( 'NONE', #2009, .T. ) ;
#3230 = DIRECTION ( 'NONE',  ( 0.000000000000000000, 0.000000000000000000, 1.000000000000000000 ) ) ;
#3231 = LINE ( 'NONE', #1156, #2236 ) ;
#3232 = CYLINDRICAL_SURFACE ( 'NONE', #4181, 6.250000000000000000 ) ;
#3233 = CARTESIAN_POINT ( 'NONE',  ( -2.517916185241519939E-14, 600.0000000000000000, -7.400450851637275562 ) ) ;
#3234 = CARTESIAN_POINT ( 'NONE',  ( 10.11334581156675405, -113.4041602925917118, 6.000000000000000000 ) ) ;
#3235 = FACE_OUTER_BOUND ( 'NONE', #4298, .T. ) ;
#3236 = FACE_OUTER_BOUND ( 'NONE', #3371, .T. ) ;
#3237 = EDGE_LOOP ( 'NONE', ( #139, #3570, #2409, #818 ) ) ;
#3238 = EDGE_LOOP ( 'NONE', ( #4238, #3816, #4245, #3865 ) ) ;
#3239 = VERTEX_POINT ( 'NONE', #1658 ) ;
#3240 = EDGE_CURVE ( 'NONE', #306, #3508, #3326, .T. ) ;
#3241 = EDGE_CURVE ( 'NONE', #3436, #2976, #4989, .T. ) ;
#3242 = LINE ( 'NONE', #2843, #5090 ) ;
#3243 = CARTESIAN_POINT ( 'NONE',  ( -1.798511560886810279E-14, 600.0000000000000000, -7.400450851637284444 ) ) ;
#3244 = ORIENTED_EDGE ( 'NONE', *, *, #2821, .F. ) ;
#3245 = ORIENTED_EDGE ( 'NONE', *, *, #2082, .F. ) ;
#3246 = CYLINDRICAL_SURFACE ( 'NONE', #1014, 5.000000000000002665 ) ;
#3247 = LINE ( 'NONE', #3707, #4521 ) ;
#3248 = VERTEX_POINT ( 'NONE', #1771 ) ;
#3249 = ORIENTED_EDGE ( 'NONE', *, *, #1050, .F. ) ;
#3250 =( NAMED_UNIT ( * ) SI_UNIT ( $, .STERADIAN. ) SOLID_ANGLE_UNIT ( ) );
#3251 = CYLINDRICAL_SURFACE ( 'NONE', #4943, 6.250000000000000000 ) ;
#3252 = AXIS2_PLACEMENT_3D ( 'NONE', #288, #2802, #1155 ) ;
#3253 = CARTESIAN_POINT ( 'NONE',  ( 11.99999999999872813, -115.4041602925917260, 0.000000000000000000 ) ) ;
#3254 = CARTESIAN_POINT ( 'NONE',  ( 5.299999999999999822, 0.000000000000000000, 0.000000000000000000 ) ) ;
#3255 = CARTESIAN_POINT ( 'NONE',  ( 34.99999999999869971, -38.40416029259168340, -14.00000000000000000 ) ) ;
#3256 = AXIS2_PLACEMENT_3D ( 'NONE', #4262, #1349, #3333 ) ;
#3257 = LINE ( 'NONE', #3613, #4122 ) ;
#3258 = CARTESIAN_POINT ( 'NONE',  ( -3.495795067367066800, 600.0000000000000000, -4.965450851637312368 ) ) ;
#3259 = ORIENTED_EDGE ( 'NONE', *, *, #3295, .F. ) ;
#3260 = ORIENTED_EDGE ( 'NONE', *, *, #3105, .T. ) ;
#3261 = AXIS2_PLACEMENT_3D ( 'NONE', #1266, #5027, #510 ) ;
#3262 = CYLINDRICAL_SURFACE ( 'NONE', #2313, 2.700000000000004619 ) ;
#3263 = DIRECTION ( 'NONE',  ( 1.000000000000000000, 0.000000000000000000, -2.430272961665444135E-15 ) ) ;
#3264 = ORIENTED_EDGE ( 'NONE', *, *, #876, .F. ) ;
#3265 = VECTOR ( 'NONE', #1634, 1000.000000000000000 ) ;
#3266 = ORIENTED_EDGE ( 'NONE', *, *, #2145, .T. ) ;
#3267 = EDGE_CURVE ( 'NONE', #1494, #3815, #2347, .T. ) ;
#3268 = PRODUCT_DEFINITION_FORMATION_WITH_SPECIFIED_SOURCE ( 'ANY', '', #961, .NOT_KNOWN. ) ;
#3269 = AXIS2_PLACEMENT_3D ( 'NONE', #4309, #1395, #3063 ) ;
#3270 = DIRECTION ( 'NONE',  ( 0.7100591715976332097, 0.000000000000000000, -0.7041420118343195700 ) ) ;
#3271 = EDGE_LOOP ( 'NONE', ( #2097, #171 ) ) ;
#3272 = ORIENTED_EDGE ( 'NONE', *, *, #368, .F. ) ;
#3273 = CARTESIAN_POINT ( 'NONE',  ( 5.299999999999999822, 0.000000000000000000, -4.250000000000000000 ) ) ;
#3274 = LINE ( 'NONE', #31, #1279 ) ;
#3275 = ORIENTED_EDGE ( 'NONE', *, *, #865, .T. ) ;
#3276 = EDGE_CURVE ( 'NONE', #605, #530, #1024, .T. ) ;
#3277 = DIRECTION ( 'NONE',  ( -0.000000000000000000, -1.000000000000000000, 0.000000000000000000 ) ) ;
#3278 = CARTESIAN_POINT ( 'NONE',  ( -60.00000000000128608, -33.40416029259172603, 6.000000000000000000 ) ) ;
#3279 = EDGE_CURVE ( 'NONE', #2614, #2608, #769, .T. ) ;
#3280 = CARTESIAN_POINT ( 'NONE',  ( 49.99999999999869971, -93.40416029259171182, 6.000000000000000000 ) ) ;
#3281 =( LENGTH_UNIT ( ) NAMED_UNIT ( * ) SI_UNIT ( .MILLI., .METRE. ) );
#3282 = CARTESIAN_POINT ( 'NONE',  ( -7.795795067367041753, 600.0000000000000000, 1.164549148362665543 ) ) ;
#3283 = DIRECTION ( 'NONE',  ( 0.7041420118343195700, 0.000000000000000000, 0.7100591715976330986 ) ) ;
#3284 = CARTESIAN_POINT ( 'NONE',  ( 0.000000000000000000, 0.000000000000000000, 0.000000000000000000 ) ) ;
#3285 = CARTESIAN_POINT ( 'NONE',  ( -30.11334581156930312, -73.40416029259171182, 6.000000000000000000 ) ) ;
#3286 = VERTEX_POINT ( 'NONE', #5050 ) ;
#3287 = AXIS2_PLACEMENT_3D ( 'NONE', #446, #1291, #3790 ) ;
#3288 = VERTEX_POINT ( 'NONE', #1318 ) ;
#3289 = EDGE_CURVE ( 'NONE', #3031, #2609, #858, .T. ) ;
#3290 = AXIS2_PLACEMENT_3D ( 'NONE', #4070, #346, #3664 ) ;
#3291 = CARTESIAN_POINT ( 'NONE',  ( -60.00000000000129319, -43.40416029259172603, 6.000000000000000000 ) ) ;
#3292 = ORIENTED_EDGE ( 'NONE', *, *, #3144, .F. ) ;
#3293 = EDGE_LOOP ( 'NONE', ( #3128, #1270, #2514, #5017 ) ) ;
#3294 = CIRCLE ( 'NONE', #1902, 2.700000000000008171 ) ;
#3295 = EDGE_CURVE ( 'NONE', #3298, #2333, #2076, .T. ) ;
#3296 = ADVANCED_FACE ( 'NONE', ( #2199 ), #2505, .T. ) ;
#3297 = LINE ( 'NONE', #2952, #3303 ) ;
#3298 = VERTEX_POINT ( 'NONE', #4583 ) ;
#3299 = VECTOR ( 'NONE', #2906, 1000.000000000000114 ) ;
#3300 = EDGE_LOOP ( 'NONE', ( #1888, #3088 ) ) ;
#3301 = DIRECTION ( 'NONE',  ( 2.334660469299946561E-15, 0.000000000000000000, 1.000000000000000000 ) ) ;
#3302 = ADVANCED_FACE ( 'NONE', ( #2586, #2168 ), #1745, .F. ) ;
#3303 = VECTOR ( 'NONE', #2078, 1000.000000000000000 ) ;
#3304 = LINE ( 'NONE', #3631, #2393 ) ;
#3305 = CARTESIAN_POINT ( 'NONE',  ( 34.99999999999869971, -48.40416029259169051, -14.00000000000000000 ) ) ;
#3306 =( NAMED_UNIT ( * ) SI_UNIT ( $, .STERADIAN. ) SOLID_ANGLE_UNIT ( ) );
#3307 = DIRECTION ( 'NONE',  ( 0.000000000000000000, 0.000000000000000000, 1.000000000000000000 ) ) ;
#3308 = EDGE_CURVE ( 'NONE', #845, #2080, #3009, .T. ) ;
#3309 = DIRECTION ( 'NONE',  ( 0.000000000000000000, 1.000000000000000000, -0.000000000000000000 ) ) ;
#3310 = DIRECTION ( 'NONE',  ( -1.000000000000000000, 0.000000000000000000, 0.000000000000000000 ) ) ;
#3311 = DIRECTION ( 'NONE',  ( 0.7071067811865460184, 0.000000000000000000, -0.7071067811865489050 ) ) ;
#3312 = VECTOR ( 'NONE', #4883, 1000.000000000000000 ) ;
#3313 = ORIENTED_EDGE ( 'NONE', *, *, #2354, .F. ) ;
#3314 = ORIENTED_EDGE ( 'NONE', *, *, #409, .F. ) ;
#3315 = ORIENTED_EDGE ( 'NONE', *, *, #2351, .T. ) ;
#3316 = DIRECTION ( 'NONE',  ( -1.000000000000000000, 0.000000000000000000, 0.000000000000000000 ) ) ;
#3317 = ORIENTED_EDGE ( 'NONE', *, *, #2351, .F. ) ;
#3318 = CARTESIAN_POINT ( 'NONE',  ( -13.50000000000127187, -71.33070671946410357, 6.000000000000000000 ) ) ;
#3319 = ORIENTED_EDGE ( 'NONE', *, *, #2255, .F. ) ;
#3320 = LINE ( 'NONE', #4984, #183 ) ;
#3321 = ORIENTED_EDGE ( 'NONE', *, *, #2427, .F. ) ;
#3322 = ORIENTED_EDGE ( 'NONE', *, *, #2753, .F. ) ;
#3323 = CIRCLE ( 'NONE', #3590, 4.999999999999999112 ) ;
#3324 = CIRCLE ( 'NONE', #5165, 4.999999999999999112 ) ;
#3325 = CARTESIAN_POINT ( 'NONE',  ( -5.087621801062966576, 0.000000000000000000, -0.000000000000000000 ) ) ;
#3326 = LINE ( 'NONE', #96, #3370 ) ;
#3327 = FACE_OUTER_BOUND ( 'NONE', #5338, .T. ) ;
#3328 = DIRECTION ( 'NONE',  ( 0.000000000000000000, 0.000000000000000000, 1.000000000000000000 ) ) ;
#3329 = EDGE_CURVE ( 'NONE', #297, #1360, #1459, .T. ) ;
#3330 = DIRECTION ( 'NONE',  ( 1.000000000000000000, 0.000000000000000000, 0.000000000000000000 ) ) ;
#3331 = ORIENTED_EDGE ( 'NONE', *, *, #1345, .F. ) ;
#3332 = EDGE_CURVE ( 'NONE', #788, #3847, #3848, .T. ) ;
#3333 = DIRECTION ( 'NONE',  ( 0.000000000000000000, 0.000000000000000000, 1.000000000000000000 ) ) ;
#3334 = DIRECTION ( 'NONE',  ( 0.000000000000000000, -0.000000000000000000, -1.000000000000000000 ) ) ;
#3335 = ORIENTED_EDGE ( 'NONE', *, *, #1538, .T. ) ;
#3336 = ORIENTED_EDGE ( 'NONE', *, *, #32, .T. ) ;
#3337 = ORIENTED_EDGE ( 'NONE', *, *, #3157, .T. ) ;
#3338 = DIRECTION ( 'NONE',  ( 1.000000000000000000, 0.000000000000000000, 0.000000000000000000 ) ) ;
#3339 = ORIENTED_EDGE ( 'NONE', *, *, #3448, .T. ) ;
#3340 = ORIENTED_EDGE ( 'NONE', *, *, #1050, .T. ) ;
#3341 = AXIS2_PLACEMENT_3D ( 'NONE', #1575, #2360, #1119 ) ;
#3342 = VECTOR ( 'NONE', #3499, 1000.000000000000000 ) ;
#3343 = FACE_OUTER_BOUND ( 'NONE', #855, .T. ) ;
#3344 = DIRECTION ( 'NONE',  ( -1.000000000000000000, 0.000000000000000000, 0.000000000000000000 ) ) ;
#3345 = ORIENTED_EDGE ( 'NONE', *, *, #740, .T. ) ;
#3346 = ORIENTED_EDGE ( 'NONE', *, *, #4628, .T. ) ;
#3347 = CARTESIAN_POINT ( 'NONE',  ( 5.500000000000000000, 7.898971854500433622E-16, 6.450000000000005507 ) ) ;
#3348 = AXIS2_PLACEMENT_3D ( 'NONE', #1714, #5023, #5080 ) ;
#3349 = VECTOR ( 'NONE', #2573, 1000.000000000000000 ) ;
#3350 = DIRECTION ( 'NONE',  ( 1.000000000000000000, 0.000000000000000000, 0.000000000000000000 ) ) ;
#3351 = EDGE_CURVE ( 'NONE', #2094, #2572, #4762, .T. ) ;
#3352 = LINE ( 'NONE', #888, #2502 ) ;
#3353 = DIRECTION ( 'NONE',  ( 0.000000000000000000, 0.000000000000000000, 1.000000000000000000 ) ) ;
#3354 = AXIS2_PLACEMENT_3D ( 'NONE', #5094, #4241, #2239 ) ;
#3355 = DIRECTION ( 'NONE',  ( -1.000000000000000000, 0.000000000000000000, 0.000000000000000000 ) ) ;
#3356 = DIRECTION ( 'NONE',  ( 0.000000000000000000, 0.000000000000000000, 1.000000000000000000 ) ) ;
#3357 = DIRECTION ( 'NONE',  ( 0.000000000000000000, 0.000000000000000000, 1.000000000000000000 ) ) ;
#3358 = EDGE_CURVE ( 'NONE', #3693, #393, #3547, .T. ) ;
#3359 = ORIENTED_EDGE ( 'NONE', *, *, #4536, .F. ) ;
#3360 = CARTESIAN_POINT ( 'NONE',  ( 0.4042049326329407721, 600.0000000000000000, 0.1995491483626843643 ) ) ;
#3361 = ORIENTED_EDGE ( 'NONE', *, *, #2416, .F. ) ;
#3362 = ORIENTED_EDGE ( 'NONE', *, *, #2251, .F. ) ;
#3363 = CARTESIAN_POINT ( 'NONE',  ( 8.604204932632947944, 600.0000000000000000, 3.591375882058598812 ) ) ;
#3364 = FACE_OUTER_BOUND ( 'NONE', #1010, .T. ) ;
#3365 = ADVANCED_FACE ( 'NONE', ( #2254 ), #4690, .T. ) ;
#3366 = ADVANCED_FACE ( 'NONE', ( #616 ), #4312, .T. ) ;
#3367 = DIRECTION ( 'NONE',  ( 0.000000000000000000, 1.000000000000000000, 0.000000000000000000 ) ) ;
#3368 = ORIENTED_EDGE ( 'NONE', *, *, #1804, .T. ) ;
#3369 = DIRECTION ( 'NONE',  ( 0.000000000000000000, 0.000000000000000000, -1.000000000000000000 ) ) ;
#3370 = VECTOR ( 'NONE', #419, 1000.000000000000000 ) ;
#3371 = EDGE_LOOP ( 'NONE', ( #226, #4128, #4497, #119 ) ) ;
#3372 = EDGE_CURVE ( 'NONE', #4775, #2741, #590, .T. ) ;
#3373 = VERTEX_POINT ( 'NONE', #971 ) ;
#3374 = APPLICATION_CONTEXT ( 'automotive_design' ) ;
#3375 = CIRCLE ( 'NONE', #2618, 2.700000000000008171 ) ;
#3376 = FACE_OUTER_BOUND ( 'NONE', #4645, .T. ) ;
#3377 = LINE ( 'NONE', #2523, #3565 ) ;
#3378 = ORIENTED_EDGE ( 'NONE', *, *, #2037, .T. ) ;
#3379 = VERTEX_POINT ( 'NONE', #229 ) ;
#3380 = PLANE ( 'NONE',  #2328 ) ;
#3381 = DIRECTION ( 'NONE',  ( 8.673617379884035472E-17, 0.000000000000000000, 1.000000000000000000 ) ) ;
#3382 = LINE ( 'NONE', #1369, #1091 ) ;
#3383 = COLOUR_RGB ( '',0.7921568627450980005, 0.8196078431372548767, 0.9333333333333333481 ) ;
#3384 =( LENGTH_UNIT ( ) NAMED_UNIT ( * ) SI_UNIT ( .MILLI., .METRE. ) );
#3385 = PRODUCT_DEFINITION_SHAPE ( 'NONE', 'NONE',  #1428 ) ;
#3386 = EDGE_CURVE ( 'NONE', #2928, #4687, #553, .T. ) ;
#3387 = LINE ( 'NONE', #2563, #2876 ) ;
#3388 = AXIS2_PLACEMENT_3D ( 'NONE', #4139, #4474, #4875 ) ;
#3389 = LINE ( 'NONE', #5056, #4731 ) ;
#3390 = CARTESIAN_POINT ( 'NONE',  ( -47.00000000000130740, -71.40416029259168340, 6.000000000000000000 ) ) ;
#3391 = VECTOR ( 'NONE', #906, 999.9999999999998863 ) ;
#3392 = ORIENTED_EDGE ( 'NONE', *, *, #3107, .T. ) ;
#3393 = LINE ( 'NONE', #922, #5191 ) ;
#3394 = EDGE_LOOP ( 'NONE', ( #2135, #3628, #2661, #2995 ) ) ;
#3395 = ORIENTED_EDGE ( 'NONE', *, *, #3003, .T. ) ;
#3396 = DIRECTION ( 'NONE',  ( -0.000000000000000000, -0.000000000000000000, -1.000000000000000000 ) ) ;
#3397 = VECTOR ( 'NONE', #4182, 1000.000000000000000 ) ;
#3398 = DIRECTION ( 'NONE',  ( 3.645409442498240749E-15, -0.000000000000000000, 1.000000000000000000 ) ) ;
#3399 = CARTESIAN_POINT ( 'NONE',  ( -30.11334581156930312, -113.4041602925917118, 6.000000000000000000 ) ) ;
#3400 = PLANE ( 'NONE',  #3228 ) ;
#3401 = ORIENTED_EDGE ( 'NONE', *, *, #4540, .T. ) ;
#3402 = VECTOR ( 'NONE', #781, 1000.000000000000000 ) ;
#3403 = EDGE_CURVE ( 'NONE', #1163, #2101, #3323, .T. ) ;
#3404 = EDGE_LOOP ( 'NONE', ( #413, #4723, #2740, #236 ) ) ;
#3405 = ORIENTED_EDGE ( 'NONE', *, *, #847, .T. ) ;
#3406 = ADVANCED_FACE ( 'NONE', ( #2224 ), #1829, .T. ) ;
#3407 = CARTESIAN_POINT ( 'NONE',  ( -7.795795067367041753, 600.0000000000000000, 1.164549148362665543 ) ) ;
#3408 = CARTESIAN_POINT ( 'NONE',  ( 0.000000000000000000, 5.000000000000000000, -2.649999999999999911 ) ) ;
#3409 = EDGE_LOOP ( 'NONE', ( #5239, #903 ) ) ;
#3410 = VERTEX_POINT ( 'NONE', #642 ) ;
#3411 = CARTESIAN_POINT ( 'NONE',  ( 0.000000000000000000, 0.000000000000000000, 8.099549148362683582 ) ) ;
#3412 = EDGE_CURVE ( 'NONE', #2182, #4007, #1665, .T. ) ;
#3413 = DIRECTION ( 'NONE',  ( 0.000000000000000000, -0.000000000000000000, 1.000000000000000000 ) ) ;
#3414 = LINE ( 'NONE', #3471, #4135 ) ;
#3415 = CONICAL_SURFACE ( 'NONE', #4371, 6.250000000000000000, 0.7853981633974610466 ) ;
#3416 = FACE_OUTER_BOUND ( 'NONE', #896, .T. ) ;
#3417 = DIRECTION ( 'NONE',  ( -0.000000000000000000, 0.000000000000000000, 1.000000000000000000 ) ) ;
#3418 = LINE ( 'NONE', #4290, #3181 ) ;
#3419 = VERTEX_POINT ( 'NONE', #3874 ) ;
#3420 = DIRECTION ( 'NONE',  ( 0.000000000000000000, 0.000000000000000000, 1.000000000000000000 ) ) ;
#3421 = ORIENTED_EDGE ( 'NONE', *, *, #2686, .T. ) ;
#3422 = DIRECTION ( 'NONE',  ( -1.000000000000000000, 0.000000000000000000, 0.000000000000000000 ) ) ;
#3423 = PLANE ( 'NONE',  #460 ) ;
#3424 = DIRECTION ( 'NONE',  ( 0.7071067811865385799, 0.000000000000000000, -0.7071067811865565655 ) ) ;
#3425 = SHAPE_REPRESENTATION ( 'PlantCarriageAssembly', ( #2153, #4320, #1965, #4494, #2596, #929, #2148, #1097, #2767, #4137, #5360, #3018, #4405, #1791, #672, #2058 ), #1449 ) ;
#3426 = LINE ( 'NONE', #4189, #3135 ) ;
#3427 = ORIENTED_EDGE ( 'NONE', *, *, #4963, .F. ) ;
#3428 = VERTEX_POINT ( 'NONE', #5166 ) ;
#3429 = ORIENTED_EDGE ( 'NONE', *, *, #626, .T. ) ;
#3430 = PRODUCT_DEFINITION_SHAPE ( 'NONE', 'NONE',  #5293 ) ;
#3431 = VECTOR ( 'NONE', #716, 1000.000000000000000 ) ;
#3432 = LINE ( 'NONE', #1182, #1743 ) ;
#3433 = CARTESIAN_POINT ( 'NONE',  ( 0.4042049326329404946, 0.000000000000000000, -1.900450851637315974 ) ) ;
#3434 = ORIENTED_EDGE ( 'NONE', *, *, #4265, .F. ) ;
#3435 = EDGE_CURVE ( 'NONE', #4633, #3562, #4805, .T. ) ;
#3436 = VERTEX_POINT ( 'NONE', #4741 ) ;
#3437 = SURFACE_STYLE_USAGE ( .BOTH. , #1854 ) ;
#3438 = AXIS2_PLACEMENT_3D ( 'NONE', #2965, #1216, #4917 ) ;
#3439 = DIRECTION ( 'NONE',  ( 0.000000000000000000, 0.000000000000000000, -1.000000000000000000 ) ) ;
#3440 = EDGE_CURVE ( 'NONE', #2190, #2161, #1015, .T. ) ;
#3441 = CARTESIAN_POINT ( 'NONE',  ( -60.00000000000129319, -33.40416029259169051, -14.00000000000000000 ) ) ;
#3442 = ITEM_DEFINED_TRANSFORMATION ( 'NONE', 'NONE', #5360,  #1361 ) ;
#3443 = ADVANCED_FACE ( 'NONE', ( #1855 ), #3516, .T. ) ;
#3444 = AXIS2_PLACEMENT_3D ( 'NONE', #3849, #3820, #3875 ) ;
#3445 = VECTOR ( 'NONE', #2235, 1000.000000000000000 ) ;
#3446 = DIRECTION ( 'NONE',  ( 0.000000000000000000, 0.000000000000000000, -1.000000000000000000 ) ) ;
#3447 = ORIENTED_EDGE ( 'NONE', *, *, #1075, .F. ) ;
#3448 = EDGE_CURVE ( 'NONE', #1751, #5212, #1039, .T. ) ;
#3449 = DIRECTION ( 'NONE',  ( 0.000000000000000000, 0.000000000000000000, -1.000000000000000000 ) ) ;
#3450 = CARTESIAN_POINT ( 'NONE',  ( -7.795795067367058628, 600.0000000000000000, -4.965450851637321250 ) ) ;
#3451 = AXIS2_PLACEMENT_3D ( 'NONE', #2602, #4702, #1783 ) ;
#3452 = VECTOR ( 'NONE', #4661, 1000.000000000000000 ) ;
#3453 = DIRECTION ( 'NONE',  ( -1.000000000000000000, 0.000000000000000000, 0.000000000000000000 ) ) ;
#3454 = ORIENTED_EDGE ( 'NONE', *, *, #2004, .F. ) ;
#3455 = FACE_OUTER_BOUND ( 'NONE', #3238, .T. ) ;
#3456 = ORIENTED_EDGE ( 'NONE', *, *, #1103, .T. ) ;
#3457 = DIRECTION ( 'NONE',  ( -0.000000000000000000, -0.000000000000000000, 1.000000000000000000 ) ) ;
#3458 = CARTESIAN_POINT ( 'NONE',  ( 4.304204932632940128, 0.000000000000000000, 1.164549148362711950 ) ) ;
#3459 = DIRECTION ( 'NONE',  ( -1.000000000000000000, 0.000000000000000000, 0.000000000000000000 ) ) ;
#3460 = ORIENTED_EDGE ( 'NONE', *, *, #2662, .T. ) ;
#3461 = ADVANCED_FACE ( 'NONE', ( #1067 ), #2744, .T. ) ;
#3462 = ORIENTED_EDGE ( 'NONE', *, *, #2257, .T. ) ;
#3463 = DIRECTION ( 'NONE',  ( 1.000000000000000000, 0.000000000000000000, -8.673617379884035472E-17 ) ) ;
#3464 = CARTESIAN_POINT ( 'NONE',  ( -30.11334581156930312, -113.4041602925917118, 0.000000000000000000 ) ) ;
#3465 = EDGE_LOOP ( 'NONE', ( #3709, #1543, #2643, #2172 ) ) ;
#3466 = VERTEX_POINT ( 'NONE', #256 ) ;
#3467 = EDGE_CURVE ( 'NONE', #2635, #4633, #4329, .T. ) ;
#3468 = AXIS2_PLACEMENT_3D ( 'NONE', #2909, #3413, #1341 ) ;
#3469 = CARTESIAN_POINT ( 'NONE',  ( -7.795795067367047970, 600.0000000000000000, 1.666145632517386873E-14 ) ) ;
#3470 = EDGE_CURVE ( 'NONE', #1629, #231, #2415, .T. ) ;
#3471 = CARTESIAN_POINT ( 'NONE',  ( 0.000000000000000000, 600.0000000000000000, 8.099549148362683582 ) ) ;
#3472 = LINE ( 'NONE', #1477, #1214 ) ;
#3473 = DIRECTION ( 'NONE',  ( 0.000000000000000000, 0.000000000000000000, 1.000000000000000000 ) ) ;
#3474 = AXIS2_PLACEMENT_3D ( 'NONE', #3015, #1371, #3039 ) ;
#3475 = DIRECTION ( 'NONE',  ( -0.000000000000000000, -1.000000000000000000, -0.000000000000000000 ) ) ;
#3476 = EDGE_CURVE ( 'NONE', #2716, #2869, #1446, .T. ) ;
#3477 = FACE_OUTER_BOUND ( 'NONE', #1121, .T. ) ;
#3478 = CARTESIAN_POINT ( 'NONE',  ( 44.99999999999869971, -138.4041602925916834, -4.000000000000000000 ) ) ;
#3479 = LINE ( 'NONE', #161, #1012 ) ;
#3480 = AXIS2_PLACEMENT_3D ( 'NONE', #2387, #334, #5259 ) ;
#3481 = DIRECTION ( 'NONE',  ( -1.000000000000000000, 0.000000000000000000, 0.000000000000000000 ) ) ;
#3482 = FACE_OUTER_BOUND ( 'NONE', #5048, .T. ) ;
#3483 = CARTESIAN_POINT ( 'NONE',  ( 5.100000000000000533, -4.718447854656920030E-15, 0.000000000000000000 ) ) ;
#3484 = AXIS2_PLACEMENT_3D ( 'NONE', #1879, #1797, #3977 ) ;
#3485 =( REPRESENTATION_RELATIONSHIP ('NONE','NONE', #3425, #4399 ) REPRESENTATION_RELATIONSHIP_WITH_TRANSFORMATION ( #3442 )SHAPE_REPRESENTATION_RELATIONSHIP( ) );
#3486 = FACE_OUTER_BOUND ( 'NONE', #579, .T. ) ;
#3487 = AXIS2_PLACEMENT_3D ( 'NONE', #3641, #5304, #4888 ) ;
#3488 = ORIENTED_EDGE ( 'NONE', *, *, #944, .F. ) ;
#3489 = CARTESIAN_POINT ( 'NONE',  ( 4.304204932632935687, 0.000000000000000000, -1.644358435851917443E-14 ) ) ;
#3490 = VECTOR ( 'NONE', #4195, 1000.000000000000000 ) ;
#3491 = CARTESIAN_POINT ( 'NONE',  ( 15.11334581156675405, -113.4041602925917118, -4.000000000000000000 ) ) ;
#3492 = ORIENTED_EDGE ( 'NONE', *, *, #4196, .F. ) ;
#3493 =( LENGTH_UNIT ( ) NAMED_UNIT ( * ) SI_UNIT ( .MILLI., .METRE. ) );
#3494 = DIRECTION ( 'NONE',  ( 1.000000000000000000, 0.000000000000000000, 0.000000000000000000 ) ) ;
#3495 = ITEM_DEFINED_TRANSFORMATION ( 'NONE', 'NONE', #4320,  #1361 ) ;
#3496 = LINE ( 'NONE', #1043, #2879 ) ;
#3497 = CARTESIAN_POINT ( 'NONE',  ( -70.00000000000129319, -33.40416029259172603, 6.000000000000000000 ) ) ;
#3498 = LINE ( 'NONE', #1051, #2914 ) ;
#3499 = DIRECTION ( 'NONE',  ( 1.000000000000000000, 0.000000000000000000, -5.659782955878652504E-16 ) ) ;
#3500 = CARTESIAN_POINT ( 'NONE',  ( -5.299999999999999822, 0.000000000000000000, -6.250000000000000000 ) ) ;
#3501 = CARTESIAN_POINT ( 'NONE',  ( -60.00000000000129319, -143.4041602925917118, 6.000000000000000000 ) ) ;
#3502 = EDGE_CURVE ( 'NONE', #1070, #2944, #1525, .T. ) ;
#3503 = DIRECTION ( 'NONE',  ( -0.000000000000000000, -1.000000000000000000, -0.000000000000000000 ) ) ;
#3504 = CYLINDRICAL_SURFACE ( 'NONE', #202, 12.20000000000000107 ) ;
#3505 = PLANE ( 'NONE',  #532 ) ;
#3506 = CYLINDRICAL_SURFACE ( 'NONE', #1436, 2.700000000000001066 ) ;
#3507 = EDGE_CURVE ( 'NONE', #2418, #2474, #1821, .T. ) ;
#3508 = VERTEX_POINT ( 'NONE', #2638 ) ;
#3509 = EDGE_CURVE ( 'NONE', #3248, #4393, #635, .T. ) ;
#3510 = FACE_BOUND ( 'NONE', #1248, .T. ) ;
#3511 = CARTESIAN_POINT ( 'NONE',  ( 6.819710450593385431, 600.0000000000000000, 3.591375882058604585 ) ) ;
#3512 = ORIENTED_EDGE ( 'NONE', *, *, #4075, .T. ) ;
#3513 = ORIENTED_EDGE ( 'NONE', *, *, #2650, .F. ) ;
#3514 = CIRCLE ( 'NONE', #37, 2.700000000000001066 ) ;
#3515 = FACE_OUTER_BOUND ( 'NONE', #797, .T. ) ;
#3516 = PLANE ( 'NONE',  #2209 ) ;
#3517 = DIRECTION ( 'NONE',  ( 0.000000000000000000, 0.000000000000000000, 1.000000000000000000 ) ) ;
#3518 = ORIENTED_EDGE ( 'NONE', *, *, #4103, .F. ) ;
#3519 = PRODUCT_DEFINITION_SHAPE ( 'NONE', 'NONE',  #5385 ) ;
#3520 = FACE_OUTER_BOUND ( 'NONE', #2520, .T. ) ;
#3521 = EDGE_LOOP ( 'NONE', ( #2900, #3184, #2496, #2252 ) ) ;
#3522 = VECTOR ( 'NONE', #3311, 1000.000000000000114 ) ;
#3523 = ADVANCED_BREP_SHAPE_REPRESENTATION ( '', ( #507, #1361 ), #1876 ) ;
#3524 = CARTESIAN_POINT ( 'NONE',  ( 4.041334437186266003E-16, 5.000000000000000000, 3.300000000000000266 ) ) ;
#3525 = CARTESIAN_POINT ( 'NONE',  ( 5.113345811566754939, -113.4041602925917118, 0.000000000000000000 ) ) ;
#3526 = CONICAL_SURFACE ( 'NONE', #2326, 7.799999999999999822, 0.7853981633974574939 ) ;
#3527 = DIRECTION ( 'NONE',  ( 0.000000000000000000, 0.000000000000000000, 1.000000000000000000 ) ) ;
#3528 = PLANE ( 'NONE',  #1524 ) ;
#3529 = ADVANCED_FACE ( 'NONE', ( #3510, #4276 ), #1491, .T. ) ;
#3530 = VECTOR ( 'NONE', #3859, 999.9999999999998863 ) ;
#3531 = LINE ( 'NONE', #3099, #1953 ) ;
#3532 = CYLINDRICAL_SURFACE ( 'NONE', #4979, 4.999999999999999112 ) ;
#3533 = AXIS2_PLACEMENT_3D ( 'NONE', #2265, #1967, #5292 ) ;
#3534 = DIRECTION ( 'NONE',  ( 0.000000000000000000, 0.000000000000000000, 1.000000000000000000 ) ) ;
#3535 = EDGE_CURVE ( 'NONE', #2006, #1168, #1032, .T. ) ;
#3536 = DIRECTION ( 'NONE',  ( -0.000000000000000000, -1.000000000000000000, 0.000000000000000000 ) ) ;
#3537 = ORIENTED_EDGE ( 'NONE', *, *, #498, .F. ) ;
#3538 = EDGE_LOOP ( 'NONE', ( #4652, #2554, #4889, #4081 ) ) ;
#3539 = ADVANCED_FACE ( 'NONE', ( #3893 ), #1468, .F. ) ;
#3540 = EDGE_CURVE ( 'NONE', #2101, #1163, #1961, .T. ) ;
#3541 = DIRECTION ( 'NONE',  ( 0.000000000000000000, 0.000000000000000000, 1.000000000000000000 ) ) ;
#3542 = CARTESIAN_POINT ( 'NONE',  ( 39.99999999999869971, -43.40416029259172603, 6.000000000000000000 ) ) ;
#3543 = EDGE_LOOP ( 'NONE', ( #2981, #221, #3434, #2439 ) ) ;
#3544 = EDGE_CURVE ( 'NONE', #3803, #3428, #2599, .T. ) ;
#3545 = ORIENTED_EDGE ( 'NONE', *, *, #4242, .T. ) ;
#3546 = DIRECTION ( 'NONE',  ( 0.000000000000000000, 0.000000000000000000, 1.000000000000000000 ) ) ;
#3547 = LINE ( 'NONE', #1450, #4284 ) ;
#3548 = ITEM_DEFINED_TRANSFORMATION ( 'NONE', 'NONE', #2058,  #1361 ) ;
#3549 = LINE ( 'NONE', #1094, #3730 ) ;
#3550 = ORIENTED_EDGE ( 'NONE', *, *, #5308, .F. ) ;
#3551 = VERTEX_POINT ( 'NONE', #660 ) ;
#3552 = DIRECTION ( 'NONE',  ( -1.000000000000000000, 0.000000000000000000, 0.000000000000000000 ) ) ;
#3553 = CARTESIAN_POINT ( 'NONE',  ( 10.11334581156804369, -73.40416029259174024, 0.000000000000000000 ) ) ;
#3554 = AXIS2_PLACEMENT_3D ( 'NONE', #3501, #1458, #1811 ) ;
#3555 = EDGE_CURVE ( 'NONE', #4420, #3998, #248, .T. ) ;
#3556 = CARTESIAN_POINT ( 'NONE',  ( 9.404204932632943326, 600.0000000000000000, 8.099549148362683582 ) ) ;
#3557 = ORIENTED_EDGE ( 'NONE', *, *, #1591, .F. ) ;
#3558 = AXIS2_PLACEMENT_3D ( 'NONE', #2698, #207, #4693 ) ;
#3559 = FACE_OUTER_BOUND ( 'NONE', #1589, .T. ) ;
#3560 = DIRECTION ( 'NONE',  ( -0.000000000000000000, -1.000000000000000000, -0.000000000000000000 ) ) ;
#3561 = AXIS2_PLACEMENT_3D ( 'NONE', #592, #1451, #2772 ) ;
#3562 = VERTEX_POINT ( 'NONE', #5229 ) ;
#3563 = EDGE_LOOP ( 'NONE', ( #2796, #4981, #3331, #195 ) ) ;
#3564 = ORIENTED_EDGE ( 'NONE', *, *, #3940, .F. ) ;
#3565 = VECTOR ( 'NONE', #90, 1000.000000000000000 ) ;
#3566 = DIRECTION ( 'NONE',  ( 0.7041420118343195700, 0.000000000000000000, -0.7100591715976330986 ) ) ;
#3567 = ADVANCED_FACE ( 'NONE', ( #3697 ), #5253, .T. ) ;
#3568 = CYLINDRICAL_SURFACE ( 'NONE', #5219, 10.00000000000000178 ) ;
#3569 = ORIENTED_EDGE ( 'NONE', *, *, #4059, .F. ) ;
#3570 = ORIENTED_EDGE ( 'NONE', *, *, #1764, .T. ) ;
#3571 = EDGE_CURVE ( 'NONE', #2928, #1520, #4415, .T. ) ;
#3572 = VECTOR ( 'NONE', #1335, 1000.000000000000000 ) ;
#3573 = CARTESIAN_POINT ( 'NONE',  ( -30.11334581156930312, -73.40416029259171182, 6.000000000000000000 ) ) ;
#3574 = ORIENTED_EDGE ( 'NONE', *, *, #949, .T. ) ;
#3575 = VERTEX_POINT ( 'NONE', #3217 ) ;
#3576 = DIRECTION ( 'NONE',  ( 0.6955157936494219539, 0.000000000000000000, 0.7185108077017455797 ) ) ;
#3577 = VERTEX_POINT ( 'NONE', #686 ) ;
#3578 = ADVANCED_FACE ( 'NONE', ( #356 ), #1930, .F. ) ;
#3579 = PLANE ( 'NONE',  #649 ) ;
#3580 = CARTESIAN_POINT ( 'NONE',  ( -30.11334581156930312, -113.4041602925917118, -4.000000000000000000 ) ) ;
#3581 = CYLINDRICAL_SURFACE ( 'NONE', #3743, 2.699999999999999289 ) ;
#3582 = CARTESIAN_POINT ( 'NONE',  ( -30.11334581156930312, -113.4041602925917118, 6.000000000000000000 ) ) ;
#3583 = APPLICATION_CONTEXT ( 'automotive_design' ) ;
#3584 = VECTOR ( 'NONE', #2996, 1000.000000000000114 ) ;
#3585 = CARTESIAN_POINT ( 'NONE',  ( 3.683848051972810733, 600.0000000000000000, -3.714804758291923470 ) ) ;
#3586 = DIRECTION ( 'NONE',  ( 0.000000000000000000, 0.000000000000000000, -1.000000000000000000 ) ) ;
#3587 = CARTESIAN_POINT ( 'NONE',  ( -4.445795067367058984, 600.0000000000000000, 8.099549148362683582 ) ) ;
#3588 = CARTESIAN_POINT ( 'NONE',  ( -3.495795067367066800, 600.0000000000000000, -4.965450851637312368 ) ) ;
#3589 = ORIENTED_EDGE ( 'NONE', *, *, #3148, .T. ) ;
#3590 = AXIS2_PLACEMENT_3D ( 'NONE', #1475, #2303, #3981 ) ;
#3591 = ORIENTED_EDGE ( 'NONE', *, *, #4540, .F. ) ;
#3592 = EDGE_CURVE ( 'NONE', #3001, #3815, #2012, .T. ) ;
#3593 = DIRECTION ( 'NONE',  ( 1.000000000000000000, 0.000000000000000000, 0.000000000000000000 ) ) ;
#3594 = DIRECTION ( 'NONE',  ( 0.000000000000000000, 1.000000000000000000, 0.000000000000000000 ) ) ;
#3595 = ORIENTED_EDGE ( 'NONE', *, *, #1036, .T. ) ;
#3596 = VERTEX_POINT ( 'NONE', #3620 ) ;
#3597 = SURFACE_STYLE_FILL_AREA ( #531 ) ;
#3598 = VECTOR ( 'NONE', #2010, 1000.000000000000000 ) ;
#3599 = EDGE_CURVE ( 'NONE', #1915, #307, #2040, .T. ) ;
#3600 = LINE ( 'NONE', #5341, #2710 ) ;
#3601 = VERTEX_POINT ( 'NONE', #5283 ) ;
#3602 = ORIENTED_EDGE ( 'NONE', *, *, #5001, .T. ) ;
#3603 = CARTESIAN_POINT ( 'NONE',  ( 11.99999999999862155, -130.4041602925917118, 6.000000000000000000 ) ) ;
#3604 = ORIENTED_EDGE ( 'NONE', *, *, #3240, .F. ) ;
#3605 = ADVANCED_FACE ( 'NONE', ( #1544 ), #2407, .T. ) ;
#3606 = CARTESIAN_POINT ( 'NONE',  ( 4.304204932632940128, 600.0000000000000000, 1.164549148362711950 ) ) ;
#3607 = CARTESIAN_POINT ( 'NONE',  ( -30.11334581156930312, -73.40416029259171182, 0.000000000000000000 ) ) ;
#3608 = EDGE_CURVE ( 'NONE', #4052, #1418, #3242, .T. ) ;
#3609 = DIRECTION ( 'NONE',  ( -0.000000000000000000, -0.000000000000000000, -1.000000000000000000 ) ) ;
#3610 = AXIS2_PLACEMENT_3D ( 'NONE', #1135, #2838, #4408 ) ;
#3611 = LINE ( 'NONE', #3233, #2955 ) ;
#3612 = DIRECTION ( 'NONE',  ( -0.000000000000000000, -0.000000000000000000, 1.000000000000000000 ) ) ;
#3613 = CARTESIAN_POINT ( 'NONE',  ( -65.00000000000129319, -138.4041602925916834, -14.00000000000000000 ) ) ;
#3614 = CARTESIAN_POINT ( 'NONE',  ( 10.11334581156804369, -73.40416029259174024, 6.000000000000000000 ) ) ;
#3615 = ORIENTED_EDGE ( 'NONE', *, *, #4725, .T. ) ;
#3616 = ORIENTED_EDGE ( 'NONE', *, *, #185, .F. ) ;
#3617 = AXIS2_PLACEMENT_3D ( 'NONE', #5339, #4929, #873 ) ;
#3618 = ORIENTED_EDGE ( 'NONE', *, *, #1093, .F. ) ;
#3619 = VECTOR ( 'NONE', #2137, 1000.000000000000000 ) ;
#3620 = CARTESIAN_POINT ( 'NONE',  ( -32.00000000000127898, -130.4041602925916550, 0.000000000000000000 ) ) ;
#3621 = AXIS2_PLACEMENT_3D ( 'NONE', #3720, #1672, #1271 ) ;
#3622 = VECTOR ( 'NONE', #5199, 1000.000000000000000 ) ;
#3623 = CARTESIAN_POINT ( 'NONE',  ( 10.40420493263294155, 0.000000000000000000, 2.949549148362682338 ) ) ;
#3624 = ORIENTED_EDGE ( 'NONE', *, *, #2341, .T. ) ;
#3625 = ORIENTED_EDGE ( 'NONE', *, *, #2895, .F. ) ;
#3626 = FACE_OUTER_BOUND ( 'NONE', #4224, .T. ) ;
#3627 = ORIENTED_EDGE ( 'NONE', *, *, #3636, .T. ) ;
#3628 = ORIENTED_EDGE ( 'NONE', *, *, #2728, .F. ) ;
#3629 = CARTESIAN_POINT ( 'NONE',  ( 49.99999999999869971, -33.40416029259172603, 6.000000000000000000 ) ) ;
#3630 = ADVANCED_FACE ( 'NONE', ( #1593 ), #3262, .F. ) ;
#3631 = CARTESIAN_POINT ( 'NONE',  ( 1.783463740402442044, 600.0000000000000000, 1.798450830657924548 ) ) ;
#3632 = CARTESIAN_POINT ( 'NONE',  ( -6.500000000001271871, -71.33070671946410357, 6.000000000000000000 ) ) ;
#3633 = CARTESIAN_POINT ( 'NONE',  ( 8.604204932632942615, 600.0000000000000000, -4.965450851637322138 ) ) ;
#3634 = EDGE_CURVE ( 'NONE', #3596, #1125, #4522, .T. ) ;
#3635 = DIRECTION ( 'NONE',  ( 0.000000000000000000, 0.000000000000000000, 1.000000000000000000 ) ) ;
#3636 = EDGE_CURVE ( 'NONE', #2874, #3031, #1679, .T. ) ;
#3637 = AXIS2_PLACEMENT_3D ( 'NONE', #3735, #1713, #940 ) ;
#3638 = CARTESIAN_POINT ( 'NONE',  ( 0.000000000000000000, 600.0000000000000000, -11.90045085163731642 ) ) ;
#3639 = CARTESIAN_POINT ( 'NONE',  ( 5.904204932632940661, 600.0000000000000000, -10.10045085163731748 ) ) ;
#3640 = CARTESIAN_POINT ( 'NONE',  ( 0.000000000000000000, 9.797174393178825657E-16, 8.000000000000000000 ) ) ;
#3641 = CARTESIAN_POINT ( 'NONE',  ( -1.107687832066692080, 600.0000000000000000, -1.072237708017153013 ) ) ;
#3642 = ORIENTED_EDGE ( 'NONE', *, *, #1804, .F. ) ;
#3643 = ORIENTED_EDGE ( 'NONE', *, *, #1110, .T. ) ;
#3644 = VECTOR ( 'NONE', #3715, 1000.000000000000000 ) ;
#3645 = EDGE_LOOP ( 'NONE', ( #959, #1573, #938, #3027 ) ) ;
#3646 = ORIENTED_EDGE ( 'NONE', *, *, #3571, .T. ) ;
#3647 = DIRECTION ( 'NONE',  ( -0.000000000000000000, -0.000000000000000000, -1.000000000000000000 ) ) ;
#3648 = LINE ( 'NONE', #5312, #4527 ) ;
#3649 = VERTEX_POINT ( 'NONE', #3806 ) ;
#3650 = ORIENTED_EDGE ( 'NONE', *, *, #1284, .F. ) ;
#3651 = AXIS2_PLACEMENT_3D ( 'NONE', #3193, #4500, #362 ) ;
#3652 = CARTESIAN_POINT ( 'NONE',  ( -32.00000000000127898, -115.4041602925917260, 6.000000000000000000 ) ) ;
#3653 = CIRCLE ( 'NONE', #4441, 5.000000000000004441 ) ;
#3654 = CARTESIAN_POINT ( 'NONE',  ( 8.604204932632935510, 0.000000000000000000, -3.075191994861229720E-14 ) ) ;
#3655 = ORIENTED_EDGE ( 'NONE', *, *, #3012, .F. ) ;
#3656 = EDGE_LOOP ( 'NONE', ( #1065, #1111, #921, #2468 ) ) ;
#3657 = FILL_AREA_STYLE ('',( #4878 ) ) ;
#3658 = VERTEX_POINT ( 'NONE', #1645 ) ;
#3659 = CONICAL_SURFACE ( 'NONE', #4446, 6.250000000000000000, 0.7853981633974610466 ) ;
#3660 = LINE ( 'NONE', #4855, #3775 ) ;
#3661 = ADVANCED_FACE ( 'NONE', ( #2545 ), #80, .F. ) ;
#3662 = DIRECTION ( 'NONE',  ( 0.000000000000000000, 0.000000000000000000, -1.000000000000000000 ) ) ;
#3663 = FACE_OUTER_BOUND ( 'NONE', #2813, .T. ) ;
#3664 = DIRECTION ( 'NONE',  ( 0.7041420118343195700, 0.000000000000000000, 0.7100591715976330986 ) ) ;
#3665 = PLANE ( 'NONE',  #3170 ) ;
#3666 = EDGE_CURVE ( 'NONE', #3998, #2050, #2516, .T. ) ;
#3667 = LINE ( 'NONE', #2456, #2926 ) ;
#3668 = FACE_OUTER_BOUND ( 'NONE', #1885, .T. ) ;
#3669 = EDGE_CURVE ( 'NONE', #4949, #1520, #3776, .T. ) ;
#3670 = ORIENTED_EDGE ( 'NONE', *, *, #666, .F. ) ;
#3671 = ORIENTED_EDGE ( 'NONE', *, *, #3592, .T. ) ;
#3672 = VERTEX_POINT ( 'NONE', #4892 ) ;
#3673 = DIRECTION ( 'NONE',  ( 0.000000000000000000, 0.000000000000000000, -1.000000000000000000 ) ) ;
#3674 = CARTESIAN_POINT ( 'NONE',  ( -6.500000000001271871, -115.4776138657193201, 0.000000000000000000 ) ) ;
#3675 = ORIENTED_EDGE ( 'NONE', *, *, #2217, .F. ) ;
#3676 = ORIENTED_EDGE ( 'NONE', *, *, #1398, .F. ) ;
#3677 = CARTESIAN_POINT ( 'NONE',  ( -27.41334581156929673, -113.4041602925917118, 6.000000000000000000 ) ) ;
#3678 = ORIENTED_EDGE ( 'NONE', *, *, #1565, .T. ) ;
#3679 = ORIENTED_EDGE ( 'NONE', *, *, #3544, .T. ) ;
#3680 =( NAMED_UNIT ( * ) SI_UNIT ( $, .STERADIAN. ) SOLID_ANGLE_UNIT ( ) );
#3681 = CARTESIAN_POINT ( 'NONE',  ( 0.000000000000000000, 0.000000000000000000, 0.000000000000000000 ) ) ;
#3682 = DIRECTION ( 'NONE',  ( -1.000000000000000000, 0.000000000000000000, 0.000000000000000000 ) ) ;
#3683 = SHAPE_REPRESENTATION_RELATIONSHIP ( 'NONE' , 'NONE' ,  #7, #3910 ) ;
#3684 = DIRECTION ( 'NONE',  ( 0.000000000000000000, 0.000000000000000000, 1.000000000000000000 ) ) ;
#3685 = FACE_OUTER_BOUND ( 'NONE', #1654, .T. ) ;
#3686 = DIRECTION ( 'NONE',  ( 0.000000000000000000, 0.000000000000000000, -1.000000000000000000 ) ) ;
#3687 = DIRECTION ( 'NONE',  ( 1.000000000000000000, 0.000000000000000000, 0.000000000000000000 ) ) ;
#3688 = VECTOR ( 'NONE', #4090, 1000.000000000000000 ) ;
#3689 = PRODUCT_RELATED_PRODUCT_CATEGORY ( 'part', '', ( #961 ) ) ;
#3690 = ORIENTED_EDGE ( 'NONE', *, *, #315, .T. ) ;
#3691 = LINE ( 'NONE', #3770, #844 ) ;
#3692 = EDGE_CURVE ( 'NONE', #4384, #5366, #3694, .T. ) ;
#3693 = VERTEX_POINT ( 'NONE', #4129 ) ;
#3694 = LINE ( 'NONE', #2898, #4303 ) ;
#3695 = AXIS2_PLACEMENT_3D ( 'NONE', #3614, #1976, #5278 ) ;
#3696 = EDGE_CURVE ( 'NONE', #4977, #1437, #2543, .T. ) ;
#3697 = FACE_OUTER_BOUND ( 'NONE', #3645, .T. ) ;
#3698 = DIRECTION ( 'NONE',  ( 0.000000000000000000, 0.000000000000000000, -1.000000000000000000 ) ) ;
#3699 = ORIENTED_EDGE ( 'NONE', *, *, #1375, .F. ) ;
#3700 = VECTOR ( 'NONE', #2394, 1000.000000000000000 ) ;
#3701 = AXIS2_PLACEMENT_3D ( 'NONE', #151, #201, #4771 ) ;
#3702 = EDGE_CURVE ( 'NONE', #2609, #3577, #2222, .T. ) ;
#3703 = ORIENTED_EDGE ( 'NONE', *, *, #4115, .F. ) ;
#3704 = EDGE_CURVE ( 'NONE', #1852, #3165, #3073, .T. ) ;
#3705 = VECTOR ( 'NONE', #5234, 999.9999999999998863 ) ;
#3706 = ADVANCED_FACE ( 'NONE', ( #898 ), #1877, .F. ) ;
#3707 = CARTESIAN_POINT ( 'NONE',  ( 5.904204932632940661, 0.000000000000000000, 0.000000000000000000 ) ) ;
#3708 = EDGE_LOOP ( 'NONE', ( #4908, #3249, #4744, #2999 ) ) ;
#3709 = ORIENTED_EDGE ( 'NONE', *, *, #3760, .F. ) ;
#3710 = DIRECTION ( 'NONE',  ( -0.000000000000000000, -0.000000000000000000, -1.000000000000000000 ) ) ;
#3711 = SURFACE_SIDE_STYLE ('',( #751 ) ) ;
#3712 = CARTESIAN_POINT ( 'NONE',  ( 5.113345811566754939, -113.4041602925917118, -4.000000000000000000 ) ) ;
#3713 = DIRECTION ( 'NONE',  ( 0.7100591715976337648, 0.000000000000000000, 0.7041420118343189039 ) ) ;
#3714 = DIRECTION ( 'NONE',  ( -1.000000000000000000, 0.000000000000000000, 0.000000000000000000 ) ) ;
#3715 = DIRECTION ( 'NONE',  ( -0.000000000000000000, 0.000000000000000000, 1.000000000000000000 ) ) ;
#3716 = DIRECTION ( 'NONE',  ( -0.6943076225630967491, 0.000000000000000000, -0.7196783484660216335 ) ) ;
#3717 = EDGE_CURVE ( 'NONE', #3436, #4279, #1408, .T. ) ;
#3718 = DIRECTION ( 'NONE',  ( 0.000000000000000000, 0.000000000000000000, -1.000000000000000000 ) ) ;
#3719 = ORIENTED_EDGE ( 'NONE', *, *, #3760, .T. ) ;
#3720 = CARTESIAN_POINT ( 'NONE',  ( -2.517916185241519939E-14, 600.0000000000000000, -7.400450851637275562 ) ) ;
#3721 = VERTEX_POINT ( 'NONE', #4724 ) ;
#3722 = ORIENTED_EDGE ( 'NONE', *, *, #1110, .F. ) ;
#3723 = DIRECTION ( 'NONE',  ( 0.000000000000000000, 0.000000000000000000, 1.000000000000000000 ) ) ;
#3724 = ORIENTED_EDGE ( 'NONE', *, *, #4725, .F. ) ;
#3725 = ORIENTED_EDGE ( 'NONE', *, *, #1759, .F. ) ;
#3726 = AXIS2_PLACEMENT_3D ( 'NONE', #4142, #1234, #5055 ) ;
#3727 = EDGE_CURVE ( 'NONE', #181, #2976, #1702, .T. ) ;
#3728 = DIRECTION ( 'NONE',  ( -0.000000000000000000, -0.000000000000000000, 1.000000000000000000 ) ) ;
#3729 = EDGE_LOOP ( 'NONE', ( #1325, #5321, #1678, #4758, #513, #5285, #931, #1728 ) ) ;
#3730 = VECTOR ( 'NONE', #5211, 1000.000000000000000 ) ;
#3731 = ADVANCED_FACE ( 'NONE', ( #1785 ), #3773, .F. ) ;
#3732 = EDGE_LOOP ( 'NONE', ( #524, #1963, #3744, #4712 ) ) ;
#3733 = CARTESIAN_POINT ( 'NONE',  ( 1.492998484843117923, 0.000000000000000000, -1.547554209282115067 ) ) ;
#3734 = AXIS2_PLACEMENT_3D ( 'NONE', #610, #170, #3870 ) ;
#3735 = CARTESIAN_POINT ( 'NONE',  ( -30.11334581156930312, -73.40416029259171182, 0.000000000000000000 ) ) ;
#3736 = LINE ( 'NONE', #4145, #4918 ) ;
#3737 = PRODUCT_CONTEXT ( 'NONE', #3102, 'mechanical' ) ;
#3738 = EDGE_CURVE ( 'NONE', #2500, #4531, #1304, .T. ) ;
#3739 = VECTOR ( 'NONE', #2294, 1000.000000000000000 ) ;
#3740 = CARTESIAN_POINT ( 'NONE',  ( 5.100000000000000533, 9.797174393178825657E-16, -8.000000000000000000 ) ) ;
#3741 = CARTESIAN_POINT ( 'NONE',  ( -5.500000000000000000, 9.674709713264090115E-16, 7.799999999999999822 ) ) ;
#3742 = FACE_OUTER_BOUND ( 'NONE', #587, .T. ) ;
#3743 = AXIS2_PLACEMENT_3D ( 'NONE', #5218, #2344, #3175 ) ;
#3744 = ORIENTED_EDGE ( 'NONE', *, *, #1278, .F. ) ;
#3745 = DIRECTION ( 'NONE',  ( -0.000000000000000000, 1.000000000000000000, -0.000000000000000000 ) ) ;
#3746 = ORIENTED_EDGE ( 'NONE', *, *, #4809, .F. ) ;
#3747 = CARTESIAN_POINT ( 'NONE',  ( -60.00000000000129319, -153.4041602925917118, 6.000000000000000000 ) ) ;
#3748 = ORIENTED_EDGE ( 'NONE', *, *, #4100, .T. ) ;
#3749 = LINE ( 'NONE', #4525, #1267 ) ;
#3750 = ORIENTED_EDGE ( 'NONE', *, *, #1265, .F. ) ;
#3751 =( REPRESENTATION_RELATIONSHIP ('NONE','NONE', #3425, #7 ) REPRESENTATION_RELATIONSHIP_WITH_TRANSFORMATION ( #1856 )SHAPE_REPRESENTATION_RELATIONSHIP( ) );
#3752 = AXIS2_PLACEMENT_3D ( 'NONE', #2946, #4240, #1328 ) ;
#3753 = PRODUCT_RELATED_PRODUCT_CATEGORY ( 'part', '', ( #3868 ) ) ;
#3754 = CARTESIAN_POINT ( 'NONE',  ( 8.604204932632947944, 600.0000000000000000, 3.591375882058598812 ) ) ;
#3755 = ORIENTED_EDGE ( 'NONE', *, *, #4797, .F. ) ;
#3756 = ORIENTED_EDGE ( 'NONE', *, *, #4809, .T. ) ;
#3757 = CARTESIAN_POINT ( 'NONE',  ( -5.299999999999999822, 0.000000000000000000, 0.000000000000000000 ) ) ;
#3758 = CARTESIAN_POINT ( 'NONE',  ( -55.00000000000129319, -148.4041602925916834, -4.000000000000000000 ) ) ;
#3759 = CARTESIAN_POINT ( 'NONE',  ( 15.11334581156804546, -73.40416029259174024, -4.000000000000000000 ) ) ;
#3760 = EDGE_CURVE ( 'NONE', #231, #2154, #490, .T. ) ;
#3761 = LINE ( 'NONE', #2085, #5186 ) ;
#3762 = DIRECTION ( 'NONE',  ( 1.000000000000000000, 0.000000000000000000, 0.000000000000000000 ) ) ;
#3763 = CARTESIAN_POINT ( 'NONE',  ( 0.000000000000000000, 0.000000000000000000, 0.000000000000000000 ) ) ;
#3764 = ORIENTED_EDGE ( 'NONE', *, *, #4242, .F. ) ;
#3765 = ADVANCED_FACE ( 'NONE', ( #1326, #3482 ), #2604, .T. ) ;
#3766 = CARTESIAN_POINT ( 'NONE',  ( 3.469204932632941496, 600.0000000000000000, 1.999549148362688156 ) ) ;
#3767 = EDGE_CURVE ( 'NONE', #4531, #4475, #930, .T. ) ;
#3768 = CARTESIAN_POINT ( 'NONE',  ( 12.81334581156675867, -113.4041602925917118, 6.000000000000000000 ) ) ;
#3769 = ORIENTED_EDGE ( 'NONE', *, *, #3144, .T. ) ;
#3770 = CARTESIAN_POINT ( 'NONE',  ( 10.40420493263293977, 600.0000000000000000, -10.90045085163731464 ) ) ;
#3771 = EDGE_LOOP ( 'NONE', ( #1116, #2880 ) ) ;
#3772 = VERTEX_POINT ( 'NONE', #3363 ) ;
#3773 = CYLINDRICAL_SURFACE ( 'NONE', #2414, 2.700000000000004619 ) ;
#3774 = DIRECTION ( 'NONE',  ( 1.000000000000000000, 0.000000000000000000, 0.000000000000000000 ) ) ;
#3775 = VECTOR ( 'NONE', #700, 1000.000000000000000 ) ;
#3776 = CIRCLE ( 'NONE', #5257, 3.300000000000000266 ) ;
#3777 = CARTESIAN_POINT ( 'NONE',  ( -65.00000000000129319, -148.4041602925916834, -14.00000000000000000 ) ) ;
#3778 = ORIENTED_EDGE ( 'NONE', *, *, #1362, .F. ) ;
#3779 = ORIENTED_EDGE ( 'NONE', *, *, #1007, .T. ) ;
#3780 = CIRCLE ( 'NONE', #48, 12.20000000000000107 ) ;
#3781 = EDGE_LOOP ( 'NONE', ( #689, #3756, #2787, #5261 ) ) ;
#3782 = ADVANCED_FACE ( 'NONE', ( #47 ), #3833, .F. ) ;
#3783 = VECTOR ( 'NONE', #4153, 1000.000000000000000 ) ;
#3784 = LINE ( 'NONE', #3407, #3402 ) ;
#3785 = DIRECTION ( 'NONE',  ( 0.000000000000000000, 0.000000000000000000, 1.000000000000000000 ) ) ;
#3786 = VERTEX_POINT ( 'NONE', #5063 ) ;
#3787 = ORIENTED_EDGE ( 'NONE', *, *, #452, .T. ) ;
#3788 = VECTOR ( 'NONE', #3035, 1000.000000000000000 ) ;
#3789 = VECTOR ( 'NONE', #2253, 1000.000000000000000 ) ;
#3790 = DIRECTION ( 'NONE',  ( -1.000000000000000000, 0.000000000000000000, 0.000000000000000000 ) ) ;
#3791 = FACE_BOUND ( 'NONE', #3300, .T. ) ;
#3792 = DIRECTION ( 'NONE',  ( -1.396592535537255709E-14, 1.000000000000000000, -1.047444401652935116E-14 ) ) ;
#3793 = AXIS2_PLACEMENT_3D ( 'NONE', #104, #74, #3420 ) ;
#3794 = UNCERTAINTY_MEASURE_WITH_UNIT (LENGTH_MEASURE( 1.000000000000000082E-05 ), #1715, 'distance_accuracy_value', 'NONE');
#3795 = DIRECTION ( 'NONE',  ( 8.673617379884035472E-17, 0.000000000000000000, 1.000000000000000000 ) ) ;
#3796 = DIRECTION ( 'NONE',  ( 0.7185108077017455797, 0.000000000000000000, -0.6955157936494219539 ) ) ;
#3797 = DIRECTION ( 'NONE',  ( -1.000000000000000000, 0.000000000000000000, 0.000000000000000000 ) ) ;
#3798 = ADVANCED_FACE ( 'NONE', ( #4239 ), #953, .T. ) ;
#3799 = DIRECTION ( 'NONE',  ( 1.000000000000000000, 0.000000000000000000, 0.000000000000000000 ) ) ;
#3800 = ORIENTED_EDGE ( 'NONE', *, *, #3157, .F. ) ;
#3801 = DIRECTION ( 'NONE',  ( 1.000000000000000000, 0.000000000000000000, -0.000000000000000000 ) ) ;
#3802 = ADVANCED_FACE ( 'NONE', ( #3024 ), #1002, .T. ) ;
#3803 = VERTEX_POINT ( 'NONE', #2630 ) ;
#3804 = DIRECTION ( 'NONE',  ( -0.000000000000000000, -0.000000000000000000, -1.000000000000000000 ) ) ;
#3805 = CARTESIAN_POINT ( 'NONE',  ( 2.774999999999999911, 0.000000000000000000, 12.20000000000000107 ) ) ;
#3806 = CARTESIAN_POINT ( 'NONE',  ( 5.500000000000000000, 0.000000000000000000, -6.450000000000005507 ) ) ;
#3807 = DIRECTION ( 'NONE',  ( 1.000000000000000000, 0.000000000000000000, 0.000000000000000000 ) ) ;
#3808 = VERTEX_POINT ( 'NONE', #4269 ) ;
#3809 = VERTEX_POINT ( 'NONE', #545 ) ;
#3810 = EDGE_CURVE ( 'NONE', #300, #4683, #3861, .T. ) ;
#3811 = EDGE_LOOP ( 'NONE', ( #3245, #4873, #5251, #2873 ) ) ;
#3812 = AXIS2_PLACEMENT_3D ( 'NONE', #4753, #1892, #3023 ) ;
#3813 = CARTESIAN_POINT ( 'NONE',  ( -5.000000000000000000, 0.000000000000000000, -6.250000000000000000 ) ) ;
#3814 = LINE ( 'NONE', #5103, #267 ) ;
#3815 = VERTEX_POINT ( 'NONE', #4704 ) ;
#3816 = ORIENTED_EDGE ( 'NONE', *, *, #3448, .F. ) ;
#3817 = STYLED_ITEM ( 'NONE', ( #2527 ), #574 ) ;
#3818 = DIRECTION ( 'NONE',  ( 1.000000000000000000, 0.000000000000000000, 0.000000000000000000 ) ) ;
#3819 = CARTESIAN_POINT ( 'NONE',  ( 6.819710450593385431, 600.0000000000000000, 3.591375882058604585 ) ) ;
#3820 = DIRECTION ( 'NONE',  ( 0.000000000000000000, 0.000000000000000000, -1.000000000000000000 ) ) ;
#3821 = VECTOR ( 'NONE', #4112, 1000.000000000000000 ) ;
#3822 = DIRECTION ( 'NONE',  ( 1.000000000000000000, 0.000000000000000000, 0.000000000000000000 ) ) ;
#3823 = CARTESIAN_POINT ( 'NONE',  ( 5.000000000000000000, 0.000000000000000000, -6.250000000000000000 ) ) ;
#3824 = VECTOR ( 'NONE', #558, 1000.000000000000000 ) ;
#3825 = EDGE_CURVE ( 'NONE', #1406, #260, #2654, .T. ) ;
#3826 = DIRECTION ( 'NONE',  ( 0.000000000000000000, 0.000000000000000000, 1.000000000000000000 ) ) ;
#3827 = CARTESIAN_POINT ( 'NONE',  ( 10.40420493263294155, 0.000000000000000000, -9.024209272756028056E-16 ) ) ;
#3828 = DIRECTION ( 'NONE',  ( -3.574057125485275739E-15, 0.000000000000000000, -1.000000000000000000 ) ) ;
#3829 = VECTOR ( 'NONE', #1704, 1000.000000000000000 ) ;
#3830 = ORIENTED_EDGE ( 'NONE', *, *, #5204, .F. ) ;
#3831 = DIRECTION ( 'NONE',  ( -0.7071067811865520136, 0.000000000000000000, 0.7071067811865431318 ) ) ;
#3832 = ORIENTED_EDGE ( 'NONE', *, *, #3470, .T. ) ;
#3833 = CYLINDRICAL_SURFACE ( 'NONE', #1609, 2.700000000000001066 ) ;
#3834 = ADVANCED_FACE ( 'NONE', ( #3887 ), #163, .F. ) ;
#3835 = CIRCLE ( 'NONE', #798, 4.999999999999999112 ) ;
#3836 = DIRECTION ( 'NONE',  ( 0.000000000000000000, 0.000000000000000000, -1.000000000000000000 ) ) ;
#3837 = LINE ( 'NONE', #1758, #589 ) ;
#3838 = EDGE_CURVE ( 'NONE', #2974, #497, #4324, .T. ) ;
#3839 = DIRECTION ( 'NONE',  ( 0.000000000000000000, 0.000000000000000000, -1.000000000000000000 ) ) ;
#3840 = CARTESIAN_POINT ( 'NONE',  ( 0.000000000000000000, 600.0000000000000000, -10.10045085163731748 ) ) ;
#3841 = VERTEX_POINT ( 'NONE', #1178 ) ;
#3842 = EDGE_LOOP ( 'NONE', ( #2847, #389, #5018, #4920 ) ) ;
#3843 = ADVANCED_FACE ( 'NONE', ( #3914, #1023, #2446, #4754, #5323 ), #3528, .T. ) ;
#3844 = DIRECTION ( 'NONE',  ( -1.000000000000000000, 0.000000000000000000, 0.000000000000000000 ) ) ;
#3845 = DIRECTION ( 'NONE',  ( -9.462128050782600646E-16, 1.000000000000000000, 0.000000000000000000 ) ) ;
#3846 = ORIENTED_EDGE ( 'NONE', *, *, #4752, .T. ) ;
#3847 = VERTEX_POINT ( 'NONE', #5266 ) ;
#3848 = LINE ( 'NONE', #11, #604 ) ;
#3849 = CARTESIAN_POINT ( 'NONE',  ( 0.000000000000000000, 600.0000000000000000, 8.099549148362683582 ) ) ;
#3850 = AXIS2_PLACEMENT_3D ( 'NONE', #153, #3494, #1882 ) ;
#3851 = AXIS2_PLACEMENT_3D ( 'NONE', #608, #3463, #3133 ) ;
#3852 = DIRECTION ( 'NONE',  ( 0.7185108077017424710, 0.000000000000000000, -0.6955157936494249515 ) ) ;
#3853 = VERTEX_POINT ( 'NONE', #190 ) ;
#3854 = FACE_OUTER_BOUND ( 'NONE', #1347, .T. ) ;
#3855 = CARTESIAN_POINT ( 'NONE',  ( 1.783463740402442044, 600.0000000000000000, 1.798450830657924548 ) ) ;
#3856 = ADVANCED_FACE ( 'NONE', ( #4455 ), #1841, .F. ) ;
#3857 = CARTESIAN_POINT ( 'NONE',  ( 44.99999999999869971, -148.4041602925916834, -14.00000000000000000 ) ) ;
#3858 = ORIENTED_EDGE ( 'NONE', *, *, #1597, .F. ) ;
#3859 = DIRECTION ( 'NONE',  ( -0.7041420118343195700, 0.000000000000000000, 0.7100591715976330986 ) ) ;
#3860 = CARTESIAN_POINT ( 'NONE',  ( -3.495795067367054365, 0.000000000000000000, 8.161494552555607186E-15 ) ) ;
#3861 = LINE ( 'NONE', #3051, #2055 ) ;
#3862 = DIRECTION ( 'NONE',  ( -1.000000000000000000, 0.000000000000000000, 2.430272961665491466E-15 ) ) ;
#3863 =( REPRESENTATION_RELATIONSHIP ('NONE','NONE', #3425, #4399 ) REPRESENTATION_RELATIONSHIP_WITH_TRANSFORMATION ( #2226 )SHAPE_REPRESENTATION_RELATIONSHIP( ) );
#3864 = DIRECTION ( 'NONE',  ( 0.000000000000000000, 0.000000000000000000, 1.000000000000000000 ) ) ;
#3865 = ORIENTED_EDGE ( 'NONE', *, *, #176, .T. ) ;
#3866 = ORIENTED_EDGE ( 'NONE', *, *, #1911, .T. ) ;
#3867 = EDGE_CURVE ( 'NONE', #3466, #2309, #1531, .T. ) ;
#3868 = PRODUCT ( 'PlantCarriageTop', 'PlantCarriageTop', '', ( #4259 ) ) ;
#3869 = LINE ( 'NONE', #222, #4534 ) ;
#3870 = DIRECTION ( 'NONE',  ( 0.000000000000000000, 0.000000000000000000, -1.000000000000000000 ) ) ;
#3871 = ORIENTED_EDGE ( 'NONE', *, *, #1625, .T. ) ;
#3872 = ORIENTED_EDGE ( 'NONE', *, *, #1996, .T. ) ;
#3873 = VECTOR ( 'NONE', #5170, 1000.000000000000000 ) ;
#3874 = CARTESIAN_POINT ( 'NONE',  ( 0.000000000000000000, 0.000000000000000000, -2.649999999999999911 ) ) ;
#3875 = DIRECTION ( 'NONE',  ( -1.000000000000000000, 0.000000000000000000, -0.000000000000000000 ) ) ;
#3876 = CONTEXT_DEPENDENT_SHAPE_REPRESENTATION ( #3863, #621 ) ;
#3877 = AXIS2_PLACEMENT_3D ( 'NONE', #3580, #2803, #1483 ) ;
#3878 = CIRCLE ( 'NONE', #3969, 1.000000000000000000 ) ;
#3879 = CARTESIAN_POINT ( 'NONE',  ( -6.011300585327472135, 600.0000000000000000, 3.591375882058586821 ) ) ;
#3880 = AXIS2_PLACEMENT_3D ( 'NONE', #2272, #1849, #1440 ) ;
#3881 = CARTESIAN_POINT ( 'NONE',  ( -2.774999999999999911, 0.000000000000000000, 0.000000000000000000 ) ) ;
#3882 = DIRECTION ( 'NONE',  ( -1.000000000000000000, 0.000000000000000000, 0.000000000000000000 ) ) ;
#3883 = AXIS2_PLACEMENT_3D ( 'NONE', #2651, #570, #3885 ) ;
#3884 = PRESENTATION_LAYER_ASSIGNMENT (  '', '', ( #4321 ) ) ;
#3885 = DIRECTION ( 'NONE',  ( 0.000000000000000000, 0.000000000000000000, -1.000000000000000000 ) ) ;
#3886 = CARTESIAN_POINT ( 'NONE',  ( 5.904204932632940661, 600.0000000000000000, 0.000000000000000000 ) ) ;
#3887 = FACE_OUTER_BOUND ( 'NONE', #2603, .T. ) ;
#3888 = CARTESIAN_POINT ( 'NONE',  ( -32.00000000000128608, -56.40416029259167630, 6.000000000000000000 ) ) ;
#3889 = CARTESIAN_POINT ( 'NONE',  ( 3.469204932632941496, 600.0000000000000000, -10.10045085163731748 ) ) ;
#3890 = DIRECTION ( 'NONE',  ( 0.000000000000000000, -0.000000000000000000, 1.000000000000000000 ) ) ;
#3891 = ORIENTED_EDGE ( 'NONE', *, *, #1565, .F. ) ;
#3892 = VERTEX_POINT ( 'NONE', #727 ) ;
#3893 = FACE_OUTER_BOUND ( 'NONE', #3220, .T. ) ;
#3894 = LINE ( 'NONE', #1390, #814 ) ;
#3895 = PLANE ( 'NONE',  #438 ) ;
#3896 = ORIENTED_EDGE ( 'NONE', *, *, #220, .F. ) ;
#3897 = ORIENTED_EDGE ( 'NONE', *, *, #1933, .F. ) ;
#3898 = CARTESIAN_POINT ( 'NONE',  ( 7.413345811568043509, -73.40416029259174024, 0.000000000000000000 ) ) ;
#3899 = DIRECTION ( 'NONE',  ( 0.000000000000000000, 0.000000000000000000, 1.000000000000000000 ) ) ;
#3900 = CONTEXT_DEPENDENT_SHAPE_REPRESENTATION ( #3205, #3519 ) ;
#3901 = EDGE_CURVE ( 'NONE', #3841, #5134, #1581, .T. ) ;
#3902 = DIRECTION ( 'NONE',  ( 0.000000000000000000, 0.000000000000000000, 1.000000000000000000 ) ) ;
#3903 = AXIS2_PLACEMENT_3D ( 'NONE', #5121, #2628, #653 ) ;
#3904 = CARTESIAN_POINT ( 'NONE',  ( -55.00000000000129319, -48.40416029259169051, -14.00000000000000000 ) ) ;
#3905 = VECTOR ( 'NONE', #2798, 999.9999999999998863 ) ;
#3906 = DIRECTION ( 'NONE',  ( -1.000000000000000000, 0.000000000000000000, 0.000000000000000000 ) ) ;
#3907 = DIRECTION ( 'NONE',  ( -0.000000000000000000, -0.000000000000000000, -1.000000000000000000 ) ) ;
#3908 = EDGE_CURVE ( 'NONE', #4, #4231, #4504, .T. ) ;
#3909 = DIRECTION ( 'NONE',  ( 0.000000000000000000, 1.000000000000000000, 0.000000000000000000 ) ) ;
#3910 = ADVANCED_BREP_SHAPE_REPRESENTATION ( '', ( #2316, #1361 ), #4750 ) ;
#3911 = CONICAL_SURFACE ( 'NONE', #2444, 7.799999999999999822, 0.7853981633974574939 ) ;
#3912 = ORIENTED_EDGE ( 'NONE', *, *, #5001, .F. ) ;
#3913 = PRODUCT_DEFINITION_SHAPE ( 'NONE', 'NONE',  #5382 ) ;
#3914 = FACE_OUTER_BOUND ( 'NONE', #2338, .T. ) ;
#3915 = LINE ( 'NONE', #632, #4807 ) ;
#3916 = AXIS2_PLACEMENT_3D ( 'NONE', #1144, #2356, #2381 ) ;
#3917 = CARTESIAN_POINT ( 'NONE',  ( -32.00000000000128608, -56.40416029259167630, 6.000000000000000000 ) ) ;
#3918 = ORIENTED_EDGE ( 'NONE', *, *, #4730, .T. ) ;
#3919 = AXIS2_PLACEMENT_3D ( 'NONE', #4295, #3459, #1897 ) ;
#3920 = ORIENTED_EDGE ( 'NONE', *, *, #2564, .T. ) ;
#3921 = CARTESIAN_POINT ( 'NONE',  ( -65.00000000000129319, -148.4041602925916834, -4.000000000000000000 ) ) ;
#3922 = VECTOR ( 'NONE', #4069, 1000.000000000000000 ) ;
#3923 = DIRECTION ( 'NONE',  ( 0.000000000000000000, 1.000000000000000000, -0.000000000000000000 ) ) ;
#3924 = CARTESIAN_POINT ( 'NONE',  ( 34.99999999999869971, -148.4041602925916834, -4.000000000000000000 ) ) ;
#3925 = ORIENTED_EDGE ( 'NONE', *, *, #480, .F. ) ;
#3926 = ORIENTED_EDGE ( 'NONE', *, *, #2749, .T. ) ;
#3927 = DIRECTION ( 'NONE',  ( 0.000000000000000000, 0.000000000000000000, 1.000000000000000000 ) ) ;
#3928 = DIRECTION ( 'NONE',  ( 0.000000000000000000, 1.000000000000000000, 0.000000000000000000 ) ) ;
#3929 = ORIENTED_EDGE ( 'NONE', *, *, #2, .T. ) ;
#3930 = ADVANCED_FACE ( 'NONE', ( #2703 ), #2149, .T. ) ;
#3931 = DIRECTION ( 'NONE',  ( 0.000000000000000000, 0.000000000000000000, -1.000000000000000000 ) ) ;
#3932 = EDGE_CURVE ( 'NONE', #842, #2874, #366, .T. ) ;
#3933 =( REPRESENTATION_RELATIONSHIP ('NONE','NONE', #3425, #7 ) REPRESENTATION_RELATIONSHIP_WITH_TRANSFORMATION ( #2694 )SHAPE_REPRESENTATION_RELATIONSHIP( ) );
#3934 = DIRECTION ( 'NONE',  ( 0.000000000000000000, 0.000000000000000000, 1.000000000000000000 ) ) ;
#3935 = LINE ( 'NONE', #1129, #484 ) ;
#3936 = CARTESIAN_POINT ( 'NONE',  ( 49.99999999999869971, -153.4041602925917118, 6.000000000000000000 ) ) ;
#3937 = EDGE_CURVE ( 'NONE', #5365, #103, #582, .T. ) ;
#3938 = ORIENTED_EDGE ( 'NONE', *, *, #4105, .T. ) ;
#3939 = DIRECTION ( 'NONE',  ( 0.000000000000000000, 0.000000000000000000, 1.000000000000000000 ) ) ;
#3940 = EDGE_CURVE ( 'NONE', #2405, #4362, #3878, .T. ) ;
#3941 = PLANE ( 'NONE',  #2989 ) ;
#3942 = DIRECTION ( 'NONE',  ( -1.000000000000000000, 0.000000000000000000, 0.000000000000000000 ) ) ;
#3943 = EDGE_CURVE ( 'NONE', #306, #3998, #213, .T. ) ;
#3944 = CARTESIAN_POINT ( 'NONE',  ( 4.304204932632935687, 600.0000000000000000, -1.644358435851917443E-14 ) ) ;
#3945 = ORIENTED_EDGE ( 'NONE', *, *, #319, .T. ) ;
#3946 = ORIENTED_EDGE ( 'NONE', *, *, #2007, .F. ) ;
#3947 = DIRECTION ( 'NONE',  ( 1.000000000000000000, 0.000000000000000000, 0.000000000000000000 ) ) ;
#3948 =( NAMED_UNIT ( * ) PLANE_ANGLE_UNIT ( ) SI_UNIT ( $, .RADIAN. ) );
#3949 = LINE ( 'NONE', #2274, #5376 ) ;
#3950 = ORIENTED_EDGE ( 'NONE', *, *, #108, .F. ) ;
#3951 = VECTOR ( 'NONE', #891, 1000.000000000000000 ) ;
#3952 = AXIS2_PLACEMENT_3D ( 'NONE', #1980, #3647, #1571 ) ;
#3953 = CARTESIAN_POINT ( 'NONE',  ( -32.00000000000127898, -115.4041602925917260, 6.000000000000000000 ) ) ;
#3954 = VECTOR ( 'NONE', #3199, 1000.000000000000000 ) ;
#3955 = DIRECTION ( 'NONE',  ( 1.000000000000000000, 0.000000000000000000, -0.000000000000000000 ) ) ;
#3956 = ORIENTED_EDGE ( 'NONE', *, *, #1870, .F. ) ;
#3957 = ORIENTED_EDGE ( 'NONE', *, *, #1424, .T. ) ;
#3958 =( NAMED_UNIT ( * ) SI_UNIT ( $, .STERADIAN. ) SOLID_ANGLE_UNIT ( ) );
#3959 = ORIENTED_EDGE ( 'NONE', *, *, #3241, .T. ) ;
#3960 = CONICAL_SURFACE ( 'NONE', #1956, 6.450000000000000178, 0.7853981633974440602 ) ;
#3961 = CARTESIAN_POINT ( 'NONE',  ( 5.254204932632941194, 600.0000000000000000, 8.099549148362683582 ) ) ;
#3962 = CARTESIAN_POINT ( 'NONE',  ( 6.819710450593335693, 0.000000000000000000, -7.400450851637299543 ) ) ;
#3963 = DIRECTION ( 'NONE',  ( -1.000000000000000000, 0.000000000000000000, 0.000000000000000000 ) ) ;
#3964 = AXIS2_PLACEMENT_3D ( 'NONE', #3305, #4538, #447 ) ;
#3965 = CARTESIAN_POINT ( 'NONE',  ( 5.299999999999999822, 0.000000000000000000, 0.000000000000000000 ) ) ;
#3966 =( REPRESENTATION_RELATIONSHIP ('NONE','NONE', #3425, #7 ) REPRESENTATION_RELATIONSHIP_WITH_TRANSFORMATION ( #4666 )SHAPE_REPRESENTATION_RELATIONSHIP( ) );
#3967 = DIRECTION ( 'NONE',  ( 7.885106708985497662E-17, 1.000000000000000000, 0.000000000000000000 ) ) ;
#3968 = LINE ( 'NONE', #239, #4462 ) ;
#3969 = AXIS2_PLACEMENT_3D ( 'NONE', #1608, #3277, #754 ) ;
#3970 = EDGE_CURVE ( 'NONE', #842, #3161, #4038, .T. ) ;
#3971 = FACE_OUTER_BOUND ( 'NONE', #2269, .T. ) ;
#3972 = AXIS2_PLACEMENT_3D ( 'NONE', #3079, #196, #168 ) ;
#3973 = ADVANCED_FACE ( 'NONE', ( #3229 ), #4065, .F. ) ;
#3974 = LINE ( 'NONE', #3944, #1644 ) ;
#3975 = ORIENTED_EDGE ( 'NONE', *, *, #2314, .F. ) ;
#3976 = FILL_AREA_STYLE ('',( #2299 ) ) ;
#3977 = DIRECTION ( 'NONE',  ( 1.000000000000000000, 0.000000000000000000, 0.000000000000000000 ) ) ;
#3978 = ORIENTED_EDGE ( 'NONE', *, *, #3901, .F. ) ;
#3979 = ORIENTED_EDGE ( 'NONE', *, *, #749, .T. ) ;
#3980 = DIRECTION ( 'NONE',  ( 0.000000000000000000, 0.000000000000000000, -1.000000000000000000 ) ) ;
#3981 = DIRECTION ( 'NONE',  ( -1.000000000000000000, 0.000000000000000000, 0.000000000000000000 ) ) ;
#3982 = LINE ( 'NONE', #1421, #4692 ) ;
#3983 = ORIENTED_EDGE ( 'NONE', *, *, #2756, .F. ) ;
#3984 = ORIENTED_EDGE ( 'NONE', *, *, #4865, .F. ) ;
#3985 =( NAMED_UNIT ( * ) PLANE_ANGLE_UNIT ( ) SI_UNIT ( $, .RADIAN. ) );
#3986 = DIRECTION ( 'NONE',  ( -0.000000000000000000, -0.000000000000000000, 1.000000000000000000 ) ) ;
#3987 = DIRECTION ( 'NONE',  ( 1.000000000000000000, 0.000000000000000000, 0.000000000000000000 ) ) ;
#3988 = VECTOR ( 'NONE', #3527, 1000.000000000000000 ) ;
#3989 = CYLINDRICAL_SURFACE ( 'NONE', #2894, 2.100000000000000089 ) ;
#3990 = CARTESIAN_POINT ( 'NONE',  ( 5.904204932632940661, 600.0000000000000000, -10.10045085163731748 ) ) ;
#3991 = ADVANCED_FACE ( 'NONE', ( #1432 ), #3380, .T. ) ;
#3992 = CIRCLE ( 'NONE', #2087, 10.00000000000000178 ) ;
#3993 = DIRECTION ( 'NONE',  ( -0.000000000000000000, -1.000000000000000000, -0.000000000000000000 ) ) ;
#3994 = DIRECTION ( 'NONE',  ( 0.000000000000000000, 0.000000000000000000, 1.000000000000000000 ) ) ;
#3995 = FACE_BOUND ( 'NONE', #1577, .T. ) ;
#3996 = PRODUCT_DEFINITION ( 'UNKNOWN', '', #4842, #2051 ) ;
#3997 = VECTOR ( 'NONE', #4962, 999.9999999999998863 ) ;
#3998 = VERTEX_POINT ( 'NONE', #2503 ) ;
#3999 = EDGE_LOOP ( 'NONE', ( #46, #4266 ) ) ;
#4000 = EDGE_LOOP ( 'NONE', ( #4566, #3062 ) ) ;
#4001 = AXIS2_PLACEMENT_3D ( 'NONE', #4197, #5073, #468 ) ;
#4002 = ADVANCED_FACE ( 'NONE', ( #4582 ), #909, .F. ) ;
#4003 = PLANE ( 'NONE',  #1049 ) ;
#4004 = ORIENTED_EDGE ( 'NONE', *, *, #1532, .T. ) ;
#4005 = AXIS2_PLACEMENT_3D ( 'NONE', #1027, #3864, #549 ) ;
#4006 = EDGE_CURVE ( 'NONE', #147, #4465, #2111, .T. ) ;
#4007 = VERTEX_POINT ( 'NONE', #857 ) ;
#4008 = EDGE_CURVE ( 'NONE', #3562, #515, #4535, .T. ) ;
#4009 = AXIS2_PLACEMENT_3D ( 'NONE', #627, #3453, #2598 ) ;
#4010 = ADVANCED_FACE ( 'NONE', ( #1290, #4116 ), #503, .F. ) ;
#4011 = DIRECTION ( 'NONE',  ( 0.000000000000000000, -0.000000000000000000, 1.000000000000000000 ) ) ;
#4012 = ORIENTED_EDGE ( 'NONE', *, *, #5264, .F. ) ;
#4013 = EDGE_LOOP ( 'NONE', ( #3871, #4826, #3219, #2151 ) ) ;
#4014 = PRODUCT_DEFINITION_CONTEXT ( 'detailed design', #3583, 'design' ) ;
#4015 =( LENGTH_UNIT ( ) NAMED_UNIT ( * ) SI_UNIT ( .MILLI., .METRE. ) );
#4016 = DIRECTION ( 'NONE',  ( 1.000000000000000000, 0.000000000000000000, 0.000000000000000000 ) ) ;
#4017 = DIRECTION ( 'NONE',  ( -0.000000000000000000, -1.000000000000000000, -0.000000000000000000 ) ) ;
#4018 =( NAMED_UNIT ( * ) PLANE_ANGLE_UNIT ( ) SI_UNIT ( $, .RADIAN. ) );
#4019 = DIRECTION ( 'NONE',  ( 0.000000000000000000, 0.000000000000000000, -1.000000000000000000 ) ) ;
#4020 = DIRECTION ( 'NONE',  ( -1.000000000000000000, 0.000000000000000000, 3.645409442498240749E-15 ) ) ;
#4021 = FACE_OUTER_BOUND ( 'NONE', #4136, .T. ) ;
#4022 = LINE ( 'NONE', #681, #1936 ) ;
#4023 = DIRECTION ( 'NONE',  ( 0.000000000000000000, 0.000000000000000000, -1.000000000000000000 ) ) ;
#4024 = VERTEX_POINT ( 'NONE', #3758 ) ;
#4025 = ORIENTED_EDGE ( 'NONE', *, *, #142, .T. ) ;
#4026 = AXIS2_PLACEMENT_3D ( 'NONE', #3469, #4364, #2279 ) ;
#4027 = EDGE_LOOP ( 'NONE', ( #5067, #2723 ) ) ;
#4028 = CARTESIAN_POINT ( 'NONE',  ( 0.000000000000000000, 0.000000000000000000, -10.10045085163731748 ) ) ;
#4029 = ORIENTED_EDGE ( 'NONE', *, *, #4301, .T. ) ;
#4030 = EDGE_CURVE ( 'NONE', #1437, #4605, #4225, .T. ) ;
#4031 = ORIENTED_EDGE ( 'NONE', *, *, #878, .T. ) ;
#4032 = EDGE_CURVE ( 'NONE', #2215, #4190, #394, .T. ) ;
#4033 = LINE ( 'NONE', #1120, #177 ) ;
#4034 = VERTEX_POINT ( 'NONE', #805 ) ;
#4035 = ADVANCED_FACE ( 'NONE', ( #1712 ), #1257, .T. ) ;
#4036 = ORIENTED_EDGE ( 'NONE', *, *, #568, .T. ) ;
#4037 = SURFACE_STYLE_FILL_AREA ( #4394 ) ;
#4038 = LINE ( 'NONE', #3629, #2238 ) ;
#4039 = LINE ( 'NONE', #5324, #3688 ) ;
#4040 = CARTESIAN_POINT ( 'NONE',  ( 0.000000000000000000, 5.000000000000000000, 0.000000000000000000 ) ) ;
#4041 = CARTESIAN_POINT ( 'NONE',  ( -1.382641216610194901, 600.0000000000000000, 1.394260050363224313 ) ) ;
#4042 = VECTOR ( 'NONE', #3560, 1000.000000000000000 ) ;
#4043 = DIRECTION ( 'NONE',  ( -0.000000000000000000, -0.000000000000000000, -1.000000000000000000 ) ) ;
#4044 = DIRECTION ( 'NONE',  ( -0.000000000000000000, -1.000000000000000000, -0.000000000000000000 ) ) ;
#4045 = CARTESIAN_POINT ( 'NONE',  ( -5.299999999999999822, 0.000000000000000000, 0.000000000000000000 ) ) ;
#4046 = CARTESIAN_POINT ( 'NONE',  ( 5.299999999999999822, 5.204748896376250699E-16, 4.250000000000000000 ) ) ;
#4047 = AXIS2_PLACEMENT_3D ( 'NONE', #1807, #2231, #918 ) ;
#4048 = CARTESIAN_POINT ( 'NONE',  ( 5.000000000000000000, 7.654042494670957606E-16, 6.250000000000000000 ) ) ;
#4049 = ORIENTED_EDGE ( 'NONE', *, *, #64, .T. ) ;
#4050 = ORIENTED_EDGE ( 'NONE', *, *, #5223, .F. ) ;
#4051 = AXIS2_PLACEMENT_3D ( 'NONE', #4191, #4954, #1224 ) ;
#4052 = VERTEX_POINT ( 'NONE', #1744 ) ;
#4053 = CARTESIAN_POINT ( 'NONE',  ( -5.299999999999999822, 0.000000000000000000, -8.000000000000000000 ) ) ;
#4054 = AXIS2_PLACEMENT_3D ( 'NONE', #4210, #4267, #543 ) ;
#4055 = CARTESIAN_POINT ( 'NONE',  ( -2.660795067367058842, 0.000000000000000000, -10.10045085163731748 ) ) ;
#4056 = EDGE_LOOP ( 'NONE', ( #4502, #1069, #5208, #2019 ) ) ;
#4057 = EDGE_LOOP ( 'NONE', ( #1942, #1037, #2283, #1095 ) ) ;
#4058 = VECTOR ( 'NONE', #162, 999.9999999999998863 ) ;
#4059 = EDGE_CURVE ( 'NONE', #2405, #5099, #830, .T. ) ;
#4060 = DIRECTION ( 'NONE',  ( 1.000000000000000000, 0.000000000000000000, 0.000000000000000000 ) ) ;
#4061 = ORIENTED_EDGE ( 'NONE', *, *, #474, .T. ) ;
#4062 = ORIENTED_EDGE ( 'NONE', *, *, #2255, .T. ) ;
#4063 = LINE ( 'NONE', #1579, #3905 ) ;
#4064 = ORIENTED_EDGE ( 'NONE', *, *, #5133, .T. ) ;
#4065 = PLANE ( 'NONE',  #4662 ) ;
#4066 = DIRECTION ( 'NONE',  ( 0.000000000000000000, -1.000000000000000000, 0.000000000000000000 ) ) ;
#4067 = EDGE_CURVE ( 'NONE', #2101, #4853, #2883, .T. ) ;
#4068 = CARTESIAN_POINT ( 'NONE',  ( -32.00000000000127898, -71.40416029259172603, 6.000000000000000000 ) ) ;
#4069 = DIRECTION ( 'NONE',  ( 1.000000000000000000, 0.000000000000000000, 0.000000000000000000 ) ) ;
#4070 = CARTESIAN_POINT ( 'NONE',  ( -1.400546577805566351, 600.0000000000000000, 1.388875356323853394 ) ) ;
#4071 = CARTESIAN_POINT ( 'NONE',  ( 11.99999999999872458, -56.40416029259167630, 6.000000000000000000 ) ) ;
#4072 = EDGE_CURVE ( 'NONE', #3601, #4686, #1657, .T. ) ;
#4073 = DIRECTION ( 'NONE',  ( -1.000000000000000000, 0.000000000000000000, 0.000000000000000000 ) ) ;
#4074 = CARTESIAN_POINT ( 'NONE',  ( 9.404204932632941549, 600.0000000000000000, -11.90045085163731642 ) ) ;
#4075 = EDGE_CURVE ( 'NONE', #4420, #5099, #968, .T. ) ;
#4076 = ORIENTED_EDGE ( 'NONE', *, *, #1937, .F. ) ;
#4077 = AXIS2_PLACEMENT_3D ( 'NONE', #339, #1176, #1887 ) ;
#4078 = VERTEX_POINT ( 'NONE', #3898 ) ;
#4079 = LINE ( 'NONE', #1546, #4083 ) ;
#4080 = VERTEX_POINT ( 'NONE', #2671 ) ;
#4081 = ORIENTED_EDGE ( 'NONE', *, *, #2620, .F. ) ;
#4082 = VECTOR ( 'NONE', #4743, 1000.000000000000000 ) ;
#4083 = VECTOR ( 'NONE', #3218, 999.9999999999998863 ) ;
#4084 = LINE ( 'NONE', #1576, #5047 ) ;
#4085 = ORIENTED_EDGE ( 'NONE', *, *, #4032, .T. ) ;
#4086 = ORIENTED_EDGE ( 'NONE', *, *, #1456, .F. ) ;
#4087 = CARTESIAN_POINT ( 'NONE',  ( -5.299999999999999822, 0.000000000000000000, 0.000000000000000000 ) ) ;
#4088 = CIRCLE ( 'NONE', #4529, 3.300000000000000266 ) ;
#4089 = CARTESIAN_POINT ( 'NONE',  ( -9.595795067367058451, 600.0000000000000000, 2.949549148362682338 ) ) ;
#4090 = DIRECTION ( 'NONE',  ( 1.000000000000000000, 0.000000000000000000, 0.000000000000000000 ) ) ;
#4091 = DIRECTION ( 'NONE',  ( 0.000000000000000000, 0.000000000000000000, 1.000000000000000000 ) ) ;
#4092 = CARTESIAN_POINT ( 'NONE',  ( 0.000000000000000000, 0.000000000000000000, 0.000000000000000000 ) ) ;
#4093 = ADVANCED_FACE ( 'NONE', ( #3515 ), #121, .T. ) ;
#4094 = PLANE ( 'NONE',  #2460 ) ;
#4095 = LINE ( 'NONE', #2430, #1118 ) ;
#4096 = EDGE_CURVE ( 'NONE', #2471, #1852, #4402, .T. ) ;
#4097 = CARTESIAN_POINT ( 'NONE',  ( 5.500000000000000000, 0.000000000000000000, 0.000000000000000000 ) ) ;
#4098 = DIRECTION ( 'NONE',  ( 1.000000000000000000, 0.000000000000000000, 0.000000000000000000 ) ) ;
#4099 = MANIFOLD_SOLID_BREP ( 'K\X\F6rper2[1]', #1630 ) ;
#4100 = EDGE_CURVE ( 'NONE', #3721, #4759, #227, .T. ) ;
#4101 = FACE_OUTER_BOUND ( 'NONE', #2696, .T. ) ;
#4102 = EDGE_LOOP ( 'NONE', ( #3429, #1254, #4209, #663 ) ) ;
#4103 = EDGE_CURVE ( 'NONE', #4814, #659, #4689, .T. ) ;
#4104 = ORIENTED_EDGE ( 'NONE', *, *, #3107, .F. ) ;
#4105 = EDGE_CURVE ( 'NONE', #5282, #1089, #2768, .T. ) ;
#4106 = CARTESIAN_POINT ( 'NONE',  ( 5.500000000000000000, 0.000000000000000000, 0.000000000000000000 ) ) ;
#4107 = VECTOR ( 'NONE', #1757, 1000.000000000000000 ) ;
#4108 = DIRECTION ( 'NONE',  ( 1.000000000000000000, 0.000000000000000000, 0.000000000000000000 ) ) ;
#4109 = ORIENTED_EDGE ( 'NONE', *, *, #4442, .F. ) ;
#4110 = CARTESIAN_POINT ( 'NONE',  ( 5.500000000000000000, 0.000000000000000000, 0.000000000000000000 ) ) ;
#4111 = EDGE_LOOP ( 'NONE', ( #3891, #364, #1478, #5041 ) ) ;
#4112 = DIRECTION ( 'NONE',  ( -0.000000000000000000, -1.000000000000000000, -0.000000000000000000 ) ) ;
#4113 = ORIENTED_EDGE ( 'NONE', *, *, #3467, .F. ) ;
#4114 = ORIENTED_EDGE ( 'NONE', *, *, #1469, .T. ) ;
#4115 = EDGE_CURVE ( 'NONE', #928, #2572, #1340, .T. ) ;
#4116 = FACE_OUTER_BOUND ( 'NONE', #206, .T. ) ;
#4117 = MANIFOLD_SOLID_BREP ( 'Boss-Extrude2', #2352 ) ;
#4118 = DIRECTION ( 'NONE',  ( -0.7196783484660216335, 0.000000000000000000, 0.6943076225630967491 ) ) ;
#4119 = CARTESIAN_POINT ( 'NONE',  ( 34.99999999999869971, -38.40416029259168340, -4.000000000000000000 ) ) ;
#4120 = CARTESIAN_POINT ( 'NONE',  ( -22.30823265886965601, 13.57851704799704962, -26.06685170827109133 ) ) ;
#4121 = DIRECTION ( 'NONE',  ( -0.000000000000000000, -1.000000000000000000, -0.000000000000000000 ) ) ;
#4122 = VECTOR ( 'NONE', #1237, 1000.000000000000000 ) ;
#4123 = DIRECTION ( 'NONE',  ( 0.000000000000000000, -1.000000000000000000, 0.000000000000000000 ) ) ;
#4124 = DIRECTION ( 'NONE',  ( -1.000000000000000000, 0.000000000000000000, 3.402382146331606563E-15 ) ) ;
#4125 = EDGE_CURVE ( 'NONE', #5255, #4847, #3221, .T. ) ;
#4126 = ORIENTED_EDGE ( 'NONE', *, *, #1625, .F. ) ;
#4127 = ORIENTED_EDGE ( 'NONE', *, *, #615, .T. ) ;
#4128 = ORIENTED_EDGE ( 'NONE', *, *, #298, .T. ) ;
#4129 = CARTESIAN_POINT ( 'NONE',  ( -6.500000000001275424, -75.33070671946410357, 0.000000000000000000 ) ) ;
#4130 = EDGE_CURVE ( 'NONE', #3575, #388, #2644, .T. ) ;
#4131 = CIRCLE ( 'NONE', #225, 2.500000000000000000 ) ;
#4132 = ADVANCED_FACE ( 'NONE', ( #4901 ), #4473, .T. ) ;
#4133 = CARTESIAN_POINT ( 'NONE',  ( 4.041334437186266003E-16, 0.000000000000000000, 3.300000000000000266 ) ) ;
#4134 = EDGE_LOOP ( 'NONE', ( #3748, #1853, #3492, #4185 ) ) ;
#4135 = VECTOR ( 'NONE', #2141, 1000.000000000000000 ) ;
#4136 = EDGE_LOOP ( 'NONE', ( #2136, #2709, #2797, #639 ) ) ;
#4137 = AXIS2_PLACEMENT_3D ( 'NONE', #4411, #4203, #2961 ) ;
#4138 = ADVANCED_FACE ( 'NONE', ( #1171, #4796 ), #692, .F. ) ;
#4139 = CARTESIAN_POINT ( 'NONE',  ( 5.500000000000000000, 6.250000000000000000, 0.000000000000000000 ) ) ;
#4140 = ORIENTED_EDGE ( 'NONE', *, *, #4992, .T. ) ;
#4141 = VERTEX_POINT ( 'NONE', #2793 ) ;
#4142 = CARTESIAN_POINT ( 'NONE',  ( -1.131701418934480418E-15, 600.0000000000000000, 1.999549148362686157 ) ) ;
#4143 = CARTESIAN_POINT ( 'NONE',  ( 8.604204932632942615, 0.000000000000000000, -4.965450851637322138 ) ) ;
#4144 = DIRECTION ( 'NONE',  ( -1.000000000000000000, 0.000000000000000000, 0.000000000000000000 ) ) ;
#4145 = CARTESIAN_POINT ( 'NONE',  ( -7.795795067367035536, 600.0000000000000000, 3.591375882058591262 ) ) ;
#4146 =( NAMED_UNIT ( * ) SI_UNIT ( $, .STERADIAN. ) SOLID_ANGLE_UNIT ( ) );
#4147 = LINE ( 'NONE', #423, #1815 ) ;
#4148 = FACE_OUTER_BOUND ( 'NONE', #5096, .T. ) ;
#4149 = CARTESIAN_POINT ( 'NONE',  ( -47.00000000000126477, -115.4041602925916834, 6.000000000000000000 ) ) ;
#4150 = DIRECTION ( 'NONE',  ( -1.000000000000000000, 0.000000000000000000, 3.820353495218088492E-15 ) ) ;
#4151 = ADVANCED_FACE ( 'NONE', ( #4448 ), #3246, .F. ) ;
#4152 = EDGE_LOOP ( 'NONE', ( #2049, #3183, #4923, #5115 ) ) ;
#4153 = DIRECTION ( 'NONE',  ( 1.000000000000000000, 0.000000000000000000, 0.000000000000000000 ) ) ;
#4154 = VERTEX_POINT ( 'NONE', #4387 ) ;
#4155 = ORIENTED_EDGE ( 'NONE', *, *, #3908, .F. ) ;
#4156 = CIRCLE ( 'NONE', #424, 2.700000000000004619 ) ;
#4157 = CARTESIAN_POINT ( 'NONE',  ( -30.11334581156930312, -113.4041602925917118, 6.000000000000000000 ) ) ;
#4158 = EDGE_LOOP ( 'NONE', ( #3957, #45, #4820, #1706 ) ) ;
#4159 = ORIENTED_EDGE ( 'NONE', *, *, #2594, .T. ) ;
#4160 = ADVANCED_FACE ( 'NONE', ( #665 ), #58, .T. ) ;
#4161 = CIRCLE ( 'NONE', #5300, 2.700000000000008171 ) ;
#4162 = EDGE_CURVE ( 'NONE', #5361, #789, #255, .T. ) ;
#4163 = CARTESIAN_POINT ( 'NONE',  ( 5.000000000000000000, 5.204748896376250699E-16, 4.250000000000000000 ) ) ;
#4164 = ORIENTED_EDGE ( 'NONE', *, *, #2515, .F. ) ;
#4165 = ADVANCED_BREP_SHAPE_REPRESENTATION ( '', ( #4117, #1361 ), #494 ) ;
#4166 = AXIS2_PLACEMENT_3D ( 'NONE', #1857, #4365, #3955 ) ;
#4167 = ORIENTED_EDGE ( 'NONE', *, *, #4072, .F. ) ;
#4168 = LINE ( 'NONE', #1605, #870 ) ;
#4169 = EDGE_CURVE ( 'NONE', #2741, #4052, #1133, .T. ) ;
#4170 = DIRECTION ( 'NONE',  ( 1.000000000000000000, 0.000000000000000000, -0.000000000000000000 ) ) ;
#4171 = VECTOR ( 'NONE', #1034, 1000.000000000000000 ) ;
#4172 = CARTESIAN_POINT ( 'NONE',  ( -55.00000000000129319, -48.40416029259169051, -14.00000000000000000 ) ) ;
#4173 = ADVANCED_FACE ( 'NONE', ( #2704 ), #2372, .F. ) ;
#4174 = DIRECTION ( 'NONE',  ( -1.000000000000000000, 0.000000000000000000, 0.000000000000000000 ) ) ;
#4175 = PRODUCT_CONTEXT ( 'NONE', #4975, 'mechanical' ) ;
#4176 = UNCERTAINTY_MEASURE_WITH_UNIT (LENGTH_MEASURE( 1.000000000000000082E-05 ), #2480, 'distance_accuracy_value', 'NONE');
#4177 = AXIS2_PLACEMENT_3D ( 'NONE', #5331, #1670, #2993 ) ;
#4178 = DIRECTION ( 'NONE',  ( 1.000000000000000000, 0.000000000000000000, 0.000000000000000000 ) ) ;
#4179 = DIRECTION ( 'NONE',  ( -0.000000000000000000, -0.000000000000000000, -1.000000000000000000 ) ) ;
#4180 = DIRECTION ( 'NONE',  ( 0.000000000000000000, 0.000000000000000000, 1.000000000000000000 ) ) ;
#4181 = AXIS2_PLACEMENT_3D ( 'NONE', #1972, #1997, #1584 ) ;
#4182 = DIRECTION ( 'NONE',  ( -2.501839987839680395E-15, 0.000000000000000000, -1.000000000000000000 ) ) ;
#4183 = ORIENTED_EDGE ( 'NONE', *, *, #2493, .F. ) ;
#4184 = VERTEX_POINT ( 'NONE', #1079 ) ;
#4185 = ORIENTED_EDGE ( 'NONE', *, *, #2785, .T. ) ;
#4186 = DIRECTION ( 'NONE',  ( 0.000000000000000000, 0.000000000000000000, -1.000000000000000000 ) ) ;
#4187 = LINE ( 'NONE', #4678, #2561 ) ;
#4188 = CARTESIAN_POINT ( 'NONE',  ( -2.660795067367058842, 600.0000000000000000, 6.299549148362684647 ) ) ;
#4189 = CARTESIAN_POINT ( 'NONE',  ( -32.81334581156930597, -73.40416029259171182, 6.000000000000000000 ) ) ;
#4190 = VERTEX_POINT ( 'NONE', #4837 ) ;
#4191 = CARTESIAN_POINT ( 'NONE',  ( -5.100000000000000533, 0.000000000000000000, 0.000000000000000000 ) ) ;
#4192 = ORIENTED_EDGE ( 'NONE', *, *, #2730, .T. ) ;
#4193 = ORIENTED_EDGE ( 'NONE', *, *, #2783, .F. ) ;
#4194 = VECTOR ( 'NONE', #4726, 1000.000000000000000 ) ;
#4195 = DIRECTION ( 'NONE',  ( -0.000000000000000000, -1.000000000000000000, -0.000000000000000000 ) ) ;
#4196 = EDGE_CURVE ( 'NONE', #1151, #4976, #1486, .T. ) ;
#4197 = CARTESIAN_POINT ( 'NONE',  ( 39.99999999999869971, -43.40416029259172603, 6.000000000000000000 ) ) ;
#4198 = EDGE_LOOP ( 'NONE', ( #489, #4876, #3362, #2243 ) ) ;
#4199 = EDGE_LOOP ( 'NONE', ( #2762, #4217 ) ) ;
#4200 = EDGE_CURVE ( 'NONE', #1784, #5185, #3531, .T. ) ;
#4201 = DIRECTION ( 'NONE',  ( 0.000000000000000000, 0.000000000000000000, 1.000000000000000000 ) ) ;
#4202 = LINE ( 'NONE', #4227, #2680 ) ;
#4203 = DIRECTION ( 'NONE',  ( 0.000000000000000000, 0.000000000000000000, 1.000000000000000000 ) ) ;
#4204 = EDGE_CURVE ( 'NONE', #1192, #1283, #1924, .T. ) ;
#4205 = DIRECTION ( 'NONE',  ( 1.000000000000000000, 0.000000000000000000, 0.000000000000000000 ) ) ;
#4206 = CARTESIAN_POINT ( 'NONE',  ( -6.500000000001271871, -115.4776138657193201, 6.000000000000000000 ) ) ;
#4207 = CARTESIAN_POINT ( 'NONE',  ( -5.000000000000000000, 0.000000000000000000, -4.250000000000000000 ) ) ;
#4208 = CIRCLE ( 'NONE', #3256, 8.000000000000000000 ) ;
#4209 = ORIENTED_EDGE ( 'NONE', *, *, #1136, .F. ) ;
#4210 = CARTESIAN_POINT ( 'NONE',  ( 0.000000000000000000, 600.0000000000000000, -10.10045085163731748 ) ) ;
#4211 = ORIENTED_EDGE ( 'NONE', *, *, #4343, .F. ) ;
#4212 = ORIENTED_EDGE ( 'NONE', *, *, #2217, .T. ) ;
#4213 = DIRECTION ( 'NONE',  ( -1.000000000000000000, 0.000000000000000000, 0.000000000000000000 ) ) ;
#4214 = DIRECTION ( 'NONE',  ( 0.000000000000000000, 0.000000000000000000, -1.000000000000000000 ) ) ;
#4215 = CARTESIAN_POINT ( 'NONE',  ( 39.99999999999869971, -43.40416029259172603, -14.00000000000000000 ) ) ;
#4216 = DIRECTION ( 'NONE',  ( 1.000000000000000000, -0.000000000000000000, 0.000000000000000000 ) ) ;
#4217 = ORIENTED_EDGE ( 'NONE', *, *, #4510, .F. ) ;
#4218 = VECTOR ( 'NONE', #1722, 1000.000000000000000 ) ;
#4219 = ORIENTED_EDGE ( 'NONE', *, *, #2662, .F. ) ;
#4220 = CIRCLE ( 'NONE', #2413, 15.00000000000002665 ) ;
#4221 = DIRECTION ( 'NONE',  ( -0.7100591715976337648, 0.000000000000000000, -0.7041420118343189039 ) ) ;
#4222 = DIRECTION ( 'NONE',  ( 0.000000000000000000, 0.000000000000000000, 1.000000000000000000 ) ) ;
#4223 = ORIENTED_EDGE ( 'NONE', *, *, #580, .F. ) ;
#4224 = EDGE_LOOP ( 'NONE', ( #2486, #3460 ) ) ;
#4225 = LINE ( 'NONE', #472, #2932 ) ;
#4226 = DIRECTION ( 'NONE',  ( -0.000000000000000000, -0.000000000000000000, 1.000000000000000000 ) ) ;
#4227 = CARTESIAN_POINT ( 'NONE',  ( 8.728023701344501690E-15, 0.000000000000000000, 3.591375882058572166 ) ) ;
#4228 =( NAMED_UNIT ( * ) SI_UNIT ( $, .STERADIAN. ) SOLID_ANGLE_UNIT ( ) );
#4229 = EDGE_CURVE ( 'NONE', #4080, #2771, #4431, .T. ) ;
#4230 = CARTESIAN_POINT ( 'NONE',  ( -5.087621801062966576, 600.0000000000000000, 6.299549148362684647 ) ) ;
#4231 = VERTEX_POINT ( 'NONE', #4811 ) ;
#4232 = ADVANCED_FACE ( 'NONE', ( #2757 ), #2348, .F. ) ;
#4233 = LINE ( 'NONE', #4615, #3951 ) ;
#4234 = DIRECTION ( 'NONE',  ( 0.7100591715976330986, 0.000000000000000000, -0.7041420118343195700 ) ) ;
#4235 = DIRECTION ( 'NONE',  ( 0.000000000000000000, -0.000000000000000000, -1.000000000000000000 ) ) ;
#4236 = ORIENTED_EDGE ( 'NONE', *, *, #1439, .T. ) ;
#4237 = CARTESIAN_POINT ( 'NONE',  ( 0.000000000000000000, 0.000000000000000000, 0.000000000000000000 ) ) ;
#4238 = ORIENTED_EDGE ( 'NONE', *, *, #1031, .T. ) ;
#4239 = FACE_OUTER_BOUND ( 'NONE', #4596, .T. ) ;
#4240 = DIRECTION ( 'NONE',  ( -1.000000000000000000, 0.000000000000000000, 0.000000000000000000 ) ) ;
#4241 = DIRECTION ( 'NONE',  ( -2.430272961665444135E-15, 0.000000000000000000, -1.000000000000000000 ) ) ;
#4242 = EDGE_CURVE ( 'NONE', #3156, #4847, #1686, .T. ) ;
#4243 =( REPRESENTATION_RELATIONSHIP ('NONE','NONE', #3425, #4286 ) REPRESENTATION_RELATIONSHIP_WITH_TRANSFORMATION ( #3495 )SHAPE_REPRESENTATION_RELATIONSHIP( ) );
#4244 = CARTESIAN_POINT ( 'NONE',  ( -0.3992869873572704176, 0.000000000000000000, -0.4124881396086252927 ) ) ;
#4245 = ORIENTED_EDGE ( 'NONE', *, *, #72, .F. ) ;
#4246 = CARTESIAN_POINT ( 'NONE',  ( -30.11334581156930312, -73.40416029259171182, 6.000000000000000000 ) ) ;
#4247 = ORIENTED_EDGE ( 'NONE', *, *, #1940, .F. ) ;
#4248 = ORIENTED_EDGE ( 'NONE', *, *, #5264, .T. ) ;
#4249 = CARTESIAN_POINT ( 'NONE',  ( -32.81334581156931307, -113.4041602925917118, 0.000000000000000000 ) ) ;
#4250 = DIRECTION ( 'NONE',  ( 1.000000000000000000, 9.462128050782600646E-16, -0.000000000000000000 ) ) ;
#4251 = ORIENTED_EDGE ( 'NONE', *, *, #3105, .F. ) ;
#4252 = ORIENTED_EDGE ( 'NONE', *, *, #3825, .F. ) ;
#4253 = AXIS2_PLACEMENT_3D ( 'NONE', #3904, #1805, #4777 ) ;
#4254 = CARTESIAN_POINT ( 'NONE',  ( -27.41334581156929673, -113.4041602925917118, 6.000000000000000000 ) ) ;
#4255 = ADVANCED_FACE ( 'NONE', ( #4021 ), #732, .F. ) ;
#4256 = DIRECTION ( 'NONE',  ( 0.000000000000000000, 0.000000000000000000, 1.000000000000000000 ) ) ;
#4257 = FACE_BOUND ( 'NONE', #4445, .T. ) ;
#4258 = AXIS2_PLACEMENT_3D ( 'NONE', #3757, #4557, #2473 ) ;
#4259 = PRODUCT_CONTEXT ( 'NONE', #321, 'mechanical' ) ;
#4260 = DIRECTION ( 'NONE',  ( 0.000000000000000000, 0.000000000000000000, 1.000000000000000000 ) ) ;
#4261 = AXIS2_PLACEMENT_3D ( 'NONE', #1253, #1740, #964 ) ;
#4262 = CARTESIAN_POINT ( 'NONE',  ( -5.299999999999999822, 0.000000000000000000, 0.000000000000000000 ) ) ;
#4263 = LINE ( 'NONE', #1426, #2497 ) ;
#4264 = AXIS2_PLACEMENT_3D ( 'NONE', #2567, #2150, #3799 ) ;
#4265 = EDGE_CURVE ( 'NONE', #4976, #3005, #3104, .T. ) ;
#4266 = ORIENTED_EDGE ( 'NONE', *, *, #516, .F. ) ;
#4267 = DIRECTION ( 'NONE',  ( 0.000000000000000000, -0.000000000000000000, 1.000000000000000000 ) ) ;
#4268 = CARTESIAN_POINT ( 'NONE',  ( 5.254204932632941194, 600.0000000000000000, -11.90045085163731642 ) ) ;
#4269 = CARTESIAN_POINT ( 'NONE',  ( -5.087621801062966576, 0.000000000000000000, -10.10045085163731748 ) ) ;
#4270 = FACE_OUTER_BOUND ( 'NONE', #2277, .T. ) ;
#4271 = EDGE_CURVE ( 'NONE', #2866, #3809, #4839, .T. ) ;
#4272 = FACE_OUTER_BOUND ( 'NONE', #2332, .T. ) ;
#4273 = ORIENTED_EDGE ( 'NONE', *, *, #1439, .F. ) ;
#4274 = ORIENTED_EDGE ( 'NONE', *, *, #3669, .T. ) ;
#4275 = ORIENTED_EDGE ( 'NONE', *, *, #1244, .T. ) ;
#4276 = FACE_OUTER_BOUND ( 'NONE', #3225, .T. ) ;
#4277 = CARTESIAN_POINT ( 'NONE',  ( 10.11334581156675405, -113.4041602925917118, 0.000000000000000000 ) ) ;
#4278 = DIRECTION ( 'NONE',  ( 9.462128050782600646E-16, -1.000000000000000000, 0.000000000000000000 ) ) ;
#4279 = VERTEX_POINT ( 'NONE', #1539 ) ;
#4280 = ORIENTED_EDGE ( 'NONE', *, *, #1940, .T. ) ;
#4281 = CARTESIAN_POINT ( 'NONE',  ( 0.000000000000000000, 5.000000000000000000, 0.000000000000000000 ) ) ;
#4282 = FACE_BOUND ( 'NONE', #5179, .T. ) ;
#4283 = ITEM_DEFINED_TRANSFORMATION ( 'NONE', 'NONE', #929,  #1361 ) ;
#4284 = VECTOR ( 'NONE', #3064, 1000.000000000000000 ) ;
#4285 = AXIS2_PLACEMENT_3D ( 'NONE', #1433, #1409, #3100 ) ;
#4286 = SHAPE_REPRESENTATION ( 'PlantCarriageBase', ( #1361 ), #494 ) ;
#4287 = CARTESIAN_POINT ( 'NONE',  ( 0.000000000000000000, 0.000000000000000000, 0.000000000000000000 ) ) ;
#4288 = EDGE_LOOP ( 'NONE', ( #1330, #2044, #2968, #2576 ) ) ;
#4289 = FACE_OUTER_BOUND ( 'NONE', #2197, .T. ) ;
#4290 = CARTESIAN_POINT ( 'NONE',  ( 6.819710450593335693, 600.0000000000000000, -7.400450851637299543 ) ) ;
#4291 = PLANE ( 'NONE',  #4922 ) ;
#4292 = CARTESIAN_POINT ( 'NONE',  ( -70.00000000000129319, -143.4041602925917118, 6.000000000000000000 ) ) ;
#4293 = CARTESIAN_POINT ( 'NONE',  ( -8.595795067367062003, 600.0000000000000000, -10.90045085163731464 ) ) ;
#4294 = PLANE ( 'NONE',  #2907 ) ;
#4295 = CARTESIAN_POINT ( 'NONE',  ( 0.000000000000000000, 0.000000000000000000, 0.000000000000000000 ) ) ;
#4296 = ORIENTED_EDGE ( 'NONE', *, *, #715, .F. ) ;
#4297 = EDGE_CURVE ( 'NONE', #2080, #4465, #3188, .T. ) ;
#4298 = EDGE_LOOP ( 'NONE', ( #4391, #5226, #1190, #1929 ) ) ;
#4299 = ORIENTED_EDGE ( 'NONE', *, *, #1622, .T. ) ;
#4300 = AXIS2_PLACEMENT_3D ( 'NONE', #2510, #2915, #838 ) ;
#4301 = EDGE_CURVE ( 'NONE', #1650, #5361, #2398, .T. ) ;
#4302 = PRODUCT ( 'VWheel', 'VWheel', '', ( #476 ) ) ;
#4303 = VECTOR ( 'NONE', #2490, 1000.000000000000000 ) ;
#4304 = DIRECTION ( 'NONE',  ( 0.000000000000000000, 1.000000000000000000, -0.000000000000000000 ) ) ;
#4305 = CARTESIAN_POINT ( 'NONE',  ( -5.500000000000000000, 2.500000000000000000, 0.000000000000000000 ) ) ;
#4306 = EDGE_LOOP ( 'NONE', ( #3866, #3021 ) ) ;
#4307 = CONICAL_SURFACE ( 'NONE', #5014, 2.700000000000000178, 0.7853981633974419507 ) ;
#4308 = ORIENTED_EDGE ( 'NONE', *, *, #3470, .F. ) ;
#4309 = CARTESIAN_POINT ( 'NONE',  ( -5.299999999999999822, 0.000000000000000000, 0.000000000000000000 ) ) ;
#4310 = ADVANCED_FACE ( 'NONE', ( #136 ), #1731, .F. ) ;
#4311 = AXIS2_PLACEMENT_3D ( 'NONE', #1376, #101, #4697 ) ;
#4312 = PLANE ( 'NONE',  #1935 ) ;
#4313 = DIRECTION ( 'NONE',  ( 1.000000000000000000, 0.000000000000000000, 0.000000000000000000 ) ) ;
#4314 = VECTOR ( 'NONE', #1944, 1000.000000000000000 ) ;
#4315 = VECTOR ( 'NONE', #5374, 1000.000000000000000 ) ;
#4316 = CARTESIAN_POINT ( 'NONE',  ( -55.00000000000129319, -38.40416029259168340, -4.000000000000000000 ) ) ;
#4317 = ORIENTED_EDGE ( 'NONE', *, *, #3201, .F. ) ;
#4318 = DIRECTION ( 'NONE',  ( 1.000000000000000000, 0.000000000000000000, 0.000000000000000000 ) ) ;
#4319 = CARTESIAN_POINT ( 'NONE',  ( -5.299999999999999822, 9.797174393178825657E-16, 8.000000000000000000 ) ) ;
#4320 = AXIS2_PLACEMENT_3D ( 'NONE', #5244, #1181, #2859 ) ;
#4321 = STYLED_ITEM ( 'NONE', ( #1958 ), #4117 ) ;
#4322 = CARTESIAN_POINT ( 'NONE',  ( -1.400546577805566351, 0.000000000000000000, 1.388875356323853394 ) ) ;
#4323 = ORIENTED_EDGE ( 'NONE', *, *, #156, .T. ) ;
#4324 = LINE ( 'NONE', #3198, #841 ) ;
#4325 = DIRECTION ( 'NONE',  ( -0.000000000000000000, -1.000000000000000000, -0.000000000000000000 ) ) ;
#4326 = LINE ( 'NONE', #1463, #2889 ) ;
#4327 = ORIENTED_EDGE ( 'NONE', *, *, #1040, .F. ) ;
#4328 = PRODUCT_RELATED_PRODUCT_CATEGORY ( 'part', '', ( #4302 ) ) ;
#4329 = LINE ( 'NONE', #962, #1236 ) ;
#4330 = FACE_OUTER_BOUND ( 'NONE', #404, .T. ) ;
#4331 = FACE_OUTER_BOUND ( 'NONE', #2547, .T. ) ;
#4332 = ORIENTED_EDGE ( 'NONE', *, *, #3767, .F. ) ;
#4333 = EDGE_CURVE ( 'NONE', #353, #1598, #520, .T. ) ;
#4334 = ORIENTED_EDGE ( 'NONE', *, *, #5036, .T. ) ;
#4335 = AXIS2_PLACEMENT_3D ( 'NONE', #2557, #3350, #5021 ) ;
#4336 = DIRECTION ( 'NONE',  ( 0.7071067811865385799, 8.659560562355042559E-17, 0.7071067811865565655 ) ) ;
#4337 = CARTESIAN_POINT ( 'NONE',  ( 0.000000000000000000, 0.000000000000000000, 0.000000000000000000 ) ) ;
#4338 = EDGE_CURVE ( 'NONE', #1818, #3649, #3837, .T. ) ;
#4339 = CONTEXT_DEPENDENT_SHAPE_REPRESENTATION ( #706, #2673 ) ;
#4340 = LINE ( 'NONE', #3114, #3048 ) ;
#4341 = EDGE_LOOP ( 'NONE', ( #5252, #4248, #4064, #3345 ) ) ;
#4342 = AXIS2_PLACEMENT_3D ( 'NONE', #211, #629, #3049 ) ;
#4343 = EDGE_CURVE ( 'NONE', #1951, #772, #2657, .T. ) ;
#4344 = DIRECTION ( 'NONE',  ( 0.000000000000000000, 0.000000000000000000, -1.000000000000000000 ) ) ;
#4345 = EDGE_CURVE ( 'NONE', #306, #3601, #4376, .T. ) ;
#4346 =( GEOMETRIC_REPRESENTATION_CONTEXT ( 3 ) GLOBAL_UNCERTAINTY_ASSIGNED_CONTEXT ( ( #2833 ) ) GLOBAL_UNIT_ASSIGNED_CONTEXT ( ( #2308, #3985, #3958 ) ) REPRESENTATION_CONTEXT ( 'NONE', 'WORKASPACE' ) );
#4347 = DIRECTION ( 'NONE',  ( 0.000000000000000000, -0.000000000000000000, 1.000000000000000000 ) ) ;
#4348 = DIRECTION ( 'NONE',  ( 0.000000000000000000, 0.000000000000000000, 1.000000000000000000 ) ) ;
#4349 = VECTOR ( 'NONE', #2795, 1000.000000000000000 ) ;
#4350 = CARTESIAN_POINT ( 'NONE',  ( -7.795795067367035536, 0.000000000000000000, 3.591375882058591262 ) ) ;
#4351 = PRODUCT_DEFINITION_SHAPE ( 'NONE', 'NONE',  #3129 ) ;
#4352 = DIRECTION ( 'NONE',  ( -0.7196783484660199681, 0.000000000000000000, 0.6943076225630984144 ) ) ;
#4353 = FACE_OUTER_BOUND ( 'NONE', #3168, .T. ) ;
#4354 = AXIS2_PLACEMENT_3D ( 'NONE', #4685, #3004, #3344 ) ;
#4355 = FACE_BOUND ( 'NONE', #340, .T. ) ;
#4356 = AXIS2_PLACEMENT_3D ( 'NONE', #3077, #4728, #2683 ) ;
#4357 = ORIENTED_EDGE ( 'NONE', *, *, #1893, .F. ) ;
#4358 = CARTESIAN_POINT ( 'NONE',  ( -5.500000000000000000, 0.000000000000000000, 0.000000000000000000 ) ) ;
#4359 = VECTOR ( 'NONE', #1077, 1000.000000000000114 ) ;
#4360 = CARTESIAN_POINT ( 'NONE',  ( -5.100000000000000533, 0.000000000000000000, 0.000000000000000000 ) ) ;
#4361 = FACE_OUTER_BOUND ( 'NONE', #2852, .T. ) ;
#4362 = VERTEX_POINT ( 'NONE', #3155 ) ;
#4363 = ORIENTED_EDGE ( 'NONE', *, *, #3204, .F. ) ;
#4364 = DIRECTION ( 'NONE',  ( 1.000000000000000000, 0.000000000000000000, -2.137236315371885467E-15 ) ) ;
#4365 = DIRECTION ( 'NONE',  ( 0.000000000000000000, -0.000000000000000000, 1.000000000000000000 ) ) ;
#4366 = ORIENTED_EDGE ( 'NONE', *, *, #1825, .F. ) ;
#4367 = ORIENTED_EDGE ( 'NONE', *, *, #1414, .F. ) ;
#4368 = FILL_AREA_STYLE_COLOUR ( '', #3383 ) ;
#4369 = CARTESIAN_POINT ( 'NONE',  ( 49.99999999999869971, -43.40416029259172603, -14.00000000000000000 ) ) ;
#4370 = DIRECTION ( 'NONE',  ( -0.000000000000000000, -0.000000000000000000, -1.000000000000000000 ) ) ;
#4371 = AXIS2_PLACEMENT_3D ( 'NONE', #1108, #2836, #2029 ) ;
#4372 = FACE_OUTER_BOUND ( 'NONE', #4476, .T. ) ;
#4373 = DIRECTION ( 'NONE',  ( 0.000000000000000000, 0.000000000000000000, -1.000000000000000000 ) ) ;
#4374 = CARTESIAN_POINT ( 'NONE',  ( 10.40420493263294155, 600.0000000000000000, 2.949549148362682338 ) ) ;
#4375 = DIRECTION ( 'NONE',  ( -0.000000000000000000, -1.000000000000000000, -0.000000000000000000 ) ) ;
#4376 = LINE ( 'NONE', #4863, #2406 ) ;
#4377 = VECTOR ( 'NONE', #3171, 1000.000000000000000 ) ;
#4378 = CARTESIAN_POINT ( 'NONE',  ( 5.299999999999999822, 0.000000000000000000, 0.000000000000000000 ) ) ;
#4379 = ORIENTED_EDGE ( 'NONE', *, *, #1844, .F. ) ;
#4380 = ORIENTED_EDGE ( 'NONE', *, *, #2720, .F. ) ;
#4381 = DIRECTION ( 'NONE',  ( 0.000000000000000000, 1.000000000000000000, 0.000000000000000000 ) ) ;
#4382 = CARTESIAN_POINT ( 'NONE',  ( -8.595795067367062003, 600.0000000000000000, -10.90045085163731464 ) ) ;
#4383 = CARTESIAN_POINT ( 'NONE',  ( 5.904204932632940661, 0.000000000000000000, 4.515054666323120358 ) ) ;
#4384 = VERTEX_POINT ( 'NONE', #4813 ) ;
#4385 = VERTEX_POINT ( 'NONE', #1541 ) ;
#4386 = AXIS2_PLACEMENT_3D ( 'NONE', #1638, #3310, #4971 ) ;
#4387 = CARTESIAN_POINT ( 'NONE',  ( -2.660795067367058842, 600.0000000000000000, -5.800450851637316774 ) ) ;
#4388 = CARTESIAN_POINT ( 'NONE',  ( -8.595795067367060227, 600.0000000000000000, 7.099549148362684470 ) ) ;
#4389 = CIRCLE ( 'NONE', #309, 2.700000000000004619 ) ;
#4390 = DIRECTION ( 'NONE',  ( 1.000000000000000000, -0.000000000000000000, -0.000000000000000000 ) ) ;
#4391 = ORIENTED_EDGE ( 'NONE', *, *, #1536, .T. ) ;
#4392 = PRODUCT_DEFINITION_SHAPE ( 'NONE', 'NONE',  #5378 ) ;
#4393 = VERTEX_POINT ( 'NONE', #5250 ) ;
#4394 = FILL_AREA_STYLE ('',( #1124 ) ) ;
#4395 = EDGE_LOOP ( 'NONE', ( #2825, #4823, #5228, #3959 ) ) ;
#4396 = AXIS2_PLACEMENT_3D ( 'NONE', #69, #1350, #4722 ) ;
#4397 = CARTESIAN_POINT ( 'NONE',  ( -27.41334581156930383, -73.40416029259171182, 0.000000000000000000 ) ) ;
#4398 = DIRECTION ( 'NONE',  ( 0.000000000000000000, 0.000000000000000000, -1.000000000000000000 ) ) ;
#4399 = SHAPE_REPRESENTATION ( 'VWheel', ( #1361 ), #5106 ) ;
#4400 = CARTESIAN_POINT ( 'NONE',  ( 49.99999999999869971, -43.40416029259172603, 6.000000000000000000 ) ) ;
#4401 = AXIS2_PLACEMENT_3D ( 'NONE', #34, #1994, #342 ) ;
#4402 = CIRCLE ( 'NONE', #3269, 6.250000000000000000 ) ;
#4403 = DIRECTION ( 'NONE',  ( 1.000000000000000000, 0.000000000000000000, 0.000000000000000000 ) ) ;
#4404 = ADVANCED_FACE ( 'NONE', ( #2733 ), #4307, .F. ) ;
#4405 = AXIS2_PLACEMENT_3D ( 'NONE', #1612, #397, #2481 ) ;
#4406 = FACE_OUTER_BOUND ( 'NONE', #4520, .T. ) ;
#4407 = AXIS2_PLACEMENT_3D ( 'NONE', #3177, #2781, #4784 ) ;
#4408 = DIRECTION ( 'NONE',  ( 0.000000000000000000, 0.000000000000000000, 1.000000000000000000 ) ) ;
#4409 = EDGE_CURVE ( 'NONE', #125, #1751, #656, .T. ) ;
#4410 = ORIENTED_EDGE ( 'NONE', *, *, #3172, .T. ) ;
#4411 = CARTESIAN_POINT ( 'NONE',  ( -22.30823265886983009, 12.97703221260429629, 13.93314829172865643 ) ) ;
#4412 = ADVANCED_FACE ( 'NONE', ( #3235 ), #1511, .F. ) ;
#4413 = ORIENTED_EDGE ( 'NONE', *, *, #246, .T. ) ;
#4414 = EDGE_CURVE ( 'NONE', #1494, #1683, #4786, .T. ) ;
#4415 = LINE ( 'NONE', #4468, #3431 ) ;
#4416 = PLANE ( 'NONE',  #1560 ) ;
#4417 = ORIENTED_EDGE ( 'NONE', *, *, #148, .T. ) ;
#4418 = EDGE_LOOP ( 'NONE', ( #3292, #4545, #2701, #2715 ) ) ;
#4419 = CARTESIAN_POINT ( 'NONE',  ( 10.11334581156804369, -73.40416029259174024, 6.000000000000000000 ) ) ;
#4420 = VERTEX_POINT ( 'NONE', #3587 ) ;
#4421 = ORIENTED_EDGE ( 'NONE', *, *, #241, .F. ) ;
#4422 = VECTOR ( 'NONE', #2985, 1000.000000000000000 ) ;
#4423 = LINE ( 'NONE', #3733, #3299 ) ;
#4424 = VERTEX_POINT ( 'NONE', #2322 ) ;
#4425 = CARTESIAN_POINT ( 'NONE',  ( 0.000000000000000000, 0.000000000000000000, 6.299549148362684647 ) ) ;
#4426 = DIRECTION ( 'NONE',  ( 1.000000000000000000, 0.000000000000000000, 0.000000000000000000 ) ) ;
#4427 = CIRCLE ( 'NONE', #3037, 6.450000000000000178 ) ;
#4428 = LINE ( 'NONE', #3633, #4617 ) ;
#4429 = DIRECTION ( 'NONE',  ( -1.000000000000000000, 0.000000000000000000, 3.402382146331606563E-15 ) ) ;
#4430 = CIRCLE ( 'NONE', #3474, 2.100000000000000089 ) ;
#4431 = LINE ( 'NONE', #3153, #1792 ) ;
#4432 = LINE ( 'NONE', #1948, #2296 ) ;
#4433 = DIRECTION ( 'NONE',  ( 1.000000000000000000, 0.000000000000000000, -0.000000000000000000 ) ) ;
#4434 = ADVANCED_FACE ( 'NONE', ( #1059 ), #4564, .F. ) ;
#4435 = PLANE ( 'NONE',  #5314 ) ;
#4436 = VECTOR ( 'NONE', #1230, 1000.000000000000000 ) ;
#4437 = ORIENTED_EDGE ( 'NONE', *, *, #2587, .T. ) ;
#4438 = ORIENTED_EDGE ( 'NONE', *, *, #1362, .T. ) ;
#4439 = EDGE_LOOP ( 'NONE', ( #817, #2445, #2924, #3317 ) ) ;
#4440 = ADVANCED_FACE ( 'NONE', ( #3971 ), #42, .T. ) ;
#4441 = AXIS2_PLACEMENT_3D ( 'NONE', #527, #2106, #500 ) ;
#4442 = EDGE_CURVE ( 'NONE', #3159, #1242, #1160, .T. ) ;
#4443 = DIRECTION ( 'NONE',  ( -0.7041420118343195700, 0.000000000000000000, -0.7100591715976330986 ) ) ;
#4444 = CARTESIAN_POINT ( 'NONE',  ( 0.4042049326329407721, 600.0000000000000000, 0.1995491483626843643 ) ) ;
#4445 = EDGE_LOOP ( 'NONE', ( #1848, #2722 ) ) ;
#4446 = AXIS2_PLACEMENT_3D ( 'NONE', #4378, #658, #762 ) ;
#4447 = ORIENTED_EDGE ( 'NONE', *, *, #182, .F. ) ;
#4448 = FACE_OUTER_BOUND ( 'NONE', #458, .T. ) ;
#4449 = AXIS2_PLACEMENT_3D ( 'NONE', #1891, #1157, #344 ) ;
#4450 = DIRECTION ( 'NONE',  ( 0.000000000000000000, 0.000000000000000000, 1.000000000000000000 ) ) ;
#4451 = ORIENTED_EDGE ( 'NONE', *, *, #5043, .F. ) ;
#4452 = ORIENTED_EDGE ( 'NONE', *, *, #1338, .T. ) ;
#4453 = DIRECTION ( 'NONE',  ( 0.000000000000000000, 0.000000000000000000, 1.000000000000000000 ) ) ;
#4454 = ORIENTED_EDGE ( 'NONE', *, *, #580, .T. ) ;
#4455 = FACE_OUTER_BOUND ( 'NONE', #2994, .T. ) ;
#4456 = LINE ( 'NONE', #755, #3954 ) ;
#4457 = LINE ( 'NONE', #729, #3700 ) ;
#4458 = CARTESIAN_POINT ( 'NONE',  ( -32.81334581156930597, -73.40416029259171182, 0.000000000000000000 ) ) ;
#4459 = LINE ( 'NONE', #3990, #1899 ) ;
#4460 = DIRECTION ( 'NONE',  ( 0.000000000000000000, 0.000000000000000000, 1.000000000000000000 ) ) ;
#4461 = DIRECTION ( 'NONE',  ( 1.000000000000000000, -0.000000000000000000, 0.000000000000000000 ) ) ;
#4462 = VECTOR ( 'NONE', #1003, 1000.000000000000000 ) ;
#4463 = FACE_BOUND ( 'NONE', #634, .T. ) ;
#4464 = DIRECTION ( 'NONE',  ( -0.7100591715976332097, 0.000000000000000000, 0.7041420118343195700 ) ) ;
#4465 = VERTEX_POINT ( 'NONE', #1949 ) ;
#4466 = ORIENTED_EDGE ( 'NONE', *, *, #654, .T. ) ;
#4467 = EDGE_CURVE ( 'NONE', #1437, #3288, #216, .T. ) ;
#4468 = CARTESIAN_POINT ( 'NONE',  ( 4.041334437186266003E-16, 5.000000000000000000, 3.300000000000000266 ) ) ;
#4469 = LINE ( 'NONE', #4028, #2276 ) ;
#4470 = ORIENTED_EDGE ( 'NONE', *, *, #1244, .F. ) ;
#4471 = VERTEX_POINT ( 'NONE', #1081 ) ;
#4472 = EDGE_CURVE ( 'NONE', #125, #437, #2759, .T. ) ;
#4473 = CYLINDRICAL_SURFACE ( 'NONE', #325, 14.99999999999995026 ) ;
#4474 = DIRECTION ( 'NONE',  ( 1.000000000000000000, 0.000000000000000000, 0.000000000000000000 ) ) ;
#4475 = VERTEX_POINT ( 'NONE', #4046 ) ;
#4476 = EDGE_LOOP ( 'NONE', ( #750, #1337, #3335, #2685 ) ) ;
#4477 = EDGE_LOOP ( 'NONE', ( #172, #2488, #5240, #767 ) ) ;
#4478 = ADVANCED_FACE ( 'NONE', ( #682, #4463, #2350, #735, #3995 ), #3180, .T. ) ;
#4479 = DIRECTION ( 'NONE',  ( -1.000000000000000000, 0.000000000000000000, -0.000000000000000000 ) ) ;
#4480 = CARTESIAN_POINT ( 'NONE',  ( 8.604204932632942615, 600.0000000000000000, -7.400450851637304872 ) ) ;
#4481 = DIRECTION ( 'NONE',  ( -0.000000000000000000, -0.000000000000000000, -1.000000000000000000 ) ) ;
#4482 = SHAPE_REPRESENTATION_RELATIONSHIP ( 'NONE' , 'NONE' ,  #4780, #3523 ) ;
#4483 = DIRECTION ( 'NONE',  ( 0.000000000000000000, 0.000000000000000000, -1.000000000000000000 ) ) ;
#4484 = FACE_OUTER_BOUND ( 'NONE', #4573, .T. ) ;
#4485 = DIRECTION ( 'NONE',  ( 1.000000000000000000, 0.000000000000000000, 0.000000000000000000 ) ) ;
#4486 = CARTESIAN_POINT ( 'NONE',  ( 1.492998484843117923, 600.0000000000000000, -1.547554209282115067 ) ) ;
#4487 = AXIS2_PLACEMENT_3D ( 'NONE', #3553, #4779, #5217 ) ;
#4488 = ORIENTED_EDGE ( 'NONE', *, *, #647, .T. ) ;
#4489 = CARTESIAN_POINT ( 'NONE',  ( 3.245314017740485962E-16, 5.000000000000000000, 2.649999999999999911 ) ) ;
#4490 = CONICAL_SURFACE ( 'NONE', #3793, 12.20000000000000107, 0.7853981633974490562 ) ;
#4491 = ORIENTED_EDGE ( 'NONE', *, *, #5335, .T. ) ;
#4492 = VECTOR ( 'NONE', #4880, 1000.000000000000000 ) ;
#4493 = ADVANCED_FACE ( 'NONE', ( #709 ), #2400, .T. ) ;
#4494 = AXIS2_PLACEMENT_3D ( 'NONE', #1102, #2025, #5351 ) ;
#4495 = CARTESIAN_POINT ( 'NONE',  ( 4.304204932632917924, 600.0000000000000000, -4.965450851637291940 ) ) ;
#4496 = ORIENTED_EDGE ( 'NONE', *, *, #5322, .T. ) ;
#4497 = ORIENTED_EDGE ( 'NONE', *, *, #1198, .T. ) ;
#4498 =( NAMED_UNIT ( * ) PLANE_ANGLE_UNIT ( ) SI_UNIT ( $, .RADIAN. ) );
#4499 = ADVANCED_FACE ( 'NONE', ( #326 ), #295, .F. ) ;
#4500 = DIRECTION ( 'NONE',  ( 0.000000000000000000, 0.000000000000000000, 1.000000000000000000 ) ) ;
#4501 = ORIENTED_EDGE ( 'NONE', *, *, #4030, .F. ) ;
#4502 = ORIENTED_EDGE ( 'NONE', *, *, #2850, .T. ) ;
#4503 = PRESENTATION_STYLE_ASSIGNMENT (( #286 ) ) ;
#4504 = LINE ( 'NONE', #5346, #4492 ) ;
#4505 = EDGE_CURVE ( 'NONE', #1761, #2954, #1188, .T. ) ;
#4506 = DIRECTION ( 'NONE',  ( -1.000000000000000000, 0.000000000000000000, 0.000000000000000000 ) ) ;
#4507 = CARTESIAN_POINT ( 'NONE',  ( 26.99999999999872813, -71.40416029259166919, 6.000000000000000000 ) ) ;
#4508 = CARTESIAN_POINT ( 'NONE',  ( 0.000000000000000000, 0.000000000000000000, 0.000000000000000000 ) ) ;
#4509 = CARTESIAN_POINT ( 'NONE',  ( 7.805113152700924317, 30.43259386630012031, 87.33730858432109301 ) ) ;
#4510 = EDGE_CURVE ( 'NONE', #4471, #2302, #2760, .T. ) ;
#4511 = PLANE ( 'NONE',  #631 ) ;
#4512 = EDGE_CURVE ( 'NONE', #5255, #2975, #310, .T. ) ;
#4513 = FACE_BOUND ( 'NONE', #2773, .T. ) ;
#4514 = DIRECTION ( 'NONE',  ( -0.000000000000000000, -0.000000000000000000, -1.000000000000000000 ) ) ;
#4515 = CARTESIAN_POINT ( 'NONE',  ( -27.41334581156930383, -73.40416029259171182, 6.000000000000000000 ) ) ;
#4516 = EDGE_LOOP ( 'NONE', ( #5263, #5307, #2918, #2435 ) ) ;
#4517 = VERTEX_POINT ( 'NONE', #4616 ) ;
#4518 = DIRECTION ( 'NONE',  ( -0.000000000000000000, -0.000000000000000000, -1.000000000000000000 ) ) ;
#4519 = AXIS2_PLACEMENT_3D ( 'NONE', #1663, #4178, #3931 ) ;
#4520 = EDGE_LOOP ( 'NONE', ( #4223, #3778, #2363, #843 ) ) ;
#4521 = VECTOR ( 'NONE', #4849, 1000.000000000000000 ) ;
#4522 = LINE ( 'NONE', #385, #4647 ) ;
#4523 = CARTESIAN_POINT ( 'NONE',  ( -70.00000000000129319, -153.4041602925917118, 6.000000000000000000 ) ) ;
#4524 = ORIENTED_EDGE ( 'NONE', *, *, #3045, .T. ) ;
#4525 = CARTESIAN_POINT ( 'NONE',  ( 0.000000000000000000, 0.000000000000000000, -10.10045085163731748 ) ) ;
#4526 = ORIENTED_EDGE ( 'NONE', *, *, #5204, .T. ) ;
#4527 = VECTOR ( 'NONE', #2438, 1000.000000000000000 ) ;
#4528 =( REPRESENTATION_RELATIONSHIP ('NONE','NONE', #3425, #7 ) REPRESENTATION_RELATIONSHIP_WITH_TRANSFORMATION ( #1803 )SHAPE_REPRESENTATION_RELATIONSHIP( ) );
#4529 = AXIS2_PLACEMENT_3D ( 'NONE', #2998, #4550, #934 ) ;
#4530 = CARTESIAN_POINT ( 'NONE',  ( -9.595795067367058451, 600.0000000000000000, -6.750450851637320504 ) ) ;
#4531 = VERTEX_POINT ( 'NONE', #3273 ) ;
#4532 = ORIENTED_EDGE ( 'NONE', *, *, #5109, .F. ) ;
#4533 = DIRECTION ( 'NONE',  ( 0.000000000000000000, 0.000000000000000000, -1.000000000000000000 ) ) ;
#4534 = VECTOR ( 'NONE', #661, 1000.000000000000114 ) ;
#4535 = LINE ( 'NONE', #2908, #2849 ) ;
#4536 = EDGE_CURVE ( 'NONE', #2297, #307, #351, .T. ) ;
#4537 = DIRECTION ( 'NONE',  ( -0.000000000000000000, -1.000000000000000000, -0.000000000000000000 ) ) ;
#4538 = DIRECTION ( 'NONE',  ( -0.000000000000000000, -0.000000000000000000, 1.000000000000000000 ) ) ;
#4539 = DIRECTION ( 'NONE',  ( 0.000000000000000000, 0.000000000000000000, 1.000000000000000000 ) ) ;
#4540 = EDGE_CURVE ( 'NONE', #1385, #4819, #3667, .T. ) ;
#4541 = DIRECTION ( 'NONE',  ( -1.000000000000000000, 0.000000000000000000, 0.000000000000000000 ) ) ;
#4542 = EDGE_CURVE ( 'NONE', #3428, #3803, #4913, .T. ) ;
#4543 = LINE ( 'NONE', #2001, #1429 ) ;
#4544 = DIRECTION ( 'NONE',  ( -0.000000000000000000, -0.000000000000000000, -1.000000000000000000 ) ) ;
#4545 = ORIENTED_EDGE ( 'NONE', *, *, #108, .T. ) ;
#4546 = ORIENTED_EDGE ( 'NONE', *, *, #4737, .T. ) ;
#4547 = VERTEX_POINT ( 'NONE', #5330 ) ;
#4548 = AXIS2_PLACEMENT_3D ( 'NONE', #3953, #5136, #3085 ) ;
#4549 = AXIS2_PLACEMENT_3D ( 'NONE', #2738, #1443, #3109 ) ;
#4550 = DIRECTION ( 'NONE',  ( 0.000000000000000000, 1.000000000000000000, 0.000000000000000000 ) ) ;
#4551 = ORIENTED_EDGE ( 'NONE', *, *, #4130, .T. ) ;
#4552 = DIRECTION ( 'NONE',  ( 0.000000000000000000, 0.000000000000000000, 1.000000000000000000 ) ) ;
#4553 = VERTEX_POINT ( 'NONE', #4515 ) ;
#4554 = PLANE ( 'NONE',  #3388 ) ;
#4555 = ORIENTED_EDGE ( 'NONE', *, *, #2747, .T. ) ;
#4556 = ORIENTED_EDGE ( 'NONE', *, *, #4345, .F. ) ;
#4557 = DIRECTION ( 'NONE',  ( -1.000000000000000000, 0.000000000000000000, 0.000000000000000000 ) ) ;
#4558 = DIRECTION ( 'NONE',  ( -1.000000000000000000, 0.000000000000000000, 0.000000000000000000 ) ) ;
#4559 = CARTESIAN_POINT ( 'NONE',  ( -32.81334581156931307, -113.4041602925917118, 0.000000000000000000 ) ) ;
#4560 = UNCERTAINTY_MEASURE_WITH_UNIT (LENGTH_MEASURE( 1.000000000000000082E-05 ), #3493, 'distance_accuracy_value', 'NONE');
#4561 = DIRECTION ( 'NONE',  ( 1.000000000000000000, 0.000000000000000000, 0.000000000000000000 ) ) ;
#4562 = LINE ( 'NONE', #374, #1512 ) ;
#4563 = CARTESIAN_POINT ( 'NONE',  ( 10.11334581156675405, -113.4041602925917118, 6.000000000000000000 ) ) ;
#4564 = CONICAL_SURFACE ( 'NONE', #3610, 6.450000000000000178, 0.7853981633974440602 ) ;
#4565 = ADVANCED_FACE ( 'NONE', ( #377 ), #454, .F. ) ;
#4566 = ORIENTED_EDGE ( 'NONE', *, *, #1424, .F. ) ;
#4567 = EDGE_LOOP ( 'NONE', ( #3832, #3719, #87, #3056 ) ) ;
#4568 = EDGE_LOOP ( 'NONE', ( #4380, #1834, #4275, #690 ) ) ;
#4569 = AXIS2_PLACEMENT_3D ( 'NONE', #4947, #3718, #2863 ) ;
#4570 = EDGE_CURVE ( 'NONE', #277, #3373, #2585, .T. ) ;
#4571 = ADVANCED_FACE ( 'NONE', ( #2120 ), #839, .F. ) ;
#4572 = CARTESIAN_POINT ( 'NONE',  ( -9.595795067367058451, 600.0000000000000000, 8.323025487012041902E-16 ) ) ;
#4573 = EDGE_LOOP ( 'NONE', ( #4357, #2461, #3227, #3082 ) ) ;
#4574 = AXIS2_PLACEMENT_3D ( 'NONE', #1632, #2984, #4636 ) ;
#4575 = ORIENTED_EDGE ( 'NONE', *, *, #1031, .F. ) ;
#4576 = VECTOR ( 'NONE', #4381, 1000.000000000000000 ) ;
#4577 = COLOUR_RGB ( '',0.7921568627450980005, 0.8196078431372548767, 0.9333333333333333481 ) ;
#4578 = CARTESIAN_POINT ( 'NONE',  ( -65.00000000000129319, -138.4041602925916834, -14.00000000000000000 ) ) ;
#4579 = ORIENTED_EDGE ( 'NONE', *, *, #3403, .F. ) ;
#4580 = EDGE_LOOP ( 'NONE', ( #5004, #2518, #4113, #4735 ) ) ;
#4581 =( NAMED_UNIT ( * ) PLANE_ANGLE_UNIT ( ) SI_UNIT ( $, .RADIAN. ) );
#4582 = FACE_OUTER_BOUND ( 'NONE', #4477, .T. ) ;
#4583 = CARTESIAN_POINT ( 'NONE',  ( 7.413345811568043509, -73.40416029259174024, 0.000000000000000000 ) ) ;
#4584 = PLANE ( 'NONE',  #2590 ) ;
#4585 = DIRECTION ( 'NONE',  ( 1.000000000000000000, 0.000000000000000000, 0.000000000000000000 ) ) ;
#4586 = CARTESIAN_POINT ( 'NONE',  ( -30.11334581156930312, -113.4041602925917118, -4.000000000000000000 ) ) ;
#4587 = DIRECTION ( 'NONE',  ( -1.000000000000000000, 0.000000000000000000, 0.000000000000000000 ) ) ;
#4588 = DIRECTION ( 'NONE',  ( -1.000000000000000000, 0.000000000000000000, 0.000000000000000000 ) ) ;
#4589 = ORIENTED_EDGE ( 'NONE', *, *, #474, .F. ) ;
#4590 = ORIENTED_EDGE ( 'NONE', *, *, #3076, .F. ) ;
#4591 = ORIENTED_EDGE ( 'NONE', *, *, #5070, .F. ) ;
#4592 = CARTESIAN_POINT ( 'NONE',  ( 8.604204932632939062, 600.0000000000000000, 1.164549148362685971 ) ) ;
#4593 = EDGE_CURVE ( 'NONE', #4078, #1411, #399, .T. ) ;
#4594 = VECTOR ( 'NONE', #2234, 1000.000000000000000 ) ;
#4595 = DIRECTION ( 'NONE',  ( 0.7185108077017424710, 0.000000000000000000, -0.6955157936494249515 ) ) ;
#4596 = EDGE_LOOP ( 'NONE', ( #645, #3675, #381, #2613 ) ) ;
#4597 = EDGE_CURVE ( 'NONE', #2297, #464, #4131, .T. ) ;
#4598 = ORIENTED_EDGE ( 'NONE', *, *, #1808, .F. ) ;
#4599 = AXIS2_PLACEMENT_3D ( 'NONE', #3497, #536, #1423 ) ;
#4600 = EDGE_CURVE ( 'NONE', #277, #2878, #1639, .T. ) ;
#4601 = DIRECTION ( 'NONE',  ( 0.000000000000000000, 1.000000000000000000, -0.000000000000000000 ) ) ;
#4602 = CARTESIAN_POINT ( 'NONE',  ( 5.904204932632940661, 0.000000000000000000, -0.000000000000000000 ) ) ;
#4603 = ORIENTED_EDGE ( 'NONE', *, *, #2941, .T. ) ;
#4604 = CIRCLE ( 'NONE', #3125, 2.699999999999999289 ) ;
#4605 = VERTEX_POINT ( 'NONE', #815 ) ;
#4606 = SURFACE_STYLE_USAGE ( .BOTH. , #3711 ) ;
#4607 = CIRCLE ( 'NONE', #4868, 5.000000000000004441 ) ;
#4608 = LINE ( 'NONE', #5110, #1894 ) ;
#4609 = PLANE ( 'NONE',  #3444 ) ;
#4610 =( LENGTH_UNIT ( ) NAMED_UNIT ( * ) SI_UNIT ( .MILLI., .METRE. ) );
#4611 =( NAMED_UNIT ( * ) PLANE_ANGLE_UNIT ( ) SI_UNIT ( $, .RADIAN. ) );
#4612 = AXIS2_PLACEMENT_3D ( 'NONE', #2240, #1004, #3890 ) ;
#4613 = LINE ( 'NONE', #2509, #867 ) ;
#4614 = EDGE_LOOP ( 'NONE', ( #4140, #1641, #194, #3945, #1987, #894, #2822, #5062 ) ) ;
#4615 = CARTESIAN_POINT ( 'NONE',  ( -65.00000000000129319, -38.40416029259168340, -4.000000000000000000 ) ) ;
#4616 = CARTESIAN_POINT ( 'NONE',  ( -5.000000000000000000, 5.204748896376250699E-16, 4.250000000000000000 ) ) ;
#4617 = VECTOR ( 'NONE', #757, 1000.000000000000000 ) ;
#4618 = CARTESIAN_POINT ( 'NONE',  ( 4.304204932632935687, 600.0000000000000000, -1.644358435851917443E-14 ) ) ;
#4619 = ORIENTED_EDGE ( 'NONE', *, *, #3540, .F. ) ;
#4620 = DIRECTION ( 'NONE',  ( -0.7185108077017470229, 0.000000000000000000, -0.6955157936494203996 ) ) ;
#4621 = ORIENTED_EDGE ( 'NONE', *, *, #4972, .F. ) ;
#4622 = DIRECTION ( 'NONE',  ( 0.000000000000000000, 0.000000000000000000, 1.000000000000000000 ) ) ;
#4623 = DIRECTION ( 'NONE',  ( 0.000000000000000000, 0.000000000000000000, -1.000000000000000000 ) ) ;
#4624 = DIRECTION ( 'NONE',  ( 1.000000000000000000, -1.892425610156521707E-15, 0.000000000000000000 ) ) ;
#4625 = CYLINDRICAL_SURFACE ( 'NONE', #710, 5.000000000000004441 ) ;
#4626 = ORIENTED_EDGE ( 'NONE', *, *, #3940, .T. ) ;
#4627 = DIRECTION ( 'NONE',  ( -1.000000000000000000, 0.000000000000000000, 0.000000000000000000 ) ) ;
#4628 = EDGE_CURVE ( 'NONE', #4682, #1753, #863, .T. ) ;
#4629 = VERTEX_POINT ( 'NONE', #1239 ) ;
#4630 = ORIENTED_EDGE ( 'NONE', *, *, #3571, .F. ) ;
#4631 = DIRECTION ( 'NONE',  ( 0.000000000000000000, 1.000000000000000000, -0.000000000000000000 ) ) ;
#4632 = CARTESIAN_POINT ( 'NONE',  ( -47.00000000000128608, -93.40416029259171182, 6.000000000000000000 ) ) ;
#4633 = VERTEX_POINT ( 'NONE', #4149 ) ;
#4634 = ADVANCED_FACE ( 'NONE', ( #2432 ), #1299, .T. ) ;
#4635 = EDGE_LOOP ( 'NONE', ( #4327, #2525 ) ) ;
#4636 = DIRECTION ( 'NONE',  ( 1.000000000000000000, 0.000000000000000000, 0.000000000000000000 ) ) ;
#4637 = CARTESIAN_POINT ( 'NONE',  ( 10.11334581156804369, -73.40416029259174024, 0.000000000000000000 ) ) ;
#4638 = CARTESIAN_POINT ( 'NONE',  ( -9.595795067367058451, 0.000000000000000000, 2.949549148362682338 ) ) ;
#4639 = DIRECTION ( 'NONE',  ( 0.000000000000000000, 0.000000000000000000, 1.000000000000000000 ) ) ;
#4640 = ADVANCED_FACE ( 'NONE', ( #3742 ), #17, .T. ) ;
#4641 = FACE_OUTER_BOUND ( 'NONE', #2826, .T. ) ;
#4642 = ADVANCED_FACE ( 'NONE', ( #2940 ), #4999, .T. ) ;
#4643 = CARTESIAN_POINT ( 'NONE',  ( -5.299999999999999822, 5.204748896376250699E-16, 4.250000000000000000 ) ) ;
#4644 = PLANE ( 'NONE',  #4047 ) ;
#4645 = EDGE_LOOP ( 'NONE', ( #1247, #1227, #3405, #1552, #3395, #3627, #1701, #1900 ) ) ;
#4646 = CARTESIAN_POINT ( 'NONE',  ( 7.413345811566749433, -113.4041602925917118, 6.000000000000000000 ) ) ;
#4647 = VECTOR ( 'NONE', #4624, 1000.000000000000000 ) ;
#4648 = CARTESIAN_POINT ( 'NONE',  ( -5.500000000000000000, 0.000000000000000000, 0.000000000000000000 ) ) ;
#4649 = DIRECTION ( 'NONE',  ( 1.000000000000000000, 0.000000000000000000, 0.000000000000000000 ) ) ;
#4650 = CARTESIAN_POINT ( 'NONE',  ( -2.660795067367058842, 0.000000000000000000, -5.800450851637316774 ) ) ;
#4651 = ORIENTED_EDGE ( 'NONE', *, *, #3704, .T. ) ;
#4652 = ORIENTED_EDGE ( 'NONE', *, *, #4067, .F. ) ;
#4653 = ORIENTED_EDGE ( 'NONE', *, *, #3076, .T. ) ;
#4654 = AXIS2_PLACEMENT_3D ( 'NONE', #1863, #3119, #3987 ) ;
#4655 = VECTOR ( 'NONE', #4352, 1000.000000000000000 ) ;
#4656 = DIRECTION ( 'NONE',  ( 0.7041420118343189039, 0.000000000000000000, -0.7100591715976337648 ) ) ;
#4657 = DIRECTION ( 'NONE',  ( 1.000000000000000000, 0.000000000000000000, 0.000000000000000000 ) ) ;
#4658 = ORIENTED_EDGE ( 'NONE', *, *, #247, .T. ) ;
#4659 = EDGE_LOOP ( 'NONE', ( #3722, #1316 ) ) ;
#4660 =( GEOMETRIC_REPRESENTATION_CONTEXT ( 3 ) GLOBAL_UNCERTAINTY_ASSIGNED_CONTEXT ( ( #1294 ) ) GLOBAL_UNIT_ASSIGNED_CONTEXT ( ( #4610, #4581, #1661 ) ) REPRESENTATION_CONTEXT ( 'NONE', 'WORKASPACE' ) );
#4661 = DIRECTION ( 'NONE',  ( 7.885106708985497662E-17, 1.000000000000000000, 0.000000000000000000 ) ) ;
#4662 = AXIS2_PLACEMENT_3D ( 'NONE', #1205, #5173, #600 ) ;
#4663 = CARTESIAN_POINT ( 'NONE',  ( 0.000000000000000000, 0.000000000000000000, 12.20000000000000107 ) ) ;
#4664 = ADVANCED_FACE ( 'NONE', ( #3092 ), #4644, .F. ) ;
#4665 = DIRECTION ( 'NONE',  ( -0.000000000000000000, -0.000000000000000000, -1.000000000000000000 ) ) ;
#4666 = ITEM_DEFINED_TRANSFORMATION ( 'NONE', 'NONE', #4494,  #1361 ) ;
#4667 = PRODUCT_DEFINITION_FORMATION_WITH_SPECIFIED_SOURCE ( 'ANY', '', #4302, .NOT_KNOWN. ) ;
#4668 = CARTESIAN_POINT ( 'NONE',  ( -30.11334581156930312, -73.40416029259171182, 6.000000000000000000 ) ) ;
#4669 = EDGE_CURVE ( 'NONE', #20, #3000, #920, .T. ) ;
#4670 = DIRECTION ( 'NONE',  ( -1.000000000000000000, 0.000000000000000000, -0.000000000000000000 ) ) ;
#4671 = EDGE_CURVE ( 'NONE', #1192, #1674, #4263, .T. ) ;
#4672 = DIRECTION ( 'NONE',  ( -0.000000000000000000, -0.000000000000000000, -1.000000000000000000 ) ) ;
#4673 = ADVANCED_FACE ( 'NONE', ( #3477 ), #3960, .F. ) ;
#4674 = ORIENTED_EDGE ( 'NONE', *, *, #2587, .F. ) ;
#4675 = FACE_OUTER_BOUND ( 'NONE', #2539, .T. ) ;
#4676 = ORIENTED_EDGE ( 'NONE', *, *, #2138, .F. ) ;
#4677 = DIRECTION ( 'NONE',  ( 0.7196783484660216335, -0.000000000000000000, 0.6943076225630967491 ) ) ;
#4678 = CARTESIAN_POINT ( 'NONE',  ( 0.000000000000000000, 5.000000000000000000, -2.649999999999999911 ) ) ;
#4679 = PLANE ( 'NONE',  #1564 ) ;
#4680 = ORIENTED_EDGE ( 'NONE', *, *, #949, .F. ) ;
#4681 = AXIS2_PLACEMENT_3D ( 'NONE', #4172, #2933, #4144 ) ;
#4682 = VERTEX_POINT ( 'NONE', #2595 ) ;
#4683 = VERTEX_POINT ( 'NONE', #2203 ) ;
#4684 = DIRECTION ( 'NONE',  ( 0.000000000000000000, -1.000000000000000000, 0.000000000000000000 ) ) ;
#4685 = CARTESIAN_POINT ( 'NONE',  ( -55.00000000000129319, -138.4041602925916834, -4.000000000000000000 ) ) ;
#4686 = VERTEX_POINT ( 'NONE', #946 ) ;
#4687 = VERTEX_POINT ( 'NONE', #5057 ) ;
#4688 = CIRCLE ( 'NONE', #173, 10.00000000000000178 ) ;
#4689 = LINE ( 'NONE', #640, #846 ) ;
#4690 = CYLINDRICAL_SURFACE ( 'NONE', #989, 8.000000000000000000 ) ;
#4691 = FACE_OUTER_BOUND ( 'NONE', #4152, .T. ) ;
#4692 = VECTOR ( 'NONE', #4716, 1000.000000000000000 ) ;
#4693 = DIRECTION ( 'NONE',  ( -1.000000000000000000, 0.000000000000000000, 0.000000000000000000 ) ) ;
#4694 = AXIS2_PLACEMENT_3D ( 'NONE', #2666, #1492, #1905 ) ;
#4695 =( REPRESENTATION_RELATIONSHIP ('NONE','NONE', #3425, #7 ) REPRESENTATION_RELATIONSHIP_WITH_TRANSFORMATION ( #2281 )SHAPE_REPRESENTATION_RELATIONSHIP( ) );
#4696 = CARTESIAN_POINT ( 'NONE',  ( -6.011300585327465029, 0.000000000000000000, -7.400450851637269345 ) ) ;
#4697 = DIRECTION ( 'NONE',  ( 0.000000000000000000, 0.000000000000000000, -1.000000000000000000 ) ) ;
#4698 = EDGE_CURVE ( 'NONE', #2799, #1494, #2566, .T. ) ;
#4699 = LINE ( 'NONE', #598, #2102 ) ;
#4700 = VECTOR ( 'NONE', #1789, 1000.000000000000000 ) ;
#4701 = ORIENTED_EDGE ( 'NONE', *, *, #174, .F. ) ;
#4702 = DIRECTION ( 'NONE',  ( 0.000000000000000000, 0.000000000000000000, 1.000000000000000000 ) ) ;
#4703 = DIRECTION ( 'NONE',  ( -0.000000000000000000, -1.000000000000000000, -0.000000000000000000 ) ) ;
#4704 = CARTESIAN_POINT ( 'NONE',  ( -5.299999999999999822, 0.000000000000000000, -8.000000000000000000 ) ) ;
#4705 = VECTOR ( 'NONE', #2204, 999.9999999999998863 ) ;
#4706 = CARTESIAN_POINT ( 'NONE',  ( -32.00000000000127898, -130.4041602925916550, 6.000000000000000000 ) ) ;
#4707 = CARTESIAN_POINT ( 'NONE',  ( -4.445795067367058984, 0.000000000000000000, -11.90045085163731642 ) ) ;
#4708 = ORIENTED_EDGE ( 'NONE', *, *, #944, .T. ) ;
#4709 = EDGE_LOOP ( 'NONE', ( #720, #726 ) ) ;
#4710 = DIRECTION ( 'NONE',  ( -3.820353495218088492E-15, 0.000000000000000000, -1.000000000000000000 ) ) ;
#4711 = PLANE ( 'NONE',  #3054 ) ;
#4712 = ORIENTED_EDGE ( 'NONE', *, *, #3332, .T. ) ;
#4713 = ORIENTED_EDGE ( 'NONE', *, *, #977, .F. ) ;
#4714 = CARTESIAN_POINT ( 'NONE',  ( 5.904204932632940661, 600.0000000000000000, 0.000000000000000000 ) ) ;
#4715 = CONTEXT_DEPENDENT_SHAPE_REPRESENTATION ( #3751, #1045 ) ;
#4716 = DIRECTION ( 'NONE',  ( -1.000000000000000000, 0.000000000000000000, 0.000000000000000000 ) ) ;
#4717 = AXIS2_PLACEMENT_3D ( 'NONE', #491, #5093, #2574 ) ;
#4718 = CARTESIAN_POINT ( 'NONE',  ( -30.11334581156930312, -73.40416029259171182, 0.000000000000000000 ) ) ;
#4719 = VERTEX_POINT ( 'NONE', #4207 ) ;
#4720 = EDGE_CURVE ( 'NONE', #3111, #332, #5145, .T. ) ;
#4721 = CARTESIAN_POINT ( 'NONE',  ( -3.495795067367054365, 600.0000000000000000, 8.161494552555607186E-15 ) ) ;
#4722 = DIRECTION ( 'NONE',  ( 0.000000000000000000, 0.000000000000000000, 1.000000000000000000 ) ) ;
#4723 = ORIENTED_EDGE ( 'NONE', *, *, #915, .T. ) ;
#4724 = CARTESIAN_POINT ( 'NONE',  ( 26.99999999999872813, -115.4041602925916123, 0.000000000000000000 ) ) ;
#4725 = EDGE_CURVE ( 'NONE', #3410, #4190, #160, .T. ) ;
#4726 = DIRECTION ( 'NONE',  ( -0.000000000000000000, -1.000000000000000000, -0.000000000000000000 ) ) ;
#4727 = ADVANCED_FACE ( 'NONE', ( #2992 ), #539, .T. ) ;
#4728 = DIRECTION ( 'NONE',  ( -0.000000000000000000, -1.000000000000000000, 0.000000000000000000 ) ) ;
#4729 = EDGE_LOOP ( 'NONE', ( #1308, #5333, #4421, #1875 ) ) ;
#4730 = EDGE_CURVE ( 'NONE', #2015, #3786, #2147, .T. ) ;
#4731 = VECTOR ( 'NONE', #4179, 1000.000000000000000 ) ;
#4732 = EDGE_CURVE ( 'NONE', #1283, #2716, #1403, .T. ) ;
#4733 = PLANE ( 'NONE',  #3851 ) ;
#4734 = FACE_OUTER_BOUND ( 'NONE', #5119, .T. ) ;
#4735 = ORIENTED_EDGE ( 'NONE', *, *, #4790, .T. ) ;
#4736 = VECTOR ( 'NONE', #1871, 1000.000000000000114 ) ;
#4737 = EDGE_CURVE ( 'NONE', #3786, #3853, #1690, .T. ) ;
#4738 = ORIENTED_EDGE ( 'NONE', *, *, #2555, .T. ) ;
#4739 = CARTESIAN_POINT ( 'NONE',  ( 26.99999999999872813, -115.4041602925916123, 0.000000000000000000 ) ) ;
#4740 = CIRCLE ( 'NONE', #1352, 5.000000000000004441 ) ;
#4741 = CARTESIAN_POINT ( 'NONE',  ( -13.50000000000126832, -75.33070671946410357, 6.000000000000000000 ) ) ;
#4742 = CONTEXT_DEPENDENT_SHAPE_REPRESENTATION ( #4528, #1866 ) ;
#4743 = DIRECTION ( 'NONE',  ( -0.000000000000000000, -0.000000000000000000, -1.000000000000000000 ) ) ;
#4744 = ORIENTED_EDGE ( 'NONE', *, *, #1937, .T. ) ;
#4745 =( GEOMETRIC_REPRESENTATION_CONTEXT ( 3 ) GLOBAL_UNCERTAINTY_ASSIGNED_CONTEXT ( ( #4560 ) ) GLOBAL_UNIT_ASSIGNED_CONTEXT ( ( #3493, #2223, #5164 ) ) REPRESENTATION_CONTEXT ( 'NONE', 'WORKASPACE' ) );
#4746 = DIRECTION ( 'NONE',  ( 0.000000000000000000, 1.000000000000000000, 0.000000000000000000 ) ) ;
#4747 = ORIENTED_EDGE ( 'NONE', *, *, #4338, .T. ) ;
#4748 = CARTESIAN_POINT ( 'NONE',  ( 10.11334581156675405, -113.4041602925917118, 6.000000000000000000 ) ) ;
#4749 = LINE ( 'NONE', #2023, #3265 ) ;
#4750 =( GEOMETRIC_REPRESENTATION_CONTEXT ( 3 ) GLOBAL_UNCERTAINTY_ASSIGNED_CONTEXT ( ( #2562 ) ) GLOBAL_UNIT_ASSIGNED_CONTEXT ( ( #4941, #2024, #4146 ) ) REPRESENTATION_CONTEXT ( 'NONE', 'WORKASPACE' ) );
#4751 = AXIS2_PLACEMENT_3D ( 'NONE', #1868, #5221, #4755 ) ;
#4752 = EDGE_CURVE ( 'NONE', #2154, #4034, #4740, .T. ) ;
#4753 = CARTESIAN_POINT ( 'NONE',  ( 5.000000000000000000, 0.000000000000000000, 0.000000000000000000 ) ) ;
#4754 = FACE_BOUND ( 'NONE', #4635, .T. ) ;
#4755 = DIRECTION ( 'NONE',  ( 0.000000000000000000, 0.000000000000000000, -1.000000000000000000 ) ) ;
#4756 = CARTESIAN_POINT ( 'NONE',  ( -2.660795067367058842, 600.0000000000000000, -10.10045085163731748 ) ) ;
#4757 = CARTESIAN_POINT ( 'NONE',  ( 10.40420493263294155, 600.0000000000000000, 7.099549148362684470 ) ) ;
#4758 = ORIENTED_EDGE ( 'NONE', *, *, #799, .T. ) ;
#4759 = VERTEX_POINT ( 'NONE', #1750 ) ;
#4760 = EDGE_CURVE ( 'NONE', #2433, #4819, #3418, .T. ) ;
#4761 = DIRECTION ( 'NONE',  ( 0.000000000000000000, 0.000000000000000000, -1.000000000000000000 ) ) ;
#4762 = CIRCLE ( 'NONE', #1754, 2.700000000000008171 ) ;
#4763 = EDGE_CURVE ( 'NONE', #2302, #4471, #836, .T. ) ;
#4764 =( NAMED_UNIT ( * ) SI_UNIT ( $, .STERADIAN. ) SOLID_ANGLE_UNIT ( ) );
#4765 = CARTESIAN_POINT ( 'NONE',  ( 49.99999999999869971, -143.4041602925917118, 6.000000000000000000 ) ) ;
#4766 = ORIENTED_EDGE ( 'NONE', *, *, #2286, .F. ) ;
#4767 = ORIENTED_EDGE ( 'NONE', *, *, #4996, .F. ) ;
#4768 = APPLICATION_CONTEXT ( 'automotive_design' ) ;
#4769 = EDGE_CURVE ( 'NONE', #3115, #84, #3017, .T. ) ;
#4770 = CLOSED_SHELL ( 'NONE', ( #4412, #4817, #723, #436, #5373, #4232 ) ) ;
#4771 = DIRECTION ( 'NONE',  ( -1.000000000000000000, 0.000000000000000000, 0.000000000000000000 ) ) ;
#4772 = CARTESIAN_POINT ( 'NONE',  ( -30.11334581156930312, -113.4041602925917118, 0.000000000000000000 ) ) ;
#4773 = CONTEXT_DEPENDENT_SHAPE_REPRESENTATION ( #4243, #2227 ) ;
#4774 = FACE_OUTER_BOUND ( 'NONE', #1498, .T. ) ;
#4775 = VERTEX_POINT ( 'NONE', #597 ) ;
#4776 = CIRCLE ( 'NONE', #81, 7.799999999999999822 ) ;
#4777 = DIRECTION ( 'NONE',  ( -1.000000000000000000, 0.000000000000000000, 0.000000000000000000 ) ) ;
#4778 = FACE_OUTER_BOUND ( 'NONE', #3771, .T. ) ;
#4779 = DIRECTION ( 'NONE',  ( 0.000000000000000000, 0.000000000000000000, 1.000000000000000000 ) ) ;
#4780 = SHAPE_REPRESENTATION ( '600mmAlExt', ( #1361 ), #1876 ) ;
#4781 = FACE_OUTER_BOUND ( 'NONE', #1676, .T. ) ;
#4782 = CIRCLE ( 'NONE', #4258, 2.500000000000000000 ) ;
#4783 = LINE ( 'NONE', #4268, #1380 ) ;
#4784 = DIRECTION ( 'NONE',  ( -1.000000000000000000, 0.000000000000000000, 0.000000000000000000 ) ) ;
#4785 = DIRECTION ( 'NONE',  ( -0.000000000000000000, -1.000000000000000000, -0.000000000000000000 ) ) ;
#4786 = LINE ( 'NONE', #3640, #2420 ) ;
#4787 = CARTESIAN_POINT ( 'NONE',  ( 5.299999999999999822, 9.797174393178825657E-16, 8.000000000000000000 ) ) ;
#4788 = VECTOR ( 'NONE', #5157, 1000.000000000000000 ) ;
#4789 = ORIENTED_EDGE ( 'NONE', *, *, #1808, .T. ) ;
#4790 = EDGE_CURVE ( 'NONE', #2635, #3853, #2261, .T. ) ;
#4791 = CIRCLE ( 'NONE', #1140, 6.250000000000000000 ) ;
#4792 = LINE ( 'NONE', #2665, #1495 ) ;
#4793 = DIRECTION ( 'NONE',  ( 0.000000000000000000, 0.000000000000000000, 1.000000000000000000 ) ) ;
#4794 = ORIENTED_EDGE ( 'NONE', *, *, #4505, .F. ) ;
#4795 = ORIENTED_EDGE ( 'NONE', *, *, #876, .T. ) ;
#4796 = FACE_OUTER_BOUND ( 'NONE', #3271, .T. ) ;
#4797 = EDGE_CURVE ( 'NONE', #1473, #437, #186, .T. ) ;
#4798 = DIRECTION ( 'NONE',  ( -0.000000000000000000, -1.000000000000000000, -0.000000000000000000 ) ) ;
#4799 = EDGE_CURVE ( 'NONE', #2074, #4424, #1005, .T. ) ;
#4800 = CARTESIAN_POINT ( 'NONE',  ( -3.282929286650870921E-15, 600.0000000000000000, -5.800450851637318550 ) ) ;
#4801 = ORIENTED_EDGE ( 'NONE', *, *, #618, .F. ) ;
#4802 = EDGE_LOOP ( 'NONE', ( #1826, #2897 ) ) ;
#4803 = LINE ( 'NONE', #2342, #1586 ) ;
#4804 = CARTESIAN_POINT ( 'NONE',  ( 2.774999999999999911, 0.000000000000000000, 0.000000000000000000 ) ) ;
#4805 = CIRCLE ( 'NONE', #4548, 14.99999999999995026 ) ;
#4806 = EDGE_CURVE ( 'NONE', #515, #1125, #625, .T. ) ;
#4807 = VECTOR ( 'NONE', #3074, 1000.000000000000000 ) ;
#4808 = DIRECTION ( 'NONE',  ( -0.000000000000000000, -0.000000000000000000, -1.000000000000000000 ) ) ;
#4809 = EDGE_CURVE ( 'NONE', #147, #845, #3780, .T. ) ;
#4810 = LINE ( 'NONE', #3203, #691 ) ;
#4811 = CARTESIAN_POINT ( 'NONE',  ( -7.795795067367041753, 0.000000000000000000, 1.164549148362665543 ) ) ;
#4812 = DIRECTION ( 'NONE',  ( 0.000000000000000000, 0.000000000000000000, -1.000000000000000000 ) ) ;
#4813 = CARTESIAN_POINT ( 'NONE',  ( 10.40420493263293977, 0.000000000000000000, -10.90045085163731464 ) ) ;
#4814 = VERTEX_POINT ( 'NONE', #1052 ) ;
#4815 = EDGE_LOOP ( 'NONE', ( #3643, #1153, #3259, #4470 ) ) ;
#4816 = ORIENTED_EDGE ( 'NONE', *, *, #3825, .T. ) ;
#4817 = ADVANCED_FACE ( 'NONE', ( #2751 ), #1455, .T. ) ;
#4818 = DIRECTION ( 'NONE',  ( -1.000000000000000000, 0.000000000000000000, 0.000000000000000000 ) ) ;
#4819 = VERTEX_POINT ( 'NONE', #3962 ) ;
#4820 = ORIENTED_EDGE ( 'NONE', *, *, #2463, .F. ) ;
#4821 = AXIS2_PLACEMENT_3D ( 'NONE', #453, #4670, #3417 ) ;
#4822 = CYLINDRICAL_SURFACE ( 'NONE', #2090, 2.699999999999999289 ) ;
#4823 = ORIENTED_EDGE ( 'NONE', *, *, #2257, .F. ) ;
#4824 = ORIENTED_EDGE ( 'NONE', *, *, #1496, .F. ) ;
#4825 = DIRECTION ( 'NONE',  ( -1.000000000000000000, 0.000000000000000000, 0.000000000000000000 ) ) ;
#4826 = ORIENTED_EDGE ( 'NONE', *, *, #745, .T. ) ;
#4827 = AXIS2_PLACEMENT_3D ( 'NONE', #2030, #402, #40 ) ;
#4828 = ADVANCED_FACE ( 'NONE', ( #210 ), #235, .F. ) ;
#4829 = CARTESIAN_POINT ( 'NONE',  ( -55.00000000000129319, -138.4041602925916834, -14.00000000000000000 ) ) ;
#4830 = DIRECTION ( 'NONE',  ( -0.000000000000000000, -1.000000000000000000, -0.000000000000000000 ) ) ;
#4831 = DIRECTION ( 'NONE',  ( 0.000000000000000000, 0.000000000000000000, 1.000000000000000000 ) ) ;
#4832 = DIRECTION ( 'NONE',  ( 8.673617379884035472E-17, 0.000000000000000000, 1.000000000000000000 ) ) ;
#4833 = CIRCLE ( 'NONE', #3964, 10.00000000000000178 ) ;
#4834 = AXIS2_PLACEMENT_3D ( 'NONE', #1381, #4213, #2970 ) ;
#4835 = ADVANCED_FACE ( 'NONE', ( #2700 ), #2289, .F. ) ;
#4836 = CARTESIAN_POINT ( 'NONE',  ( -35.11334581156931023, -113.4041602925917118, -4.000000000000000000 ) ) ;
#4837 = CARTESIAN_POINT ( 'NONE',  ( -7.795795067367058628, 0.000000000000000000, -4.965450851637321250 ) ) ;
#4838 = FACE_OUTER_BOUND ( 'NONE', #3190, .T. ) ;
#4839 = CIRCLE ( 'NONE', #5108, 10.00000000000000178 ) ;
#4840 = DIRECTION ( 'NONE',  ( 0.000000000000000000, 0.000000000000000000, -1.000000000000000000 ) ) ;
#4841 = ORIENTED_EDGE ( 'NONE', *, *, #816, .F. ) ;
#4842 = PRODUCT_DEFINITION_FORMATION_WITH_SPECIFIED_SOURCE ( 'ANY', '', #3050, .NOT_KNOWN. ) ;
#4843 = SHAPE_REPRESENTATION ( 'PlantCarriageTop', ( #1361 ), #4660 ) ;
#4844 = ORIENTED_EDGE ( 'NONE', *, *, #1996, .F. ) ;
#4845 = CARTESIAN_POINT ( 'NONE',  ( 8.604204932632942615, 0.000000000000000000, -7.400450851637304872 ) ) ;
#4846 = ORIENTED_EDGE ( 'NONE', *, *, #2875, .T. ) ;
#4847 = VERTEX_POINT ( 'NONE', #4856 ) ;
#4848 = DIRECTION ( 'NONE',  ( -1.000000000000000000, 0.000000000000000000, 0.000000000000000000 ) ) ;
#4849 = DIRECTION ( 'NONE',  ( 0.000000000000000000, 0.000000000000000000, -1.000000000000000000 ) ) ;
#4850 = ORIENTED_EDGE ( 'NONE', *, *, #3502, .F. ) ;
#4851 = VERTEX_POINT ( 'NONE', #2368 ) ;
#4852 = CARTESIAN_POINT ( 'NONE',  ( -65.00000000000129319, -48.40416029259169051, -14.00000000000000000 ) ) ;
#4853 = VERTEX_POINT ( 'NONE', #3525 ) ;
#4854 = CARTESIAN_POINT ( 'NONE',  ( -1.103293939535485491, 0.000000000000000000, -1.143609452747016419 ) ) ;
#4855 = CARTESIAN_POINT ( 'NONE',  ( -35.11334581156931023, -73.40416029259171182, -4.000000000000000000 ) ) ;
#4856 = CARTESIAN_POINT ( 'NONE',  ( 5.113345811568039245, -73.40416029259174024, 0.000000000000000000 ) ) ;
#4857 = CLOSED_SHELL ( 'NONE', ( #2000, #1763, #4664, #5092, #1143, #1506, #2046, #3802, #379, #2902, #3366, #722, #252, #1447, #2288, #4255, #1651, #2412, #2519, #1800, #511, #5268, #1164, #4727, #4642, #1466, #3973, #5368, #5288, #1769, #778, #3179, #14, #3141, #3567, #2346, #3539, #2075, #3406, #4310, #2319, #3991, #1404, #2429, #4898, #1659, #3529, #278, #548, #3461, #5005, #3798 ) ) ;
#4858 = DIRECTION ( 'NONE',  ( -1.000000000000000000, 0.000000000000000000, 0.000000000000000000 ) ) ;
#4859 = EDGE_CURVE ( 'NONE', #1629, #4034, #3935, .T. ) ;
#4860 = DIRECTION ( 'NONE',  ( -1.000000000000000000, 0.000000000000000000, 0.000000000000000000 ) ) ;
#4861 = STYLED_ITEM ( 'NONE', ( #4503 ), #547 ) ;
#4862 = LINE ( 'NONE', #2062, #1252 ) ;
#4863 = CARTESIAN_POINT ( 'NONE',  ( -5.087621801062966576, 600.0000000000000000, 6.299549148362684647 ) ) ;
#4864 =( GEOMETRIC_REPRESENTATION_CONTEXT ( 3 ) GLOBAL_UNCERTAINTY_ASSIGNED_CONTEXT ( ( #1614 ) ) GLOBAL_UNIT_ASSIGNED_CONTEXT ( ( #883, #1203, #3680 ) ) REPRESENTATION_CONTEXT ( 'NONE', 'WORKASPACE' ) );
#4865 = EDGE_CURVE ( 'NONE', #3161, #2190, #3013, .T. ) ;
#4866 = VERTEX_POINT ( 'NONE', #650 ) ;
#4867 = ORIENTED_EDGE ( 'NONE', *, *, #2004, .T. ) ;
#4868 = AXIS2_PLACEMENT_3D ( 'NONE', #3464, #5131, #1391 ) ;
#4869 = EDGE_CURVE ( 'NONE', #2333, #3298, #3185, .T. ) ;
#4870 = LINE ( 'NONE', #765, #1476 ) ;
#4871 = ORIENTED_EDGE ( 'NONE', *, *, #4806, .F. ) ;
#4872 = AXIS2_PLACEMENT_3D ( 'NONE', #4618, #4150, #427 ) ;
#4873 = ORIENTED_EDGE ( 'NONE', *, *, #4103, .T. ) ;
#4874 = VECTOR ( 'NONE', #27, 1000.000000000000000 ) ;
#4875 = DIRECTION ( 'NONE',  ( 0.000000000000000000, 1.000000000000000000, 0.000000000000000000 ) ) ;
#4876 = ORIENTED_EDGE ( 'NONE', *, *, #4067, .T. ) ;
#4877 = ORIENTED_EDGE ( 'NONE', *, *, #1338, .F. ) ;
#4878 = FILL_AREA_STYLE_COLOUR ( '', #780 ) ;
#4879 = ORIENTED_EDGE ( 'NONE', *, *, #3213, .F. ) ;
#4880 = DIRECTION ( 'NONE',  ( -2.501839987839680395E-15, 0.000000000000000000, -1.000000000000000000 ) ) ;
#4881 = FACE_OUTER_BOUND ( 'NONE', #2541, .T. ) ;
#4882 = FACE_OUTER_BOUND ( 'NONE', #1422, .T. ) ;
#4883 = DIRECTION ( 'NONE',  ( 0.000000000000000000, -1.000000000000000000, 0.000000000000000000 ) ) ;
#4884 = CARTESIAN_POINT ( 'NONE',  ( -6.500000000001271871, -115.4776138657193201, 6.000000000000000000 ) ) ;
#4885 = LINE ( 'NONE', #2399, #4904 ) ;
#4886 = CIRCLE ( 'NONE', #2655, 6.250000000000000000 ) ;
#4887 = CARTESIAN_POINT ( 'NONE',  ( -5.500000000000000000, 0.000000000000000000, 0.000000000000000000 ) ) ;
#4888 = DIRECTION ( 'NONE',  ( -0.6955157936494219539, 0.000000000000000000, 0.7185108077017454686 ) ) ;
#4889 = ORIENTED_EDGE ( 'NONE', *, *, #2592, .T. ) ;
#4890 = VERTEX_POINT ( 'NONE', #3150 ) ;
#4891 = ORIENTED_EDGE ( 'NONE', *, *, #1536, .F. ) ;
#4892 = CARTESIAN_POINT ( 'NONE',  ( -5.299999999999999822, 3.061616997868383141E-16, 2.500000000000000000 ) ) ;
#4893 = ADVANCED_FACE ( 'NONE', ( #2727 ), #2312, .F. ) ;
#4894 = VECTOR ( 'NONE', #2726, 1000.000000000000000 ) ;
#4895 = CARTESIAN_POINT ( 'NONE',  ( 10.11334581156675405, -113.4041602925917118, -4.000000000000000000 ) ) ;
#4896 = DIRECTION ( 'NONE',  ( -0.000000000000000000, -1.000000000000000000, -0.000000000000000000 ) ) ;
#4897 = ORIENTED_EDGE ( 'NONE', *, *, #4105, .F. ) ;
#4898 = ADVANCED_FACE ( 'NONE', ( #265 ), #1920, .F. ) ;
#4899 = VERTEX_POINT ( 'NONE', #1504 ) ;
#4900 = CIRCLE ( 'NONE', #3252, 2.100000000000000089 ) ;
#4901 = FACE_OUTER_BOUND ( 'NONE', #2079, .T. ) ;
#4902 = EDGE_CURVE ( 'NONE', #3028, #3379, #3173, .T. ) ;
#4903 = EDGE_CURVE ( 'NONE', #4899, #2608, #5269, .T. ) ;
#4904 = VECTOR ( 'NONE', #3283, 999.9999999999998863 ) ;
#4905 = CARTESIAN_POINT ( 'NONE',  ( 9.404204932632941549, 600.0000000000000000, -11.90045085163731642 ) ) ;
#4906 = ORIENTED_EDGE ( 'NONE', *, *, #2555, .F. ) ;
#4907 = ORIENTED_EDGE ( 'NONE', *, *, #3932, .F. ) ;
#4908 = ORIENTED_EDGE ( 'NONE', *, *, #820, .F. ) ;
#4909 = DIRECTION ( 'NONE',  ( 1.000000000000000000, 0.000000000000000000, 0.000000000000000000 ) ) ;
#4910 = CARTESIAN_POINT ( 'NONE',  ( -70.00000000000129319, -143.4041602925917118, 6.000000000000000000 ) ) ;
#4911 = DIRECTION ( 'NONE',  ( 0.000000000000000000, 0.000000000000000000, 1.000000000000000000 ) ) ;
#4912 = LINE ( 'NONE', #905, #4874 ) ;
#4913 = CIRCLE ( 'NONE', #1600, 2.700000000000000178 ) ;
#4914 = DIRECTION ( 'NONE',  ( 0.000000000000000000, 0.000000000000000000, 1.000000000000000000 ) ) ;
#4915 = DIRECTION ( 'NONE',  ( -0.000000000000000000, -0.000000000000000000, -1.000000000000000000 ) ) ;
#4916 = EDGE_CURVE ( 'NONE', #5282, #73, #4457, .T. ) ;
#4917 = DIRECTION ( 'NONE',  ( 1.000000000000000000, 0.000000000000000000, 0.000000000000000000 ) ) ;
#4918 = VECTOR ( 'NONE', #420, 1000.000000000000000 ) ;
#4919 = ORIENTED_EDGE ( 'NONE', *, *, #3267, .T. ) ;
#4920 = ORIENTED_EDGE ( 'NONE', *, *, #185, .T. ) ;
#4921 = ORIENTED_EDGE ( 'NONE', *, *, #2594, .F. ) ;
#4922 = AXIS2_PLACEMENT_3D ( 'NONE', #487, #1378, #980 ) ;
#4923 = ORIENTED_EDGE ( 'NONE', *, *, #4059, .T. ) ;
#4924 = AXIS2_PLACEMENT_3D ( 'NONE', #776, #630, #1126 ) ;
#4925 = AXIS2_PLACEMENT_3D ( 'NONE', #5160, #3108, #3132 ) ;
#4926 = CARTESIAN_POINT ( 'NONE',  ( 10.11334581156675405, -113.4041602925917118, 6.000000000000000000 ) ) ;
#4927 = CARTESIAN_POINT ( 'NONE',  ( 4.304204932632940128, 600.0000000000000000, 1.164549148362711950 ) ) ;
#4928 = ORIENTED_EDGE ( 'NONE', *, *, #3279, .T. ) ;
#4929 = DIRECTION ( 'NONE',  ( 0.000000000000000000, 1.000000000000000000, 0.000000000000000000 ) ) ;
#4930 = ORIENTED_EDGE ( 'NONE', *, *, #1502, .T. ) ;
#4931 = EDGE_CURVE ( 'NONE', #4279, #1784, #5295, .T. ) ;
#4932 = CARTESIAN_POINT ( 'NONE',  ( 39.99999999999869971, -33.40416029259172603, 6.000000000000000000 ) ) ;
#4933 = ORIENTED_EDGE ( 'NONE', *, *, #3412, .F. ) ;
#4934 = EDGE_CURVE ( 'NONE', #2736, #497, #4749, .T. ) ;
#4935 = ORIENTED_EDGE ( 'NONE', *, *, #5070, .T. ) ;
#4936 = DIRECTION ( 'NONE',  ( -0.000000000000000000, -0.000000000000000000, -1.000000000000000000 ) ) ;
#4937 = ORIENTED_EDGE ( 'NONE', *, *, #2756, .T. ) ;
#4938 = DIRECTION ( 'NONE',  ( 0.000000000000000000, 1.000000000000000000, -0.000000000000000000 ) ) ;
#4939 = DIRECTION ( 'NONE',  ( -0.000000000000000000, -0.000000000000000000, 1.000000000000000000 ) ) ;
#4940 = DIRECTION ( 'NONE',  ( -0.7071067811865470176, 8.659560562354939021E-17, -0.7071067811865480168 ) ) ;
#4941 =( LENGTH_UNIT ( ) NAMED_UNIT ( * ) SI_UNIT ( .MILLI., .METRE. ) );
#4942 = CARTESIAN_POINT ( 'NONE',  ( 17.91845896426769258, 3.306358525995637176, -26.06685170827070408 ) ) ;
#4943 = AXIS2_PLACEMENT_3D ( 'NONE', #3681, #4909, #2885 ) ;
#4944 = DIRECTION ( 'NONE',  ( 0.000000000000000000, 0.000000000000000000, 1.000000000000000000 ) ) ;
#4945 = VECTOR ( 'NONE', #320, 1000.000000000000000 ) ;
#4946 = CARTESIAN_POINT ( 'NONE',  ( -32.81334581156930597, -73.40416029259171182, 6.000000000000000000 ) ) ;
#4947 = CARTESIAN_POINT ( 'NONE',  ( 10.11334581156804369, -73.40416029259174024, -4.000000000000000000 ) ) ;
#4948 = CARTESIAN_POINT ( 'NONE',  ( 5.299999999999999822, 0.000000000000000000, -6.250000000000000000 ) ) ;
#4949 = VERTEX_POINT ( 'NONE', #1208 ) ;
#4950 = ORIENTED_EDGE ( 'NONE', *, *, #3172, .F. ) ;
#4951 = VECTOR ( 'NONE', #856, 1000.000000000000000 ) ;
#4952 = LINE ( 'NONE', #299, #5310 ) ;
#4953 = VERTEX_POINT ( 'NONE', #1660 ) ;
#4954 = DIRECTION ( 'NONE',  ( -1.000000000000000000, 0.000000000000000000, 0.000000000000000000 ) ) ;
#4955 = ORIENTED_EDGE ( 'NONE', *, *, #1007, .F. ) ;
#4956 = AXIS2_PLACEMENT_3D ( 'NONE', #3433, #1709, #936 ) ;
#4957 = EDGE_CURVE ( 'NONE', #4475, #4531, #840, .T. ) ;
#4958 = VECTOR ( 'NONE', #4595, 1000.000000000000114 ) ;
#4959 = CARTESIAN_POINT ( 'NONE',  ( 0.000000000000000000, 0.000000000000000000, 0.000000000000000000 ) ) ;
#4960 = ORIENTED_EDGE ( 'NONE', *, *, #2816, .T. ) ;
#4961 = EDGE_LOOP ( 'NONE', ( #3918, #2131, #826, #4192 ) ) ;
#4962 = DIRECTION ( 'NONE',  ( -0.7100591715976330986, 0.000000000000000000, 0.7041420118343195700 ) ) ;
#4963 = EDGE_CURVE ( 'NONE', #1125, #3721, #5271, .T. ) ;
#4964 = AXIS2_PLACEMENT_3D ( 'NONE', #2315, #730, #4019 ) ;
#4965 = CARTESIAN_POINT ( 'NONE',  ( 0.000000000000000000, 1.494069094959771056E-15, -12.20000000000000107 ) ) ;
#4966 = DIRECTION ( 'NONE',  ( 0.000000000000000000, 0.000000000000000000, 1.000000000000000000 ) ) ;
#4967 = EDGE_CURVE ( 'NONE', #388, #2741, #2858, .T. ) ;
#4968 = CARTESIAN_POINT ( 'NONE',  ( 2.774999999999999911, 1.494069094959771056E-15, -12.20000000000000107 ) ) ;
#4969 = LINE ( 'NONE', #1295, #1467 ) ;
#4970 = ADVANCED_FACE ( 'NONE', ( #3327 ), #2479, .F. ) ;
#4971 = DIRECTION ( 'NONE',  ( 0.000000000000000000, 0.000000000000000000, 1.000000000000000000 ) ) ;
#4972 = EDGE_CURVE ( 'NONE', #2434, #2635, #4220, .T. ) ;
#4973 = DIRECTION ( 'NONE',  ( 0.000000000000000000, 0.000000000000000000, -1.000000000000000000 ) ) ;
#4974 = VERTEX_POINT ( 'NONE', #5325 ) ;
#4975 = APPLICATION_CONTEXT ( 'automotive_design' ) ;
#4976 = VERTEX_POINT ( 'NONE', #4507 ) ;
#4977 = VERTEX_POINT ( 'NONE', #4910 ) ;
#4978 = DIRECTION ( 'NONE',  ( 1.000000000000000000, 0.000000000000000000, 0.000000000000000000 ) ) ;
#4979 = AXIS2_PLACEMENT_3D ( 'NONE', #655, #1869, #708 ) ;
#4980 = LINE ( 'NONE', #3840, #359 ) ;
#4981 = ORIENTED_EDGE ( 'NONE', *, *, #3717, .F. ) ;
#4982 = DIRECTION ( 'NONE',  ( -1.000000000000000000, 0.000000000000000000, 0.000000000000000000 ) ) ;
#4983 = ORIENTED_EDGE ( 'NONE', *, *, #2761, .T. ) ;
#4984 = CARTESIAN_POINT ( 'NONE',  ( -5.087621801062966576, 600.0000000000000000, 4.515054666323120358 ) ) ;
#4985 = ORIENTED_EDGE ( 'NONE', *, *, #1538, .F. ) ;
#4986 = ORIENTED_EDGE ( 'NONE', *, *, #2156, .F. ) ;
#4987 = LINE ( 'NONE', #5019, #4951 ) ;
#4988 = DIRECTION ( 'NONE',  ( 0.000000000000000000, 0.000000000000000000, -1.000000000000000000 ) ) ;
#4989 = LINE ( 'NONE', #33, #1624 ) ;
#4990 = DIRECTION ( 'NONE',  ( 0.000000000000000000, 0.000000000000000000, -1.000000000000000000 ) ) ;
#4991 = APPLICATION_PROTOCOL_DEFINITION ( 'draft international standard', 'automotive_design', 1998, #4768 ) ;
#4992 = EDGE_CURVE ( 'NONE', #2190, #4977, #3231, .T. ) ;
#4993 = UNCERTAINTY_MEASURE_WITH_UNIT (LENGTH_MEASURE( 1.000000000000000082E-05 ), #2016, 'distance_accuracy_value', 'NONE');
#4994 = CARTESIAN_POINT ( 'NONE',  ( -9.595795067367060227, 600.0000000000000000, -10.90045085163731464 ) ) ;
#4995 = ORIENTED_EDGE ( 'NONE', *, *, #3476, .F. ) ;
#4996 = EDGE_CURVE ( 'NONE', #823, #2080, #3761, .T. ) ;
#4997 = AXIS2_PLACEMENT_3D ( 'NONE', #4097, #4485, #3686 ) ;
#4998 = PLANE ( 'NONE',  #4821 ) ;
#4999 = PLANE ( 'NONE',  #3261 ) ;
#5000 = CIRCLE ( 'NONE', #36, 12.20000000000000107 ) ;
#5001 = EDGE_CURVE ( 'NONE', #1647, #258, #4833, .T. ) ;
#5002 = CARTESIAN_POINT ( 'NONE',  ( 5.000000000000000000, 0.000000000000000000, 0.000000000000000000 ) ) ;
#5003 = ORIENTED_EDGE ( 'NONE', *, *, #480, .T. ) ;
#5004 = ORIENTED_EDGE ( 'NONE', *, *, #1265, .T. ) ;
#5005 = ADVANCED_FACE ( 'NONE', ( #4882 ), #1180, .T. ) ;
#5006 = ORIENTED_EDGE ( 'NONE', *, *, #1926, .F. ) ;
#5007 = VECTOR ( 'NONE', #2623, 1000.000000000000000 ) ;
#5008 = LINE ( 'NONE', #1307, #98 ) ;
#5009 = VERTEX_POINT ( 'NONE', #4119 ) ;
#5010 = AXIS2_PLACEMENT_3D ( 'NONE', #5243, #4017, #289 ) ;
#5011 = COLOUR_RGB ( '',0.7921568627450980005, 0.8196078431372548767, 0.9333333333333333481 ) ;
#5012 = VERTEX_POINT ( 'NONE', #833 ) ;
#5013 = AXIS2_PLACEMENT_3D ( 'NONE', #1415, #4761, #2298 ) ;
#5014 = AXIS2_PLACEMENT_3D ( 'NONE', #4887, #3942, #3534 ) ;
#5015 = LINE ( 'NONE', #1739, #2548 ) ;
#5016 = CARTESIAN_POINT ( 'NONE',  ( 34.99999999999869971, -48.40416029259169051, -4.000000000000000000 ) ) ;
#5017 = ORIENTED_EDGE ( 'NONE', *, *, #3279, .F. ) ;
#5018 = ORIENTED_EDGE ( 'NONE', *, *, #2007, .T. ) ;
#5019 = CARTESIAN_POINT ( 'NONE',  ( 0.000000000000000000, 0.000000000000000000, -11.90045085163731642 ) ) ;
#5020 = DIRECTION ( 'NONE',  ( -1.000000000000000000, 0.000000000000000000, 0.000000000000000000 ) ) ;
#5021 = DIRECTION ( 'NONE',  ( 0.000000000000000000, 0.000000000000000000, 1.000000000000000000 ) ) ;
#5022 = AXIS2_PLACEMENT_3D ( 'NONE', #432, #4186, #1276 ) ;
#5023 = DIRECTION ( 'NONE',  ( -0.000000000000000000, -0.000000000000000000, -1.000000000000000000 ) ) ;
#5024 = DIRECTION ( 'NONE',  ( 0.000000000000000000, 0.000000000000000000, 1.000000000000000000 ) ) ;
#5025 = LINE ( 'NONE', #2117, #338 ) ;
#5026 = LINE ( 'NONE', #538, #912 ) ;
#5027 = DIRECTION ( 'NONE',  ( 1.000000000000000000, 0.000000000000000000, -8.673617379884035472E-17 ) ) ;
#5028 = EDGE_CURVE ( 'NONE', #2608, #2614, #2764, .T. ) ;
#5029 = VERTEX_POINT ( 'NONE', #369 ) ;
#5030 = CARTESIAN_POINT ( 'NONE',  ( 49.99999999999869971, -143.4041602925917118, 6.000000000000000000 ) ) ;
#5031 = ORIENTED_EDGE ( 'NONE', *, *, #1873, .F. ) ;
#5032 = AXIS2_PLACEMENT_3D ( 'NONE', #2477, #4118, #395 ) ;
#5033 = ORIENTED_EDGE ( 'NONE', *, *, #3012, .T. ) ;
#5034 = CARTESIAN_POINT ( 'NONE',  ( -0.3789929703653585058, 600.0000000000000000, -0.3656323811649612177 ) ) ;
#5035 = CARTESIAN_POINT ( 'NONE',  ( 4.304204932632917924, 0.000000000000000000, -4.965450851637291940 ) ) ;
#5036 = EDGE_CURVE ( 'NONE', #4471, #147, #2934, .T. ) ;
#5037 = CIRCLE ( 'NONE', #2702, 4.250000000000000000 ) ;
#5038 = LINE ( 'NONE', #1675, #2800 ) ;
#5039 = ORIENTED_EDGE ( 'NONE', *, *, #4510, .T. ) ;
#5040 = PLANE ( 'NONE',  #1694 ) ;
#5041 = ORIENTED_EDGE ( 'NONE', *, *, #5153, .F. ) ;
#5042 = AXIS2_PLACEMENT_3D ( 'NONE', #4668, #2674, #1859 ) ;
#5043 = EDGE_CURVE ( 'NONE', #2975, #5255, #581, .T. ) ;
#5044 = CARTESIAN_POINT ( 'NONE',  ( -4.445795067367058984, 600.0000000000000000, -11.90045085163731642 ) ) ;
#5045 = DIRECTION ( 'NONE',  ( 0.000000000000000000, 0.000000000000000000, 1.000000000000000000 ) ) ;
#5046 = EDGE_LOOP ( 'NONE', ( #3211, #3679 ) ) ;
#5047 = VECTOR ( 'NONE', #2017, 1000.000000000000000 ) ;
#5048 = EDGE_LOOP ( 'NONE', ( #4933, #2776 ) ) ;
#5049 = AXIS2_PLACEMENT_3D ( 'NONE', #5161, #3160, #3081 ) ;
#5050 = CARTESIAN_POINT ( 'NONE',  ( -70.00000000000129319, -143.4041602925917118, -14.00000000000000000 ) ) ;
#5051 = FACE_OUTER_BOUND ( 'NONE', #93, .T. ) ;
#5052 =( NAMED_UNIT ( * ) PLANE_ANGLE_UNIT ( ) SI_UNIT ( $, .RADIAN. ) );
#5053 = DIRECTION ( 'NONE',  ( 0.000000000000000000, 0.000000000000000000, 1.000000000000000000 ) ) ;
#5054 = CIRCLE ( 'NONE', #2717, 2.700000000000001066 ) ;
#5055 = DIRECTION ( 'NONE',  ( -1.000000000000000000, 0.000000000000000000, -5.659782955878652504E-16 ) ) ;
#5056 = CARTESIAN_POINT ( 'NONE',  ( 26.99999999999872813, -115.4041602925916123, 6.000000000000000000 ) ) ;
#5057 = CARTESIAN_POINT ( 'NONE',  ( 0.000000000000000000, 5.000000000000000000, -3.300000000000000266 ) ) ;
#5058 = VECTOR ( 'NONE', #4235, 1000.000000000000000 ) ;
#5059 = EDGE_LOOP ( 'NONE', ( #380, #1367, #4955, #4674 ) ) ;
#5060 = LINE ( 'NONE', #4646, #2684 ) ;
#5061 = VERTEX_POINT ( 'NONE', #5349 ) ;
#5062 = ORIENTED_EDGE ( 'NONE', *, *, #4865, .T. ) ;
#5063 = CARTESIAN_POINT ( 'NONE',  ( -32.00000000000128608, -56.40416029259167630, 0.000000000000000000 ) ) ;
#5064 = PLANE ( 'NONE',  #1238 ) ;
#5065 = ADVANCED_FACE ( 'NONE', ( #2425 ), #3526, .T. ) ;
#5066 = DIRECTION ( 'NONE',  ( 0.000000000000000000, 0.000000000000000000, -1.000000000000000000 ) ) ;
#5067 = ORIENTED_EDGE ( 'NONE', *, *, #2065, .T. ) ;
#5068 = EDGE_LOOP ( 'NONE', ( #1061, #5006, #3564, #958 ) ) ;
#5069 = VERTEX_POINT ( 'NONE', #4559 ) ;
#5070 = EDGE_CURVE ( 'NONE', #2736, #4, #3736, .T. ) ;
#5071 = ADVANCED_FACE ( 'NONE', ( #12 ), #4584, .T. ) ;
#5072 = DIRECTION ( 'NONE',  ( 1.000000000000000000, 0.000000000000000000, 0.000000000000000000 ) ) ;
#5073 = DIRECTION ( 'NONE',  ( 0.000000000000000000, -0.000000000000000000, 1.000000000000000000 ) ) ;
#5074 = ORIENTED_EDGE ( 'NONE', *, *, #5028, .T. ) ;
#5075 = VERTEX_POINT ( 'NONE', #1319 ) ;
#5076 = ADVANCED_FACE ( 'NONE', ( #5051 ), #97, .F. ) ;
#5077 = DIRECTION ( 'NONE',  ( 1.000000000000000000, -0.000000000000000000, 0.000000000000000000 ) ) ;
#5078 = CARTESIAN_POINT ( 'NONE',  ( 49.99999999999869971, -33.40416029259169051, -14.00000000000000000 ) ) ;
#5079 = EDGE_CURVE ( 'NONE', #497, #2309, #2558, .T. ) ;
#5080 = DIRECTION ( 'NONE',  ( -1.000000000000000000, 0.000000000000000000, 0.000000000000000000 ) ) ;
#5081 = SHAPE_DEFINITION_REPRESENTATION ( #1388, #4843 ) ;
#5082 = FACE_BOUND ( 'NONE', #4659, .T. ) ;
#5083 = APPLICATION_CONTEXT ( 'automotive_design' ) ;
#5084 = PLANE ( 'NONE',  #1165 ) ;
#5085 = CARTESIAN_POINT ( 'NONE',  ( -27.41334581156929673, -113.4041602925917118, 6.000000000000000000 ) ) ;
#5086 = CARTESIAN_POINT ( 'NONE',  ( 10.11334581156675405, -113.4041602925917118, 0.000000000000000000 ) ) ;
#5087 = EDGE_LOOP ( 'NONE', ( #3260, #110, #2383, #3926 ) ) ;
#5088 = CARTESIAN_POINT ( 'NONE',  ( -5.500000000000000000, 0.000000000000000000, 2.700000000000000178 ) ) ;
#5089 = VERTEX_POINT ( 'NONE', #3441 ) ;
#5090 = VECTOR ( 'NONE', #5336, 1000.000000000000000 ) ;
#5091 = DIRECTION ( 'NONE',  ( 0.000000000000000000, 1.000000000000000000, 0.000000000000000000 ) ) ;
#5092 = ADVANCED_FACE ( 'NONE', ( #4691 ), #4609, .F. ) ;
#5093 = DIRECTION ( 'NONE',  ( 1.000000000000000000, 0.000000000000000000, 0.000000000000000000 ) ) ;
#5094 = CARTESIAN_POINT ( 'NONE',  ( -1.798511560886810279E-14, 600.0000000000000000, -7.400450851637284444 ) ) ;
#5095 = DIRECTION ( 'NONE',  ( -1.000000000000000000, 0.000000000000000000, 3.574057125485275739E-15 ) ) ;
#5096 = EDGE_LOOP ( 'NONE', ( #5158, #3264, #4551, #1363 ) ) ;
#5097 = ORIENTED_EDGE ( 'NONE', *, *, #4797, .T. ) ;
#5098 = AXIS2_PLACEMENT_3D ( 'NONE', #3284, #5355, #1588 ) ;
#5099 = VERTEX_POINT ( 'NONE', #1746 ) ;
#5100 = VECTOR ( 'NONE', #3200, 1000.000000000000000 ) ;
#5101 = CARTESIAN_POINT ( 'NONE',  ( 9.404204932632943326, 600.0000000000000000, 7.099549148362684470 ) ) ;
#5102 = EDGE_CURVE ( 'NONE', #4, #2309, #4202, .T. ) ;
#5103 = CARTESIAN_POINT ( 'NONE',  ( -27.41334581156930383, -73.40416029259171182, 6.000000000000000000 ) ) ;
#5104 = ORIENTED_EDGE ( 'NONE', *, *, #1966, .F. ) ;
#5105 = EDGE_LOOP ( 'NONE', ( #1711, #2301, #3272, #685 ) ) ;
#5106 =( GEOMETRIC_REPRESENTATION_CONTEXT ( 3 ) GLOBAL_UNCERTAINTY_ASSIGNED_CONTEXT ( ( #477 ) ) GLOBAL_UNIT_ASSIGNED_CONTEXT ( ( #3281, #5052, #3306 ) ) REPRESENTATION_CONTEXT ( 'NONE', 'WORKASPACE' ) );
#5107 = DIRECTION ( 'NONE',  ( -0.000000000000000000, -0.000000000000000000, -1.000000000000000000 ) ) ;
#5108 = AXIS2_PLACEMENT_3D ( 'NONE', #293, #3612, #5274 ) ;
#5109 = EDGE_CURVE ( 'NONE', #2337, #559, #3382, .T. ) ;
#5110 = CARTESIAN_POINT ( 'NONE',  ( -9.595795067367058451, 0.000000000000000000, 8.323025487012041902E-16 ) ) ;
#5111 = DIRECTION ( 'NONE',  ( 1.000000000000000000, 0.000000000000000000, 0.000000000000000000 ) ) ;
#5112 = APPLICATION_PROTOCOL_DEFINITION ( 'draft international standard', 'automotive_design', 1998, #2095 ) ;
#5113 = ADVANCED_FACE ( 'NONE', ( #2987, #1774 ), #2169, .T. ) ;
#5114 = CARTESIAN_POINT ( 'NONE',  ( 5.299999999999999822, 3.061616997868383141E-16, 2.500000000000000000 ) ) ;
#5115 = ORIENTED_EDGE ( 'NONE', *, *, #4075, .F. ) ;
#5116 = CARTESIAN_POINT ( 'NONE',  ( -30.11334581156930312, -73.40416029259171182, 6.000000000000000000 ) ) ;
#5117 = CARTESIAN_POINT ( 'NONE',  ( -32.00000000000127898, -71.40416029259172603, 0.000000000000000000 ) ) ;
#5118 = EDGE_CURVE ( 'NONE', #2929, #1941, #3414, .T. ) ;
#5119 = EDGE_LOOP ( 'NONE', ( #1799, #868, #1596, #1288 ) ) ;
#5120 = CARTESIAN_POINT ( 'NONE',  ( -4.445795067367058984, 600.0000000000000000, -11.90045085163731642 ) ) ;
#5121 = CARTESIAN_POINT ( 'NONE',  ( 34.99999999999869971, -138.4041602925916834, -14.00000000000000000 ) ) ;
#5122 = DIRECTION ( 'NONE',  ( 0.6943076225630967491, 0.000000000000000000, -0.7196783484660216335 ) ) ;
#5123 = DIRECTION ( 'NONE',  ( 0.000000000000000000, 0.000000000000000000, 1.000000000000000000 ) ) ;
#5124 = CARTESIAN_POINT ( 'NONE',  ( -9.595795067367060227, 0.000000000000000000, -10.90045085163731464 ) ) ;
#5125 = CARTESIAN_POINT ( 'NONE',  ( -5.000000000000000000, 0.000000000000000000, 0.000000000000000000 ) ) ;
#5126 = ORIENTED_EDGE ( 'NONE', *, *, #4916, .F. ) ;
#5127 = EDGE_LOOP ( 'NONE', ( #456, #550, #4930, #4031 ) ) ;
#5128 = ORIENTED_EDGE ( 'NONE', *, *, #537, .T. ) ;
#5129 = VECTOR ( 'NONE', #3176, 1000.000000000000000 ) ;
#5130 = SURFACE_STYLE_USAGE ( .BOTH. , #1416 ) ;
#5131 = DIRECTION ( 'NONE',  ( 0.000000000000000000, 0.000000000000000000, -1.000000000000000000 ) ) ;
#5132 = ORIENTED_EDGE ( 'NONE', *, *, #2105, .F. ) ;
#5133 = EDGE_CURVE ( 'NONE', #1099, #671, #1802, .T. ) ;
#5134 = VERTEX_POINT ( 'NONE', #4638 ) ;
#5135 = STYLED_ITEM ( 'NONE', ( #2827 ), #507 ) ;
#5136 = DIRECTION ( 'NONE',  ( 0.000000000000000000, 0.000000000000000000, 1.000000000000000000 ) ) ;
#5137 = CIRCLE ( 'NONE', #3651, 15.00000000000000000 ) ;
#5138 = FACE_OUTER_BOUND ( 'NONE', #4306, .T. ) ;
#5139 = PRODUCT_DEFINITION_SHAPE ( 'NONE', 'NONE',  #5379 ) ;
#5140 = FACE_BOUND ( 'NONE', #4802, .T. ) ;
#5141 = EDGE_LOOP ( 'NONE', ( #2306, #1908, #4708, #1219 ) ) ;
#5142 = AXIS2_PLACEMENT_3D ( 'NONE', #2195, #5045, #4657 ) ;
#5143 = EDGE_CURVE ( 'NONE', #2869, #1941, #1292, .T. ) ;
#5144 = CARTESIAN_POINT ( 'NONE',  ( 15.11334581156804546, -73.40416029259174024, -4.000000000000000000 ) ) ;
#5145 = LINE ( 'NONE', #5085, #1872 ) ;
#5146 = LINE ( 'NONE', #919, #3059 ) ;
#5147 = CIRCLE ( 'NONE', #5225, 4.250000000000000000 ) ;
#5148 = AXIS2_PLACEMENT_3D ( 'NONE', #408, #2069, #4978 ) ;
#5149 = ADVANCED_FACE ( 'NONE', ( #3791, #972, #4257, #2958, #2646, #3010, #4282 ), #2616, .T. ) ;
#5150 = CARTESIAN_POINT ( 'NONE',  ( 12.81334581156804298, -73.40416029259174024, 0.000000000000000000 ) ) ;
#5151 = CARTESIAN_POINT ( 'NONE',  ( 8.604204932632942615, 600.0000000000000000, -4.965450851637322138 ) ) ;
#5152 = CARTESIAN_POINT ( 'NONE',  ( -5.500000000000000000, 7.898971854500428692E-16, -6.450000000000000178 ) ) ;
#5153 = EDGE_CURVE ( 'NONE', #4953, #1683, #1786, .T. ) ;
#5154 = VECTOR ( 'NONE', #2624, 1000.000000000000000 ) ;
#5155 = LINE ( 'NONE', #4756, #2475 ) ;
#5156 = EDGE_CURVE ( 'NONE', #3239, #1647, #3352, .T. ) ;
#5157 = DIRECTION ( 'NONE',  ( -0.000000000000000000, -0.000000000000000000, -1.000000000000000000 ) ) ;
#5158 = ORIENTED_EDGE ( 'NONE', *, *, #3372, .F. ) ;
#5159 = ORIENTED_EDGE ( 'NONE', *, *, #749, .F. ) ;
#5160 = CARTESIAN_POINT ( 'NONE',  ( -9.595795067367058451, 600.0000000000000000, 8.323025487012041902E-16 ) ) ;
#5161 = CARTESIAN_POINT ( 'NONE',  ( -5.000000000000000000, 0.000000000000000000, 0.000000000000000000 ) ) ;
#5162 = ORIENTED_EDGE ( 'NONE', *, *, #3908, .T. ) ;
#5163 = ORIENTED_EDGE ( 'NONE', *, *, #3267, .F. ) ;
#5164 =( NAMED_UNIT ( * ) SI_UNIT ( $, .STERADIAN. ) SOLID_ANGLE_UNIT ( ) );
#5165 = AXIS2_PLACEMENT_3D ( 'NONE', #5249, #1510, #3178 ) ;
#5166 = CARTESIAN_POINT ( 'NONE',  ( -5.500000000000000000, 0.000000000000000000, 2.700000000000000178 ) ) ;
#5167 = LINE ( 'NONE', #669, #4082 ) ;
#5168 = DIRECTION ( 'NONE',  ( 0.000000000000000000, 0.000000000000000000, 1.000000000000000000 ) ) ;
#5169 = FACE_OUTER_BOUND ( 'NONE', #4158, .T. ) ;
#5170 = DIRECTION ( 'NONE',  ( -0.000000000000000000, -1.000000000000000000, -0.000000000000000000 ) ) ;
#5171 = EDGE_CURVE ( 'NONE', #307, #1915, #228, .T. ) ;
#5172 = CARTESIAN_POINT ( 'NONE',  ( 5.500000000000000000, 0.000000000000000000, 7.799999999999999822 ) ) ;
#5173 = DIRECTION ( 'NONE',  ( 0.7100591715976330986, -0.000000000000000000, 0.7041420118343195700 ) ) ;
#5174 = DIRECTION ( 'NONE',  ( 1.000000000000000000, 0.000000000000000000, 0.000000000000000000 ) ) ;
#5175 = EDGE_CURVE ( 'NONE', #3419, #73, #758, .T. ) ;
#5176 = AXIS2_PLACEMENT_3D ( 'NONE', #917, #481, #2939 ) ;
#5177 = EDGE_CURVE ( 'NONE', #232, #772, #3749, .T. ) ;
#5178 = CARTESIAN_POINT ( 'NONE',  ( 0.000000000000000000, 0.000000000000000000, 0.000000000000000000 ) ) ;
#5179 = EDGE_LOOP ( 'NONE', ( #577, #2196, #711, #1793 ) ) ;
#5180 = PRODUCT_DEFINITION_SHAPE ( 'NONE', 'NONE',  #373 ) ;
#5181 = CARTESIAN_POINT ( 'NONE',  ( 0.7917581168980944994, 0.000000000000000000, -0.7664189169459756368 ) ) ;
#5182 = PLANE ( 'NONE',  #4549 ) ;
#5183 = DIRECTION ( 'NONE',  ( -0.7041420118343195700, 0.000000000000000000, 0.7100591715976330986 ) ) ;
#5184 = EDGE_LOOP ( 'NONE', ( #5159, #4921, #620, #3595 ) ) ;
#5185 = VERTEX_POINT ( 'NONE', #3318 ) ;
#5186 = VECTOR ( 'NONE', #2831, 1000.000000000000114 ) ;
#5187 = CARTESIAN_POINT ( 'NONE',  ( -65.00000000000129319, -148.4041602925916834, -14.00000000000000000 ) ) ;
#5188 = ITEM_DEFINED_TRANSFORMATION ( 'NONE', 'NONE', #672,  #1361 ) ;
#5189 = PLANE ( 'NONE',  #4166 ) ;
#5190 = ORIENTED_EDGE ( 'NONE', *, *, #398, .F. ) ;
#5191 = VECTOR ( 'NONE', #1324, 1000.000000000000000 ) ;
#5192 = VECTOR ( 'NONE', #2391, 1000.000000000000000 ) ;
#5193 = DIRECTION ( 'NONE',  ( -1.000000000000000000, 0.000000000000000000, 0.000000000000000000 ) ) ;
#5194 = ORIENTED_EDGE ( 'NONE', *, *, #2, .F. ) ;
#5195 = FACE_OUTER_BOUND ( 'NONE', #4134, .T. ) ;
#5196 = DIRECTION ( 'NONE',  ( -1.000000000000000000, 0.000000000000000000, 0.000000000000000000 ) ) ;
#5197 = LINE ( 'NONE', #1864, #5058 ) ;
#5198 = LINE ( 'NONE', #3886, #167 ) ;
#5199 = DIRECTION ( 'NONE',  ( -0.000000000000000000, -1.000000000000000000, -0.000000000000000000 ) ) ;
#5200 = LINE ( 'NONE', #1025, #1756 ) ;
#5201 = CARTESIAN_POINT ( 'NONE',  ( -1.107687832066692080, 600.0000000000000000, -1.072237708017153013 ) ) ;
#5202 = CARTESIAN_POINT ( 'NONE',  ( -55.00000000000129319, -38.40416029259168340, -14.00000000000000000 ) ) ;
#5203 = ORIENTED_EDGE ( 'NONE', *, *, #3071, .F. ) ;
#5204 = EDGE_CURVE ( 'NONE', #4890, #2411, #796, .T. ) ;
#5205 = DIRECTION ( 'NONE',  ( 0.000000000000000000, 0.000000000000000000, 1.000000000000000000 ) ) ;
#5206 = LINE ( 'NONE', #1033, #2193 ) ;
#5207 = CARTESIAN_POINT ( 'NONE',  ( 10.40420493263294155, 600.0000000000000000, 2.949549148362682338 ) ) ;
#5208 = ORIENTED_EDGE ( 'NONE', *, *, #2354, .T. ) ;
#5209 = EDGE_LOOP ( 'NONE', ( #1445, #2815, #975, #4379 ) ) ;
#5210 = CARTESIAN_POINT ( 'NONE',  ( -6.500000000001271871, -111.4776138657193201, 6.000000000000000000 ) ) ;
#5211 = DIRECTION ( 'NONE',  ( 0.000000000000000000, 0.000000000000000000, 1.000000000000000000 ) ) ;
#5212 = VERTEX_POINT ( 'NONE', #2043 ) ;
#5213 = CIRCLE ( 'NONE', #4519, 4.250000000000000000 ) ;
#5214 = ORIENTED_EDGE ( 'NONE', *, *, #2947, .F. ) ;
#5215 = VECTOR ( 'NONE', #4390, 1000.000000000000000 ) ;
#5216 = CARTESIAN_POINT ( 'NONE',  ( -30.11334581156930312, -73.40416029259171182, -4.000000000000000000 ) ) ;
#5217 = DIRECTION ( 'NONE',  ( 1.000000000000000000, 0.000000000000000000, 0.000000000000000000 ) ) ;
#5218 = CARTESIAN_POINT ( 'NONE',  ( 10.11334581156804369, -73.40416029259174024, 6.000000000000000000 ) ) ;
#5219 = AXIS2_PLACEMENT_3D ( 'NONE', #3542, #1471, #3134 ) ;
#5220 = CYLINDRICAL_SURFACE ( 'NONE', #3903, 10.00000000000000178 ) ;
#5221 = DIRECTION ( 'NONE',  ( 1.000000000000000000, 0.000000000000000000, 0.000000000000000000 ) ) ;
#5222 = CARTESIAN_POINT ( 'NONE',  ( 1.492998484843117923, 600.0000000000000000, -1.547554209282115067 ) ) ;
#5223 = EDGE_CURVE ( 'NONE', #4629, #823, #1008, .T. ) ;
#5224 = CARTESIAN_POINT ( 'NONE',  ( 0.000000000000000000, 5.000000000000000000, 0.000000000000000000 ) ) ;
#5225 = AXIS2_PLACEMENT_3D ( 'NONE', #5125, #3055, #2659 ) ;
#5226 = ORIENTED_EDGE ( 'NONE', *, *, #4916, .T. ) ;
#5227 = VECTOR ( 'NONE', #3120, 1000.000000000000000 ) ;
#5228 = ORIENTED_EDGE ( 'NONE', *, *, #1345, .T. ) ;
#5229 = CARTESIAN_POINT ( 'NONE',  ( -32.00000000000127898, -130.4041602925916550, 6.000000000000000000 ) ) ;
#5230 = CARTESIAN_POINT ( 'NONE',  ( -47.00000000000128608, -93.40416029259171182, 0.000000000000000000 ) ) ;
#5231 = ORIENTED_EDGE ( 'NONE', *, *, #3131, .F. ) ;
#5232 = ADVANCED_FACE ( 'NONE', ( #54 ), #5040, .T. ) ;
#5233 = ORIENTED_EDGE ( 'NONE', *, *, #4204, .F. ) ;
#5234 = DIRECTION ( 'NONE',  ( 0.7041420118343195700, 0.000000000000000000, 0.7100591715976330986 ) ) ;
#5235 = ADVANCED_FACE ( 'NONE', ( #2073 ), #3506, .F. ) ;
#5236 = DIRECTION ( 'NONE',  ( -0.000000000000000000, -0.000000000000000000, -1.000000000000000000 ) ) ;
#5237 = ORIENTED_EDGE ( 'NONE', *, *, #114, .T. ) ;
#5238 = EDGE_CURVE ( 'NONE', #2471, #4007, #1191, .T. ) ;
#5239 = ORIENTED_EDGE ( 'NONE', *, *, #2251, .T. ) ;
#5240 = ORIENTED_EDGE ( 'NONE', *, *, #5028, .F. ) ;
#5241 = ADVANCED_FACE ( 'NONE', ( #2867 ), #2096, .F. ) ;
#5242 = CYLINDRICAL_SURFACE ( 'NONE', #2028, 5.000000000000004441 ) ;
#5243 = CARTESIAN_POINT ( 'NONE',  ( 0.4042049326329404946, 600.0000000000000000, -1.900450851637315974 ) ) ;
#5244 = CARTESIAN_POINT ( 'NONE',  ( -12.19488684730109718, 3.078517047997658018, -99.47101200086261485 ) ) ;
#5245 = AXIS2_PLACEMENT_3D ( 'NONE', #3025, #4623, #2605 ) ;
#5246 = LINE ( 'NONE', #1507, #2639 ) ;
#5247 = CARTESIAN_POINT ( 'NONE',  ( -32.81334581156930597, -73.40416029259171182, 6.000000000000000000 ) ) ;
#5248 = DIRECTION ( 'NONE',  ( 0.000000000000000000, 0.000000000000000000, -1.000000000000000000 ) ) ;
#5249 = CARTESIAN_POINT ( 'NONE',  ( 10.11334581156675405, -113.4041602925917118, 0.000000000000000000 ) ) ;
#5250 = CARTESIAN_POINT ( 'NONE',  ( -65.00000000000129319, -48.40416029259169051, -4.000000000000000000 ) ) ;
#5251 = ORIENTED_EDGE ( 'NONE', *, *, #865, .F. ) ;
#5252 = ORIENTED_EDGE ( 'NONE', *, *, #3692, .F. ) ;
#5253 = PLANE ( 'NONE',  #1594 ) ;
#5254 = PLANE ( 'NONE',  #2453 ) ;
#5255 = VERTEX_POINT ( 'NONE', #2034 ) ;
#5256 = EDGE_LOOP ( 'NONE', ( #2865, #4556, #2107, #2601 ) ) ;
#5257 = AXIS2_PLACEMENT_3D ( 'NONE', #2462, #383, #2036 ) ;
#5258 = AXIS2_PLACEMENT_3D ( 'NONE', #1107, #3993, #5248 ) ;
#5259 = DIRECTION ( 'NONE',  ( 0.000000000000000000, 0.000000000000000000, -1.000000000000000000 ) ) ;
#5260 = ORIENTED_EDGE ( 'NONE', *, *, #1280, .F. ) ;
#5261 = ORIENTED_EDGE ( 'NONE', *, *, #2941, .F. ) ;
#5262 = PRODUCT_DEFINITION_CONTEXT ( 'detailed design', #2095, 'design' ) ;
#5263 = ORIENTED_EDGE ( 'NONE', *, *, #1456, .T. ) ;
#5264 = EDGE_CURVE ( 'NONE', #4384, #1099, #3691, .T. ) ;
#5265 = VECTOR ( 'NONE', #3907, 1000.000000000000000 ) ;
#5266 = CARTESIAN_POINT ( 'NONE',  ( -7.795795067367063957, 0.000000000000000000, -7.400450851637264904 ) ) ;
#5267 = LINE ( 'NONE', #1179, #947 ) ;
#5268 = ADVANCED_FACE ( 'NONE', ( #19 ), #2487, .T. ) ;
#5269 = LINE ( 'NONE', #1534, #5100 ) ;
#5270 = DIRECTION ( 'NONE',  ( 1.000000000000000000, 0.000000000000000000, 0.000000000000000000 ) ) ;
#5271 = CIRCLE ( 'NONE', #667, 15.00000000000000000 ) ;
#5272 = VECTOR ( 'NONE', #5020, 1000.000000000000000 ) ;
#5273 = CARTESIAN_POINT ( 'NONE',  ( 5.254204932632941194, 600.0000000000000000, 8.099549148362683582 ) ) ;
#5274 = DIRECTION ( 'NONE',  ( -1.000000000000000000, 0.000000000000000000, 0.000000000000000000 ) ) ;
#5275 = LINE ( 'NONE', #1215, #1773 ) ;
#5276 = VECTOR ( 'NONE', #3967, 1000.000000000000000 ) ;
#5277 = EDGE_CURVE ( 'NONE', #1360, #1200, #44, .T. ) ;
#5278 = DIRECTION ( 'NONE',  ( -1.000000000000000000, 0.000000000000000000, 0.000000000000000000 ) ) ;
#5279 = ORIENTED_EDGE ( 'NONE', *, *, #3599, .T. ) ;
#5280 = ORIENTED_EDGE ( 'NONE', *, *, #2789, .T. ) ;
#5281 = DIRECTION ( 'NONE',  ( 0.000000000000000000, -1.000000000000000000, 0.000000000000000000 ) ) ;
#5282 = VERTEX_POINT ( 'NONE', #4489 ) ;
#5283 = CARTESIAN_POINT ( 'NONE',  ( -5.087621801062966576, 0.000000000000000000, 6.299549148362684647 ) ) ;
#5284 = DIRECTION ( 'NONE',  ( 0.000000000000000000, 0.000000000000000000, -1.000000000000000000 ) ) ;
#5285 = ORIENTED_EDGE ( 'NONE', *, *, #4265, .T. ) ;
#5286 = ORIENTED_EDGE ( 'NONE', *, *, #4472, .F. ) ;
#5287 = CONTEXT_DEPENDENT_SHAPE_REPRESENTATION ( #1150, #1727 ) ;
#5288 = ADVANCED_FACE ( 'NONE', ( #3455 ), #4291, .F. ) ;
#5289 = LINE ( 'NONE', #3654, #433 ) ;
#5290 = ORIENTED_EDGE ( 'NONE', *, *, #1046, .F. ) ;
#5291 = VERTEX_POINT ( 'NONE', #5030 ) ;
#5292 = DIRECTION ( 'NONE',  ( 0.000000000000000000, -0.000000000000000000, -1.000000000000000000 ) ) ;
#5293 = PRODUCT_DEFINITION ( 'UNKNOWN', '', #3268, #803 ) ;
#5294 = PLANE ( 'NONE',  #5347 ) ;
#5295 = LINE ( 'NONE', #3632, #2143 ) ;
#5296 = VECTOR ( 'NONE', #2780, 1000.000000000000000 ) ;
#5297 = CARTESIAN_POINT ( 'NONE',  ( 11.99999999999872458, -56.40416029259169761, 0.000000000000000000 ) ) ;
#5298 = DIRECTION ( 'NONE',  ( -0.000000000000000000, -0.000000000000000000, -1.000000000000000000 ) ) ;
#5299 = EDGE_CURVE ( 'NONE', #1283, #5075, #3393, .T. ) ;
#5300 = AXIS2_PLACEMENT_3D ( 'NONE', #2390, #4453, #1152 ) ;
#5301 = LINE ( 'NONE', #760, #1082 ) ;
#5302 = DIRECTION ( 'NONE',  ( -0.000000000000000000, -1.000000000000000000, -0.000000000000000000 ) ) ;
#5303 = EDGE_CURVE ( 'NONE', #1761, #4080, #3479, .T. ) ;
#5304 = DIRECTION ( 'NONE',  ( -0.7185108077017454686, 0.000000000000000000, -0.6955157936494219539 ) ) ;
#5305 = VECTOR ( 'NONE', #305, 1000.000000000000000 ) ;
#5306 = VERTEX_POINT ( 'NONE', #1810 ) ;
#5307 = ORIENTED_EDGE ( 'NONE', *, *, #4760, .F. ) ;
#5308 = EDGE_CURVE ( 'NONE', #253, #772, #3047, .T. ) ;
#5309 = ORIENTED_EDGE ( 'NONE', *, *, #3192, .F. ) ;
#5310 = VECTOR ( 'NONE', #1519, 1000.000000000000000 ) ;
#5311 = ADVANCED_FACE ( 'NONE', ( #4675 ), #4490, .T. ) ;
#5312 = CARTESIAN_POINT ( 'NONE',  ( 10.40420493263294155, 0.000000000000000000, 7.099549148362684470 ) ) ;
#5313 = ORIENTED_EDGE ( 'NONE', *, *, #799, .F. ) ;
#5314 = AXIS2_PLACEMENT_3D ( 'NONE', #2864, #2811, #4464 ) ;
#5315 = ORIENTED_EDGE ( 'NONE', *, *, #4790, .F. ) ;
#5316 = AXIS2_PLACEMENT_3D ( 'NONE', #879, #2979, #2163 ) ;
#5317 = CARTESIAN_POINT ( 'NONE',  ( 26.99999999999872813, -71.40416029259166919, 6.000000000000000000 ) ) ;
#5318 = ORIENTED_EDGE ( 'NONE', *, *, #2011, .T. ) ;
#5319 = ORIENTED_EDGE ( 'NONE', *, *, #5171, .T. ) ;
#5320 = LINE ( 'NONE', #261, #2706 ) ;
#5321 = ORIENTED_EDGE ( 'NONE', *, *, #3435, .T. ) ;
#5322 = EDGE_CURVE ( 'NONE', #3672, #3428, #1724, .T. ) ;
#5323 = FACE_BOUND ( 'NONE', #908, .T. ) ;
#5324 = CARTESIAN_POINT ( 'NONE',  ( 0.000000000000000000, 5.204748896376250699E-16, 4.250000000000000000 ) ) ;
#5325 = CARTESIAN_POINT ( 'NONE',  ( -5.087621801062966576, 600.0000000000000000, -10.10045085163731748 ) ) ;
#5326 = CYLINDRICAL_SURFACE ( 'NONE', #445, 2.699999999999999289 ) ;
#5327 = LINE ( 'NONE', #1105, #5296 ) ;
#5328 = CARTESIAN_POINT ( 'NONE',  ( 10.40420493263294155, 0.000000000000000000, 7.099549148362684470 ) ) ;
#5329 = CIRCLE ( 'NONE', #3752, 8.000000000000000000 ) ;
#5330 = CARTESIAN_POINT ( 'NONE',  ( -9.595795067367058451, 600.0000000000000000, -6.750450851637320504 ) ) ;
#5331 = CARTESIAN_POINT ( 'NONE',  ( 0.000000000000000000, 0.000000000000000000, 0.000000000000000000 ) ) ;
#5332 = ORIENTED_EDGE ( 'NONE', *, *, #1700, .T. ) ;
#5333 = ORIENTED_EDGE ( 'NONE', *, *, #4600, .T. ) ;
#5334 = ADVANCED_FACE ( 'NONE', ( #895, #951 ), #2233, .F. ) ;
#5335 = EDGE_CURVE ( 'NONE', #1655, #612, #5060, .T. ) ;
#5336 = DIRECTION ( 'NONE',  ( 1.000000000000000000, 0.000000000000000000, 0.000000000000000000 ) ) ;
#5337 = CARTESIAN_POINT ( 'NONE',  ( 10.11334581156675405, -113.4041602925917118, 6.000000000000000000 ) ) ;
#5338 = EDGE_LOOP ( 'NONE', ( #1983, #52, #3956, #1957 ) ) ;
#5339 = CARTESIAN_POINT ( 'NONE',  ( 0.000000000000000000, 0.000000000000000000, 0.000000000000000000 ) ) ;
#5340 = EDGE_LOOP ( 'NONE', ( #5290, #1723, #4280, #1315 ) ) ;
#5341 = CARTESIAN_POINT ( 'NONE',  ( 0.000000000000000000, 0.000000000000000000, 8.000000000000000000 ) ) ;
#5342 = ORIENTED_EDGE ( 'NONE', *, *, #2668, .F. ) ;
#5343 = ORIENTED_EDGE ( 'NONE', *, *, #2886, .T. ) ;
#5344 = LINE ( 'NONE', #829, #4436 ) ;
#5345 = ORIENTED_EDGE ( 'NONE', *, *, #4345, .T. ) ;
#5346 = CARTESIAN_POINT ( 'NONE',  ( -7.795795067367044417, 0.000000000000000000, 1.950383183654221134E-14 ) ) ;
#5347 = AXIS2_PLACEMENT_3D ( 'NONE', #777, #4066, #1993 ) ;
#5348 = CARTESIAN_POINT ( 'NONE',  ( -1.382641216610194901, 600.0000000000000000, 1.394260050363224313 ) ) ;
#5349 = CARTESIAN_POINT ( 'NONE',  ( 5.254204932632941194, 600.0000000000000000, -11.90045085163731642 ) ) ;
#5350 = SHAPE_REPRESENTATION_RELATIONSHIP ( 'NONE' , 'NONE' ,  #4843, #2569 ) ;
#5351 = DIRECTION ( 'NONE',  ( 1.000000000000000000, 0.000000000000000000, 0.000000000000000000 ) ) ;
#5352 = AXIS2_PLACEMENT_3D ( 'NONE', #426, #2092, #4588 ) ;
#5353 = CARTESIAN_POINT ( 'NONE',  ( 12.81334581156804298, -73.40416029259174024, 6.000000000000000000 ) ) ;
#5354 = DIRECTION ( 'NONE',  ( 0.000000000000000000, 0.000000000000000000, 1.000000000000000000 ) ) ;
#5355 = DIRECTION ( 'NONE',  ( 1.000000000000000000, 0.000000000000000000, 0.000000000000000000 ) ) ;
#5356 = AXIS2_PLACEMENT_3D ( 'NONE', #677, #701, #1970 ) ;
#5357 = AXIS2_PLACEMENT_3D ( 'NONE', #2167, #3818, #94 ) ;
#5358 = ORIENTED_EDGE ( 'NONE', *, *, #1073, .F. ) ;
#5359 =( REPRESENTATION_RELATIONSHIP ('NONE','NONE', #3425, #4780 ) REPRESENTATION_RELATIONSHIP_WITH_TRANSFORMATION ( #3548 )SHAPE_REPRESENTATION_RELATIONSHIP( ) );
#5360 = AXIS2_PLACEMENT_3D ( 'NONE', #2935, #4639, #1262 ) ;
#5361 = VERTEX_POINT ( 'NONE', #5120 ) ;
#5362 = AXIS2_PLACEMENT_3D ( 'NONE', #3207, #2808, #4460 ) ;
#5363 = VECTOR ( 'NONE', #3566, 999.9999999999998863 ) ;
#5364 = LINE ( 'NONE', #2041, #1998 ) ;
#5365 = VERTEX_POINT ( 'NONE', #2626 ) ;
#5366 = VERTEX_POINT ( 'NONE', #130 ) ;
#5367 = EDGE_CURVE ( 'NONE', #4759, #2015, #1183, .T. ) ;
#5368 = ADVANCED_FACE ( 'NONE', ( #514 ), #2570, .T. ) ;
#5369 = CARTESIAN_POINT ( 'NONE',  ( -2.660795067367058842, 0.000000000000000000, 1.999549148362684825 ) ) ;
#5370 = ORIENTED_EDGE ( 'NONE', *, *, #1667, .F. ) ;
#5371 = ORIENTED_EDGE ( 'NONE', *, *, #148, .F. ) ;
#5372 = DIRECTION ( 'NONE',  ( 1.000000000000000000, 0.000000000000000000, 0.000000000000000000 ) ) ;
#5373 = ADVANCED_FACE ( 'NONE', ( #2180 ), #2206, .T. ) ;
#5374 = DIRECTION ( 'NONE',  ( -0.000000000000000000, -0.000000000000000000, 1.000000000000000000 ) ) ;
#5375 = DIRECTION ( 'NONE',  ( 0.000000000000000000, 0.000000000000000000, 1.000000000000000000 ) ) ;
#5376 = VECTOR ( 'NONE', #1417, 1000.000000000000000 ) ;
#5377 = NEXT_ASSEMBLY_USAGE_OCCURRENCE ( 'NAUO1', ' ', ' ', #1428, #3996, $ ) ;
#5378 = NEXT_ASSEMBLY_USAGE_OCCURRENCE ( 'NAUO2', ' ', ' ', #1428, #541, $ ) ;
#5379 = NEXT_ASSEMBLY_USAGE_OCCURRENCE ( 'NAUO3', ' ', ' ', #1428, #373, $ ) ;
#5380 = NEXT_ASSEMBLY_USAGE_OCCURRENCE ( 'NAUO4', ' ', ' ', #1428, #373, $ ) ;
#5381 = NEXT_ASSEMBLY_USAGE_OCCURRENCE ( 'NAUO5', ' ', ' ', #1428, #373, $ ) ;
#5382 = NEXT_ASSEMBLY_USAGE_OCCURRENCE ( 'NAUO6', ' ', ' ', #1428, #373, $ ) ;
#5383 = NEXT_ASSEMBLY_USAGE_OCCURRENCE ( 'NAUO7', ' ', ' ', #1428, #3129, $ ) ;
#5384 = NEXT_ASSEMBLY_USAGE_OCCURRENCE ( 'NAUO8', ' ', ' ', #1428, #3129, $ ) ;
#5385 = NEXT_ASSEMBLY_USAGE_OCCURRENCE ( 'NAUO9', ' ', ' ', #1428, #3129, $ ) ;
#5386 = NEXT_ASSEMBLY_USAGE_OCCURRENCE ( 'NAUO10', ' ', ' ', #1428, #3129, $ ) ;
#5387 = NEXT_ASSEMBLY_USAGE_OCCURRENCE ( 'NAUO11', ' ', ' ', #1428, #373, $ ) ;
#5388 = NEXT_ASSEMBLY_USAGE_OCCURRENCE ( 'NAUO12', ' ', ' ', #1428, #373, $ ) ;
#5389 = NEXT_ASSEMBLY_USAGE_OCCURRENCE ( 'NAUO13', ' ', ' ', #1428, #373, $ ) ;
#5390 = NEXT_ASSEMBLY_USAGE_OCCURRENCE ( 'NAUO14', ' ', ' ', #1428, #373, $ ) ;
#5391 = NEXT_ASSEMBLY_USAGE_OCCURRENCE ( 'NAUO15', ' ', ' ', #1428, #5293, $ ) ;
ENDSEC;
END-ISO-10303-21;
